// 由 tools/build_assets.py 自動產生（來源 web/demo-assets），請勿手改。
#pragma once
#include <cstdint>

constexpr int IMG_BG_ROOM_W = 320;
constexpr int IMG_BG_ROOM_H = 240;
constexpr int IMG_BG_ROOM_N = 1;

inline const uint16_t img_bg_room_0[76800] = {
    0xFF1D,0xFF1D,0xFF1D,0xFF1D,0xFF1D,0xFF1D,0xFF1D,0xFF1D,0xFF1D,0xFF1D,0xFF1D,0xFF1D,
    0xFF1D,0xFF1D,0xFF1D,0xFF1D,0xFF1D,0xFF1D,0xFF1D,0xFF1D,0xFF1D,0xFF1D,0xFF1D,0xFF1D,
    0xFF1D,0xFF1D,0xFF1D,0xFF1D,0xFF1D,0xFF1D,0xFF1D,0xFF1D,0xFF1D,0xFF1D,0xFF1D,0xFF1D,
    0xFF1D,0xFF1D,0xFF1D,0xFF1D,0xFF1D,0xFF1D,0xFF1D,0xFF1D,0xFF1D,0xFF1D,0xFF1D,0xFF1D,
    0xFF1D,0xFF1D,0xFF1D,0xFF1D,0xFF1D,0xFF1D,0xFF1D,0xFF1D,0xFF1D,0xFF1D,0xFF1D,0xFF1D,
    0xFF1D,0xFF1D,0xFF1D,0xFF1D,0xFF1D,0xFF1D,0xFF1D,0xFF1D,0xFF1D,0xFF1D,0xFF1D,0xFF1D,
    0xFF1D,0xFF1D,0xFF1D,0xFF1D,0xFF1D,0xFF1D,0xFF1D,0xFF1D,0xFF1D,0xFF1D,0xFF1D,0xFF1D,
    0xFF1D,0xFF1D,0xFF1D,0xFF1D,0xFF1D,0xFF1D,0xFF1D,0xFF1D,0xFF1D,0xFF1D,0xFF1D,0xFF1D,
    0xFF1D,0xFF1D,0xFF1D,0xFF1D,0xFF1D,0xFF1D,0xFF1D,0xFF1D,0xFF1D,0xFF1D,0xFF1D,0xFF1D,
    0xFF1D,0xFF1D,0xFF1D,0xFF1D,0xFF1D,0xFF1D,0xFF1D,0xFF1D,0xFF1D,0xFF1D,0xFF1D,0xFF1D,
    0xFF1D,0xFF1D,0xFF1D,0xFF1D,0xFF1D,0xFF1D,0xFF1D,0xFF1D,0xFF1D,0xFF1D,0xFF1D,0xFF1D,
    0xFF1D,0xFF1D,0xFF1D,0xFF1D,0xFF1D,0xFF1D,0xFF1D,0xFF1D,0xFF1D,0xFF1D,0xFF1D,0xFF1D,
    0xFF1D,0xFF1D,0xFF1D,0xFF1D,0xFF1D,0xFF1D,0xFF1D,0xFF1D,0xFF1D,0xFF1D,0xFF1D,0xFF1D,
    0xFF1D,0xFF1D,0xFF1D,0xFF1D,0xFF1D,0xFF1D,0xFF1D,0xFF1D,0xFF1D,0xFF1D,0xFF1D,0xFF1D,
    0xFF1D,0xFF1D,0xFF1D,0xFF1D,0xFF1D,0xFF1D,0xFF1D,0xFF1D,0xFF1D,0xFF1D,0xFF1D,0xFF1D,
    0xFF1D,0xFF1D,0xFF1D,0xFF1D,0xFF1D,0xFF1D,0xFF1D,0xFF1D,0xFF1D,0xFF1D,0xFF1D,0xFF1D,
    0xFF1D,0xFF1D,0xFF1D,0xFF1D,0xFF1D,0xFF1D,0xFF1D,0xFF1D,0xFF1D,0xFF1D,0xFF1D,0xFF1D,
    0xFF1D,0xFF1D,0xFF1D,0xFF1D,0xFF1D,0xFF1D,0xFF1D,0xFF1D,0xFF1D,0xFF1D,0xFF1D,0xFF1D,
    0xFF1D,0xFF1D,0xFF1D,0xFF1D,0xFF1D,0xFF1D,0xFF1D,0xFF1D,0xFF1D,0xFF1D,0xFF1D,0xFF1D,
    0xFF1D,0xFF1D,0xFF1D,0xFF1D,0xFF1D,0xFF1D,0xFF1D,0xFF1D,0xFF1D,0xFF1D,0xFF1D,0xFF1D,
    0xFF1D,0xFF1D,0xFF1D,0xFF1D,0xFF1D,0xFF1D,0xFF1D,0xFF1D,0xFF1D,0xFF1D,0xFF1D,0xFF1D,
    0xFF1D,0xFF1D,0xFF1D,0xFF1D,0xFF1D,0xFF1D,0xFF1D,0xFF1D,0xFF1D,0xFF1D,0xFF1D,0xFF1D,
    0xFF1D,0xFF1D,0xFF1D,0xFF1D,0xFF1D,0xFF1D,0xFF1D,0xFF1D,0xFF1D,0xFF1D,0xFF1D,0xFF1D,
    0xFF1D,0xFF1D,0xFF1D,0xFF1D,0xFF1D,0xFF1D,0xFF1D,0xFF1D,0xFF1D,0xFF1D,0xFF1D,0xFF1D,
    0xFF1D,0xFF1D,0xFF1D,0xFF1D,0xFF1D,0xFF1D,0xFF1D,0xFF1D,0xFF1D,0xFF1D,0xFF1D,0xFF1D,
    0xFF1D,0xFF1D,0xFF1D,0xFF1D,0xFF1D,0xFF1D,0xFF1D,0xFF1D,0xFF1D,0xFF1D,0xFF1D,0xFF1D,
    0xFF1D,0xFF1D,0xFF1D,0xFF1D,0xFF1D,0xFF1D,0xFF1D,0xFF1D,0xFF1D,0xFF1D,0xFF1D,0xFF1D,
    0xFF1D,0xFF1D,0xFF1D,0xFF1D,0xFF1D,0xFF1D,0xFF1D,0xFF1D,0xFF1D,0xFF1D,0xFF1D,0xFF1D,
    0xFF1D,0xFF1D,0xFF1D,0xFF1D,0xFF1D,0xFF1D,0xFF1D,0xFF1D,0xFF1D,0xFF1D,0xFF1D,0xFF1D,
    0xFF1D,0xFF1D,0xFF1D,0xFF1D,0xFF1D,0xFF1D,0xFF1D,0xFF1D,0xFF1D,0xFF1D,0xFF1D,0xFF1D,
    0xFF1D,0xFF1D,0xFF1D,0xFF1D,0xFF1D,0xFF1D,0xFF1D,0xFF1D,0xFF1D,0xFF1D,0xFF1D,0xFF1D,
    0xFF1D,0xFF1D,0xFF1D,0xFF1D,0xFF1D,0xFF1D,0xFF1D,0xFF1D,0xFF1D,0xFF1D,0xFF1D,0xFF1D,
    0xFF1D,0xFF1D,0xFF1D,0xFF1D,0xFF1D,0xFF1D,0xFF1D,0xFF1D,0xFF1D,0xFF1D,0xFF1D,0xFF1D,
    0xFF1D,0xFF1D,0xFF1D,0xFF1D,0xFF1D,0xFF1D,0xFF1D,0xFF1D,0xFF1D,0xFF1D,0xFF1D,0xFF1D,
    0xFF1D,0xFF1D,0xFF1D,0xFF1D,0xFF1D,0xFF1D,0xFF1D,0xFF1D,0xFF1D,0xFF1D,0xFF1D,0xFF1D,
    0xFF1D,0xFF1D,0xFF1D,0xFF1D,0xFF1D,0xFF1D,0xFF1D,0xFF1D,0xFF1D,0xFF1D,0xFF1D,0xFF1D,
    0xFF1D,0xFF1D,0xFF1D,0xFF1D,0xFF1D,0xFF1D,0xFF1D,0xFF1D,0xFF1D,0xFF1D,0xFF1D,0xFF1D,
    0xFF1D,0xFF1D,0xFF1D,0xFF1D,0xFF1D,0xFF1D,0xFF1D,0xFF1D,0xFF1D,0xFF1D,0xFF1D,0xFF1D,
    0xFF1D,0xFF1D,0xFF1D,0xFF1D,0xFF1D,0xFF1D,0xFF1D,0xFF1D,0xFF1D,0xFF1D,0xFF1D,0xFF1D,
    0xFF1D,0xFF1D,0xFF1D,0xFF1D,0xFF1D,0xFF1D,0xFF1D,0xFF1D,0xFF1D,0xFF1D,0xFF1D,0xFF1D,
    0xFF1D,0xFF1D,0xFF1D,0xFF1D,0xFF1D,0xFF1D,0xFF1D,0xFF1D,0xFF1D,0xFF1D,0xFF1D,0xFF1D,
    0xFF1D,0xFF1D,0xFF1D,0xFF1D,0xFF1D,0xFF1D,0xFF1D,0xFF1D,0xFF1D,0xFF1D,0xFF1D,0xFF1D,
    0xFF1D,0xFF1D,0xFF1D,0xFF1D,0xFF1D,0xFF1D,0xFF1D,0xFF1D,0xFF1D,0xFF1D,0xFF1D,0xFF1D,
    0xFF1D,0xFF1D,0xFF1D,0xFF1D,0xFF1D,0xFF1D,0xFF1D,0xFF1D,0xFF1D,0xFF1D,0xFF1D,0xFF1D,
    0xFF1D,0xFF1D,0xFF1D,0xFF1D,0xFF1D,0xFF1D,0xFF1D,0xFF1D,0xFF1D,0xFF1D,0xFF1D,0xFF1D,
    0xFF1D,0xFF1D,0xFF1D,0xFF1D,0xFF1D,0xFF1D,0xFF1D,0xFF1D,0xFF1D,0xFF1D,0xFF1D,0xFF1D,
    0xFF1D,0xFF1D,0xFF1D,0xFF1D,0xFF1D,0xFF1D,0xFF1D,0xFF1D,0xFF1D,0xFF1D,0xFF1D,0xFF1D,
    0xFF1D,0xFF1D,0xFF1D,0xFF1D,0xFF1D,0xFF1D,0xFF1D,0xFF1D,0xFF1D,0xFF1D,0xFF1D,0xFF1D,
    0xFF1D,0xFF1D,0xFF1D,0xFF1D,0xFF1D,0xFF1D,0xFF1D,0xFF1D,0xFF1D,0xFF1D,0xFF1D,0xFF1D,
    0xFF1D,0xFF1D,0xFF1D,0xFF1D,0xFF1D,0xFF1D,0xFF1D,0xFF1D,0xFF1D,0xFF1D,0xFF1D,0xFF1D,
    0xFF1D,0xFF1D,0xFF1D,0xFF1D,0xFF1D,0xFF1D,0xFF1D,0xFF1D,0xFF1D,0xFF1D,0xFF1D,0xFF1D,
    0xFF1D,0xFF1D,0xFF1D,0xFF1D,0xFF1D,0xFF1D,0xFF1D,0xFF1D,0xFF1D,0xFF1D,0xFF1D,0xFF1D,
    0xFF1D,0xFF1D,0xFF1D,0xFF1D,0xFF1D,0xFF1D,0xFF1D,0xFF1D,0xFF1D,0xFF1D,0xFF1D,0xFF1D,
    0xFF1D,0xFF1D,0xFF1D,0xFF1D,0xFF1D,0xFF1D,0xFF1D,0xFF1D,0xFF1D,0xFF1D,0xFF1D,0xFF1D,
    0xFF1D,0xFF1D,0xFF1D,0xFF1D,0xFF1D,0xFF1D,0xFF1D,0xFF1D,0xFF1D,0xFF1D,0xFF1D,0xFF1D,
    0xFF1D,0xFF1D,0xFF1D,0xFF1D,0xFF1D,0xFF1D,0xFF1D,0xFF1D,0xFF1D,0xFF1D,0xFF1D,0xFF1D,
    0xFF1D,0xFF1D,0xFF1D,0xFF1D,0xFF1D,0xFF1D,0xFF1D,0xFF1D,0xFF1D,0xFF1D,0xFF1D,0xFF1D,
    0xFF1D,0xFF1D,0xFF1D,0xFF1D,0xFF1D,0xFF1D,0xFF1D,0xFF1D,0xFF1D,0xFF1D,0xFF1D,0xFF1D,
    0xFF1D,0xFF1D,0xFF1D,0xFF1D,0xFF1D,0xFF1D,0xFF1D,0xFF1D,0xFF1D,0xFF1D,0xFF1D,0xFF1D,
    0xFF1D,0xFF1D,0xFF1D,0xFF1D,0xFF1D,0xFF1D,0xFF1D,0xFF1D,0xFF1D,0xFF1D,0xFF1D,0xFF1D,
    0xFF1D,0xFF1D,0xFF1D,0xFF1D,0xFF1D,0xFF1D,0xFF1D,0xFF1D,0xFF1D,0xFF1D,0xFF1D,0xFF1D,
    0xFF1D,0xFF1D,0xFF1D,0xFF1D,0xFF1D,0xFF1D,0xFF1D,0xFF1D,0xFF1D,0xFF1D,0xFF1D,0xFF1D,
    0xFF1D,0xFF1D,0xFF1D,0xFF1D,0xFF1D,0xFF1D,0xFF1D,0xFF1D,0xFF1D,0xFF1D,0xFF1D,0xFF1D,
    0xFF1D,0xFF1D,0xFF1D,0xFF1D,0xFF1D,0xFF1D,0xFF1D,0xFF1D,0xFF1D,0xFF1D,0xFF1D,0xFF1D,
    0xFF1D,0xFF1D,0xFF1D,0xFF1D,0xFF1D,0xFF1D,0xFF1D,0xFF1D,0xFF1D,0xFF1D,0xFF1D,0xFF1D,
    0xFF1D,0xFF1D,0xFF1D,0xFF1D,0xFF1D,0xFF1D,0xFF1D,0xFF1D,0xFF1D,0xFF1D,0xFF1D,0xFF1D,
    0xFF1D,0xFF1D,0xFF1D,0xFF1D,0xFF1D,0xFF1D,0xFF1D,0xFF1D,0xFF1D,0xFF1D,0xFF1D,0xFF1D,
    0xFF1D,0xFF1D,0xFF1D,0xFF1D,0xFF1D,0xFF1D,0xFF1D,0xFF1D,0xFF1D,0xFF1D,0xFF1D,0xFF1D,
    0xFF1D,0xFF1D,0xFF1D,0xFF1D,0xFF1D,0xFF1D,0xFF1D,0xFF1D,0xFF1D,0xFF1D,0xFF1D,0xFF1D,
    0xFF1D,0xFF1D,0xFF1D,0xFF1D,0xFF1D,0xFF1D,0xFF1D,0xFF1D,0xFF1D,0xFF1D,0xFF1D,0xFF1D,
    0xFF1D,0xFF1D,0xFF1D,0xFF1D,0xFF1D,0xFF1D,0xFF1D,0xFF1D,0xFF1D,0xFF1D,0xFF1D,0xFF1D,
    0xFF1D,0xFF1D,0xFF1D,0xFF1D,0xFF1D,0xFF1D,0xFF1D,0xFF1D,0xFF1D,0xFF1D,0xFF1D,0xFF1D,
    0xFF1D,0xFF1D,0xFF1D,0xFF1D,0xFF1D,0xFF1D,0xFF1D,0xFF1D,0xFF1D,0xFF1D,0xFF1D,0xFF1D,
    0xFF1D,0xFF1D,0xFF1D,0xFF1D,0xFF1D,0xFF1D,0xFF1D,0xFF1D,0xFF1D,0xFF1D,0xFF1D,0xFF1D,
    0xFF1D,0xFF1D,0xFF1D,0xFF1D,0xFF1D,0xFF1D,0xFF1D,0xFF1D,0xFF1D,0xFF1D,0xFF1D,0xFF1D,
    0xFF1D,0xFF1D,0xFF1D,0xFF1D,0xFF1D,0xFF1D,0xFF1D,0xFF1D,0xFF1D,0xFF1D,0xFF1D,0xFF1D,
    0xFF1D,0xFF1D,0xFF1D,0xFF1D,0xFF1D,0xFF1D,0xFF1D,0xFF1D,0xFF1D,0xFF1D,0xFF1D,0xFF1D,
    0xFF1D,0xFF1D,0xFF1D,0xFF1D,0xFF1D,0xFF1D,0xFF1D,0xFF1D,0xFF1D,0xFF1D,0xFF1D,0xFF1D,
    0xFF1D,0xFF1D,0xFF1D,0xFF1D,0xFF1D,0xFF1D,0xFF1D,0xFF1D,0xFF1D,0xFF1D,0xFF1D,0xFF1D,
    0xFF1D,0xFF1D,0xFF1D,0xFF1D,0xFF1D,0xFF1D,0xFF1D,0xFF1D,0xFF1D,0xFF1D,0xFF1D,0xFF1D,
    0xFF1D,0xFF1D,0xFF1D,0xFF1D,0xFF1D,0xFF1D,0xFF1D,0xFF1D,0xFF1D,0xFF1D,0xFF1D,0xFF1D,
    0xFF1D,0xFF1D,0xFF1D,0xFF1D,0xFF1D,0xFF1D,0xFF1D,0xFF1D,0xFF1D,0xFF1D,0xFF1D,0xFF1D,
    0xFF1D,0xFF1D,0xFF1D,0xFF1D,0xFF1D,0xFF1D,0xFF1D,0xFF1D,0xFF1D,0xFF1D,0xFF1D,0xFF1D,
    0xFF1D,0xFF1D,0xFF1D,0xFF1D,0xFF1D,0xFF1D,0xFF1D,0xFF1D,0xFF1D,0xFF1D,0xFF1D,0xFF1D,
    0xFF1D,0xFF1D,0xFF1D,0xFF1D,0xFF1D,0xFF1D,0xFF1D,0xFF1D,0xFF1D,0xFF1D,0xFF1D,0xFF1D,
    0xFF1D,0xFF1D,0xFF1D,0xFF1D,0xFF1D,0xFF1D,0xFF1D,0xFF1D,0xFF1D,0xFF1D,0xFF1D,0xFF1D,
    0xFF1D,0xFF1D,0xFF1D,0xFF1D,0xFF1D,0xFF1D,0xFF1D,0xFF1D,0xFF1D,0xFF1D,0xFF1D,0xFF1D,
    0xFF1D,0xFF1D,0xFF1D,0xFF1D,0xFF1D,0xFF1D,0xFF1D,0xFF1D,0xFF1D,0xFF1D,0xFF1D,0xFF1D,
    0xFF1D,0xFF1D,0xFF1D,0xFF1D,0xFF1D,0xFF1D,0xFF1D,0xFF1D,0xFF1D,0xFF1D,0xFF1D,0xFF1D,
    0xFF1D,0xFF1D,0xFF1D,0xFF1D,0xFF1D,0xFF1D,0xFF1D,0xFF1D,0xFF1D,0xFF1D,0xFF1D,0xFF1D,
    0xFF1D,0xFF1D,0xFF1D,0xFF1D,0xFF1D,0xFF1D,0xFF1D,0xFF1D,0xFF1D,0xFF1D,0xFF1D,0xFF1D,
    0xFF1D,0xFF1D,0xFF1D,0xFF1D,0xFF1D,0xFF1D,0xFF1D,0xFF1D,0xFF1D,0xFF1D,0xFF1D,0xFF1D,
    0xFF1D,0xFF1D,0xFF1D,0xFF1D,0xFF1D,0xFF1D,0xFF1D,0xFF1D,0xFF1D,0xFF1D,0xFF1D,0xFF1D,
    0xFF1D,0xFF1D,0xFF1D,0xFF1D,0xFF1D,0xFF1D,0xFF1D,0xFF1D,0xFF1D,0xFF1D,0xFF1D,0xFF1D,
    0xFF1D,0xFF1D,0xFF1D,0xFF1D,0xFF1D,0xFF1D,0xFF1D,0xFF1D,0xFF1D,0xFF1D,0xFF1D,0xFF1D,
    0xFF1D,0xFF1D,0xFF1D,0xFF1D,0xFF1D,0xFF1D,0xFF1D,0xFF1D,0xFF1D,0xFF1D,0xFF1D,0xFF1D,
    0xFF1D,0xFF1D,0xFF1D,0xFF1D,0xFF1D,0xFF1D,0xFF1D,0xFF1D,0xFF1D,0xFF1D,0xFF1D,0xFF1D,
    0xFF1D,0xFF1D,0xFF1D,0xFF1D,0xFF1D,0xFF1D,0xFF1D,0xFF1D,0xFF1D,0xFF1D,0xFF1D,0xFF1D,
    0xFF1D,0xFF1D,0xFF1D,0xFF1D,0xFF1D,0xFF1D,0xFF1D,0xFF1D,0xFF1D,0xFF1D,0xFF1D,0xFF1D,
    0xFF1D,0xFF1D,0xFF1D,0xFF1D,0xFF1D,0xFF1D,0xFF1D,0xFF1D,0xFF1D,0xFF1D,0xFF1D,0xFF1D,
    0xFF1D,0xFF1D,0xFF1D,0xFF1D,0xFF1D,0xFF1D,0xFF1D,0xFF1D,0xFF1D,0xFF1D,0xFF1D,0xFF1D,
    0xFF1D,0xFF1D,0xFF1D,0xFF1D,0xFF1D,0xFF1D,0xFF1D,0xFF1D,0xFF1D,0xFF1D,0xFF1D,0xFF1D,
    0xFF1D,0xFF1D,0xFF1D,0xFF1D,0xFF1D,0xFF1D,0xFF1D,0xFF1D,0xFF1D,0xFF1D,0xFF1D,0xFF1D,
    0xFF1D,0xFF1D,0xFF1D,0xFF1D,0xFF1D,0xFF1D,0xFF1D,0xFF1D,0xFF1D,0xFF1D,0xFF1D,0xFF1D,
    0xFF1D,0xFF1D,0xFF1D,0xFF1D,0xFF1D,0xFF1D,0xFF1D,0xFF1D,0xFF1D,0xFF1D,0xFF1D,0xFF1D,
    0xFF1D,0xFF1D,0xFF1D,0xFF1D,0xFF1D,0xFF1D,0xFF1D,0xFF1D,0xFF1D,0xFF1D,0xFF1D,0xFF1D,
    0xFF1D,0xFF1D,0xFF1D,0xFF1D,0xFF1D,0xFF1D,0xFF1D,0xFF1D,0xFF1D,0xFF1D,0xFF1D,0xFF1D,
    0xFF1D,0xFF1D,0xFF1D,0xFF1D,0xFF1D,0xFF1D,0xFF1D,0xFF1D,0xFF1D,0xFF1D,0xFF1D,0xFF1D,
    0xFF1D,0xFF1D,0xFF1D,0xFF1D,0xFF1D,0xFF1D,0xFF1D,0xFF1D,0xFF1D,0xFF1D,0xFF1D,0xFF1D,
    0xFF1D,0xFF1D,0xFF1D,0xFF1D,0xFF1D,0xFF1D,0xFF1D,0xFF1D,0xFF1D,0xFF1D,0xFF1D,0xFF1D,
    0xFF1D,0xFF1D,0xFF1D,0xFF1D,0xFF1D,0xFF1D,0xFF1D,0xFF1D,0xFF1D,0xFF1D,0xFF1D,0xFF1D,
    0xFF1D,0xFF1D,0xFF1D,0xFF1D,0xFF1D,0xFF1D,0xFF1D,0xFF1D,0xFF1D,0xFF1D,0xFF1D,0xFF1D,
    0xFF1D,0xFF1D,0xFF1D,0xFF1D,0xFF1D,0xFF1D,0xFF1D,0xFF1D,0xFF1D,0xFF1D,0xFF1D,0xFF1D,
    0xFF1D,0xFF1D,0xFF1D,0xFF1D,0xFF1D,0xFF1D,0xFF1D,0xFF1D,0xFF1D,0xFF1D,0xFF1D,0xFF1D,
    0xFF1D,0xFF1D,0xFF1D,0xFF1D,0xFF1D,0xFF1D,0xFF1D,0xFF1D,0xFF1D,0xFF1D,0xFF1D,0xFF1D,
    0xFF1D,0xFF1D,0xFF1D,0xFF1D,0xFF1D,0xFF1D,0xFF1D,0xFF1D,0xFF1D,0xFF1D,0xFF1D,0xFF1D,
    0xFF1D,0xFF1D,0xFF1D,0xFF1D,0xFF1D,0xFF1D,0xFF1D,0xFF1D,0xFF1D,0xFF1D,0xFF1D,0xFF1D,
    0xFF1D,0xFF1D,0xFF1D,0xFF1D,0xFF1D,0xFF1D,0xFF1D,0xFF1D,0xFF1D,0xFF1D,0xFF1D,0xFF1D,
    0xFF1D,0xFF1D,0xFF1D,0xFF1D,0xFF1D,0xFF1D,0xFF1D,0xFF1D,0xFF1D,0xFF1D,0xFF1D,0xFF1D,
    0xFF1D,0xFF1D,0xFF1D,0xFF1D,0xFF1D,0xFF1D,0xFF1D,0xFF1D,0xFF1D,0xFF1D,0xFF1D,0xFF1D,
    0xFF1D,0xFF1D,0xFF1D,0xFF1D,0xFF1D,0xFF1D,0xFF1D,0xFF1D,0xFF1D,0xFF1D,0xFF1D,0xFF1D,
    0xFF1D,0xFF1D,0xFF1D,0xFF1D,0xFF1D,0xFF1D,0xFF1D,0xFF1D,0xFF1D,0xFF1D,0xFF1D,0xFF1D,
    0xFF1D,0xFF1D,0xFF1D,0xFF1D,0xFF1D,0xFF1D,0xFF1D,0xFF1D,0xFF1D,0xFF1D,0xFF1D,0xFF1D,
    0xFF1D,0xFF1D,0xFF1D,0xFF1D,0xFF1D,0xFF1D,0xFF1D,0xFF1D,0xFF1D,0xFF1D,0xFF1D,0xFF1D,
    0xFF1D,0xFF1D,0xFF1D,0xFF1D,0xFF1D,0xFF1D,0xFF1D,0xFF1D,0xFF1D,0xFF1D,0xFF1D,0xFF1D,
    0xFF1D,0xFF1D,0xFF1D,0xFF1D,0xFF1D,0xFF1D,0xFF1D,0xFF1D,0xFF1D,0xFF1D,0xFF1D,0xFF1D,
    0xFF1D,0xFF1D,0xFF1D,0xFF1D,0xFF1D,0xFF1D,0xFF1D,0xFF1D,0xFF1D,0xFF1D,0xFF1D,0xFF1D,
    0xFF1D,0xFF1D,0xFF1D,0xFF1D,0xFF1D,0xFF1D,0xFF1D,0xFF1D,0xFF1D,0xFF1D,0xFF1D,0xFF1D,
    0xFF1D,0xFF1D,0xFF1D,0xFF1D,0xFF1D,0xFF1D,0xFF1D,0xFF1D,0xFF1D,0xFF1D,0xFF1D,0xFF1D,
    0xFF1D,0xFF1D,0xFF1D,0xFF1D,0xFF1D,0xFF1D,0xFF1D,0xFF1D,0xFF1D,0xFF1D,0xFF1D,0xFF1D,
    0xFF1D,0xFF1D,0xFF1D,0xFF1D,0xFF1D,0xFF1D,0xFF1D,0xFF1D,0xFF1D,0xFF1D,0xFF1D,0xFF1D,
    0xFF1D,0xFF1D,0xFF1D,0xFF1D,0xFF1D,0xFF1D,0xFF1D,0xFF1D,0xFF1D,0xFF1D,0xFF1D,0xFF1D,
    0xFF1D,0xFF1D,0xFF1D,0xFF1D,0xFF1D,0xFF1D,0xFF1D,0xFF1D,0xFF1D,0xFF1D,0xFF1D,0xFF1D,
    0xFF1D,0xFF1D,0xFF1D,0xFF1D,0xFF1D,0xFF1D,0xFF1D,0xFF1D,0xFF1D,0xFF1D,0xFF1D,0xFF1D,
    0xFF1D,0xFF1D,0xFF1D,0xFF1D,0xFF1D,0xFF1D,0xFF1D,0xFF1D,0xFF1D,0xFF1D,0xFF1D,0xFF1D,
    0xFF1D,0xFF1D,0xFF1D,0xFF1D,0xFF1D,0xFF1D,0xFF1D,0xFF1D,0xFF1D,0xFF1D,0xFF1D,0xFF1D,
    0xFF1D,0xFF1D,0xFF1D,0xFF1D,0xFF1D,0xFF1D,0xFF1D,0xFF1D,0xFF1D,0xFF1D,0xFF1D,0xFF1D,
    0xFF1D,0xFF1D,0xFF1D,0xFF1D,0xFF1D,0xFF1D,0xFF1D,0xFF1D,0xFF1D,0xFF1D,0xFF1D,0xFF1D,
    0xFF1D,0xFF1D,0xFF1D,0xFF1D,0xFF1D,0xFF1D,0xFF1D,0xFF1D,0xFF1D,0xFF1D,0xFF1D,0xFF1D,
    0xFF1D,0xFF1D,0xFF1D,0xFF1D,0xFF1D,0xFF1D,0xFF1D,0xFF1D,0xFF1D,0xFF1D,0xFF1D,0xFF1D,
    0xFF1D,0xFF1D,0xFF1D,0xFF1D,0xFF1D,0xFF1D,0xFF1D,0xFF1D,0xFF1D,0xFF1D,0xFF1D,0xFF1D,
    0xFF1D,0xFF1D,0xFF1D,0xFF1D,0xFF1D,0xFF1D,0xFF1D,0xFF1D,0xFF1D,0xFF1D,0xFF1D,0xFF1D,
    0xFF1D,0xFF1D,0xFF1D,0xFF1D,0xFF1D,0xFF1D,0xFF1D,0xFF1D,0xFF1D,0xFF1D,0xFF1D,0xFF1D,
    0xFF1D,0xFF1D,0xFF1D,0xFF1D,0xFF1D,0xFF1D,0xFF1D,0xFF1D,0xFF1D,0xFF1D,0xFF1D,0xFF1D,
    0xFF1D,0xFF1D,0xFF1D,0xFF1D,0xFF1D,0xFF1D,0xFF1D,0xFF1D,0xFF1D,0xFF1D,0xFF1D,0xFF1D,
    0xFF1D,0xFF1D,0xFF1D,0xFF1D,0xFF1D,0xFF1D,0xFF1D,0xFF1D,0xFF1D,0xFF1D,0xFF1D,0xFF1D,
    0xFF1D,0xFF1D,0xFF1D,0xFF1D,0xFF1D,0xFF1D,0xFF1D,0xFF1D,0xFF1D,0xFF1D,0xFF1D,0xFF1D,
    0xFF1D,0xFF1D,0xFF1D,0xFF1D,0xFF1D,0xFF1D,0xFF1D,0xFF1D,0xFF1D,0xFF1D,0xFF1D,0xFF1D,
    0xFF1D,0xFF1D,0xFF1D,0xFF1D,0xFF1D,0xFF1D,0xFF1D,0xFF1D,0xFF1D,0xFF1D,0xFF1D,0xFF1D,
    0xFF1D,0xFF1D,0xFF1D,0xFF1D,0xFF1D,0xFF1D,0xFF1D,0xFF1D,0xFF1D,0xFF1D,0xFF1D,0xFF1D,
    0xFF1D,0xFF1D,0xFF1D,0xFF1D,0xFF1D,0xFF1D,0xFF1D,0xFF1D,0xFF1D,0xFF1D,0xFF1D,0xFF1D,
    0xFF1D,0xFF1D,0xFF1D,0xFF1D,0xFF1D,0xFF1D,0xFF1D,0xFF1D,0xFF1D,0xFF1D,0xFF1D,0xFF1D,
    0xFF1D,0xFF1D,0xFF1D,0xFF1D,0xFF1D,0xFF1D,0xFF1D,0xFF1D,0xFF1D,0xFF1D,0xFF1D,0xFF1D,
    0xFF1D,0xFF1D,0xFF1D,0xFF1D,0xFF1D,0xFF1D,0xFF1D,0xFF1D,0xFF1D,0xFF1D,0xFF1D,0xFF1D,
    0xFF1D,0xFF1D,0xFF1D,0xFF1D,0xFF1D,0xFF1D,0xFF1D,0xFF1D,0xFF1D,0xFF1D,0xFF1D,0xFF1D,
    0xFF1D,0xFF1D,0xFF1D,0xFF1D,0xFF1D,0xFF1D,0xFF1D,0xFF1D,0xFF1D,0xFF1D,0xFF1D,0xFF1D,
    0xFF1D,0xFF1D,0xFF1D,0xFF1D,0xFF1D,0xFF1D,0xFF1D,0xFF1D,0xFF1D,0xFF1D,0xFF1D,0xFF1D,
    0xFF1D,0xFF1D,0xFF1D,0xFF1D,0xFF1D,0xFF1D,0xFF1D,0xFF1D,0xFF1D,0xFF1D,0xFF1D,0xFF1D,
    0xFF1D,0xFF1D,0xFF1D,0xFF1D,0xFF1D,0xFF1D,0xFF1D,0xFF1D,0xFF1D,0xFF1D,0xFF1D,0xFF1D,
    0xFF1D,0xFF1D,0xFF1D,0xFF1D,0xFF1D,0xFF1D,0xFF1D,0xFF1D,0xFF1D,0xFF1D,0xFF1D,0xFF1D,
    0xFF1D,0xFF1D,0xFF1D,0xFF1D,0xFF1D,0xFF1D,0xFF1D,0xFF1D,0xFF1D,0xFF1D,0xFF1D,0xFF1D,
    0xFF1D,0xFF1D,0xFF1D,0xFF1D,0xFF1D,0xFF1D,0xFF1D,0xFF1D,0xFF1D,0xFF1D,0xFF1D,0xFF1D,
    0xFF1D,0xFF1D,0xFF1D,0xFF1D,0xFF1D,0xFF1D,0xFF1D,0xFF1D,0xFF1D,0xFF1D,0xFF1D,0xFF1D,
    0xFF1D,0xFF1D,0xFF1D,0xFF1D,0xFF1D,0xFF1D,0xFF1D,0xFF1D,0xFF1D,0xFF1D,0xFF1D,0xFF1D,
    0xFF1D,0xFF1D,0xFF1D,0xFF1D,0xFF1D,0xFF1D,0xFF1D,0xFF1D,0xFF1D,0xFF1D,0xFF1D,0xFF1D,
    0xFF1D,0xFF1D,0xFF1D,0xFF1D,0xFF1D,0xFF1D,0xFF1D,0xFF1D,0xFF1D,0xFF1D,0xFF1D,0xFF1D,
    0xFF1D,0xFF1D,0xFF1D,0xFF1D,0xFF1D,0xFF1D,0xFF1D,0xFF1D,0xFF1D,0xFF1D,0xFF1D,0xFF1D,
    0xFF1D,0xFF1D,0xFF1D,0xFF1D,0xFF1D,0xFF1D,0xFF1D,0xFF1D,0xFF1D,0xFF1D,0xFF1D,0xFF1D,
    0xFF1D,0xFF1D,0xFF1D,0xFF1D,0xFF1D,0xFF1D,0xFF1D,0xFF1D,0xFF1D,0xFF1D,0xFF1D,0xFF1D,
    0xFF1D,0xFF1D,0xFF1D,0xFF1D,0xFF1D,0xFF1D,0xFF1D,0xFF1D,0xFF1D,0xFF1D,0xFF1D,0xFF1D,
    0xFF1D,0xFF1D,0xFF1D,0xFF1D,0xFF1D,0xFF1D,0xFF1D,0xFF1D,0xFF1D,0xFF1D,0xFF1D,0xFF1D,
    0xFF1D,0xFF1D,0xFF1D,0xFF1D,0xFF1D,0xFF1D,0xFF1D,0xFF1D,0xFF1D,0xFF1D,0xFF1D,0xFF1D,
    0xFF1D,0xFF1D,0xFF1D,0xFF1D,0xFF1D,0xFF1D,0xFF1D,0xFF1D,0xFF1D,0xFF1D,0xFF1D,0xFF1D,
    0xFF1D,0xFF1D,0xFF1D,0xFF1D,0xFF1D,0xFF1D,0xFF1D,0xFF1D,0xFF1D,0xFF1D,0xFF1D,0xFF1D,
    0xFF1D,0xFF1D,0xFF1D,0xFF1D,0xFF1D,0xFF1D,0xFF1D,0xFF1D,0xFF1D,0xFF1D,0xFF1D,0xFF1D,
    0xFF1D,0xFF1D,0xFF1D,0xFF1D,0xFF1D,0xFF1D,0xFF1D,0xFF1D,0xFF1D,0xFF1D,0xFF1D,0xFF1D,
    0xFF1D,0xFF1D,0xFF1D,0xFF1D,0xFF1D,0xFF1D,0xFF1D,0xFF1D,0xFF1D,0xFF1D,0xFF1D,0xFF1D,
    0xFF1D,0xFF1D,0xFF1D,0xFF1D,0xFF1D,0xFF1D,0xFF1D,0xFF1D,0xFF1D,0xFF1D,0xFF1D,0xFF1D,
    0xFF1D,0xFF1D,0xFF1D,0xFF1D,0xFF1D,0xFF1D,0xFF1D,0xFF1D,0xFF1D,0xFF1D,0xFF1D,0xFF1D,
    0xFF1D,0xFF1D,0xFF1D,0xFF1D,0xFF1D,0xFF1D,0xFF1D,0xFF1D,0xFF1D,0xFF1D,0xFF1D,0xFF1D,
    0xFF1D,0xFF1D,0xFF1D,0xFF1D,0xFF1D,0xFF1D,0xFF1D,0xFF1D,0xFF1D,0xFF1D,0xFF1D,0xFF1D,
    0xFF1D,0xFF1D,0xFF1D,0xFF1D,0xFF1D,0xFF1D,0xFF1D,0xFF1D,0xFF1D,0xFF1D,0xFF1D,0xFF1D,
    0xFF1D,0xFF1D,0xFF1D,0xFF1D,0xFF1D,0xFF1D,0xFF1D,0xFF1D,0xFF1D,0xFF1D,0xFF1D,0xFF1D,
    0xFF1D,0xFF1D,0xFF1D,0xFF1D,0xFF1D,0xFF1D,0xFF1D,0xFF1D,0xFF1D,0xFF1D,0xFF1D,0xFF1D,
    0xFF1D,0xFF1D,0xFF1D,0xFF1D,0xFF1D,0xFF1D,0xFF1D,0xFF1D,0xFF1D,0xFF1D,0xFF1D,0xFF1D,
    0xFF1D,0xFF1D,0xFF1D,0xFF1D,0xFF1D,0xFF1D,0xFF1D,0xFF1D,0xFF1D,0xFF1D,0xFF1D,0xFF1D,
    0xFF1D,0xFF1D,0xFF1D,0xFF1D,0xFF1D,0xFF1D,0xFF1D,0xFF1D,0xFF1D,0xFF1D,0xFF1D,0xFF1D,
    0xFF1D,0xFF1D,0xFF1D,0xFF1D,0xFF1D,0xFF1D,0xFF1D,0xFF1D,0xFF1D,0xFF1D,0xFF1D,0xFF1D,
    0xFF1D,0xFF1D,0xFF1D,0xFF1D,0xFF1D,0xFF1D,0xFF1D,0xFF1D,0xFF1D,0xFF1D,0xFF1D,0xFF1D,
    0xFF1D,0xFF1D,0xFF1D,0xFF1D,0xFF1D,0xFF1D,0xFF1D,0xFF1D,0xFF1D,0xFF1D,0xFF1D,0xFF1D,
    0xFF1D,0xFF1D,0xFF1D,0xFF1D,0xFF1D,0xFF1D,0xFF1D,0xFF1D,0xFF1D,0xFF1D,0xFF1D,0xFF1D,
    0xFF1D,0xFF1D,0xFF1D,0xFF1D,0xFF1D,0xFF1D,0xFF1D,0xFF1D,0xFF1D,0xFF1D,0xFF1D,0xFF1D,
    0xFF1D,0xFF1D,0xFF1D,0xFF1D,0xFF1D,0xFF1D,0xFF1D,0xFF1D,0xFF1D,0xFF1D,0xFF1D,0xFF1D,
    0xFF1D,0xFF1D,0xFF1D,0xFF1D,0xFF1D,0xFF1D,0xFF1D,0xFF1D,0xFF1D,0xFF1D,0xFF1D,0xFF1D,
    0xFF1D,0xFF1D,0xFF1D,0xFF1D,0xFF1D,0xFF1D,0xFF1D,0xFF1D,0xFF1D,0xFF1D,0xFF1D,0xFF1D,
    0xFF1D,0xFF1D,0xFF1D,0xFF1D,0xFF1D,0xFF1D,0xFF1D,0xFF1D,0xFF1D,0xFF1D,0xFF1D,0xFF1D,
    0xFF1D,0xFF1D,0xFF1D,0xFF1D,0xFF1D,0xFF1D,0xFF1D,0xFF1D,0xFF1D,0xFF1D,0xFF1D,0xFF1D,
    0xFF1D,0xFF1D,0xFF1D,0xFF1D,0xFF1D,0xFF1D,0xFF1D,0xFF1D,0xFF1D,0xFF1D,0xFF1D,0xFF1D,
    0xFF1D,0xFF1D,0xFF1D,0xFF1D,0xFF1D,0xFF1D,0xFF1D,0xFF1D,0xFF1D,0xFF1D,0xFF1D,0xFF1D,
    0xFF1D,0xFF1D,0xFF1D,0xFF1D,0xFF1D,0xFF1D,0xFF1D,0xFF1D,0xFF1D,0xFF1D,0xFF1D,0xFF1D,
    0xFF1D,0xFF1D,0xFF1D,0xFF1D,0xFF1D,0xFF1D,0xFF1D,0xFF1D,0xFF1D,0xFF1D,0xFF1D,0xFF1D,
    0xFF1D,0xFF1D,0xFF1D,0xFF1D,0xFF1D,0xFF1D,0xFF1D,0xFF1D,0xFF1D,0xFF1D,0xFF1D,0xFF1D,
    0xFF1D,0xFF1D,0xFF1D,0xFF1D,0xFF1D,0xFF1D,0xFF1D,0xFF1D,0xFF1D,0xFF1D,0xFF1D,0xFF1D,
    0xFF1D,0xFF1D,0xFF1D,0xFF1D,0xFF1D,0xFF1D,0xFF1D,0xFF1D,0xFF1D,0xFF1D,0xFF1D,0xFF1D,
    0xFF1D,0xFF1D,0xFF1D,0xFF1D,0xFF1D,0xFF1D,0xFF1D,0xFF1D,0xFF1D,0xFF1D,0xFF1D,0xFF1D,
    0xFF1D,0xFF1D,0xFF1D,0xFF1D,0xFF1D,0xFF1D,0xFF1D,0xFF1D,0xFF1D,0xFF1D,0xFF1D,0xFF1D,
    0xFF1D,0xFF1D,0xFF1D,0xFF1D,0xFF1D,0xFF1D,0xFF1D,0xFF1D,0xFF1D,0xFF1D,0xFF1D,0xFF1D,
    0xFF1D,0xFF1D,0xFF1D,0xFF1D,0xFF1D,0xFF1D,0xFF1D,0xFF1D,0xFF1D,0xFF1D,0xFF1D,0xFF1D,
    0xFF1D,0xFF1D,0xFF1D,0xFF1D,0xFF1D,0xFF1D,0xFF1D,0xFF1D,0xFF1D,0xFF1D,0xFF1D,0xFF1D,
    0xFF1D,0xFF1D,0xFF1D,0xFF1D,0xFF1D,0xFF1D,0xFF1D,0xFF1D,0xFF1D,0xFF1D,0xFF1D,0xFF1D,
    0xFF1D,0xFF1D,0xFF1D,0xFF1D,0xFF1D,0xFF1D,0xFF1D,0xFF1D,0xFF1D,0xFF1D,0xFF1D,0xFF1D,
    0xFF1D,0xFF1D,0xFF1D,0xFF1D,0xFF1D,0xFF1D,0xFF1D,0xFF1D,0xFF1D,0xFF1D,0xFF1D,0xFF1D,
    0xFF1D,0xFF1D,0xFF1D,0xFF1D,0xFF1D,0xFF1D,0xFF1D,0xFF1D,0xFF1D,0xFF1D,0xFF1D,0xFF1D,
    0xFF1D,0xFF1D,0xFF1D,0xFF1D,0xFF1D,0xFF1D,0xFF1D,0xFF1D,0xFF1D,0xFF1D,0xFF1D,0xFF1D,
    0xFF1D,0xFF1D,0xFF1D,0xFF1D,0xFF1D,0xFF1D,0xFF1D,0xFF1D,0xFF1D,0xFF1D,0xFF1D,0xFF1D,
    0xFF1D,0xFF1D,0xFF1D,0xFF1D,0xFF1D,0xFF1D,0xFF1D,0xFF1D,0xFF1D,0xFF1D,0xFF1D,0xFF1D,
    0xFF1D,0xFF1D,0xFF1D,0xFF1D,0xFF1D,0xFF1D,0xFF1D,0xFF1D,0xFF1D,0xFF1D,0xFF1D,0xFF1D,
    0xFF1D,0xFF1D,0xFF1D,0xFF1D,0xFF1D,0xFF1D,0xFF1D,0xFF1D,0xFF1D,0xFF1D,0xFF1D,0xFF1D,
    0xFF1D,0xFF1D,0xFF1D,0xFF1D,0xFF1D,0xFF1D,0xFF1D,0xFF1D,0xFF1D,0xFF1D,0xFF1D,0xFF1D,
    0xFF1D,0xFF1D,0xFF1D,0xFF1D,0xFF1D,0xFF1D,0xFF1D,0xFF1D,0xFF1D,0xFF1D,0xFF1D,0xFF1D,
    0xFF1D,0xFF1D,0xFF1D,0xFF1D,0xFF1D,0xFF1D,0xFF1D,0xFF1D,0xFF1D,0xFF1D,0xFF1D,0xFF1D,
    0xFF1D,0xFF1D,0xFF1D,0xFF1D,0xFF1D,0xFF1D,0xFF1D,0xFF1D,0xFF1D,0xFF1D,0xFF1D,0xFF1D,
    0xFF1D,0xFF1D,0xFF1D,0xFF1D,0xFF1D,0xFF1D,0xFF1D,0xFF1D,0xFF1D,0xFF1D,0xFF1D,0xFF1D,
    0xFF1D,0xFF1D,0xFF1D,0xFF1D,0xFF1D,0xFF1D,0xFF1D,0xFF1D,0xFF1D,0xFF1D,0xFF1D,0xFF1D,
    0xFF1D,0xFF1D,0xFF1D,0xFF1D,0xFF1D,0xFF1D,0xFF1D,0xFF1D,0xFF1D,0xFF1D,0xFF1D,0xFF1D,
    0xFF1D,0xFF1D,0xFF1D,0xFF1D,0xFF1D,0xFF1D,0xFF1D,0xFF1D,0xFF1D,0xFF1D,0xFF1D,0xFF1D,
    0xFF1D,0xFF1D,0xFF1D,0xFF1D,0xFF1D,0xFF1D,0xFF1D,0xFF1D,0xFF1D,0xFF1D,0xFF1D,0xFF1D,
    0xFF1D,0xFF1D,0xFF1D,0xFF1D,0xFF1D,0xFF1D,0xFF1D,0xFF1D,0xFF1D,0xFF1D,0xFF1D,0xFF1D,
    0xFF1D,0xFF1D,0xFF1D,0xFF1D,0xFF1D,0xFF1D,0xFF1D,0xFF1D,0xFF1D,0xFF1D,0xFF1D,0xFF1D,
    0xFF1D,0xFF1D,0xFF1D,0xFF1D,0xFF1D,0xFF1D,0xFF1D,0xFF1D,0xFF1D,0xFF1D,0xFF1D,0xFF1D,
    0xFF1D,0xFF1D,0xFF1D,0xFF1D,0xFF1D,0xFF1D,0xFF1D,0xFF1D,0xFF1D,0xFF1D,0xFF1D,0xFF1D,
    0xFF1D,0xFF1D,0xFF1D,0xFF1D,0xFF1D,0xFF1D,0xFF1D,0xFF1D,0xFF1D,0xFF1D,0xFF1D,0xFF1D,
    0xFF1D,0xFF1D,0xFF1D,0xFF1D,0xFF1D,0xFF1D,0xFF1D,0xFF1D,0xFF1D,0xFF1D,0xFF1D,0xFF1D,
    0xFF1D,0xFF1D,0xFF1D,0xFF1D,0xFF1D,0xFF1D,0xFF1D,0xFF1D,0xFF1D,0xFF1D,0xFF1D,0xFF1D,
    0xFF1D,0xFF1D,0xFF1D,0xFF1D,0xFF1D,0xFF1D,0xFF1D,0xFF1D,0xFF1D,0xFF1D,0xFF1D,0xFF1D,
    0xFF1D,0xFF1D,0xFF1D,0xFF1D,0xFF1D,0xFF1D,0xFF1D,0xFF1D,0xFF1D,0xFF1D,0xFF1D,0xFF1D,
    0xFF1D,0xFF1D,0xFF1D,0xFF1D,0xFF1D,0xFF1D,0xFF1D,0xFF1D,0xFF1D,0xFF1D,0xFF1D,0xFF1D,
    0xFF1D,0xFF1D,0xFF1D,0xFF1D,0xFF1D,0xFF1D,0xFF1D,0xFF1D,0xFF1D,0xFF1D,0xFF1D,0xFF1D,
    0xFF1D,0xFF1D,0xFF1D,0xFF1D,0xFF1D,0xFF1D,0xFF1D,0xFF1D,0xFF1D,0xFF1D,0xFF1D,0xFF1D,
    0xFF1D,0xFF1D,0xFF1D,0xFF1D,0xFF1D,0xFF1D,0xFF1D,0xFF1D,0xFF1D,0xFF1D,0xFF1D,0xFF1D,
    0xFF1D,0xFF1D,0xFF1D,0xFF1D,0xFF1D,0xFF1D,0xFF1D,0xFF1D,0xFF1D,0xFF1D,0xFF1D,0xFF1D,
    0xFF1D,0xFF1D,0xFF1D,0xFF1D,0xFF1D,0xFF1D,0xFF1D,0xFF1D,0xFF1D,0xFF1D,0xFF1D,0xFF1D,
    0xFF1D,0xFF1D,0xFF1D,0xFF1D,0xFF1D,0xFF1D,0xFF1D,0xFF1D,0xFF1D,0xFF1D,0xFF1D,0xFF1D,
    0xFF1D,0xFF1D,0xFF1D,0xFF1D,0xFF1D,0xFF1D,0xFF1D,0xFF1D,0xFF1D,0xFF1D,0xFF1D,0xFF1D,
    0xFF1D,0xFF1D,0xFF1D,0xFF1D,0xFF1D,0xFF1D,0xFF1D,0xFF1D,0xFF1D,0xFF1D,0xFF1D,0xFF1D,
    0xFF1D,0xFF1D,0xFF1D,0xFF1D,0xFF1D,0xFF1D,0xFF1D,0xFF1D,0xFF1D,0xFF1D,0xFF1D,0xFF1D,
    0xFF1D,0xFF1D,0xFF1D,0xFF1D,0xFF1D,0xFF1D,0xFF1D,0xFF1D,0xFF1D,0xFF1D,0xFF1D,0xFF1D,
    0xFF1D,0xFF1D,0xFF1D,0xFF1D,0xFF1D,0xFF1D,0xFF1D,0xFF1D,0xFF1D,0xFF1D,0xFF1D,0xFF1D,
    0xFF1D,0xFF1D,0xFF1D,0xFF1D,0xFF1D,0xFF1D,0xFF1D,0xFF1D,0xFF1D,0xFF1D,0xFF1D,0xFF1D,
    0xFF1D,0xFF1D,0xFF1D,0xFF1D,0xFF1D,0xFF1D,0xFF1D,0xFF1D,0xFF1D,0xFF1D,0xFF1D,0xFF1D,
    0xFF1D,0xFF1D,0xFF1D,0xFF1D,0xFF1D,0xFF1D,0xFF1D,0xFF1D,0xFF1D,0xFF1D,0xFF1D,0xFF1D,
    0xFF1D,0xFF1D,0xFF1D,0xFF1D,0xFF1D,0xFF1D,0xFF1D,0xFF1D,0xFF1D,0xFF1D,0xFF1D,0xFF1D,
    0xFF1D,0xFF1D,0xFF1D,0xFF1D,0xFF1D,0xFF1D,0xFF1D,0xFF1D,0xFF1D,0xFF1D,0xFF1D,0xFF1D,
    0xFF1D,0xFF1D,0xFF1D,0xFF1D,0xFF1D,0xFF1D,0xFF1D,0xFF1D,0xFF1D,0xFF1D,0xFF1D,0xFF1D,
    0xFF1D,0xFF1D,0xFF1D,0xFF1D,0xFF1D,0xFF1D,0xFF1D,0xFF1D,0xFF1D,0xFF1D,0xFF1D,0xFF1D,
    0xFF1D,0xFF1D,0xFF1D,0xFF1D,0xFF1D,0xFF1D,0xFF1D,0xFF1D,0xFF1D,0xFF1D,0xFF1D,0xFF1D,
    0xFF1D,0xFF1D,0xFF1D,0xFF1D,0xFF1D,0xFF1D,0xFF1D,0xFF1D,0xFF1D,0xFF1D,0xFF1D,0xFF1D,
    0xFF1D,0xFF1D,0xFF1D,0xFF1D,0xFF1D,0xFF1D,0xFF1D,0xFF1D,0xFF1D,0xFF1D,0xFF1D,0xFF1D,
    0xFF1D,0xFF1D,0xFF1D,0xFF1D,0xFF1D,0xFF1D,0xFF1D,0xFF1D,0xFF1D,0xFF1D,0xFF1D,0xFF1D,
    0xFF1D,0xFF1D,0xFF1D,0xFF1D,0xFF1D,0xFF1D,0xFF1D,0xFF1D,0xFF1D,0xFF1D,0xFF1D,0xFF1D,
    0xFF1D,0xFF1D,0xFF1D,0xFF1D,0xFF1D,0xFF1D,0xFF1D,0xFF1D,0xFF1D,0xFF1D,0xFF1D,0xFF1D,
    0xFF1D,0xFF1D,0xFF1D,0xFF1D,0xFF1D,0xFF1D,0xFF1D,0xFF1D,0xFF1D,0xFF1D,0xFF1D,0xFF1D,
    0xFF1D,0xFF1D,0xFF1D,0xFF1D,0xFF1D,0xFF1D,0xFF1D,0xFF1D,0xFF1D,0xFF1D,0xFF1D,0xFF1D,
    0xFF1D,0xFF1D,0xFF1D,0xFF1D,0xFF1D,0xFF1D,0xFF1D,0xFF1D,0xFF1D,0xFF1D,0xFF1D,0xFF1D,
    0xFF1D,0xFF1D,0xFF1D,0xFF1D,0xFF1D,0xFF1D,0xFF1D,0xFF1D,0xFF1D,0xFF1D,0xFF1D,0xFF1D,
    0xFF1D,0xFF1D,0xFF1D,0xFF1D,0xFF1D,0xFF1D,0xFF1D,0xFF1D,0xFF1D,0xFF1D,0xFF1D,0xFF1D,
    0xFF1D,0xFF1D,0xFF1D,0xFF1D,0xFF1D,0xFF1D,0xFF1D,0xFF1D,0xFF1D,0xFF1D,0xFF1D,0xFF1D,
    0xFF1D,0xFF1D,0xFF1D,0xFF1D,0xFF1D,0xFF1D,0xFF1D,0xFF1D,0xFF1D,0xFF1D,0xFF1D,0xFF1D,
    0xFF1D,0xFF1D,0xFF1D,0xFF1D,0xFF1D,0xFF1D,0xFF1D,0xFF1D,0xFF1D,0xFF1D,0xFF1D,0xFF1D,
    0xFF1D,0xFF1D,0xFF1D,0xFF1D,0xFF1D,0xFF1D,0xFF1D,0xFF1D,0xFF1D,0xFF1D,0xFF1D,0xFF1D,
    0xFF1D,0xFF1D,0xFF1D,0xFF1D,0xFF1D,0xFF1D,0xFF1D,0xFF1D,0xFF1D,0xFF1D,0xFF1D,0xFF1D,
    0xFF1D,0xFF1D,0xFF1D,0xFF1D,0xFF1D,0xFF1D,0xFF1D,0xFF1D,0xFF1D,0xFF1D,0xFF1D,0xFF1D,
    0xFF1D,0xFF1D,0xFF1D,0xFF1D,0xFF1D,0xFF1D,0xFF1D,0xFF1D,0xFF1D,0xFF1D,0xFF1D,0xFF1D,
    0xFF1D,0xFF1D,0xFF1D,0xFF1D,0xFF1D,0xFF1D,0xFF1D,0xFF1D,0xFF1D,0xFF1D,0xFF1D,0xFF1D,
    0xFF1D,0xFF1D,0xFF1D,0xFF1D,0xFF1D,0xFF1D,0xFF1D,0xFF1D,0xFF1D,0xFF1D,0xFF1D,0xFF1D,
    0xFF1D,0xFF1D,0xFF1D,0xFF1D,0xFF1D,0xFF1D,0xFF1D,0xFF1D,0xFF1D,0xFF1D,0xFF1D,0xFF1D,
    0xFF1D,0xFF1D,0xFF1D,0xFF1D,0xFF1D,0xFF1D,0xFF1D,0xFF1D,0xFF1D,0xFF1D,0xFF1D,0xFF1D,
    0xFF1D,0xFF1D,0xFF1D,0xFF1D,0xFF1D,0xFF1D,0xFF1D,0xFF1D,0xFF1D,0xFF1D,0xFF1D,0xFF1D,
    0xFF1D,0xFF1D,0xFF1D,0xFF1D,0xFF1D,0xFF1D,0xFF1D,0xFF1D,0xFF1D,0xFF1D,0xFF1D,0xFF1D,
    0xFF1D,0xFF1D,0xFF1D,0xFF1D,0xFF1D,0xFF1D,0xFF1D,0xFF1D,0xFF1D,0xFF1D,0xFF1D,0xFF1D,
    0xFF1D,0xFF1D,0xFF1D,0xFF1D,0xFF1D,0xFF1D,0xFF1D,0xFF1D,0xFF1D,0xFF1D,0xFF1D,0xFF1D,
    0xFF1D,0xFF1D,0xFF1D,0xFF1D,0xFF1D,0xFF1D,0xFF1D,0xFF1D,0xFF1D,0xFF1D,0xFF1D,0xFF1D,
    0xFF1D,0xFF1D,0xFF1D,0xFF1D,0xFF1D,0xFF1D,0xFF1D,0xFF1D,0xFF1D,0xFF1D,0xFF1D,0xFF1D,
    0xFF1D,0xFF1D,0xFF1D,0xFF1D,0xFF1D,0xFF1D,0xFF1D,0xFF1D,0xFF1D,0xFF1D,0xFF1D,0xFF1D,
    0xFF1D,0xFF1D,0xFF1D,0xFF1D,0xFF1D,0xFF1D,0xFF1D,0xFF1D,0xFF1D,0xFF1D,0xFF1D,0xFF1D,
    0xFF1D,0xFF1D,0xFF1D,0xFF1D,0xFF1D,0xFF1D,0xFF1D,0xFF1D,0xFF1D,0xFF1D,0xFF1D,0xFF1D,
    0xFF1D,0xFF1D,0xFF1D,0xFF1D,0xFF1D,0xFF1D,0xFF1D,0xFF1D,0xFF1D,0xFF1D,0xFF1D,0xFF1D,
    0xFF1D,0xFF1D,0xFF1D,0xFF1D,0xFF1D,0xFF1D,0xFF1D,0xFF1D,0xFF1D,0xFF1D,0xFF1D,0xFF1D,
    0xFF1D,0xFF1D,0xFF1D,0xFF1D,0xFF1D,0xFF1D,0xFF1D,0xFF1D,0xFF1D,0xFF1D,0xFF1D,0xFF1D,
    0xFF1D,0xFF1D,0xFF1D,0xFF1D,0xFF1D,0xFF1D,0xFF1D,0xFF1D,0xFF1D,0xFF1D,0xFF1D,0xFF1D,
    0xFF1D,0xFF1D,0xFF1D,0xFF1D,0xFF1D,0xFF1D,0xFF1D,0xFF1D,0xFF1D,0xFF1D,0xFF1D,0xFF1D,
    0xFF1D,0xFF1D,0xFF1D,0xFF1D,0xFF1D,0xFF1D,0xFF1D,0xFF1D,0xFF1D,0xFF1D,0xFF1D,0xFF1D,
    0xFF1D,0xFF1D,0xFF1D,0xFF1D,0xFF1D,0xFF1D,0xFF1D,0xFF1D,0xFF1D,0xFF1D,0xFF1D,0xFF1D,
    0xFF1D,0xFF1D,0xFF1D,0xFF1D,0xFF1D,0xFF1D,0xFF1D,0xFF1D,0xFF1D,0xFF1D,0xFF1D,0xFF1D,
    0xFF1D,0xFF1D,0xFF1D,0xFF1D,0xFF1D,0xFF1D,0xFF1D,0xFF1D,0xFF1D,0xFF1D,0xFF1D,0xFF1D,
    0xFF1D,0xFF1D,0xFF1D,0xFF1D,0xFF1D,0xFF1D,0xFF1D,0xFF1D,0xFF1D,0xFF1D,0xFF1D,0xFF1D,
    0xFF1D,0xFF1D,0xFF1D,0xFF1D,0xFF1D,0xFF1D,0xFF1D,0xFF1D,0xFF1D,0xFF1D,0xFF1D,0xFF1D,
    0xFF1D,0xFF1D,0xFF1D,0xFF1D,0xFF1D,0xFF1D,0xFF1D,0xFF1D,0xFF1D,0xFF1D,0xFF1D,0xFF1D,
    0xFF1D,0xFF1D,0xFF1D,0xFF1D,0xFF1D,0xFF1D,0xFF1D,0xFF1D,0xFF1D,0xFF1D,0xFF1D,0xFF1D,
    0xFF1D,0xFF1D,0xFF1D,0xFF1D,0xFF1D,0xFF1D,0xFF1D,0xFF1D,0xFF1D,0xFF1D,0xFF1D,0xFF1D,
    0xFF1D,0xFF1D,0xFF1D,0xFF1D,0xFF1D,0xFF1D,0xFF1D,0xFF1D,0xFF1D,0xFF1D,0xFF1D,0xFF1D,
    0xFF1D,0xFF1D,0xFF1D,0xFF1D,0xFF1D,0xFF1D,0xFF1D,0xFF1D,0xFF1D,0xFF1D,0xFF1D,0xFF1D,
    0xFF1D,0xFF1D,0xFF1D,0xFF1D,0xFF1D,0xFF1D,0xFF1D,0xFF1D,0xFF1D,0xFF1D,0xFF1D,0xFF1D,
    0xFF1D,0xFF1D,0xFF1D,0xFF1D,0xFF1D,0xFF1D,0xFF1D,0xFF1D,0xFF1D,0xFF1D,0xFF1D,0xFF1D,
    0xFF1D,0xFF1D,0xFF1D,0xFF1D,0xFF1D,0xFF1D,0xFF1D,0xFF1D,0xFF1D,0xFF1D,0xFF1D,0xFF1D,
    0xFF1D,0xFF1D,0xFF1D,0xFF1D,0xFF1D,0xFF1D,0xFF1D,0xFF1D,0xFF1D,0xFF1D,0xFF1D,0xFF1D,
    0xFF1D,0xFF1D,0xFF1D,0xFF1D,0xFF1D,0xFF1D,0xFF1D,0xFF1D,0xFF1D,0xFF1D,0xFF1D,0xFF1D,
    0xFF1D,0xFF1D,0xFF1D,0xFF1D,0xFF1D,0xFF1D,0xFF1D,0xFF1D,0xFF1D,0xFF1D,0xFF1D,0xFF1D,
    0xFF1D,0xFF1D,0xFF1D,0xFF1D,0xFF1D,0xFF1D,0xFF1D,0xFF1D,0xFF1D,0xFF1D,0xFF1D,0xFF1D,
    0xFF1D,0xFF1D,0xFF1D,0xFF1D,0xFF1D,0xFF1D,0xFF1D,0xFF1D,0xFF1D,0xFF1D,0xFF1D,0xFF1D,
    0xFF1D,0xFF1D,0xFF1D,0xFF1D,0xFF1D,0xFF1D,0xFF1D,0xFF1D,0xFF1D,0xFF1D,0xFF1D,0xFF1D,
    0xFF1D,0xFF1D,0xFF1D,0xFF1D,0xFF1D,0xFF1D,0xFF1D,0xFF1D,0xFF1D,0xFF1D,0xFF1D,0xFF1D,
    0xFF1D,0xFF1D,0xFF1D,0xFF1D,0xFF1D,0xFF1D,0xFF1D,0xFF1D,0xFF1D,0xFF1D,0xFF1D,0xFF1D,
    0xFF1D,0xFF1D,0xFF1D,0xFF1D,0xFF1D,0xFF1D,0xFF1D,0xFF1D,0xFF1D,0xFF1D,0xFF1D,0xFF1D,
    0xFF1D,0xFF1D,0xFF1D,0xFF1D,0xFF1D,0xFF1D,0xFF1D,0xFF1D,0xFF1D,0xFF1D,0xFF1D,0xFF1D,
    0xFF1D,0xFF1D,0xFF1D,0xFF1D,0xFF1D,0xFF1D,0xFF1D,0xFF1D,0xFF1D,0xFF1D,0xFF1D,0xFF1D,
    0xFF1D,0xFF1D,0xFF1D,0xFF1D,0xFF1D,0xFF1D,0xFF1D,0xFF1D,0xFF1D,0xFF1D,0xFF1D,0xFF1D,
    0xFF1D,0xFF1D,0xFF1D,0xFF1D,0xFF1D,0xFF1D,0xFF1D,0xFF1D,0xFF1D,0xFF1D,0xFF1D,0xFF1D,
    0xFF1D,0xFF1D,0xFF1D,0xFF1D,0xFF1D,0xFF1D,0xFF1D,0xFF1D,0xFF1D,0xFF1D,0xFF1D,0xFF1D,
    0xFF1D,0xFF1D,0xFF1D,0xFF1D,0xFF1D,0xFF1D,0xFF1D,0xFF1D,0xFF1D,0xFF1D,0xFF1D,0xFF1D,
    0xFF1D,0xFF1D,0xFF1D,0xFF1D,0xFF1D,0xFF1D,0xFF1D,0xFF1D,0xFF1D,0xFF1D,0xFF1D,0xFF1D,
    0xFF1D,0xFF1D,0xFF1D,0xFF1D,0xFF1D,0xFF1D,0xFF1D,0xFF1D,0xFF1D,0xFF1D,0xFF1D,0xFF1D,
    0xFF1D,0xFF1D,0xFF1D,0xFF1D,0xFF1D,0xFF1D,0xFF1D,0xFF1D,0xFF1D,0xFF1D,0xFF1D,0xFF1D,
    0xFF1D,0xFF1D,0xFF1D,0xFF1D,0xFF1D,0xFF1D,0xFF1D,0xFF1D,0xFF1D,0xFF1D,0xFF1D,0xFF1D,
    0xFF1D,0xFF1D,0xFF1D,0xFF1D,0xFF1D,0xFF1D,0xFF1D,0xFF1D,0xFF1D,0xFF1D,0xFF1D,0xFF1D,
    0xFF1D,0xFF1D,0xFF1D,0xFF1D,0xFF1D,0xFF1D,0xFF1D,0xFF1D,0xFF1D,0xFF1D,0xFF1D,0xFF1D,
    0xFF1D,0xFF1D,0xFF1D,0xFF1D,0xFF1D,0xFF1D,0xFF1D,0xFF1D,0xFF1D,0xFF1D,0xFF1D,0xFF1D,
    0xFF1D,0xFF1D,0xFF1D,0xFF1D,0xFF1D,0xFF1D,0xFF1D,0xFF1D,0xFF1D,0xFF1D,0xFF1D,0xFF1D,
    0xFF1D,0xFF1D,0xFF1D,0xFF1D,0xFF1D,0xFF1D,0xFF1D,0xFF1D,0xFF1D,0xFF1D,0xFF1D,0xFF1D,
    0xFF1D,0xFF1D,0xFF1D,0xFF1D,0xFF1D,0xFF1D,0xFF1D,0xFF1D,0xFF1D,0xFF1D,0xFF1D,0xFF1D,
    0xFF1D,0xFF1D,0xFF1D,0xFF1D,0xFF1D,0xFF1D,0xFF1D,0xFF1D,0xFF1D,0xFF1D,0xFF1D,0xFF1D,
    0xFF1D,0xFF1D,0xFF1D,0xFF1D,0xFF1D,0xFF1D,0xFF1D,0xFF1D,0xFF1D,0xFF1D,0xFF1D,0xFF1D,
    0xFF1D,0xFF1D,0xFF1D,0xFF1D,0xFF1D,0xFF1D,0xFF1D,0xFF1D,0xFF1D,0xFF1D,0xFF1D,0xFF1D,
    0xFF1D,0xFF1D,0xFF1D,0xFF1D,0xFF1D,0xFF1D,0xFF1D,0xFF1D,0xFF1D,0xFF1D,0xFF1D,0xFF1D,
    0xFF1D,0xFF1D,0xFF1D,0xFF1D,0xFF1D,0xFF1D,0xFF1D,0xFF1D,0xFF1D,0xFF1D,0xFF1D,0xFF1D,
    0xFF1D,0xFF1D,0xFF1D,0xFF1D,0xFF1D,0xFF1D,0xFF1D,0xFF1D,0xFF1D,0xFF1D,0xFF1D,0xFF1D,
    0xFF1D,0xFF1D,0xFF1D,0xFF1D,0xFF1D,0xFF1D,0xFF1D,0xFF1D,0xFF1D,0xFF1D,0xFF1D,0xFF1D,
    0xFF1D,0xFF1D,0xFF1D,0xFF1D,0xFF1D,0xFF1D,0xFF1D,0xFF1D,0xFF1D,0xFF1D,0xFF1D,0xFF1D,
    0xFF1D,0xFF1D,0xFF1D,0xFF1D,0xFF1D,0xFF1D,0xFF1D,0xFF1D,0xFF1D,0xFF1D,0xFF1D,0xFF1D,
    0xFF1D,0xFF1D,0xFF1D,0xFF1D,0xFF1D,0xFF1D,0xFF1D,0xFF1D,0xFF1D,0xFF1D,0xFF1D,0xFF1D,
    0xFF1D,0xFF1D,0xFF1D,0xFF1D,0xFF1D,0xFF1D,0xFF1D,0xFF1D,0xFF1D,0xFF1D,0xFF1D,0xFF1D,
    0xFF1D,0xFF1D,0xFF1D,0xFF1D,0xFF1D,0xFF1D,0xFF1D,0xFF1D,0xFF1D,0xFF1D,0xFF1D,0xFF1D,
    0xFF1D,0xFF1D,0xFF1D,0xFF1D,0xFF1D,0xFF1D,0xFF1D,0xFF1D,0xFF1D,0xFF1D,0xFF1D,0xFF1D,
    0xFF1D,0xFF1D,0xFF1D,0xFF1D,0xFF1D,0xFF1D,0xFF1D,0xFF1D,0xFF1D,0xFF1D,0xFF1D,0xFF1D,
    0xFF1D,0xFF1D,0xFF1D,0xFF1D,0xFF1D,0xFF1D,0xFF1D,0xFF1D,0xFF1D,0xFF1D,0xFF1D,0xFF1D,
    0xFF1D,0xFF1D,0xFF1D,0xFF1D,0xFF1D,0xFF1D,0xFF1D,0xFF1D,0xFF1D,0xFF1D,0xFF1D,0xFF1D,
    0xFF1D,0xFF1D,0xFF1D,0xFF1D,0xFF1D,0xFF1D,0xFF1D,0xFF1D,0xFF1D,0xFF1D,0xFF1D,0xFF1D,
    0xFF1D,0xFF1D,0xFF1D,0xFF1D,0xFF1D,0xFF1D,0xFF1D,0xFF1D,0xFF1D,0xFF1D,0xFF1D,0xFF1D,
    0xFF1D,0xFF1D,0xFF1D,0xFF1D,0xFF1D,0xFF1D,0xFF1D,0xFF1D,0xFF1D,0xFF1D,0xFF1D,0xFF1D,
    0xFF1D,0xFF1D,0xFF1D,0xFF1D,0xFF1D,0xFF1D,0xFF1D,0xFF1D,0xFF1D,0xFF1D,0xFF1D,0xFF1D,
    0xFF1D,0xFF1D,0xFF1D,0xFF1D,0xFF1D,0xFF1D,0xFF1D,0xFF1D,0xFF1D,0xFF1D,0xFF1D,0xFF1D,
    0xFF1D,0xFF1D,0xFF1D,0xFF1D,0xFF1D,0xFF1D,0xFF1D,0xFF1D,0xFF1D,0xFF1D,0xFF1D,0xFF1D,
    0xFF1D,0xFF1D,0xFF1D,0xFF1D,0xFF1D,0xFF1D,0xFF1D,0xFF1D,0xFF1D,0xFF1D,0xFF1D,0xFF1D,
    0xFF1D,0xFF1D,0xFF1D,0xFF1D,0xFF1D,0xFF1D,0xFF1D,0xFF1D,0xFF1D,0xFF1D,0xFF1D,0xFF1D,
    0xFF1D,0xFF1D,0xFF1D,0xFF1D,0xFF1D,0xFF1D,0xFF1D,0xFF1D,0xFF1D,0xFF1D,0xFF1D,0xFF1D,
    0xFF1D,0xFF1D,0xFF1D,0xFF1D,0xFF1D,0xFF1D,0xFF1D,0xFF1D,0xFF1D,0xFF1D,0xFF1D,0xFF1D,
    0xFF1D,0xFF1D,0xFF1D,0xFF1D,0xFF1D,0xFF1D,0xFF1D,0xFF1D,0xFF1D,0xFF1D,0xFF1D,0xFF1D,
    0xFF1D,0xFF1D,0xFF1D,0xFF1D,0xFF1D,0xFF1D,0xFF1D,0xFF1D,0xFF1D,0xFF1D,0xFF1D,0xFF1D,
    0xFF1D,0xFF1D,0xFF1D,0xFF1D,0xFF1D,0xFF1D,0xFF1D,0xFF1D,0xFF1D,0xFF1D,0xFF1D,0xFF1D,
    0xFF1D,0xFF1D,0xFF1D,0xFF1D,0xFF1D,0xFF1D,0xFF1D,0xFF1D,0xFF1D,0xFF1D,0xFF1D,0xFF1D,
    0xFF1D,0xFF1D,0xFF1D,0xFF1D,0xFF1D,0xFF1D,0xFF1D,0xFF1D,0xFF1D,0xFF1D,0xFF1D,0xFF1D,
    0xFF1D,0xFF1D,0xFF1D,0xFF1D,0xFF1D,0xFF1D,0xFF1D,0xFF1D,0xFF1D,0xFF1D,0xFF1D,0xFF1D,
    0xFF1D,0xFF1D,0xFF1D,0xFF1D,0xFF1D,0xFF1D,0xFF1D,0xFF1D,0xFF1D,0xFF1D,0xFF1D,0xFF1D,
    0xFF1D,0xFF1D,0xFF1D,0xFF1D,0xFF1D,0xFF1D,0xFF1D,0xFF1D,0xFF1D,0xFF1D,0xFF1D,0xFF1D,
    0xFF1D,0xFF1D,0xFF1D,0xFF1D,0xFF1D,0xFF1D,0xFF1D,0xFF1D,0xFF1D,0xFF1D,0xFF1D,0xFF1D,
    0xFF1D,0xFF1D,0xFF1D,0xFF1D,0xFF1D,0xFF1D,0xFF1D,0xFF1D,0xFF1D,0xFF1D,0xFF1D,0xFF1D,
    0xFF1D,0xFF1D,0xFF1D,0xFF1D,0xFF1D,0xFF1D,0xFF1D,0xFF1D,0xFF1D,0xFF1D,0xFF1D,0xFF1D,
    0xFF1D,0xFF1D,0xFF1D,0xFF1D,0xFF1D,0xFF1D,0xFF1D,0xFF1D,0xFF1D,0xFF1D,0xFF1D,0xFF1D,
    0xFF1D,0xFF1D,0xFF1D,0xFF1D,0xFF1D,0xFF1D,0xFF1D,0xFF1D,0xFF1D,0xFF1D,0xFF1D,0xFF1D,
    0xFF1D,0xFF1D,0xFF1D,0xFF1D,0xFF1D,0xFF1D,0xFF1D,0xFF1D,0xFF1D,0xFF1D,0xFF1D,0xFF1D,
    0xFF1D,0xFF1D,0xFF1D,0xFF1D,0xFF1D,0xFF1D,0xFF1D,0xFF1D,0xFF1D,0xFF1D,0xFF1D,0xFF1D,
    0xFF1D,0xFF1D,0xFF1D,0xFF1D,0xFF1D,0xFF1D,0xFF1D,0xFF1D,0xFF1D,0xFF1D,0xFF1D,0xFF1D,
    0xFF1D,0xFF1D,0xFF1D,0xFF1D,0xFF1D,0xFF1D,0xFF1D,0xFF1D,0xFF1D,0xFF1D,0xFF1D,0xFF1D,
    0xFF1D,0xFF1D,0xFF1D,0xFF1D,0xFF1D,0xFF1D,0xFF1D,0xFF1D,0xFF1D,0xFF1D,0xFF1D,0xFF1D,
    0xFF1D,0xFF1D,0xFF1D,0xFF1D,0xFF1D,0xFF1D,0xFF1D,0xFF1D,0xFF1D,0xFF1D,0xFF1D,0xFF1D,
    0xFF1D,0xFF1D,0xFF1D,0xFF1D,0xFF1D,0xFF1D,0xFF1D,0xFF1D,0xFF1D,0xFF1D,0xFF1D,0xFF1D,
    0xFF1D,0xFF1D,0xFF1D,0xFF1D,0xFF1D,0xFF1D,0xFF1D,0xFF1D,0xFF1D,0xFF1D,0xFF1D,0xFF1D,
    0xFF1D,0xFF1D,0xFF1D,0xFF1D,0xFF1D,0xFF1D,0xFF1D,0xFF1D,0xFF1D,0xFF1D,0xFF1D,0xFF1D,
    0xFF1D,0xFF1D,0xFF1D,0xFF1D,0xFF1D,0xFF1D,0xFF1D,0xFF1D,0xFF1D,0xFF1D,0xFF1D,0xFF1D,
    0xFF1D,0xFF1D,0xFF1D,0xFF1D,0xFF1D,0xFF1D,0xFF1D,0xFF1D,0xFF1D,0xFF1D,0xFF1D,0xFF1D,
    0xFF1D,0xFF1D,0xFF1D,0xFF1D,0xFF1D,0xFF1D,0xFF1D,0xFF1D,0xFF1D,0xFF1D,0xFF1D,0xFF1D,
    0xFF1D,0xFF1D,0xFF1D,0xFF1D,0xFF1D,0xFF1D,0xFF1D,0xFF1D,0xFF1D,0xFF1D,0xFF1D,0xFF1D,
    0xFF1D,0xFF1D,0xFF1D,0xFF1D,0xFF1D,0xFF1D,0xFF1D,0xFF1D,0xFF1D,0xFF1D,0xFF1D,0xFF1D,
    0xFF1D,0xFF1D,0xFF1D,0xFF1D,0xFF1D,0xFF1D,0xFF1D,0xFF1D,0xFF1D,0xFF1D,0xFF1D,0xFF1D,
    0xFF1D,0xFF1D,0xFF1D,0xFF1D,0xFF1D,0xFF1D,0xFF1D,0xFF1D,0xFF1D,0xFF1D,0xFF1D,0xFF1D,
    0xFF1D,0xFF1D,0xFF1D,0xFF1D,0xFF1D,0xFF1D,0xFF1D,0xFF1D,0xFF1D,0xFF1D,0xFF1D,0xFF1D,
    0xFF1D,0xFF1D,0xFF1D,0xFF1D,0xFF1D,0xFF1D,0xFF1D,0xFF1D,0xFF1D,0xFF1D,0xFF1D,0xFF1D,
    0xFF1D,0xFF1D,0xFF1D,0xFF1D,0xFF1D,0xFF1D,0xFF1D,0xFF1D,0xFF1D,0xFF1D,0xFF1D,0xFF1D,
    0xFF1D,0xFF1D,0xFF1D,0xFF1D,0xFF1D,0xFF1D,0xFF1D,0xFF1D,0xFF1D,0xFF1D,0xFF1D,0xFF1D,
    0xFF1D,0xFF1D,0xFF1D,0xFF1D,0xFF1D,0xFF1D,0xFF1D,0xFF1D,0xFF1D,0xFF1D,0xFF1D,0xFF1D,
    0xFF1D,0xFF1D,0xFF1D,0xFF1D,0xFF1D,0xFF1D,0xFF1D,0xFF1D,0xFF1D,0xFF1D,0xFF1D,0xFF1D,
    0xFF1D,0xFF1D,0xFF1D,0xFF1D,0xFF1D,0xFF1D,0xFF1D,0xFF1D,0xFF1D,0xFF1D,0xFF1D,0xFF1D,
    0xFF1D,0xFF1D,0xFF1D,0xFF1D,0xFF1D,0xFF1D,0xFF1D,0xFF1D,0xFF1D,0xFF1D,0xFF1D,0xFF1D,
    0xFF1D,0xFF1D,0xFF1D,0xFF1D,0xFF1D,0xFF1D,0xFF1D,0xFF1D,0xFF1D,0xFF1D,0xFF1D,0xFF1D,
    0xFF1D,0xFF1D,0xFF1D,0xFF1D,0xFF1D,0xFF1D,0xFF1D,0xFF1D,0xFF1D,0xFF1D,0xFF1D,0xFF1D,
    0xFF1D,0xFF1D,0xFF1D,0xFF1D,0xFF1D,0xFF1D,0xFF1D,0xFF1D,0xFF1D,0xFF1D,0xFF1D,0xFF1D,
    0xFF1D,0xFF1D,0xFF1D,0xFF1D,0xFF1D,0xFF1D,0xFF1D,0xFF1D,0xFF1D,0xFF1D,0xFF1D,0xFF1D,
    0xFF1D,0xFF1D,0xFF1D,0xFF1D,0xFF1D,0xFF1D,0xFF1D,0xFF1D,0xFF1D,0xFF1D,0xFF1D,0xFF1D,
    0xFF1D,0xFF1D,0xFF1D,0xFF1D,0xFF1D,0xFF1D,0xFF1D,0xFF1D,0xFF1D,0xFF1D,0xFF1D,0xFF1D,
    0xFF1D,0xFF1D,0xFF1D,0xFF1D,0xFF1D,0xFF1D,0xFF1D,0xFF1D,0xFF1D,0xFF1D,0xFF1D,0xFF1D,
    0xFF1D,0xFF1D,0xFF1D,0xFF1D,0xFF1D,0xFF1D,0xFF1D,0xFF1D,0xFF1D,0xFF1D,0xFF1D,0xFF1D,
    0xFF1D,0xFF1D,0xFF1D,0xFF1D,0xFF1D,0xFF1D,0xFF1D,0xFF1D,0xFF1D,0xFF1D,0xFF1D,0xFF1D,
    0xFF1D,0xFF1D,0xFF1D,0xFF1D,0xFF1D,0xFF1D,0xFF1D,0xFF1D,0xFF1D,0xFF1D,0xFF1D,0xFF1D,
    0xFF1D,0xFF1D,0xFF1D,0xFF1D,0xFF1D,0xFF1D,0xFF1D,0xFF1D,0xFF1D,0xFF1D,0xFF1D,0xFF1D,
    0xFF1D,0xFF1D,0xFF1D,0xFF1D,0xFF1D,0xFF1D,0xFF1D,0xFF1D,0xFF1D,0xFF1D,0xFF1D,0xFF1D,
    0xFF1D,0xFF1D,0xFF1D,0xFF1D,0xFF1D,0xFF1D,0xFF1D,0xFF1D,0xFF1D,0xFF1D,0xFF1D,0xFF1D,
    0xFF1D,0xFF1D,0xFF1D,0xFF1D,0xFF1D,0xFF1D,0xFF1D,0xFF1D,0xFF1D,0xFF1D,0xFF1D,0xFF1D,
    0xFF1D,0xFF1D,0xFF1D,0xFF1D,0xFF1D,0xFF1D,0xFF1D,0xFF1D,0xFF1D,0xFF1D,0xFF1D,0xFF1D,
    0xFF1D,0xFF1D,0xFF1D,0xFF1D,0xFF1D,0xFF1D,0xFF1D,0xFF1D,0xFF1D,0xFF1D,0xFF1D,0xFF1D,
    0xFF1D,0xFF1D,0xFF1D,0xFF1D,0xFF1D,0xFF1D,0xFF1D,0xFF1D,0xFF1D,0xFF1D,0xFF1D,0xFF1D,
    0xFF1D,0xFF1D,0xFF1D,0xFF1D,0xFF1D,0xFF1D,0xFF1D,0xFF1D,0xFF1D,0xFF1D,0xFF1D,0xFF1D,
    0xFF1D,0xFF1D,0xFF1D,0xFF1D,0xFF1D,0xFF1D,0xFF1D,0xFF1D,0xFF1D,0xFF1D,0xFF1D,0xFF1D,
    0xFF1D,0xFF1D,0xFF1D,0xFF1D,0xFF1D,0xFF1D,0xFF1D,0xFF1D,0xFF1D,0xFF1D,0xFF1D,0xFF1D,
    0xFF1D,0xFF1D,0xFF1D,0xFF1D,0xFF1D,0xFF1D,0xFF1D,0xFF1D,0xFF1D,0xFF1D,0xFF1D,0xFF1D,
    0xFF1D,0xFF1D,0xFF1D,0xFF1D,0xFF1D,0xFF1D,0xFF1D,0xFF1D,0xFF1D,0xFF1D,0xFF1D,0xFF1D,
    0xFF1D,0xFF1D,0xFF1D,0xFF1D,0xFF1D,0xFF1D,0xFF1D,0xFF1D,0xFF1D,0xFF1D,0xFF1D,0xFF1D,
    0xFF1D,0xFF1D,0xFF1D,0xFF1D,0xFF1D,0xFF1D,0xFF1D,0xFF1D,0xFF1D,0xFF1D,0xFF1D,0xFF1D,
    0xFF1D,0xFF1D,0xFF1D,0xFF1D,0xFF1D,0xFF1D,0xFF1D,0xFF1D,0xFF1D,0xFF1D,0xFF1D,0xFF1D,
    0xFF1D,0xFF1D,0xFF1D,0xFF1D,0xFF1D,0xFF1D,0xFF1D,0xFF1D,0xFF1D,0xFF1D,0xFF1D,0xFF1D,
    0xFF1D,0xFF1D,0xFF1D,0xFF1D,0xFF1D,0xFF1D,0xFF1D,0xFF1D,0xFF1D,0xFF1D,0xFF1D,0xFF1D,
    0xFF1D,0xFF1D,0xFF1D,0xFF1D,0xFF1D,0xFF1D,0xFF1D,0xFF1D,0xFF1D,0xFF1D,0xFF1D,0xFF1D,
    0xFF1D,0xFF1D,0xFF1D,0xFF1D,0xFF1D,0xFF1D,0xFF1D,0xFF1D,0xFF1D,0xFF1D,0xFF1D,0xFF1D,
    0xFF1D,0xFF1D,0xFF1D,0xFF1D,0xFF1D,0xFF1D,0xFF1D,0xFF1D,0xFF1D,0xFF1D,0xFF1D,0xFF1D,
    0xFF1D,0xFF1D,0xFF1D,0xFF1D,0xFF1D,0xFF1D,0xFF1D,0xFF1D,0xFF1D,0xFF1D,0xFF1D,0xFF1D,
    0xFF1D,0xFF1D,0xFF1D,0xFF1D,0xFF1D,0xFF1D,0xFF1D,0xFF1D,0xFF1D,0xFF1D,0xFF1D,0xFF1D,
    0xFF1D,0xFF1D,0xFF1D,0xFF1D,0xFF1D,0xFF1D,0xFF1D,0xFF1D,0xFF1D,0xFF1D,0xFF1D,0xFF1D,
    0xFF1D,0xFF1D,0xFF1D,0xFF1D,0xFF1D,0xFF1D,0xFF1D,0xFF1D,0xFF1D,0xFF1D,0xFF1D,0xFF1D,
    0xFF1D,0xFF1D,0xFF1D,0xFF1D,0xFF1D,0xFF1D,0xFF1D,0xFF1D,0xFF1D,0xFF1D,0xFF1D,0xFF1D,
    0xFF1D,0xFF1D,0xFF1D,0xFF1D,0xFF1D,0xFF1D,0xFF1D,0xFF1D,0xFF1D,0xFF1D,0xFF1D,0xFF1D,
    0xFF1D,0xFF1D,0xFF1D,0xFF1D,0xFF1D,0xFF1D,0xFF1D,0xFF1D,0xFF1D,0xFF1D,0xFF1D,0xFF1D,
    0xFF1D,0xFF1D,0xFF1D,0xFF1D,0xFF1D,0xFF1D,0xFF1D,0xFF1D,0xFF1D,0xFF1D,0xFF1D,0xFF1D,
    0xFF1D,0xFF1D,0xFF1D,0xFF1D,0xFF1D,0xFF1D,0xFF1D,0xFF1D,0xFF1D,0xFF1D,0xFF1D,0xFF1D,
    0xFF1D,0xFF1D,0xFF1D,0xFF1D,0xFF1D,0xFF1D,0xFF1D,0xFF1D,0xFF1D,0xFF1D,0xFF1D,0xFF1D,
    0xFF1D,0xFF1D,0xFF1D,0xFF1D,0xFF1D,0xFF1D,0xFF1D,0xFF1D,0xFF1D,0xFF1D,0xFF1D,0xFF1D,
    0xFF1D,0xFF1D,0xFF1D,0xFF1D,0xFF1D,0xFF1D,0xFF1D,0xFF1D,0xFF1D,0xFF1D,0xFF1D,0xFF1D,
    0xFF1D,0xFF1D,0xFF1D,0xFF1D,0xFF1D,0xFF1D,0xFF1D,0xFF1D,0xFF1D,0xFF1D,0xFF1D,0xFF1D,
    0xFF1D,0xFF1D,0xFF1D,0xFF1D,0xFF1D,0xFF1D,0xFF1D,0xFF1D,0xFF1D,0xFF1D,0xFF1D,0xFF1D,
    0xFF1D,0xFF1D,0xFF1D,0xFF1D,0xFF1D,0xFF1D,0xFF1D,0xFF1D,0xFF1D,0xFF1D,0xFF1D,0xFF1D,
    0xFF1D,0xFF1D,0xFF1D,0xFF1D,0xFF1D,0xFF1D,0xFF1D,0xFF1D,0xFF1D,0xFF1D,0xFF1D,0xFF1D,
    0xFF1D,0xFF1D,0xFF1D,0xFF1D,0xFF1D,0xFF1D,0xFF1D,0xFF1D,0xFF1D,0xFF1D,0xFF1D,0xFF1D,
    0xFF1D,0xFF1D,0xFF1D,0xFF1D,0xFF1D,0xFF1D,0xFF1D,0xFF1D,0xFF1D,0xFF1D,0xFF1D,0xFF1D,
    0xFF1D,0xFF1D,0xFF1D,0xFF1D,0xFF1D,0xFF1D,0xFF1D,0xFF1D,0xFF1D,0xFF1D,0xFF1D,0xFF1D,
    0xFF1D,0xFF1D,0xFF1D,0xFF1D,0xFF1D,0xFF1D,0xFF1D,0xFF1D,0xFF1D,0xFF1D,0xFF1D,0xFF1D,
    0xFF1D,0xFF1D,0xFF1D,0xFF1D,0xFF1D,0xFF1D,0xFF1D,0xFF1D,0xFF1D,0xFF1D,0xFF1D,0xFF1D,
    0xFF1D,0xFF1D,0xFF1D,0xFF1D,0xFF1D,0xFF1D,0xFF1D,0xFF1D,0xFF1D,0xFF1D,0xFF1D,0xFF1D,
    0xFF1D,0xFF1D,0xFF1D,0xFF1D,0xFF1D,0xFF1D,0xFF1D,0xFF1D,0xFF1D,0xFF1D,0xFF1D,0xFF1D,
    0xFF1D,0xFF1D,0xFF1D,0xFF1D,0xFF1D,0xFF1D,0xFF1D,0xFF1D,0xFF1D,0xFF1D,0xFF1D,0xFF1D,
    0xFF1D,0xFF1D,0xFF1D,0xFF1D,0xFF1D,0xFF1D,0xFF1D,0xFF1D,0xFF1D,0xFF1D,0xFF1D,0xFF1D,
    0xFF1D,0xFF1D,0xFF1D,0xFF1D,0xFF1D,0xFF1D,0xFF1D,0xFF1D,0xFF1D,0xFF1D,0xFF1D,0xFF1D,
    0xFF1D,0xFF1D,0xFF1D,0xFF1D,0xFF1D,0xFF1D,0xFF1D,0xFF1D,0xFF1D,0xFF1D,0xFF1D,0xFF1D,
    0xFF1D,0xFF1D,0xFF1D,0xFF1D,0xFF1D,0xFF1D,0xFF1D,0xFF1D,0xFF1D,0xFF1D,0xFF1D,0xFF1D,
    0xFF1D,0xFF1D,0xFF1D,0xFF1D,0xFF1D,0xFF1D,0xFF1D,0xFF1D,0xFF1D,0xFF1D,0xFF1D,0xFF1D,
    0xFF1D,0xFF1D,0xFF1D,0xFF1D,0xFF1D,0xFF1D,0xFF1D,0xFF1D,0xFF1D,0xFF1D,0xFF1D,0xFF1D,
    0xFF1D,0xFF1D,0xFF1D,0xFF1D,0xFF1D,0xFF1D,0xFF1D,0xFF1D,0xFF1D,0xFF1D,0xFF1D,0xFF1D,
    0xFF1D,0xFF1D,0xFF1D,0xFF1D,0xFF1D,0xFF1D,0xFF1D,0xFF1D,0xFF1D,0xFF1D,0xFF1D,0xFF1D,
    0xFF1D,0xFF1D,0xFF1D,0xFF1D,0xFF1D,0xFF1D,0xFF1D,0xFF1D,0xFF1D,0xFF1D,0xFF1D,0xFF1D,
    0xFF1D,0xFF1D,0xFF1D,0xFF1D,0xFF1D,0xFF1D,0xFF1D,0xFF1D,0xFF1D,0xFF1D,0xFF1D,0xFF1D,
    0xFF1D,0xFF1D,0xFF1D,0xFF1D,0xFF1D,0xFF1D,0xFF1D,0xFF1D,0xFF1D,0xFF1D,0xFF1D,0xFF1D,
    0xFF1D,0xFF1D,0xFF1D,0xFF1D,0xFF1D,0xFF1D,0xFF1D,0xFF1D,0xFF1D,0xFF1D,0xFF1D,0xFF1D,
    0xFF1D,0xFF1D,0xFF1D,0xFF1D,0xFF1D,0xFF1D,0xFF1D,0xFF1D,0xFF1D,0xFF1D,0xFF1D,0xFF1D,
    0xFF1D,0xFF1D,0xFF1D,0xFF1D,0xFF1D,0xFF1D,0xFF1D,0xFF1D,0xFF1D,0xFF1D,0xFF1D,0xFF1D,
    0xFF1D,0xFF1D,0xFF1D,0xFF1D,0xFF1D,0xFF1D,0xFF1D,0xFF1D,0xFF1D,0xFF1D,0xFF1D,0xFF1D,
    0xFF1D,0xFF1D,0xFF1D,0xFF1D,0xFF1D,0xFF1D,0xFF1D,0xFF1D,0xFF1D,0xFF1D,0xFF1D,0xFF1D,
    0xFF1D,0xFF1D,0xFF1D,0xFF1D,0xFF1D,0xFF1D,0xFF1D,0xFF1D,0xFF1D,0xFF1D,0xFF1D,0xFF1D,
    0xFF1D,0xFF1D,0xFF1D,0xFF1D,0xFF1D,0xFF1D,0xFF1D,0xFF1D,0xFF1D,0xFF1D,0xFF1D,0xFF1D,
    0xFF1D,0xFF1D,0xFF1D,0xFF1D,0xFF1D,0xFF1D,0xFF1D,0xFF1D,0xFF1D,0xFF1D,0xFF1D,0xFF1D,
    0xFF1D,0xFF1D,0xFF1D,0xFF1D,0xFF1D,0xFF1D,0xFF1D,0xFF1D,0xFF1D,0xFF1D,0xFF1D,0xFF1D,
    0xFF1D,0xFF1D,0xFF1D,0xFF1D,0xFF1D,0xFF1D,0xFF1D,0xFF1D,0xFF1D,0xFF1D,0xFF1D,0xFF1D,
    0xFF1D,0xFF1D,0xFF1D,0xFF1D,0xFF1D,0xFF1D,0xFF1D,0xFF1D,0xFF1D,0xFF1D,0xFF1D,0xFF1D,
    0xFF1D,0xFF1D,0xFF1D,0xFF1D,0xFF1D,0xFF1D,0xFF1D,0xFF1D,0xFF1D,0xFF1D,0xFF1D,0xFF1D,
    0xFF1D,0xFF1D,0xFF1D,0xFF1D,0xFF1D,0xFF1D,0xFF1D,0xFF1D,0xFF1D,0xFF1D,0xFF1D,0xFF1D,
    0xFF1D,0xFF1D,0xFF1D,0xFF1D,0xFF1D,0xFF1D,0xFF1D,0xFF1D,0xFF1D,0xFF1D,0xFF1D,0xFF1D,
    0xFF1D,0xFF1D,0xFF1D,0xFF1D,0xFF1D,0xFF1D,0xFF1D,0xFF1D,0xFF1D,0xFF1D,0xFF1D,0xFF1D,
    0xFF1D,0xFF1D,0xFF1D,0xFF1D,0xFF1D,0xFF1D,0xFF1D,0xFF1D,0xFF1D,0xFF1D,0xFF1D,0xFF1D,
    0xFF1D,0xFF1D,0xFF1D,0xFF1D,0xFF1D,0xFF1D,0xFF1D,0xFF1D,0xFF1D,0xFF1D,0xFF1D,0xFF1D,
    0xFF1D,0xFF1D,0xFF1D,0xFF1D,0xFF1D,0xFF1D,0xFF1D,0xFF1D,0xFF1D,0xFF1D,0xFF1D,0xFF1D,
    0xFF1D,0xFF1D,0xFF1D,0xFF1D,0xFF1D,0xFF1D,0xFF1D,0xFF1D,0xFF1D,0xFF1D,0xFF1D,0xFF1D,
    0xFF1D,0xFF1D,0xFF1D,0xFF1D,0xFF1D,0xFF1D,0xFF1D,0xFF1D,0xFF1D,0xFF1D,0xFF1D,0xFF1D,
    0xFF1D,0xFF1D,0xFF1D,0xFF1D,0xFF1D,0xFF1D,0xFF1D,0xFF1D,0xFF1D,0xFF1D,0xFF1D,0xFF1D,
    0xFF1D,0xFF1D,0xFF1D,0xFF1D,0xFF1D,0xFF1D,0xFF1D,0xFF1D,0xFF1D,0xFF1D,0xFF1D,0xFF1D,
    0xFF1D,0xFF1D,0xFF1D,0xFF1D,0xFF1D,0xFF1D,0xFF1D,0xFF1D,0xFF1D,0xFF1D,0xFF1D,0xFF1D,
    0xFF1D,0xFF1D,0xFF1D,0xFF1D,0xFF1D,0xFF1D,0xFF1D,0xFF1D,0xFF1D,0xFF1D,0xFF1D,0xFF1D,
    0xFF1D,0xFF1D,0xFF1D,0xFF1D,0xFF1D,0xFF1D,0xFF1D,0xFF1D,0xFF1D,0xFF1D,0xFF1D,0xFF1D,
    0xFF1D,0xFF1D,0xFF1D,0xFF1D,0xFF1D,0xFF1D,0xFF1D,0xFF1D,0xFF1D,0xFF1D,0xFF1D,0xFF1D,
    0xFF1D,0xFF1D,0xFF1D,0xFF1D,0xFF1D,0xFF1D,0xFF1D,0xFF1D,0xFF1D,0xFF1D,0xFF1D,0xFF1D,
    0xFF1D,0xFF1D,0xFF1D,0xFF1D,0xFF1D,0xFF1D,0xFF1D,0xFF1D,0xFF1D,0xFF1D,0xFF1D,0xFF1D,
    0xFF1D,0xFF1D,0xFF1D,0xFF1D,0xFF1D,0xFF1D,0xFF1D,0xFF1D,0xFF1D,0xFF1D,0xFF1D,0xFF1D,
    0xFF1D,0xFF1D,0xFF1D,0xFF1D,0xFF1D,0xFF1D,0xFF1D,0xFF1D,0xFF1D,0xFF1D,0xFF1D,0xFF1D,
    0xFF1D,0xFF1D,0xFF1D,0xFF1D,0xFF1D,0xFF1D,0xFF1D,0xFF1D,0xFF1D,0xFF1D,0xFF1D,0xFF1D,
    0xFF1D,0xFF1D,0xFF1D,0xFF1D,0xFF1D,0xFF1D,0xFF1D,0xFF1D,0xFF1D,0xFF1D,0xFF1D,0xFF1D,
    0xFF1D,0xFF1D,0xFF1D,0xFF1D,0xFF1D,0xFF1D,0xFF1D,0xFF1D,0xFF1D,0xFF1D,0xFF1D,0xFF1D,
    0xFF1D,0xFF1D,0xFF1D,0xFF1D,0xFF1D,0xFF1D,0xFF1D,0xFF1D,0xFF1D,0xFF1D,0xFF1D,0xFF1D,
    0xFF1D,0xFF1D,0xFF1D,0xFF1D,0xFF1D,0xFF1D,0xFF1D,0xFF1D,0xFF1D,0xFF1D,0xFF1D,0xFF1D,
    0xFF1D,0xFF1D,0xFF1D,0xFF1D,0xFF1D,0xFF1D,0xFF1D,0xFF1D,0xFF1D,0xFF1D,0xFF1D,0xFF1D,
    0xFF1D,0xFF1D,0xFF1D,0xFF1D,0xFF1D,0xFF1D,0xFF1D,0xFF1D,0xFF1D,0xFF1D,0xFF1D,0xFF1D,
    0xFF1D,0xFF1D,0xFF1D,0xFF1D,0xFF1D,0xFF1D,0xFF1D,0xFF1D,0xFF1D,0xFF1D,0xFF1D,0xFF1D,
    0xFF1D,0xFF1D,0xFF1D,0xFF1D,0xFF1D,0xFF1D,0xFF1D,0xFF1D,0xFF1D,0xFF1D,0xFF1D,0xFF1D,
    0xFF1D,0xFF1D,0xFF1D,0xFF1D,0xFF1D,0xFF1D,0xFF1D,0xFF1D,0xFF1D,0xFF1D,0xFF1D,0xFF1D,
    0xFF1D,0xFF1D,0xFF1D,0xFF1D,0xFF1D,0xFF1D,0xFF1D,0xFF1D,0xFF1D,0xFF1D,0xFF1D,0xFF1D,
    0xFF1D,0xFF1D,0xFF1D,0xFF1D,0xFF1D,0xFF1D,0xFF1D,0xFF1D,0xFF1D,0xFF1D,0xFF1D,0xFF1D,
    0xFF1D,0xFF1D,0xFF1D,0xFF1D,0xFF1D,0xFF1D,0xFF1D,0xFF1D,0xFF1D,0xFF1D,0xFF1D,0xFF1D,
    0xFF1D,0xFF1D,0xFF1D,0xFF1D,0xFF1D,0xFF1D,0xFF1D,0xFF1D,0xFF1D,0xFF1D,0xFF1D,0xFF1D,
    0xFF1D,0xFF1D,0xFF1D,0xFF1D,0xFF1D,0xFF1D,0xFF1D,0xFF1D,0xFF1D,0xFF1D,0xFF1D,0xFF1D,
    0xFF1D,0xFF1D,0xFF1D,0xFF1D,0xFF1D,0xFF1D,0xFF1D,0xFF1D,0xFF1D,0xFF1D,0xFF1D,0xFF1D,
    0xFF1D,0xFF1D,0xFF1D,0xFF1D,0xFF1D,0xFF1D,0xFF1D,0xFF1D,0xFF1D,0xFF1D,0xFF1D,0xFF1D,
    0xFF1D,0xFF1D,0xFF1D,0xFF1D,0xFF1D,0xFF1D,0xFF1D,0xFF1D,0xFF1D,0xFF1D,0xFF1D,0xFF1D,
    0xFF1D,0xFF1D,0xFF1D,0xFF1D,0xFF1D,0xFF1D,0xFF1D,0xFF1D,0xFF1D,0xFF1D,0xFF1D,0xFF1D,
    0xFF1D,0xFF1D,0xFF1D,0xFF1D,0xFF1D,0xFF1D,0xFF1D,0xFF1D,0xFF1D,0xFF1D,0xFF1D,0xFF1D,
    0xFF1D,0xFF1D,0xFF1D,0xFF1D,0xFF1D,0xFF1D,0xFF1D,0xFF1D,0xFF1D,0xFF1D,0xFF1D,0xFF1D,
    0xFF1D,0xFF1D,0xFF1D,0xFF1D,0xFF1D,0xFF1D,0xFF1D,0xFF1D,0xFF1D,0xFF1D,0xFF1D,0xFF1D,
    0xFF1D,0xFF1D,0xFF1D,0xFF1D,0xFF1D,0xFF1D,0xFF1D,0xFF1D,0xFF1D,0xFF1D,0xFF1D,0xFF1D,
    0xFF1D,0xFF1D,0xFF1D,0xFF1D,0xFF1D,0xFF1D,0xFF1D,0xFF1D,0xFF1D,0xFF1D,0xFF1D,0xFF1D,
    0xFF1D,0xFF1D,0xFF1D,0xFF1D,0xFF1D,0xFF1D,0xFF1D,0xFF1D,0xFF1D,0xFF1D,0xFF1D,0xFF1D,
    0xFF1D,0xFF1D,0xFF1D,0xFF1D,0xFF1D,0xFF1D,0xFF1D,0xFF1D,0xFF1D,0xFF1D,0xFF1D,0xFF1D,
    0xFF1D,0xFF1D,0xFF1D,0xFF1D,0xFF1D,0xFF1D,0xFF1D,0xFF1D,0xFF1D,0xFF1D,0xFF1D,0xFF1D,
    0xFF1D,0xFF1D,0xFF1D,0xFF1D,0xFF1D,0xFF1D,0xFF1D,0xFF1D,0xFF1D,0xFF1D,0xFF1D,0xFF1D,
    0xFF1D,0xFF1D,0xFF1D,0xFF1D,0xFF1D,0xFF1D,0xFF1D,0xFF1D,0xFF1D,0xFF1D,0xFF1D,0xFF1D,
    0xFF1D,0xFF1D,0xFF1D,0xFF1D,0xFF1D,0xFF1D,0xFF1D,0xFF1D,0xFF1D,0xFF1D,0xFF1D,0xFF1D,
    0xFF1D,0xFF1D,0xFF1D,0xFF1D,0xFF1D,0xFF1D,0xFF1D,0xFF1D,0xFF1D,0xFF1D,0xFF1D,0xFF1D,
    0xFF1D,0xFF1D,0xFF1D,0xFF1D,0xFF1D,0xFF1D,0xFF1D,0xFF1D,0xFF1D,0xFF1D,0xFF1D,0xFF1D,
    0xFF1D,0xFF1D,0xFF1D,0xFF1D,0xFF1D,0xFF1D,0xFF1D,0xFF1D,0xFF1D,0xFF1D,0xFF1D,0xFF1D,
    0xFF1D,0xFF1D,0xFF1D,0xFF1D,0xFF1D,0xFF1D,0xFF1D,0xFF1D,0xFF1D,0xFF1D,0xFF1D,0xFF1D,
    0xFF1D,0xFF1D,0xFF1D,0xFF1D,0xFF1D,0xFF1D,0xFF1D,0xFF1D,0xFF1D,0xFF1D,0xFF1D,0xFF1D,
    0xFF1D,0xFF1D,0xFF1D,0xFF1D,0xFF1D,0xFF1D,0xFF1D,0xFF1D,0xFF1D,0xFF1D,0xFF1D,0xFF1D,
    0xFF1D,0xFF1D,0xFF1D,0xFF1D,0xFF1D,0xFF1D,0xFF1D,0xFF1D,0xFF1D,0xFF1D,0xFF1D,0xFF1D,
    0xFF1D,0xFF1D,0xFF1D,0xFF1D,0xFF1D,0xFF1D,0xFF1D,0xFF1D,0xFF1D,0xFF1D,0xFF1D,0xFF1D,
    0xFF1D,0xFF1D,0xFF1D,0xFF1D,0xFF1D,0xFF1D,0xFF1D,0xFF1D,0xFF1D,0xFF1D,0xFF1D,0xFF1D,
    0xFF1D,0xFF1D,0xFF1D,0xFF1D,0xFF1D,0xFF1D,0xFF1D,0xFF1D,0xFF1D,0xFF1D,0xFF1D,0xFF1D,
    0xFF1D,0xFF1D,0xFF1D,0xFF1D,0xFF1D,0xFF1D,0xFF1D,0xFF1D,0xFF1D,0xFF1D,0xFF1D,0xFF1D,
    0xFF1D,0xFF1D,0xFF1D,0xFF1D,0xFF1D,0xFF1D,0xFF1D,0xFF1D,0xFF1D,0xFF1D,0xFF1D,0xFF1D,
    0xFF1D,0xFF1D,0xFF1D,0xFF1D,0xFF1D,0xFF1D,0xFF1D,0xFF1D,0xFF1D,0xFF1D,0xFF1D,0xFF1D,
    0xFF1D,0xFF1D,0xFF1D,0xFF1D,0xFF1D,0xFF1D,0xFF1D,0xFF1D,0xFF1D,0xFF1D,0xFF1D,0xFF1D,
    0xFF1D,0xFF1D,0xFF1D,0xFF1D,0xFF1D,0xFF1D,0xFF1D,0xFF1D,0xFF1D,0xFF1D,0xFF1D,0xFF1D,
    0xFF1D,0xFF1D,0xFF1D,0xFF1D,0xFF1D,0xFF1D,0xFF1D,0xFF1D,0xFF1D,0xFF1D,0xFF1D,0xFF1D,
    0xFF1D,0xFF1D,0xFF1D,0xFF1D,0xFF1D,0xFF1D,0xFF1D,0xFF1D,0xFF1D,0xFF1D,0xFF1D,0xFF1D,
    0xFF1D,0xFF1D,0xFF1D,0xFF1D,0xFF1D,0xFF1D,0xFF1D,0xFF1D,0xFF1D,0xFF1D,0xFF1D,0xFF1D,
    0xFF1D,0xFF1D,0xFF1D,0xFF1D,0xFF1D,0xFF1D,0xFF1D,0xFF1D,0xFF1D,0xFF1D,0xFF1D,0xFF1D,
    0xFF1D,0xFF1D,0xFF1D,0xFF1D,0xFF1D,0xFF1D,0xFF1D,0xFF1D,0xFF1D,0xFF1D,0xFF1D,0xFF1D,
    0xFF1D,0xFF1D,0xFF1D,0xFF1D,0xFF1D,0xFF1D,0xFF1D,0xFF1D,0xFF1D,0xFF1D,0xFF1D,0xFF1D,
    0xFF1D,0xFF1D,0xFF1D,0xFF1D,0xFF1D,0xFF1D,0xFF1D,0xFF1D,0xFF1D,0xFF1D,0xFF1D,0xFF1D,
    0xFF1D,0xFF1D,0xFF1D,0xFF1D,0xFF1D,0xFF1D,0xFF1D,0xFF1D,0xFF1D,0xFF1D,0xFF1D,0xFF1D,
    0xFF1D,0xFF1D,0xFF1D,0xFF1D,0xFF1D,0xFF1D,0xFF1D,0xFF1D,0xFF1D,0xFF1D,0xFF1D,0xFF1D,
    0xFF1D,0xFF1D,0xFF1D,0xFF1D,0xFF1D,0xFF1D,0xFF1D,0xFF1D,0xFF1D,0xFF1D,0xFF1D,0xFF1D,
    0xFF1D,0xFF1D,0xFF1D,0xFF1D,0xFF1D,0xFF1D,0xFF1D,0xFF1D,0xFF1D,0xFF1D,0xFF1D,0xFF1D,
    0xFF1D,0xFF1D,0xFF1D,0xFF1D,0xFF1D,0xFF1D,0xFF1D,0xFF1D,0xFF1D,0xFF1D,0xFF1D,0xFF1D,
    0xFF1D,0xFF1D,0xFF1D,0xFF1D,0xFF1D,0xFF1D,0xFF1D,0xFF1D,0xFF1D,0xFF1D,0xFF1D,0xFF1D,
    0xFF1D,0xFF1D,0xFF1D,0xFF1D,0xFF1D,0xFF1D,0xFF1D,0xFF1D,0xFF1D,0xFF1D,0xFF1D,0xFF1D,
    0xFF1D,0xFF1D,0xFF1D,0xFF1D,0xFF1D,0xFF1D,0xFF1D,0xFF1D,0xFF1D,0xFF1D,0xFF1D,0xFF1D,
    0xFF1D,0xFF1D,0xFF1D,0xFF1D,0xFF1D,0xFF1D,0xFF1D,0xFF1D,0xFF1D,0xFF1D,0xFF1D,0xFF1D,
    0xFF1D,0xFF1D,0xFF1D,0xFF1D,0xFF1D,0xFF1D,0xFF1D,0xFF1D,0xFF1D,0xFF1D,0xFF1D,0xFF1D,
    0xFF1D,0xFF1D,0xFF1D,0xFF1D,0xFF1D,0xFF1D,0xFF1D,0xFF1D,0xFF1D,0xFF1D,0xFF1D,0xFF1D,
    0xFF1D,0xFF1D,0xFF1D,0xFF1D,0xFF1D,0xFF1D,0xFF1D,0xFF1D,0xFF1D,0xFF1D,0xFF1D,0xFF1D,
    0xFF1D,0xFF1D,0xFF1D,0xFF1D,0xFF1D,0xFF1D,0xFF1D,0xFF1D,0xFF1D,0xFF1D,0xFF1D,0xFF1D,
    0xFF1D,0xFF1D,0xFF1D,0xFF1D,0xFF1D,0xFF1D,0xFF1D,0xFF1D,0xFF1D,0xFF1D,0xFF1D,0xFF1D,
    0xFF1D,0xFF1D,0xFF1D,0xFF1D,0xFF1D,0xFF1D,0xFF1D,0xFF1D,0xFF1D,0xFF1D,0xFF1D,0xFF1D,
    0xFF1D,0xFF1D,0xFF1D,0xFF1D,0xFF1D,0xFF1D,0xFF1D,0xFF1D,0xFF1D,0xFF1D,0xFF1D,0xFF1D,
    0xFF1D,0xFF1D,0xFF1D,0xFF1D,0xFF1D,0xFF1D,0xFF1D,0xFF1D,0xFF1D,0xFF1D,0xFF1D,0xFF1D,
    0xFF1D,0xFF1D,0xFF1D,0xFF1D,0xFF1D,0xFF1D,0xFF1D,0xFF1D,0xFF1D,0xFF1D,0xFF1D,0xFF1D,
    0xFF1D,0xFF1D,0xFF1D,0xFF1D,0xFF1D,0xFF1D,0xFF1D,0xFF1D,0xFF1D,0xFF1D,0xFF1D,0xFF1D,
    0xFF1D,0xFF1D,0xFF1D,0xFF1D,0xFF1D,0xFF1D,0xFF1D,0xFF1D,0xFF1D,0xFF1D,0xFF1D,0xFF1D,
    0xFF1D,0xFF1D,0xFF1D,0xFF1D,0xFF1D,0xFF1D,0xFF1D,0xFF1D,0xFF1D,0xFF1D,0xFF1D,0xFF1D,
    0xFF1D,0xFF1D,0xFF1D,0xFF1D,0xFF1D,0xFF1D,0xFF1D,0xFF1D,0xFF1D,0xFF1D,0xFF1D,0xFF1D,
    0xFF1D,0xFF1D,0xFF1D,0xFF1D,0xFF1D,0xFF1D,0xFF1D,0xFF1D,0xFF1D,0xFF1D,0xFF1D,0xFF1D,
    0xFF1D,0xFF1D,0xFF1D,0xFF1D,0xFF1D,0xFF1D,0xFF1D,0xFF1D,0xFF1D,0xFF1D,0xFF1D,0xFF1D,
    0xFF1D,0xFF1D,0xFF1D,0xFF1D,0xFF1D,0xFF1D,0xFF1D,0xFF1D,0xFF1D,0xFF1D,0xFF1D,0xFF1D,
    0xFF1D,0xFF1D,0xFF1D,0xFF1D,0xFF1D,0xFF1D,0xFF1D,0xFF1D,0xFF1D,0xFF1D,0xFF1D,0xFF1D,
    0xFF1D,0xFF1D,0xFF1D,0xFF1D,0xFF1D,0xFF1D,0xFF1D,0xFF1D,0xFF1D,0xFF1D,0xFF1D,0xFF1D,
    0xFF1D,0xFF1D,0xFF1D,0xFF1D,0xFF1D,0xFF1D,0xFF1D,0xFF1D,0xFF1D,0xFF1D,0xFF1D,0xFF1D,
    0xFF1D,0xFF1D,0xFF1D,0xFF1D,0xFF1D,0xFF1D,0xFF1D,0xFF1D,0xFF1D,0xFF1D,0xFF1D,0xFF1D,
    0xFF1D,0xFF1D,0xFF1D,0xFF1D,0xFF1D,0xFF1D,0xFF1D,0xFF1D,0xFF1D,0xFF1D,0xFF1D,0xFF1D,
    0xFF1D,0xFF1D,0xFF1D,0xFF1D,0xFF1D,0xFF1D,0xFF1D,0xFF1D,0xFF1D,0xFF1D,0xFF1D,0xFF1D,
    0xFF1D,0xFF1D,0xFF1D,0xFF1D,0xFF1D,0xFF1D,0xFF1D,0xFF1D,0xFF1D,0xFF1D,0xFF1D,0xFF1D,
    0xFF1D,0xFF1D,0xFF1D,0xFF1D,0xFF1D,0xFF1D,0xFF1D,0xFF1D,0xFF1D,0xFF1D,0xFF1D,0xFF1D,
    0xFF1D,0xFF1D,0xFF1D,0xFF1D,0xFF1D,0xFF1D,0xFF1D,0xFF1D,0xFF1D,0xFF1D,0xFF1D,0xFF1D,
    0xFF1D,0xFF1D,0xFF1D,0xFF1D,0xFF1D,0xFF1D,0xFF1D,0xFF1D,0xFF1D,0xFF1D,0xFF1D,0xFF1D,
    0xFF1D,0xFF1D,0xFF1D,0xFF1D,0xFF1D,0xFF1D,0xFF1D,0xFF1D,0xFF1D,0xFF1D,0xFF1D,0xFF1D,
    0xFF1D,0xFF1D,0xFF1D,0xFF1D,0xFF1D,0xFF1D,0xFF1D,0xFF1D,0xFF1D,0xFF1D,0xFF1D,0xFF1D,
    0xFF1D,0xFF1D,0xFF1D,0xFF1D,0xFF1D,0xFF1D,0xFF1D,0xFF1D,0xFF1D,0xFF1D,0xFF1D,0xFF1D,
    0xFF1D,0xFF1D,0xFF1D,0xFF1D,0xFF1D,0xFF1D,0xFF1D,0xFF1D,0xFF1D,0xFF1D,0xFF1D,0xFF1D,
    0xFF1D,0xFF1D,0xFF1D,0xFF1D,0xFF1D,0xFF1D,0xFF1D,0xFF1D,0xFF1D,0xFF1D,0xFF1D,0xFF1D,
    0xFF1D,0xFF1D,0xFF1D,0xFF1D,0xFF1D,0xFF1D,0xFF1D,0xFF1D,0xFF1D,0xFF1D,0xFF1D,0xFF1D,
    0xFF1D,0xFF1D,0xFF1D,0xFF1D,0xFF1D,0xFF1D,0xFF1D,0xFF1D,0xFF1D,0xFF1D,0xFF1D,0xFF1D,
    0xFF1D,0xFF1D,0xFF1D,0xFF1D,0xFF1D,0xFF1D,0xFF1D,0xFF1D,0xFF1D,0xFF1D,0xFF1D,0xFF1D,
    0xFF1D,0xFF1D,0xFF1D,0xFF1D,0xFF1D,0xFF1D,0xFF1D,0xFF1D,0xFF1D,0xFF1D,0xFF1D,0xFF1D,
    0xFF1D,0xFF1D,0xFF1D,0xFF1D,0xFF1D,0xFF1D,0xFF1D,0xFF1D,0xFF1D,0xFF1D,0xFF1D,0xFF1D,
    0xFF1D,0xFF1D,0xFF1D,0xFF1D,0xFF1D,0xFF1D,0xFF1D,0xFF1D,0xFF1D,0xFF1D,0xFF1D,0xFF1D,
    0xFF1D,0xFF1D,0xFF1D,0xFF1D,0xFF1D,0xFF1D,0xFF1D,0xFF1D,0xFF1D,0xFF1D,0xFF1D,0xFF1D,
    0xFF1D,0xFF1D,0xFF1D,0xFF1D,0xFF1D,0xFF1D,0xFF1D,0xFF1D,0xFF1D,0xFF1D,0xFF1D,0xFF1D,
    0xFF1D,0xFF1D,0xFF1D,0xFF1D,0xFF1D,0xFF1D,0xFF1D,0xFF1D,0xFF1D,0xFF1D,0xFF1D,0xFF1D,
    0xFF1D,0xFF1D,0xFF1D,0xFF1D,0xFF1D,0xFF1D,0xFF1D,0xFF1D,0xFF1D,0xFF1D,0xFF1D,0xFF1D,
    0xFF1D,0xFF1D,0xFF1D,0xFF1D,0xFF1D,0xFF1D,0xFF1D,0xFF1D,0xFF1D,0xFF1D,0xFF1D,0xFF1D,
    0xFF1D,0xFF1D,0xFF1D,0xFF1D,0xFF1D,0xFF1D,0xFF1D,0xFF1D,0xFF1D,0xFF1D,0xFF1D,0xFF1D,
    0xFF1D,0xFF1D,0xFF1D,0xFF1D,0xFF1D,0xFF1D,0xFF1D,0xFF1D,0xFF1D,0xFF1D,0xFF1D,0xFF1D,
    0xFF1D,0xFF1D,0xFF1D,0xFF1D,0xFF1D,0xFF1D,0xFF1D,0xFF1D,0xFF1D,0xFF1D,0xFF1D,0xFF1D,
    0xFF1D,0xFF1D,0xFF1D,0xFF1D,0xFF1D,0xFF1D,0xFF1D,0xFF1D,0xFF1D,0xFF1D,0xFF1D,0xFF1D,
    0xFF1D,0xFF1D,0xFF1D,0xFF1D,0xFF1D,0xFF1D,0xFF1D,0xFF1D,0xFF1D,0xFF1D,0xFF1D,0xFF1D,
    0xFF1D,0xFF1D,0xFF1D,0xFF1D,0xFF1D,0xFF1D,0xFF1D,0xFF1D,0xFF1D,0xFF1D,0xFF1D,0xFF1D,
    0xFF1D,0xFF1D,0xFF1D,0xFF1D,0xFF1D,0xFF1D,0xFF1D,0xFF1D,0xFF1D,0xFF1D,0xFF1D,0xFF1D,
    0xFF1D,0xFF1D,0xFF1D,0xFF1D,0xFF1D,0xFF1D,0xFF1D,0xFF1D,0xFF1D,0xFF1D,0xFF1D,0xFF1D,
    0xFF1D,0xFF1D,0xFF1D,0xFF1D,0xFF1D,0xFF1D,0xFF1D,0xFF1D,0xFF1D,0xFF1D,0xFF1D,0xFF1D,
    0xFF1D,0xFF1D,0xFF1D,0xFF1D,0xFF1D,0xFF1D,0xFF1D,0xFF1D,0xFF1D,0xFF1D,0xFF1D,0xFF1D,
    0xFF1D,0xFF1D,0xFF1D,0xFF1D,0xFF1D,0xFF1D,0xFF1D,0xFF1D,0xFF1D,0xFF1D,0xFF1D,0xFF1D,
    0xFF1D,0xFF1D,0xFF1D,0xFF1D,0xFF1D,0xFF1D,0xFF1D,0xFF1D,0xFF1D,0xFF1D,0xFF1D,0xFF1D,
    0xFF1D,0xFF1D,0xFF1D,0xFF1D,0xFF1D,0xFF1D,0xFF1D,0xFF1D,0xFF1D,0xFF1D,0xFF1D,0xFF1D,
    0xFF1D,0xFF1D,0xFF1D,0xFF1D,0xFF1D,0xFF1D,0xFF1D,0xFF1D,0xFF1D,0xFF1D,0xFF1D,0xFF1D,
    0xFF1D,0xFF1D,0xFF1D,0xFF1D,0xFF1D,0xFF1D,0xFF1D,0xFF1D,0xFF1D,0xFF1D,0xFF1D,0xFF1D,
    0xFF1D,0xFF1D,0xFF1D,0xFF1D,0xFF1D,0xFF1D,0xFF1D,0xFF1D,0xFF1D,0xFF1D,0xFF1D,0xFF1D,
    0xFF1D,0xFF1D,0xFF1D,0xFF1D,0xFF1D,0xFF1D,0xFF1D,0xFF1D,0xFF1D,0xFF1D,0xFF1D,0xFF1D,
    0xFF1D,0xFF1D,0xFF1D,0xFF1D,0xFF1D,0xFF1D,0xFF1D,0xFF1D,0xFF1D,0xFF1D,0xFF1D,0xFF1D,
    0xFF1D,0xFF1D,0xFF1D,0xFF1D,0xFF1D,0xFF1D,0xFF1D,0xFF1D,0xFF1D,0xFF1D,0xFF1D,0xFF1D,
    0xFF1D,0xFF1D,0xFF1D,0xFF1D,0xFF1D,0xFF1D,0xFF1D,0xFF1D,0xFF1D,0xFF1D,0xFF1D,0xFF1D,
    0xFF1D,0xFF1D,0xFF1D,0xFF1D,0xFF1D,0xFF1D,0xFF1D,0xFF1D,0xFF1D,0xFF1D,0xFF1D,0xFF1D,
    0xFF1D,0xFF1D,0xFF1D,0xFF1D,0xFF1D,0xFF1D,0xFF1D,0xFF1D,0xFF1D,0xFF1D,0xFF1D,0xFF1D,
    0xFF1D,0xFF1D,0xFF1D,0xFF1D,0xFF1D,0xFF1D,0xFF1D,0xFF1D,0xFF1D,0xFF1D,0xFF1D,0xFF1D,
    0xFF1D,0xFF1D,0xFF1D,0xFF1D,0xFF1D,0xFF1D,0xFF1D,0xFF1D,0xFF1D,0xFF1D,0xFF1D,0xFF1D,
    0xFF1D,0xFF1D,0xFF1D,0xFF1D,0xFF1D,0xFF1D,0xFF1D,0xFF1D,0xFF1D,0xFF1D,0xFF1D,0xFF1D,
    0xFF1D,0xFF1D,0xFF1D,0xFF1D,0xFF1D,0xFF1D,0xFF1D,0xFF1D,0xFF1D,0xFF1D,0xFF1D,0xFF1D,
    0xFF1D,0xFF1D,0xFF1D,0xFF1D,0xFF1D,0xFF1D,0xFF1D,0xFF1D,0xFF1D,0xFF1D,0xFF1D,0xFF1D,
    0xFF1D,0xFF1D,0xFF1D,0xFF1D,0xFF1D,0xFF1D,0xFF1D,0xFF1D,0xFF1D,0xFF1D,0xFF1D,0xFF1D,
    0xFF1D,0xFF1D,0xFF1D,0xFF1D,0xFF1D,0xFF1D,0xFF1D,0xFF1D,0xFF1D,0xFF1D,0xFF1D,0xFF1D,
    0xFF1D,0xFF1D,0xFF1D,0xFF1D,0xFF1D,0xFF1D,0xFF1D,0xFF1D,0xFF1D,0xFF1D,0xFF1D,0xFF1D,
    0xFF1D,0xFF1D,0xFF1D,0xFF1D,0xFF1D,0xFF1D,0xFF1D,0xFF1D,0xFF1D,0xFF1D,0xFF1D,0xFF1D,
    0xFF1D,0xFF1D,0xFF1D,0xFF1D,0xFF1D,0xFF1D,0xFF1D,0xFF1D,0xFF1D,0xFF1D,0xFF1D,0xFF1D,
    0xFF1D,0xFF1D,0xFF1D,0xFF1D,0xFF1D,0xFF1D,0xFF1D,0xFF1D,0xFF1D,0xFF1D,0xFF1D,0xFF1D,
    0xFF1D,0xFF1D,0xFF1D,0xFF1D,0xFF1D,0xFF1D,0xFF1D,0xFF1D,0xFF1D,0xFF1D,0xFF1D,0xFF1D,
    0xFF1D,0xFF1D,0xFF1D,0xFF1D,0xFF1D,0xFF1D,0xFF1D,0xFF1D,0xFF1D,0xFF1D,0xFF1D,0xFF1D,
    0xFF1D,0xFF1D,0xFF1D,0xFF1D,0xFF1D,0xFF1D,0xFF1D,0xFF1D,0xFF1D,0xFF1D,0xFF1D,0xFF1D,
    0xFF1D,0xFF1D,0xFF1D,0xFF1D,0xFF1D,0xFF1D,0xFF1D,0xFF1D,0xFF1D,0xFF1D,0xFF1D,0xFF1D,
    0xFF1D,0xFF1D,0xFF1D,0xFF1D,0xFF1D,0xFF1D,0xFF1D,0xFF1D,0xFF1D,0xFF1D,0xFF1D,0xFF1D,
    0xFF1D,0xFF1D,0xFF1D,0xFF1D,0xFF1D,0xFF1D,0xFF1D,0xFF1D,0xFF1D,0xFF1D,0xFF1D,0xFF1D,
    0xFF1D,0xFF1D,0xFF1D,0xFF1D,0xFF1D,0xFF1D,0xFF1D,0xFF1D,0xFF1D,0xFF1D,0xFF1D,0xFF1D,
    0xFF1D,0xFF1D,0xFF1D,0xFF1D,0xFF1D,0xFF1D,0xFF1D,0xFF1D,0xFF1D,0xFF1D,0xFF1D,0xFF1D,
    0xFF1D,0xFF1D,0xFF1D,0xFF1D,0xFF1D,0xFF1D,0xFF1D,0xFF1D,0xFF1D,0xFF1D,0xFF1D,0xFF1D,
    0xFF1D,0xFF1D,0xFF1D,0xFF1D,0xFF1D,0xFF1D,0xFF1D,0xFF1D,0xFF1D,0xFF1D,0xFF1D,0xFF1D,
    0xFF1D,0xFF1D,0xFF1D,0xFF1D,0xFF1D,0xFF1D,0xFF1D,0xFF1D,0xFF1D,0xFF1D,0xFF1D,0xFF1D,
    0xFF1D,0xFF1D,0xFF1D,0xFF1D,0xFF1D,0xFF1D,0xFF1D,0xFF1D,0xFF1D,0xFF1D,0xFF1D,0xFF1D,
    0xFF1D,0xFF1D,0xFF1D,0xFF1D,0xFF1D,0xFF1D,0xFF1D,0xFF1D,0xFF1D,0xFF1D,0xFF1D,0xFF1D,
    0xFF1D,0xFF1D,0xFF1D,0xFF1D,0xFF1D,0xFF1D,0xFF1D,0xFF1D,0xFF1D,0xFF1D,0xFF1D,0xFF1D,
    0xFF1D,0xFF1D,0xFF1D,0xFF1D,0xFF1D,0xFF1D,0xFF1D,0xFF1D,0xFF1D,0xFF1D,0xFF1D,0xFF1D,
    0xFF1D,0xFF1D,0xFF1D,0xFF1D,0xFF1D,0xFF1D,0xFF1D,0xFF1D,0xFF1D,0xFF1D,0xFF1D,0xFF1D,
    0xFF1D,0xFF1D,0xFF1D,0xFF1D,0xFF1D,0xFF1D,0xFF1D,0xFF1D,0xFF1D,0xFF1D,0xFF1D,0xFF1D,
    0xFF1D,0xFF1D,0xFF1D,0xFF1D,0xFF1D,0xFF1D,0xFF1D,0xFF1D,0xFF1D,0xFF1D,0xFF1D,0xFF1D,
    0xFF1D,0xFF1D,0xFF1D,0xFF1D,0xFF1D,0xFF1D,0xFF1D,0xFF1D,0xFF1D,0xFF1D,0xFF1D,0xFF1D,
    0xFF1D,0xFF1D,0xFF1D,0xFF1D,0xFF1D,0xFF1D,0xFF1D,0xFF1D,0xFF1D,0xFF1D,0xFF1D,0xFF1D,
    0xFF1D,0xFF1D,0xFF1D,0xFF1D,0xFF1D,0xFF1D,0xFF1D,0xFF1D,0xFF1D,0xFF1D,0xFF1D,0xFF1D,
    0xFF1D,0xFF1D,0xFF1D,0xFF1D,0xFF1D,0xFF1D,0xFF1D,0xFF1D,0xFF1D,0xFF1D,0xFF1D,0xFF1D,
    0xFF1D,0xFF1D,0xFF1D,0xFF1D,0xFF1D,0xFF1D,0xFF1D,0xFF1D,0xFF1D,0xFF1D,0xFF1D,0xFF1D,
    0xFF1D,0xFF1D,0xFF1D,0xFF1D,0xFF1D,0xFF1D,0xFF1D,0xFF1D,0xFF1D,0xFF1D,0xFF1D,0xFF1D,
    0xFF1D,0xFF1D,0xFF1D,0xFF1D,0xFF1D,0xFF1D,0xFF1D,0xFF1D,0xFF1D,0xFF1D,0xFF1D,0xFF1D,
    0xFF1D,0xFF1D,0xFF1D,0xFF1D,0xFF1D,0xFF1D,0xFF1D,0xFF1D,0xFF1D,0xFF1D,0xFF1D,0xFF1D,
    0xFF1D,0xFF1D,0xFF1D,0xFF1D,0xFF1D,0xFF1D,0xFF1D,0xFF1D,0xFF1D,0xFF1D,0xFF1D,0xFF1D,
    0xFF1D,0xFF1D,0xFF1D,0xFF1D,0xFF1D,0xFF1D,0xFF1D,0xFF1D,0xFF1D,0xFF1D,0xFF1D,0xFF1D,
    0xFF1D,0xFF1D,0xFF1D,0xFF1D,0xFF1D,0xFF1D,0xFF1D,0xFF1D,0xFF1D,0xFF1D,0xFF1D,0xFF1D,
    0xFF1D,0xFF1D,0xFF1D,0xFF1D,0xFF1D,0xFF1D,0xFF1D,0xFF1D,0xFF1D,0xFF1D,0xFF1D,0xFF1D,
    0xFF1D,0xFF1D,0xFF1D,0xFF1D,0xFF1D,0xFF1D,0xFF1D,0xFF1D,0xFF1D,0xFF1D,0xFF1D,0xFF1D,
    0xFF1D,0xFF1D,0xFF1D,0xFF1D,0xFF1D,0xFF1D,0xFF1D,0xFF1D,0xFF1D,0xFF1D,0xFF1D,0xFF1D,
    0xFF1D,0xFF1D,0xFF1D,0xFF1D,0xFF1D,0xFF1D,0xFF1D,0xFF1D,0xFF1D,0xFF1D,0xFF1D,0xFF1D,
    0xFF1D,0xFF1D,0xFF1D,0xFF1D,0xFF1D,0xFF1D,0xFF1D,0xFF1D,0xFF1D,0xFF1D,0xFF1D,0xFF1D,
    0xFF1D,0xFF1D,0xFF1D,0xFF1D,0xFF1D,0xFF1D,0xFF1D,0xFF1D,0xFF1D,0xFF1D,0xFF1D,0xFF1D,
    0xFF1D,0xFF1D,0xFF1D,0xFF1D,0xFF1D,0xFF1D,0xFF1D,0xFF1D,0xFF1D,0xFF1D,0xFF1D,0xFF1D,
    0xFF1D,0xFF1D,0xFF1D,0xFF1D,0xFF1D,0xFF1D,0xFF1D,0xFF1D,0xFF1D,0xFF1D,0xFF1D,0xFF1D,
    0xFF1D,0xFF1D,0xFF1D,0xFF1D,0xFF1D,0xFF1D,0xFF1D,0xFF1D,0xFF1D,0xFF1D,0xFF1D,0xFF1D,
    0xFF1D,0xFF1D,0xFF1D,0xFF1D,0xFF1D,0xFF1D,0xFF1D,0xFF1D,0xFF1D,0xFF1D,0xFF1D,0xFF1D,
    0xFF1D,0xFF1D,0xFF1D,0xFF1D,0xFF1D,0xFF1D,0xFF1D,0xFF1D,0xFF1D,0xFF1D,0xFF1D,0xFF1D,
    0xFF1D,0xFF1D,0xFF1D,0xFF1D,0xFF1D,0xFF1D,0xFF1D,0xFF1D,0xFF1D,0xFF1D,0xFF1D,0xFF1D,
    0xFF1D,0xFF1D,0xFF1D,0xFF1D,0xFF1D,0xFF1D,0xFF1D,0xFF1D,0xFF1D,0xFF1D,0xFF1D,0xFF1D,
    0xFF1D,0xFF1D,0xFF1D,0xFF1D,0xFF1D,0xFF1D,0xFF1D,0xFF1D,0xFF1D,0xFF1D,0xFF1D,0xFF1D,
    0xFF1D,0xFF1D,0xFF1D,0xFF1D,0xFF1D,0xFF1D,0xFF1D,0xFF1D,0xFF1D,0xFF1D,0xFF1D,0xFF1D,
    0xFF1D,0xFF1D,0xFF1D,0xFF1D,0xFF1D,0xFF1D,0xFF1D,0xFF1D,0xFF1D,0xFF1D,0xFF1D,0xFF1D,
    0xFF1D,0xFF1D,0xFF1D,0xFF1D,0xFF1D,0xFF1D,0xFF1D,0xFF1D,0xFF1D,0xFF1D,0xFF1D,0xFF1D,
    0xFF1D,0xFF1D,0xFF1D,0xFF1D,0xFF1D,0xFF1D,0xFF1D,0xFF1D,0xFF1D,0xFF1D,0xFF1D,0xFF1D,
    0xFF1D,0xFF1D,0xFF1D,0xFF1D,0xFF1D,0xFF1D,0xFF1D,0xFF1D,0xFF1D,0xFF1D,0xFF1D,0xFF1D,
    0xFF1D,0xFF1D,0xFF1D,0xFF1D,0xFF1D,0xFF1D,0xFF1D,0xFF1D,0xFF1D,0xFF1D,0xFF1D,0xFF1D,
    0xFF1D,0xFF1D,0xFF1D,0xFF1D,0xFF1D,0xFF1D,0xFF1D,0xFF1D,0xFF1D,0xFF1D,0xFF1D,0xFF1D,
    0xFF1D,0xFF1D,0xFF1D,0xFF1D,0xFF1D,0xFF1D,0xFF1D,0xFF1D,0xFF1D,0xFF1D,0xFF1D,0xFF1D,
    0xFF1D,0xFF1D,0xFF1D,0xFF1D,0xFF1D,0xFF1D,0xFF1D,0xFF1D,0xFF1D,0xFF1D,0xFF1D,0xFF1D,
    0xFF1D,0xFF1D,0xFF1D,0xFF1D,0xFF1D,0xFF1D,0xFF1D,0xFF1D,0xFF1D,0xFF1D,0xFF1D,0xFF1D,
    0xFF1D,0xFF1D,0xFF1D,0xFF1D,0xFF1D,0xFF1D,0xFF1D,0xFF1D,0xFF1D,0xFF1D,0xFF1D,0xFF1D,
    0xFF1D,0xFF1D,0xFF1D,0xFF1D,0xFF1D,0xFF1D,0xFF1D,0xFF1D,0xFF1D,0xFF1D,0xFF1D,0xFF1D,
    0xFF1D,0xFF1D,0xFF1D,0xFF1D,0xFF1D,0xFF1D,0xFF1D,0xFF1D,0xFF1D,0xFF1D,0xFF1D,0xFF1D,
    0xFF1D,0xFF1D,0xFF1D,0xFF1D,0xFF1D,0xFF1D,0xFF1D,0xFF1D,0xFF1D,0xFF1D,0xFF1D,0xFF1D,
    0xFF1D,0xFF1D,0xFF1D,0xFF1D,0xFF1D,0xFF1D,0xFF1D,0xFF1D,0xFF1D,0xFF1D,0xFF1D,0xFF1D,
    0xFF1D,0xFF1D,0xFF1D,0xFF1D,0xFF1D,0xFF1D,0xFF1D,0xFF1D,0xFF1D,0xFF1D,0xFF1D,0xFF1D,
    0xFF1D,0xFF1D,0xFF1D,0xFF1D,0xFF1D,0xFF1D,0xFF1D,0xFF1D,0xFF1D,0xFF1D,0xFF1D,0xFF1D,
    0xFF1D,0xFF1D,0xFF1D,0xFF1D,0xFF1D,0xFF1D,0xFF1D,0xFF1D,0xFF1D,0xFF1D,0xFF1D,0xFF1D,
    0xFF1D,0xFF1D,0xFF1D,0xFF1D,0xFF1D,0xFF1D,0xFF1D,0xFF1D,0xFF1D,0xFF1D,0xFF1D,0xFF1D,
    0xFF1D,0xFF1D,0xFF1D,0xFF1D,0xFF1D,0xFF1D,0xFF1D,0xFF1D,0xFF1D,0xFF1D,0xFF1D,0xFF1D,
    0xFF1D,0xFF1D,0xFF1D,0xFF1D,0xFF1D,0xFF1D,0xFF1D,0xFF1D,0xFF1D,0xFF1D,0xFF1D,0xFF1D,
    0xFF1D,0xFF1D,0xFF1D,0xFF1D,0xFF1D,0xFF1D,0xFF1D,0xFF1D,0xFF1D,0xFF1D,0xFF1D,0xFF1D,
    0xFF1D,0xFF1D,0xFF1D,0xFF1D,0xFF1D,0xFF1D,0xFF1D,0xFF1D,0xFF1D,0xFF1D,0xFF1D,0xFF1D,
    0xFF1D,0xFF1D,0xFF1D,0xFF1D,0xFF1D,0xFF1D,0xFF1D,0xFF1D,0xFF1D,0xFF1D,0xFF1D,0xFF1D,
    0xFF1D,0xFF1D,0xFF1D,0xFF1D,0xFF1D,0xFF1D,0xFF1D,0xFF1D,0xFF1D,0xFF1D,0xFF1D,0xFF1D,
    0xFF1D,0xFF1D,0xFF1D,0xFF1D,0xFF1D,0xFF1D,0xFF1D,0xFF1D,0xFF1D,0xFF1D,0xFF1D,0xFF1D,
    0xFF1D,0xFF1D,0xFF1D,0xFF1D,0xFF1D,0xFF1D,0xFF1D,0xFF1D,0xFF1D,0xFF1D,0xFF1D,0xFF1D,
    0xFF1D,0xFF1D,0xFF1D,0xFF1D,0xFF1D,0xFF1D,0xFF1D,0xFF1D,0xFF1D,0xFF1D,0xFF1D,0xFF1D,
    0xFF1D,0xFF1D,0xFF1D,0xFF1D,0xFF1D,0xFF1D,0xFF1D,0xFF1D,0xFF1D,0xFF1D,0xFF1D,0xFF1D,
    0xFF1D,0xFF1D,0xFF1D,0xFF1D,0xFF1D,0xFF1D,0xFF1D,0xFF1D,0xFF1D,0xFF1D,0xFF1D,0xFF1D,
    0xFF1D,0xFF1D,0xFF1D,0xFF1D,0xFF1D,0xFF1D,0xFF1D,0xFF1D,0xFF1D,0xFF1D,0xFF1D,0xFF1D,
    0xFF1D,0xFF1D,0xFF1D,0xFF1D,0xFF1D,0xFF1D,0xFF1D,0xFF1D,0xFF1D,0xFF1D,0xFF1D,0xFF1D,
    0xFF1D,0xFF1D,0xFF1D,0xFF1D,0xFF1D,0xFF1D,0xFF1D,0xFF1D,0xFF1D,0xFF1D,0xFF1D,0xFF1D,
    0xFF1D,0xFF1D,0xFF1D,0xFF1D,0xFF1D,0xFF1D,0xFF1D,0xFF1D,0xFF1D,0xFF1D,0xFF1D,0xFF1D,
    0xFF1D,0xFF1D,0xFF1D,0xFF1D,0xFF1D,0xFF1D,0xFF1D,0xFF1D,0xFF1D,0xFF1D,0xFF1D,0xFF1D,
    0xFF1D,0xFF1D,0xFF1D,0xFF1D,0xFF1D,0xFF1D,0xFF1D,0xFF1D,0xFF1D,0xFF1D,0xFF1D,0xFF1D,
    0xFF1D,0xFF1D,0xFF1D,0xFF1D,0xFF1D,0xFF1D,0xFF1D,0xFF1D,0xFF1D,0xFF1D,0xFF1D,0xFF1D,
    0xFF1D,0xFF1D,0xFF1D,0xFF1D,0xFF1D,0xFF1D,0xFF1D,0xFF1D,0xFF1D,0xFF1D,0xFF1D,0xFF1D,
    0xFF1D,0xFF1D,0xFF1D,0xFF1D,0xFF1D,0xFF1D,0xFF1D,0xFF1D,0xFF1D,0xFF1D,0xFF1D,0xFF1D,
    0xFF1D,0xFF1D,0xFF1D,0xFF1D,0xFF1D,0xFF1D,0xFF1D,0xFF1D,0xFF1D,0xFF1D,0xFF1D,0xFF1D,
    0xFF1D,0xFF1D,0xFF1D,0xFF1D,0xFF1D,0xFF1D,0xFF1D,0xFF1D,0xFF1D,0xFF1D,0xFF1D,0xFF1D,
    0xFF1D,0xFF1D,0xFF1D,0xFF1D,0xFF1D,0xFF1D,0xFF1D,0xFF1D,0xFF1D,0xFF1D,0xFF1D,0xFF1D,
    0xFF1D,0xFF1D,0xFF1D,0xFF1D,0xFF1D,0xFF1D,0xFF1D,0xFF1D,0xFF1D,0xFF1D,0xFF1D,0xFF1D,
    0xFF1D,0xFF1D,0xFF1D,0xFF1D,0xFF1D,0xFF1D,0xFF1D,0xFF1D,0xFF1D,0xFF1D,0xFF1D,0xFF1D,
    0xFF1D,0xFF1D,0xFF1D,0xFF1D,0xFF1D,0xFF1D,0xFF1D,0xFF1D,0xFF1D,0xFF1D,0xFF1D,0xFF1D,
    0xFF1D,0xFF1D,0xFF1D,0xFF1D,0xFF1D,0xFF1D,0xFF1D,0xFF1D,0xFF1D,0xFF1D,0xFF1D,0xFF1D,
    0xFF1D,0xFF1D,0xFF1D,0xFF1D,0xFF1D,0xFF1D,0xFF1D,0xFF1D,0xFF1D,0xFF1D,0xFF1D,0xFF1D,
    0xFF1D,0xFF1D,0xFF1D,0xFF1D,0xFF1D,0xFF1D,0xFF1D,0xFF1D,0xFF1D,0xFF1D,0xFF1D,0xFF1D,
    0xFF1D,0xFF1D,0xFF1D,0xFF1D,0xFF1D,0xFF1D,0xFF1D,0xFF1D,0xFF1D,0xFF1D,0xFF1D,0xFF1D,
    0xFF1D,0xFF1D,0xFF1D,0xFF1D,0xFF1D,0xFF1D,0xFF1D,0xFF1D,0xFF1D,0xFF1D,0xFF1D,0xFF1D,
    0xFF1D,0xFF1D,0xFF1D,0xFF1D,0xFF1D,0xFF1D,0xFF1D,0xFF1D,0xFF1D,0xFF1D,0xFF1D,0xFF1D,
    0xFF1D,0xFF1D,0xFF1D,0xFF1D,0xFF1D,0xFF1D,0xFF1D,0xFF1D,0xFF1D,0xFF1D,0xFF1D,0xFF1D,
    0xFF1D,0xFF1D,0xFF1D,0xFF1D,0xFF1D,0xFF1D,0xFF1D,0xFF1D,0xFF1D,0xFF1D,0xFF1D,0xFF1D,
    0xFF1D,0xFF1D,0xFF1D,0xFF1D,0xFF1D,0xFF1D,0xFF1D,0xFF1D,0xFF1D,0xFF1D,0xFF1D,0xFF1D,
    0xFF1D,0xFF1D,0xFF1D,0xFF1D,0xFF1D,0xFF1D,0xFF1D,0xFF1D,0xFF1D,0xFF1D,0xFF1D,0xFF1D,
    0xFF1D,0xFF1D,0xFF1D,0xFF1D,0xFF1D,0xFF1D,0xFF1D,0xFF1D,0xFF1D,0xFF1D,0xFF1D,0xFF1D,
    0xFF1D,0xFF1D,0xFF1D,0xFF1D,0xFF1D,0xFF1D,0xFF1D,0xFF1D,0xFF1D,0xFF1D,0xFF1D,0xFF1D,
    0xFF1D,0xFF1D,0xFF1D,0xFF1D,0xFF1D,0xFF1D,0xFF1D,0xFF1D,0xFF1D,0xFF1D,0xFF1D,0xFF1D,
    0xFF1D,0xFF1D,0xFF1D,0xFF1D,0xFF1D,0xFF1D,0xFF1D,0xFF1D,0xFF1D,0xFF1D,0xFF1D,0xFF1D,
    0xFF1D,0xFF1D,0xFF1D,0xFF1D,0xFF1D,0xFF1D,0xFF1D,0xFF1D,0xFF1D,0xFF1D,0xFF1D,0xFF1D,
    0xFF1D,0xFF1D,0xFF1D,0xFF1D,0xFF1D,0xFF1D,0xFF1D,0xFF1D,0xFF1D,0xFF1D,0xFF1D,0xFF1D,
    0xFF1D,0xFF1D,0xFF1D,0xFF1D,0xFF1D,0xFF1D,0xFF1D,0xFF1D,0xFF1D,0xFF1D,0xFF1D,0xFF1D,
    0xFF1D,0xFF1D,0xFF1D,0xFF1D,0xFF1D,0xFF1D,0xFF1D,0xFF1D,0xFF1D,0xFF1D,0xFF1D,0xFF1D,
    0xFF1D,0xFF1D,0xFF1D,0xFF1D,0xFF1D,0xFF1D,0xFF1D,0xFF1D,0xFF1D,0xFF1D,0xFF1D,0xFF1D,
    0xFF1D,0xFF1D,0xFF1D,0xFF1D,0xFF1D,0xFF1D,0xFF1D,0xFF1D,0xFF1D,0xFF1D,0xFF1D,0xFF1D,
    0xFF1D,0xFF1D,0xFF1D,0xFF1D,0xFF1D,0xFF1D,0xFF1D,0xFF1D,0xFF1D,0xFF1D,0xFF1D,0xFF1D,
    0xFF1D,0xFF1D,0xFF1D,0xFF1D,0xFF1D,0xFF1D,0xFF1D,0xFF1D,0xFF1D,0xFF1D,0xFF1D,0xFF1D,
    0xFF1D,0xFF1D,0xFF1D,0xFF1D,0xFF1D,0xFF1D,0xFF1D,0xFF1D,0xFF1D,0xFF1D,0xFF1D,0xFF1D,
    0xFF1D,0xFF1D,0xFF1D,0xFF1D,0xFF1D,0xFF1D,0xFF1D,0xFF1D,0xFF1D,0xFF1D,0xFF1D,0xFF1D,
    0xFF1D,0xFF1D,0xFF1D,0xFF1D,0xFF1D,0xFF1D,0xFF1D,0xFF1D,0xFF1D,0xFF1D,0xFF1D,0xFF1D,
    0xFF1D,0xFF1D,0xFF1D,0xFF1D,0xFF1D,0xFF1D,0xFF1D,0xFF1D,0xFF1D,0xFF1D,0xFF1D,0xFF1D,
    0xFF1D,0xFF1D,0xFF1D,0xFF1D,0xFF1D,0xFF1D,0xFF1D,0xFF1D,0xFF1D,0xFF1D,0xFF1D,0xFF1D,
    0xFF1D,0xFF1D,0xFF1D,0xFF1D,0xFF1D,0xFF1D,0xFF1D,0xFF1D,0xFF1D,0xFF1D,0xFF1D,0xFF1D,
    0xFF1D,0xFF1D,0xFF1D,0xFF1D,0xFF1D,0xFF1D,0xFF1D,0xFF1D,0xFF1D,0xFF1D,0xFF1D,0xFF1D,
    0xFF1D,0xFF1D,0xFF1D,0xFF1D,0xFF1D,0xFF1D,0xFF1D,0xFF1D,0xFF1D,0xFF1D,0xFF1D,0xFF1D,
    0xFF1D,0xFF1D,0xFF1D,0xFF1D,0xFF1D,0xFF1D,0xFF1D,0xFF1D,0xFF1D,0xFF1D,0xFF1D,0xFF1D,
    0xFF1D,0xFF1D,0xFF1D,0xFF1D,0xFF1D,0xFF1D,0xFF1D,0xFF1D,0xFF1D,0xFF1D,0xFF1D,0xFF1D,
    0xFF1D,0xFF1D,0xFF1D,0xFF1D,0xFF1D,0xFF1D,0xFF1D,0xFF1D,0xFF1D,0xFF1D,0xFF1D,0xFF1D,
    0xFF1D,0xFF1D,0xFF1D,0xFF1D,0xFF1D,0xFF1D,0xFF1D,0xFF1D,0xFF1D,0xFF1D,0xFF1D,0xFF1D,
    0xFF1D,0xFF1D,0xFF1D,0xFF1D,0xFF1D,0xFF1D,0xFF1D,0xFF1D,0xFF1D,0xFF1D,0xFF1D,0xFF1D,
    0xFF1D,0xFF1D,0xFF1D,0xFF1D,0xFF1D,0xFF1D,0xFF1D,0xFF1D,0xFF1D,0xFF1D,0xFF1D,0xFF1D,
    0xFF1D,0xFF1D,0xFF1D,0xFF1D,0xFF1D,0xFF1D,0xFF1D,0xFF1D,0xFF1D,0xFF1D,0xFF1D,0xFF1D,
    0xFF1D,0xFF1D,0xFF1D,0xFF1D,0xFF1D,0xFF1D,0xFF1D,0xFF1D,0xFF1D,0xFF1D,0xFF1D,0xFF1D,
    0xFF1D,0xFF1D,0xFF1D,0xFF1D,0xFF1D,0xFF1D,0xFF1D,0xFF1D,0xFF1D,0xFF1D,0xFF1D,0xFF1D,
    0xFF1D,0xFF1D,0xFF1D,0xFF1D,0xFF1D,0xFF1D,0xFF1D,0xFF1D,0xFF1D,0xFF1D,0xFF1D,0xFF1D,
    0xFF1D,0xFF1D,0xFF1D,0xFF1D,0xFF1D,0xFF1D,0xFF1D,0xFF1D,0xFF1D,0xFF1D,0xFF1D,0xFF1D,
    0xFF1D,0xFF1D,0xFF1D,0xFF1D,0xFF1D,0xFF1D,0xFF1D,0xFF1D,0xFF1D,0xFF1D,0xFF1D,0xFF1D,
    0xFF1D,0xFF1D,0xFF1D,0xFF1D,0xFF1D,0xFF1D,0xFF1D,0xFF1D,0xFF1D,0xFF1D,0xFF1D,0xFF1D,
    0xFF1D,0xFF1D,0xFF1D,0xFF1D,0xFF1D,0xFF1D,0xFF1D,0xFF1D,0xFF1D,0xFF1D,0xFF1D,0xFF1D,
    0xFF1D,0xFF1D,0xFF1D,0xFF1D,0xFF1D,0xFF1D,0xFF1D,0xFF1D,0xFF1D,0xFF1D,0xFF1D,0xFF1D,
    0xFF1D,0xFF1D,0xFF1D,0xFF1D,0xFF1D,0xFF1D,0xFF1D,0xFF1D,0xFF1D,0xFF1D,0xFF1D,0xFF1D,
    0xFF1D,0xFF1D,0xFF1D,0xFF1D,0xFF1D,0xFF1D,0xFF1D,0xFF1D,0xFF1D,0xFF1D,0xFF1D,0xFF1D,
    0xFF1D,0xFF1D,0xFF1D,0xFF1D,0xFF1D,0xFF1D,0xFF1D,0xFF1D,0xFF1D,0xFF1D,0xFF1D,0xFF1D,
    0xFF1D,0xFF1D,0xFF1D,0xFF1D,0xFF1D,0xFF1D,0xFF1D,0xFF1D,0xFF1D,0xFF1D,0xFF1D,0xFF1D,
    0xFF1D,0xFF1D,0xFF1D,0xFF1D,0xFF1D,0xFF1D,0xFF1D,0xFF1D,0xFF1D,0xFF1D,0xFF1D,0xFF1D,
    0xFF1D,0xFF1D,0xFF1D,0xFF1D,0xFF1D,0xFF1D,0xFF1D,0xFF1D,0xFF1D,0xFF1D,0xFF1D,0xFF1D,
    0xFF1D,0xFF1D,0xFF1D,0xFF1D,0xFF1D,0xFF1D,0xFF1D,0xFF1D,0xFF1D,0xFF1D,0xFF1D,0xFF1D,
    0xFF1D,0xFF1D,0xFF1D,0xFF1D,0xFF1D,0xFF1D,0xFF1D,0xFF1D,0xFF1D,0xFF1D,0xFF1D,0xFF1D,
    0xFF1D,0xFF1D,0xFF1D,0xFF1D,0xFF1D,0xFF1D,0xFF1D,0xFF1D,0xFF1D,0xFF1D,0xFF1D,0xFF1D,
    0xFF1D,0xFF1D,0xFF1D,0xFF1D,0xFF1D,0xFF1D,0xFF1D,0xFF1D,0xFF1D,0xFF1D,0xFF1D,0xFF1D,
    0xFF1D,0xFF1D,0xFF1D,0xFF1D,0xFF1D,0xFF1D,0xFF1D,0xFF1D,0xFF1D,0xFF1D,0xFF1D,0xFF1D,
    0xFF1D,0xFF1D,0xFF1D,0xFF1D,0xFF1D,0xFF1D,0xFF1D,0xFF1D,0xFF1D,0xFF1D,0xFF1D,0xFF1D,
    0xFF1D,0xFF1D,0xFF1D,0xFF1D,0xFF1D,0xFF1D,0xFF1D,0xFF1D,0xFF1D,0xFF1D,0xFF1D,0xFF1D,
    0xFF1D,0xFF1D,0xFF1D,0xFF1D,0xFF1D,0xFF1D,0xFF1D,0xFF1D,0xFF1D,0xFF1D,0xFF1D,0xFF1D,
    0xFF1D,0xFF1D,0xFF1D,0xFF1D,0xFF1D,0xFF1D,0xFF1D,0xFF1D,0xFF1D,0xFF1D,0xFF1D,0xFF1D,
    0xFF1D,0xFF1D,0xFF1D,0xFF1D,0xFF1D,0xFF1D,0xFF1D,0xFF1D,0xFF1D,0xFF1D,0xFF1D,0xFF1D,
    0xFF1D,0xFF1D,0xFF1D,0xFF1D,0xFF1D,0xFF1D,0xFF1D,0xFF1D,0xFF1D,0xFF1D,0xFF1D,0xFF1D,
    0xFF1D,0xFF1D,0xFF1D,0xFF1D,0xFF1D,0xFF1D,0xFF1D,0xFF1D,0xFF1D,0xFF1D,0xFF1D,0xFF1D,
    0xFF1D,0xFF1D,0xFF1D,0xFF1D,0xFF1D,0xFF1D,0xFF1D,0xFF1D,0xFF1D,0xFF1D,0xFF1D,0xFF1D,
    0xFF1D,0xFF1D,0xFF1D,0xFF1D,0xFF1D,0xFF1D,0xFF1D,0xFF1D,0xFF1D,0xFF1D,0xFF1D,0xFF1D,
    0xFF1D,0xFF1D,0xFF1D,0xFF1D,0xFF1D,0xFF1D,0xFF1D,0xFF1D,0xFF1D,0xFF1D,0xFF1D,0xFF1D,
    0xFF1D,0xFF1D,0xFF1D,0xFF1D,0xFF1D,0xFF1D,0xFF1D,0xFF1D,0xFF1D,0xFF1D,0xFF1D,0xFF1D,
    0xFF1D,0xFF1D,0xFF1D,0xFF1D,0xFF1D,0xFF1D,0xFF1D,0xFF1D,0xFF1D,0xFF1D,0xFF1D,0xFF1D,
    0xFF1D,0xFF1D,0xFF1D,0xFF1D,0xFF1D,0xFF1D,0xFF1D,0xFF1D,0xFF1D,0xFF1D,0xFF1D,0xFF1D,
    0xFF1D,0xFF1D,0xFF1D,0xFF1D,0xFF1D,0xFF1D,0xFF1D,0xFF1D,0xFF1D,0xFF1D,0xFF1D,0xFF1D,
    0xFF1D,0xFF1D,0xFF1D,0xFF1D,0xFF1D,0xFF1D,0xFF1D,0xFF1D,0xFF1D,0xFF1D,0xFF1D,0xFF1D,
    0xFF1D,0xFF1D,0xFF1D,0xFF1D,0xFF1D,0xFF1D,0xFF1D,0xFF1D,0xFF1D,0xFF1D,0xFF1D,0xFF1D,
    0xFF1D,0xFF1D,0xFF1D,0xFF1D,0xFF1D,0xFF1D,0xFF1D,0xFF1D,0xFF1D,0xFF1D,0xFF1D,0xFF1D,
    0xFF1D,0xFF1D,0xFF1D,0xFF1D,0xFF1D,0xFF1D,0xFF1D,0xFF1D,0xFF1D,0xFF1D,0xFF1D,0xFF1D,
    0xFF1D,0xFF1D,0xFF1D,0xFF1D,0xFF1D,0xFF1D,0xFF1D,0xFF1D,0xFF1D,0xFF1D,0xFF1D,0xFF1D,
    0xFF1D,0xFF1D,0xFF1D,0xFF1D,0xFF1D,0xFF1D,0xFF1D,0xFF1D,0xFF1D,0xFF1D,0xFF1D,0xFF1D,
    0xFF1D,0xFF1D,0xFF1D,0xFF1D,0xFF1D,0xFF1D,0xFF1D,0xFF1D,0xFF1D,0xFF1D,0xFF1D,0xFF1D,
    0xFF1D,0xFF1D,0xFF1D,0xFF1D,0xFF1D,0xFF1D,0xFF1D,0xFF1D,0xFF1D,0xFF1D,0xFF1D,0xFF1D,
    0xFF1D,0xFF1D,0xFF1D,0xFF1D,0xFF1D,0xFF1D,0xFF1D,0xFF1D,0xFF1D,0xFF1D,0xFF1D,0xFF1D,
    0xFF1D,0xFF1D,0xFF1D,0xFF1D,0xFF1D,0xFF1D,0xFF1D,0xFF1D,0xFF1D,0xFF1D,0xFF1D,0xFF1D,
    0xFF1D,0xFF1D,0xFF1D,0xFF1D,0xFF1D,0xFF1D,0xFF1D,0xFF1D,0xFF1D,0xFF1D,0xFF1D,0xFF1D,
    0xFF1D,0xFF1D,0xFF1D,0xFF1D,0xFF1D,0xFF1D,0xFF1D,0xFF1D,0xFF1D,0xFF1D,0xFF1D,0xFF1D,
    0xFF1D,0xFF1D,0xFF1D,0xFF1D,0xFF1D,0xFF1D,0xFF1D,0xFF1D,0xFF1D,0xFF1D,0xFF1D,0xFF1D,
    0xFF1D,0xFF1D,0xFF1D,0xFF1D,0xFF1D,0xFF1D,0xFF1D,0xFF1D,0xFF1D,0xFF1D,0xFF1D,0xFF1D,
    0xFF1D,0xFF1D,0xFF1D,0xFF1D,0xFF1D,0xFF1D,0xFF1D,0xFF1D,0xFF1D,0xFF1D,0xFF1D,0xFF1D,
    0xFF1D,0xFF1D,0xFF1D,0xFF1D,0xFF1D,0xFF1D,0xFF1D,0xFF1D,0xFF1D,0xFF1D,0xFF1D,0xFF1D,
    0xFF1D,0xFF1D,0xFF1D,0xFF1D,0xFF1D,0xFF1D,0xFF1D,0xFF1D,0xFF1D,0xFF1D,0xFF1D,0xFF1D,
    0xFF1D,0xFF1D,0xFF1D,0xFF1D,0xFF1D,0xFF1D,0xFF1D,0xFF1D,0xFF1D,0xFF1D,0xFF1D,0xFF1D,
    0xFF1D,0xFF1D,0xFF1D,0xFF1D,0xFF1D,0xFF1D,0xFF1D,0xFF1D,0xFF1D,0xFF1D,0xFF1D,0xFF1D,
    0xFF1D,0xFF1D,0xFF1D,0xFF1D,0xFF1D,0xFF1D,0xFF1D,0xFF1D,0xFF1D,0xFF1D,0xFF1D,0xFF1D,
    0xFF1D,0xFF1D,0xFF1D,0xFF1D,0xFF1D,0xFF1D,0xFF1D,0xFF1D,0xFF1D,0xFF1D,0xFF1D,0xFF1D,
    0xFF1D,0xFF1D,0xFF1D,0xFF1D,0xFF1D,0xFF1D,0xFF1D,0xFF1D,0xFF1D,0xFF1D,0xFF1D,0xFF1D,
    0xFF1D,0xFF1D,0xFF1D,0xFF1D,0xFF1D,0xFF1D,0xFF1D,0xFF1D,0xFF1D,0xFF1D,0xFF1D,0xFF1D,
    0xFF1D,0xFF1D,0xFF1D,0xFF1D,0xFF1D,0xFF1D,0xFF1D,0xFF1D,0xFF1D,0xFF1D,0xFF1D,0xFF1D,
    0xFF1D,0xFF1D,0xFF1D,0xFF1D,0xFF1D,0xFF1D,0xFF1D,0xFF1D,0xFF1D,0xFF1D,0xFF1D,0xFF1D,
    0xFF1D,0xFF1D,0xFF1D,0xFF1D,0xFF1D,0xFF1D,0xFF1D,0xFF1D,0xFF1D,0xFF1D,0xFF1D,0xFF1D,
    0xFF1D,0xFF1D,0xFF1D,0xFF1D,0xFF1D,0xFF1D,0xFF1D,0xFF1D,0xFF1D,0xFF1D,0xFF1D,0xFF1D,
    0xFF1D,0xFF1D,0xFF1D,0xFF1D,0xFF1D,0xFF1D,0xFF1D,0xFF1D,0xFF1D,0xFF1D,0xFF1D,0xFF1D,
    0xFF1D,0xFF1D,0xFF1D,0xFF1D,0xFF1D,0xFF1D,0xFF1D,0xFF1D,0xFF1D,0xFF1D,0xFF1D,0xFF1D,
    0xFF1D,0xFF1D,0xFF1D,0xFF1D,0xFF1D,0xFF1D,0xFF1D,0xFF1D,0xFF1D,0xFF1D,0xFF1D,0xFF1D,
    0xFF1D,0xFF1D,0xFF1D,0xFF1D,0xFF1D,0xFF1D,0xFF1D,0xFF1D,0xFF1D,0xFF1D,0xFF1D,0xFF1D,
    0xFF1D,0xFF1D,0xFF1D,0xFF1D,0xFF1D,0xFF1D,0xFF1D,0xFF1D,0xFF1D,0xFF1D,0xFF1D,0xFF1D,
    0xFF1D,0xFF1D,0xFF1D,0xFF1D,0xFF1D,0xFF1D,0xFF1D,0xFF1D,0xFF1D,0xFF1D,0xFF1D,0xFF1D,
    0xFF1D,0xFF1D,0xFF1D,0xFF1D,0xFF1D,0xFF1D,0xFF1D,0xFF1D,0xFF1D,0xFF1D,0xFF1D,0xFF1D,
    0xFF1D,0xFF1D,0xFF1D,0xFF1D,0xFF1D,0xFF1D,0xFF1D,0xFF1D,0xFF1D,0xFF1D,0xFF1D,0xFF1D,
    0xFF1D,0xFF1D,0xFF1D,0xFF1D,0xFF1D,0xFF1D,0xFF1D,0xFF1D,0xFF1D,0xFF1D,0xFF1D,0xFF1D,
    0xFF1D,0xFF1D,0xFF1D,0xFF1D,0xFF1D,0xFF1D,0xFF1D,0xFF1D,0xFF1D,0xFF1D,0xFF1D,0xFF1D,
    0xFF1D,0xFF1D,0xFF1D,0xFF1D,0xFF1D,0xFF1D,0xFF1D,0xFF1D,0xFF1D,0xFF1D,0xFF1D,0xFF1D,
    0xFF1D,0xFF1D,0xFF1D,0xFF1D,0xFF1D,0xFF1D,0xFF1D,0xFF1D,0xFF1D,0xFF1D,0xFF1D,0xFF1D,
    0xFF1D,0xFF1D,0xFF1D,0xFF1D,0xFF1D,0xFF1D,0xFF1D,0xFF1D,0xFF1D,0xFF1D,0xFF1D,0xFF1D,
    0xFF1D,0xFF1D,0xFF1D,0xFF1D,0xFF1D,0xFF1D,0xFF1D,0xFF1D,0xFF1D,0xFF1D,0xFF1D,0xFF1D,
    0xFF1D,0xFF1D,0xFF1D,0xFF1D,0xFF1D,0xFF1D,0xFF1D,0xFF1D,0xFF1D,0xFF1D,0xFF1D,0xFF1D,
    0xFF1D,0xFF1D,0xFF1D,0xFF1D,0xFF1D,0xFF1D,0xFF1D,0xFF1D,0xFF1D,0xFF1D,0xFF1D,0xFF1D,
    0xFF1D,0xFF1D,0xFF1D,0xFF1D,0xFF1D,0xFF1D,0xFF1D,0xFF1D,0xFF1D,0xFF1D,0xFF1D,0xFF1D,
    0xFF1D,0xFF1D,0xFF1D,0xFF1D,0xFF1D,0xFF1D,0xFF1D,0xFF1D,0xFF1D,0xFF1D,0xFF1D,0xFF1D,
    0xFF1D,0xFF1D,0xFF1D,0xFF1D,0xFF1D,0xFF1D,0xFF1D,0xFF1D,0xFF1D,0xFF1D,0xFF1D,0xFF1D,
    0xFF1D,0xFF1D,0xFF1D,0xFF1D,0xFF1D,0xFF1D,0xFF1D,0xFF1D,0xFF1D,0xFF1D,0xFF1D,0xFF1D,
    0xFF1D,0xFF1D,0xFF1D,0xFF1D,0xFF5E,0xFFBE,0xFFDF,0xFFFF,0xFFFF,0xFFFF,0xFFFF,0xFFFF,
    0xFFFF,0xFFFF,0xFFFF,0xFFFF,0xFFFF,0xFFFF,0xFFFF,0xFFFF,0xFFFF,0xFFFF,0xFFFF,0xFFFF,
    0xFFFF,0xFFFF,0xFFFF,0xFFFF,0xFFFF,0xFFFF,0xFFFF,0xFFFF,0xFFFF,0xFFFF,0xFFFF,0xFFFF,
    0xFFFF,0xFFFF,0xFFFF,0xFFFF,0xFFFF,0xFFFF,0xFFFF,0xFFFF,0xFFFF,0xFFFF,0xFFFF,0xFFFF,
    0xFFFF,0xFFFF,0xFFFF,0xFFFF,0xFFFF,0xFFFF,0xFFFF,0xFFFF,0xFFFF,0xFFFF,0xFFFF,0xFFFF,
    0xFFFF,0xFFFF,0xFFFF,0xFFFF,0xFFFF,0xFFFF,0xFFFF,0xFFFF,0xFFFF,0xFFFF,0xFFFF,0xFFFF,
    0xFFFF,0xFFFF,0xFFFF,0xFFFF,0xFFFF,0xFFFF,0xFFFF,0xFFFF,0xFFFF,0xFFFF,0xFFFF,0xFFFF,
    0xFFFF,0xFFFF,0xFFFF,0xFFFF,0xFFFF,0xFFFF,0xFFFF,0xFFFF,0xFFFF,0xFFDF,0xFFBF,0xFF5E,
    0xFF1D,0xFF1D,0xFF1D,0xFF1D,0xFF1D,0xFF1D,0xFF1D,0xFF1D,0xFF1D,0xFF1D,0xFF1D,0xFF1D,
    0xFF1D,0xFF1D,0xFF1D,0xFF1D,0xFF1D,0xFF1D,0xFF1D,0xFF1D,0xFF1D,0xFF1D,0xFF1D,0xFF1D,
    0xFF1D,0xFF1D,0xFF1D,0xFF1D,0xFF1D,0xFF1D,0xFF1D,0xFF1D,0xFF1D,0xFF1D,0xFF1D,0xFF1D,
    0xFF1D,0xFF1D,0xFF1D,0xFF1D,0xFF1D,0xFF1D,0xFF1D,0xFF1D,0xFF1D,0xFF1D,0xFF1D,0xFF1D,
    0xFF1D,0xFF1D,0xFF1D,0xFF1D,0xFF1D,0xFF1D,0xFF1D,0xFF1D,0xFF1D,0xFF1D,0xFF1D,0xFF1D,
    0xFF1D,0xFF1D,0xFF1D,0xFF1D,0xFF1D,0xFF1D,0xFF1D,0xFF1D,0xFF1D,0xFF1D,0xFF1D,0xFF1D,
    0xFF1D,0xFF1D,0xFF1D,0xFF1D,0xFF1D,0xFF1D,0xFF1D,0xFF1D,0xFF1D,0xFF1D,0xFF1D,0xFF1D,
    0xFF1D,0xFF1D,0xFF1D,0xFF1D,0xFF1D,0xFF1D,0xFF1D,0xFF1D,0xFF1D,0xFF1D,0xFF1D,0xFF1D,
    0xFF1D,0xFF1D,0xFF1D,0xFF1D,0xFF1D,0xFF1D,0xFF1D,0xFF1D,0xFF1D,0xFF1D,0xFF1D,0xFF1D,
    0xFF1D,0xFF1D,0xFF1D,0xFF1D,0xFF1D,0xFF1D,0xFF1D,0xFF1D,0xFF1D,0xFF1D,0xFF1D,0xFF1D,
    0xFF1D,0xFF1D,0xFF1D,0xFF1D,0xFF1D,0xFF1D,0xFF1D,0xFF1D,0xFF1D,0xFF1D,0xFF1D,0xFF1D,
    0xFF1D,0xFF1D,0xFF1D,0xFF1D,0xFF1D,0xFF1D,0xFF1D,0xFF1D,0xFF1D,0xFF1D,0xFF1D,0xFF1D,
    0xFF1D,0xFF1D,0xFF1D,0xFF1D,0xFF1D,0xFF1D,0xFF1D,0xFF1D,0xFF1D,0xFF1D,0xFF1D,0xFF1D,
    0xFF1D,0xFF1D,0xFF1D,0xFF1D,0xFF1D,0xFF1D,0xFF1D,0xFF1D,0xFF1D,0xFF1D,0xFF1D,0xFF1D,
    0xFF1D,0xFF1D,0xFF1D,0xFF1D,0xFF1D,0xFF1D,0xFF1D,0xFF1D,0xFF1D,0xFF1D,0xFF1D,0xFF1D,
    0xFF1D,0xFF1D,0xFF1D,0xFF1D,0xFF1D,0xFF1D,0xFF1D,0xFF1D,0xFF1D,0xFF1D,0xFF1D,0xFF1D,
    0xFF1D,0xFF1D,0xFF1D,0xFF1D,0xFF1D,0xFF1D,0xFF1D,0xFF1D,0xFF1D,0xFF1D,0xFF1D,0xFF1D,
    0xFF1D,0xFF1D,0xFF1D,0xFF1D,0xFF1D,0xFF1D,0xFF1D,0xFF1D,0xFF1D,0xFF1D,0xFF1D,0xFF1D,
    0xFF1D,0xFF1D,0xFF1D,0xFF1D,0xFF1D,0xFF1D,0xFF1D,0xFF1D,0xFF1D,0xFF1D,0xFF3D,0xFFDF,
    0xFFFF,0xFFFF,0xFFFF,0xFFFF,0xFFFF,0xFFFF,0xFFFF,0xFFFF,0xFFFF,0xFFFF,0xFFFF,0xFFFF,
    0xFFFF,0xFFFF,0xFFFF,0xFFFF,0xFFFF,0xFFFF,0xFFFF,0xFFFF,0xFFFF,0xFFFF,0xFFFF,0xFFFF,
    0xFFFF,0xFFFF,0xFFFF,0xFFFF,0xFFFF,0xFFFF,0xFFFF,0xFFFF,0xFFFF,0xFFFF,0xFFFF,0xFFFF,
    0xFFFF,0xFFFF,0xFFFF,0xFFFF,0xFFFF,0xFFFF,0xFFFF,0xFFFF,0xFFFF,0xFFFF,0xFFFF,0xFFFF,
    0xFFFF,0xFFFF,0xFFFF,0xFFFF,0xFFFF,0xFFFF,0xFFFF,0xFFFF,0xFFFF,0xFFFF,0xFFFF,0xFFFF,
    0xFFFF,0xFFFF,0xFFFF,0xFFFF,0xFFFF,0xFFFF,0xFFFF,0xFFFF,0xFFFF,0xFFFF,0xFFFF,0xFFFF,
    0xFFFF,0xFFFF,0xFFFF,0xFFFF,0xFFFF,0xFFFF,0xFFFF,0xFFFF,0xFFFF,0xFFFF,0xFFFF,0xFFFF,
    0xFFFF,0xFFFF,0xFFFF,0xFFFF,0xFFFF,0xFFFF,0xFFFF,0xFFFF,0xFFDF,0xFF3D,0xFF1D,0xFF1D,
    0xFF1D,0xFF1D,0xFF1D,0xFF1D,0xFF1D,0xFF1D,0xFF1D,0xFF1D,0xFF1D,0xFF1D,0xFF1D,0xFF1D,
    0xFF1D,0xFF1D,0xFF1D,0xFF1D,0xFF1D,0xFF1D,0xFF1D,0xFF1D,0xFF1D,0xFF1D,0xFF1D,0xFF1D,
    0xFF1D,0xFF1D,0xFF1D,0xFF1D,0xFF1D,0xFF1D,0xFF1D,0xFF1D,0xFF1D,0xFF1D,0xFF1D,0xFF1D,
    0xFF1D,0xFF1D,0xFF1D,0xFF1D,0xFF1D,0xFF1D,0xFF1D,0xFF1D,0xFF1D,0xFF1D,0xFF1D,0xFF1D,
    0xFF1D,0xFF1D,0xFF1D,0xFF1D,0xFF1D,0xFF1D,0xFF1D,0xFF1D,0xFF1D,0xFF1D,0xFF1D,0xFF1D,
    0xFF1D,0xFF1D,0xFF1D,0xFF1D,0xFF1D,0xFF1D,0xFF1D,0xFF1D,0xFF1D,0xFF1D,0xFF1D,0xFF1D,
    0xFF1D,0xFF1D,0xFF1D,0xFF1D,0xFF1D,0xFF1D,0xFF1D,0xFF1D,0xFF1D,0xFF1D,0xFF1D,0xFF1D,
    0xFF1D,0xFF1D,0xFF1D,0xFF1D,0xFF1D,0xFF1D,0xFF1D,0xFF1D,0xFF1D,0xFF1D,0xFF1D,0xFF1D,
    0xFF1D,0xFF1D,0xFF1D,0xFF1D,0xFF1D,0xFF1D,0xFF1D,0xFF1D,0xFF1D,0xFF1D,0xFF1D,0xFF1D,
    0xFF1D,0xFF1D,0xFF1D,0xFF1D,0xFF1D,0xFF1D,0xFF1D,0xFF1D,0xFF1D,0xFF1D,0xFF1D,0xFF1D,
    0xFF1D,0xFF1D,0xFF1D,0xFF1D,0xFF1D,0xFF1D,0xFF1D,0xFF1D,0xFF1D,0xFF1D,0xFF1D,0xFF1D,
    0xFF1D,0xFF1D,0xFF1D,0xFF1D,0xFF1D,0xFF1D,0xFF1D,0xFF1D,0xFF1D,0xFF1D,0xFF1D,0xFF1D,
    0xFF1D,0xFF1D,0xFF1D,0xFF1D,0xFF1D,0xFF1D,0xFF1D,0xFF1D,0xFF1D,0xFF1D,0xFF1D,0xFF1D,
    0xFF1D,0xFF1D,0xFF1D,0xFF1D,0xFF1D,0xFF1D,0xFF1D,0xFF1D,0xFF1D,0xFF1D,0xFF1D,0xFF1D,
    0xFF1D,0xFF1D,0xFF1D,0xFF1D,0xFF1D,0xFF1D,0xFF1D,0xFF1D,0xFF1D,0xFF1D,0xFF1D,0xFF1D,
    0xFF1D,0xFF1D,0xFF1D,0xFF1D,0xFF1D,0xFF1D,0xFF1D,0xFF1D,0xFF1D,0xFF1D,0xFF1D,0xFF1D,
    0xFF1D,0xFF1D,0xFF1D,0xFF1D,0xFF1D,0xFF1D,0xFF1D,0xFF1D,0xFF1D,0xFF1D,0xFF1D,0xFF1D,
    0xFF1D,0xFF1D,0xFF1D,0xFF1D,0xFF1D,0xFF1D,0xFF1D,0xFF1D,0xFF1D,0xFF1D,0xFF1D,0xFF1D,
    0xFF1D,0xFF1D,0xFF1D,0xFF1D,0xFF1D,0xFF5E,0xFFFF,0xFFFF,0xFFFF,0xFFFF,0xFFFF,0xFFFF,
    0xFFFF,0xFFFF,0xFFFF,0xFFFF,0xFFFF,0xFFFF,0xFFFF,0xFFFF,0xFFFF,0xFFFF,0xFFFF,0xFFFF,
    0xFFFF,0xFFFF,0xFFFF,0xFFFF,0xFFFF,0xFFFF,0xFFFF,0xFFFF,0xFFFF,0xFFFF,0xFFFF,0xFFFF,
    0xFFFF,0xFFFF,0xFFFF,0xFFFF,0xFFFF,0xFFFF,0xFFFF,0xFFFF,0xFFFF,0xFFFF,0xFFFF,0xFFFF,
    0xFFFF,0xFFFF,0xFFFF,0xFFFF,0xFFFF,0xFFFF,0xFFFF,0xFFFF,0xFFFF,0xFFFF,0xFFFF,0xFFFF,
    0xFFFF,0xFFFF,0xFFFF,0xFFFF,0xFFFF,0xFFFF,0xFFFF,0xFFFF,0xFFFF,0xFFFF,0xFFFF,0xFFFF,
    0xFFFF,0xFFFF,0xFFFF,0xFFFF,0xFFFF,0xFFFF,0xFFFF,0xFFFF,0xFFFF,0xFFFF,0xFFFF,0xFFFF,
    0xFFFF,0xFFFF,0xFFFF,0xFFFF,0xFFFF,0xFFFF,0xFFFF,0xFFFF,0xFFFF,0xFFFF,0xFFFF,0xFFFF,
    0xFFFF,0xFFFF,0xFFFF,0xFFFF,0xFFFF,0xFFFF,0xFF5E,0xFF1D,0xFF1D,0xFF1D,0xFF1D,0xFF1D,
    0xFF1D,0xFF1D,0xFF1D,0xFF1D,0xFF1D,0xFF1D,0xFF1D,0xFF1D,0xFF1D,0xFF1D,0xFF1D,0xFF1D,
    0xFF1D,0xFF1D,0xFF1D,0xFF1D,0xFF1D,0xFF1D,0xFF1D,0xFF1D,0xFF1D,0xFF1D,0xFF1D,0xFF1D,
    0xFF1D,0xFF1D,0xFF1D,0xFF1D,0xFF1D,0xFF1D,0xFF1D,0xFF1D,0xFF1D,0xFF1D,0xFF1D,0xFF1D,
    0xFF1D,0xFF1D,0xFF1D,0xFF1D,0xFF1D,0xFF1D,0xFF1D,0xFF1D,0xFF1D,0xFF1D,0xFF1D,0xFF1D,
    0xFF1D,0xFF1D,0xFF1D,0xFF1D,0xFF1D,0xFF1D,0xFF1D,0xFF1D,0xFF1D,0xFF1D,0xFF1D,0xFF1D,
    0xFF1D,0xFF1D,0xFF1D,0xFF1D,0xFF1D,0xFF1D,0xFF1D,0xFF1D,0xFF1D,0xFF1D,0xFF1D,0xFF1D,
    0xFF1D,0xFF1D,0xFF1D,0xFF1D,0xFF1D,0xFF1D,0xFF1D,0xFF1D,0xFF1D,0xFF1D,0xFF1D,0xFF1D,
    0xFF1D,0xFF1D,0xFF1D,0xFF1D,0xFF1D,0xFF1D,0xFF1D,0xFF1D,0xFF1D,0xFF1D,0xFF1D,0xFF1D,
    0xFF1D,0xFF1D,0xFF1D,0xFF1D,0xFF1D,0xFF1D,0xFF1D,0xFF1D,0xFF1D,0xFF1D,0xFF1D,0xFF1D,
    0xFF1D,0xFF1D,0xFF1D,0xFF1D,0xFF1D,0xFF1D,0xFF1D,0xFF1D,0xFF1D,0xFF1D,0xFF1D,0xFF1D,
    0xFF1D,0xFF1D,0xFF1D,0xFF1D,0xFF1D,0xFF1D,0xFF1D,0xFF1D,0xFF1D,0xFF1D,0xFF1D,0xFF1D,
    0xFF1D,0xFF1D,0xFF1D,0xFF1D,0xFF1D,0xFF1D,0xFF1D,0xFF1D,0xFF1D,0xFF1D,0xFF1D,0xFF1D,
    0xFF1D,0xFF1D,0xFF1D,0xFF1D,0xFF1D,0xFF1D,0xFF1D,0xFF1D,0xFF1D,0xFF1D,0xFF1D,0xFF1D,
    0xFF1D,0xFF1D,0xFF1D,0xFF1D,0xFF1D,0xFF1D,0xFF1D,0xFF1D,0xFF1D,0xFF1D,0xFF1D,0xFF1D,
    0xFF1D,0xFF1D,0xFF1D,0xFF1D,0xFF1D,0xFF1D,0xFF1D,0xFF1D,0xFF1D,0xFF1D,0xFF1D,0xFF1D,
    0xFF1D,0xFF1D,0xFF1D,0xFF1D,0xFF1D,0xFF1D,0xFF1D,0xFF1D,0xFF1D,0xFF1D,0xFF1D,0xFF1D,
    0xFF1D,0xFF1D,0xFF1D,0xFF1D,0xFF1D,0xFF1D,0xFF1D,0xFF1D,0xFF1D,0xFF1D,0xFF1D,0xFF1D,
    0xFF1D,0xFF1D,0xFF1D,0xFF1D,0xFF1D,0xFF1D,0xFF1D,0xFF1D,0xFF1D,0xFF1D,0xFF1D,0xFF1D,
    0xFF3D,0xFFFF,0xFFFF,0xFFFF,0xFFFF,0xFFFF,0xFFFF,0xFFFF,0xFFFF,0xFFFF,0xFFFF,0xFFFF,
    0xFFFF,0xFFFF,0xFFFF,0xFFFF,0xFFFF,0xFFFF,0xFFFF,0xFFFF,0xFFFF,0xFFFF,0xFFFF,0xFFFF,
    0xFFFF,0xFFFF,0xFFFF,0xFFFF,0xFFFF,0xFFFF,0xFFFF,0xFFFF,0xFFFF,0xFFFF,0xFFFF,0xFFFF,
    0xFFFF,0xFFFF,0xFFFF,0xFFFF,0xFFFF,0xFFFF,0xFFFF,0xFFFF,0xFFFF,0xFFFF,0xFFFF,0xFFFF,
    0xFFFF,0xFFFF,0xFFFF,0xFFFF,0xFFFF,0xFFFF,0xFFFF,0xFFFF,0xFFFF,0xFFFF,0xFFFF,0xFFFF,
    0xFFFF,0xFFFF,0xFFFF,0xFFFF,0xFFFF,0xFFFF,0xFFFF,0xFFFF,0xFFFF,0xFFFF,0xFFFF,0xFFFF,
    0xFFFF,0xFFFF,0xFFFF,0xFFFF,0xFFFF,0xFFFF,0xFFFF,0xFFFF,0xFFFF,0xFFFF,0xFFFF,0xFFFF,
    0xFFFF,0xFFFF,0xFFFF,0xFFFF,0xFFFF,0xFFFF,0xFFFF,0xFFFF,0xFFFF,0xFFFF,0xFFFF,0xFFFF,
    0xFFFF,0xFFFF,0xFFFF,0xFF3D,0xFF1D,0xFF1D,0xFF1D,0xFF1D,0xFF1D,0xFF1D,0xFF1D,0xFF1D,
    0xFF1D,0xFF1D,0xFF1D,0xFF1D,0xFF1D,0xFF1D,0xFF1D,0xFF1D,0xFF1D,0xFF1D,0xFF1D,0xFF1D,
    0xFF1D,0xFF1D,0xFF1D,0xFF1D,0xFF1D,0xFF1D,0xFF1D,0xFF1D,0xFF1D,0xFF1D,0xFF1D,0xFF1D,
    0xFF1D,0xFF1D,0xFF1D,0xFF1D,0xFF1D,0xFF1D,0xFF1D,0xFF1D,0xFF1D,0xFF1D,0xFF1D,0xFF1D,
    0xFF1D,0xFF1D,0xFF1D,0xFF1D,0xFF1D,0xFF1D,0xFF1D,0xFF1D,0xFF1D,0xFF1D,0xFF1D,0xFF1D,
    0xFF1D,0xFF1D,0xFF1D,0xFF1D,0xFF1D,0xFF1D,0xFF1D,0xFF1D,0xFF1D,0xFF1D,0xFF1D,0xFF1D,
    0xFF1D,0xFF1D,0xFF1D,0xFF1D,0xFF1D,0xFF1D,0xFF1D,0xFF1D,0xFF1D,0xFF1D,0xFF1D,0xFF1D,
    0xFF1D,0xFF1D,0xFF1D,0xFF1D,0xFF1D,0xFF1D,0xFF1D,0xFF1D,0xFF1D,0xFF1D,0xFF1D,0xFF1D,
    0xFF1D,0xFF1D,0xFF1D,0xFF1D,0xFF1D,0xFF1D,0xFF1D,0xFF1D,0xFF1D,0xFF1D,0xFF1D,0xFF1D,
    0xFF1D,0xFF1D,0xFF1D,0xFF1D,0xFF1D,0xFF1D,0xFF1D,0xFF1D,0xFF1D,0xFF1D,0xFF1D,0xFF1D,
    0xFF1D,0xFF1D,0xFF1D,0xFF1D,0xFF1D,0xFF1D,0xFF1D,0xFF1D,0xFF1D,0xFF1D,0xFF1D,0xFF1D,
    0xFF1D,0xFF1D,0xFF1D,0xFF1D,0xFF1D,0xFF1D,0xFF1D,0xFF1D,0xFF1D,0xFF1D,0xFF1D,0xFF1D,
    0xFF1D,0xFF1D,0xFF1D,0xFF1D,0xFF1D,0xFF1D,0xFF1D,0xFF1D,0xFF1D,0xFF1D,0xFF1D,0xFF1D,
    0xFF1D,0xFF1D,0xFF1D,0xFF1D,0xFF1D,0xFF1D,0xFF1D,0xFF1D,0xFF1D,0xFF1D,0xFF1D,0xFF1D,
    0xFF1D,0xFF1D,0xFF1D,0xFF1D,0xFF1D,0xFF1D,0xFF1D,0xFF1D,0xFF1D,0xFF1D,0xFF1D,0xFF1D,
    0xFF1D,0xFF1D,0xFF1D,0xFF1D,0xFF1D,0xFF1D,0xFF1D,0xFF1D,0xFF1D,0xFF1D,0xFF1D,0xFF1D,
    0xFF1D,0xFF1D,0xFF1D,0xFF1D,0xFF1D,0xFF1D,0xFF1D,0xFF1D,0xFF1D,0xFF1D,0xFF1D,0xFF1D,
    0xFF1D,0xFF1D,0xFF1D,0xFF1D,0xFF1D,0xFF1D,0xFF1D,0xFF1D,0xFF1D,0xFF1D,0xFF1D,0xFF1D,
    0xFF1D,0xFF1D,0xFF1D,0xFF1D,0xFF1D,0xFF1D,0xFF1D,0xFF1D,0xFFDF,0xFFFF,0xFFFF,0xFFFF,
    0xFFFF,0xFFFF,0xFFFF,0xFFFF,0xFFFF,0xFFFF,0xFFFF,0xFFFF,0xFFFF,0xFFFF,0xFFFF,0xFFFF,
    0xFFFF,0xFFFF,0xFFFF,0xFFFF,0xFFFF,0xFFFF,0xFFFF,0xFFFF,0xFFFF,0xFFFF,0xFFFF,0xFFFF,
    0xFFFF,0xFFFF,0xFFFF,0xFFFF,0xFFFF,0xFFFF,0xFFFF,0xFFFF,0xFFFF,0xFFFF,0xFFFF,0xFFFF,
    0xFFFF,0xFFFF,0xFFFF,0xFFFF,0xFFFF,0xFFFF,0xFFFF,0xFFFF,0xFFFF,0xFFFF,0xFFFF,0xFFFF,
    0xFFFF,0xFFFF,0xFFFF,0xFFFF,0xFFFF,0xFFFF,0xFFFF,0xFFFF,0xFFFF,0xFFFF,0xFFFF,0xFFFF,
    0xFFFF,0xFFFF,0xFFFF,0xFFFF,0xFFFF,0xFFFF,0xFFFF,0xFFFF,0xFFFF,0xFFFF,0xFFFF,0xFFFF,
    0xFFFF,0xFFFF,0xFFFF,0xFFFF,0xFFFF,0xFFFF,0xFFFF,0xFFFF,0xFFFF,0xFFFF,0xFFFF,0xFFFF,
    0xFFFF,0xFFFF,0xFFFF,0xFFFF,0xFFFF,0xFFFF,0xFFFF,0xFFFF,0xFFFF,0xFFFF,0xFFFF,0xFFDF,
    0xFF1D,0xFF1D,0xFF1D,0xFF1D,0xFF1D,0xFF1D,0xFF1D,0xFF1D,0xFF1D,0xFF1D,0xFF1D,0xFF1D,
    0xFF1D,0xFF1D,0xFF1D,0xFF1D,0xFF1D,0xFF1D,0xFF1D,0xFF1D,0xFF1D,0xFF1D,0xFF1D,0xFF1D,
    0xFF1D,0xFF1D,0xFF1D,0xFF1D,0xFF1D,0xFF1D,0xFF1D,0xFF1D,0xFF1D,0xFF1D,0xFF1D,0xFF1D,
    0xFF1D,0xFF1D,0xFF1D,0xFF1D,0xFF1D,0xFF1D,0xFF1D,0xFF1D,0xFF1D,0xFF1D,0xFF1D,0xFF1D,
    0xFF1D,0xFF1D,0xFF1D,0xFF1D,0xFF1D,0xFF1D,0xFF1D,0xFF1D,0xFF1D,0xFF1D,0xFF1D,0xFF1D,
    0xFF1D,0xFF1D,0xFF1D,0xFF1D,0xFF1D,0xFF1D,0xFF1D,0xFF1D,0xFF1D,0xFF1D,0xFF1D,0xFF1D,
    0xFF1D,0xFF1D,0xFF1D,0xFF1D,0xFF1D,0xFF1D,0xFF1D,0xFF1D,0xFF1D,0xFF1D,0xFF1D,0xFF1D,
    0xFF1D,0xFF1D,0xFF1D,0xFF1D,0xFF1D,0xFF1D,0xFF1D,0xFF1D,0xFF1D,0xFF1D,0xFF1D,0xFF1D,
    0xFF1D,0xFF1D,0xFF1D,0xFF1D,0xFF1D,0xFF1D,0xFF1D,0xFF1D,0xFF1D,0xFF1D,0xFF1D,0xFF1D,
    0xFF1D,0xFF1D,0xFF1D,0xFF1D,0xFF1D,0xFF1D,0xFF1D,0xFF1D,0xFF1D,0xFF1D,0xFF1D,0xFF1D,
    0xFF1D,0xFF1D,0xFF1D,0xFF1D,0xFF1D,0xFF1D,0xFF1D,0xFF1D,0xFF1D,0xFF1D,0xFF1D,0xFF1D,
    0xFF1D,0xFF1D,0xFF1D,0xFF1D,0xFF1D,0xFF1D,0xFF1D,0xFF1D,0xFF1D,0xFF1D,0xFF1D,0xFF1D,
    0xFF1D,0xFF1D,0xFF1D,0xFF1D,0xFF1D,0xFF1D,0xFF1D,0xFF1D,0xFF1D,0xFF1D,0xFF1D,0xFF1D,
    0xFF1D,0xFF1D,0xFF1D,0xFF1D,0xFF1D,0xFF1D,0xFF1D,0xFF1D,0xFF1D,0xFF1D,0xFF1D,0xFF1D,
    0xFF1D,0xFF1D,0xFF1D,0xFF1D,0xFF1D,0xFF1D,0xFF1D,0xFF1D,0xFF1D,0xFF1D,0xFF1D,0xFF1D,
    0xFF1D,0xFF1D,0xFF1D,0xFF1D,0xFF1D,0xFF1D,0xFF1D,0xFF1D,0xFF1D,0xFF1D,0xFF1D,0xFF1D,
    0xFF1D,0xFF1D,0xFF1D,0xFF1D,0xFF1D,0xFF1D,0xFF1D,0xFF1D,0xFF1D,0xFF1D,0xFF1D,0xFF1D,
    0xFF1D,0xFF1D,0xFF1D,0xFF1D,0xFF1D,0xFF1D,0xFF1D,0xFF1D,0xFF1D,0xFF1D,0xFF1D,0xFF1D,
    0xFF1D,0xFF1D,0xFF1D,0xFF5E,0xFFFF,0xFFFF,0xFFFF,0xFFFF,0xFFFF,0xFFFF,0xFFFF,0xFFFF,
    0xFFFF,0xFFFF,0xFFFF,0xFFFF,0xFFFF,0xFFFF,0xFFFF,0xFFFF,0xFFFF,0xFFFF,0xFFFF,0xFFFF,
    0xFFFF,0xFFFF,0xFFFF,0xFFFF,0xFFFF,0xFFFF,0xFFFF,0xFFFF,0xFFFF,0xFFFF,0xFFFF,0xFFFF,
    0xFFFF,0xFFFF,0xFFFF,0xFFFF,0xFFFF,0xFFFF,0xFFFF,0xFFFF,0xFFFF,0xFFFF,0xFFFF,0xFFFF,
    0xFFFF,0xFFFF,0xFFFF,0xFFFF,0xFFFF,0xFFFF,0xFFFF,0xFFFF,0xFFFF,0xFFFF,0xFFFF,0xFFFF,
    0xFFFF,0xFFFF,0xFFFF,0xFFFF,0xFFFF,0xFFFF,0xFFFF,0xFFFF,0xFFFF,0xFFFF,0xFFFF,0xFFFF,
    0xFFFF,0xFFFF,0xFFFF,0xFFFF,0xFFFF,0xFFFF,0xFFFF,0xFFFF,0xFFFF,0xFFFF,0xFFFF,0xFFFF,
    0xFFFF,0xFFFF,0xFFFF,0xFFFF,0xFFFF,0xFFFF,0xFFFF,0xFFFF,0xFFFF,0xFFFF,0xFFFF,0xFFFF,
    0xFFFF,0xFFFF,0xFFFF,0xFFFF,0xFFFF,0xFFFF,0xFFFF,0xFFFF,0xFF5E,0xFF1D,0xFF1D,0xFF1D,
    0xFF1D,0xFF1D,0xFF1D,0xFF1D,0xFF1D,0xFF1D,0xFF1D,0xFF1D,0xFF1D,0xFF1D,0xFF1D,0xFF1D,
    0xFF1D,0xFF1D,0xFF1D,0xFF1D,0xFF1D,0xFF1D,0xFF1D,0xFF1D,0xFF1D,0xFF1D,0xFF1D,0xFF1D,
    0xFF1D,0xFF1D,0xFF1D,0xFF1D,0xFF1D,0xFF1D,0xFF1D,0xFF1D,0xFF1D,0xFF1D,0xFF1D,0xFF1D,
    0xFF1D,0xFF1D,0xFF1D,0xFF1D,0xFF1D,0xFF1D,0xFF1D,0xFF1D,0xFF1D,0xFF1D,0xFF1D,0xFF1D,
    0xFF1D,0xFF1D,0xFF1D,0xFF1D,0xFF1D,0xFF1D,0xFF1D,0xFF1D,0xFF1D,0xFF1D,0xFF1D,0xFF1D,
    0xFF1D,0xFF1D,0xFF1D,0xFF1D,0xFF1D,0xFF1D,0xFF1D,0xFF1D,0xFF1D,0xFF1D,0xFF1D,0xFF1D,
    0xFF1D,0xFF1D,0xFF1D,0xFF1D,0xFF1D,0xFF1D,0xFF1D,0xFF1D,0xFF1D,0xFF1D,0xFF1D,0xFF1D,
    0xFF1D,0xFF1D,0xFF1D,0xFF1D,0xFF1D,0xFF1D,0xFF1D,0xFF1D,0xFF1D,0xFF1D,0xFF1D,0xFF1D,
    0xFF1D,0xFF1D,0xFF1D,0xFF1D,0xFF1D,0xFF1D,0xFF1D,0xFF1D,0xFF1D,0xFF1D,0xFF1D,0xFF1D,
    0xFF1D,0xFF1D,0xFF1D,0xFF1D,0xFF1D,0xFF1D,0xFF1D,0xFF1D,0xFF1D,0xFF1D,0xFF1D,0xFF1D,
    0xFF1D,0xFF1D,0xFF1D,0xFF1D,0xFF1D,0xFF1D,0xFF1D,0xFF1D,0xFF1D,0xFF1D,0xFF1D,0xFF1D,
    0xFF1D,0xFF1D,0xFF1D,0xFF1D,0xFF1D,0xFF1D,0xFF1D,0xFF1D,0xFF1D,0xFF1D,0xFF1D,0xFF1D,
    0xFF1D,0xFF1D,0xFF1D,0xFF1D,0xFF1D,0xFF1D,0xFF1D,0xFF1D,0xFF1D,0xFF1D,0xFF1D,0xFF1D,
    0xFF1D,0xFF1D,0xFF1D,0xFF1D,0xFF1D,0xFF1D,0xFF1D,0xFF1D,0xFF1D,0xFF1D,0xFF1D,0xFF1D,
    0xFF1D,0xFF1D,0xFF1D,0xFF1D,0xFF1D,0xFF1D,0xFF1D,0xFF1D,0xFF1D,0xFF1D,0xFF1D,0xFF1D,
    0xFF1D,0xFF1D,0xFF1D,0xFF1D,0xFF1D,0xFF1D,0xFF1D,0xFF1D,0xFF1D,0xFF1D,0xFF1D,0xFF1D,
    0xFF1D,0xFF1D,0xFF1D,0xFF1D,0xFF1D,0xFF1D,0xFF1D,0xFF1D,0xFF1D,0xFF1D,0xFF1D,0xFF1D,
    0xFF1D,0xFF1D,0xFF1D,0xFF1D,0xFF1D,0xFF1D,0xFF1D,0xFF1D,0xFF1D,0xFF1D,0xFF1D,0xFFBF,
    0xFFFF,0xFFFF,0xFFFF,0xFFFF,0xFFFF,0xFFFF,0xDF9F,0xC75F,0xBF5F,0xBF5F,0xBF5F,0xBF5F,
    0xBF5F,0xBF5F,0xBF5F,0xBF5F,0xBF5F,0xBF5F,0xBF5F,0xBF5F,0xBF5F,0xBF5F,0xBF5F,0xBF5F,
    0xBF5F,0xBF5F,0xBF5F,0xBF5F,0xBF5F,0xBF5F,0xBF5F,0xBF5F,0xBF5F,0xBF5F,0xBF5F,0xBF5F,
    0xBF5F,0xBF5F,0xBF5F,0xBF5F,0xBF5F,0xBF5F,0xBF5F,0xBF5F,0xBF5F,0xBF5F,0xBF5F,0xBF5F,
    0xFFFF,0xFFFF,0xFFFF,0xFFFF,0xBF5F,0xBF5F,0xBF5F,0xBF5F,0xBF5F,0xBF5F,0xBF5F,0xBF5F,
    0xBF5F,0xBF5F,0xBF5F,0xBF5F,0xBF5F,0xBF5F,0xBF5F,0xBF5F,0xBF5F,0xBF5F,0xBF5F,0xBF5F,
    0xBF5F,0xBF5F,0xBF5F,0xBF5F,0xBF5F,0xBF5F,0xBF5F,0xBF5F,0xBF5F,0xBF5F,0xBF5F,0xBF5F,
    0xBF5F,0xBF5F,0xBF5F,0xBF5F,0xBF5F,0xBF5F,0xBF5F,0xBF5F,0xC75F,0xDF9F,0xFFFF,0xFFFF,
    0xFFFF,0xFFFF,0xFFFF,0xFFFF,0xFFBE,0xFF1D,0xFF1D,0xFF1D,0xFF1D,0xFF1D,0xFF1D,0xFF1D,
    0xFF1D,0xFF1D,0xFF1D,0xFF1D,0xFF1D,0xFF1D,0xFF1D,0xFF1D,0xFF1D,0xFF1D,0xFF1D,0xFF1D,
    0xFF1D,0xFF1D,0xFF1D,0xFF1D,0xFF1D,0xFF1D,0xFF1D,0xFF1D,0xFF1D,0xFF1D,0xFF1D,0xFF1D,
    0xFF1D,0xFF1D,0xFF1D,0xFF1D,0xFF1D,0xFF1D,0xFF1D,0xFF1D,0xFF1D,0xFF1D,0xFF1D,0xFF1D,
    0xFF1D,0xFF1D,0xFF1D,0xFF1D,0xFF1D,0xFF1D,0xFF1D,0xFF1D,0xFF1D,0xFF1D,0xFF1D,0xFF1D,
    0xFF1D,0xFF1D,0xFF1D,0xFF1D,0xFF1D,0xFF1D,0xFF1D,0xFF1D,0xFF1D,0xFF1D,0xFF1D,0xFF1D,
    0xFF1D,0xFF1D,0xFF1D,0xFF1D,0xFF1D,0xFF1D,0xFF1D,0xFF1D,0xFF1D,0xFF1D,0xFF1D,0xFF1D,
    0xFF1D,0xFF1D,0xFF1D,0xFF1D,0xFF1D,0xFF1D,0xFF1D,0xFF1D,0xFF1D,0xFF1D,0xFF1D,0xFF1D,
    0xFF1D,0xFF1D,0xFF1D,0xFF1D,0xFF1D,0xFF1D,0xFF1D,0xFF1D,0xFF1D,0xFF1D,0xFF1D,0xFF1D,
    0xFF1D,0xFF1D,0xFF1D,0xFF1D,0xFF1D,0xFF1D,0xFF1D,0xFF1D,0xFF1D,0xFF1D,0xFF1D,0xFF1D,
    0xFF1D,0xFF1D,0xFF1D,0xFF1D,0xFF1D,0xFF1D,0xFF1D,0xFF1D,0xFF1D,0xFF1D,0xFF1D,0xFF1D,
    0xFF1D,0xFF1D,0xFF1D,0xFF1D,0xFF1D,0xFF1D,0xFF1D,0xFF1D,0xFF1D,0xFF1D,0xFF1D,0xFF1D,
    0xFF1D,0xFF1D,0xFF1D,0xFF1D,0xFF1D,0xFF1D,0xFF1D,0xFF1D,0xFF1D,0xFF1D,0xFF1D,0xFF1D,
    0xFF1D,0xFF1D,0xFF1D,0xFF1D,0xFF1D,0xFF1D,0xFF1D,0xFF1D,0xFF1D,0xFF1D,0xFF1D,0xFF1D,
    0xFF1D,0xFF1D,0xFF1D,0xFF1D,0xFF1D,0xFF1D,0xFF1D,0xFF1D,0xFF1D,0xFF1D,0xFF1D,0xFF1D,
    0xFF1D,0xFF1D,0xFF1D,0xFF1D,0xFF1D,0xFF1D,0xFF1D,0xFF1D,0xFF1D,0xFF1D,0xFF1D,0xFF1D,
    0xFF1D,0xFF1D,0xFF1D,0xFF1D,0xFF1D,0xFF1D,0xFF1D,0xFF1D,0xFF1D,0xFF1D,0xFF1D,0xFF1D,
    0xFF1D,0xFF1D,0xFF1D,0xFF1D,0xFF1D,0xFF1D,0xFF1D,0xFF1D,0xFF1D,0xFF1D,0xFF1D,0xFF1D,
    0xFF1D,0xFF1D,0xFF1D,0xFF1D,0xFF1D,0xFF1D,0xFF1D,0xFFDF,0xFFFF,0xFFFF,0xFFFF,0xFFFF,
    0xFFFF,0xDF9F,0xBF5F,0xBF5F,0xBF5F,0xBF5F,0xBF5F,0xBF5F,0xBF5F,0xBF5F,0xBF5F,0xBF5F,
    0xBF5F,0xBF5F,0xBF5F,0xBF5F,0xBF5F,0xBF5F,0xBF5F,0xBF5F,0xBF5F,0xBF5F,0xBF5F,0xBF5F,
    0xBF5F,0xBF5F,0xBF5F,0xBF5F,0xBF5F,0xBF5F,0xBF5F,0xBF5F,0xBF5F,0xBF5F,0xBF5F,0xBF5F,
    0xBF5F,0xBF5F,0xBF5F,0xBF5F,0xBF5F,0xBF5F,0xBF5F,0xBF5F,0xFFFF,0xFFFF,0xFFFF,0xFFFF,
    0xBF5F,0xBF5F,0xBF5F,0xBF5F,0xBF5F,0xBF5F,0xBF5F,0xBF5F,0xBF5F,0xBF5F,0xBF5F,0xBF5F,
    0xBF5F,0xBF5F,0xBF5F,0xBF5F,0xBF5F,0xBF5F,0xBF5F,0xBF5F,0xBF5F,0xBF5F,0xBF5F,0xBF5F,
    0xBF5F,0xBF5F,0xBF5F,0xBF5F,0xBF5F,0xBF5F,0xBF5F,0xBF5F,0xBF5F,0xBF5F,0xBF5F,0xBF5F,
    0xBF5F,0xBF5F,0xBF5F,0xBF5F,0xBF5F,0xBF5F,0xDF9F,0xFFFF,0xFFFF,0xFFFF,0xFFFF,0xFFFF,
    0xFFDF,0xFF1D,0xFF1D,0xFF1D,0xFF1D,0xFF1D,0xFF1D,0xFF1D,0xFF1D,0xFF1D,0xFF1D,0xFF1D,
    0xFF1D,0xFF1D,0xFF1D,0xFF1D,0xFF1D,0xFF1D,0xFF1D,0xFF1D,0xFF1D,0xFF1D,0xFF1D,0xFF1D,
    0xFF1D,0xFF1D,0xFF1D,0xFF1D,0xFF1D,0xFF1D,0xFF1D,0xFF1D,0xFF1D,0xFF1D,0xFF1D,0xFF1D,
    0xFF1D,0xFF1D,0xFF1D,0xFF1D,0xFF1D,0xFF1D,0xFF1D,0xFF1D,0xFF1D,0xFF1D,0xFF1D,0xFF1D,
    0xFF1D,0xFF1D,0xFF1D,0xFF1D,0xFF1D,0xFF1D,0xFF1D,0xFF1D,0xFF1D,0xFF1D,0xFF1D,0xFF1D,
    0xFF1D,0xFF1D,0xFF1D,0xFF1D,0xFF1D,0xFF1D,0xFF1D,0xFF1D,0xFF1D,0xFF1D,0xFF1D,0xFF1D,
    0xFF1D,0xFF1D,0xFF1D,0xFF1D,0xFF1D,0xFF1D,0xFF1D,0xFF1D,0xFF1D,0xFF1D,0xFF1D,0xFF1C,
    0xEE97,0xE633,0xE611,0xE611,0xE611,0xE611,0xE611,0xE611,0xE611,0xE611,0xE611,0xE611,
    0xE611,0xE611,0xE611,0xE611,0xE611,0xE611,0xE611,0xE611,0xE611,0xE611,0xE611,0xE611,
    0xE611,0xE611,0xE611,0xE611,0xE611,0xE611,0xE611,0xE611,0xE611,0xE611,0xE611,0xE611,
    0xE611,0xE611,0xE611,0xE611,0xE611,0xE611,0xE611,0xE611,0xE611,0xE611,0xE611,0xE611,
    0xE611,0xE611,0xE611,0xE611,0xE611,0xE611,0xE611,0xE611,0xE611,0xE611,0xE611,0xE611,
    0xE633,0xEE97,0xFF1C,0xFF1D,0xFF1D,0xFF1D,0xFF1D,0xFF1D,0xFF1D,0xFF1D,0xFF1D,0xFF1D,
    0xFF1D,0xFF1D,0xFF1D,0xFF1D,0xFF1D,0xFF1D,0xFF1D,0xFF1D,0xFF1D,0xFF1D,0xFF1D,0xFF1D,
    0xFF1D,0xFF1D,0xFF1D,0xFF1D,0xFF1D,0xFF1D,0xFF1D,0xFF1D,0xFF1D,0xFF1D,0xFF1D,0xFF1D,
    0xFF1D,0xFF1D,0xFF1D,0xFF1D,0xFF1D,0xFF1D,0xFF1D,0xFF1D,0xFF1D,0xFF1D,0xFF1D,0xFF1D,
    0xFF1D,0xFF1D,0xFF1D,0xFF1D,0xFF1D,0xFF1D,0xFF1D,0xFF1D,0xFF1D,0xFF1D,0xFF1D,0xFF1D,
    0xFF1D,0xFF1D,0xFF1D,0xFF1D,0xFF1D,0xFF1D,0xFF1D,0xFF1D,0xFF1D,0xFF1D,0xFF1D,0xFF1D,
    0xFF1D,0xFF1D,0xFF1D,0xFFFF,0xFFFF,0xFFFF,0xFFFF,0xFFFF,0xFFFF,0xC75F,0xBF5F,0xBF5F,
    0xBF5F,0xBF5F,0xBF5F,0xBF5F,0xBF5F,0xBF5F,0xBF5F,0xBF5F,0xBF5F,0xBF5F,0xBF5F,0xBF5F,
    0xBF5F,0xBF5F,0xBF5F,0xBF5F,0xBF5F,0xBF5F,0xBF5F,0xBF5F,0xBF5F,0xBF5F,0xBF5F,0xBF5F,
    0xBF5F,0xBF5F,0xBF5F,0xBF5F,0xBF5F,0xBF5F,0xBF5F,0xBF5F,0xBF5F,0xBF5F,0xBF5F,0xBF5F,
    0xBF5F,0xBF5F,0xBF5F,0xBF5F,0xFFFF,0xFFFF,0xFFFF,0xFFFF,0xBF5F,0xBF5F,0xBF5F,0xBF5F,
    0xBF5F,0xBF5F,0xBF5F,0xBF5F,0xBF5F,0xBF5F,0xBF5F,0xBF5F,0xBF5F,0xBF5F,0xBF5F,0xBF5F,
    0xBF5F,0xBF5F,0xBF5F,0xBF5F,0xBF5F,0xBF5F,0xBF5F,0xBF5F,0xBF5F,0xBF5F,0xBF5F,0xBF5F,
    0xBF5F,0xBF5F,0xBF5F,0xBF5F,0xBF5F,0xBF5F,0xBF5F,0xBF5F,0xBF5F,0xBF5F,0xBF5F,0xBF5F,
    0xBF5F,0xBF5F,0xC75F,0xFFFF,0xFFFF,0xFFFF,0xFFFF,0xFFFF,0xFFFF,0xFF1D,0xFF1D,0xFF1D,
    0xFF1D,0xFF1D,0xFF1D,0xFF1D,0xFF1D,0xFF1D,0xFF1D,0xFF1D,0xFF1D,0xFF1D,0xFF1D,0xFF1D,
    0xFF1D,0xFF1D,0xFF1D,0xFF1D,0xFF1D,0xFF1D,0xFF1D,0xFF1D,0xFF1D,0xFF1D,0xFF1D,0xFF1D,
    0xFF1D,0xFF1D,0xFF1D,0xFF1D,0xFF1D,0xFF1D,0xFF1D,0xFF1D,0xFF1D,0xFF1D,0xFF1D,0xFF1D,
    0xFF1D,0xFF1D,0xFF1D,0xFF1D,0xFF1D,0xFF1D,0xFF1D,0xFF1D,0xFF1D,0xFF1D,0xFF1D,0xFF1D,
    0xFF1D,0xFF1D,0xFF1D,0xFF1D,0xFF1D,0xFF1D,0xFF1D,0xFF1D,0xFF1D,0xFF1D,0xFF1D,0xFF1D,
    0xFF1D,0xFF1D,0xFF1D,0xFF1D,0xFF1D,0xFF1D,0xFF1D,0xFF1D,0xFF1D,0xFF1D,0xFF1D,0xFF1D,
    0xFF1D,0xFF1D,0xFF1D,0xFF1D,0xFF1D,0xFF1D,0xF6B9,0xE611,0xE611,0xE611,0xE611,0xE611,
    0xE611,0xE611,0xE611,0xE611,0xE611,0xE611,0xE611,0xE611,0xE611,0xE611,0xE611,0xE611,
    0xE611,0xE611,0xE611,0xE611,0xE611,0xE611,0xE611,0xE611,0xE611,0xE611,0xE611,0xE611,
    0xE611,0xE611,0xE611,0xE611,0xE611,0xE611,0xE611,0xE611,0xE611,0xE611,0xE611,0xE611,
    0xE611,0xE611,0xE611,0xE611,0xE611,0xE611,0xE611,0xE611,0xE611,0xE611,0xE611,0xE611,
    0xE611,0xE611,0xE611,0xE611,0xE611,0xE611,0xE611,0xE611,0xE611,0xE611,0xE611,0xF6B9,
    0xFF1D,0xFF1D,0xFF1D,0xFF1D,0xFF1D,0xFF1D,0xFF1D,0xFF1D,0xFF1D,0xFF1D,0xFF1D,0xFF1D,
    0xFF1D,0xFF1D,0xFF1D,0xFF1D,0xFF1D,0xFF1D,0xFF1D,0xFF1D,0xFF1D,0xFF1D,0xFF1D,0xFF1D,
    0xFF1D,0xFF1D,0xFF1D,0xFF1D,0xFF1D,0xFF1D,0xFF1D,0xFF1D,0xFF1D,0xFF1D,0xFF1D,0xFF1D,
    0xFF1D,0xFF1D,0xFF1D,0xFF1D,0xFF1D,0xFF1D,0xFF1D,0xFF1D,0xFF1D,0xFF1D,0xFF1D,0xFF1D,
    0xFF1D,0xFF1D,0xFF1D,0xFF1D,0xFF1D,0xFF1D,0xFF1D,0xFF1D,0xFF1D,0xFF1D,0xFF1D,0xFF1D,
    0xFF1D,0xFF1D,0xFF1D,0xFF1D,0xFF1D,0xFF1D,0xFF1D,0xFF1D,0xFF1D,0xFF1D,0xFF1D,0xFFFF,
    0xFFFF,0xFFFF,0xFFFF,0xFFFF,0xFFFF,0xBF5F,0xBF5F,0xBF5F,0xBF5F,0xBF5F,0xBF5F,0xBF5F,
    0xBF5F,0xBF5F,0xBF5F,0xBF5F,0xBF5F,0xBF5F,0xBF5F,0xBF5F,0xBF5F,0xBF5F,0xBF5F,0xBF5F,
    0xBF5F,0xBF5F,0xBF5F,0xBF5F,0xBF5F,0xBF5F,0xBF5F,0xBF5F,0xBF5F,0xBF5F,0xBF5F,0xBF5F,
    0xBF5F,0xBF5F,0xBF5F,0xBF5F,0xBF5F,0xBF5F,0xBF5F,0xBF5F,0xBF5F,0xBF5F,0xBF5F,0xBF5F,
    0xFFFF,0xFFFF,0xFFFF,0xFFFF,0xBF5F,0xBF5F,0xBF5F,0xBF5F,0xBF5F,0xBF5F,0xBF5F,0xBF5F,
    0xBF5F,0xBF5F,0xBF5F,0xBF5F,0xBF5F,0xBF5F,0xBF5F,0xBF5F,0xBF5F,0xBF5F,0xBF5F,0xBF5F,
    0xBF5F,0xBF5F,0xBF5F,0xBF5F,0xBF5F,0xBF5F,0xBF5F,0xBF5F,0xBF5F,0xBF5F,0xBF5F,0xBF5F,
    0xBF5F,0xBF5F,0xBF5F,0xBF5F,0xBF5F,0xBF5F,0xBF5F,0xBF5F,0xBF5F,0xBF5F,0xBF5F,0xFFFF,
    0xFFFF,0xFFFF,0xFFFF,0xFFFF,0xFFFF,0xFF1D,0xFF1D,0xFF1D,0xFF1D,0xFF1D,0xFF1D,0xFF1D,
    0xFF1D,0xFF1D,0xFF1D,0xFF1D,0xFF1D,0xFF1D,0xFF1D,0xFF1D,0xFF1D,0xFF1D,0xFF1D,0xFF1D,
    0xFF1D,0xFF1D,0xFF1D,0xFF1D,0xFF1D,0xFF1D,0xFF1D,0xFF1D,0xFF1D,0xFF1D,0xFF1D,0xFF1D,
    0xFF1D,0xFF1D,0xFF1D,0xFF1D,0xFF1D,0xFF1D,0xFF1D,0xFF1D,0xFF1D,0xFF1D,0xFF1D,0xFF1D,
    0xFF1D,0xFF1D,0xFF1D,0xFF1D,0xFF1D,0xFF1D,0xFF1D,0xFF1D,0xFF1D,0xFF1D,0xFF1D,0xFF1D,
    0xFF1D,0xFF1D,0xFF1D,0xFF1D,0xFF1D,0xFF1D,0xFF1D,0xFF1D,0xFF1D,0xFF1D,0xFF1D,0xFF1D,
    0xFF1D,0xFF1D,0xFF1D,0xFF1D,0xFF1D,0xFF1D,0xFF1D,0xFF1D,0xFF1D,0xFF1D,0xFF1D,0xFF1D,
    0xFF1D,0xF6B9,0xE611,0xE611,0xE611,0xE611,0xE611,0xE611,0xE611,0xE611,0xE611,0xE611,
    0xE611,0xE611,0xE611,0xE611,0xE611,0xE611,0xE611,0xE611,0xE611,0xE611,0xE611,0xE611,
    0xE611,0xE611,0xE611,0xE611,0xE611,0xE611,0xE611,0xE611,0xE611,0xE611,0xE611,0xE611,
    0xE611,0xE611,0xE611,0xE611,0xE611,0xE611,0xE611,0xE611,0xE611,0xE611,0xE611,0xE611,
    0xE611,0xE611,0xE611,0xE611,0xE611,0xE611,0xE611,0xE611,0xE611,0xE611,0xE611,0xE611,
    0xE611,0xE611,0xE611,0xE611,0xE611,0xE611,0xE611,0xE611,0xF6B9,0xFF1D,0xFF1D,0xFF1D,
    0xFF1D,0xFF1D,0xFF1D,0xFF1D,0xFF1D,0xFF1D,0xFF1D,0xFF1D,0xFF1D,0xFF1D,0xFF1D,0xFF1D,
    0xFF1D,0xFF1D,0xFF1D,0xFF1D,0xFF1D,0xFF1D,0xFF1D,0xFF1D,0xFF1D,0xFF1D,0xFF1D,0xFF1D,
    0xFF1D,0xFF1D,0xFF1D,0xFF1D,0xFF1D,0xFF1D,0xFF1D,0xFF1D,0xFF1D,0xFF1D,0xFF1D,0xFF1D,
    0xFF1D,0xFF1D,0xFF1D,0xFF1D,0xFF1D,0xFF1D,0xFF1D,0xFF1D,0xFF1D,0xFF1D,0xFF1D,0xFF1D,
    0xFF1D,0xFF1D,0xFF1D,0xFF1D,0xFF1D,0xFF1D,0xFF1D,0xFF1D,0xFF1D,0xFF1D,0xFF1D,0xFF1D,
    0xFF1D,0xFF1D,0xFF1D,0xFF1D,0xFF1D,0xFF1D,0xFF1D,0xFFFF,0xFFFF,0xFFFF,0xFFFF,0xFFFF,
    0xFFFF,0xBF5F,0xBF5F,0xBF5F,0xBF5F,0xBF5F,0xBF5F,0xBF5F,0xBF5F,0xBF5F,0xBF5F,0xBF5F,
    0xBF5F,0xBF5F,0xBF5F,0xBF5F,0xBF5F,0xBF5F,0xBF5F,0xBF5F,0xBF5F,0xBF5F,0xBF5F,0xBF5F,
    0xBF5F,0xBF5F,0xBF5F,0xBF5F,0xBF5F,0xBF5F,0xBF5F,0xBF5F,0xBF5F,0xBF5F,0xBF5F,0xBF5F,
    0xBF5F,0xBF5F,0xBF5F,0xBF5F,0xBF5F,0xBF5F,0xBF5F,0xBF5F,0xFFFF,0xFFFF,0xFFFF,0xFFFF,
    0xBF5F,0xBF5F,0xBF5F,0xBF5F,0xBF5F,0xBF5F,0xBF5F,0xBF5F,0xBF5F,0xBF5F,0xBF5F,0xBF5F,
    0xBF5F,0xBF5F,0xBF5F,0xBF5F,0xBF5F,0xBF5F,0xBF5F,0xBF5F,0xBF5F,0xBF5F,0xBF5F,0xBF5F,
    0xBF5F,0xBF5F,0xBF5F,0xBF5F,0xBF5F,0xBF5F,0xBF5F,0xBF5F,0xBF5F,0xBF5F,0xBF5F,0xBF5F,
    0xBF5F,0xBF5F,0xBF5F,0xBF5F,0xBF5F,0xBF5F,0xBF5F,0xFFFF,0xFFFF,0xFFFF,0xFFFF,0xFFFF,
    0xFFFF,0xFF1D,0xFF1D,0xFF1D,0xFF1D,0xFF1D,0xFF1D,0xFF1D,0xFF1D,0xFF1D,0xFF1D,0xFF1D,
    0xFF1D,0xFF1D,0xFF1D,0xFF1D,0xFF1D,0xFF1D,0xFF1D,0xFF1D,0xFF1D,0xFF1D,0xFF1D,0xFF1D,
    0xFF1D,0xFF1D,0xFF1D,0xFF1D,0xFF1D,0xFF1D,0xFF1D,0xFF1D,0xFF1D,0xFF1D,0xFF1D,0xFF1D,
    0xFF1D,0xFF1D,0xFF1D,0xFF1D,0xFF1D,0xFF1D,0xFF1D,0xFF1D,0xFF1D,0xFF1D,0xFF1D,0xFF1D,
    0xFF1D,0xFF1D,0xFF1D,0xFF1D,0xFF1D,0xFF1D,0xFF1D,0xFF1D,0xFF1D,0xFF1D,0xFF1D,0xFF1D,
    0xFF1D,0xFF1D,0xFF1D,0xFF1D,0xFF1D,0xFF1D,0xFF1D,0xFF1D,0xFF1D,0xFF1D,0xFF1D,0xFF1D,
    0xFF1D,0xFF1D,0xFF1D,0xFF1D,0xFF1D,0xFF1D,0xFF1D,0xFF1D,0xFF1C,0xE611,0xE611,0xE611,
    0xE611,0xE611,0xE611,0xE611,0xE611,0xE611,0xE611,0xE611,0xE611,0xE611,0xE611,0xE611,
    0xE611,0xE611,0xE611,0xE611,0xE611,0xE611,0xE611,0xE611,0xE611,0xE611,0xE611,0xE611,
    0xE611,0xE611,0xE611,0xE611,0xE611,0xE611,0xE611,0xE611,0xE611,0xE611,0xE611,0xE611,
    0xE611,0xE611,0xE611,0xE611,0xE611,0xE611,0xE611,0xE611,0xE611,0xE611,0xE611,0xE611,
    0xE611,0xE611,0xE611,0xE611,0xE611,0xE611,0xE611,0xE611,0xE611,0xE611,0xE611,0xE611,
    0xE611,0xE611,0xE611,0xE611,0xE611,0xFF1C,0xFF1D,0xFF1D,0xFF1D,0xFF1D,0xFF1D,0xFF1D,
    0xFF1D,0xFF1D,0xFF1D,0xFF1D,0xFF1D,0xFF1D,0xFF1D,0xFF1D,0xFF1D,0xFF1D,0xFF1D,0xFF1D,
    0xFF1D,0xFF1D,0xFF1D,0xFF1D,0xFF1D,0xFF1D,0xFF1D,0xFF1D,0xFF1D,0xFF1D,0xFF1D,0xFF1D,
    0xFF1D,0xFF1D,0xFF1D,0xFF1D,0xFF1D,0xFF1D,0xFF1D,0xFF1D,0xFF1D,0xFF1D,0xFF1D,0xFF1D,
    0xFF1D,0xFF1D,0xFF1D,0xFF1D,0xFF1D,0xFF1D,0xFF1D,0xFF1D,0xFF1D,0xFF1D,0xFF1D,0xFF1D,
    0xFF1D,0xFF1D,0xFF1D,0xFF1D,0xFF1D,0xFF1D,0xFF1D,0xFF1D,0xFF1D,0xFF1D,0xFF1D,0xFF1D,
    0xFF1D,0xFF1D,0xFF1D,0xFFFF,0xFFFF,0xFFFF,0xFFFF,0xFFFF,0xFFFF,0xBF5F,0xBF5F,0xBF5F,
    0xBF5F,0xBF5F,0xBF5F,0xBF5F,0xBF5F,0xBF5F,0xBF5F,0xBF5F,0xBF5F,0xBF5F,0xBF5F,0xBF5F,
    0xBF5F,0xBF5F,0xBF5F,0xBF5F,0xBF5F,0xBF5F,0xBF5F,0xBF5F,0xBF5F,0xBF5F,0xBF5F,0xBF5F,
    0xBF5F,0xBF5F,0xBF5F,0xBF5F,0xBF5F,0xBF5F,0xBF5F,0xBF5F,0xBF5F,0xBF5F,0xBF5F,0xBF5F,
    0xBF5F,0xBF5F,0xBF5F,0xBF5F,0xFFFF,0xFFFF,0xFFFF,0xFFFF,0xBF5F,0xBF5F,0xBF5F,0xBF5F,
    0xBF5F,0xBF5F,0xBF5F,0xBF5F,0xBF5F,0xBF5F,0xBF5F,0xBF5F,0xBF5F,0xBF5F,0xBF5F,0xBF5F,
    0xBF5F,0xBF5F,0xBF5F,0xBF5F,0xBF5F,0xBF5F,0xBF5F,0xBF5F,0xBF5F,0xBF5F,0xBF5F,0xBF5F,
    0xBF5F,0xBF5F,0xBF5F,0xBF5F,0xBF5F,0xBF5F,0xBF5F,0xBF5F,0xBF5F,0xBF5F,0xBF5F,0xBF5F,
    0xBF5F,0xBF5F,0xBF5F,0xFFFF,0xFFFF,0xFFFF,0xFFFF,0xFFFF,0xFFFF,0xFF1D,0xFF1D,0xFF1D,
    0xFF1D,0xFF1D,0xFF1D,0xFF1D,0xFF1D,0xFF1D,0xFF1D,0xFF1D,0xFF1D,0xFF1D,0xFF1D,0xFF1D,
    0xFF1D,0xFF1D,0xFF1D,0xFF1D,0xFF1D,0xFF1D,0xFF1D,0xFF1D,0xFF1D,0xFF1D,0xFF1D,0xFF1D,
    0xFF1D,0xFF1D,0xFF1D,0xFF1D,0xFF1D,0xFF1D,0xFF1D,0xFF1D,0xFF1D,0xFF1D,0xFF1D,0xFF1D,
    0xFF1D,0xFF1D,0xFF1D,0xFF1D,0xFF1D,0xFF1D,0xFF1D,0xFF1D,0xFF1D,0xFF1D,0xFF1D,0xFF1D,
    0xFF1D,0xFF1D,0xFF1D,0xFF1D,0xFF1D,0xFF1D,0xFF1D,0xFF1D,0xFF1D,0xFF1D,0xFF1D,0xFF1D,
    0xFF1D,0xFF1D,0xFF1D,0xFF1D,0xFF1D,0xFF1D,0xFF1D,0xFF1D,0xFF1D,0xFF1D,0xFF1D,0xFF1D,
    0xFF1D,0xFF1D,0xFF1D,0xFF1D,0xEE97,0xE611,0xE611,0xE611,0xE611,0xF6F7,0xFF9B,0xFFBB,
    0xFFBB,0xFFBB,0xFFBB,0xFFBB,0xFFBB,0xFFBB,0xFFBB,0xFFBB,0xFFBB,0xFFBB,0xFFBB,0xFFBB,
    0xFFBB,0xFFBB,0xFFBB,0xFFBB,0xFFBB,0xFFBB,0xFFBB,0xFFBB,0xFFBB,0xFFBB,0xFFBB,0xFFBB,
    0xFFBB,0xFFBB,0xFFBB,0xFFBB,0xFFBB,0xFFBB,0xFFBB,0xFFBB,0xFFBB,0xFFBB,0xFFBB,0xFFBB,
    0xFFBB,0xFFBB,0xFFBB,0xFFBB,0xFFBB,0xFFBB,0xFFBB,0xFFBB,0xFFBB,0xFFBB,0xFFBB,0xFFBB,
    0xFFBB,0xFFBB,0xFFBB,0xFFBB,0xFFBB,0xFFBB,0xFFBB,0xFF9B,0xF6F7,0xE611,0xE611,0xE611,
    0xE611,0xEE97,0xFF1D,0xFF1D,0xFF1D,0xFF1D,0xFF1D,0xFF1D,0xFF1D,0xFF1D,0xFF1D,0xFF1D,
    0xFF1D,0xFF1D,0xFF1D,0xFF1D,0xFF1D,0xFF1D,0xFF1D,0xFF1D,0xFF1D,0xFF1D,0xFF1D,0xFF1D,
    0xFF1D,0xFF1D,0xFF1D,0xFF1D,0xFF1D,0xFF1D,0xFF1D,0xFF1D,0xFF1D,0xFF1D,0xFF1D,0xFF1D,
    0xFF1D,0xFF1D,0xFF1D,0xFF1D,0xFF1D,0xFF1D,0xFF1D,0xFF1D,0xFF1D,0xFF1D,0xFF1D,0xFF1D,
    0xFF1D,0xFF1D,0xFF1D,0xFF1D,0xFF1D,0xFF1D,0xFF1D,0xFF1D,0xFF1D,0xFF1D,0xFF1D,0xFF1D,
    0xFF1D,0xFF1D,0xFF1D,0xFF1D,0xFF1D,0xFF1D,0xFF1D,0xFF1D,0xFF1D,0xFF1D,0xFF1D,0xFFFF,
    0xFFFF,0xFFFF,0xFFFF,0xFFFF,0xFFFF,0xBF5F,0xBF5F,0xBF5F,0xBF5F,0xBF5F,0xBF5F,0xBF5F,
    0xBF5F,0xBF5F,0xBF5F,0xBF5F,0xBF5F,0xBF5F,0xBF5F,0xBF5F,0xBF5F,0xBF5F,0xBF5F,0xBF5F,
    0xBF5F,0xBF5F,0xBF5F,0xBF5F,0xBF5F,0xBF5F,0xBF5F,0xBF5F,0xBF5F,0xBF5F,0xBF5F,0xBF5F,
    0xBF5F,0xBF5F,0xBF5F,0xBF5F,0xBF5F,0xBF5F,0xBF5F,0xBF5F,0xBF5F,0xBF5F,0xBF5F,0xBF5F,
    0xFFFF,0xFFFF,0xFFFF,0xFFFF,0xBF5F,0xBF5F,0xBF5F,0xBF5F,0xBF5F,0xBF5F,0xBF5F,0xBF5F,
    0xBF5F,0xBF5F,0xBF5F,0xBF5F,0xBF5F,0xBF5F,0xBF5F,0xBF5F,0xBF5F,0xBF5F,0xBF5F,0xBF5F,
    0xBF5F,0xBF5F,0xBF5F,0xBF5F,0xBF5F,0xBF5F,0xBF5F,0xBF5F,0xBF5F,0xBF5F,0xBF5F,0xBF5F,
    0xBF5F,0xBF5F,0xBF5F,0xBF5F,0xBF5F,0xBF5F,0xBF5F,0xBF5F,0xBF5F,0xBF5F,0xBF5F,0xFFFF,
    0xFFFF,0xFFFF,0xFFFF,0xFFFF,0xFFFF,0xFF1D,0xFF1D,0xFF1D,0xFF1D,0xFF1D,0xFF1D,0xFF1D,
    0xFF1D,0xFF1D,0xFF1D,0xFF1D,0xFF1D,0xFF1D,0xFF1D,0xFF1D,0xFF1D,0xFF1D,0xFF1D,0xFF1D,
    0xFF1D,0xFF1D,0xFF1D,0xFF1D,0xFF1D,0xFF1D,0xFF1D,0xFF1D,0xFF1D,0xFF1D,0xFF1D,0xFF1D,
    0xFF1D,0xFF1D,0xFF1D,0xFF1D,0xFF1D,0xFF1D,0xFF1D,0xFF1D,0xFF1D,0xFF1D,0xFF1D,0xFF1D,
    0xFF1D,0xFF1D,0xFF1D,0xFF1D,0xFF1D,0xFF1D,0xFF1D,0xFF1D,0xFF1D,0xFF1D,0xFF1D,0xFF1D,
    0xFF1D,0xFF1D,0xFF1D,0xFF1D,0xFF1D,0xFF1D,0xFF1D,0xFF1D,0xFF1D,0xFF1D,0xFF1D,0xFF1D,
    0xFF1D,0xFF1D,0xFF1D,0xFF1D,0xFF1D,0xFF1D,0xFF1D,0xFF1D,0xFF1D,0xFF1D,0xFF1D,0xFF1D,
    0xE633,0xE611,0xE611,0xE611,0xF6F7,0xFFBB,0xFFBB,0xFFBB,0xFFBB,0xFFBB,0xFFBB,0xFFBB,
    0xFFBB,0xFFBB,0xFFBB,0xFFBB,0xFFBB,0xFFBB,0xFFBB,0xFFBB,0xFFBB,0xFFBB,0xFFBB,0xFFBB,
    0xFFBB,0xFFBB,0xFFBB,0xFFBB,0xFFBB,0xFFBB,0xFFBB,0xFFBB,0xFFBB,0xFFBB,0xFFBB,0xFFBB,
    0xFFBB,0xFFBB,0xFFBB,0xFFBB,0xFFBB,0xFFBB,0xFFBB,0xFFBB,0xFFBB,0xFFBB,0xFFBB,0xFFBB,
    0xFFBB,0xFFBB,0xFFBB,0xFFBB,0xFFBB,0xFFBB,0xFFBB,0xFFBB,0xFFBB,0xFFBB,0xFFBB,0xFFBB,
    0xFFBB,0xFFBB,0xFFBB,0xFFBB,0xFFBB,0xF6F7,0xE611,0xE611,0xE611,0xE633,0xFF1D,0xFF1D,
    0xFF1D,0xFF1D,0xFF1D,0xFF1D,0xFF1D,0xFF1D,0xFF1D,0xFF1D,0xFF1D,0xFF1D,0xFF1D,0xFF1D,
    0xFF1D,0xFF1D,0xFF1D,0xFF1D,0xFF1D,0xFF1D,0xFF1D,0xFF1D,0xFF1D,0xFF1D,0xFF1D,0xFF1D,
    0xFF1D,0xFF1D,0xFF1D,0xFF1D,0xFF1D,0xFF1D,0xFF1D,0xFF1D,0xFF1D,0xFF1D,0xFF1D,0xFF1D,
    0xFF1D,0xFF1D,0xFF1D,0xFF1D,0xFF1D,0xFF1D,0xFF1D,0xFF1D,0xFF1D,0xFF1D,0xFF1D,0xFF1D,
    0xFF1D,0xFF1D,0xFF1D,0xFF1D,0xFF1D,0xFF1D,0xFF1D,0xFF1D,0xFF1D,0xFF1D,0xFF1D,0xFF1D,
    0xFF1D,0xFF1D,0xFF1D,0xFF1D,0xFF1D,0xFF1D,0xFF1D,0xFFFF,0xFFFF,0xFFFF,0xFFFF,0xFFFF,
    0xFFFF,0xBF5F,0xBF5F,0xBF5F,0xBF5F,0xBF5F,0xBF5F,0xBF5F,0xBF5F,0xBF5F,0xBF5F,0xBF5F,
    0xBF5F,0xBF5F,0xBF5F,0xBF5F,0xBF5F,0xBF5F,0xBF5F,0xBF5F,0xBF5F,0xBF5F,0xBF5F,0xBF5F,
    0xBF5F,0xBF5F,0xBF5F,0xBF5F,0xBF5F,0xBF5F,0xBF5F,0xBF5F,0xBF5F,0xBF5F,0xBF5F,0xBF5F,
    0xBF5F,0xBF5F,0xBF5F,0xBF5F,0xBF5F,0xBF5F,0xBF5F,0xBF5F,0xFFFF,0xFFFF,0xFFFF,0xFFFF,
    0xBF5F,0xBF5F,0xBF5F,0xBF5F,0xBF5F,0xBF5F,0xBF5F,0xBF5F,0xBF5F,0xBF5F,0xBF5F,0xBF5F,
    0xBF5F,0xBF5F,0xBF5F,0xBF5F,0xBF5F,0xBF5F,0xBF5F,0xBF5F,0xBF5F,0xBF5F,0xBF5F,0xBF5F,
    0xBF5F,0xBF5F,0xBF5F,0xBF5F,0xBF5F,0xBF5F,0xBF5F,0xBF5F,0xBF5F,0xBF5F,0xBF5F,0xBF5F,
    0xBF5F,0xBF5F,0xBF5F,0xBF5F,0xBF5F,0xBF5F,0xBF5F,0xFFFF,0xFFFF,0xFFFF,0xFFFF,0xFFFF,
    0xFFFF,0xFF1D,0xFF1D,0xFF1D,0xFF1D,0xFF1D,0xFF1D,0xFF1D,0xFF1D,0xFF1D,0xFF1D,0xFF1D,
    0xFF1D,0xFF1D,0xFF1D,0xFF1D,0xFF1D,0xFF1D,0xFF1D,0xFF1D,0xFF1D,0xFF1D,0xFF1D,0xFF1D,
    0xFF1D,0xFF1D,0xFF1D,0xFF1D,0xFF1D,0xFF1D,0xFF1D,0xFF1D,0xFF1D,0xFF1D,0xFF1D,0xFF1D,
    0xFF1D,0xFF1D,0xFF1D,0xFF1D,0xFF1D,0xFF1D,0xFF1D,0xFF1D,0xFF1D,0xFF1D,0xFF1D,0xFF1D,
    0xFF1D,0xFF1D,0xFF1D,0xFF1D,0xFF1D,0xFF1D,0xFF1D,0xFF1D,0xFF1D,0xFF1D,0xFF1D,0xFF1D,
    0xFF1D,0xFF1D,0xFF1D,0xFF1D,0xFF1D,0xFF1D,0xFF1D,0xFF1D,0xFF1D,0xFF1D,0xFF1D,0xFF1D,
    0xFF1D,0xFF1D,0xFF1D,0xFF1D,0xFF1D,0xFF1D,0xFF1D,0xFF1D,0xE611,0xE611,0xE611,0xE611,
    0xFF9B,0xFFBB,0xFFBB,0xFFBB,0xFFBB,0xFFBB,0xFFBB,0xFFBB,0xFFBB,0xFFBB,0xFFBB,0xFFBB,
    0xFFBB,0xFFBB,0xFFBB,0xFFBB,0xFFBB,0xFFBB,0xFFBB,0xFFBB,0xFFBB,0xFFBB,0xFFBB,0xFFBB,
    0xFFBB,0xFFBB,0xFFBB,0xFFBB,0xFFBB,0xFFBB,0xFFBB,0xFFBB,0xFFBB,0xFFBB,0xFFBB,0xFFBB,
    0xFFBB,0xFFBB,0xFFBB,0xFFBB,0xFFBB,0xFFBB,0xFFBB,0xFFBB,0xFFBB,0xFFBB,0xFFBB,0xFFBB,
    0xFFBB,0xFFBB,0xFFBB,0xFFBB,0xFFBB,0xFFBB,0xFFBB,0xFFBB,0xFFBB,0xFFBB,0xFFBB,0xFFBB,
    0xFFBB,0xFFBB,0xE611,0xE611,0xE611,0xE611,0xFF1D,0xFF1D,0xFF1D,0xFF1D,0xFF1D,0xFF1D,
    0xFF1D,0xFF1D,0xFF1D,0xFF1D,0xFF1D,0xFF1D,0xFF1D,0xFF1D,0xFF1D,0xFF1D,0xFF1D,0xFF1D,
    0xFF1D,0xFF1D,0xFF1D,0xFF1D,0xFF1D,0xFF1D,0xFF1D,0xFF1D,0xFF1D,0xFF1D,0xFF1D,0xFF1D,
    0xFF1D,0xFF1D,0xFF1D,0xFF1D,0xFF1D,0xFF1D,0xFF1D,0xFF1D,0xFF1D,0xFF1D,0xFF1D,0xFF1D,
    0xFF1D,0xFF1D,0xFF1D,0xFF1D,0xFF1D,0xFF1D,0xFF1D,0xFF1D,0xFF1D,0xFF1D,0xFF1D,0xFF1D,
    0xFF1D,0xFF1D,0xFF1D,0xFF1D,0xFF1D,0xFF1D,0xFF1D,0xFF1D,0xFF1D,0xFF1D,0xFF1D,0xFF1D,
    0xFF1D,0xFF1D,0xFF1D,0xFFFF,0xFFFF,0xFFFF,0xFFFF,0xFFFF,0xFFFF,0xBF5F,0xBF5F,0xBF5F,
    0xBF5F,0xBF5F,0xBF5F,0xBF5F,0xBF5F,0xBF5F,0xBF5F,0xBF5F,0xBF5F,0xBF5F,0xBF5F,0xBF5F,
    0xBF5F,0xBF5F,0xBF5F,0xBF5F,0xBF5F,0xBF5F,0xBF5F,0xBF5F,0xBF5F,0xBF5F,0xBF5F,0xBF5F,
    0xBF5F,0xBF5F,0xBF5F,0xBF5F,0xBF5F,0xBF5F,0xBF5F,0xBF5F,0xBF5F,0xBF5F,0xBF5F,0xBF5F,
    0xBF5F,0xBF5F,0xBF5F,0xBF5F,0xFFFF,0xFFFF,0xFFFF,0xFFFF,0xBF5F,0xBF5F,0xBF5F,0xBF5F,
    0xBF5F,0xBF5F,0xBF5F,0xBF5F,0xBF5F,0xBF5F,0xBF5F,0xBF5F,0xBF5F,0xBF5F,0xBF5F,0xBF5F,
    0xBF5F,0xBF5F,0xBF5F,0xBF5F,0xBF5F,0xBF5F,0xBF5F,0xBF5F,0xBF5F,0xBF5F,0xBF5F,0xBF5F,
    0xBF5F,0xBF5F,0xBF5F,0xBF5F,0xBF5F,0xBF5F,0xBF5F,0xBF5F,0xBF5F,0xBF5F,0xBF5F,0xBF5F,
    0xBF5F,0xBF5F,0xBF5F,0xFFFF,0xFFFF,0xFFFF,0xFFFF,0xFFFF,0xFFFF,0xFF1D,0xFF1D,0xFF1D,
    0xFF1D,0xFF1D,0xFF1D,0xFF1D,0xFF1D,0xFF1D,0xFF1D,0xFF1D,0xFF1D,0xFF1D,0xFF1D,0xFF1D,
    0xFF1D,0xFF1D,0xFF1D,0xFF1D,0xFF1D,0xFF1D,0xFF1D,0xFF1D,0xFF1D,0xFF1D,0xFF1D,0xFF1D,
    0xFF1D,0xFF1D,0xFF1D,0xFF1D,0xFF1D,0xFF1D,0xFF1D,0xFF1D,0xFF1D,0xFF1D,0xFF1D,0xFF1D,
    0xFF1D,0xFF1D,0xFF1D,0xFF1D,0xFF1D,0xFF1D,0xFF1D,0xFF1D,0xFF1D,0xFF1D,0xFF1D,0xFF1D,
    0xFF1D,0xFF1D,0xFF1D,0xFF1D,0xFF1D,0xFF1D,0xFF1D,0xFF1D,0xFF1D,0xFF1D,0xFF1D,0xFF1D,
    0xFF1D,0xFF1D,0xFF1D,0xFF1D,0xFF1D,0xFF1D,0xFF1D,0xFF1D,0xFF1D,0xFF1D,0xFF1D,0xFF1D,
    0xFF1D,0xFF1D,0xFF1D,0xFF1D,0xE611,0xE611,0xE611,0xE611,0xFFBB,0xFFBB,0xFFBB,0xFFBB,
    0xFFBB,0xFFBB,0xFFBB,0xFFBB,0xFFBB,0xFFBB,0xFFBB,0xFFBB,0xFFBB,0xFFBB,0xFFBB,0xFFBB,
    0xFFBB,0xFFBB,0xFFBB,0xFFBB,0xFFBB,0xFFBB,0xFFBB,0xFFBB,0xFFBB,0xFFBB,0xFFBB,0xFFBB,
    0xFFBB,0xFFBB,0xFFBB,0xFFBB,0xFFBB,0xFFBB,0xFFBB,0xFFBB,0xFFBB,0xFFBB,0xFFBB,0xFFBB,
    0xFFBB,0xFFBB,0xFFBB,0xFFBB,0xFFBB,0xFFBB,0xFFBB,0xFFBB,0xFFBB,0xFFBB,0xFFBB,0xFFBB,
    0xFFBB,0xFFBB,0xFFBB,0xFFBB,0xFFBB,0xFFBB,0xFFBB,0xFFBB,0xFFBB,0xFFBB,0xE611,0xE611,
    0xE611,0xE611,0xFF1D,0xFF1D,0xFF1D,0xFF1D,0xFF1D,0xFF1D,0xFF1D,0xFF1D,0xFF1D,0xFF1D,
    0xFF1D,0xFF1D,0xFF1D,0xFF1D,0xFF1D,0xFF1D,0xFF1D,0xFF1D,0xFF1D,0xFF1D,0xFF1D,0xFF1D,
    0xFF1D,0xFF1D,0xFF1D,0xFF1D,0xFF1D,0xFF1D,0xFF1D,0xFF1D,0xFF1D,0xFF1D,0xFF1D,0xFF1D,
    0xFF1D,0xFF1D,0xFF1D,0xFF1D,0xFF1D,0xFF1D,0xFF1D,0xFF1D,0xFF1D,0xFF1D,0xFF1D,0xFF1D,
    0xFF1D,0xFF1D,0xFF1D,0xFF1D,0xFF1D,0xFF1D,0xFF1D,0xFF1D,0xFF1D,0xFF1D,0xFF1D,0xFF1D,
    0xFF1D,0xFF1D,0xFF1D,0xFF1D,0xFF1D,0xFF1D,0xFF1D,0xFF1D,0xFF1D,0xFF1D,0xFF1D,0xFFFF,
    0xFFFF,0xFFFF,0xFFFF,0xFFFF,0xFFFF,0xBF5F,0xBF5F,0xBF5F,0xBF5F,0xBF5F,0xBF5F,0xBF5F,
    0xBF5F,0xBF5F,0xBF5F,0xBF5F,0xBF5F,0xBF5F,0xBF5F,0xBF5F,0xBF5F,0xBF5F,0xBF5F,0xBF5F,
    0xBF5F,0xBF5F,0xBF5F,0xBF5F,0xBF5F,0xBF5F,0xBF5F,0xBF5F,0xBF5F,0xBF5F,0xBF5F,0xBF5F,
    0xBF5F,0xBF5F,0xBF5F,0xBF5F,0xBF5F,0xBF5F,0xBF5F,0xBF5F,0xBF5F,0xBF5F,0xBF5F,0xBF5F,
    0xFFFF,0xFFFF,0xFFFF,0xFFFF,0xBF5F,0xBF5F,0xBF5F,0xBF5F,0xBF5F,0xBF5F,0xBF5F,0xBF5F,
    0xBF5F,0xBF5F,0xBF5F,0xBF5F,0xBF5F,0xBF5F,0xBF5F,0xBF5F,0xBF5F,0xBF5F,0xBF5F,0xBF5F,
    0xBF5F,0xBF5F,0xBF5F,0xBF5F,0xBF5F,0xBF5F,0xBF5F,0xBF5F,0xBF5F,0xBF5F,0xBF5F,0xBF5F,
    0xBF5F,0xBF5F,0xBF5F,0xBF5F,0xBF5F,0xBF5F,0xBF5F,0xBF5F,0xBF5F,0xBF5F,0xBF5F,0xFFFF,
    0xFFFF,0xFFFF,0xFFFF,0xFFFF,0xFFFF,0xFF1D,0xFF1D,0xFF1D,0xFF1D,0xFF1D,0xFF1D,0xFF1D,
    0xFF1D,0xFF1D,0xFF1D,0xFF1D,0xFF1D,0xFF1D,0xFF1D,0xFF1D,0xFF1D,0xFF1D,0xFF1D,0xFF1D,
    0xFF1D,0xFF1D,0xFF1D,0xFF1D,0xFF1D,0xFF1D,0xFF1D,0xFF1D,0xFF1D,0xFF1D,0xFF1D,0xFF1D,
    0xFF1D,0xFF1D,0xFF1D,0xFF1D,0xFF1D,0xFF1D,0xFF1D,0xFF1D,0xFF1D,0xFF1D,0xFF1D,0xFF1D,
    0xFF1D,0xFF1D,0xFF1D,0xFF1D,0xFF1D,0xFF1D,0xFF1D,0xFF1D,0xFF1D,0xFF1D,0xFF1D,0xFF1D,
    0xFF1D,0xFF1D,0xFF1D,0xFF1D,0xFF1D,0xFF1D,0xFF1D,0xFF1D,0xFF1D,0xFF1D,0xFF1D,0xFF1D,
    0xFF1D,0xFF1D,0xFF1D,0xFF1D,0xFF1D,0xFF1D,0xFF1D,0xFF1D,0xFF1D,0xFF1D,0xFF1D,0xFF1D,
    0xE611,0xE611,0xE611,0xE611,0xFFBB,0xFFBB,0xFFBB,0xFFBB,0xFFBB,0xFFBB,0xFFBB,0xFFBB,
    0xFFBB,0xFFBB,0xFFBB,0xFFBB,0xFFBB,0xFFBB,0xFFBB,0xFFBB,0xFFBB,0xFFBB,0xFFBB,0xFFBB,
    0xFFBB,0xFFBB,0xFFBB,0xFFBB,0xFFBB,0xFFBB,0xFFBB,0xFFBB,0xFFBB,0xFFBB,0xFFBB,0xFFBB,
    0xFFBB,0xFFBB,0xFFBB,0xFFBB,0xFFBB,0xFFBB,0xFFBB,0xFFBB,0xFFBB,0xFFBB,0xFFBB,0xFFBB,
    0xFFBB,0xFFBB,0xFFBB,0xFFBB,0xFFBB,0xFFBB,0xFFBB,0xFFBB,0xFFBB,0xFFBB,0xFFBB,0xFFBB,
    0xFFBB,0xFFBB,0xFFBB,0xFFBB,0xFFBB,0xFFBB,0xE611,0xE611,0xE611,0xE611,0xFF1D,0xFF1D,
    0xFF1D,0xFF1D,0xFF1D,0xFF1D,0xFF1D,0xFF1D,0xFF1D,0xFF1D,0xFF1D,0xFF1D,0xFF1D,0xFF1D,
    0xFF1D,0xFF1D,0xFF1D,0xFF1D,0xFF1D,0xFF1D,0xFF1D,0xFF1D,0xFF1D,0xFF1D,0xFF1D,0xFF1D,
    0xFF1D,0xFF1D,0xFF1D,0xFF1D,0xFF1D,0xFF1D,0xFF1D,0xFF1D,0xFF1D,0xFF1D,0xFF1D,0xFF1D,
    0xFF1D,0xFF1D,0xFF1D,0xFF1D,0xFF1D,0xFF1D,0xFF1D,0xFF1D,0xFF1D,0xFF1D,0xFF1D,0xFF1D,
    0xFF1D,0xFF1D,0xFF1D,0xFF1D,0xFF1D,0xFF1D,0xFF1D,0xFF1D,0xFF1D,0xFF1D,0xFF1D,0xFF1D,
    0xFF1D,0xFF1D,0xFF1D,0xFF1D,0xFF1D,0xFF1D,0xFF1D,0xFFFF,0xFFFF,0xFFFF,0xFFFF,0xFFFF,
    0xFFFF,0xBF5F,0xBF5F,0xBF5F,0xBF5F,0xBF5F,0xBF5F,0xBF5F,0xBF5F,0xBF5F,0xBF5F,0xBF5F,
    0xBF5F,0xBF5F,0xBF5F,0xBF5F,0xBF5F,0xBF5F,0xBF5F,0xBF5F,0xBF5F,0xBF5F,0xBF5F,0xBF5F,
    0xBF5F,0xBF5F,0xBF5F,0xBF5F,0xBF5F,0xBF5F,0xBF5F,0xBF5F,0xBF5F,0xBF5F,0xBF5F,0xBF5F,
    0xBF5F,0xBF5F,0xBF5F,0xBF5F,0xBF5F,0xBF5F,0xBF5F,0xBF5F,0xFFFF,0xFFFF,0xFFFF,0xFFFF,
    0xBF5F,0xBF5F,0xBF5F,0xBF5F,0xBF5F,0xBF5F,0xBF5F,0xBF5F,0xBF5F,0xBF5F,0xBF5F,0xBF5F,
    0xBF5F,0xBF5F,0xBF5F,0xBF5F,0xBF5F,0xBF5F,0xBF5F,0xBF5F,0xBF5F,0xBF5F,0xBF5F,0xBF5F,
    0xBF5F,0xBF5F,0xBF5F,0xBF5F,0xBF5F,0xBF5F,0xBF5F,0xBF5F,0xBF5F,0xBF5F,0xBF5F,0xBF5F,
    0xBF5F,0xBF5F,0xBF5F,0xBF5F,0xBF5F,0xBF5F,0xBF5F,0xFFFF,0xFFFF,0xFFFF,0xFFFF,0xFFFF,
    0xFFFF,0xFF1D,0xFF1D,0xFF1D,0xFF1D,0xFF1D,0xFF1D,0xFF1D,0xFF1D,0xFF1D,0xFF1D,0xFF1D,
    0xFF1D,0xFF1D,0xFF1D,0xFF1D,0xFF1D,0xFF1D,0xFF1D,0xFF1D,0xFF1D,0xFF1D,0xFF1D,0xFF1D,
    0xFF1D,0xFF1D,0xFF1D,0xFF1D,0xFF1D,0xFF1D,0xFF1D,0xFF1D,0xFF1D,0xFF1D,0xFF1D,0xFF1D,
    0xFF1D,0xFF1D,0xFF1D,0xFF1D,0xFF1D,0xFF1D,0xFF1D,0xFF1D,0xFF1D,0xFF1D,0xFF1D,0xFF1D,
    0xFF1D,0xFF1D,0xFF1D,0xFF1D,0xFF1D,0xFF1D,0xFF1D,0xFF1D,0xFF1D,0xFF1D,0xFF1D,0xFF1D,
    0xFF1D,0xFF1D,0xFF1D,0xFF1D,0xFF1D,0xFF1D,0xFF1D,0xFF1D,0xFF1D,0xFF1D,0xFF1D,0xFF1D,
    0xFF1D,0xFF1D,0xFF1D,0xFF1D,0xFF1D,0xFF1D,0xFF1D,0xFF1D,0xE611,0xE611,0xE611,0xE611,
    0xFFBB,0xFFBB,0xFFBB,0xFFBB,0xFFBB,0xFFBB,0xFFBB,0xFFBB,0xFFBB,0xFFBB,0xFFBB,0xFFBB,
    0xFFBB,0xFFBB,0xFFBB,0xFFBB,0xFFBB,0xFFBB,0xFFBB,0xFFBB,0xFFBB,0xFFBB,0xFFBB,0xFFBB,
    0xFFBB,0xFFBB,0xFFBB,0xFFBB,0xFFBB,0xFFBB,0xFF9A,0xFF9A,0xFFBB,0xFFBB,0xFFBB,0xFFBB,
    0xFFBB,0xFFBB,0xFFBB,0xFFBB,0xFFBB,0xFFBB,0xFFBB,0xFFBB,0xFFBB,0xFFBB,0xFFBB,0xFFBB,
    0xFFBB,0xFFBB,0xFFBB,0xFFBB,0xFFBB,0xFFBB,0xFFBB,0xFFBB,0xFFBB,0xFFBB,0xFFBB,0xFFBB,
    0xFFBB,0xFFBB,0xE611,0xE611,0xE611,0xE611,0xFF1D,0xFF1D,0xFF1D,0xFF1D,0xFF1D,0xFF1D,
    0xFF1D,0xFF1D,0xFF1D,0xFF1D,0xFF1D,0xFF1D,0xFF1D,0xFF1D,0xFF1D,0xFF1D,0xFF1D,0xFF1D,
    0xFF1D,0xFF1D,0xFF1D,0xFF1D,0xFF1D,0xFF1D,0xFF1D,0xFF1D,0xFF1D,0xFF1D,0xFF1D,0xFF1D,
    0xFF1D,0xFF1D,0xFF1D,0xFF1D,0xFF1D,0xFF1D,0xFF1D,0xFF1D,0xFF1D,0xFF1D,0xFF1D,0xFF1D,
    0xFF1D,0xFF1D,0xFF1D,0xFF1D,0xFF1D,0xFF1D,0xFF1D,0xFF1D,0xFF1D,0xFF1D,0xFF1D,0xFF1D,
    0xFF1D,0xFF1D,0xFF1D,0xFF1D,0xFF1D,0xFF1D,0xFF1D,0xFF1D,0xFF1D,0xFF1D,0xFF1D,0xFF1D,
    0xFF1D,0xFF1D,0xFF1D,0xFFFF,0xFFFF,0xFFFF,0xFFFF,0xFFFF,0xFFFF,0xBF5F,0xBF5F,0xBF5F,
    0xBF5F,0xBF5F,0xBF5F,0xBF5F,0xBF5F,0xBF5F,0xBF5F,0xBF5F,0xBF5F,0xBF5F,0xBF5F,0xBF5F,
    0xBF5F,0xBF5F,0xBF5F,0xBF5F,0xBF5F,0xBF5F,0xBF5F,0xBF5F,0xBF5F,0xC75E,0xDF5A,0xEF57,
    0xF755,0xFF54,0xFF54,0xF755,0xEF57,0xDF5A,0xC75E,0xBF5F,0xBF5F,0xBF5F,0xBF5F,0xBF5F,
    0xBF5F,0xBF5F,0xBF5F,0xBF5F,0xFFFF,0xFFFF,0xFFFF,0xFFFF,0xBF5F,0xBF5F,0xBF5F,0xBF5F,
    0xBF5F,0xBF5F,0xBF5F,0xBF5F,0xBF5F,0xBF5F,0xBF5F,0xBF5F,0xBF5F,0xBF5F,0xBF5F,0xBF5F,
    0xBF5F,0xBF5F,0xBF5F,0xBF5F,0xBF5F,0xBF5F,0xBF5F,0xBF5F,0xBF5F,0xBF5F,0xBF5F,0xBF5F,
    0xBF5F,0xBF5F,0xBF5F,0xBF5F,0xBF5F,0xBF5F,0xBF5F,0xBF5F,0xBF5F,0xBF5F,0xBF5F,0xBF5F,
    0xBF5F,0xBF5F,0xBF5F,0xFFFF,0xFFFF,0xFFFF,0xFFFF,0xFFFF,0xFFFF,0xFF1D,0xFF1D,0xFF1D,
    0xFF1D,0xFF1D,0xFF1D,0xFF1D,0xFF1D,0xFF1D,0xFF1D,0xFF1D,0xFF1D,0xFF1D,0xFF1D,0xFF1D,
    0xFF1D,0xFF1D,0xFF1D,0xFF1D,0xFF1D,0xFF1D,0xFF1D,0xFF1D,0xFF1D,0xFF1D,0xFF1D,0xFF1D,
    0xFF1D,0xFF1D,0xFF1D,0xFF1D,0xFF1D,0xFF1D,0xFF1D,0xFF1D,0xFF1D,0xFF1D,0xFF1D,0xFF1D,
    0xFF1D,0xFF1D,0xFF1D,0xFF1D,0xFF1D,0xFF1D,0xFF1D,0xFF1D,0xFF1D,0xFF1D,0xFF1D,0xFF1D,
    0xFF1D,0xFF1D,0xFF1D,0xFF1D,0xFF1D,0xFF1D,0xFF1D,0xFF1D,0xFF1D,0xFF1D,0xFF1D,0xFF1D,
    0xFF1D,0xFF1D,0xFF1D,0xFF1D,0xFF1D,0xFF1D,0xFF1D,0xFF1D,0xFF1D,0xFF1D,0xFF1D,0xFF1D,
    0xFF1D,0xFF1D,0xFF1D,0xFF1D,0xE611,0xE611,0xE611,0xE611,0xFFBB,0xFFBB,0xFFBB,0xFFBB,
    0xFFBB,0xFFBB,0xFFBB,0xFFBB,0xFFBB,0xFFBB,0xFFBB,0xFFBB,0xFFBB,0xFFBB,0xFFBB,0xFFBB,
    0xFFBB,0xFFBB,0xFFBB,0xFFBB,0xFFBB,0xFFBB,0xFFBB,0xFFBB,0xFFBB,0xFFBB,0xFFBB,0xFFBB,
    0xFFBB,0xFFBB,0xFE92,0xFE92,0xFFBB,0xFFBB,0xFFBB,0xFFBB,0xFFBB,0xFFBB,0xFFBB,0xFFBB,
    0xFFBB,0xFFBB,0xFFBB,0xFFBB,0xFFBB,0xFFBB,0xFFBB,0xFFBB,0xFFBB,0xFFBB,0xFFBB,0xFFBB,
    0xFFBB,0xFFBB,0xFFBB,0xFFBB,0xFFBB,0xFFBB,0xFFBB,0xFFBB,0xFFBB,0xFFBB,0xE611,0xE611,
    0xE611,0xE611,0xFF1D,0xFF1D,0xFF1D,0xFF1D,0xFF1D,0xFF1D,0xFF1D,0xFF1D,0xFF1D,0xFF1D,
    0xFF1D,0xFF1D,0xFF1D,0xFF1D,0xFF1D,0xFF1D,0xFF1D,0xFF1D,0xFF1D,0xFF1D,0xFF1D,0xFF1D,
    0xFF1D,0xFF1D,0xFF1D,0xFF1D,0xFF1D,0xFF1D,0xFF1D,0xFF1D,0xFF1D,0xFF1D,0xFF1D,0xFF1D,
    0xFF1D,0xFF1D,0xFF1D,0xFF1D,0xFF1D,0xFF1D,0xFF1D,0xFF1D,0xFF1D,0xFF1D,0xFF1D,0xFF1D,
    0xFF1D,0xFF1D,0xFF1D,0xFF1D,0xFF1D,0xFF1D,0xFF1D,0xFF1D,0xFF1D,0xFF1D,0xFF1D,0xFF1D,
    0xFF1D,0xFF1D,0xFF1D,0xFF1D,0xFF1D,0xFF1D,0xFF1D,0xFF1D,0xFF1D,0xFF1D,0xFF1D,0xFFFF,
    0xFFFF,0xFFFF,0xFFFF,0xFFFF,0xFFFF,0xBF5F,0xBF5F,0xBF5F,0xBF5F,0xBF5F,0xBF5F,0xBF5F,
    0xBF5F,0xBF5F,0xBF5F,0xBF5F,0xBF5F,0xBF5F,0xBF5F,0xBF5F,0xBF5F,0xBF5F,0xBF5F,0xBF5F,
    0xBF5F,0xBF5F,0xBF5F,0xC75E,0xE758,0xFF54,0xFF54,0xFF54,0xFF54,0xFF54,0xFF54,0xFF54,
    0xFF54,0xFF54,0xFF54,0xEF58,0xC75E,0xBF5F,0xBF5F,0xBF5F,0xBF5F,0xBF5F,0xBF5F,0xBF5F,
    0xFFFF,0xFFFF,0xFFFF,0xFFFF,0xBF5F,0xBF5F,0xBF5F,0xBF5F,0xBF5F,0xBF5F,0xBF5F,0xBF5F,
    0xBF5F,0xBF5F,0xBF5F,0xBF5F,0xBF5F,0xBF5F,0xBF5F,0xBF5F,0xBF5F,0xBF5F,0xBF5F,0xBF5F,
    0xBF5F,0xBF5F,0xBF5F,0xBF5F,0xBF5F,0xBF5F,0xBF5F,0xBF5F,0xBF5F,0xBF5F,0xBF5F,0xBF5F,
    0xBF5F,0xBF5F,0xBF5F,0xBF5F,0xBF5F,0xBF5F,0xBF5F,0xBF5F,0xBF5F,0xBF5F,0xBF5F,0xFFFF,
    0xFFFF,0xFFFF,0xFFFF,0xFFFF,0xFFFF,0xFF1D,0xFF1D,0xFF1D,0xFF1D,0xFF1D,0xFF1D,0xFF1D,
    0xFF1D,0xFF1D,0xFF1D,0xFF1D,0xFF1D,0xFF1D,0xFF1D,0xFF1D,0xFF1D,0xFF1D,0xFF1D,0xFF1D,
    0xFF1D,0xFF1D,0xFF1D,0xFF1D,0xFF1D,0xFF1D,0xFF1D,0xFF1D,0xFF1D,0xFF1D,0xFF1D,0xFF1D,
    0xFF1D,0xFF1D,0xFF1D,0xFF1D,0xFF1D,0xFF1D,0xFF1D,0xFF1D,0xFF1D,0xFF1D,0xFF1D,0xFF1D,
    0xFF1D,0xFF1D,0xFF1D,0xFF1D,0xFF1D,0xFF1D,0xFF1D,0xFF1D,0xFF1D,0xFF1D,0xFF1D,0xFF1D,
    0xFF1D,0xFF1D,0xFF1D,0xFF1D,0xFF1D,0xFF1D,0xFF1D,0xFF1D,0xFF1D,0xFF1D,0xFF1D,0xFF1D,
    0xFF1D,0xFF1D,0xFF1D,0xFF1D,0xFF1D,0xFF1D,0xFF1D,0xFF1D,0xFF1D,0xFF1D,0xFF1D,0xFF1D,
    0xE611,0xE611,0xE611,0xE611,0xFFBB,0xFFBB,0xFFBB,0xFFBB,0xFFBB,0xFFBB,0xFFBB,0xFFBB,
    0xFFBB,0xFFBB,0xFFBB,0xFFBB,0xFFBB,0xFFBB,0xFFBB,0xFFBB,0xFFBB,0xFFBB,0xFFBB,0xFFBB,
    0xFFBB,0xFFBB,0xFFBB,0xFFBB,0xFFBB,0xFFBB,0xFFBB,0xFFBB,0xFFBB,0xFFBB,0xF5AA,0xF589,
    0xFFBB,0xFFBB,0xFFBB,0xFFBB,0xFFBB,0xFFBB,0xFFBB,0xFFBB,0xFFBB,0xFFBB,0xFFBB,0xFFBB,
    0xFFBB,0xFFBB,0xFFBB,0xFFBB,0xFFBB,0xFFBB,0xFFBB,0xFFBB,0xFFBB,0xFFBB,0xFFBB,0xFFBB,
    0xFFBB,0xFFBB,0xFFBB,0xFFBB,0xFFBB,0xFFBB,0xE611,0xE611,0xE611,0xE611,0xFF1D,0xFF1D,
    0xFF1D,0xFF1D,0xFF1D,0xFF1D,0xFF1D,0xFF1D,0xFF1D,0xFF1D,0xFF1D,0xFF1D,0xFF1D,0xFF1D,
    0xFF1D,0xFF1D,0xFF1D,0xFF1D,0xFF1D,0xFF1D,0xFF1D,0xFF1D,0xFF1D,0xFF1D,0xFF1D,0xFF1D,
    0xFF1D,0xFF1D,0xFF1D,0xFF1D,0xFF1D,0xFF1D,0xFF1D,0xFF1D,0xFF1D,0xFF1D,0xFF1D,0xFF1D,
    0xFF1D,0xFF1D,0xFF1D,0xFF1D,0xFF1D,0xFF1D,0xFF1D,0xFF1D,0xFF1D,0xFF1D,0xFF1D,0xFF1D,
    0xFF1D,0xFF1D,0xFF1D,0xFF1D,0xFF1D,0xFF1D,0xFF1D,0xFF1D,0xFF1D,0xFF1D,0xFF1D,0xFF1D,
    0xFF1D,0xFF1D,0xFF1D,0xFF1D,0xFF1D,0xFF1D,0xFF1D,0xFFFF,0xFFFF,0xFFFF,0xFFFF,0xFFFF,
    0xFFFF,0xBF5F,0xBF5F,0xBF5F,0xBF5F,0xBF5F,0xBF5F,0xBF5F,0xBF5F,0xBF5F,0xBF5F,0xBF5F,
    0xBF5F,0xBF5F,0xBF5F,0xBF5F,0xBF5F,0xBF5F,0xBF5F,0xBF5F,0xBF5F,0xBF5F,0xD75C,0xFF54,
    0xFF54,0xFF54,0xFF54,0xFF54,0xFF54,0xFF54,0xFF54,0xFF54,0xFF54,0xFF54,0xFF54,0xFF54,
    0xFF54,0xD75C,0xBF5F,0xBF5F,0xBF5F,0xBF5F,0xBF5F,0xBF5F,0xFFFF,0xFFFF,0xFFFF,0xFFFF,
    0xBF5F,0xBF5F,0xBF5F,0xBF5F,0xBF5F,0xBF5F,0xBF5F,0xBF5F,0xBF5F,0xBF5F,0xBF5F,0xBF5F,
    0xBF5F,0xBF5F,0xBF5F,0xBF5F,0xBF5F,0xBF5F,0xBF5F,0xBF5F,0xBF5F,0xBF5F,0xBF5F,0xBF5F,
    0xBF5F,0xBF5F,0xBF5F,0xBF5F,0xBF5F,0xBF5F,0xBF5F,0xBF5F,0xBF5F,0xBF5F,0xBF5F,0xBF5F,
    0xBF5F,0xBF5F,0xBF5F,0xBF5F,0xBF5F,0xBF5F,0xBF5F,0xFFFF,0xFFFF,0xFFFF,0xFFFF,0xFFFF,
    0xFFFF,0xFF1D,0xFF1D,0xFF1D,0xFF1D,0xFF1D,0xFF1D,0xFF1D,0xFF1D,0xFF1D,0xFF1D,0xFF1D,
    0xFF1D,0xFF1D,0xFF1D,0xFF1D,0xFF1D,0xFF1D,0xFF1D,0xFF1D,0xFF1D,0xFF1D,0xFF1D,0xFF1D,
    0xFF1D,0xFF1D,0xFF1D,0xFF1D,0xFF1D,0xFF1D,0xFF1D,0xFF1D,0xFF1D,0xFF1D,0xFF1D,0xFF1D,
    0xFF1D,0xFF1D,0xFF1D,0xFF1D,0xFF1D,0xFF1D,0xFF1D,0xFF1D,0xFF1D,0xFF1D,0xFF1D,0xFF1D,
    0xFF1D,0xFF1D,0xFF1D,0xFF1D,0xFF1D,0xFF1D,0xFF1D,0xFF1D,0xFF1D,0xFF1D,0xFF1D,0xFF1D,
    0xFF1D,0xFF1D,0xFF1D,0xFF1D,0xFF1D,0xFF1D,0xFF1D,0xFF1D,0xFF1D,0xFF1D,0xFF1D,0xFF1D,
    0xFF1D,0xFF1D,0xFF1D,0xFF1D,0xFF1D,0xFF1D,0xFF1D,0xFF1D,0xE611,0xE611,0xE611,0xE611,
    0xFFBB,0xFFBB,0xFFBB,0xFFBB,0xFFBB,0xFFBB,0xFFBB,0xFFBB,0xFFBB,0xFFBB,0xFFBB,0xFFBB,
    0xFFBB,0xFFBB,0xFFBB,0xFFBB,0xFFBB,0xFFBB,0xFFBB,0xFFBB,0xFFBB,0xFFBB,0xFFBB,0xFFBB,
    0xFFBB,0xFFBB,0xFFBB,0xFFBB,0xFFBB,0xFF16,0xF547,0xF547,0xFF16,0xFFBB,0xFFBB,0xFFBB,
    0xFFBB,0xFFBB,0xFFBB,0xFFBB,0xFFBB,0xFFBB,0xFFBB,0xFFBB,0xFFBB,0xFFBB,0xFFBB,0xFFBB,
    0xFFBB,0xFFBB,0xFFBB,0xFFBB,0xFFBB,0xFFBB,0xFFBB,0xFFBB,0xFFBB,0xFFBB,0xFFBB,0xFFBB,
    0xFFBB,0xFFBB,0xE611,0xE611,0xE611,0xE611,0xFF1D,0xFF1D,0xFF1D,0xFF1D,0xFF1D,0xFF1D,
    0xFF1D,0xFF1D,0xFF1D,0xFF1D,0xFF1D,0xFF1D,0xFF1D,0xFF1D,0xFF1D,0xFF1D,0xFF1D,0xFF1D,
    0xFF1D,0xFF1D,0xFF1D,0xFF1D,0xFF1D,0xFF1D,0xFF1D,0xFF1D,0xFF1D,0xFF1D,0xFF1D,0xFF1D,
    0xFF1D,0xFF1D,0xFF1D,0xFF1D,0xFF1D,0xFF1D,0xFF1D,0xFF1D,0xFF1D,0xFF1D,0xFF1D,0xFF1D,
    0xFF1D,0xFF1D,0xFF1D,0xFF1D,0xFF1D,0xFF1D,0xFF1D,0xFF1D,0xFF1D,0xFF1D,0xFF1D,0xFF1D,
    0xFF1D,0xFF1D,0xFF1D,0xFF1D,0xFF1D,0xFF1D,0xFF1D,0xFF1D,0xFF1D,0xFF1D,0xFF1D,0xFF1D,
    0xFF1D,0xFF1D,0xFF1D,0xFFFF,0xFFFF,0xFFFF,0xFFFF,0xFFFF,0xFFFF,0xBF5F,0xBF5F,0xBF5F,
    0xBF5F,0xBF5F,0xBF5F,0xBF5F,0xBF5F,0xBF5F,0xBF5F,0xBF5F,0xBF5F,0xBF5F,0xBF5F,0xBF5F,
    0xBF5F,0xBF5F,0xBF5F,0xBF5F,0xBF5F,0xDF5A,0xFF54,0xFF54,0xFF54,0xFF54,0xFF54,0xFF54,
    0xFF54,0xFF54,0xFF54,0xFF54,0xFF54,0xFF54,0xFF54,0xFF54,0xFF54,0xFF54,0xDF5A,0xBF5F,
    0xBF5F,0xBF5F,0xBF5F,0xBF5F,0xFFFF,0xFFFF,0xFFFF,0xFFFF,0xBF5F,0xBF5F,0xBF5F,0xBF5F,
    0xBF5F,0xBF5F,0xBF5F,0xBF5F,0xBF5F,0xBF5F,0xBF5F,0xBF5F,0xBF5F,0xBF5F,0xBF5F,0xBF5F,
    0xBF5F,0xBF5F,0xBF5F,0xBF5F,0xBF5F,0xBF5F,0xBF5F,0xBF5F,0xBF5F,0xBF5F,0xBF5F,0xBF5F,
    0xBF5F,0xBF5F,0xBF5F,0xBF5F,0xBF5F,0xBF5F,0xBF5F,0xBF5F,0xBF5F,0xBF5F,0xBF5F,0xBF5F,
    0xBF5F,0xBF5F,0xBF5F,0xFFFF,0xFFFF,0xFFFF,0xFFFF,0xFFFF,0xFFFF,0xFF1D,0xFF1D,0xFF1D,
    0xFF1D,0xFF1D,0xFF1D,0xFF1D,0xFF1D,0xFF1D,0xFF1D,0xFF1D,0xFF1D,0xFF1D,0xFF1D,0xFF1D,
    0xFF1D,0xFF1D,0xFF1D,0xFF1D,0xFF1D,0xFF1D,0xFF1D,0xFF1D,0xFF1D,0xFF1D,0xFF1D,0xFF1D,
    0xFF1D,0xFF1D,0xFF1D,0xFF1D,0xFF1D,0xFF1D,0xFF1D,0xFF1D,0xFF1D,0xFF1D,0xFF1D,0xFF1D,
    0xFF1D,0xFF1D,0xFF1D,0xFF1D,0xFF1D,0xFF1D,0xFF1D,0xFF1D,0xFF1D,0xFF1D,0xFF1D,0xFF1D,
    0xFF1D,0xFF1D,0xFF1D,0xFF1D,0xFF1D,0xFF1D,0xFF1D,0xFF1D,0xFF1D,0xFF1D,0xFF1D,0xFF1D,
    0xFF1D,0xFF1D,0xFF1D,0xFF1D,0xFF1D,0xFF1D,0xFF1D,0xFF1D,0xFF1D,0xFF1D,0xFF1D,0xFF1D,
    0xFF1D,0xFF1D,0xFF1D,0xFF1D,0xE611,0xE611,0xE611,0xE611,0xFFBB,0xFFBB,0xFFBB,0xFFBB,
    0xFFBB,0xFFBB,0xFFBB,0xFFBB,0xFFBB,0xFFBB,0xFFBB,0xFFBB,0xFFBB,0xFFBB,0xFFBB,0xFFBB,
    0xFFBB,0xFFBB,0xFFBB,0xFFBB,0xFFBB,0xFFBB,0xFFBB,0xFFBB,0xFFBB,0xFFBB,0xFFBB,0xFFBB,
    0xFFBB,0xF60D,0xF547,0xF547,0xF60D,0xFFBB,0xFFBB,0xFFBB,0xFFBB,0xFFBB,0xFFBB,0xFFBB,
    0xFFBB,0xFFBB,0xFFBB,0xFFBB,0xFFBB,0xFFBB,0xFFBB,0xFFBB,0xFFBB,0xFFBB,0xFFBB,0xFFBB,
    0xFFBB,0xFFBB,0xFFBB,0xFFBB,0xFFBB,0xFFBB,0xFFBB,0xFFBB,0xFFBB,0xFFBB,0xE611,0xE611,
    0xE611,0xE611,0xFF1D,0xFF1D,0xFF1D,0xFF1D,0xFF1D,0xFF1D,0xFF1D,0xFF1D,0xFF1D,0xFF1D,
    0xFF1D,0xFF1D,0xFF1D,0xFF1D,0xFF1D,0xFF1D,0xFF1D,0xFF1D,0xFF1D,0xFF1D,0xFF1D,0xFF1D,
    0xFF1D,0xFF1D,0xFF1D,0xFF1D,0xFF1D,0xFF1D,0xFF1D,0xFF1D,0xFF1D,0xFF1D,0xFF1D,0xFF1D,
    0xFF1D,0xFF1D,0xFF1D,0xFF1D,0xFF1D,0xFF1D,0xFF1D,0xFF1D,0xFF1D,0xFF1D,0xFF1D,0xFF1D,
    0xFF1D,0xFF1D,0xFF1D,0xFF1D,0xFF1D,0xFF1D,0xFF1D,0xFF1D,0xFF1D,0xFF1D,0xFF1D,0xFF1D,
    0xFF1D,0xFF1D,0xFF1D,0xFF1D,0xFF1D,0xFF1D,0xFF1D,0xFF1D,0xFF1D,0xFF1D,0xFF1D,0xFFFF,
    0xFFFF,0xFFFF,0xFFFF,0xFFFF,0xFFFF,0xBF5F,0xBF5F,0xBF5F,0xBF5F,0xBF5F,0xBF5F,0xBF5F,
    0xBF5F,0xBF5F,0xBF5F,0xBF5F,0xBF5F,0xBF5F,0xBF5F,0xBF5F,0xBF5F,0xBF5F,0xBF5F,0xBF5F,
    0xD75C,0xFF54,0xFF54,0xFF54,0xFF54,0xFF54,0xFF54,0xFF54,0xFF54,0xFF54,0xFF54,0xFF54,
    0xFF54,0xFF54,0xFF54,0xFF54,0xFF54,0xFF54,0xFF54,0xD75C,0xBF5F,0xBF5F,0xBF5F,0xBF5F,
    0xFFFF,0xFFFF,0xFFFF,0xFFFF,0xBF5F,0xBF5F,0xBF5F,0xBF5F,0xBF5F,0xBF5F,0xBF5F,0xBF5F,
    0xBF5F,0xBF5F,0xBF5F,0xBF5F,0xBF5F,0xBF5F,0xBF5F,0xBF5F,0xBF5F,0xBF5F,0xBF5F,0xBF5F,
    0xBF5F,0xBF5F,0xBF5F,0xBF5F,0xBF5F,0xBF5F,0xBF5F,0xBF5F,0xBF5F,0xBF5F,0xBF5F,0xBF5F,
    0xBF5F,0xBF5F,0xBF5F,0xBF5F,0xBF5F,0xBF5F,0xBF5F,0xBF5F,0xBF5F,0xBF5F,0xBF5F,0xFFFF,
    0xFFFF,0xFFFF,0xFFFF,0xFFFF,0xFFFF,0xFF1D,0xFF1D,0xFF1D,0xFF1D,0xFF1D,0xFF1D,0xFF1D,
    0xFF1D,0xFF1D,0xFF1D,0xFF1D,0xFF1D,0xFF1D,0xFF1D,0xFF1D,0xFF1D,0xFF1D,0xFF1D,0xFF1D,
    0xFF1D,0xFF1D,0xFF1D,0xFF1D,0xFF1D,0xFF1D,0xFF1D,0xFF1D,0xFF1D,0xFF1D,0xFF1D,0xFF1D,
    0xFF1D,0xFF1D,0xFF1D,0xFF1D,0xFF1D,0xFF1D,0xFF1D,0xFF1D,0xFF1D,0xFF1D,0xFF1D,0xFF1D,
    0xFF1D,0xFF1D,0xFF1D,0xFF1D,0xFF1D,0xFF1D,0xFF1D,0xFF1D,0xFF1D,0xFF1D,0xFF1D,0xFF1D,
    0xFF1D,0xFF1D,0xFF1D,0xFF1D,0xFF1D,0xFF1D,0xFF1D,0xFF1D,0xFF1D,0xFF1D,0xFF1D,0xFF1D,
    0xFF1D,0xFF1D,0xFF1D,0xFF1D,0xFF1D,0xFF1D,0xFF1D,0xFF1D,0xFF1D,0xFF1D,0xFF1D,0xFF1D,
    0xE611,0xE611,0xE611,0xE611,0xFFBB,0xFFBB,0xFFBB,0xFFBB,0xFFBB,0xFFBB,0xFFBB,0xFFBB,
    0xFFBB,0xFFBB,0xFFBB,0xFFBB,0xFFBB,0xFFBB,0xFFBB,0xFFBB,0xFFBB,0xFFBB,0xFFBB,0xFFBB,
    0xFFBB,0xFFBB,0xFFBB,0xFFBB,0xFFBB,0xFFBB,0xFFBB,0xFFBB,0xFF79,0xF547,0xF547,0xF547,
    0xF547,0xFF79,0xFFBB,0xFFBB,0xFFBB,0xFFBB,0xFFBB,0xFFBB,0xFFBB,0xFFBB,0xFFBB,0xFFBB,
    0xFFBB,0xFFBB,0xFFBB,0xFFBB,0xFFBB,0xFFBB,0xFFBB,0xFFBB,0xFFBB,0xFFBB,0xFFBB,0xFFBB,
    0xFFBB,0xFFBB,0xFFBB,0xFFBB,0xFFBB,0xFFBB,0xE611,0xE611,0xE611,0xE611,0xFF1D,0xFF1D,
    0xFF1D,0xFF1D,0xFF1D,0xFF1D,0xFF1D,0xFF1D,0xFF1D,0xFF1D,0xFF1D,0xFF1D,0xFF1D,0xFF1D,
    0xFF1D,0xFF1D,0xFF1D,0xFF1D,0xFF1D,0xFF1D,0xFF1D,0xFF1D,0xFF1D,0xFF1D,0xFF1D,0xFF1D,
    0xFF1D,0xFF1D,0xFF1D,0xFF1D,0xFF1D,0xFF1D,0xFF1D,0xFF1D,0xFF1D,0xFF1D,0xFF1D,0xFF1D,
    0xFF1D,0xFF1D,0xFF1D,0xFF1D,0xFF1D,0xFF1D,0xFF1D,0xFF1D,0xFF1D,0xFF1D,0xFF1D,0xFF1D,
    0xFF1D,0xFF1D,0xFF1D,0xFF1D,0xFF1D,0xFF1D,0xFF1D,0xFF1D,0xFF1D,0xFF1D,0xFF1D,0xFF1D,
    0xFF1D,0xFF1D,0xFF1D,0xFF1D,0xFF1D,0xFF1D,0xFF1D,0xFFFF,0xFFFF,0xFFFF,0xFFFF,0xFFFF,
    0xFFFF,0xBF5F,0xBF5F,0xBF5F,0xBF5F,0xBF5F,0xBF5F,0xBF5F,0xBF5F,0xBF5F,0xBF5F,0xBF5F,
    0xBF5F,0xBF5F,0xBF5F,0xBF5F,0xBF5F,0xBF5F,0xBF5F,0xC75E,0xFF54,0xFF54,0xFF54,0xFF54,
    0xFF54,0xFF54,0xFF54,0xFF54,0xFF54,0xFF54,0xFF54,0xFF54,0xFF54,0xFF54,0xFF54,0xFF54,
    0xFF54,0xFF54,0xFF54,0xFF54,0xC75E,0xBF5F,0xBF5F,0xBF5F,0xFFFF,0xFFFF,0xFFFF,0xFFFF,
    0xBF5F,0xBF5F,0xBF5F,0xBF5F,0xBF5F,0xBF5F,0xBF5F,0xBF5F,0xBF5F,0xBF5F,0xBF5F,0xBF5F,
    0xBF5F,0xBF5F,0xBF5F,0xBF5F,0xBF5F,0xBF5F,0xBF5F,0xBF5F,0xBF5F,0xBF5F,0xBF5F,0xBF5F,
    0xBF5F,0xBF5F,0xBF5F,0xBF5F,0xBF5F,0xBF5F,0xBF5F,0xBF5F,0xBF5F,0xBF5F,0xBF5F,0xBF5F,
    0xBF5F,0xBF5F,0xBF5F,0xBF5F,0xBF5F,0xBF5F,0xBF5F,0xFFFF,0xFFFF,0xFFFF,0xFFFF,0xFFFF,
    0xFFFF,0xFF1D,0xFF1D,0xFF1D,0xFF1D,0xFF1D,0xFF1D,0xFF1D,0xFF1D,0xFF1D,0xFF1D,0xFF1D,
    0xFF1D,0xFF1D,0xFF1D,0xFF1D,0xFF1D,0xFF1D,0xFF1D,0xFF1D,0xFF1D,0xFF1D,0xFF1D,0xFF1D,
    0xFF1D,0xFF1D,0xFF1D,0xFF1D,0xFF1D,0xFF1D,0xFF1D,0xFF1D,0xFF1D,0xFF1D,0xFF1D,0xFF1D,
    0xFF1D,0xFF1D,0xFF1D,0xFF1D,0xFF1D,0xFF1D,0xFF1D,0xFF1D,0xFF1D,0xFF1D,0xFF1D,0xFF1D,
    0xFF1D,0xFF1D,0xFF1D,0xFF1D,0xFF1D,0xFF1D,0xFF1D,0xFF1D,0xFF1D,0xFF1D,0xFF1D,0xFF1D,
    0xFF1D,0xFF1D,0xFF1D,0xFF1D,0xFF1D,0xFF1D,0xFF1D,0xFF1D,0xFF1D,0xFF1D,0xFF1D,0xFF1D,
    0xFF1D,0xFF1D,0xFF1D,0xFF1D,0xFF1D,0xFF1D,0xFF1D,0xFF1D,0xE611,0xE611,0xE611,0xE611,
    0xFFBB,0xFFBB,0xFFBB,0xFFBB,0xFFBB,0xFFBB,0xFFBB,0xFFBB,0xFFBB,0xFFBB,0xFFBB,0xFFBB,
    0xFFBB,0xFFBB,0xFFBB,0xFFBB,0xFFBB,0xFFBB,0xFFBB,0xFFBB,0xFFBB,0xFFBB,0xFFBB,0xFFBB,
    0xFFBB,0xFFBB,0xFFBB,0xFFBB,0xF671,0xF547,0xF5A8,0xF5A8,0xF547,0xF691,0xFFBB,0xFFBB,
    0xFFBB,0xFFBB,0xFFBB,0xFFBB,0xFFBB,0xFFBB,0xFFBB,0xFFBB,0xFFBB,0xFFBB,0xFFBB,0xFFBB,
    0xFFBB,0xFFBB,0xFFBB,0xFFBB,0xFFBB,0xFFBB,0xFFBB,0xFFBB,0xFFBB,0xFFBB,0xFFBB,0xFFBB,
    0xFFBB,0xFFBB,0xE611,0xE611,0xE611,0xE611,0xFF1D,0xFF1D,0xFF1D,0xFF1D,0xFF1D,0xFF1D,
    0xFF1D,0xFF1D,0xFF1D,0xFF1D,0xFF1D,0xFF1D,0xFF1D,0xFF1D,0xFF1D,0xFF1D,0xFF1D,0xFF1D,
    0xFF1D,0xFF1D,0xFF1D,0xFF1D,0xFF1D,0xFF1D,0xFF1D,0xFF1D,0xFF1D,0xFF1D,0xFF1D,0xFF1D,
    0xFF1D,0xFF1D,0xFF1D,0xFF1D,0xFF1D,0xFF1D,0xFF1D,0xFF1D,0xFF1D,0xFF1D,0xFF1D,0xFF1D,
    0xFF1D,0xFF1D,0xFF1D,0xFF1D,0xFF1D,0xFF1D,0xFF1D,0xFF1D,0xFF1D,0xFF1D,0xFF1D,0xFF1D,
    0xFF1D,0xFF1D,0xFF1D,0xFF1D,0xFF1D,0xFF1D,0xFF1D,0xFF1D,0xFF1D,0xFF1D,0xFF1D,0xFF1D,
    0xFF1D,0xFF1D,0xFF1D,0xFFFF,0xFFFF,0xFFFF,0xFFFF,0xFFFF,0xFFFF,0xBF5F,0xBF5F,0xBF5F,
    0xBF5F,0xBF5F,0xBF5F,0xBF5F,0xBF5F,0xBF5F,0xBF5F,0xBF5F,0xBF5F,0xBF5F,0xBF5F,0xBF5F,
    0xBF5F,0xBF5F,0xBF5F,0xE758,0xFF54,0xFF54,0xFF54,0xFF54,0xFF54,0xFF54,0xFF54,0xFF54,
    0xFF54,0xFF54,0xFF54,0xFF54,0xFF54,0xFF54,0xFF54,0xFF54,0xFF54,0xFF54,0xFF54,0xFF54,
    0xE758,0xBF5F,0xBF5F,0xBF5F,0xFFFF,0xFFFF,0xFFFF,0xFFFF,0xBF5F,0xBF5F,0xBF5F,0xBF5F,
    0xBF5F,0xBF5F,0xBF5F,0xBF5F,0xBF5F,0xBF5F,0xBF5F,0xBF5F,0xBF5F,0xBF5F,0xBF5F,0xBF5F,
    0xBF5F,0xBF5F,0xBF5F,0xBF5F,0xBF5F,0xBF5F,0xBF5F,0xBF5F,0xBF5F,0xBF5F,0xBF5F,0xBF5F,
    0xBF5F,0xBF5F,0xBF5F,0xBF5F,0xBF5F,0xBF5F,0xBF5F,0xBF5F,0xBF5F,0xBF5F,0xBF5F,0xBF5F,
    0xBF5F,0xBF5F,0xBF5F,0xFFFF,0xFFFF,0xFFFF,0xFFFF,0xFFFF,0xFFFF,0xFF1D,0xFF1D,0xFF1D,
    0xFF1D,0xFF1D,0xFF1D,0xFF1D,0xFF1D,0xFF1D,0xFF1D,0xFF1D,0xFF1D,0xFF1D,0xFF1D,0xFF1D,
    0xFF1D,0xFF1D,0xFF1D,0xFF1D,0xFF1D,0xFF1D,0xFF1D,0xFF1D,0xFF1D,0xFF1D,0xFF1D,0xFF1D,
    0xFF1D,0xFF1D,0xFF1D,0xFF1D,0xFF1D,0xFF1D,0xFF1D,0xFF1D,0xFF1D,0xFF1D,0xFF1D,0xFF1D,
    0xFF1D,0xFF1D,0xFF1D,0xFF1D,0xFF1D,0xFF1D,0xFF1D,0xFF1D,0xFF1D,0xFF1D,0xFF1D,0xFF1D,
    0xFF1D,0xFF1D,0xFF1D,0xFF1D,0xFF1D,0xFF1D,0xFF1D,0xFF1D,0xFF1D,0xFF1D,0xFF1D,0xFF1D,
    0xFF1D,0xFF1D,0xFF1D,0xFF1D,0xFF1D,0xFF1D,0xFF1D,0xFF1D,0xFF1D,0xFF1D,0xFF1D,0xFF1D,
    0xFF1D,0xFF1D,0xFF1D,0xFF1D,0xE611,0xE611,0xE611,0xE611,0xFFBB,0xFFBB,0xFFBB,0xFFBB,
    0xFFBB,0xFFBB,0xFFBB,0xFFBB,0xFFBB,0xFFBB,0xFFBB,0xFFBB,0xFFBB,0xFFBB,0xFFBB,0xFFBB,
    0xFFBB,0xFFBB,0xFFBB,0xFFBB,0xFFBB,0xFFBB,0xFFBB,0xFFBB,0xFFBB,0xFFBB,0xFFBB,0xFFBB,
    0xF589,0xF547,0xFE48,0xFE48,0xF547,0xF589,0xFFBB,0xFFBB,0xFFBB,0xFFBB,0xFFBB,0xFFBB,
    0xFFBB,0xFFBB,0xFFBB,0xFFBB,0xFFBB,0xFFBB,0xFFBB,0xFFBB,0xFFBB,0xFFBB,0xFFBB,0xFFBB,
    0xFFBB,0xFFBB,0xFFBB,0xFFBB,0xFFBB,0xFFBB,0xFFBB,0xFFBB,0xFFBB,0xFFBB,0xE611,0xE611,
    0xE611,0xE611,0xFF1D,0xFF1D,0xFF1D,0xFF1D,0xFF1D,0xFF1D,0xFF1D,0xFF1D,0xFF1D,0xFF1D,
    0xFF1D,0xFF1D,0xFF1D,0xFF1D,0xFF1D,0xFF1D,0xFF1D,0xFF1D,0xFF1D,0xFF1D,0xFF1D,0xFF1D,
    0xFF1D,0xFF1D,0xFF1D,0xFF1D,0xFF1D,0xFF1D,0xFF1D,0xFF1D,0xFF1D,0xFF1D,0xFF1D,0xFF1D,
    0xFF1D,0xFF1D,0xFF1D,0xFF1D,0xFF1D,0xFF1D,0xFF1D,0xFF1D,0xFF1D,0xFF1D,0xFF1D,0xFF1D,
    0xFF1D,0xFF1D,0xFF1D,0xFF1D,0xFF1D,0xFF1D,0xFF1D,0xFF1D,0xFF1D,0xFF1D,0xFF1D,0xFF1D,
    0xFF1D,0xFF1D,0xFF1D,0xFF1D,0xFF1D,0xFF1D,0xFF1D,0xFF1D,0xFF1D,0xFF1D,0xFF1D,0xFFFF,
    0xFFFF,0xFFFF,0xFFFF,0xFFFF,0xFFFF,0xBF5F,0xBF5F,0xBF5F,0xBF5F,0xBF5F,0xBF5F,0xBF5F,
    0xBF5F,0xBF5F,0xBF5F,0xBF5F,0xBF5F,0xBF5F,0xBF5F,0xBF5F,0xBF5F,0xBF5F,0xC75E,0xFF54,
    0xFF54,0xFF54,0xFF54,0xFF54,0xFF54,0xFF54,0xFF54,0xFF54,0xFF54,0xFF54,0xFF54,0xFF54,
    0xFF54,0xFF54,0xFF54,0xFF54,0xFF54,0xFF54,0xFF54,0xFF54,0xFF54,0xC75E,0xBF5F,0xBF5F,
    0xFFFF,0xFFFF,0xFFFF,0xFFFF,0xBF5F,0xBF5F,0xBF5F,0xBF5F,0xBF5F,0xBF5F,0xBF5F,0xBF5F,
    0xBF5F,0xBF5F,0xBF5F,0xBF5F,0xBF5F,0xBF5F,0xBF5F,0xBF5F,0xBF5F,0xBF5F,0xBF5F,0xBF5F,
    0xBF5F,0xBF5F,0xBF5F,0xBF5F,0xBF5F,0xBF5F,0xBF5F,0xBF5F,0xBF5F,0xBF5F,0xBF5F,0xBF5F,
    0xBF5F,0xBF5F,0xBF5F,0xBF5F,0xBF5F,0xBF5F,0xBF5F,0xBF5F,0xBF5F,0xBF5F,0xBF5F,0xFFFF,
    0xFFFF,0xFFFF,0xFFFF,0xFFFF,0xFFFF,0xFF1D,0xFF1D,0xFF1D,0xFF1D,0xFF1D,0xFF1D,0xFF1D,
    0xFF1D,0xFF1D,0xFF1D,0xFF1D,0xFF1D,0xFF1D,0xFF1D,0xFF1D,0xFF1D,0xFF1D,0xFF1D,0xFF1D,
    0xFF1D,0xFF1D,0xFF1D,0xFF1D,0xFF1D,0xFF1D,0xFF1D,0xFF1D,0xFF1D,0xFF1D,0xFF1D,0xFF1D,
    0xFF1D,0xFF1D,0xFF1D,0xFF1D,0xFF1D,0xFF1D,0xFF1D,0xFF1D,0xFF1D,0xFF1D,0xFF1D,0xFF1D,
    0xFF1D,0xFF1D,0xFF1D,0xFF1D,0xFF1D,0xFF1D,0xFF1D,0xFF1D,0xFF1D,0xFF1D,0xFF1D,0xFF1D,
    0xFF1D,0xFF1D,0xFF1D,0xFF1D,0xFF1D,0xFF1D,0xFF1D,0xFF1D,0xFF1D,0xFF1D,0xFF1D,0xFF1D,
    0xFF1D,0xFF1D,0xFF1D,0xFF1D,0xFF1D,0xFF1D,0xFF1D,0xFF1D,0xFF1D,0xFF1D,0xFF1D,0xFF1D,
    0xE611,0xE611,0xE611,0xE611,0xFFBB,0xFFBB,0xFFBB,0xFFBB,0xFFBB,0xFFBB,0xFFBB,0xFFBB,
    0xFFBB,0xFFBB,0xFFBB,0xFFBB,0xFFBB,0xFFBB,0xFFBB,0xFFBB,0xFFBB,0xFFBB,0xFFBB,0xFFBB,
    0xFFBB,0xFFBB,0xFFBB,0xFFBB,0xFFBB,0xFFBB,0xFFBB,0xFEF5,0xF547,0xF587,0xFE89,0xFE89,
    0xF567,0xF547,0xFEF5,0xFFBB,0xFFBB,0xFFBB,0xFFBB,0xFFBB,0xFFBB,0xFFBB,0xFFBB,0xFFBB,
    0xFFBB,0xFFBB,0xFFBB,0xFFBB,0xFFBB,0xFFBB,0xFFBB,0xFFBB,0xFFBB,0xFFBB,0xFFBB,0xFFBB,
    0xFFBB,0xFFBB,0xFFBB,0xFFBB,0xFFBB,0xFFBB,0xE611,0xE611,0xE611,0xE611,0xFF1D,0xFF1D,
    0xFF1D,0xFF1D,0xFF1D,0xFF1D,0xFF1D,0xFF1D,0xFF1D,0xFF1D,0xFF1D,0xFF1D,0xFF1D,0xFF1D,
    0xFF1D,0xFF1D,0xFF1D,0xFF1D,0xFF1D,0xFF1D,0xFF1D,0xFF1D,0xFF1D,0xFF1D,0xFF1D,0xFF1D,
    0xFF1D,0xFF1D,0xFF1D,0xFF1D,0xFF1D,0xFF1D,0xFF1D,0xFF1D,0xFF1D,0xFF1D,0xFF1D,0xFF1D,
    0xFF1D,0xFF1D,0xFF1D,0xFF1D,0xFF1D,0xFF1D,0xFF1D,0xFF1D,0xFF1D,0xFF1D,0xFF1D,0xFF1D,
    0xFF1D,0xFF1D,0xFF1D,0xFF1D,0xFF1D,0xFF1D,0xFF1D,0xFF1D,0xFF1D,0xFF1D,0xFF1D,0xFF1D,
    0xFF1D,0xFF1D,0xFF1D,0xFF1D,0xFF1D,0xFF1D,0xFF1D,0xFFFF,0xFFFF,0xFFFF,0xFFFF,0xFFFF,
    0xFFFF,0xBF5F,0xBF5F,0xBF5F,0xBF5F,0xBF5F,0xBF5F,0xBF5F,0xBF5F,0xBF5F,0xBF5F,0xBF5F,
    0xBF5F,0xBF5F,0xBF5F,0xBF5F,0xBF5F,0xBF5F,0xDF5A,0xFF54,0xFF54,0xFF54,0xFF54,0xFF54,
    0xFF54,0xFF54,0xFF54,0xFF54,0xFF54,0xFF54,0xFF54,0xFF54,0xFF54,0xFF54,0xFF54,0xFF54,
    0xFF54,0xFF54,0xFF54,0xFF54,0xFF54,0xDF5A,0xBF5F,0xBF5F,0xFFFF,0xFFFF,0xFFFF,0xFFFF,
    0xBF5F,0xBF5F,0xBF5F,0xBF5F,0xBF5F,0xBF5F,0xBF5F,0xBF5F,0xBF5F,0xBF5F,0xBF5F,0xBF5F,
    0xBF5F,0xBF5F,0xBF5F,0xBF5F,0xBF5F,0xBF5F,0xBF5F,0xBF5F,0xBF5F,0xBF5F,0xBF5F,0xBF5F,
    0xBF5F,0xBF5F,0xBF5F,0xBF5F,0xBF5F,0xBF5F,0xBF5F,0xBF5F,0xBF5F,0xBF5F,0xBF5F,0xBF5F,
    0xBF5F,0xBF5F,0xBF5F,0xBF5F,0xBF5F,0xBF5F,0xBF5F,0xFFFF,0xFFFF,0xFFFF,0xFFFF,0xFFFF,
    0xFFFF,0xFF1D,0xFF1D,0xFF1D,0xFF1D,0xFF1D,0xFF1D,0xFF1D,0xFF1D,0xFF1D,0xFF1D,0xFF1D,
    0xFF1D,0xFF1D,0xFF1D,0xFF1D,0xFF1D,0xFF1D,0xFF1D,0xFF1D,0xFF1D,0xFF1D,0xFF1D,0xFF1D,
    0xFF1D,0xFF1D,0xFF1D,0xFF1D,0xFF1D,0xFF1D,0xFF1D,0xFF1D,0xFF1D,0xFF1D,0xFF1D,0xFF1D,
    0xFF1D,0xFF1D,0xFF1D,0xFF1D,0xFF1D,0xFF1D,0xFF1D,0xFF1D,0xFF1D,0xFF1D,0xFF1D,0xFF1D,
    0xFF1D,0xFF1D,0xFF1D,0xFF1D,0xFF1D,0xFF1D,0xFF1D,0xFF1D,0xFF1D,0xFF1D,0xFF1D,0xFF1D,
    0xFF1D,0xFF1D,0xFF1D,0xFF1D,0xFF1D,0xFF1D,0xFF1D,0xFF1D,0xFF1D,0xFF1D,0xFF1D,0xFF1D,
    0xFF1D,0xFF1D,0xFF1D,0xFF1D,0xFF1D,0xFF1D,0xFF1D,0xFF1D,0xE611,0xE611,0xE611,0xE611,
    0xFFBB,0xFFBB,0xFFBB,0xFFBB,0xFFBB,0xFFBB,0xFFBB,0xFFBB,0xFFBB,0xFFBB,0xFFBB,0xFFBB,
    0xFFBB,0xFFBB,0xFFBB,0xFFBB,0xFFBB,0xFFBB,0xFFBB,0xFFBB,0xFFBB,0xFFBB,0xFFBB,0xFFBB,
    0xFFBB,0xFFBB,0xFFBB,0xF5EC,0xF547,0xFE08,0xFE89,0xFE89,0xFE08,0xF547,0xF5EC,0xFFBB,
    0xFFBB,0xFFBB,0xFFBB,0xFFBB,0xFFBB,0xFFBB,0xFFBB,0xFFBB,0xFFBB,0xFFBB,0xFFBB,0xFFBB,
    0xFFBB,0xFFBB,0xFFBB,0xFFBB,0xFFBB,0xFFBB,0xFFBB,0xFFBB,0xFFBB,0xFFBB,0xFFBB,0xFFBB,
    0xFFBB,0xFFBB,0xE611,0xE611,0xE611,0xE611,0xFF1D,0xFF1D,0xFF1D,0xFF1D,0xFF1D,0xFF1D,
    0xFF1D,0xFF1D,0xFF1D,0xFF1D,0xFF1D,0xFF1D,0xFF1D,0xFF1D,0xFF1D,0xFF1D,0xFF1D,0xFF1D,
    0xFF1D,0xFF1D,0xFF1D,0xFF1D,0xFF1D,0xFF1D,0xFF1D,0xFF1D,0xFF1D,0xFF1D,0xFF1D,0xFF1D,
    0xFF1D,0xFF1D,0xFF1D,0xFF1D,0xFF1D,0xFF1D,0xFF1D,0xFF1D,0xFF1D,0xFF1D,0xFF1D,0xFF1D,
    0xFF1D,0xFF1D,0xFF1D,0xFF1D,0xFF1D,0xFF1D,0xFF1D,0xFF1D,0xFF1D,0xFF1D,0xFF1D,0xFF1D,
    0xFF1D,0xFF1D,0xFF1D,0xFF1D,0xFF1D,0xFF1D,0xFF1D,0xFF1D,0xFF1D,0xFF1D,0xFF1D,0xFF1D,
    0xFF1D,0xFF1D,0xFF1D,0xFFFF,0xFFFF,0xFFFF,0xFFFF,0xFFFF,0xFFFF,0xBF5F,0xBF5F,0xBF5F,
    0xBF5F,0xBF5F,0xBF5F,0xBF5F,0xBF5F,0xBF5F,0xBF5F,0xBF5F,0xBF5F,0xBF5F,0xBF5F,0xBF5F,
    0xBF5F,0xBF5F,0xEF57,0xFF54,0xFF54,0xFF54,0xFF54,0xFF54,0xFF54,0xFF54,0xFF54,0xFF54,
    0xFF54,0xFF54,0xFF54,0xFF54,0xFF54,0xFF54,0xFF54,0xFF54,0xFF54,0xFF54,0xFF54,0xFF54,
    0xFF54,0xEF57,0xBF5F,0xBF5F,0xFFFF,0xFFFF,0xFFFF,0xFFFF,0xBF5F,0xBF5F,0xBF5F,0xBF5F,
    0xBF5F,0xBF5F,0xBF5F,0xBF5F,0xBF5F,0xBF5F,0xBF5F,0xBF5F,0xBF5F,0xBF5F,0xBF5F,0xBF5F,
    0xBF5F,0xBF5F,0xBF5F,0xBF5F,0xBF5F,0xBF5F,0xBF5F,0xBF5F,0xBF5F,0xBF5F,0xBF5F,0xBF5F,
    0xBF5F,0xBF5F,0xBF5F,0xBF5F,0xBF5F,0xBF5F,0xBF5F,0xBF5F,0xBF5F,0xBF5F,0xBF5F,0xBF5F,
    0xBF5F,0xBF5F,0xBF5F,0xFFFF,0xFFFF,0xFFFF,0xFFFF,0xFFFF,0xFFFF,0xFF1D,0xFF1D,0xFF1D,
    0xFF1D,0xFF1D,0xFF1D,0xFF1D,0xFF1D,0xFF1D,0xFF1D,0xFF1D,0xFF1D,0xFF1D,0xFF1D,0xFF1D,
    0xFF1D,0xFF1D,0xFF1D,0xFF1D,0xFF1D,0xFF1D,0xFF1D,0xFF1D,0xFF1D,0xFF1D,0xFF1D,0xFF1D,
    0xFF1D,0xFF1D,0xFF1D,0xFF1D,0xFF1D,0xFF1D,0xFF1D,0xFF1D,0xFF1D,0xFF1D,0xFF1D,0xFF1D,
    0xFF1D,0xFF1D,0xFF1D,0xFF1D,0xFF1D,0xFF1D,0xFF1D,0xFF1D,0xFF1D,0xFF1D,0xFF1D,0xFF1D,
    0xFF1D,0xFF1D,0xFF1D,0xFF1D,0xFF1D,0xFF1D,0xFF1D,0xFF1D,0xFF1D,0xFF1D,0xFF1D,0xFF1D,
    0xFF1D,0xFF1D,0xFF1D,0xFF1D,0xFF1D,0xFF1D,0xFF1D,0xFF1D,0xFF1D,0xFF1D,0xFF1D,0xFF1D,
    0xFF1D,0xFF1D,0xFF1D,0xFF1D,0xE611,0xE611,0xE611,0xE611,0xFFBB,0xFFBB,0xFFBB,0xFFBB,
    0xFFBB,0xFFBB,0xFFBB,0xFFBB,0xFFBB,0xFFBB,0xFFBB,0xFFBB,0xFFBB,0xFFBB,0xFFBB,0xFFBB,
    0xFFBB,0xFFBB,0xFFBB,0xFFBB,0xFFBB,0xFFBB,0xFFBB,0xFFBB,0xFFBB,0xFFBB,0xFF79,0xF547,
    0xF547,0xFE69,0xFE89,0xFE89,0xFE89,0xF547,0xF547,0xFF58,0xFFBB,0xFFBB,0xFFBB,0xFFBB,
    0xFFBB,0xFFBB,0xFFBB,0xFFBB,0xFFBB,0xFFBB,0xFFBB,0xFFBB,0xFFBB,0xFFBB,0xFFBB,0xFFBB,
    0xFFBB,0xFFBB,0xFFBB,0xFFBB,0xFFBB,0xFFBB,0xFFBB,0xFFBB,0xFFBB,0xFFBB,0xE611,0xE611,
    0xE611,0xE611,0xFF1D,0xFF1D,0xFF1D,0xFF1D,0xFF1D,0xFF1D,0xFF1D,0xFF1D,0xFF1D,0xFF1D,
    0xFF1D,0xFF1D,0xFF1D,0xFF1D,0xFF1D,0xFF1D,0xFF1D,0xFF1D,0xFF1D,0xFF1D,0xFF1D,0xFF1D,
    0xFF1D,0xFF1D,0xFF1D,0xFF1D,0xFF1D,0xFF1D,0xFF1D,0xFF1D,0xFF1D,0xFF1D,0xFF1D,0xFF1D,
    0xFF1D,0xFF1D,0xFF1D,0xFF1D,0xFF1D,0xFF1D,0xFF1D,0xFF1D,0xFF1D,0xFF1D,0xFF1D,0xFF1D,
    0xFF1D,0xFF1D,0xFF1D,0xFF1D,0xFF1D,0xFF1D,0xFF1D,0xFF1D,0xFF1D,0xFF1D,0xFF1D,0xFF1D,
    0xFF1D,0xFF1D,0xFF1D,0xFF1D,0xFF1D,0xFF1D,0xFF1D,0xFF1D,0xFF1D,0xFF1D,0xFF1D,0xFFFF,
    0xFFFF,0xFFFF,0xFFFF,0xFFFF,0xFFFF,0xBF5F,0xBF5F,0xBF5F,0xBF5F,0xBF5F,0xBF5F,0xBF5F,
    0xBF5F,0xBF5F,0xBF5F,0xBF5F,0xBF5F,0xBF5F,0xBF5F,0xBF5F,0xBF5F,0xBF5F,0xF755,0xFF54,
    0xFF54,0xFF54,0xFF54,0xFF54,0xFF54,0xFF54,0xFF54,0xFF54,0xFF54,0xFF54,0xFF54,0xFF54,
    0xFF54,0xFF54,0xFF54,0xFF54,0xFF54,0xFF54,0xFF54,0xFF54,0xFF54,0xF755,0xBF5F,0xBF5F,
    0xFFFF,0xFFFF,0xFFFF,0xFFFF,0xBF5F,0xBF5F,0xBF5F,0xBF5F,0xBF5F,0xBF5F,0xBF5F,0xBF5F,
    0xBF5F,0xBF5F,0xBF5F,0xBF5F,0xBF5F,0xBF5F,0xBF5F,0xBF5F,0xBF5F,0xBF5F,0xBF5F,0xBF5F,
    0xBF5F,0xBF5F,0xBF5F,0xBF5F,0xBF5F,0xBF5F,0xBF5F,0xBF5F,0xBF5F,0xBF5F,0xBF5F,0xBF5F,
    0xBF5F,0xBF5F,0xBF5F,0xBF5F,0xBF5F,0xBF5F,0xBF5F,0xBF5F,0xBF5F,0xBF5F,0xBF5F,0xFFFF,
    0xFFFF,0xFFFF,0xFFFF,0xFFFF,0xFFFF,0xFF1D,0xFF1D,0xFF1D,0xFF1D,0xFF1D,0xFF1D,0xFF1D,
    0xFF1D,0xFF1D,0xFF1D,0xFF1D,0xFF1D,0xFF1D,0xFF1D,0xFF1D,0xFF1D,0xFF1D,0xFF1D,0xFF1D,
    0xFF1D,0xFF1D,0xFF1D,0xFF1D,0xFF1D,0xFF1D,0xFF1D,0xFF1D,0xFF1D,0xFF1D,0xFF1D,0xFF1D,
    0xFF1D,0xFF1D,0xFF1D,0xFF1D,0xFF1D,0xFF1D,0xFF1D,0xFF1D,0xFF1D,0xFF1D,0xFF1D,0xFF1D,
    0xFF1D,0xFF1D,0xFF1D,0xFF1D,0xFF1D,0xFF1D,0xFF1D,0xFF1D,0xFF1D,0xFF1D,0xFF1D,0xFF1D,
    0xFF1D,0xFF1D,0xFF1D,0xFF1D,0xFF1D,0xFF1D,0xFF1D,0xFF1D,0xFF1D,0xFF1D,0xFF1D,0xFF1D,
    0xFF1D,0xFF1D,0xFF1D,0xFF1D,0xFF1D,0xFF1D,0xFF1D,0xFF1D,0xFF1D,0xFF1D,0xFF1D,0xFF1D,
    0xE611,0xE611,0xE611,0xE611,0xFFBB,0xFFBB,0xFFBB,0xFFBB,0xFFBB,0xFFBB,0xFFBB,0xFFBB,
    0xFFBB,0xFFBB,0xFFBB,0xFFBB,0xFFBB,0xFFBB,0xFFBB,0xFFBB,0xFFBB,0xFFBB,0xFFBB,0xFFBB,
    0xFFBB,0xFFBB,0xFFBB,0xFFBB,0xFFBB,0xFFBB,0xF670,0xF547,0xF5C8,0xFE89,0xFE89,0xFE89,
    0xFE89,0xF5C8,0xF547,0xF670,0xFFBB,0xFFBB,0xFFBB,0xFFBB,0xFFBB,0xFFBB,0xFFBB,0xFFBB,
    0xFFBB,0xFFBB,0xFFBB,0xFFBB,0xFFBB,0xFFBB,0xFFBB,0xFFBB,0xFFBB,0xFFBB,0xFFBB,0xFFBB,
    0xFFBB,0xFFBB,0xFFBB,0xFFBB,0xFFBB,0xFFBB,0xE611,0xE611,0xE611,0xE611,0xFF1D,0xFF1D,
    0xFF1D,0xFF1D,0xFF1D,0xFF1D,0xFF1D,0xFF1D,0xFF1D,0xFF1D,0xFF1D,0xFF1D,0xFF1D,0xFF1D,
    0xFF1D,0xFF1D,0xFF1D,0xFF1D,0xFF1D,0xFF1D,0xFF1D,0xFF1D,0xFF1D,0xFF1D,0xFF1D,0xFF1D,
    0xFF1D,0xFF1D,0xFF1D,0xFF1D,0xFF1D,0xFF1D,0xFF1D,0xFF1D,0xFF1D,0xFF1D,0xFF1D,0xFF1D,
    0xFF1D,0xFF1D,0xFF1D,0xFF1D,0xFF1D,0xFF1D,0xFF1D,0xFF1D,0xFF1D,0xFF1D,0xFF1D,0xFF1D,
    0xFF1D,0xFF1D,0xFF1D,0xFF1D,0xFF1D,0xFF1D,0xFF1D,0xFF1D,0xFF1D,0xFF1D,0xFF1D,0xFF1D,
    0xFF1D,0xFF1D,0xFF1D,0xFF1D,0xFF1D,0xFF1D,0xFF1D,0xFFFF,0xFFFF,0xFFFF,0xFFFF,0xFFFF,
    0xFFFF,0xBF5F,0xBF5F,0xBF5F,0xBF5F,0xBF5F,0xBF5F,0xBF5F,0xBF5F,0xBF5F,0xBF5F,0xBF5F,
    0xBF5F,0xBF5F,0xBF5F,0xBF5F,0xBF5F,0xBF5F,0xFF54,0xFF54,0xFF54,0xFF54,0xFF54,0xFF54,
    0xFF54,0xFF54,0xFF54,0xFF54,0xFF54,0xFF54,0xFF54,0xFF54,0xFF54,0xFF54,0xFF54,0xFF54,
    0xFF54,0xFF54,0xFF54,0xFF54,0xFF54,0xFF54,0xBF5F,0xBF5F,0xFFFF,0xFFFF,0xFFFF,0xFFFF,
    0xBF5F,0xBF5F,0xBF5F,0xBF5F,0xBF5F,0xBF5F,0xBF5F,0xBF5F,0xBF5F,0xBF5F,0xBF5F,0xBF5F,
    0xBF5F,0xBF5F,0xBF5F,0xBF5F,0xBF5F,0xBF5F,0xBF5F,0xBF5F,0xBF5F,0xBF5F,0xBF5F,0xBF5F,
    0xBF5F,0xBF5F,0xBF5F,0xBF5F,0xBF5F,0xBF5F,0xBF5F,0xBF5F,0xBF5F,0xBF5F,0xBF5F,0xBF5F,
    0xBF5F,0xBF5F,0xBF5F,0xBF5F,0xBF5F,0xBF5F,0xBF5F,0xFFFF,0xFFFF,0xFFFF,0xFFFF,0xFFFF,
    0xFFFF,0xFF1D,0xFF1D,0xFF1D,0xFF1D,0xFF1D,0xFF1D,0xFF1D,0xFF1D,0xFF1D,0xFF1D,0xFF1D,
    0xFF1D,0xFF1D,0xFF1D,0xFF1D,0xFF1D,0xFF1D,0xFF1D,0xFF1D,0xFF1D,0xFF1D,0xFF1D,0xFF1D,
    0xFF1D,0xFF1D,0xFF1D,0xFF1D,0xFF1D,0xFF1D,0xFF1D,0xFF1D,0xFF1D,0xFF1D,0xFF1D,0xFF1D,
    0xFF1D,0xFF1D,0xFF1D,0xFF1D,0xFF1D,0xFF1D,0xFF1D,0xFF1D,0xFF1D,0xFF1D,0xFF1D,0xFF1D,
    0xFF1D,0xFF1D,0xFF1D,0xFF1D,0xFF1D,0xFF1D,0xFF1D,0xFF1D,0xFF1D,0xFF1D,0xFF1D,0xFF1D,
    0xFF1D,0xFF1D,0xFF1D,0xFF1D,0xFF1D,0xFF1D,0xFF1D,0xFF1D,0xFF1D,0xFF1D,0xFF1D,0xFF1D,
    0xFF1D,0xFF1D,0xFF1D,0xFF1D,0xFF1D,0xFF1D,0xFF1D,0xFF1D,0xE611,0xE611,0xE611,0xE611,
    0xFFBB,0xFFBB,0xFFBB,0xFFBB,0xFFBB,0xFFBB,0xFFBB,0xFFBB,0xFFBB,0xFFBB,0xFFBB,0xFFBB,
    0xFFBB,0xFFBB,0xFFBB,0xFFBB,0xFFBB,0xFFBB,0xFFBB,0xFFBB,0xFFBB,0xFFBB,0xFFBB,0xFFBB,
    0xFFBB,0xFFBB,0xF568,0xF547,0xFE48,0xFE89,0xFE89,0xFE89,0xFE89,0xFE48,0xF547,0xF568,
    0xFFBB,0xFFBB,0xFFBB,0xFFBB,0xFFBB,0xFFBB,0xFFBB,0xFFBB,0xFFBB,0xFFBB,0xFFBB,0xFFBB,
    0xFFBB,0xFFBB,0xFFBB,0xFFBB,0xFFBB,0xFFBB,0xFFBB,0xFFBB,0xFFBB,0xFFBB,0xFFBB,0xFFBB,
    0xFFBB,0xFFBB,0xE611,0xE611,0xE611,0xE611,0xFF1D,0xFF1D,0xFF1D,0xFF1D,0xFF1D,0xFF1D,
    0xFF1D,0xFF1D,0xFF1D,0xFF1D,0xFF1D,0xFF1D,0xFF1D,0xFF1D,0xFF1D,0xFF1D,0xFF1D,0xFF1D,
    0xFF1D,0xFF1D,0xFF1D,0xFF1D,0xFF1D,0xFF1D,0xFF1D,0xFF1D,0xFF1D,0xFF1D,0xFF1D,0xFF1D,
    0xFF1D,0xFF1D,0xFF1D,0xFF1D,0xFF1D,0xFF1D,0xFF1D,0xFF1D,0xFF1D,0xFF1D,0xFF1D,0xFF1D,
    0xFF1D,0xFF1D,0xFF1D,0xFF1D,0xFF1D,0xFF1D,0xFF1D,0xFF1D,0xFF1D,0xFF1D,0xFF1D,0xFF1D,
    0xFF1D,0xFF1D,0xFF1D,0xFF1D,0xFF1D,0xFF1D,0xFF1D,0xFF1D,0xFF1D,0xFF1D,0xFF1D,0xFF1D,
    0xFF1D,0xFF1D,0xFF1D,0xFFFF,0xFFFF,0xFFFF,0xFFFF,0xFFFF,0xFFFF,0xBF5F,0xBF5F,0xBF5F,
    0xBF5F,0xBF5F,0xBF5F,0xBF5F,0xBF5F,0xBF5F,0xBF5F,0xBF5F,0xBF5F,0xBF5F,0xBF5F,0xBF5F,
    0xBF5F,0xBF5F,0xFF54,0xFF54,0xFF54,0xFF54,0xFF54,0xFF54,0xFF54,0xFF54,0xFF54,0xFF54,
    0xFF54,0xFF54,0xFF54,0xFF54,0xFF54,0xFF54,0xFF54,0xFF54,0xFF54,0xFF54,0xFF54,0xFF54,
    0xFF54,0xFF54,0xBF5F,0xBF5F,0xFFFF,0xFFFF,0xFFFF,0xFFFF,0xBF5F,0xBF5F,0xBF5F,0xBF5F,
    0xBF5F,0xBF5F,0xBF5F,0xBF5F,0xBF5F,0xBF5F,0xBF5F,0xBF5F,0xBF5F,0xBF5F,0xBF5F,0xBF5F,
    0xBF5F,0xBF5F,0xBF5F,0xBF5F,0xBF5F,0xBF5F,0xBF5F,0xBF5F,0xBF5F,0xBF5F,0xBF5F,0xBF5F,
    0xBF5F,0xBF5F,0xBF5F,0xBF5F,0xBF5F,0xBF5F,0xBF5F,0xBF5F,0xBF5F,0xBF5F,0xBF5F,0xBF5F,
    0xBF5F,0xBF5F,0xBF5F,0xFFFF,0xFFFF,0xFFFF,0xFFFF,0xFFFF,0xFFFF,0xFF1D,0xFF1D,0xFF1D,
    0xFF1D,0xFF1D,0xFF1D,0xFF1D,0xFF1D,0xFF1D,0xFF1D,0xFF1D,0xFF1D,0xFF1D,0xFF1D,0xFF1D,
    0xFF1D,0xFF1D,0xFF1D,0xFF1D,0xFF1D,0xFF1D,0xFF1D,0xFF1D,0xFF1D,0xFF1D,0xFF1D,0xFF1D,
    0xFF1D,0xFF1D,0xFF1D,0xFF1D,0xFF1D,0xFF1D,0xFF1D,0xFF1D,0xFF1D,0xFF1D,0xFF1D,0xFF1D,
    0xFF1D,0xFF1D,0xFF1D,0xFF1D,0xFF1D,0xFF1D,0xFF1D,0xFF1D,0xFF1D,0xFF1D,0xFF1D,0xFF1D,
    0xFF1D,0xFF1D,0xFF1D,0xFF1D,0xFF1D,0xFF1D,0xFF1D,0xFF1D,0xFF1D,0xFF1D,0xFF1D,0xFF1D,
    0xFF1D,0xFF1D,0xFF1D,0xFF1D,0xFF1D,0xFF1D,0xFF1D,0xFF1D,0xFF1D,0xFF1D,0xFF1D,0xFF1D,
    0xFF1D,0xFF1D,0xFF1D,0xFF1D,0xE611,0xE611,0xE611,0xE611,0xFFBB,0xFFBB,0xFFBB,0xFFBB,
    0xFFBB,0xFFBB,0xFFBB,0xFFBB,0xFFBB,0xFFBB,0xFFBB,0xFFBB,0xFFBB,0xFFBB,0xFFBB,0xFFBB,
    0xFFBB,0xFFBB,0xFFBB,0xFFBB,0xFF9A,0xFF79,0xFF58,0xFF16,0xFEF4,0xF650,0xF547,0xF587,
    0xFE89,0xFE89,0xFE89,0xFE89,0xFE89,0xFE89,0xF587,0xF547,0xF650,0xFEF4,0xFF16,0xFF58,
    0xFF79,0xFF9A,0xFFBB,0xFFBB,0xFFBB,0xFFBB,0xFFBB,0xFFBB,0xFFBB,0xFFBB,0xFFBB,0xFFBB,
    0xFFBB,0xFFBB,0xFFBB,0xFFBB,0xFFBB,0xFFBB,0xFFBB,0xFFBB,0xFFBB,0xFFBB,0xE611,0xE611,
    0xE611,0xE611,0xFF1D,0xFF1D,0xFF1D,0xFF1D,0xFF1D,0xFF1D,0xFF1D,0xFF1D,0xFF1D,0xFF1D,
    0xFF1D,0xFF1D,0xFF1D,0xFF1D,0xFF1D,0xFF1D,0xFF1D,0xFF1D,0xFF1D,0xFF1D,0xFF1D,0xFF1D,
    0xFF1D,0xFF1D,0xFF1D,0xFF1D,0xFF1D,0xFF1D,0xFF1D,0xFF1D,0xFF1D,0xFF1D,0xFF1D,0xFF1D,
    0xFF1D,0xFF1D,0xFF1D,0xFF1D,0xFF1D,0xFF1D,0xFF1D,0xFF1D,0xFF1D,0xFF1D,0xFF1D,0xFF1D,
    0xFF1D,0xFF1D,0xFF1D,0xFF1D,0xFF1D,0xFF1D,0xFF1D,0xFF1D,0xFF1D,0xFF1D,0xFF1D,0xFF1D,
    0xFF1D,0xFF1D,0xFF1D,0xFF1D,0xFF1D,0xFF1D,0xFF1D,0xFF1D,0xFF1D,0xFF1D,0xFF1D,0xFFFF,
    0xFFFF,0xFFFF,0xFFFF,0xFFFF,0xFFFF,0xBF5F,0xBF5F,0xBF5F,0xBF5F,0xBF5F,0xBF5F,0xBF5F,
    0xBF5F,0xBF5F,0xBF5F,0xBF5F,0xBF5F,0xBF5F,0xBF5F,0xBF5F,0xBF5F,0xBF5F,0xF755,0xFF54,
    0xFF54,0xFF54,0xFF54,0xFF54,0xFF54,0xFF54,0xFF54,0xFF54,0xFF54,0xFF54,0xFF54,0xFF54,
    0xFF54,0xFF54,0xFF54,0xFF54,0xFF54,0xFF54,0xFF54,0xFF54,0xFF54,0xF755,0xBF5F,0xBF5F,
    0xFFFF,0xFFFF,0xFFFF,0xFFFF,0xBF5F,0xBF5F,0xBF5F,0xBF5F,0xBF5F,0xBF5F,0xBF5F,0xBF5F,
    0xBF5F,0xBF5F,0xBF5F,0xBF5F,0xBF5F,0xBF5F,0xBF5F,0xBF5F,0xBF5F,0xBF5F,0xBF5F,0xBF5F,
    0xBF5F,0xBF5F,0xBF5F,0xBF5F,0xBF5F,0xBF5F,0xBF5F,0xBF5F,0xBF5F,0xBF5F,0xBF5F,0xBF5F,
    0xBF5F,0xBF5F,0xBF5F,0xBF5F,0xBF5F,0xBF5F,0xBF5F,0xBF5F,0xBF5F,0xBF5F,0xBF5F,0xFFFF,
    0xFFFF,0xFFFF,0xFFFF,0xFFFF,0xFFFF,0xFF1D,0xFF1D,0xFF1D,0xFF1D,0xFF1D,0xFF1D,0xFF1D,
    0xFF1D,0xFF1D,0xFF1D,0xFF1D,0xFF1D,0xFF1D,0xFF1D,0xFF1D,0xFF1D,0xFF1D,0xFF1D,0xFF1D,
    0xFF1D,0xFF1D,0xFF1D,0xFF1D,0xFF1D,0xFF1D,0xFF1D,0xFF1D,0xFF1D,0xFF1D,0xFF1D,0xFF1D,
    0xFF1D,0xFF1D,0xFF1D,0xFF1D,0xFF1D,0xFF1D,0xFF1D,0xFF1D,0xFF1D,0xFF1D,0xFF1D,0xFF1D,
    0xFF1D,0xFF1D,0xFF1D,0xFF1D,0xFF1D,0xFF1D,0xFF1D,0xFF1D,0xFF1D,0xFF1D,0xFF1D,0xFF1D,
    0xFF1D,0xFF1D,0xFF1D,0xFF1D,0xFF1D,0xFF1D,0xFF1D,0xFF1D,0xFF1D,0xFF1D,0xFF1D,0xFF1D,
    0xFF1D,0xFF1D,0xFF1D,0xFF1D,0xFF1D,0xFF1D,0xFF1D,0xFF1D,0xFF1D,0xFF1D,0xFF1D,0xFF1D,
    0xE611,0xE611,0xE611,0xE611,0xFFBB,0xFFBB,0xFFBB,0xFFBB,0xFFBB,0xFFBB,0xFFBB,0xFFBB,
    0xFFBB,0xFFBB,0xFFBB,0xFF58,0xFEB2,0xF671,0xF64F,0xF60D,0xF5EC,0xF5AA,0xF589,0xF547,
    0xF547,0xF547,0xF547,0xF547,0xF547,0xF547,0xF547,0xFE08,0xFE89,0xFE89,0xFE89,0xFE89,
    0xFE89,0xFE89,0xFE08,0xF547,0xF547,0xF547,0xF547,0xF547,0xF547,0xF547,0xF547,0xF589,
    0xF5AA,0xF5EC,0xF60D,0xF64F,0xF671,0xFEB2,0xFF58,0xFFBB,0xFFBB,0xFFBB,0xFFBB,0xFFBB,
    0xFFBB,0xFFBB,0xFFBB,0xFFBB,0xFFBB,0xFFBB,0xE611,0xE611,0xE611,0xE611,0xFF1D,0xFF1D,
    0xFF1D,0xFF1D,0xFF1D,0xFF1D,0xFF1D,0xFF1D,0xFF1D,0xFF1D,0xFF1D,0xFF1D,0xFF1D,0xFF1D,
    0xFF1D,0xFF1D,0xFF1D,0xFF1D,0xFF1D,0xFF1D,0xFF1D,0xFF1D,0xFF1D,0xFF1D,0xFF1D,0xFF1D,
    0xFF1D,0xFF1D,0xFF1D,0xFF1D,0xFF1D,0xFF1D,0xFF1D,0xFF1D,0xFF1D,0xFF1D,0xFF1D,0xFF1D,
    0xFF1D,0xFF1D,0xFF1D,0xFF1D,0xFF1D,0xFF1D,0xFF1D,0xFF1D,0xFF1D,0xFF1D,0xFF1D,0xFF1D,
    0xFF1D,0xFF1D,0xFF1D,0xFF1D,0xFF1D,0xFF1D,0xFF1D,0xFF1D,0xFF1D,0xFF1D,0xFF1D,0xFF1D,
    0xFF1D,0xFF1D,0xFF1D,0xFF1D,0xFF1D,0xFF1D,0xFF1D,0xFFFF,0xFFFF,0xFFFF,0xFFFF,0xFFFF,
    0xFFFF,0xBF5F,0xBF5F,0xBF5F,0xBF5F,0xBF5F,0xBF5F,0xBF5F,0xBF5F,0xBF5F,0xBF5F,0xBF5F,
    0xBF5F,0xBF5F,0xBF5F,0xBF5F,0xBF5F,0xBF5F,0xEF57,0xFF54,0xFF54,0xFF54,0xFF54,0xFF54,
    0xFF54,0xFF54,0xFF54,0xFF54,0xFF54,0xFF54,0xFF54,0xFF54,0xFF54,0xFF54,0xFF54,0xFF54,
    0xFF54,0xFF54,0xFF54,0xFF54,0xFF54,0xEF57,0xBF5F,0xBF5F,0xFFFF,0xFFFF,0xFFFF,0xFFFF,
    0xBF5F,0xBF5F,0xBF5F,0xBF5F,0xBF5F,0xBF5F,0xBF5F,0xBF5F,0xBF5F,0xBF5F,0xBF5F,0xBF5F,
    0xBF5F,0xBF5F,0xBF5F,0xBF5F,0xBF5F,0xBF5F,0xBF5F,0xBF5F,0xBF5F,0xBF5F,0xBF5F,0xBF5F,
    0xBF5F,0xBF5F,0xBF5F,0xBF5F,0xBF5F,0xBF5F,0xBF5F,0xBF5F,0xBF5F,0xBF5F,0xBF5F,0xBF5F,
    0xBF5F,0xBF5F,0xBF5F,0xBF5F,0xBF5F,0xBF5F,0xBF5F,0xFFFF,0xFFFF,0xFFFF,0xFFFF,0xFFFF,
    0xFFFF,0xFF1D,0xFF1D,0xFF1D,0xFF1D,0xFF1D,0xFF1D,0xFF1D,0xFF1D,0xFF1D,0xFF1D,0xFF1D,
    0xFF1D,0xFF1D,0xFF1D,0xFF1D,0xFF1D,0xFF1D,0xFF1D,0xFF1D,0xFF1D,0xFF1D,0xFF1D,0xFF1D,
    0xFF1D,0xFF1D,0xFF1D,0xFF1D,0xFF1D,0xFF1D,0xFF1D,0xFF1D,0xFF1D,0xFF1D,0xFF1D,0xFF1D,
    0xFF1D,0xFF1D,0xFF1D,0xFF1D,0xFF1D,0xFF1D,0xFF1D,0xFF1D,0xFF1D,0xFF1D,0xFF1D,0xFF1D,
    0xFF1D,0xFF1D,0xFF1D,0xFF1D,0xFF1D,0xFF1D,0xFF1D,0xFF1D,0xFF1D,0xFF1D,0xFF1D,0xFF1D,
    0xFF1D,0xFF1D,0xFF1D,0xFF1D,0xFF1D,0xFF1D,0xFF1D,0xFF1D,0xFF1D,0xFF1D,0xFF1D,0xFF1D,
    0xFF1D,0xFF1D,0xFF1D,0xFF1D,0xFF1D,0xFF1D,0xFF1D,0xFF1D,0xE611,0xE611,0xE611,0xE611,
    0xFFBB,0xFFBB,0xFFBB,0xFFBB,0xFFBB,0xFFBB,0xFFBB,0xFFBB,0xFFBB,0xFFBB,0xFFBB,0xFFBB,
    0xF64F,0xF547,0xF547,0xF547,0xF547,0xF547,0xF547,0xF547,0xF547,0xF567,0xF587,0xF587,
    0xF5A7,0xF5C8,0xF5E8,0xFE89,0xFE89,0xFE89,0xFE89,0xFE89,0xFE89,0xFE89,0xFE89,0xF5E8,
    0xF5C8,0xF5A7,0xF587,0xF587,0xF567,0xF547,0xF547,0xF547,0xF547,0xF547,0xF547,0xF547,
    0xF547,0xF64F,0xFFBB,0xFFBB,0xFFBB,0xFFBB,0xFFBB,0xFFBB,0xFFBB,0xFFBB,0xFFBB,0xFFBB,
    0xFFBB,0xFFBB,0xE611,0xE611,0xE611,0xE611,0xFF1D,0xFF1D,0xFF1D,0xFF1D,0xFF1D,0xFF1D,
    0xFF1D,0xFF1D,0xFF1D,0xFF1D,0xFF1D,0xFF1D,0xFF1D,0xFF1D,0xFF1D,0xFF1D,0xFF1D,0xFF1D,
    0xFF1D,0xFF1D,0xFF1D,0xFF1D,0xFF1D,0xFF1D,0xFF1D,0xFF1D,0xFF1D,0xFF1D,0xFF1D,0xFF1D,
    0xFF1D,0xFF1D,0xFF1D,0xFF1D,0xFF1D,0xFF1D,0xFF1D,0xFF1D,0xFF1D,0xFF1D,0xFF1D,0xFF1D,
    0xFF1D,0xFF1D,0xFF1D,0xFF1D,0xFF1D,0xFF1D,0xFF1D,0xFF1D,0xFF1D,0xFF1D,0xFF1D,0xFF1D,
    0xFF1D,0xFF1D,0xFF1D,0xFF1D,0xFF1D,0xFF1D,0xFF1D,0xFF1D,0xFF1D,0xFF1D,0xFF1D,0xFF1D,
    0xFF1D,0xFF1D,0xFF1D,0xFFFF,0xFFFF,0xFFFF,0xFFFF,0xFFFF,0xFFFF,0xBF5F,0xBF5F,0xBF5F,
    0xBF5F,0xBF5F,0xBF5F,0xBF5F,0xBF5F,0xBF5F,0xBF5F,0xBF5F,0xBF5F,0xBF5F,0xBF5F,0xBF5F,
    0xBF5F,0xBF5F,0xDF5A,0xFF54,0xFF54,0xFF54,0xFF54,0xFF54,0xFF54,0xFF54,0xFF54,0xFF54,
    0xFF54,0xFF54,0xFF54,0xFF54,0xFF54,0xFF54,0xFF54,0xFF54,0xFF54,0xFF54,0xFF54,0xFF54,
    0xFF54,0xDF5B,0xBF5F,0xBF5F,0xFFFF,0xFFFF,0xFFFF,0xFFFF,0xBF5F,0xBF5F,0xBF5F,0xBF5F,
    0xBF5F,0xBF5F,0xBF5F,0xBF5F,0xBF5F,0xBF5F,0xBF5F,0xBF5F,0xBF5F,0xBF5F,0xBF5F,0xBF5F,
    0xBF5F,0xBF5F,0xBF5F,0xBF5F,0xBF5F,0xBF5F,0xBF5F,0xBF5F,0xBF5F,0xBF5F,0xBF5F,0xBF5F,
    0xBF5F,0xBF5F,0xBF5F,0xBF5F,0xBF5F,0xBF5F,0xBF5F,0xBF5F,0xBF5F,0xBF5F,0xBF5F,0xBF5F,
    0xBF5F,0xBF5F,0xBF5F,0xFFFF,0xFFFF,0xFFFF,0xFFFF,0xFFFF,0xFFFF,0xFF1D,0xFF1D,0xFF1D,
    0xFF1D,0xFF1D,0xFF1D,0xFF1D,0xFF1D,0xFF1D,0xFF1D,0xFF1D,0xFF1D,0xFF1D,0xFF1D,0xFF1D,
    0xFF1D,0xFF1D,0xFF1D,0xFF1D,0xFF1D,0xFF1D,0xFF1D,0xFF1D,0xFF1D,0xFF1D,0xFF1D,0xFF1D,
    0xFF1D,0xFF1D,0xFF1D,0xFF1D,0xFF1D,0xFF1D,0xFF1D,0xFF1D,0xFF1D,0xFF1D,0xFF1D,0xFF1D,
    0xFF1D,0xFF1D,0xFF1D,0xFF1D,0xFF1D,0xFF1D,0xFF1D,0xFF1D,0xFF1D,0xFF1D,0xFF1D,0xFF1D,
    0xFF1D,0xFF1D,0xFF1D,0xFF1D,0xFF1D,0xFF1D,0xFF1D,0xFF1D,0xFF1D,0xFF1D,0xFF1D,0xFF1D,
    0xFF1D,0xFF1D,0xFF1D,0xFF1D,0xFF1D,0xFF1D,0xFF1D,0xFF1D,0xFF1D,0xFF1D,0xFF1D,0xFF1D,
    0xFF1D,0xFF1D,0xFF1D,0xFF1D,0xE611,0xE611,0xE611,0xE611,0xFFBB,0xFFBB,0xFFBB,0xFFBB,
    0xFFBB,0xFFBB,0xFFBB,0xFFBB,0xFFBB,0xFFBB,0xFFBB,0xFFBB,0xFFBB,0xFEB3,0xF547,0xF547,
    0xF587,0xFE48,0xFE69,0xFE89,0xFE89,0xFE89,0xFE89,0xFE89,0xFE89,0xFE89,0xFE89,0xFE89,
    0xFE89,0xFE89,0xFE89,0xFE89,0xFE89,0xFE89,0xFE89,0xFE89,0xFE89,0xFE89,0xFE89,0xFE89,
    0xFE89,0xFE89,0xFE89,0xFE69,0xFE48,0xF587,0xF547,0xF547,0xFEB3,0xFFBB,0xFFBB,0xFFBB,
    0xFFBB,0xFFBB,0xFFBB,0xFFBB,0xFFBB,0xFFBB,0xFFBB,0xFFBB,0xFFBB,0xFFBB,0xE611,0xE611,
    0xE611,0xE611,0xFF1D,0xFF1D,0xFF1D,0xFF1D,0xFF1D,0xFF1D,0xFF1D,0xFF1D,0xFF1D,0xFF1D,
    0xFF1D,0xFF1D,0xFF1D,0xFF1D,0xFF1D,0xFF1D,0xFF1D,0xFF1D,0xFF1D,0xFF1D,0xFF1D,0xFF1D,
    0xFF1D,0xFF1D,0xFF1D,0xFF1D,0xFF1D,0xFF1D,0xFF1D,0xFF1D,0xFF1D,0xFF1D,0xFF1D,0xFF1D,
    0xFF1D,0xFF1D,0xFF1D,0xFF1D,0xFF1D,0xFF1D,0xFF1D,0xFF1D,0xFF1D,0xFF1D,0xFF1D,0xFF1D,
    0xFF1D,0xFF1D,0xFF1D,0xFF1D,0xFF1D,0xFF1D,0xFF1D,0xFF1D,0xFF1D,0xFF1D,0xFF1D,0xFF1D,
    0xFF1D,0xFF1D,0xFF1D,0xFF1D,0xFF1D,0xFF1D,0xFF1D,0xFF1D,0xFF1D,0xFF1D,0xFF1D,0xFFFF,
    0xFFFF,0xFFFF,0xFFFF,0xFFFF,0xFFFF,0xBF5F,0xBF5F,0xBF5F,0xBF5F,0xBF5F,0xBF5F,0xBF5F,
    0xBF5F,0xBF5F,0xBF5F,0xBF5F,0xBF5F,0xBF5F,0xBF5F,0xBF5F,0xBF5F,0xBF5F,0xC75E,0xFF54,
    0xFF54,0xFF54,0xFF54,0xFF54,0xFF54,0xFF54,0xFF54,0xFF54,0xFF54,0xFF54,0xFF54,0xFF54,
    0xFF54,0xFF54,0xFF54,0xFF54,0xFF54,0xFF54,0xFF54,0xFF54,0xFF54,0xC75E,0xBF5F,0xBF5F,
    0xFFFF,0xFFFF,0xFFFF,0xFFFF,0xBF5F,0xBF5F,0xBF5F,0xBF5F,0xBF5F,0xBF5F,0xBF5F,0xBF5F,
    0xBF5F,0xBF5F,0xBF5F,0xBF5F,0xBF5F,0xBF5F,0xBF5F,0xBF5F,0xBF5F,0xBF5F,0xBF5F,0xBF5F,
    0xBF5F,0xBF5F,0xBF5F,0xBF5F,0xBF5F,0xBF5F,0xBF5F,0xBF5F,0xBF5F,0xBF5F,0xBF5F,0xBF5F,
    0xBF5F,0xBF5F,0xBF5F,0xBF5F,0xBF5F,0xBF5F,0xBF5F,0xBF5F,0xBF5F,0xBF5F,0xBF5F,0xFFFF,
    0xFFFF,0xFFFF,0xFFFF,0xFFFF,0xFFFF,0xFF1D,0xFF1D,0xFF1D,0xFF1D,0xFF1D,0xFF1D,0xFF1D,
    0xFF1D,0xFF1D,0xFF1D,0xFF1D,0xFF1D,0xFF1D,0xFF1D,0xFF1D,0xFF1D,0xFF1D,0xFF1D,0xFF1D,
    0xFF1D,0xFF1D,0xFF1D,0xFF1D,0xFF1D,0xFF1D,0xFF1D,0xFF1D,0xFF1D,0xFF1D,0xFF1D,0xFF1D,
    0xFF1D,0xFF1D,0xFF1D,0xFF1D,0xFF1D,0xFF1D,0xFF1D,0xFF1D,0xFF1D,0xFF1D,0xFF1D,0xFF1D,
    0xFF1D,0xFF1D,0xFF1D,0xFF1D,0xFF1D,0xFF1D,0xFF1D,0xFF1D,0xFF1D,0xFF1D,0xFF1D,0xFF1D,
    0xFF1D,0xFF1D,0xFF1D,0xFF1D,0xFF1D,0xFF1D,0xFF1D,0xFF1D,0xFF1D,0xFF1D,0xFF1D,0xFF1D,
    0xFF1D,0xFF1D,0xFF1D,0xFF1D,0xFF1D,0xFF1D,0xFF1D,0xFF1D,0xFF1D,0xFF1D,0xFF1D,0xFF1D,
    0xE611,0xE611,0xE611,0xE611,0xFFBB,0xFFBB,0xFFBB,0xFFBB,0xFFBB,0xFFBB,0xFFBB,0xFFBB,
    0xFFBB,0xFFBB,0xFFBB,0xFFBB,0xFFBB,0xFFBB,0xFF16,0xF568,0xF547,0xF587,0xFE69,0xFE89,
    0xFE89,0xFE89,0xFE89,0xFE89,0xFE89,0xFE89,0xFE89,0xFE89,0xFE89,0xFE89,0xFE89,0xFE89,
    0xFE89,0xFE89,0xFE89,0xFE89,0xFE89,0xFE89,0xFE89,0xFE89,0xFE89,0xFE89,0xFE89,0xFE69,
    0xF587,0xF547,0xF568,0xFEF5,0xFFBB,0xFFBB,0xFFBB,0xFFBB,0xFFBB,0xFFBB,0xFFBB,0xFFBB,
    0xFFBB,0xFFBB,0xFFBB,0xFFBB,0xFFBB,0xFFBB,0xE611,0xE611,0xE611,0xE611,0xFF1D,0xFF1D,
    0xFF1D,0xFF1D,0xFF1D,0xFF1D,0xFF1D,0xFF1D,0xFF1D,0xFF1D,0xFF1D,0xFF1D,0xFF1D,0xFF1D,
    0xFF1D,0xFF1D,0xFF1D,0xFF1D,0xFF1D,0xFF1D,0xFF1D,0xFF1D,0xFF1D,0xFF1D,0xFF1D,0xFF1D,
    0xFF1D,0xFF1D,0xFF1D,0xFF1D,0xFF1D,0xFF1D,0xFF1D,0xFF1D,0xFF1D,0xFF1D,0xFF1D,0xFF1D,
    0xFF1D,0xFF1D,0xFF1D,0xFF1D,0xFF1D,0xFF1D,0xFF1D,0xFF1D,0xFF1D,0xFF1D,0xFF1D,0xFF1D,
    0xFF1D,0xFF1D,0xFF1D,0xFF1D,0xFF1D,0xFF1D,0xFF1D,0xFF1D,0xFF1D,0xFF1D,0xFF1D,0xFF1D,
    0xFF1D,0xFF1D,0xFF1D,0xFF1D,0xFF1D,0xFF1D,0xFF1D,0xFFFF,0xFFFF,0xFFFF,0xFFFF,0xFFFF,
    0xFFFF,0xBF5F,0xBF5F,0xBF5F,0xBF5F,0xBF5F,0xBF5F,0xBF5F,0xBF5F,0xBF5F,0xBF5F,0xBF5F,
    0xBF5F,0xBF5F,0xBF5F,0xBF5F,0xBF5F,0xBF5F,0xBF5F,0xE758,0xFF54,0xFF54,0xFF54,0xFF54,
    0xFF54,0xFF54,0xFF54,0xFF54,0xFF54,0xFF54,0xFF54,0xFF54,0xFF54,0xFF54,0xFF54,0xFF54,
    0xFF54,0xFF54,0xFF54,0xFF54,0xE758,0xBF5F,0xBF5F,0xBF5F,0xFFFF,0xFFFF,0xFFFF,0xFFFF,
    0xBF5F,0xBF5F,0xBF5F,0xBF5F,0xBF5F,0xBF5F,0xBF5F,0xBF5F,0xBF5F,0xBF5F,0xBF5F,0xBF5F,
    0xBF5F,0xBF5F,0xBF5F,0xBF5F,0xBF5F,0xBF5F,0xBF5F,0xBF5F,0xBF5F,0xBF5F,0xBF5F,0xBF5F,
    0xBF5F,0xBF5F,0xBF5F,0xBF5F,0xBF5F,0xBF5F,0xBF5F,0xBF5F,0xBF5F,0xBF5F,0xBF5F,0xBF5F,
    0xBF5F,0xBF5F,0xBF5F,0xBF5F,0xBF5F,0xBF5F,0xBF5F,0xFFFF,0xFFFF,0xFFFF,0xFFFF,0xFFFF,
    0xFFFF,0xFF1D,0xFF1D,0xFF1D,0xFF1D,0xFF1D,0xFF1D,0xFF1D,0xFF1D,0xFF1D,0xFF1D,0xFF1D,
    0xFF1D,0xFF1D,0xFF1D,0xFF1D,0xFF1D,0xFF1D,0xFF1D,0xFF1D,0xFF1D,0xFF1D,0xFF1D,0xFF1D,
    0xFF1D,0xFF1D,0xFF1D,0xFF1D,0xFF1D,0xFF1D,0xFF1D,0xFF1D,0xFF1D,0xFF1D,0xFF1D,0xFF1D,
    0xFF1D,0xFF1D,0xFF1D,0xFF1D,0xFF1D,0xFF1D,0xFF1D,0xFF1D,0xFF1D,0xFF1D,0xFF1D,0xFF1D,
    0xFF1D,0xFF1D,0xFF1D,0xFF1D,0xFF1D,0xFF1D,0xFF1D,0xFF1D,0xFF1D,0xFF1D,0xFF1D,0xFF1D,
    0xFF1D,0xFF1D,0xFF1D,0xFF1D,0xFF1D,0xFF1D,0xFF1D,0xFF1D,0xFF1D,0xFF1D,0xFF1D,0xFF1D,
    0xFF1D,0xFF1D,0xFF1D,0xFF1D,0xFF1D,0xFF1D,0xFF1D,0xFF1D,0xE611,0xE611,0xE611,0xE611,
    0xFFBB,0xFFBB,0xFFBB,0xFFBB,0xFFBB,0xFFBB,0xFFBB,0xFFBB,0xFFBB,0xFFBB,0xFFBB,0xFFBB,
    0xFFBB,0xFFBB,0xFFBB,0xFF58,0xF589,0xF547,0xF567,0xFE48,0xFE89,0xFE89,0xFE89,0xFE89,
    0xFE89,0xFE89,0xFE89,0xFE89,0xFE89,0xFE89,0xFE89,0xFE89,0xFE89,0xFE89,0xFE89,0xFE89,
    0xFE89,0xFE89,0xFE89,0xFE89,0xFE89,0xFE89,0xFE48,0xF567,0xF547,0xF589,0xFF57,0xFFBB,
    0xFFBB,0xFFBB,0xFFBB,0xFFBB,0xFFBB,0xFFBB,0xFFBB,0xFFBB,0xFFBB,0xFFBB,0xFFBB,0xFFBB,
    0xFFBB,0xFFBB,0xE611,0xE611,0xE611,0xE611,0xFF1D,0xFF1D,0xFF1D,0xFF1D,0xFF1D,0xFF1D,
    0xFF1D,0xFF1D,0xFF1D,0xFF1D,0xFF1D,0xFF1D,0xFF1D,0xFF1D,0xFF1D,0xFF1D,0xFF1D,0xFF1D,
    0xFF1D,0xFF1D,0xFF1D,0xFF1D,0xFF1D,0xFF1D,0xFF1D,0xFF1D,0xFF1D,0xFF1D,0xFF1D,0xFF1D,
    0xFF1D,0xFF1D,0xFF1D,0xFF1D,0xFF1D,0xFF1D,0xFF1D,0xFF1D,0xFF1D,0xFF1D,0xFF1D,0xFF1D,
    0xFF1D,0xFF1D,0xFF1D,0xFF1D,0xFF1D,0xFF1D,0xFF1D,0xFF1D,0xFF1D,0xFF1D,0xFF1D,0xFF1D,
    0xFF1D,0xFF1D,0xFF1D,0xFF1D,0xFF1D,0xFF1D,0xFF1D,0xFF1D,0xFF1D,0xFF1D,0xFF1D,0xFF1D,
    0xFF1D,0xFF1D,0xFF1D,0xFFFF,0xFFFF,0xFFFF,0xFFFF,0xFFFF,0xFFFF,0xBF5F,0xBF5F,0xBF5F,
    0xBF5F,0xBF5F,0xBF5F,0xBF5F,0xBF5F,0xBF5F,0xBF5F,0xBF5F,0xBF5F,0xBF5F,0xBF5F,0xBF5F,
    0xBF5F,0xBF5F,0xBF5F,0xC75E,0xFF54,0xFF54,0xFF54,0xFF54,0xFF54,0xFF54,0xFF54,0xFF54,
    0xFF54,0xFF54,0xFF54,0xFF54,0xFF54,0xFF54,0xFF54,0xFF54,0xFF54,0xFF54,0xFF54,0xFF54,
    0xC75E,0xBF5F,0xBF5F,0xBF5F,0xFFFF,0xFFFF,0xFFFF,0xFFFF,0xBF5F,0xBF5F,0xBF5F,0xBF5F,
    0xBF5F,0xBF5F,0xBF5F,0xBF5F,0xBF5F,0xBF5F,0xBF5F,0xBF5F,0xBF5F,0xBF5F,0xBF5F,0xBF5F,
    0xBF5F,0xBF5F,0xBF5F,0xBF5F,0xBF5F,0xBF5F,0xBF5F,0xBF5F,0xBF5F,0xBF5F,0xBF5F,0xBF5F,
    0xBF5F,0xBF5F,0xBF5F,0xBF5F,0xBF5F,0xBF5F,0xBF5F,0xBF5F,0xBF5F,0xBF5F,0xBF5F,0xBF5F,
    0xBF5F,0xBF5F,0xBF5F,0xFFFF,0xFFFF,0xFFFF,0xFFFF,0xFFFF,0xFFFF,0xFF1D,0xFF1D,0xFF1D,
    0xFF1D,0xFF1D,0xFF1D,0xFF1D,0xFF1D,0xFF1D,0xFF1D,0xFF1D,0xFF1D,0xFF1D,0xFF1D,0xFF1D,
    0xFF1D,0xFF1D,0xFF1D,0xFF1D,0xFF1D,0xFF1D,0xFF1D,0xFF1D,0xFF1D,0xFF1D,0xFF1D,0xFF1D,
    0xFF1D,0xFF1D,0xFF1D,0xFF1D,0xFF1D,0xFF1D,0xFF1D,0xFF1D,0xFF1D,0xFF1D,0xFF1D,0xFF1D,
    0xFF1D,0xFF1D,0xFF1D,0xFF1D,0xFF1D,0xFF1D,0xFF1D,0xFF1D,0xFF1D,0xFF1D,0xFF1D,0xFF1D,
    0xFF1D,0xFF1D,0xFF1D,0xFF1D,0xFF1D,0xFF1D,0xFF1D,0xFF1D,0xFF1D,0xFF1D,0xFF1D,0xFF1D,
    0xFF1D,0xFF1D,0xFF1D,0xFF1D,0xFF1D,0xFF1D,0xFF1D,0xFF1D,0xFF1D,0xFF1D,0xFF1D,0xFF1D,
    0xFF1D,0xFF1D,0xFF1D,0xFF1D,0xE611,0xE611,0xE611,0xE611,0xFFBB,0xFFBB,0xFFBB,0xFFBB,
    0xFFBB,0xFFBB,0xFFBB,0xFFBB,0xFFBB,0xFFBB,0xFFBB,0xFFBB,0xFFBB,0xFFBB,0xFFBB,0xFFBB,
    0xFF9A,0xF5EC,0xF547,0xF547,0xFE28,0xFE89,0xFE89,0xFE89,0xFE89,0xFE89,0xFE89,0xFE89,
    0xFE89,0xFE89,0xFE89,0xFE89,0xFE89,0xFE89,0xFE89,0xFE89,0xFE89,0xFE89,0xFE89,0xFE89,
    0xFE89,0xFE28,0xF547,0xF547,0xF5CB,0xFF9A,0xFFBB,0xFFBB,0xFFBB,0xFFBB,0xFFBB,0xFFBB,
    0xFFBB,0xFFBB,0xFFBB,0xFFBB,0xFFBB,0xFFBB,0xFFBB,0xFFBB,0xFFBB,0xFFBB,0xE611,0xE611,
    0xE611,0xE611,0xFF1D,0xFF1D,0xFF1D,0xFF1D,0xFF1D,0xFF1D,0xFF1D,0xFF1D,0xFF1D,0xFF1D,
    0xFF1D,0xFF1D,0xFF1D,0xFF1D,0xFF1D,0xFF1D,0xFF1D,0xFF1D,0xFF1D,0xFF1D,0xFF1D,0xFF1D,
    0xFF1D,0xFF1D,0xFF1D,0xFF1D,0xFF1D,0xFF1D,0xFF1D,0xFF1D,0xFF1D,0xFF1D,0xFF1D,0xFF1D,
    0xFF1D,0xFF1D,0xFF1D,0xFF1D,0xFF1D,0xFF1D,0xFF1D,0xFF1D,0xFF1D,0xFF1D,0xFF1D,0xFF1D,
    0xFF1D,0xFF1D,0xFF1D,0xFF1D,0xFF1D,0xFF1D,0xFF1D,0xFF1D,0xFF1D,0xFF1D,0xFF1D,0xFF1D,
    0xFF1D,0xFF1D,0xFF1D,0xFF1D,0xFF1D,0xFF1D,0xFF1D,0xFF1D,0xFF1D,0xFF1D,0xFF1D,0xFFFF,
    0xFFFF,0xFFFF,0xFFFF,0xFFFF,0xFFFF,0xBF5F,0xBF5F,0xBF5F,0xBF5F,0xBF5F,0xBF5F,0xBF5F,
    0xBF5F,0xBF5F,0xBF5F,0xBF5F,0xBF5F,0xBF5F,0xBF5F,0xBF5F,0xBF5F,0xBF5F,0xBF5F,0xBF5F,
    0xD75C,0xFF54,0xFF54,0xFF54,0xFF54,0xFF54,0xFF54,0xFF54,0xFF54,0xFF54,0xFF54,0xFF54,
    0xFF54,0xFF54,0xFF54,0xFF54,0xFF54,0xFF54,0xFF54,0xD75C,0xBF5F,0xBF5F,0xBF5F,0xBF5F,
    0xFFFF,0xFFFF,0xFFFF,0xFFFF,0xBF5F,0xBF5F,0xBF5F,0xBF5F,0xBF5F,0xBF5F,0xBF5F,0xBF5F,
    0xBF5F,0xBF5F,0xBF5F,0xBF5F,0xBF5F,0xBF5F,0xBF5F,0xBF5F,0xBF5F,0xBF5F,0xBF5F,0xBF5F,
    0xBF5F,0xBF5F,0xBF5F,0xBF5F,0xBF5F,0xBF5F,0xBF5F,0xBF5F,0xBF5F,0xBF5F,0xBF5F,0xBF5F,
    0xBF5F,0xBF5F,0xBF5F,0xBF5F,0xBF5F,0xBF5F,0xBF5F,0xBF5F,0xBF5F,0xBF5F,0xBF5F,0xFFFF,
    0xFFFF,0xFFFF,0xFFFF,0xFFFF,0xFFFF,0xFF1D,0xFF1D,0xFF1D,0xFF1D,0xFF1D,0xFF1D,0xFF1D,
    0xFF1D,0xFF1D,0xFF1D,0xFF1D,0xFF1D,0xFF1D,0xFF1D,0xFF1D,0xFF1D,0xFF1D,0xFF1D,0xFF1D,
    0xFF1D,0xFF1D,0xFF1D,0xFF1D,0xFF1D,0xFF1D,0xFF1D,0xFF1D,0xFF1D,0xFF1D,0xFF1D,0xFF1D,
    0xFF1D,0xFF1D,0xFF1D,0xFF1D,0xFF1D,0xFF1D,0xFF1D,0xFF1D,0xFF1D,0xFF1D,0xFF1D,0xFF1D,
    0xFF1D,0xFF1D,0xFF1D,0xFF1D,0xFF1D,0xFF1D,0xFF1D,0xFF1D,0xFF1D,0xFF1D,0xFF1D,0xFF1D,
    0xFF1D,0xFF1D,0xFF1D,0xFF1D,0xFF1D,0xFF1D,0xFF1D,0xFF1D,0xFF1D,0xFF1D,0xFF1D,0xFF1D,
    0xFF1D,0xFF1D,0xFF1D,0xFF1D,0xFF1D,0xFF1D,0xFF1D,0xFF1D,0xFF1D,0xFF1D,0xFF1D,0xFF1D,
    0xE611,0xE611,0xE611,0xE611,0xFFBB,0xFFBB,0xFFBB,0xFFBB,0xFFBB,0xFFBB,0xFFBB,0xFFBB,
    0xFFBB,0xFFBB,0xFFBB,0xFFBB,0xFFBB,0xFFBB,0xFFBB,0xFFBB,0xFFBB,0xFFBB,0xF62E,0xF547,
    0xF547,0xFDE8,0xFE89,0xFE89,0xFE89,0xFE89,0xFE89,0xFE89,0xFE89,0xFE89,0xFE89,0xFE89,
    0xFE89,0xFE89,0xFE89,0xFE89,0xFE89,0xFE89,0xFE89,0xFE89,0xFE08,0xF547,0xF547,0xF60E,
    0xFFBB,0xFFBB,0xFFBB,0xFFBB,0xFFBB,0xFFBB,0xFFBB,0xFFBB,0xFFBB,0xFFBB,0xFFBB,0xFFBB,
    0xFFBB,0xFFBB,0xFFBB,0xFFBB,0xFFBB,0xFFBB,0xE611,0xE611,0xE611,0xE611,0xFF1D,0xFF1D,
    0xFF1D,0xFF1D,0xFF1D,0xFF1D,0xFF1D,0xFF1D,0xFF1D,0xFF1D,0xFF1D,0xFF1D,0xFF1D,0xFF1D,
    0xFF1D,0xFF1D,0xFF1D,0xFF1D,0xFF1D,0xFF1D,0xFF1D,0xFF1D,0xFF1D,0xFF1D,0xFF1D,0xFF1D,
    0xFF1D,0xFF1D,0xFF1D,0xFF1D,0xFF1D,0xFF1D,0xFF1D,0xFF1D,0xFF1D,0xFF1D,0xFF1D,0xFF1D,
    0xFF1D,0xFF1D,0xFF1D,0xFF1D,0xFF1D,0xFF1D,0xFF1D,0xFF1D,0xFF1D,0xFF1D,0xFF1D,0xFF1D,
    0xFF1D,0xFF1D,0xFF1D,0xFF1D,0xFF1D,0xFF1D,0xFF1D,0xFF1D,0xFF1D,0xFF1D,0xFF1D,0xFF1D,
    0xFF1D,0xFF1D,0xFF1D,0xFF1D,0xFF1D,0xFF1D,0xFF1D,0xFFFF,0xFFFF,0xFFFF,0xFFFF,0xFFFF,
    0xFFFF,0xBF5F,0xBF5F,0xBF5F,0xBF5F,0xBF5F,0xBF5F,0xBF5F,0xBF5F,0xBF5F,0xBF5F,0xBF5F,
    0xBF5F,0xBF5F,0xBF5F,0xBF5F,0xBF5F,0xBF5F,0xBF5F,0xBF5F,0xBF5F,0xDF5A,0xFF54,0xFF54,
    0xFF54,0xFF54,0xFF54,0xFF54,0xFF54,0xFF54,0xFF54,0xFF54,0xFF54,0xFF54,0xFF54,0xFF54,
    0xFF54,0xFF54,0xDF5A,0xBF5F,0xBF5F,0xBF5F,0xBF5F,0xBF5F,0xFFFF,0xFFFF,0xFFFF,0xFFFF,
    0xBF5F,0xBF5F,0xBF5F,0xBF5F,0xBF5F,0xBF5F,0xBF5F,0xBF5F,0xBF5F,0xBF5F,0xBF5F,0xBF5F,
    0xBF5F,0xBF5F,0xBF5F,0xBF5F,0xBF5F,0xBF5F,0xBF5F,0xBF5F,0xBF5F,0xBF5F,0xBF5F,0xBF5F,
    0xBF5F,0xBF5F,0xBF5F,0xBF5F,0xBF5F,0xBF5F,0xBF5F,0xBF5F,0xBF5F,0xBF5F,0xBF5F,0xBF5F,
    0xBF5F,0xBF5F,0xBF5F,0xBF5F,0xBF5F,0xBF5F,0xBF5F,0xFFFF,0xFFFF,0xFFFF,0xFFFF,0xFFFF,
    0xFFFF,0xFF1D,0xFF1D,0xFF1D,0xFF1D,0xFF1D,0xFF1D,0xFF1D,0xFF1D,0xFF1D,0xFF1D,0xFF1D,
    0xFF1D,0xFF1D,0xFF1D,0xFF1D,0xFF1D,0xFF1D,0xFF1D,0xFF1D,0xFF1D,0xFF1D,0xFF1D,0xFF1D,
    0xFF1D,0xFF1D,0xFF1D,0xFF1D,0xFF1D,0xFF1D,0xFF1D,0xFF1D,0xFF1D,0xFF1D,0xFF1D,0xFF1D,
    0xFF1D,0xFF1D,0xFF1D,0xFF1D,0xFF1D,0xFF1D,0xFF1D,0xFF1D,0xFF1D,0xFF1D,0xFF1D,0xFF1D,
    0xFF1D,0xFF1D,0xFF1D,0xFF1D,0xFF1D,0xFF1D,0xFF1D,0xFF1D,0xFF1D,0xFF1D,0xFF1D,0xFF1D,
    0xFF1D,0xFF1D,0xFF1D,0xFF1D,0xFF1D,0xFF1D,0xFF1D,0xFF1D,0xFF1D,0xFF1D,0xFF1D,0xFF1D,
    0xFF1D,0xFF1D,0xFF1D,0xFF1D,0xFF1D,0xFF1D,0xFF1D,0xFF1D,0xE611,0xE611,0xE611,0xE611,
    0xFFBB,0xFFBB,0xFFBB,0xFFBB,0xFFBB,0xFFBB,0xFFBB,0xFFBB,0xFFBB,0xFFBB,0xFFBB,0xFFBB,
    0xFFBB,0xFFBB,0xFFBB,0xFFBB,0xFFBB,0xFFBB,0xFFBB,0xFE92,0xF547,0xF547,0xF5C8,0xFE89,
    0xFE89,0xFE89,0xFE89,0xFE89,0xFE89,0xFE89,0xFE89,0xFE89,0xFE89,0xFE89,0xFE89,0xFE89,
    0xFE89,0xFE89,0xFE89,0xF5C8,0xF547,0xF547,0xF670,0xFFBB,0xFFBB,0xFFBB,0xFFBB,0xFFBB,
    0xFFBB,0xFFBB,0xFFBB,0xFFBB,0xFFBB,0xFFBB,0xFFBB,0xFFBB,0xFFBB,0xFFBB,0xFFBB,0xFFBB,
    0xFFBB,0xFFBB,0xE611,0xE611,0xE611,0xE611,0xFF1D,0xFF1D,0xFF1D,0xFF1D,0xFF1D,0xFF1D,
    0xFF1D,0xFF1D,0xFF1D,0xFF1D,0xFF1D,0xFF1D,0xFF1D,0xFF1D,0xFF1D,0xFF1D,0xFF1D,0xFF1D,
    0xFF1D,0xFF1D,0xFF1D,0xFF1D,0xFF1D,0xFF1D,0xFF1D,0xFF1D,0xFF1D,0xFF1D,0xFF1D,0xFF1D,
    0xFF1D,0xFF1D,0xFF1D,0xFF1D,0xFF1D,0xFF1D,0xFF1D,0xFF1D,0xFF1D,0xFF1D,0xFF1D,0xFF1D,
    0xFF1D,0xFF1D,0xFF1D,0xFF1D,0xFF1D,0xFF1D,0xFF1D,0xFF1D,0xFF1D,0xFF1D,0xFF1D,0xFF1D,
    0xFF1D,0xFF1D,0xFF1D,0xFF1D,0xFF1D,0xFF1D,0xFF1D,0xFF1D,0xFF1D,0xFF1D,0xFF1D,0xFF1D,
    0xFF1D,0xFF1D,0xFF1D,0xFFFF,0xFFFF,0xFFFF,0xFFFF,0xFFFF,0xFFFF,0xBF5F,0xBF5F,0xBF5F,
    0xBF5F,0xBF5F,0xBF5F,0xBF5F,0xBF5F,0xBF5F,0xBF5F,0xBF5F,0xBF5F,0xBF5F,0xBF5F,0xBF5F,
    0xBF5F,0xBF5F,0xBF5F,0xBF5F,0xBF5F,0xBF5F,0xD75C,0xFF54,0xFF54,0xFF54,0xFF54,0xFF54,
    0xFF54,0xFF54,0xFF54,0xFF54,0xFF54,0xFF54,0xFF54,0xFF54,0xFF54,0xD75C,0xBF5F,0xBF5F,
    0xBF5F,0xBF5F,0xBF5F,0xBF5F,0xFFFF,0xFFFF,0xFFFF,0xFFFF,0xBF5F,0xBF5F,0xBF5F,0xBF5F,
    0xBF5F,0xBF5F,0xBF5F,0xBF5F,0xBF5F,0xBF5F,0xBF5F,0xBF5F,0xBF5F,0xBF5F,0xBF5F,0xBF5F,
    0xBF5F,0xBF5F,0xBF5F,0xBF5F,0xBF5F,0xBF5F,0xBF5F,0xBF5F,0xBF5F,0xBF5F,0xBF5F,0xBF5F,
    0xBF5F,0xBF5F,0xBF5F,0xBF5F,0xBF5F,0xBF5F,0xBF5F,0xBF5F,0xBF5F,0xBF5F,0xBF5F,0xBF5F,
    0xBF5F,0xBF5F,0xBF5F,0xFFFF,0xFFFF,0xFFFF,0xFFFF,0xFFFF,0xFFFF,0xFF1D,0xFF1D,0xFF1D,
    0xFF1D,0xFF1D,0xFF1D,0xFF1D,0xFF1D,0xFF1D,0xFF1D,0xFF1D,0xFF1D,0xFF1D,0xFF1D,0xFF1D,
    0xFF1D,0xFF1D,0xFF1D,0xFF1D,0xFF1D,0xFF1D,0xFF1D,0xFF1D,0xFF1D,0xFF1D,0xFF1D,0xFF1D,
    0xFF1D,0xFF1D,0xFF1D,0xFF1D,0xFF1D,0xFF1D,0xFF1D,0xFF1D,0xFF1D,0xFF1D,0xFF1D,0xFF1D,
    0xFF1D,0xFF1D,0xFF1D,0xFF1D,0xFF1D,0xFF1D,0xFF1D,0xFF1D,0xFF1D,0xFF1D,0xFF1D,0xFF1D,
    0xFF1D,0xFF1D,0xFF1D,0xFF1D,0xFF1D,0xFF1D,0xFF1D,0xFF1D,0xFF1D,0xFF1D,0xFF1D,0xFF1D,
    0xFF1D,0xFF1D,0xFF1D,0xFF1D,0xFF1D,0xFF1D,0xFF1D,0xFF1D,0xFF1D,0xFF1D,0xFF1D,0xFF1D,
    0xFF1D,0xFF1D,0xFF1D,0xFF1D,0xE611,0xE611,0xE611,0xE611,0xFFBB,0xFFBB,0xFFBB,0xFFBB,
    0xFFBB,0xFFBB,0xFFBB,0xFFBB,0xFFBB,0xFFBB,0xFFBB,0xFFBB,0xFFBB,0xFFBB,0xFFBB,0xFFBB,
    0xFFBB,0xFFBB,0xFFBB,0xFFBB,0xFEF5,0xF568,0xF547,0xF5A7,0xFE89,0xFE89,0xFE89,0xFE89,
    0xFE89,0xFE89,0xFE89,0xFE89,0xFE89,0xFE89,0xFE89,0xFE89,0xFE89,0xFE89,0xF5A7,0xF547,
    0xF547,0xFED4,0xFFBB,0xFFBB,0xFFBB,0xFFBB,0xFFBB,0xFFBB,0xFFBB,0xFFBB,0xFFBB,0xFFBB,
    0xFFBB,0xFFBB,0xFFBB,0xFFBB,0xFFBB,0xFFBB,0xFFBB,0xFFBB,0xFFBB,0xFFBB,0xE611,0xE611,
    0xE611,0xE611,0xFF1D,0xFF1D,0xFF1D,0xFF1D,0xFF1D,0xFF1D,0xFF1D,0xFF1D,0xFF1D,0xFF1D,
    0xFF1D,0xFF1D,0xFF1D,0xFF1D,0xFF1D,0xFF1D,0xFF1D,0xFF1D,0xFF1D,0xFF1D,0xFF1D,0xFF1D,
    0xFF1D,0xFF1D,0xFF1D,0xFF1D,0xFF1D,0xFF1D,0xFF1D,0xFF1D,0xFF1D,0xFF1D,0xFF1D,0xFF1D,
    0xFF1D,0xFF1D,0xFF1D,0xFF1D,0xFF1D,0xFF1D,0xFF1D,0xFF1D,0xFF1D,0xFF1D,0xFF1D,0xFF1D,
    0xFF1D,0xFF1D,0xFF1D,0xFF1D,0xFF1D,0xFF1D,0xFF1D,0xFF1D,0xFF1D,0xFF1D,0xFF1D,0xFF1D,
    0xFF1D,0xFF1D,0xFF1D,0xFF1D,0xFF1D,0xFF1D,0xFF1D,0xFF1D,0xFF1D,0xFF1D,0xFF1D,0xFFFF,
    0xFFFF,0xFFFF,0xFFFF,0xFFFF,0xFFFF,0xBF5F,0xBF5F,0xBF5F,0xBF5F,0xBF5F,0xBF5F,0xBF5F,
    0xBF5F,0xBF5F,0xBF5F,0xBF5F,0xBF5F,0xBF5F,0xBF5F,0xBF5F,0xBF5F,0xBF5F,0xBF5F,0xBF5F,
    0xBF5F,0xBF5F,0xBF5F,0xC75E,0xE759,0xFF54,0xFF54,0xFF54,0xFF54,0xFF54,0xFF54,0xFF54,
    0xFF54,0xFF54,0xFF54,0xEF58,0xC75E,0xBF5F,0xBF5F,0xBF5F,0xBF5F,0xBF5F,0xBF5F,0xBF5F,
    0xFFFF,0xFFFF,0xFFFF,0xFFFF,0xBF5F,0xBF5F,0xBF5F,0xBF5F,0xBF5F,0xBF5F,0xBF5F,0xBF5F,
    0xBF5F,0xBF5F,0xBF5F,0xBF5F,0xBF5F,0xBF5F,0xBF5F,0xBF5F,0xBF5F,0xBF5F,0xBF5F,0xBF5F,
    0xBF5F,0xBF5F,0xBF5F,0xBF5F,0xBF5F,0xBF5F,0xBF5F,0xBF5F,0xBF5F,0xBF5F,0xBF5F,0xBF5F,
    0xBF5F,0xBF5F,0xBF5F,0xBF5F,0xBF5F,0xBF5F,0xBF5F,0xBF5F,0xBF5F,0xBF5F,0xBF5F,0xFFFF,
    0xFFFF,0xFFFF,0xFFFF,0xFFFF,0xFFFF,0xFF1D,0xFF1D,0xFF1D,0xFF1D,0xFF1D,0xFF1D,0xFF1D,
    0xFF1D,0xFF1D,0xFF1D,0xFF1D,0xFF1D,0xFF1D,0xFF1D,0xFF1D,0xFF1D,0xFF1D,0xFF1D,0xFF1D,
    0xFF1D,0xFF1D,0xFF1D,0xFF1D,0xFF1D,0xFF1D,0xFF1D,0xFF1D,0xFF1D,0xFF1D,0xFF1D,0xFF1D,
    0xFF1D,0xFF1D,0xFF1D,0xFF1D,0xFF1D,0xFF1D,0xFF1D,0xFF1D,0xFF1D,0xFF1D,0xFF1D,0xFF1D,
    0xFF1D,0xFF1D,0xFF1D,0xFF1D,0xFF1D,0xFF1D,0xFF1D,0xFF1D,0xFF1D,0xFF1D,0xFF1D,0xFF1D,
    0xFF1D,0xFF1D,0xFF1D,0xFF1D,0xFF1D,0xFF1D,0xFF1D,0xFF1D,0xFF1D,0xFF1D,0xFF1D,0xFF1D,
    0xFF1D,0xFF1D,0xFF1D,0xFF1D,0xFF1D,0xFF1D,0xFF1D,0xFF1D,0xFF1D,0xFF1D,0xFF1D,0xFF1D,
    0xE611,0xE611,0xE611,0xE611,0xFFBB,0xFFBB,0xFFBB,0xFFBB,0xFFBB,0xFFBB,0xFFBB,0xFFBB,
    0xFFBB,0xFFBB,0xFFBB,0xFFBB,0xFFBB,0xFFBB,0xFFBB,0xFFBB,0xFFBB,0xFFBB,0xFFBB,0xFFBB,
    0xFFBB,0xFF37,0xF568,0xF547,0xFE08,0xFE89,0xFE89,0xFE89,0xFE89,0xFE89,0xFE89,0xFE89,
    0xFE89,0xFE89,0xFE89,0xFE89,0xFE89,0xFE08,0xF547,0xF568,0xFF37,0xFFBB,0xFFBB,0xFFBB,
    0xFFBB,0xFFBB,0xFFBB,0xFFBB,0xFFBB,0xFFBB,0xFFBB,0xFFBB,0xFFBB,0xFFBB,0xFFBB,0xFFBB,
    0xFFBB,0xFFBB,0xFFBB,0xFFBB,0xFFBB,0xFFBB,0xE611,0xE611,0xE611,0xE611,0xFF1D,0xFF1D,
    0xFF1D,0xFF1D,0xFF1D,0xFF1D,0xFF1D,0xFF1D,0xFF1D,0xFF1D,0xFF1D,0xFF1D,0xFF1D,0xFF1D,
    0xFF1D,0xFF1D,0xFF1D,0xFF1D,0xFF1D,0xFF1D,0xFF1D,0xFF1D,0xFF1D,0xFF1D,0xFF1D,0xFF1D,
    0xFF1D,0xFF1D,0xFF1D,0xFF1D,0xFF1D,0xFF1D,0xFF1D,0xFF1D,0xFF1D,0xFF1D,0xFF1D,0xFF1D,
    0xFF1D,0xFF1D,0xFF1D,0xFF1D,0xFF1D,0xFF1D,0xFF1D,0xFF1D,0xFF1D,0xFF1D,0xFF1D,0xFF1D,
    0xFF1D,0xFF1D,0xFF1D,0xFF1D,0xFF1D,0xFF1D,0xFF1D,0xFF1D,0xFF1D,0xFF1D,0xFF1D,0xFF1D,
    0xFF1D,0xFF1D,0xFF1D,0xFF1D,0xFF1D,0xFF1D,0xFF1D,0xFFFF,0xFFFF,0xFFFF,0xFFFF,0xFFFF,
    0xFFFF,0xFFFF,0xFFFF,0xFFFF,0xFFFF,0xFFFF,0xFFFF,0xFFFF,0xFFFF,0xFFFF,0xFFFF,0xFFFF,
    0xFFFF,0xFFFF,0xFFFF,0xFFFF,0xFFFF,0xFFFF,0xFFFF,0xFFFF,0xFFFF,0xFFFF,0xFFFF,0xFFFF,
    0xFFFF,0xFFFF,0xFFFF,0xFFFF,0xFFFF,0xFFFF,0xFFFF,0xFFFF,0xFFFF,0xFFFF,0xFFFF,0xFFFF,
    0xFFFF,0xFFFF,0xFFFF,0xFFFF,0xFFFF,0xFFFF,0xFFFF,0xFFFF,0xFFFF,0xFFFF,0xFFFF,0xFFFF,
    0xFFFF,0xFFFF,0xFFFF,0xFFFF,0xFFFF,0xFFFF,0xFFFF,0xFFFF,0xFFFF,0xFFFF,0xFFFF,0xFFFF,
    0xFFFF,0xFFFF,0xFFFF,0xFFFF,0xFFFF,0xFFFF,0xFFFF,0xFFFF,0xFFFF,0xFFFF,0xFFFF,0xFFFF,
    0xFFFF,0xFFFF,0xFFFF,0xFFFF,0xFFFF,0xFFFF,0xFFFF,0xFFFF,0xFFFF,0xFFFF,0xFFFF,0xFFFF,
    0xFFFF,0xFFFF,0xFFFF,0xFFFF,0xFFFF,0xFFFF,0xFFFF,0xFFFF,0xFFFF,0xFFFF,0xFFFF,0xFFFF,
    0xFFFF,0xFF1D,0xFF1D,0xFF1D,0xFF1D,0xFF1D,0xFF1D,0xFF1D,0xFF1D,0xFF1D,0xFF1D,0xFF1D,
    0xFF1D,0xFF1D,0xFF1D,0xFF1D,0xFF1D,0xFF1D,0xFF1D,0xFF1D,0xFF1D,0xFF1D,0xFF1D,0xFF1D,
    0xFF1D,0xFF1D,0xFF1D,0xFF1D,0xFF1D,0xFF1D,0xFF1D,0xFF1D,0xFF1D,0xFF1D,0xFF1D,0xFF1D,
    0xFF1D,0xFF1D,0xFF1D,0xFF1D,0xFF1D,0xFF1D,0xFF1D,0xFF1D,0xFF1D,0xFF1D,0xFF1D,0xFF1D,
    0xFF1D,0xFF1D,0xFF1D,0xFF1D,0xFF1D,0xFF1D,0xFF1D,0xFF1D,0xFF1D,0xFF1D,0xFF1D,0xFF1D,
    0xFF1D,0xFF1D,0xFF1D,0xFF1D,0xFF1D,0xFF1D,0xFF1D,0xFF1D,0xFF1D,0xFF1D,0xFF1D,0xFF1D,
    0xFF1D,0xFF1D,0xFF1D,0xFF1D,0xFF1D,0xFF1D,0xFF1D,0xFF1D,0xE611,0xE611,0xE611,0xE611,
    0xFFBB,0xFFBB,0xFFBB,0xFFBB,0xFFBB,0xFFBB,0xFFBB,0xFFBB,0xFFBB,0xFFBB,0xFFBB,0xFFBB,
    0xFFBB,0xFFBB,0xFFBB,0xFFBB,0xFFBB,0xFFBB,0xFFBB,0xFFBB,0xFFBB,0xFFBB,0xF589,0xF547,
    0xFE49,0xFE89,0xFE89,0xFE89,0xFE89,0xFE89,0xFE89,0xFE89,0xFE89,0xFE89,0xFE89,0xFE89,
    0xFE89,0xFE49,0xF547,0xF589,0xFFBB,0xFFBB,0xFFBB,0xFFBB,0xFFBB,0xFFBB,0xFFBB,0xFFBB,
    0xFFBB,0xFFBB,0xFFBB,0xFFBB,0xFFBB,0xFFBB,0xFFBB,0xFFBB,0xFFBB,0xFFBB,0xFFBB,0xFFBB,
    0xFFBB,0xFFBB,0xE611,0xE611,0xE611,0xE611,0xFF1D,0xFF1D,0xFF1D,0xFF1D,0xFF1D,0xFF1D,
    0xFF1D,0xFF1D,0xFF1D,0xFF1D,0xFF1D,0xFF1D,0xFF1D,0xFF1D,0xFF1D,0xFF1D,0xFF1D,0xFF1D,
    0xFF1D,0xFF1D,0xFF1D,0xFF1D,0xFF1D,0xFF1D,0xFF1D,0xFF1D,0xFF1D,0xFF1D,0xFF1D,0xFF1D,
    0xFF1D,0xFF1D,0xFF1D,0xFF1D,0xFF1D,0xFF1D,0xFF1D,0xFF1D,0xFF1D,0xFF1D,0xFF1D,0xFF1D,
    0xFF1D,0xFF1D,0xFF1D,0xFF1D,0xFF1D,0xFF1D,0xFF1D,0xFF1D,0xFF1D,0xFF1D,0xFF1D,0xFF1D,
    0xFF1D,0xFF1D,0xFF1D,0xFF1D,0xFF1D,0xFF1D,0xFF1D,0xFF1D,0xFF1D,0xFF1D,0xFF1D,0xFF1D,
    0xFF1D,0xFF1D,0xFF1D,0xFFFF,0xFFFF,0xFFFF,0xFFFF,0xFFFF,0xFFFF,0xFFFF,0xFFFF,0xFFFF,
    0xFFFF,0xFFFF,0xFFFF,0xFFFF,0xFFFF,0xFFFF,0xFFFF,0xFFFF,0xFFFF,0xFFFF,0xFFFF,0xFFFF,
    0xFFFF,0xFFFF,0xFFFF,0xFFFF,0xFFFF,0xFFFF,0xFFFF,0xFFFF,0xFFFF,0xFFFF,0xFFFF,0xFFFF,
    0xFFFF,0xFFFF,0xFFFF,0xFFFF,0xFFFF,0xFFFF,0xFFFF,0xFFFF,0xFFFF,0xFFFF,0xFFFF,0xFFFF,
    0xFFFF,0xFFFF,0xFFFF,0xFFFF,0xFFFF,0xFFFF,0xFFFF,0xFFFF,0xFFFF,0xFFFF,0xFFFF,0xFFFF,
    0xFFFF,0xFFFF,0xFFFF,0xFFFF,0xFFFF,0xFFFF,0xFFFF,0xFFFF,0xFFFF,0xFFFF,0xFFFF,0xFFFF,
    0xFFFF,0xFFFF,0xFFFF,0xFFFF,0xFFFF,0xFFFF,0xFFFF,0xFFFF,0xFFFF,0xFFFF,0xFFFF,0xFFFF,
    0xFFFF,0xFFFF,0xFFFF,0xFFFF,0xFFFF,0xFFFF,0xFFFF,0xFFFF,0xFFFF,0xFFFF,0xFFFF,0xFFFF,
    0xFFFF,0xFFFF,0xFFFF,0xFFFF,0xFFFF,0xFFFF,0xFFFF,0xFFFF,0xFFFF,0xFF1D,0xFF1D,0xFF1D,
    0xFF1D,0xFF1D,0xFF1D,0xFF1D,0xFF1D,0xFF1D,0xFF1D,0xFF1D,0xFF1D,0xFF1D,0xFF1D,0xFF1D,
    0xFF1D,0xFF1D,0xFF1D,0xFF1D,0xFF1D,0xFF1D,0xFF1D,0xFF1D,0xFF1D,0xFF1D,0xFF1D,0xFF1D,
    0xFF1D,0xFF1D,0xFF1D,0xFF1D,0xFF1D,0xFF1D,0xFF1D,0xFF1D,0xFF1D,0xFF1D,0xFF1D,0xFF1D,
    0xFF1D,0xFF1D,0xFF1D,0xFF1D,0xFF1D,0xFF1D,0xFF1D,0xFF1D,0xFF1D,0xFF1D,0xFF1D,0xFF1D,
    0xFF1D,0xFF1D,0xFF1D,0xFF1D,0xFF1D,0xFF1D,0xFF1D,0xFF1D,0xFF1D,0xFF1D,0xFF1D,0xFF1D,
    0xFF1D,0xFF1D,0xFF1D,0xFF1D,0xFF1D,0xFF1D,0xFF1D,0xFF1D,0xFF1D,0xFF1D,0xFF1D,0xFF1D,
    0xFF1D,0xFF1D,0xFF1D,0xFF1D,0xE611,0xE611,0xE611,0xE611,0xFFBB,0xFFBB,0xFFBB,0xFFBB,
    0xFFBB,0xFFBB,0xFFBB,0xFFBB,0xFFBB,0xFFBB,0xFFBB,0xFFBB,0xFFBB,0xFFBB,0xFFBB,0xFFBB,
    0xFFBB,0xFFBB,0xFFBB,0xFFBB,0xFFBB,0xFF79,0xF547,0xF567,0xFE89,0xFE89,0xFE89,0xFE89,
    0xFE89,0xFE89,0xFE89,0xFE89,0xFE89,0xFE89,0xFE89,0xFE89,0xFE89,0xFE89,0xF567,0xF547,
    0xFF79,0xFFBB,0xFFBB,0xFFBB,0xFFBB,0xFFBB,0xFFBB,0xFFBB,0xFFBB,0xFFBB,0xFFBB,0xFFBB,
    0xFFBB,0xFFBB,0xFFBB,0xFFBB,0xFFBB,0xFFBB,0xFFBB,0xFFBB,0xFFBB,0xFFBB,0xE611,0xE611,
    0xE611,0xE611,0xFF1D,0xFF1D,0xFF1D,0xFF1D,0xFF1D,0xFF1D,0xFF1D,0xFF1D,0xFF1D,0xFF1D,
    0xFF1D,0xFF1D,0xFF1D,0xFF1D,0xFF1D,0xFF1D,0xFF1D,0xFF1D,0xFF1D,0xFF1D,0xFF1D,0xFF1D,
    0xFF1D,0xFF1D,0xFF1D,0xFF1D,0xFF1D,0xFF1D,0xFF1D,0xFF1D,0xFF1D,0xFF1D,0xFF1D,0xFF1D,
    0xFF1D,0xFF1D,0xFF1D,0xFF1D,0xFF1D,0xFF1D,0xFF1D,0xFF1D,0xFF1D,0xFF1D,0xFF1D,0xFF1D,
    0xFF1D,0xFF1D,0xFF1D,0xFF1D,0xFF1D,0xFF1D,0xFF1D,0xFF1D,0xFF1D,0xFF1D,0xFF1D,0xFF1D,
    0xFF1D,0xFF1D,0xFF1D,0xFF1D,0xFF1D,0xFF1D,0xFF1D,0xFF1D,0xFF1D,0xFF1D,0xFF1D,0xFFFF,
    0xFFFF,0xFFFF,0xFFFF,0xFFFF,0xFFFF,0xFFFF,0xFFFF,0xFFFF,0xFFFF,0xFFFF,0xFFFF,0xFFFF,
    0xFFFF,0xFFFF,0xFFFF,0xFFFF,0xFFFF,0xFFFF,0xFFFF,0xFFFF,0xFFFF,0xFFFF,0xFFFF,0xFFFF,
    0xFFFF,0xFFFF,0xFFFF,0xFFFF,0xFFFF,0xFFFF,0xFFFF,0xFFFF,0xFFFF,0xFFFF,0xFFFF,0xFFFF,
    0xFFFF,0xFFFF,0xFFFF,0xFFFF,0xFFFF,0xFFFF,0xFFFF,0xFFFF,0xFFFF,0xFFFF,0xFFFF,0xFFFF,
    0xFFFF,0xFFFF,0xFFFF,0xFFFF,0xFFFF,0xFFFF,0xFFFF,0xFFFF,0xFFFF,0xFFFF,0xFFFF,0xFFFF,
    0xFFFF,0xFFFF,0xFFFF,0xFFFF,0xFFFF,0xFFFF,0xFFFF,0xFFFF,0xFFFF,0xFFFF,0xFFFF,0xFFFF,
    0xFFFF,0xFFFF,0xFFFF,0xFFFF,0xFFFF,0xFFFF,0xFFFF,0xFFFF,0xFFFF,0xFFFF,0xFFFF,0xFFFF,
    0xFFFF,0xFFFF,0xFFFF,0xFFFF,0xFFFF,0xFFFF,0xFFFF,0xFFFF,0xFFFF,0xFFFF,0xFFFF,0xFFFF,
    0xFFFF,0xFFFF,0xFFFF,0xFFFF,0xFFFF,0xFF1D,0xFF1D,0xFF1D,0xFF1D,0xFF1D,0xFF1D,0xFF1D,
    0xFF1D,0xFF1D,0xFF1D,0xFF1D,0xFF1D,0xFF1D,0xFF1D,0xFF1D,0xFF1D,0xFF1D,0xFF1D,0xFF1D,
    0xFF1D,0xFF1D,0xFF1D,0xFF1D,0xFF1D,0xFF1D,0xFF1D,0xFF1D,0xFF1D,0xFF1D,0xFF1D,0xFF1D,
    0xFF1D,0xFF1D,0xFF1D,0xFF1D,0xFF1D,0xFF1D,0xFF1D,0xFF1D,0xFF1D,0xFF1D,0xFF1D,0xFF1D,
    0xFF1D,0xFF1D,0xFF1D,0xFF1D,0xFF1D,0xFF1D,0xFF1D,0xFF1D,0xFF1D,0xFF1D,0xFF1D,0xFF1D,
    0xFF1D,0xFF1D,0xFF1D,0xFF1D,0xFF1D,0xFF1D,0xFF1D,0xFF1D,0xFF1D,0xFF1D,0xFF1D,0xFF1D,
    0xFF1D,0xFF1D,0xFF1D,0xFF1D,0xFF1D,0xFF1D,0xFF1D,0xFF1D,0xFF1D,0xFF1D,0xFF1D,0xFF1D,
    0xE611,0xE611,0xE611,0xE611,0xFFBB,0xFFBB,0xFFBB,0xFFBB,0xFFBB,0xFFBB,0xFFBB,0xFFBB,
    0xFFBB,0xFFBB,0xFFBB,0xFFBB,0xFFBB,0xFFBB,0xFFBB,0xFFBB,0xFFBB,0xFFBB,0xFFBB,0xFFBB,
    0xFFBB,0xFED3,0xF547,0xF5A7,0xFE89,0xFE89,0xFE89,0xFE89,0xFE89,0xFE89,0xFE89,0xFE89,
    0xFE89,0xFE89,0xFE89,0xFE89,0xFE89,0xFE89,0xF5A7,0xF547,0xFED3,0xFFBB,0xFFBB,0xFFBB,
    0xFFBB,0xFFBB,0xFFBB,0xFFBB,0xFFBB,0xFFBB,0xFFBB,0xFFBB,0xFFBB,0xFFBB,0xFFBB,0xFFBB,
    0xFFBB,0xFFBB,0xFFBB,0xFFBB,0xFFBB,0xFFBB,0xE611,0xE611,0xE611,0xE611,0xFF1D,0xFF1D,
    0xFF1D,0xFF1D,0xFF1D,0xFF1D,0xFF1D,0xFF1D,0xFF1D,0xFF1D,0xFF1D,0xFF1D,0xFF1D,0xFF1D,
    0xFF1D,0xFF1D,0xFF1D,0xFF1D,0xFF1D,0xFF1D,0xFF1D,0xFF1D,0xFF1D,0xFF1D,0xFF1D,0xFF1D,
    0xFF1D,0xFF1D,0xFF1D,0xFF1D,0xFF1D,0xFF1D,0xFF1D,0xFF1D,0xFF1D,0xFF1D,0xFF1D,0xFF1D,
    0xFF1D,0xFF1D,0xFF1D,0xFF1D,0xFF1D,0xFF1D,0xFF1D,0xFF1D,0xFF1D,0xFF1D,0xFF1D,0xFF1D,
    0xFF1D,0xFF1D,0xFF1D,0xFF1D,0xFF1D,0xFF1D,0xFF1D,0xFF1D,0xFF1D,0xFF1D,0xFF1D,0xFF1D,
    0xFF1D,0xFF1D,0xFF1D,0xFF1D,0xFF1D,0xFF1D,0xFF1D,0xFFFF,0xFFFF,0xFFFF,0xFFFF,0xFFFF,
    0xFFFF,0xFFFF,0xFFFF,0xFFFF,0xFFFF,0xFFFF,0xFFFF,0xFFFF,0xFFFF,0xFFFF,0xFFFF,0xFFFF,
    0xFFFF,0xFFFF,0xFFFF,0xFFFF,0xFFFF,0xFFFF,0xFFFF,0xFFFF,0xFFFF,0xFFFF,0xFFFF,0xFFFF,
    0xFFFF,0xFFFF,0xFFFF,0xFFFF,0xFFFF,0xFFFF,0xFFFF,0xFFFF,0xFFFF,0xFFFF,0xFFFF,0xFFFF,
    0xFFFF,0xFFFF,0xFFFF,0xFFFF,0xFFFF,0xFFFF,0xFFFF,0xFFFF,0xFFFF,0xFFFF,0xFFFF,0xFFFF,
    0xFFFF,0xFFFF,0xFFFF,0xFFFF,0xFFFF,0xFFFF,0xFFFF,0xFFFF,0xFFFF,0xFFFF,0xFFFF,0xFFFF,
    0xFFFF,0xFFFF,0xFFFF,0xFFFF,0xFFFF,0xFFFF,0xFFFF,0xFFFF,0xFFFF,0xFFFF,0xFFFF,0xFFFF,
    0xFFFF,0xFFFF,0xFFFF,0xFFFF,0xFFFF,0xFFFF,0xFFFF,0xFFFF,0xFFFF,0xFFFF,0xFFFF,0xFFFF,
    0xFFFF,0xFFFF,0xFFFF,0xFFFF,0xFFFF,0xFFFF,0xFFFF,0xFFFF,0xFFFF,0xFFFF,0xFFFF,0xFFFF,
    0xFFFF,0xFF1D,0xFF1D,0xFF1D,0xFF1D,0xFF1D,0xFF1D,0xFF1D,0xFF1D,0xFF1D,0xFF1D,0xFF1D,
    0xFF1D,0xFF1D,0xFF1D,0xFF1D,0xFF1D,0xFF1D,0xFF1D,0xFF1D,0xFF1D,0xFF1D,0xFF1D,0xFF1D,
    0xFF1D,0xFF1D,0xFF1D,0xFF1D,0xFF1D,0xFF1D,0xFF1D,0xFF1D,0xFF1D,0xFF1D,0xFF1D,0xFF1D,
    0xFF1D,0xFF1D,0xFF1D,0xFF1D,0xFF1D,0xFF1D,0xFF1D,0xFF1D,0xFF1D,0xFF1D,0xFF1D,0xFF1D,
    0xFF1D,0xFF1D,0xFF1D,0xFF1D,0xFF1D,0xFF1D,0xFF1D,0xFF1D,0xFF1D,0xFF1D,0xFF1D,0xFF1D,
    0xFF1D,0xFF1D,0xFF1D,0xFF1D,0xFF1D,0xFF1D,0xFF1D,0xFF1D,0xFF1D,0xFF1D,0xFF1D,0xFF1D,
    0xFF1D,0xFF1D,0xFF1D,0xFF1D,0xFF1D,0xFF1D,0xFF1D,0xFF1D,0xE611,0xE611,0xE611,0xE611,
    0xFFBB,0xFFBB,0xFFBB,0xFFBB,0xFFBB,0xFFBB,0xFFBB,0xFFBB,0xFFBB,0xFFBB,0xFFBB,0xFFBB,
    0xFFBB,0xFFBB,0xFFBB,0xFFBB,0xFFBB,0xFFBB,0xFFBB,0xFFBB,0xFFBB,0xF62E,0xF547,0xFE08,
    0xFE89,0xFE89,0xFE89,0xFE89,0xFE89,0xFE89,0xFE89,0xFE89,0xFE89,0xFE89,0xFE89,0xFE89,
    0xFE89,0xFE89,0xFE08,0xF547,0xF62E,0xFFBB,0xFFBB,0xFFBB,0xFFBB,0xFFBB,0xFFBB,0xFFBB,
    0xFFBB,0xFFBB,0xFFBB,0xFFBB,0xFFBB,0xFFBB,0xFFBB,0xFFBB,0xFFBB,0xFFBB,0xFFBB,0xFFBB,
    0xFFBB,0xFFBB,0xE611,0xE611,0xE611,0xE611,0xFF1D,0xFF1D,0xFF1D,0xFF1D,0xFF1D,0xFF1D,
    0xFF1D,0xFF1D,0xFF1D,0xFF1D,0xFF1D,0xFF1D,0xFF1D,0xFF1D,0xFF1D,0xFF1D,0xFF1D,0xFF1D,
    0xFF1D,0xFF1D,0xFF1D,0xFF1D,0xFF1D,0xFF1D,0xFF1D,0xFF1D,0xFF1D,0xFF1D,0xFF1D,0xFF1D,
    0xFF1D,0xFF1D,0xFF1D,0xFF1D,0xFF1D,0xFF1D,0xFF1D,0xFF1D,0xFF1D,0xFF1D,0xFF1D,0xFF1D,
    0xFF1D,0xFF1D,0xFF1D,0xFF1D,0xFF1D,0xFF1D,0xFF1D,0xFF1D,0xFF1D,0xFF1D,0xFF1D,0xFF1D,
    0xFF1D,0xFF1D,0xFF1D,0xFF1D,0xFF1D,0xFF1D,0xFF1D,0xFF1D,0xFF1D,0xFF1D,0xFF1D,0xFF1D,
    0xFF1D,0xFF1D,0xFF1D,0xFFFF,0xFFFF,0xFFFF,0xFFFF,0xFFFF,0xFFFF,0xBF5F,0xBF5F,0xBF5F,
    0xBF5F,0xBF5F,0xBF5F,0xBF5F,0xBF5F,0xBF5F,0xBF5F,0xBF5F,0xBF5F,0xBF5F,0xBF5F,0xBF5F,
    0xBF5F,0xBF5F,0xBF5F,0xBF5F,0xBF5F,0xBF5F,0xBF5F,0xBF5F,0xBF5F,0xBF5F,0xBF5F,0xBF5F,
    0xBF5F,0xBF5F,0xBF5F,0xBF5F,0xBF5F,0xBF5F,0xBF5F,0xBF5F,0xBF5F,0xBF5F,0xBF5F,0xBF5F,
    0xBF5F,0xBF5F,0xBF5F,0xBF5F,0xFFFF,0xFFFF,0xFFFF,0xFFFF,0xBF5F,0xBF5F,0xBF5F,0xBF5F,
    0xBF5F,0xBF5F,0xBF5F,0xBF5F,0xBF5F,0xBF5F,0xBF5F,0xBF5F,0xBF5F,0xBF5F,0xBF5F,0xBF5F,
    0xBF5F,0xBF5F,0xBF5F,0xBF5F,0xBF5F,0xBF5F,0xBF5F,0xBF5F,0xBF5F,0xBF5F,0xBF5F,0xBF5F,
    0xBF5F,0xBF5F,0xBF5F,0xBF5F,0xBF5F,0xBF5F,0xBF5F,0xBF5F,0xBF5F,0xBF5F,0xBF5F,0xBF5F,
    0xBF5F,0xBF5F,0xBF5F,0xFFFF,0xFFFF,0xFFFF,0xFFFF,0xFFFF,0xFFFF,0xFF1D,0xFF1D,0xFF1D,
    0xFF1D,0xFF1D,0xFF1D,0xFF1D,0xFF1D,0xFF1D,0xFF1D,0xFF1D,0xFF1D,0xFF1D,0xFF1D,0xFF1D,
    0xFF1D,0xFF1D,0xFF1D,0xFF1D,0xFF1D,0xFF1D,0xFF1D,0xFF1D,0xFF1D,0xFF1D,0xFF1D,0xFF1D,
    0xFF1D,0xFF1D,0xFF1D,0xFF1D,0xFF1D,0xFF1D,0xFF1D,0xFF1D,0xFF1D,0xFF1D,0xFF1D,0xFF1D,
    0xFF1D,0xFF1D,0xFF1D,0xFF1D,0xFF1D,0xFF1D,0xFF1D,0xFF1D,0xFF1D,0xFF1D,0xFF1D,0xFF1D,
    0xFF1D,0xFF1D,0xFF1D,0xFF1D,0xFF1D,0xFF1D,0xFF1D,0xFF1D,0xFF1D,0xFF1D,0xFF1D,0xFF1D,
    0xFF1D,0xFF1D,0xFF1D,0xFF1D,0xFF1D,0xFF1D,0xFF1D,0xFF1D,0xFF1D,0xFF1D,0xFF1D,0xFF1D,
    0xFF1D,0xFF1D,0xFF1D,0xFF1D,0xE611,0xE611,0xE611,0xE611,0xFFBB,0xFFBB,0xFFBB,0xFFBB,
    0xFFBB,0xFFBB,0xFFBB,0xFFBB,0xFFBB,0xFFBB,0xFFBB,0xFFBB,0xFFBB,0xFFBB,0xFFBB,0xFFBB,
    0xFFBB,0xFFBB,0xFFBB,0xFFBB,0xFFBB,0xF589,0xF547,0xFE48,0xFE89,0xFE89,0xFE89,0xFE89,
    0xFE89,0xFE48,0xF587,0xF567,0xFE28,0xFE89,0xFE89,0xFE89,0xFE89,0xFE89,0xFE48,0xF547,
    0xF589,0xFFBB,0xFFBB,0xFFBB,0xFFBB,0xFFBB,0xFFBB,0xFFBB,0xFFBB,0xFFBB,0xFFBB,0xFFBB,
    0xFFBB,0xFFBB,0xFFBB,0xFFBB,0xFFBB,0xFFBB,0xFFBB,0xFFBB,0xFFBB,0xFFBB,0xE611,0xE611,
    0xE611,0xE611,0xFF1D,0xFF1D,0xFF1D,0xFF1D,0xFF1D,0xFF1D,0xFF1D,0xFF1D,0xFF1D,0xFF1D,
    0xFF1D,0xFF1D,0xFF1D,0xFF1D,0xFF1D,0xFF1D,0xFF1D,0xFF1D,0xFF1D,0xFF1D,0xFF1D,0xFF1D,
    0xFF1D,0xFF1D,0xFF1D,0xFF1D,0xFF1D,0xFF1D,0xFF1D,0xFF1D,0xFF1D,0xFF1D,0xFF1D,0xFF1D,
    0xFF1D,0xFF1D,0xFF1D,0xFF1D,0xFF1D,0xFF1D,0xFF1D,0xFF1D,0xFF1D,0xFF1D,0xFF1D,0xFF1D,
    0xFF1D,0xFF1D,0xFF1D,0xFF1D,0xFF1D,0xFF1D,0xFF1D,0xFF1D,0xFF1D,0xFF1D,0xFF1D,0xFF1D,
    0xFF1D,0xFF1D,0xFF1D,0xFF1D,0xFF1D,0xFF1D,0xFF1D,0xFF1D,0xFF1D,0xFF1D,0xFF1D,0xFFFF,
    0xFFFF,0xFFFF,0xFFFF,0xFFFF,0xFFFF,0xBF5F,0xBF5F,0xBF5F,0xBF5F,0xBF5F,0xBF5F,0xBF5F,
    0xBF5F,0xBF5F,0xBF5F,0xBF5F,0xBF5F,0xBF5F,0xBF5F,0xBF5F,0xBF5F,0xBF5F,0xBF5F,0xBF5F,
    0xBF5F,0xBF5F,0xBF5F,0xBF5F,0xBF5F,0xBF5F,0xBF5F,0xBF5F,0xBF5F,0xBF5F,0xBF5F,0xBF5F,
    0xBF5F,0xBF5F,0xBF5F,0xBF5F,0xBF5F,0xBF5F,0xBF5F,0xBF5F,0xBF5F,0xBF5F,0xBF5F,0xBF5F,
    0xFFFF,0xFFFF,0xFFFF,0xFFFF,0xBF5F,0xBF5F,0xBF5F,0xBF5F,0xBF5F,0xBF5F,0xBF5F,0xBF5F,
    0xBF5F,0xBF5F,0xBF5F,0xBF5F,0xBF5F,0xBF5F,0xBF5F,0xBF5F,0xBF5F,0xBF5F,0xBF5F,0xBF5F,
    0xBF5F,0xBF5F,0xBF5F,0xBF5F,0xBF5F,0xBF5F,0xBF5F,0xBF5F,0xBF5F,0xBF5F,0xBF5F,0xBF5F,
    0xBF5F,0xBF5F,0xBF5F,0xBF5F,0xBF5F,0xBF5F,0xBF5F,0xBF5F,0xBF5F,0xBF5F,0xBF5F,0xFFFF,
    0xFFFF,0xFFFF,0xFFFF,0xFFFF,0xFFFF,0xFF1D,0xFF1D,0xFF1D,0xFF1D,0xFF1D,0xFF1D,0xFF1D,
    0xFF1D,0xFF1D,0xFF1D,0xFF1D,0xFF1D,0xFF1D,0xFF1D,0xFF1D,0xFF1D,0xFF1D,0xFF1D,0xFF1D,
    0xFF1D,0xFF1D,0xFF1D,0xFF1D,0xFF1D,0xFF1D,0xFF1D,0xFF1D,0xFF1D,0xFF1D,0xFF1D,0xFF1D,
    0xFF1D,0xFF1D,0xFF1D,0xFF1D,0xFF1D,0xFF1D,0xFF1D,0xFF1D,0xFF1D,0xFF1D,0xFF1D,0xFF1D,
    0xFF1D,0xFF1D,0xFF1D,0xFF1D,0xFF1D,0xFF1D,0xFF1D,0xFF1D,0xFF1D,0xFF1D,0xFF1D,0xFF1D,
    0xFF1D,0xFF1D,0xFF1D,0xFF1D,0xFF1D,0xFF1D,0xFF1D,0xFF1D,0xFF1D,0xFF1D,0xFF1D,0xFF1D,
    0xFF1D,0xFF1D,0xFF1D,0xFF1D,0xFF1D,0xFF1D,0xFF1D,0xFF1D,0xFF1D,0xFF1D,0xFF1D,0xFF1D,
    0xE611,0xE611,0xE611,0xE611,0xFFBB,0xFFBB,0xFFBB,0xFFBB,0xFFBB,0xFFBB,0xFFBB,0xFFBB,
    0xFFBB,0xFFBB,0xFFBB,0xFFBB,0xFFBB,0xFFBB,0xFFBB,0xFFBB,0xFFBB,0xFFBB,0xFFBB,0xFFBB,
    0xFF79,0xF547,0xF567,0xFE89,0xFE89,0xFE89,0xFE89,0xFE69,0xF5C8,0xF547,0xF547,0xF547,
    0xF547,0xF5C8,0xFE69,0xFE89,0xFE89,0xFE89,0xFE89,0xF567,0xF547,0xFF79,0xFFBB,0xFFBB,
    0xFFBB,0xFFBB,0xFFBB,0xFFBB,0xFFBB,0xFFBB,0xFFBB,0xFFBB,0xFFBB,0xFFBB,0xFFBB,0xFFBB,
    0xFFBB,0xFFBB,0xFFBB,0xFFBB,0xFFBB,0xFFBB,0xE611,0xE611,0xE611,0xE611,0xFF1D,0xFF1D,
    0xFF1D,0xFF1D,0xFF1D,0xFF1D,0xFF1D,0xFF1D,0xFF1D,0xFF1D,0xFF1D,0xFF1D,0xFF1D,0xFF1D,
    0xFF1D,0xFF1D,0xFF1D,0xFF1D,0xFF1D,0xFF1D,0xFF1D,0xFF1D,0xFF1D,0xFF1D,0xFF1D,0xFF1D,
    0xFF1D,0xFF1D,0xFF1D,0xFF1D,0xFF1D,0xFF1D,0xFF1D,0xFF1D,0xFF1D,0xFF1D,0xFF1D,0xFF1D,
    0xFF1D,0xFF1D,0xFF1D,0xFF1D,0xFF1D,0xFF1D,0xFF1D,0xFF1D,0xFF1D,0xFF1D,0xFF1D,0xFF1D,
    0xFF1D,0xFF1D,0xFF1D,0xFF1D,0xFF1D,0xFF1D,0xFF1D,0xFF1D,0xFF1D,0xFF1D,0xFF1D,0xFF1D,
    0xFF1D,0xFF1D,0xFF1D,0xFF1D,0xFF1D,0xFF1D,0xFF1D,0xFFFF,0xFFFF,0xFFFF,0xFFFF,0xFFFF,
    0xFFFF,0xBF5F,0xBF5F,0xBF5F,0xBF5F,0xBF5F,0xBF5F,0xBF5F,0xBF5F,0xBF5F,0xBF5F,0xBF5F,
    0xBF5F,0xBF5F,0xBF5F,0xBF5F,0xBF5F,0xBF5F,0xBF5F,0xBF5F,0xBF5F,0xBF5F,0xBF5F,0xBF5F,
    0xBF5F,0xBF5F,0xBF5F,0xBF5F,0xBF5F,0xBF5F,0xBF5F,0xBF5F,0xBF5F,0xBF5F,0xBF5F,0xBF5F,
    0xBF5F,0xBF5F,0xBF5F,0xBF5F,0xBF5F,0xBF5F,0xBF5F,0xBF5F,0xFFFF,0xFFFF,0xFFFF,0xFFFF,
    0xBF5F,0xBF5F,0xBF5F,0xBF5F,0xBF5F,0xBF5F,0xBF5F,0xBF5F,0xBF5F,0xBF5F,0xBF5F,0xBF5F,
    0xBF5F,0xBF5F,0xBF5F,0xBF5F,0xBF5F,0xBF5F,0xBF5F,0xBF5F,0xBF5F,0xBF5F,0xBF5F,0xBF5F,
    0xBF5F,0xBF5F,0xBF5F,0xBF5F,0xBF5F,0xBF5F,0xBF5F,0xBF5F,0xBF5F,0xBF5F,0xBF5F,0xBF5F,
    0xBF5F,0xBF5F,0xBF5F,0xBF5F,0xBF5F,0xBF5F,0xBF5F,0xFFFF,0xFFFF,0xFFFF,0xFFFF,0xFFFF,
    0xFFFF,0xFF1D,0xFF1D,0xFF1D,0xFF1D,0xFF1D,0xFF1D,0xFF1D,0xFF1D,0xFF1D,0xFF1D,0xFF1D,
    0xFF1D,0xFF1D,0xFF1D,0xFF1D,0xFF1D,0xFF1D,0xFF1D,0xFF1D,0xFF1D,0xFF1D,0xFF1D,0xFF1D,
    0xFF1D,0xFF1D,0xFF1D,0xFF1D,0xFF1D,0xFF1D,0xFF1D,0xFF1D,0xFF1D,0xFF1D,0xFF1D,0xFF1D,
    0xFF1D,0xFF1D,0xFF1D,0xFF1D,0xFF1D,0xFF1D,0xFF1D,0xFF1D,0xFF1D,0xFF1D,0xFF1D,0xFF1D,
    0xFF1D,0xFF1D,0xFF1D,0xFF1D,0xFF1D,0xFF1D,0xFF1D,0xFF1D,0xFF1D,0xFF1D,0xFF1D,0xFF1D,
    0xFF1D,0xFF1D,0xFF1D,0xFF1D,0xFF1D,0xFF1D,0xFF1D,0xFF1D,0xFF1D,0xFF1D,0xFF1D,0xFF1D,
    0xFF1D,0xFF1D,0xFF1D,0xFF1D,0xFF1D,0xFF1D,0xFF1D,0xFF1D,0xE611,0xE611,0xE611,0xE611,
    0xFFBB,0xFFBB,0xFFBB,0xFFBB,0xFFBB,0xFFBB,0xFFBB,0xFFBB,0xFFBB,0xFFBB,0xFFBB,0xFFBB,
    0xFFBB,0xFFBB,0xFFBB,0xFFBB,0xFFBB,0xFFBB,0xFFBB,0xFFBB,0xFED4,0xF547,0xF5A7,0xFE89,
    0xFE89,0xFE89,0xFE08,0xF567,0xF547,0xF567,0xFE91,0xFE91,0xF567,0xF547,0xF567,0xFE08,
    0xFE89,0xFE89,0xFE89,0xF5A7,0xF547,0xFED4,0xFFBB,0xFFBB,0xFFBB,0xFFBB,0xFFBB,0xFFBB,
    0xFFBB,0xFFBB,0xFFBB,0xFFBB,0xFFBB,0xFFBB,0xFFBB,0xFFBB,0xFFBB,0xFFBB,0xFFBB,0xFFBB,
    0xFFBB,0xFFBB,0xE611,0xE611,0xE611,0xE611,0xFF1D,0xFF1D,0xFF1D,0xFF1D,0xFF1D,0xFF1D,
    0xFF1D,0xFF1D,0xFF1D,0xFF1D,0xFF1D,0xFF1D,0xFF1D,0xFF1D,0xFF1D,0xFF1D,0xFF1D,0xFF1D,
    0xFF1D,0xFF1D,0xFF1D,0xFF1D,0xFF1D,0xFF1D,0xFF1D,0xFF1D,0xFF1D,0xFF1D,0xFF1D,0xFF1D,
    0xFF1D,0xFF1D,0xFF1D,0xFF1D,0xFF1D,0xFF1D,0xFF1D,0xFF1D,0xFF1D,0xFF1D,0xFF1D,0xFF1D,
    0xFF1D,0xFF1D,0xFF1D,0xFF1D,0xFF1D,0xFF1D,0xFF1D,0xFF1D,0xFF1D,0xFF1D,0xFF1D,0xFF1D,
    0xFF1D,0xFF1D,0xFF1D,0xFF1D,0xFF1D,0xFF1D,0xFF1D,0xFF1D,0xFF1D,0xFF1D,0xFF1D,0xFF1D,
    0xFF1D,0xFF1D,0xFF1D,0xFFFF,0xFFFF,0xFFFF,0xFFFF,0xFFFF,0xFFFF,0xBF5F,0xBF5F,0xBF5F,
    0xBF5F,0xBF5F,0xBF5F,0xBF5F,0xBF5F,0xBF5F,0xBF5F,0xBF5F,0xBF5F,0xBF5F,0xBF5F,0xBF5F,
    0xBF5F,0xBF5F,0xBF5F,0xBF5F,0xBF5F,0xBF5F,0xBF5F,0xBF5F,0xBF5F,0xBF5F,0xBF5F,0xBF5F,
    0xBF5F,0xBF5F,0xBF5F,0xBF5F,0xBF5F,0xBF5F,0xBF5F,0xBF5F,0xBF5F,0xBF5F,0xBF5F,0xBF5F,
    0xBF5F,0xBF5F,0xBF5F,0xBF5F,0xFFFF,0xFFFF,0xFFFF,0xFFFF,0xBF5F,0xBF5F,0xBF5F,0xBF5F,
    0xBF5F,0xBF5F,0xBF5F,0xBF5F,0xBF5F,0xBF5F,0xBF5F,0xBF5F,0xBF5F,0xBF5F,0xBF5F,0xBF5F,
    0xBF5F,0xBF5F,0xBF5F,0xBF5F,0xBF5F,0xBF5F,0xBF5F,0xBF5F,0xBF5F,0xBF5F,0xBF5F,0xBF5F,
    0xBF5F,0xBF5F,0xBF5F,0xBF5F,0xBF5F,0xBF5F,0xBF5F,0xBF5F,0xBF5F,0xBF5F,0xBF5F,0xBF5F,
    0xBF5F,0xBF5F,0xBF5F,0xFFFF,0xFFFF,0xFFFF,0xFFFF,0xFFFF,0xFFFF,0xFF1D,0xFF1D,0xFF1D,
    0xFF1D,0xFF1D,0xFF1D,0xFF1D,0xFF1D,0xFF1D,0xFF1D,0xFF1D,0xFF1D,0xFF1D,0xFF1D,0xFF1D,
    0xFF1D,0xFF1D,0xFF1D,0xFF1D,0xFF1D,0xFF1D,0xFF1D,0xFF1D,0xFF1D,0xFF1D,0xFF1D,0xFF1D,
    0xFF1D,0xFF1D,0xFF1D,0xFF1D,0xFF1D,0xFF1D,0xFF1D,0xFF1D,0xFF1D,0xFF1D,0xFF1D,0xFF1D,
    0xFF1D,0xFF1D,0xFF1D,0xFF1D,0xFF1D,0xFF1D,0xFF1D,0xFF1D,0xFF1D,0xFF1D,0xFF1D,0xFF1D,
    0xFF1D,0xFF1D,0xFF1D,0xFF1D,0xFF1D,0xFF1D,0xFF1D,0xFF1D,0xFF1D,0xFF1D,0xFF1D,0xFF1D,
    0xFF1D,0xFF1D,0xFF1D,0xFF1D,0xFF1D,0xFF1D,0xFF1D,0xFF1D,0xFF1D,0xFF1D,0xFF1D,0xFF1D,
    0xFF1D,0xFF1D,0xFF1D,0xFF1D,0xE611,0xE611,0xE611,0xE611,0xFFBB,0xFFBB,0xFFBB,0xFFBB,
    0xFFBB,0xFFBB,0xFFBB,0xFFBB,0xFFBB,0xFFBB,0xFFBB,0xFFBB,0xFFBB,0xFFBB,0xFFBB,0xFFBB,
    0xFFBB,0xFFBB,0xFFBB,0xFFBB,0xF62F,0xF547,0xFE08,0xFE89,0xFE69,0xF587,0xF547,0xF547,
    0xF5EC,0xFF58,0xFFBB,0xFFBB,0xFF79,0xF5ED,0xF547,0xF547,0xF587,0xFE48,0xFE89,0xFDE8,
    0xF547,0xF62F,0xFFBB,0xFFBB,0xFFBB,0xFFBB,0xFFBB,0xFFBB,0xFFBB,0xFFBB,0xFFBB,0xFFBB,
    0xFFBB,0xFFBB,0xFFBB,0xFFBB,0xFFBB,0xFFBB,0xFFBB,0xFFBB,0xFFBB,0xFFBB,0xE611,0xE611,
    0xE611,0xE611,0xFF1D,0xFF1D,0xFF1D,0xFF1D,0xFF1D,0xFF1D,0xFF1D,0xFF1D,0xFF1D,0xFF1D,
    0xFF1D,0xFF1D,0xFF1D,0xFF1D,0xFF1D,0xFF1D,0xFF1D,0xFF1D,0xFF1D,0xFF1D,0xFF1D,0xFF1D,
    0xFF1D,0xFF1D,0xFF1D,0xFF1D,0xFF1D,0xFF1D,0xFF1D,0xFF1D,0xFF1D,0xFF1D,0xFF1D,0xFF1D,
    0xFF1D,0xFF1D,0xFF1D,0xFF1D,0xFF1D,0xFF1D,0xFF1D,0xFF1D,0xFF1D,0xFF1D,0xFF1D,0xFF1D,
    0xFF1D,0xFF1D,0xFF1D,0xFF1D,0xFF1D,0xFF1D,0xFF1D,0xFF1D,0xFF1D,0xFF1D,0xFF1D,0xFF1D,
    0xFF1D,0xFF1D,0xFF1D,0xFF1D,0xFF1D,0xFF1D,0xFF1D,0xFF1D,0xFF1D,0xFF1D,0xFF1D,0xFFFF,
    0xFFFF,0xFFFF,0xFFFF,0xFFFF,0xFFFF,0xBF5F,0xBF5F,0xBF5F,0xBF5F,0xBF5F,0xBF5F,0xBF5F,
    0xBF5F,0xBF5F,0xBF5F,0xBF5F,0xBF5F,0xBF5F,0xBF5F,0xBF5F,0xBF5F,0xBF5F,0xBF5F,0xBF5F,
    0xBF5F,0xBF5F,0xBF5F,0xBF5F,0xBF5F,0xBF5F,0xBF5F,0xBF5F,0xBF5F,0xBF5F,0xBF5F,0xBF5F,
    0xBF5F,0xBF5F,0xBF5F,0xBF5F,0xBF5F,0xBF5F,0xBF5F,0xBF5F,0xBF5F,0xBF5F,0xBF5F,0xBF5F,
    0xFFFF,0xFFFF,0xFFFF,0xFFFF,0xBF5F,0xBF5F,0xBF5F,0xBF5F,0xBF5F,0xBF5F,0xBF5F,0xBF5F,
    0xBF5F,0xBF5F,0xBF5F,0xBF5F,0xBF5F,0xBF5F,0xBF5F,0xBF5F,0xBF5F,0xBF5F,0xBF5F,0xBF5F,
    0xBF5F,0xBF5F,0xBF5F,0xBF5F,0xBF5F,0xBF5F,0xBF5F,0xBF5F,0xBF5F,0xBF5F,0xBF5F,0xBF5F,
    0xBF5F,0xBF5F,0xBF5F,0xBF5F,0xBF5F,0xBF5F,0xBF5F,0xBF5F,0xBF5F,0xBF5F,0xBF5F,0xFFFF,
    0xFFFF,0xFFFF,0xFFFF,0xFFFF,0xFFFF,0xFF1D,0xFF1D,0xFF1D,0xFF1D,0xFF1D,0xFF1D,0xFF1D,
    0xFF1D,0xFF1D,0xFF1D,0xFF1D,0xFF1D,0xFF1D,0xFF1D,0xFF1D,0xFF1D,0xFF1D,0xFF1D,0xFF1D,
    0xFF1D,0xFF1D,0xFF1D,0xFF1D,0xFF1D,0xFF1D,0xFF1D,0xFF1D,0xFF1D,0xFF1D,0xFF1D,0xFF1D,
    0xFF1D,0xFF1D,0xFF1D,0xFF1D,0xFF1D,0xFF1D,0xFF1D,0xFF1D,0xFF1D,0xFF1D,0xFF1D,0xFF1D,
    0xFF1D,0xFF1D,0xFF1D,0xFF1D,0xFF1D,0xFF1D,0xFF1D,0xFF1D,0xFF1D,0xFF1D,0xFF1D,0xFF1D,
    0xFF1D,0xFF1D,0xFF1D,0xFF1D,0xFF1D,0xFF1D,0xFF1D,0xFF1D,0xFF1D,0xFF1D,0xFF1D,0xFF1D,
    0xFF1D,0xFF1D,0xFF1D,0xFF1D,0xFF1D,0xFF1D,0xFF1D,0xFF1D,0xFF1D,0xFF1D,0xFF1D,0xFF1D,
    0xE611,0xE611,0xE611,0xE611,0xFFBB,0xFFBB,0xFFBB,0xFFBB,0xFFBB,0xFFBB,0xFFBB,0xFFBB,
    0xFFBB,0xFFBB,0xFFBB,0xFFBB,0xFFBB,0xFFBB,0xFFBB,0xFFBB,0xFFBB,0xFFBB,0xFFBB,0xFFBB,
    0xF5AA,0xF547,0xFE48,0xF5E8,0xF547,0xF547,0xF589,0xFED4,0xFFBB,0xFFBB,0xFFBB,0xFFBB,
    0xFFBB,0xFFBB,0xFEF5,0xF589,0xF547,0xF547,0xF5C8,0xFE28,0xF547,0xF5AA,0xFFBB,0xFFBB,
    0xFFBB,0xFFBB,0xFFBB,0xFFBB,0xFFBB,0xFFBB,0xFFBB,0xFFBB,0xFFBB,0xFFBB,0xFFBB,0xFFBB,
    0xFFBB,0xFFBB,0xFFBB,0xFFBB,0xFFBB,0xFFBB,0xE611,0xE611,0xE611,0xE611,0xFF1D,0xFF1D,
    0xFF1D,0xFF1D,0xFF1D,0xFF1D,0xFF1D,0xFF1D,0xFF1D,0xFF1D,0xFF1D,0xFF1D,0xFF1D,0xFF1D,
    0xFF1D,0xFF1D,0xFF1D,0xFF1D,0xFF1D,0xFF1D,0xFF1D,0xFF1D,0xFF1D,0xFF1D,0xFF1D,0xFF1D,
    0xFF1D,0xFF1D,0xFF1D,0xFF1D,0xFF1D,0xFF1D,0xFF1D,0xFF1D,0xFF1D,0xFF1D,0xFF1D,0xFF1D,
    0xFF1D,0xFF1D,0xFF1D,0xFF1D,0xFF1D,0xFF1D,0xFF1D,0xFF1D,0xFF1D,0xFF1D,0xFF1D,0xFF1D,
    0xFF1D,0xFF1D,0xFF1D,0xFF1D,0xFF1D,0xFF1D,0xFF1D,0xFF1D,0xFF1D,0xFF1D,0xFF1D,0xFF1D,
    0xFF1D,0xFF1D,0xFF1D,0xFF1D,0xFF1D,0xFF1D,0xFF1D,0xFFFF,0xFFFF,0xFFFF,0xFFFF,0xFFFF,
    0xFFFF,0xBF5F,0xBF5F,0xBF5F,0xBF5F,0xBF5F,0xBF5F,0xBF5F,0xBF5F,0xBF5F,0xBF5F,0xBF5F,
    0xBF5F,0xBF5F,0xBF5F,0xBF5F,0xBF5F,0xBF5F,0xBF5F,0xBF5F,0xBF5F,0xBF5F,0xBF5F,0xBF5F,
    0xBF5F,0xBF5F,0xBF5F,0xBF5F,0xBF5F,0xBF5F,0xBF5F,0xBF5F,0xBF5F,0xBF5F,0xBF5F,0xBF5F,
    0xBF5F,0xBF5F,0xBF5F,0xBF5F,0xBF5F,0xBF5F,0xBF5F,0xBF5F,0xFFFF,0xFFFF,0xFFFF,0xFFFF,
    0xBF5F,0xBF5F,0xBF5F,0xBF5F,0xBF5F,0xBF5F,0xBF5F,0xBF5F,0xBF5F,0xBF5F,0xBF5F,0xBF5F,
    0xBF5F,0xBF5F,0xBF5F,0xBF5F,0xBF5F,0xBF5F,0xBF5F,0xBF5F,0xBF5F,0xBF5F,0xBF5F,0xBF5F,
    0xBF5F,0xBF5F,0xBF5F,0xBF5F,0xBF5F,0xBF5F,0xBF5F,0xBF5F,0xBF5F,0xBF5F,0xBF5F,0xBF5F,
    0xBF5F,0xBF5F,0xBF5F,0xBF5F,0xBF5F,0xBF5F,0xBF5F,0xFFFF,0xFFFF,0xFFFF,0xFFFF,0xFFFF,
    0xFFFF,0xFF1D,0xFF1D,0xFF1D,0xFF1D,0xFF1D,0xFF1D,0xFF1D,0xFF1D,0xFF1D,0xFF1D,0xFF1D,
    0xFF1D,0xFF1D,0xFF1D,0xFF1D,0xFF1D,0xFF1D,0xFF1D,0xFF1D,0xFF1D,0xFF1D,0xFF1D,0xFF1D,
    0xFF1D,0xFF1D,0xFF1D,0xFF1D,0xFF1D,0xFF1D,0xFF1D,0xFF1D,0xFF1D,0xFF1D,0xFF1D,0xFF1D,
    0xFF1D,0xFF1D,0xFF1D,0xFF1D,0xFF1D,0xFF1D,0xFF1D,0xFF1D,0xFF1D,0xFF1D,0xFF1D,0xFF1D,
    0xFF1D,0xFF1D,0xFF1D,0xFF1D,0xFF1D,0xFF1D,0xFF1D,0xFF1D,0xFF1D,0xFF1D,0xFF1D,0xFF1D,
    0xFF1D,0xFF1D,0xFF1D,0xFF1D,0xFF1D,0xFF1D,0xFF1D,0xFF1D,0xFF1D,0xFF1D,0xFF1D,0xFF1D,
    0xFF1D,0xFF1D,0xFF1D,0xFF1D,0xFF1D,0xFF1D,0xFF1D,0xFF1D,0xE611,0xE611,0xE611,0xE611,
    0xFFBB,0xFFBB,0xFFBB,0xFFBB,0xFFBB,0xFFBB,0xFFBB,0xFFBB,0xFFBB,0xFFBB,0xFFBB,0xFFBB,
    0xFFBB,0xFFBB,0xFFBB,0xFFBB,0xFFBB,0xFFBB,0xFFBB,0xFF79,0xF547,0xF547,0xF567,0xF547,
    0xF547,0xF64F,0xFF9A,0xFFBB,0xFFBB,0xFFBB,0xFFBB,0xFFBB,0xFFBB,0xFFBB,0xFFBB,0xFF9A,
    0xF64F,0xF547,0xF547,0xF567,0xF547,0xF547,0xFF79,0xFFBB,0xFFBB,0xFFBB,0xFFBB,0xFFBB,
    0xFFBB,0xFFBB,0xFFBB,0xFFBB,0xFFBB,0xFFBB,0xFFBB,0xFFBB,0xFFBB,0xFFBB,0xFFBB,0xFFBB,
    0xFFBB,0xFFBB,0xE611,0xE611,0xE611,0xE611,0xFF1D,0xFF1D,0xFF1D,0xFF1D,0xFF1D,0xFF1D,
    0xFF1D,0xFF1D,0xFF1D,0xFF1D,0xFF1D,0xFF1D,0xFF1D,0xFF1D,0xFF1D,0xFF1D,0xFF1D,0xFF1D,
    0xFF1D,0xFF1D,0xFF1D,0xFF1D,0xFF1D,0xFF1D,0xFF1D,0xFF1D,0xFF1D,0xFF1D,0xFF1D,0xFF1D,
    0xFF1D,0xFF1D,0xFF1D,0xFF1D,0xFF1D,0xFF1D,0xFF1D,0xFF1D,0xFF1D,0xFF1D,0xFF1D,0xFF1D,
    0xFF1D,0xFF1D,0xFF1D,0xFF1D,0xFF1D,0xFF1D,0xFF1D,0xFF1D,0xFF1D,0xFF1D,0xFF1D,0xFF1D,
    0xFF1D,0xFF1D,0xFF1D,0xFF1D,0xFF1D,0xFF1D,0xFF1D,0xFF1D,0xFF1D,0xFF1D,0xFF1D,0xFF1D,
    0xFF1D,0xFF1D,0xFF1D,0xFFFF,0xFFFF,0xFFFF,0xFFFF,0xFFFF,0xFFFF,0xBF5F,0xBF5F,0xBF5F,
    0xBF5F,0xBF5F,0xBF5F,0xBF5F,0xBF5F,0xBF5F,0xBF5F,0xBF5F,0xBF5F,0xBF5F,0xBF5F,0xBF5F,
    0xBF5F,0xBF5F,0xBF5F,0xBF5F,0xBF5F,0xBF5F,0xBF5F,0xBF5F,0xBF5F,0xBF5F,0xBF5F,0xBF5F,
    0xBF5F,0xBF5F,0xBF5F,0xBF5F,0xBF5F,0xBF5F,0xBF5F,0xBF5F,0xBF5F,0xBF5F,0xBF5F,0xBF5F,
    0xBF5F,0xBF5F,0xBF5F,0xBF5F,0xFFFF,0xFFFF,0xFFFF,0xFFFF,0xBF5F,0xBF5F,0xBF5F,0xBF5F,
    0xBF5F,0xBF5F,0xBF5F,0xBF5F,0xBF5F,0xBF5F,0xBF5F,0xBF5F,0xBF5F,0xBF5F,0xBF5F,0xBF5F,
    0xBF5F,0xBF5F,0xBF5F,0xBF5F,0xBF5F,0xBF5F,0xBF5F,0xBF5F,0xBF5F,0xBF5F,0xBF5F,0xBF5F,
    0xBF5F,0xBF5F,0xBF5F,0xBF5F,0xBF5F,0xBF5F,0xBF5F,0xBF5F,0xBF5F,0xBF5F,0xBF5F,0xBF5F,
    0xBF5F,0xBF5F,0xBF5F,0xFFFF,0xFFFF,0xFFFF,0xFFFF,0xFFFF,0xFFFF,0xFF1D,0xFF1D,0xFF1D,
    0xFF1D,0xFF1D,0xFF1D,0xFF1D,0xFF1D,0xFF1D,0xFF1D,0xFF1D,0xFF1D,0xFF1D,0xFF1D,0xFF1D,
    0xFF1D,0xFF1D,0xFF1D,0xFF1D,0xFF1D,0xFF1D,0xFF1D,0xFF1D,0xFF1D,0xFF1D,0xFF1D,0xFF1D,
    0xFF1D,0xFF1D,0xFF1D,0xFF1D,0xFF1D,0xFF1D,0xFF1D,0xFF1D,0xFF1D,0xFF1D,0xFF1D,0xFF1D,
    0xFF1D,0xFF1D,0xFF1D,0xFF1D,0xFF1D,0xFF1D,0xFF1D,0xFF1D,0xFF1D,0xFF1D,0xFF1D,0xFF1D,
    0xFF1D,0xFF1D,0xFF1D,0xFF1D,0xFF1D,0xFF1D,0xFF1D,0xFF1D,0xFF1D,0xFF1D,0xFF1D,0xFF1D,
    0xFF1D,0xFF1D,0xFF1D,0xFF1D,0xFF1D,0xFF1D,0xFF1D,0xFF1D,0xFF1D,0xFF1D,0xFF1D,0xFF1D,
    0xFF1D,0xFF1D,0xFF1D,0xFF1D,0xE611,0xE611,0xE611,0xE611,0xFFBB,0xFFBB,0xFFBB,0xFFBB,
    0xFFBB,0xFFBB,0xFFBB,0xFFBB,0xFFBB,0xFFBB,0xFFBB,0xFFBB,0xFFBB,0xFFBB,0xFFBB,0xFFBB,
    0xFFBB,0xFFBB,0xFFBB,0xFEF4,0xF547,0xF547,0xF547,0xF5AB,0xFF37,0xFFBB,0xFFBB,0xFFBB,
    0xFFBB,0xFFBB,0xFFBB,0xFFBB,0xFFBB,0xFFBB,0xFFBB,0xFFBB,0xFFBB,0xFF37,0xF5AB,0xF547,
    0xF547,0xF547,0xFEF4,0xFFBB,0xFFBB,0xFFBB,0xFFBB,0xFFBB,0xFFBB,0xFFBB,0xFFBB,0xFFBB,
    0xFFBB,0xFFBB,0xFFBB,0xFFBB,0xFFBB,0xFFBB,0xFFBB,0xFFBB,0xFFBB,0xFFBB,0xE611,0xE611,
    0xE611,0xE611,0xFF1D,0xFF1D,0xFF1D,0xFF1D,0xFF1D,0xFF1D,0xFF1D,0xFF1D,0xFF1D,0xFF1D,
    0xFF1D,0xFF1D,0xFF1D,0xFF1D,0xFF1D,0xFF1D,0xFF1D,0xFF1D,0xFF1D,0xFF1D,0xFF1D,0xFF1D,
    0xFF1D,0xFF1D,0xFF1D,0xFF1D,0xFF1D,0xFF1D,0xFF1D,0xFF1D,0xFF1D,0xFF1D,0xFF1D,0xFF1D,
    0xFF1D,0xFF1D,0xFF1D,0xFF1D,0xFF1D,0xFF1D,0xFF1D,0xFF1D,0xFF1D,0xFF1D,0xFF1D,0xFF1D,
    0xFF1D,0xFF1D,0xFF1D,0xFF1D,0xFF1D,0xFF1D,0xFF1D,0xFF1D,0xFF1D,0xFF1D,0xFF1D,0xFF1D,
    0xFF1D,0xFF1D,0xFF1D,0xFF1D,0xFF1D,0xFF1D,0xFF1D,0xFF1D,0xFF1D,0xFF1D,0xFF1D,0xFFFF,
    0xFFFF,0xFFFF,0xFFFF,0xFFFF,0xFFFF,0xBF5F,0xBF5F,0xBF5F,0xBF5F,0xBF5F,0xBF5F,0xBF5F,
    0xBF5F,0xBF5F,0xBF5F,0xBF5F,0xBF5F,0xBF3F,0xBF3F,0xB71F,0xB71F,0xAF1F,0xAEFF,0xAEFF,
    0xAEFF,0xAEFF,0xAEFF,0xAEFF,0xAEFF,0xAEFF,0xAF1F,0xB71F,0xB71F,0xBF3F,0xBF3F,0xBF5F,
    0xBF5F,0xBF5F,0xBF5F,0xBF5F,0xBF5F,0xBF5F,0xBF5F,0xBF5F,0xBF5F,0xBF5F,0xBF5F,0xBF5F,
    0xFFFF,0xFFFF,0xFFFF,0xFFFF,0xBF5F,0xBF5F,0xBF5F,0xBF5F,0xBF5F,0xBF5F,0xBF5F,0xBF5F,
    0xBF5F,0xBF5F,0xBF5F,0xBF5F,0xBF5F,0xBF5F,0xBF5F,0xBF5F,0xBF5F,0xBF5F,0xBF5F,0xBF5F,
    0xBF5F,0xBF5F,0xBF5F,0xBF5F,0xBF5F,0xBF5F,0xBF5F,0xBF5F,0xBF5F,0xBF5F,0xBF5F,0xBF5F,
    0xBF5F,0xBF5F,0xBF5F,0xBF5F,0xBF5F,0xBF5F,0xBF5F,0xBF5F,0xBF5F,0xBF5F,0xBF5F,0xFFFF,
    0xFFFF,0xFFFF,0xFFFF,0xFFFF,0xFFFF,0xFF1D,0xFF1D,0xFF1D,0xFF1D,0xFF1D,0xFF1D,0xFF1D,
    0xFF1D,0xFF1D,0xFF1D,0xFF1D,0xFF1D,0xFF1D,0xFF1D,0xFF1D,0xFF1D,0xFF1D,0xFF1D,0xFF1D,
    0xFF1D,0xFF1D,0xFF1D,0xFF1D,0xFF1D,0xFF1D,0xFF1D,0xFF1D,0xFF1D,0xFF1D,0xFF1D,0xFF1D,
    0xFF1D,0xFF1D,0xFF1D,0xFF1D,0xFF1D,0xFF1D,0xFF1D,0xFF1D,0xFF1D,0xFF1D,0xFF1D,0xFF1D,
    0xFF1D,0xFF1D,0xFF1D,0xFF1D,0xFF1D,0xFF1D,0xFF1D,0xFF1D,0xFF1D,0xFF1D,0xFF1D,0xFF1D,
    0xFF1D,0xFF1D,0xFF1D,0xFF1D,0xFF1D,0xFF1D,0xFF1D,0xFF1D,0xFF1D,0xFF1D,0xFF1D,0xFF1D,
    0xFF1D,0xFF1D,0xFF1D,0xFF1D,0xFF1D,0xFF1D,0xFF1D,0xFF1D,0xFF1D,0xFF1D,0xFF1D,0xFF1D,
    0xE611,0xE611,0xE611,0xE611,0xFFBB,0xFFBB,0xFFBB,0xFFBB,0xFFBB,0xFFBB,0xFFBB,0xFFBB,
    0xFFBB,0xFFBB,0xFFBB,0xFFBB,0xFFBB,0xFFBB,0xFFBB,0xFFBB,0xFFBB,0xFFBB,0xFFBB,0xF64F,
    0xF547,0xF568,0xFEB2,0xFFBB,0xFFBB,0xFFBB,0xFFBB,0xFFBB,0xFFBB,0xFFBB,0xFFBB,0xFFBB,
    0xFFBB,0xFFBB,0xFFBB,0xFFBB,0xFFBB,0xFFBB,0xFFBB,0xFEB2,0xF568,0xF547,0xF64F,0xFFBB,
    0xFFBB,0xFFBB,0xFFBB,0xFFBB,0xFFBB,0xFFBB,0xFFBB,0xFFBB,0xFFBB,0xFFBB,0xFFBB,0xFFBB,
    0xFFBB,0xFFBB,0xFFBB,0xFFBB,0xFFBB,0xFFBB,0xE611,0xE611,0xE611,0xE611,0xFF1D,0xFF1D,
    0xFF1D,0xFF1D,0xFF1D,0xFF1D,0xFF1D,0xFF1D,0xFF1D,0xFF1D,0xFF1D,0xFF1D,0xFF1D,0xFF1D,
    0xFF1D,0xFF1D,0xFF1D,0xFF1D,0xFF1D,0xFF1D,0xFF1D,0xFF1D,0xFF1D,0xFF1D,0xFF1D,0xFF1D,
    0xFF1D,0xFF1D,0xFF1D,0xFF1D,0xFF1D,0xFF1D,0xFF1D,0xFF1D,0xFF1D,0xFF1D,0xFF1D,0xFF1D,
    0xFF1D,0xFF1D,0xFF1D,0xFF1D,0xFF1D,0xFF1D,0xFF1D,0xFF1D,0xFF1D,0xFF1D,0xFF1D,0xFF1D,
    0xFF1D,0xFF1D,0xFF1D,0xFF1D,0xFF1D,0xFF1D,0xFF1D,0xFF1D,0xFF1D,0xFF1D,0xFF1D,0xFF1D,
    0xFF1D,0xFF1D,0xFF1D,0xFF1D,0xFF1D,0xFF1D,0xFF1D,0xFFFF,0xFFFF,0xFFFF,0xFFFF,0xFFFF,
    0xFFFF,0xBF5F,0xBF5F,0xBF5F,0xBF5F,0xBF5F,0xBF5F,0xBF5F,0xBF5F,0xBF5F,0xBF3F,0xB71F,
    0xAEFF,0xAEFF,0xAEFF,0xAEFF,0xAEFF,0xAEFF,0xAEFF,0xAEFF,0xAEFF,0xAEFF,0xAEFF,0xAEFF,
    0xAEFF,0xAEFF,0xAEFF,0xAEFF,0xAEFF,0xAEFF,0xAEFF,0xAEFF,0xB71F,0xBF3F,0xBF5F,0xBF5F,
    0xBF5F,0xBF5F,0xBF5F,0xBF5F,0xBF5F,0xBF5F,0xBF5F,0xBF5F,0xFFFF,0xFFFF,0xFFFF,0xFFFF,
    0xBF5F,0xBF5F,0xBF5F,0xBF5F,0xBF5F,0xBF5F,0xBF5F,0xBF5F,0xBF5F,0xBF5F,0xBF5F,0xBF5F,
    0xBF5F,0xBF5F,0xBF5F,0xBF5F,0xBF5F,0xBF5F,0xBF5F,0xBF5F,0xBF5F,0xBF5F,0xBF5F,0xBF5F,
    0xBF5F,0xBF5F,0xBF5F,0xBF5F,0xBF5F,0xBF5F,0xBF5F,0xBF5F,0xBF5F,0xBF5F,0xBF5F,0xBF5F,
    0xBF5F,0xBF5F,0xBF5F,0xBF5F,0xBF5F,0xBF5F,0xBF5F,0xFFFF,0xFFFF,0xFFFF,0xFFFF,0xFFFF,
    0xFFFF,0xFF1D,0xFF1D,0xFF1D,0xFF1D,0xFF1D,0xFF1D,0xFF1D,0xFF1D,0xFF1D,0xFF1D,0xFF1D,
    0xFF1D,0xFF1D,0xFF1D,0xFF1D,0xFF1D,0xFF1D,0xFF1D,0xFF1D,0xFF1D,0xFF1D,0xFF1D,0xFF1D,
    0xFF1D,0xFF1D,0xFF1D,0xFF1D,0xFF1D,0xFF1D,0xFF1D,0xFF1D,0xFF1D,0xFF1D,0xFF1D,0xFF1D,
    0xFF1D,0xFF1D,0xFF1D,0xFF1D,0xFF1D,0xFF1D,0xFF1D,0xFF1D,0xFF1D,0xFF1D,0xFF1D,0xFF1D,
    0xFF1D,0xFF1D,0xFF1D,0xFF1D,0xFF1D,0xFF1D,0xFF1D,0xFF1D,0xFF1D,0xFF1D,0xFF1D,0xFF1D,
    0xFF1D,0xFF1D,0xFF1D,0xFF1D,0xFF1D,0xFF1D,0xFF1D,0xFF1D,0xFF1D,0xFF1D,0xFF1D,0xFF1D,
    0xFF1D,0xFF1D,0xFF1D,0xFF1D,0xFF1D,0xFF1D,0xFF1D,0xFF1D,0xE611,0xE611,0xE611,0xE611,
    0xFFBB,0xFFBB,0xFFBB,0xFFBB,0xFFBB,0xFFBB,0xFFBB,0xFFBB,0xFFBB,0xFFBB,0xFFBB,0xFFBB,
    0xFFBB,0xFFBB,0xFFBB,0xFFBB,0xFFBB,0xFFBB,0xFFBB,0xF5AA,0xF60D,0xFF79,0xFFBB,0xFFBB,
    0xFFBB,0xFFBB,0xFFBB,0xFFBB,0xFFBB,0xFFBB,0xFFBB,0xFFBB,0xFFBB,0xFFBB,0xFFBB,0xFFBB,
    0xFFBB,0xFFBB,0xFFBB,0xFFBB,0xFF79,0xF62E,0xF5AA,0xFFBB,0xFFBB,0xFFBB,0xFFBB,0xFFBB,
    0xFFBB,0xFFBB,0xFFBB,0xFFBB,0xFFBB,0xFFBB,0xFFBB,0xFFBB,0xFFBB,0xFFBB,0xFFBB,0xFFBB,
    0xFFBB,0xFFBB,0xE611,0xE611,0xE611,0xE611,0xFF1D,0xFF1D,0xFF1D,0xFF1D,0xFF1D,0xFF1D,
    0xFF1D,0xFF1D,0xFF1D,0xFF1D,0xFF1D,0xFF1D,0xFF1D,0xFF1D,0xFF1D,0xFF1D,0xFF1D,0xFF1D,
    0xFF1D,0xFF1D,0xFF1D,0xFF1D,0xFF1D,0xFF1D,0xFF1D,0xFF1D,0xFF1D,0xFF1D,0xFF1D,0xFF1D,
    0xFF1D,0xFF1D,0xFF1D,0xFF1D,0xFF1D,0xFF1D,0xFF1D,0xFF1D,0xFF1D,0xFF1D,0xFF1D,0xFF1D,
    0xFF1D,0xFF1D,0xFF1D,0xFF1D,0xFF1D,0xFF1D,0xFF1D,0xFF1D,0xFF1D,0xFF1D,0xFF1D,0xFF1D,
    0xFF1D,0xFF1D,0xFF1D,0xFF1D,0xFF1D,0xFF1D,0xFF1D,0xFF1D,0xFF1D,0xFF1D,0xFF1D,0xFF1D,
    0xFF1D,0xFF1D,0xFF1D,0xFFFF,0xFFFF,0xFFFF,0xFFFF,0xFFFF,0xFFFF,0xBF5F,0xBF5F,0xBF5F,
    0xBF5F,0xBF5F,0xBF5F,0xBF3F,0xB71F,0xAEFF,0xAEFF,0xAEFF,0xAEFF,0xAEFF,0xAEFF,0xAEFF,
    0xAEFF,0xAEFF,0xAEFF,0xAEFF,0xAEFF,0xAEFF,0xAEFF,0xAEFF,0xAEFF,0xAEFF,0xAEFF,0xAEFF,
    0xAEFF,0xAEFF,0xAEFF,0xAEFF,0xAEFF,0xAEFF,0xAEFF,0xB71F,0xBF3F,0xBF5F,0xBF5F,0xBF5F,
    0xBF5F,0xBF5F,0xBF5F,0xBF5F,0xFFFF,0xFFFF,0xFFFF,0xFFFF,0xBF5F,0xBF5F,0xBF5F,0xBF5F,
    0xBF5F,0xBF5F,0xBF5F,0xBF5F,0xBF5F,0xBF5F,0xBF5F,0xBF5F,0xBF5F,0xBF5F,0xBF5F,0xBF5F,
    0xBF5F,0xBF5F,0xBF5F,0xBF5F,0xBF5F,0xBF5F,0xBF5F,0xBF5F,0xBF5F,0xBF5F,0xBF5F,0xBF5F,
    0xBF5F,0xBF5F,0xBF5F,0xBF5F,0xBF5F,0xBF5F,0xBF5F,0xBF5F,0xBF5F,0xBF5F,0xBF5F,0xBF5F,
    0xBF5F,0xBF5F,0xBF5F,0xFFFF,0xFFFF,0xFFFF,0xFFFF,0xFFFF,0xFFFF,0xFF1D,0xFF1D,0xFF1D,
    0xFF1D,0xFF1D,0xFF1D,0xFF1D,0xFF1D,0xFF1D,0xFF1D,0xFF1D,0xFF1D,0xFF1D,0xFF1D,0xFF1D,
    0xFF1D,0xFF1D,0xFF1D,0xFF1D,0xFF1D,0xFF1D,0xFF1D,0xFF1D,0xFF1D,0xFF1D,0xFF1D,0xFF1D,
    0xFF1D,0xFF1D,0xFF1D,0xFF1D,0xFF1D,0xFF1D,0xFF1D,0xFF1D,0xFF1D,0xFF1D,0xFF1D,0xFF1D,
    0xFF1D,0xFF1D,0xFF1D,0xFF1D,0xFF1D,0xFF1D,0xFF1D,0xFF1D,0xFF1D,0xFF1D,0xFF1D,0xFF1D,
    0xFF1D,0xFF1D,0xFF1D,0xFF1D,0xFF1D,0xFF1D,0xFF1D,0xFF1D,0xFF1D,0xFF1D,0xFF1D,0xFF1D,
    0xFF1D,0xFF1D,0xFF1D,0xFF1D,0xFF1D,0xFF1D,0xFF1D,0xFF1D,0xFF1D,0xFF1D,0xFF1D,0xFF1D,
    0xFF1D,0xFF1D,0xFF1D,0xFF1D,0xE611,0xE611,0xE611,0xE611,0xFFBB,0xFFBB,0xFFBB,0xFFBB,
    0xFFBB,0xFFBB,0xFFBB,0xFFBB,0xFFBB,0xFFBB,0xFFBB,0xFFBB,0xFFBB,0xFFBB,0xFFBB,0xFFBB,
    0xFFBB,0xFFBB,0xFFBB,0xFEF5,0xFFBB,0xFFBB,0xFFBB,0xFFBB,0xFFBB,0xFFBB,0xFFBB,0xFFBB,
    0xFFBB,0xFFBB,0xFFBB,0xFFBB,0xFFBB,0xFFBB,0xFFBB,0xFFBB,0xFFBB,0xFFBB,0xFFBB,0xFFBB,
    0xFFBB,0xFFBB,0xFEF5,0xFFBB,0xFFBB,0xFFBB,0xFFBB,0xFFBB,0xFFBB,0xFFBB,0xFFBB,0xFFBB,
    0xFFBB,0xFFBB,0xFFBB,0xFFBB,0xFFBB,0xFFBB,0xFFBB,0xFFBB,0xFFBB,0xFFBB,0xE611,0xE611,
    0xE611,0xE611,0xFF1D,0xFF1D,0xFF1D,0xFF1D,0xFF1D,0xFF1D,0xFF1D,0xFF1D,0xFF1D,0xFF1D,
    0xFF1D,0xFF1D,0xFF1D,0xFF1D,0xFF1D,0xFF1D,0xFF1D,0xFF1D,0xFF1D,0xFF1D,0xFF1D,0xFF1D,
    0xFF1D,0xFF1D,0xFF1D,0xFF1D,0xFF1D,0xFF1D,0xFF1D,0xFF1D,0xFF1D,0xFF1D,0xFF1D,0xFF1D,
    0xFF1D,0xFF1D,0xFF1D,0xFF1D,0xFF1D,0xFF1D,0xFF1D,0xFF1D,0xFF1D,0xFF1D,0xFF1D,0xFF1D,
    0xFF1D,0xFF1D,0xFF1D,0xFF1D,0xFF1D,0xFF1D,0xFF1D,0xFF1D,0xFF1D,0xFF1D,0xFF1D,0xFF1D,
    0xFF1D,0xFF1D,0xFF1D,0xFF1D,0xFF1D,0xFF1D,0xFF1D,0xFF1D,0xFF1D,0xFF1D,0xFF1D,0xFFFF,
    0xFFFF,0xFFFF,0xFFFF,0xFFFF,0xFFFF,0xBF5F,0xBF5F,0xBF5F,0xBF5F,0xBF3F,0xB71F,0xAEFF,
    0xAEFF,0xAEFF,0xAEFF,0xAEFF,0xAEFF,0xAEFF,0xAEFF,0xAEFF,0xAEFF,0xAEFF,0xAEFF,0xAEFF,
    0xAEFF,0xAEFF,0xAEFF,0xAEFF,0xAEFF,0xAEFF,0xAEFF,0xAEFF,0xAEFF,0xAEFF,0xAEFF,0xAEFF,
    0xAEFF,0xAEFF,0xAEFF,0xAEFF,0xAEFF,0xB71F,0xBF3F,0xBF5F,0xBF5F,0xBF5F,0xBF5F,0xBF5F,
    0xFFFF,0xFFFF,0xFFFF,0xFFFF,0xBF5F,0xBF5F,0xBF5F,0xBF5F,0xBF5F,0xBF5F,0xBF5F,0xBF5F,
    0xBF5F,0xBF5F,0xBF5F,0xBF5F,0xBF5F,0xBF5F,0xBF5F,0xBF5F,0xBF5F,0xBF5F,0xBF5F,0xBF5F,
    0xBF5F,0xBF5F,0xBF5F,0xBF5F,0xBF5F,0xBF5F,0xBF5F,0xBF5F,0xBF5F,0xBF5F,0xBF5F,0xBF5F,
    0xBF5F,0xBF5F,0xBF5F,0xBF5F,0xBF5F,0xBF5F,0xBF5F,0xBF5F,0xBF5F,0xBF5F,0xBF5F,0xFFFF,
    0xFFFF,0xFFFF,0xFFFF,0xFFFF,0xFFFF,0xFF1D,0xFF1D,0xFF1D,0xFF1D,0xFF1D,0xFF1D,0xFF1D,
    0xFF1D,0xFF1D,0xFF1D,0xFF1D,0xFF1D,0xFF1D,0xFF1D,0xFF1D,0xFF1D,0xFF1D,0xFF1D,0xFF1D,
    0xFF1D,0xFF1D,0xFF1D,0xFF1D,0xFF1D,0xFF1D,0xFF1D,0xFF1D,0xFF1D,0xFF1D,0xFF1D,0xFF1D,
    0xFF1D,0xFF1D,0xFF1D,0xFF1D,0xFF1D,0xFF1D,0xFF1D,0xFF1D,0xFF1D,0xFF1D,0xFF1D,0xFF1D,
    0xFF1D,0xFF1D,0xFF1D,0xFF1D,0xFF1D,0xFF1D,0xFF1D,0xFF1D,0xFF1D,0xFF1D,0xFF1D,0xFF1D,
    0xFF1D,0xFF1D,0xFF1D,0xFF1D,0xFF1D,0xFF1D,0xFF1D,0xFF1D,0xFF1D,0xFF1D,0xFF1D,0xFF1D,
    0xFF1D,0xFF1D,0xFF1D,0xFF1D,0xFF1D,0xFF1D,0xFF1D,0xFF1D,0xFF1D,0xFF1D,0xFF1D,0xFF1D,
    0xE611,0xE611,0xE611,0xE611,0xFFBB,0xFFBB,0xFFBB,0xFFBB,0xFFBB,0xFFBB,0xFFBB,0xFFBB,
    0xFFBB,0xFFBB,0xFFBB,0xFFBB,0xFFBB,0xFFBB,0xFFBB,0xFFBB,0xFFBB,0xFFBB,0xFFBB,0xFFBB,
    0xFFBB,0xFFBB,0xFFBB,0xFFBB,0xFFBB,0xFFBB,0xFFBB,0xFFBB,0xFFBB,0xFFBB,0xFFBB,0xFFBB,
    0xFFBB,0xFFBB,0xFFBB,0xFFBB,0xFFBB,0xFFBB,0xFFBB,0xFFBB,0xFFBB,0xFFBB,0xFFBB,0xFFBB,
    0xFFBB,0xFFBB,0xFFBB,0xFFBB,0xFFBB,0xFFBB,0xFFBB,0xFFBB,0xFFBB,0xFFBB,0xFFBB,0xFFBB,
    0xFFBB,0xFFBB,0xFFBB,0xFFBB,0xFFBB,0xFFBB,0xE611,0xE611,0xE611,0xE611,0xFF1D,0xFF1D,
    0xFF1D,0xFF1D,0xFF1D,0xFF1D,0xFF1D,0xFF1D,0xFF1D,0xFF1D,0xFF1D,0xFF1D,0xFF1D,0xFF1D,
    0xFF1D,0xFF1D,0xFF1D,0xFF1D,0xFF1D,0xFF1D,0xFF1D,0xFF1D,0xFF1D,0xFF1D,0xFF1D,0xFF1D,
    0xFF1D,0xFF1D,0xFF1D,0xFF1D,0xFF1D,0xFF1D,0xFF1D,0xFF1D,0xFF1D,0xFF1D,0xFF1D,0xFF1D,
    0xFF1D,0xFF1D,0xFF1D,0xFF1D,0xFF1D,0xFF1D,0xFF1D,0xFF1D,0xFF1D,0xFF1D,0xFF1D,0xFF1D,
    0xFF1D,0xFF1D,0xFF1D,0xFF1D,0xFF1D,0xFF1D,0xFF1D,0xFF1D,0xFF1D,0xFF1D,0xFF1D,0xFF1D,
    0xFF1D,0xFF1D,0xFF1D,0xFF1D,0xFF1D,0xFF1D,0xFF1D,0xFFFF,0xFFFF,0xFFFF,0xFFFF,0xFFFF,
    0xFFFF,0xBF5F,0xBF5F,0xBF3F,0xAF1F,0xAEFF,0xAEFF,0xAEFF,0xAEFF,0xAEFF,0xAEFF,0xAEFF,
    0xAEFF,0xAEFF,0xAEFF,0xAEFF,0xAEFF,0xAEFF,0xAEFF,0xAEFF,0xAEFF,0xAEFF,0xAEFF,0xAEFF,
    0xAEFF,0xAEFF,0xAEFF,0xAEFF,0xAEFF,0xAEFF,0xAEFF,0xAEFF,0xAEFF,0xAEFF,0xAEFF,0xAEFF,
    0xAEFF,0xAEFF,0xAEFF,0xAF1F,0xBF3F,0xBF5F,0xBF5F,0xBF5F,0xFFFF,0xFFFF,0xFFFF,0xFFFF,
    0xBF5F,0xBF5F,0xBF5F,0xBF5F,0xBF5F,0xBF5F,0xBF5F,0xBF5F,0xBF5F,0xBF5F,0xBF5F,0xBF5F,
    0xBF5F,0xBF5F,0xBF5F,0xBF5F,0xBF5F,0xBF5F,0xBF5F,0xBF5F,0xBF5F,0xBF5F,0xBF5F,0xBF5F,
    0xBF5F,0xBF5F,0xBF5F,0xBF5F,0xBF5F,0xBF5F,0xBF5F,0xBF5F,0xBF5F,0xBF5F,0xBF5F,0xBF5F,
    0xBF5F,0xBF5F,0xBF5F,0xBF5F,0xBF5F,0xBF5F,0xBF5F,0xFFFF,0xFFFF,0xFFFF,0xFFFF,0xFFFF,
    0xFFFF,0xFF1D,0xFF1D,0xFF1D,0xFF1D,0xFF1D,0xFF1D,0xFF1D,0xFF1D,0xFF1D,0xFF1D,0xFF1D,
    0xFF1D,0xFF1D,0xFF1D,0xFF1D,0xFF1D,0xFF1D,0xFF1D,0xFF1D,0xFF1D,0xFF1D,0xFF1D,0xFF1D,
    0xFF1D,0xFF1D,0xFF1D,0xFF1D,0xFF1D,0xFF1D,0xFF1D,0xFF1D,0xFF1D,0xFF1D,0xFF1D,0xFF1D,
    0xFF1D,0xFF1D,0xFF1D,0xFF1D,0xFF1D,0xFF1D,0xFF1D,0xFF1D,0xFF1D,0xFF1D,0xFF1D,0xFF1D,
    0xFF1D,0xFF1D,0xFF1D,0xFF1D,0xFF1D,0xFF1D,0xFF1D,0xFF1D,0xFF1D,0xFF1D,0xFF1D,0xFF1D,
    0xFF1D,0xFF1D,0xFF1D,0xFF1D,0xFF1D,0xFF1D,0xFF1D,0xFF1D,0xFF1D,0xFF1D,0xFF1D,0xFF1D,
    0xFF1D,0xFF1D,0xFF1D,0xFF1D,0xFF1D,0xFF1D,0xFF1D,0xFF1D,0xE611,0xE611,0xE611,0xE611,
    0xFFBB,0xFFBB,0xFFBB,0xFFBB,0xFFBB,0xFFBB,0xFFBB,0xFFBB,0xFFBB,0xFFBB,0xFFBB,0xFFBB,
    0xFFBB,0xFFBB,0xFFBB,0xFFBB,0xFFBB,0xFFBB,0xFFBB,0xFFBB,0xFFBB,0xFFBB,0xFFBB,0xFFBB,
    0xFFBB,0xFFBB,0xFFBB,0xFFBB,0xFFBB,0xFFBB,0xFFBB,0xFFBB,0xFFBB,0xFFBB,0xFFBB,0xFFBB,
    0xFFBB,0xFFBB,0xFFBB,0xFFBB,0xFFBB,0xFFBB,0xFFBB,0xFFBB,0xFFBB,0xFFBB,0xFFBB,0xFFBB,
    0xFFBB,0xFFBB,0xFFBB,0xFFBB,0xFFBB,0xFFBB,0xFFBB,0xFFBB,0xFFBB,0xFFBB,0xFFBB,0xFFBB,
    0xFFBB,0xFFBB,0xE611,0xE611,0xE611,0xE611,0xFF1D,0xFF1D,0xFF1D,0xFF1D,0xFF1D,0xFF1D,
    0xFF1D,0xFF1D,0xFF1D,0xFF1D,0xFF1D,0xFF1D,0xCEB9,0xA655,0xFF1D,0xFF1D,0xFF1D,0xFF1D,
    0xFF1D,0xFF1D,0xFF1D,0xFF1D,0xFF1D,0xFF1D,0xFF1D,0xFF1D,0xFF1D,0xFF1D,0xFF1D,0xFF1D,
    0xFF1D,0xFF1D,0xFF1D,0xFF1D,0xFF1D,0xFF1D,0xFF1D,0xFF1D,0xFF1D,0xFF1D,0xFF1D,0xFF1D,
    0xFF1D,0xFF1D,0xFF1D,0xFF1D,0xFF1D,0xFF1D,0xFF1D,0xFF1D,0xFF1D,0xFF1D,0xFF1D,0xFF1D,
    0xFF1D,0xFF1D,0xFF1D,0xFF1D,0xFF1D,0xFF1D,0xFF1D,0xFF1D,0xFF1D,0xFF1D,0xFF1D,0xFF1D,
    0xFF1D,0xFF1D,0xFF1D,0xFFFF,0xFFFF,0xFFFF,0xFFFF,0xFFFF,0xFFFF,0xBF3F,0xB71F,0xAEFF,
    0xAEFF,0xAEFF,0xAEFF,0xAEFF,0xAEFF,0xAEFF,0xAEFF,0xAEFF,0xAEFF,0xAEFF,0xAEFF,0xAEFF,
    0xAEFF,0xAEFF,0xAEFF,0xAEFF,0xAEFF,0xAEFF,0xAEFF,0xAEFF,0xAEFF,0xAEFF,0xAEFF,0xAEFF,
    0xAEFF,0xAEFF,0xAEFF,0xAEFF,0xAEFF,0xAEFF,0xAEFF,0xAEFF,0xAEFF,0xAEFF,0xAEFF,0xAEFF,
    0xAEFF,0xAF1F,0xBF3F,0xBF5F,0xFFFF,0xFFFF,0xFFFF,0xFFFF,0xBF5F,0xBF5F,0xBF5F,0xBF5F,
    0xBF5F,0xBF5F,0xBF5F,0xBF5F,0xBF5F,0xBF5F,0xBF5F,0xBF5F,0xBF5F,0xBF5F,0xBF5F,0xBF5F,
    0xBF5F,0xBF5F,0xBF5F,0xBF5F,0xBF5F,0xBF5F,0xBF5F,0xBF5F,0xBF5F,0xBF5F,0xBF5F,0xBF5F,
    0xBF5F,0xBF5F,0xBF5F,0xBF5F,0xBF5F,0xBF5F,0xBF5F,0xBF5F,0xBF5F,0xBF5F,0xBF5F,0xBF5F,
    0xBF5F,0xBF5F,0xBF5F,0xFFFF,0xFFFF,0xFFFF,0xFFFF,0xFFFF,0xFFFF,0xFF1D,0xFF1D,0xFF1D,
    0xFF1D,0xFF1D,0xFF1D,0xFF1D,0xFF1D,0xFF1D,0xFF1D,0xFF1D,0xFF1D,0xFF1D,0xFF1D,0xFF1D,
    0xFF1D,0xFF1D,0xFF1D,0xFF1D,0xFF1D,0xFF1D,0xFF1D,0xFF1D,0xFF1D,0xFF1D,0xFF1D,0xFF1D,
    0xFF1D,0xFF1D,0xFF1D,0xFF1D,0xFF1D,0xFF1D,0xFF1D,0xFF1D,0xFF1D,0xFF1D,0xFF1D,0xFF1D,
    0xFF1D,0xFF1D,0xFF1D,0xFF1D,0xFF1D,0xFF1D,0xFF1D,0xFF1D,0xFF1D,0xFF1D,0xFF1D,0xFF1D,
    0xFF1D,0xFF1D,0xFF1D,0xFF1D,0xFF1D,0xFF1D,0xFF1D,0xFF1D,0xFF1D,0xFF1D,0xFF1D,0xFF1D,
    0xFF1D,0xFF1D,0xFF1D,0xFF1D,0xFF1D,0xFF1D,0xFF1D,0xFF1D,0xFF1D,0xFF1D,0xFF1D,0xFF1D,
    0xFF1D,0xFF1D,0xFF1D,0xFF1D,0xE611,0xE611,0xE611,0xE611,0xFFBB,0xFFBB,0xFFBB,0xFFBB,
    0xFFBB,0xFFBB,0xFFBB,0xFFBB,0xFFBB,0xFFBB,0xFFBB,0xFFBB,0xFFBB,0xFFBB,0xFFBB,0xFFBB,
    0xFFBB,0xFFBB,0xFFBB,0xFFBB,0xFFBB,0xFFBB,0xFFBB,0xFFBB,0xFFBB,0xFFBB,0xFFBB,0xFFBB,
    0xFFBB,0xFFBB,0xFFBB,0xFFBB,0xFFBB,0xFFBB,0xFFBB,0xFFBB,0xFFBB,0xFFBB,0xFFBB,0xFFBB,
    0xFFBB,0xFFBB,0xFFBB,0xFFBB,0xFFBB,0xFFBB,0xFFBB,0xFFBB,0xFFBB,0xFFBB,0xFFBB,0xFFBB,
    0xFFBB,0xFFBB,0xFFBB,0xFFBB,0xFFBB,0xFFBB,0xFFBB,0xFFBB,0xFFBB,0xFFBB,0xE611,0xE611,
    0xE611,0xE611,0xFF1D,0xFF1D,0xFF1D,0xFF1D,0xFF1D,0xFF1D,0xFF1D,0xFF1D,0xFF1D,0xFF1D,
    0xFF1D,0xFF1D,0x75F1,0x5DCF,0xA655,0xFF1D,0xFF1D,0xFF1D,0xFF1D,0xFF1D,0xFF1D,0xFF1D,
    0xFF1D,0xFF1D,0xFF1D,0xFF1D,0xFF1D,0xFF1D,0xFF1D,0xFF1D,0xFF1D,0xFF1D,0xFF1D,0xFF1D,
    0xFF1D,0xFF1D,0xFF1D,0xFF1D,0xFF1D,0xFF1D,0xFF1D,0xFF1D,0xFF1D,0xFF1D,0xFF1D,0xFF1D,
    0xFF1D,0xFF1D,0xFF1D,0xFF1D,0xFF1D,0xFF1D,0xFF1D,0xFF1D,0xFF1D,0xFF1D,0xFF1D,0xFF1D,
    0xFF1D,0xFF1D,0xFF1D,0xFF1D,0xFF1D,0xFF1D,0xFF1D,0xFF1D,0xFF1D,0xFF1D,0xFF1D,0xFFFF,
    0xFFFF,0xFFFF,0xFFFF,0xFFFF,0xDF7F,0xAEFF,0xAEFF,0xAEFF,0xAEFF,0xAEFF,0xAEFF,0xAEFF,
    0xAEFF,0xAEFF,0xAEFF,0xAEFF,0xAEFF,0xAEFF,0xAEFF,0xAEFF,0xAEFF,0xAEFF,0xAEFF,0xAEFF,
    0xAEFF,0xAEFF,0xAEFF,0xAEFF,0xAEFF,0xAEFF,0xAEFF,0xAEFF,0xAEFF,0xAEFF,0xAEFF,0xAEFF,
    0xAEFF,0xAEFF,0xAEFF,0xAEFF,0xAEFF,0xAEFF,0xAEFF,0xAEFF,0xAEFF,0xAEFF,0xAEFF,0xB71F,
    0xFFFF,0xFFFF,0xFFFF,0xFFFF,0xBF5F,0xBF5F,0xBF5F,0xBF5F,0xBF5F,0xBF5F,0xBF5F,0xBF5F,
    0xBF5F,0xBF5F,0xBF5F,0xBF5F,0xBF5F,0xBF5F,0xBF5F,0xBF5F,0xBF5F,0xBF5F,0xBF5F,0xBF5F,
    0xBF5F,0xBF5F,0xBF5F,0xBF5F,0xBF5F,0xBF5F,0xBF5F,0xBF5F,0xBF5F,0xBF5F,0xBF5F,0xBF5F,
    0xBF5F,0xBF5F,0xBF5F,0xBF5F,0xBF5F,0xBF5F,0xBF5F,0xBF5F,0xBF5F,0xBF5F,0xBF5F,0xFFFF,
    0xFFFF,0xFFFF,0xFFFF,0xFFFF,0xFFFF,0xFF1D,0xFF1D,0xFF1D,0xFF1D,0xFF1D,0xFF1D,0xFF1D,
    0xFF1D,0xFF1D,0xFF1D,0xFF1D,0xFF1D,0xFF1D,0xFF1D,0xFF1D,0xFF1D,0xFF1D,0xFF1D,0xFF1D,
    0xFF1D,0xFF1D,0xFF1D,0xFF1D,0xFF1D,0xFF1D,0xFF1D,0xFF1D,0xFF1D,0xFF1D,0xFF1D,0xFF1D,
    0xFF1D,0xFF1D,0xFF1D,0xFF1D,0xFF1D,0xFF1D,0xFF1D,0xFF1D,0xFF1D,0xFF1D,0xFF1D,0xFF1D,
    0xFF1D,0xFF1D,0xFF1D,0xFF1D,0xFF1D,0xFF1D,0xFF1D,0xFF1D,0xFF1D,0xFF1D,0xFF1D,0xFF1D,
    0xFF1D,0xFF1D,0xFF1D,0xFF1D,0xFF1D,0xFF1D,0xFF1D,0xFF1D,0xFF1D,0xFF1D,0xFF1D,0xFF1D,
    0xFF1D,0xFF1D,0xFF1D,0xFF1D,0xFF1D,0xFF1D,0xFF1D,0xFF1D,0xFF1D,0xFF1D,0xFF1D,0xFF1D,
    0xE611,0xE611,0xE611,0xE611,0xFFBB,0xFFBB,0xFFBB,0xFFBB,0xFFBB,0xFFBB,0xFFBB,0xFFBB,
    0xFFBB,0xFFBB,0xFFBB,0xFFBB,0xFFBB,0xFFBB,0xFFBB,0xFFBB,0xFFBB,0xFFBB,0xFFBB,0xFFBB,
    0xFFBB,0xFFBB,0xFFBB,0xFFBB,0xFFBB,0xFFBB,0xFFBB,0xFFBB,0xFFBB,0xFFBB,0xFFBB,0xFFBB,
    0xFFBB,0xFFBB,0xFFBB,0xFFBB,0xFFBB,0xFFBB,0xFFBB,0xFFBB,0xFFBB,0xFFBB,0xFFBB,0xFFBB,
    0xFFBB,0xFFBB,0xFFBB,0xFFBB,0xFFBB,0xFFBB,0xFFBB,0xFFBB,0xFFBB,0xFFBB,0xFFBB,0xFFBB,
    0xFFBB,0xFFBB,0xFFBB,0xFFBB,0xFFBB,0xFFBB,0xE611,0xE611,0xE611,0xE611,0xFF1D,0xFF1D,
    0xFF1D,0xFF1D,0xFF1D,0xFF1D,0xFF1D,0xFF1D,0xFF1D,0xFF1D,0xFF1D,0xC698,0x5DCF,0x5DCF,
    0x5DCF,0xBE97,0xFF1D,0xFF1D,0xFF1D,0xFF1D,0xFF1D,0xFF1D,0xFF1D,0xFF1D,0xFF1D,0xFF1D,
    0xFF1D,0xFF1D,0xFF1D,0xFF1D,0xFF1D,0xFF1D,0xFF1D,0xFF1D,0xFF1D,0xFF1D,0xFF1D,0xFF1D,
    0xFF1D,0xFF1D,0xFF1D,0xFF1D,0xFF1D,0xFF1D,0xFF1D,0xFF1D,0xFF1D,0xFF1D,0xFF1D,0xFF1D,
    0xFF1D,0xFF1D,0xFF1D,0xFF1D,0xFF1D,0xFF1D,0xFF1D,0xFF1D,0xFF1D,0xFF1D,0xFF1D,0xFF1D,
    0xFF1D,0xFF1D,0xFF1D,0xFF1D,0xFF1D,0xFF1D,0xFF1D,0xFFFF,0xFFFF,0xFFFF,0xEFBF,0xC73F,
    0xBF3F,0xAEFF,0xAEFF,0xAEFF,0xAEFF,0xAEFF,0xAEFF,0xAEFF,0xAEFF,0xAEFF,0xAEFF,0xAEFF,
    0xAEFF,0xAEFF,0xAEFF,0xAEFF,0xAEFF,0xAEFF,0xAEFF,0xAEFF,0xAEFF,0xAEFF,0xAEFF,0xAEFF,
    0xAEFF,0xAEFF,0xAEFF,0xAEFF,0xAEFF,0xAEFF,0xAEFF,0xAEFF,0xAEFF,0xAEFF,0xAEFF,0xAEFF,
    0xAEFF,0xAEFF,0xAEFF,0xAEFF,0xAEFF,0xAEFF,0xAEFF,0xAEFF,0xFFFF,0xFFFF,0xFFFF,0xFFFF,
    0xBF5F,0xBF5F,0xBF5F,0xBF5F,0xBF5F,0xBF5F,0xBF5F,0xBF5F,0xBF5F,0xBF5F,0xBF5F,0xBF5F,
    0xBF5F,0xBF5F,0xBF5F,0xBF5F,0xBF5F,0xBF5F,0xBF5F,0xBF5F,0xBF5F,0xBF5F,0xBF5F,0xBF5F,
    0xBF5F,0xBF5F,0xBF5F,0xBF5F,0xBF5F,0xBF5F,0xBF5F,0xBF5F,0xBF5F,0xBF5F,0xBF5F,0xBF5F,
    0xBF5F,0xBF5F,0xBF5F,0xBF5F,0xBF5F,0xBF5F,0xBF5F,0xFFFF,0xFFFF,0xFFFF,0xFFFF,0xFFFF,
    0xFFFF,0xFF1D,0xFF1D,0xFF1D,0xFF1D,0xFF1D,0xFF1D,0xFF1D,0xFF1D,0xFF1D,0xFF1D,0xFF1D,
    0xFF1D,0xFF1D,0xFF1D,0xFF1D,0xFF1D,0xFF1D,0xFF1D,0xFF1D,0xFF1D,0xFF1D,0xFF1D,0xFF1D,
    0xFF1D,0xFF1D,0xFF1D,0xFF1D,0xFF1D,0xFF1D,0xFF1D,0xFF1D,0xFF1D,0xFF1D,0xFF1D,0xFF1D,
    0xFF1D,0xFF1D,0xFF1D,0xFF1D,0xFF1D,0xFF1D,0xFF1D,0xFF1D,0xFF1D,0xFF1D,0xFF1D,0xFF1D,
    0xFF1D,0xFF1D,0xFF1D,0xFF1D,0xFF1D,0xFF1D,0xFF1D,0xFF1D,0xFF1D,0xFF1D,0xFF1D,0xFF1D,
    0xFF1D,0xFF1D,0xFF1D,0xFF1D,0xFF1D,0xFF1D,0xFF1D,0xFF1D,0xFF1D,0xFF1D,0xFF1D,0xFF1D,
    0xFF1D,0xFF1D,0xFF1D,0xFF1D,0xFF1D,0xFF1D,0xFF1D,0xFF1D,0xE611,0xE611,0xE611,0xE611,
    0xFFBB,0xFFBB,0xFFBB,0xFFBB,0xFFBB,0xFFBB,0xFFBB,0xFFBB,0xFFBB,0xFFBB,0xFFBB,0xFFBB,
    0xFFBB,0xFFBB,0xFFBB,0xFFBB,0xFFBB,0xFFBB,0xFFBB,0xFFBB,0xFFBB,0xFFBB,0xFFBB,0xFFBB,
    0xFFBB,0xFFBB,0xFFBB,0xFFBB,0xFFBB,0xFFBB,0xFFBB,0xFFBB,0xFFBB,0xFFBB,0xFFBB,0xFFBB,
    0xFFBB,0xFFBB,0xFFBB,0xFFBB,0xFFBB,0xFFBB,0xFFBB,0xFFBB,0xFFBB,0xFFBB,0xFFBB,0xFFBB,
    0xFFBB,0xFFBB,0xFFBB,0xFFBB,0xFFBB,0xFFBB,0xFFBB,0xFFBB,0xFFBB,0xFFBB,0xFFBB,0xFFBB,
    0xFFBB,0xFFBB,0xE611,0xE611,0xE611,0xE611,0xFF1D,0xFF1D,0xFF1D,0xFF1D,0xFF1D,0xFF1D,
    0xFF1D,0xFF1D,0xFF1D,0xFF1D,0xFF1D,0x8612,0x5DCF,0x5DCF,0x5DCF,0x65CF,0xE6DA,0xFF1D,
    0xFF1D,0xFF1D,0xFF1D,0xFF1D,0xFF1D,0xFF1D,0xFF1D,0xFF1D,0xFF1D,0xFF1D,0xFF1D,0xFF1D,
    0xFF1D,0xFF1D,0xFF1D,0xFF1D,0xFF1D,0xFF1D,0xFF1D,0xFF1D,0xFF1D,0xFF1D,0xFF1D,0xFF1D,
    0xFF1D,0xFF1D,0xFF1D,0xFF1D,0xFF1D,0xFF1D,0xFF1D,0xFF1D,0xFF1D,0xFF1D,0xFF1D,0xFF1D,
    0xFF1D,0xFF1D,0xFF1D,0xFF1D,0xFF1D,0xFF1D,0xFF1D,0xFF1D,0xFF1D,0xFF1D,0xFF1D,0xFF1D,
    0xFF1D,0xFF1D,0xFF1D,0xFFFF,0xFFFF,0xFFFF,0xBF3F,0xBF3F,0xBF3F,0xAEFF,0xAEFF,0xAEFF,
    0xAEFF,0xAEFF,0xAEFF,0xAEFF,0xAEFF,0xAEFF,0xAEFF,0xAEFF,0xAEFF,0xAEFF,0xAEFF,0xAEFF,
    0xAEFF,0xAEFF,0xAEFF,0xAEFF,0xAEFF,0xAEFF,0xAEFF,0xAEFF,0xAEFF,0xAEFF,0xAEFF,0xAEFF,
    0xAEFF,0xAEFF,0xAEFF,0xAEFF,0xAEFF,0xAEFF,0xAEFF,0xAEFF,0xAEFF,0xAEFF,0xAEFF,0xAEFF,
    0xAEFF,0xAEFF,0xAEFF,0xAEFF,0xFFFF,0xFFFF,0xFFFF,0xFFFF,0xBF5F,0xBF5F,0xBF5F,0xBF5F,
    0xBF5F,0xBF5F,0xBF5F,0xBF5F,0xBF5F,0xBF5F,0xBF5F,0xBF5F,0xBF5F,0xBF5F,0xBF5F,0xBF5F,
    0xBF5F,0xBF5F,0xBF5F,0xBF5F,0xBF5F,0xBF5F,0xBF5F,0xBF5F,0xBF5F,0xBF5F,0xBF5F,0xBF5F,
    0xBF5F,0xBF5F,0xBF5F,0xBF5F,0xBF5F,0xBF5F,0xBF5F,0xBF5F,0xBF5F,0xBF5F,0xBF5F,0xBF5F,
    0xBF5F,0xBF5F,0xBF5F,0xFFFF,0xFFFF,0xD77F,0xFFFF,0xFFFF,0xFFFF,0xFF1D,0xFF1D,0xFF1D,
    0xFF1D,0xFF1D,0xFF1D,0xFF1D,0xFF1D,0xFF1D,0xFF1D,0xFF1D,0xFF1D,0xFF1D,0xFF1D,0xFF1D,
    0xFF1D,0xFF1D,0xFF1D,0xFF1D,0xFF1D,0xFF1D,0xFF1D,0xFF1D,0xFF1D,0xFF1D,0xFF1D,0xFF1D,
    0xFF1D,0xFF1D,0xFF1D,0xFF1D,0xFF1D,0xFF1D,0xFF1D,0xFF1D,0xFF1D,0xFF1D,0xFF1D,0xFF1D,
    0xFF1D,0xFF1D,0xFF1D,0xFF1D,0xFF1D,0xFF1D,0xFF1D,0xFF1D,0xFF1D,0xFF1D,0xFF1D,0xFF1D,
    0xFF1D,0xFF1D,0xFF1D,0xFF1D,0xFF1D,0xFF1D,0xFF1D,0xFF1D,0xFF1D,0xFF1D,0xFF1D,0xFF1D,
    0xFF1D,0xFF1D,0xFF1D,0xFF1D,0xFF1D,0xFF1D,0xFF1D,0xFF1D,0xFF1D,0xFF1D,0xFF1D,0xFF1D,
    0xFF1D,0xFF1D,0xFF1D,0xFF1D,0xE611,0xE611,0xE611,0xE611,0xFFBB,0xFFBB,0xFFBB,0xFFBB,
    0xFFBB,0xFFBB,0xFFBB,0xFFBB,0xFFBB,0xFFBB,0xFFBB,0xFFBB,0xFFBB,0xFFBB,0xFFBB,0xFFBB,
    0xFFBB,0xFFBB,0xFFBB,0xFFBB,0xFFBB,0xFFBB,0xFFBB,0xFFBB,0xFFBB,0xFFBB,0xFFBB,0xFFBB,
    0xFFBB,0xFFBB,0xFFBB,0xFFBB,0xFFBB,0xFFBB,0xFFBB,0xFFBB,0xFFBB,0xFFBB,0xFFBB,0xFFBB,
    0xFFBB,0xFFBB,0xFFBB,0xFFBB,0xFFBB,0xFFBB,0xFFBB,0xFFBB,0xFFBB,0xFFBB,0xFFBB,0xFFBB,
    0xFFBB,0xFFBB,0xFFBB,0xFFBB,0xFFBB,0xFFBB,0xFFBB,0xFFBB,0xFFBB,0xFFBB,0xE611,0xE611,
    0xE611,0xE611,0xFF1D,0xFF1D,0xFF1D,0xFF1D,0xFF1D,0xFF1D,0xFF1D,0xFF1D,0xFF1D,0xFF1D,
    0xEEFB,0x65CF,0x5DCF,0x5DCF,0x5DCF,0x5DCF,0x8612,0xFF1D,0xFF1D,0xFF1D,0xFF1D,0xFF1D,
    0xFF1D,0xFF1D,0xFF1D,0xFF1D,0xFF1D,0xFF1D,0xFF1D,0xFF1D,0xFF1D,0xFF1D,0xFF1D,0xFF1D,
    0xFF1D,0xFF1D,0xFF1D,0xFF1D,0xFF1D,0xFF1D,0xFF1D,0xFF1D,0xFF1D,0xFF1D,0xFF1D,0xFF1D,
    0xFF1D,0xFF1D,0xFF1D,0xFF1D,0xFF1D,0xFF1D,0xFF1D,0xFF1D,0xFF1D,0xFF1D,0xFF1D,0xFF1D,
    0xFF1D,0xFF1D,0xFF1D,0xFF1D,0xFF1D,0xFF1D,0xFF1D,0xFF1D,0xFF1D,0xFF1D,0xFF1D,0xFFFF,
    0xFFFF,0xFFFF,0xBF3F,0xBF3F,0xBF3F,0xAEFF,0xAEFF,0xAEFF,0xAEFF,0xAEFF,0xAEFF,0xAEFF,
    0xAEFF,0xAEFF,0xAEFF,0xAEFF,0xAEFF,0xAEFF,0xAEFF,0xAEFF,0xAEFF,0xAEFF,0xAEFF,0xAEFF,
    0xAEFF,0xAEFF,0xAEFF,0xAEFF,0xAEFF,0xAEFF,0xAEFF,0xAEFF,0xAEFF,0xAEFF,0xAEFF,0xAEFF,
    0xAEFF,0xAEFF,0xAEFF,0xAEFF,0xAEFF,0xAEFF,0xAEFF,0xAEFF,0xAEFF,0xAEFF,0xAEFF,0xAEFF,
    0xFFFF,0xFFFF,0xFFFF,0xFFFF,0xB71F,0xBF3F,0xBF5F,0xBF5F,0xBF5F,0xBF5F,0xBF5F,0xBF5F,
    0xBF5F,0xBF5F,0xBF5F,0xBF5F,0xBF5F,0xBF5F,0xBF5F,0xBF5F,0xBF5F,0xBF5F,0xBF5F,0xBF5F,
    0xBF5F,0xBF5F,0xBF5F,0xBF5F,0xBF5F,0xBF5F,0xBF5F,0xBF5F,0xBF5F,0xBF5F,0xBF5F,0xBF5F,
    0xBF5F,0xBF5F,0xBF5F,0xBF5F,0xBF5F,0xBF5F,0xBF5F,0xBF5F,0xBF5F,0xBF5F,0xBF3F,0xE79F,
    0xBF3F,0xBF3F,0xFFFF,0xFFFF,0xFFFF,0xFF1D,0xFF1D,0xFF1D,0xFF1D,0xFF1D,0xFF1D,0xFF1D,
    0xFF1D,0xFF1D,0xFF1D,0xFF1D,0xFF1D,0xFF1D,0xFF1D,0xFF1D,0xFF1D,0xFF1D,0xFF1D,0xFF1D,
    0xFF1D,0xFF1D,0xFF1D,0xFF1D,0xFF1D,0xFF1D,0xFF1D,0xFF1D,0xFF1D,0xFF1D,0xFF1D,0xFF1D,
    0xFF1D,0xFF1D,0xFF1D,0xFF1D,0xFF1D,0xFF1D,0xFF1D,0xFF1D,0xFF1D,0xFF1D,0xFF1D,0xFF1D,
    0xFF1D,0xFF1D,0xFF1D,0xFF1D,0xFF1D,0xFF1D,0xFF1D,0xFF1D,0xFF1D,0xFF1D,0xFF1D,0xFF1D,
    0xFF1D,0xFF1D,0xFF1D,0xFF1D,0xFF1D,0xFF1D,0xFF1D,0xFF1D,0xFF1D,0xFF1D,0xFF1D,0xFF1D,
    0xFF1D,0xFF1D,0xFF1D,0xFF1D,0xFF1D,0xFF1D,0xFF1D,0xFF1D,0xFF1D,0xFF1D,0xFF1D,0xFF1D,
    0xE611,0xE611,0xE611,0xE611,0xFFBB,0xFFBB,0xFFBB,0xFFBB,0xFFBB,0xFFBB,0xFFBB,0xFFBB,
    0xFFBB,0xFFBB,0xFFBB,0xFFBB,0xFFBB,0xFFBB,0xFFBB,0xFFBB,0xFFBB,0xFFBB,0xFFBB,0xFFBB,
    0xFFBB,0xFFBB,0xFFBB,0xFFBB,0xFFBB,0xFFBB,0xFFBB,0xFFBB,0xFFBB,0xFFBB,0xFFBB,0xFFBB,
    0xFFBB,0xFFBB,0xFFBB,0xFFBB,0xFFBB,0xFFBB,0xFFBB,0xFFBB,0xFFBB,0xFFBB,0xFFBB,0xFFBB,
    0xFFBB,0xFFBB,0xFFBB,0xFFBB,0xFFBB,0xFFBB,0xFFBB,0xFFBB,0xFFBB,0xFFBB,0xFFBB,0xFFBB,
    0xFFBB,0xFFBB,0xFFBB,0xFFBB,0xFFBB,0xFFBB,0xE611,0xE611,0xE611,0xE611,0xFF1D,0xFF1D,
    0xFF1D,0xFF1D,0xFF1D,0xFF1D,0xFF1D,0xFF1D,0xFF1D,0xFF1D,0xC698,0x5DCF,0x5DCF,0x5DCF,
    0x5DCF,0x5DCF,0x5DCF,0xCEB9,0xFF1D,0xFF1D,0xFF1D,0xFF1D,0xFF1D,0xFF1D,0xFF1D,0xFF1D,
    0xFF1D,0xFF1D,0xFF1D,0xFF1D,0xFF1D,0xFF1D,0xFF1D,0xFF1D,0xFF1D,0xFF1D,0xFF1D,0xFF1D,
    0xFF1D,0xFF1D,0xFF1D,0xFF1D,0xFF1D,0xFF1D,0xFF1D,0xFF1D,0xFF1D,0xFF1D,0xFF1D,0xFF1D,
    0xFF1D,0xFF1D,0xFF1D,0xFF1D,0xFF1D,0xFF1D,0xFF1D,0xFF1D,0xFF1D,0xFF1D,0xFF1D,0xFF1D,
    0xFF1D,0xFF1D,0xFF1D,0xFF1D,0xFF1D,0xFF1D,0xFF1D,0xFFFF,0xFFFF,0xFFFF,0xBF3F,0xBF3F,
    0xBF3F,0xAEFF,0xAEFF,0xAEFF,0xAEFF,0xAEFF,0xAEFF,0xAEFF,0xAEFF,0xAEFF,0xAEFF,0xAEFF,
    0xAEFF,0xAEFF,0xAEFF,0xAEFF,0xAEFF,0xAEFF,0xAEFF,0xAEFF,0xAEFF,0xAEFF,0xAEFF,0xAEFF,
    0xAEFF,0xAEFF,0xAEFF,0xAEFF,0xAEFF,0xAEFF,0xAEFF,0xAEFF,0xAEFF,0xAEFF,0xAEFF,0xAEFF,
    0xAEFF,0xAEFF,0xAEFF,0xAEFF,0xAEFF,0xAEFF,0xAEFF,0xAEFF,0xFFFF,0xFFFF,0xFFFF,0xFFFF,
    0xAEFF,0xAEFF,0xB73F,0xBF5F,0xBF5F,0xBF5F,0xBF5F,0xBF5F,0xBF5F,0xBF5F,0xBF5F,0xBF5F,
    0xBF5F,0xBF5F,0xBF5F,0xBF5F,0xBF5F,0xBF5F,0xBF5F,0xBF5F,0xBF5F,0xBF5F,0xBF5F,0xBF5F,
    0xBF5F,0xBF5F,0xBF5F,0xBF5F,0xBF5F,0xBF5F,0xBF5F,0xBF5F,0xBF5F,0xBF5F,0xBF5F,0xBF5F,
    0xBF5F,0xBF5F,0xBF5F,0xBF5F,0xBF5F,0xBF3F,0xAEFF,0xBF3F,0xBF3F,0xBF3F,0xFFFF,0xFFFF,
    0xFFFF,0xFF1D,0xFF1D,0xFF1D,0xFF1D,0xFF1D,0xFF1D,0xFF1D,0xFF1D,0xFF1D,0xFF1D,0xFF1D,
    0xFF1D,0xFF1D,0xFF1D,0xFF1D,0xFF1D,0xFF1D,0xFF1D,0xFF1D,0xFF1D,0xFF1D,0xFF1D,0xFF1D,
    0xFF1D,0xFF1D,0xFF1D,0xFF1D,0xFF1D,0xFF1D,0xFF1D,0xFF1D,0xFF1D,0xFF1D,0xFF1D,0xFF1D,
    0xFF1D,0xFF1D,0xFF1D,0xFF1D,0xFF1D,0xFF1D,0xFF1D,0xFF1D,0xFF1D,0xFF1D,0xFF1D,0xFF1D,
    0xFF1D,0xFF1D,0xFF1D,0xFF1D,0xFF1D,0xFF1D,0xFF1D,0xFF1D,0xFF1D,0xFF1D,0xFF1D,0xFF1D,
    0xFF1D,0xFF1D,0xFF1D,0xFF1D,0xFF1D,0xFF1D,0xFF1D,0xFF1D,0xFF1D,0xFF1D,0xFF1D,0xFF1D,
    0xFF1D,0xFF1D,0xFF1D,0xFF1D,0xFF1D,0xFF1D,0xFF1D,0xFF1D,0xE633,0xE611,0xE611,0xE611,
    0xF6F7,0xFFBB,0xFFBB,0xFFBB,0xFFBB,0xFFBB,0xFFBB,0xFFBB,0xFFBB,0xFFBB,0xFFBB,0xFFBB,
    0xFFBB,0xFFBB,0xFFBB,0xFFBB,0xFFBB,0xFFBB,0xFFBB,0xFFBB,0xFFBB,0xFFBB,0xFFBB,0xFFBB,
    0xFFBB,0xFFBB,0xFFBB,0xFFBB,0xFFBB,0xFFBB,0xFFBB,0xFFBB,0xFFBB,0xFFBB,0xFFBB,0xFFBB,
    0xFFBB,0xFFBB,0xFFBB,0xFFBB,0xFFBB,0xFFBB,0xFFBB,0xFFBB,0xFFBB,0xFFBB,0xFFBB,0xFFBB,
    0xFFBB,0xFFBB,0xFFBB,0xFFBB,0xFFBB,0xFFBB,0xFFBB,0xFFBB,0xFFBB,0xFFBB,0xFFBB,0xFFBB,
    0xFFBB,0xF6F7,0xE611,0xE611,0xE611,0xE633,0xFF1D,0xFF1D,0xFF1D,0xFF1D,0xFF1D,0xFF1D,
    0xFF1D,0xFF1D,0xFF1D,0xFF1D,0xA655,0x5DCF,0x5DCF,0x5DCF,0x5DCF,0x5DCF,0x5DCF,0x8612,
    0xFF1D,0xFF1D,0xFF1D,0xFF1D,0xFF1D,0xFF1D,0xFF1D,0xFF1D,0xFF1D,0xFF1D,0xFF1D,0xFF1D,
    0xFF1D,0xFF1D,0xFF1D,0xFF1D,0xFF1D,0xFF1D,0xFF1D,0xFF1D,0xFF1D,0xFF1D,0xFF1D,0xFF1D,
    0xFF1D,0xFF1D,0xFF1D,0xFF1D,0xFF1D,0xFF1D,0xFF1D,0xFF1D,0xFF1D,0xFF1D,0xFF1D,0xFF1D,
    0xFF1D,0xFF1D,0xFF1D,0xFF1D,0xFF1D,0xFF1D,0xFF1D,0xFF1D,0xFF1D,0xFF1D,0xFF1D,0xFF1D,
    0xFF1D,0xFF1D,0xFF1D,0xFFFF,0xFFFF,0xFFFF,0xBF3F,0xBF3F,0xBF3F,0xAEFF,0xAEFF,0xAEFF,
    0xAEFF,0xAEFF,0xAEFF,0xAEFF,0xAEFF,0xAEFF,0xAEFF,0xAEFF,0xAEFF,0xAEFF,0xAEFF,0xAEFF,
    0xAEFF,0xAEFF,0xAEFF,0xAEFF,0xAEFF,0xAEFF,0xAEFF,0xAEFF,0xAEFF,0xAEFF,0xAEFF,0xAEFF,
    0xAEFF,0xAEFF,0xAEFF,0xAEFF,0xAEFF,0xAEFF,0xAEFF,0xAEFF,0xAEFF,0xAEFF,0xAEFF,0xAEFF,
    0xAEFF,0xAEFF,0xAEFF,0xAEFF,0xFFFF,0xFFFF,0xFFFF,0xFFFF,0xAEFF,0xAEFF,0xAEFF,0xAEFF,
    0xBF3F,0xBF5F,0xBF5F,0xBF5F,0xBF5F,0xBF5F,0xBF5F,0xBF5F,0xBF5F,0xBF5F,0xBF5F,0xBF5F,
    0xBF5F,0xBF5F,0xBF5F,0xBF5F,0xBF5F,0xBF5F,0xBF5F,0xBF5F,0xBF5F,0xBF5F,0xBF5F,0xBF5F,
    0xBF5F,0xBF5F,0xBF5F,0xBF5F,0xBF5F,0xBF5F,0xBF5F,0xBF5F,0xBF5F,0xBF5F,0xBF5F,0xBF3F,
    0xAEFF,0xAEFF,0xAEFF,0xBF3F,0xBF3F,0xBF3F,0xFFFF,0xFFFF,0xFFFF,0xFF1D,0xFF1D,0xFF1D,
    0xFF1D,0xFF1D,0xFF1D,0xFF1D,0xFF1D,0xFF1D,0xFF1D,0xFF1D,0xFF1D,0xFF1D,0xFF1D,0xFF1D,
    0xFF1D,0xFF1D,0xFF1D,0xFF1D,0xFF1D,0xFF1D,0xFF1D,0xFF1D,0xFF1D,0xFF1D,0xFF1D,0xFF1D,
    0xFF1D,0xFF1D,0xFF1D,0xFF1D,0xFF1D,0xFF1D,0xFF1D,0xFF1D,0xFF1D,0xFF1D,0xFF1D,0xFF1D,
    0xFF1D,0xFF1D,0xFF1D,0xFF1D,0xFF1D,0xFF1D,0xFF1D,0xFF1D,0xFF1D,0xFF1D,0xFF1D,0xFF1D,
    0xFF1D,0xFF1D,0xFF1D,0xFF1D,0xFF1D,0xFF1D,0xFF1D,0xFF1D,0xFF1D,0xFF1D,0xFF1D,0xFF1D,
    0xFF1D,0xFF1D,0xFF1D,0xFF1D,0xFF1D,0xFF1D,0xFF1D,0xFF1D,0xFF1D,0xFF1D,0xFF1D,0xFF1D,
    0xFF1D,0xFF1D,0xFF1D,0xFF1D,0xEE97,0xE611,0xE611,0xE611,0xE611,0xF6F7,0xFFBB,0xFFBB,
    0xFFBB,0xFFBB,0xFFBB,0xFFBB,0xFFBB,0xFFBB,0xFFBB,0xFFBB,0xFFBB,0xFFBB,0xFFBB,0xFFBB,
    0xFFBB,0xFFBB,0xFFBB,0xFFBB,0xFFBB,0xFFBB,0xFFBB,0xFFBB,0xFFBB,0xFFBB,0xFFBB,0xFFBB,
    0xFFBB,0xFFBB,0xFFBB,0xFFBB,0xFFBB,0xFFBB,0xFFBB,0xFFBB,0xFFBB,0xFFBB,0xFFBB,0xFFBB,
    0xFFBB,0xFFBB,0xFFBB,0xFFBB,0xFFBB,0xFFBB,0xFFBB,0xFFBB,0xFFBB,0xFFBB,0xFFBB,0xFFBB,
    0xFFBB,0xFFBB,0xFFBB,0xFFBB,0xFFBB,0xFFBB,0xFFBB,0xFFBB,0xF6F7,0xE611,0xE611,0xE611,
    0xE611,0xEE97,0xFF1D,0xFF1D,0xFF1D,0xFF1D,0xFF1D,0xFF1D,0xFF1D,0xFF1D,0xFF1D,0xFF1D,
    0x8E33,0x5DCF,0x5DCF,0x5DCF,0x5DCF,0x5DCF,0x5DCF,0x5DCF,0xE6FB,0xFF1D,0xFF1D,0xFF1D,
    0xFF1D,0xFF1D,0xFF1D,0xFF1D,0xFF1D,0xFF1D,0xFF1D,0xFF1D,0xFF1D,0xFF1D,0xFF1D,0xFF1D,
    0xFF1D,0xFF1D,0xFF1D,0xFF1D,0xFF1D,0xFF1D,0xFF1D,0xFF1D,0xFF1D,0xFF1D,0xFF1D,0xFF1D,
    0xFF1D,0xFF1D,0xFF1D,0xFF1D,0xFF1D,0xFF1D,0xFF1D,0xFF1D,0xFF1D,0xFF1D,0xFF1D,0xFF1D,
    0xFF1D,0xFF1D,0xFF1D,0xFF1D,0xFF1D,0xFF1D,0xFF1D,0xFF1D,0xFF1D,0xFF1D,0xFF1D,0xFFFF,
    0xFFFF,0xFFFF,0xBF3F,0xBF3F,0xBF3F,0xAEFF,0xAEFF,0xAEFF,0xAEFF,0xAEFF,0xAEFF,0xAEFF,
    0xAEFF,0xAEFF,0xAEFF,0xAEFF,0xAEFF,0xAEFF,0xAEFF,0xAEFF,0xAEFF,0xAEFF,0xAEFF,0xAEFF,
    0xAEFF,0xAEFF,0xAEFF,0xAEFF,0xAEFF,0xAEFF,0xAEFF,0xAEFF,0xAEFF,0xAEFF,0xAEFF,0xAEFF,
    0xAEFF,0xAEFF,0xAEFF,0xAEFF,0xAEFF,0xAEFF,0xAEFF,0xAEFF,0xAEFF,0xAEFF,0xAEFF,0xAEFF,
    0xFFFF,0xFFFF,0xFFFF,0xFFFF,0xAEFF,0xAEFF,0xAEFF,0xAEFF,0xAEFF,0xAEFF,0xB73F,0xBF5F,
    0xBF5F,0xBF5F,0xBF5F,0xBF5F,0xBF5F,0xBF5F,0xBF5F,0xBF5F,0xBF5F,0xBF5F,0xBF5F,0xBF5F,
    0xBF5F,0xBF5F,0xBF5F,0xBF5F,0xBF5F,0xBF5F,0xBF5F,0xBF5F,0xBF5F,0xBF5F,0xBF5F,0xBF5F,
    0xBF5F,0xBF5F,0xBF5F,0xBF5F,0xBF5F,0xB73F,0xAEFF,0xAEFF,0xAEFF,0xAEFF,0xAEFF,0xBF3F,
    0xBF3F,0xBF3F,0xFFFF,0xFFFF,0xFFFF,0xFF1D,0xFF1D,0xFF1D,0xFF1D,0xFF1D,0xFF1D,0xFF1D,
    0xFF1D,0xFF1D,0xFF1D,0xFF1D,0xFF1D,0xFF1D,0xFF1D,0xFF1D,0xFF1D,0xFF1D,0xFF1D,0xFF1D,
    0xFF1D,0xFF1D,0xFF1D,0xFF1D,0xFF1D,0xFF1D,0xFF1D,0xFF1D,0xFF1D,0xFF1D,0xFF1D,0xFF1D,
    0xFF1D,0xFF1D,0xFF1D,0xFF1D,0xFF1D,0xFF1D,0xFF1D,0xFF1D,0xFF1D,0xFF1D,0xFF1D,0xFF1D,
    0xFF1D,0xFF1D,0xFF1D,0xFF1D,0xFF1D,0xFF1D,0xFF1D,0xFF1D,0xFF1D,0xFF1D,0xFF1D,0xFF1D,
    0xFF1D,0xFF1D,0xFF1D,0xFF1D,0xFF1D,0xFF1D,0xFF1D,0xFF1D,0xFF1D,0xFF1D,0xFF1D,0xFF1D,
    0xFF1D,0xFF1D,0xFF1D,0xFF1D,0xFF1D,0xFF1D,0xFF1D,0xFF1D,0xFF1D,0xFF1D,0xFF1D,0xFF1D,
    0xFF1C,0xE611,0xE611,0xE611,0xE611,0xE611,0xE611,0xE611,0xE611,0xE611,0xE611,0xE611,
    0xE611,0xE611,0xE611,0xE611,0xE611,0xE611,0xE611,0xE611,0xE611,0xE611,0xE611,0xE611,
    0xE611,0xE611,0xE611,0xE611,0xE611,0xE611,0xE611,0xE611,0xE611,0xE611,0xE611,0xE611,
    0xE611,0xE611,0xE611,0xE611,0xE611,0xE611,0xE611,0xE611,0xE611,0xE611,0xE611,0xE611,
    0xE611,0xE611,0xE611,0xE611,0xE611,0xE611,0xE611,0xE611,0xE611,0xE611,0xE611,0xE611,
    0xE611,0xE611,0xE611,0xE611,0xE611,0xE611,0xE611,0xE611,0xE611,0xFF1C,0xFF1D,0xFF1D,
    0xFF1D,0xFF1D,0xFF1D,0xFF1D,0xFF1D,0xFF1D,0xFF1D,0xFF1D,0x75F1,0x5DCF,0x5DCF,0x5DCF,
    0x5DCF,0x5DCF,0x5DCF,0x5DCF,0xAE76,0xFF1D,0xFF1D,0xFF1D,0xFF1D,0xFF1D,0xFF1D,0xFF1D,
    0xFF1D,0xFF1D,0xFF1D,0xFF1D,0xFF1D,0xFF1D,0xFF1D,0xFF1D,0xFF1D,0xFF1D,0xFF1D,0xFF1D,
    0xFF1D,0xFF1D,0xFF1D,0xFF1D,0xFF1D,0xFF1D,0xFF1D,0xFF1D,0xFF1D,0xFF1D,0xFF1D,0xFF1D,
    0xFF1D,0xFF1D,0xFF1D,0xFF1D,0xFF1D,0xFF1D,0xFF1D,0xFF1D,0xFF1D,0xFF1D,0xFF1D,0xFF1D,
    0xFF1D,0xFF1D,0xFF1D,0xFF1D,0xFF1D,0xFF1D,0xFF1D,0xFFFF,0xFFFF,0xFFFF,0xBF3F,0xBF3F,
    0xBF3F,0xAEFF,0xAEFF,0xAEFF,0xAEFF,0xAEFF,0xAEFF,0xAEFF,0xAEFF,0xAEFF,0xAEFF,0xAEFF,
    0xAEFF,0xAEFF,0xAEFF,0xAEFF,0xAEFF,0xAEFF,0xAEFF,0xAEFF,0xAEFF,0xAEFF,0xAEFF,0xAEFF,
    0xAEFF,0xAEFF,0xAEFF,0xAEFF,0xAEFF,0xAEFF,0xAEFF,0xAEFF,0xAEFF,0xAEFF,0xAEFF,0xAEFF,
    0xAEFF,0xAEFF,0xAEFF,0xAEFF,0xAEFF,0xAEFF,0xAEFF,0xAEFF,0xFFFF,0xFFFF,0xFFFF,0xFFFF,
    0xAEFF,0xAEFF,0xAEFF,0xAEFF,0xAEFF,0xAEFF,0xAEFF,0xAEFF,0xB71F,0xBF3F,0xBF5F,0xBF5F,
    0xBF5F,0xBF5F,0xBF5F,0xBF5F,0xBF5F,0xBF5F,0xBF5F,0xBF5F,0xBF5F,0xBF5F,0xBF5F,0xBF5F,
    0xBF5F,0xBF5F,0xBF5F,0xBF5F,0xBF5F,0xBF5F,0xBF5F,0xBF5F,0xBF5F,0xBF5F,0xBF3F,0xB71F,
    0xAEFF,0xAEFF,0xAEFF,0xAEFF,0xAEFF,0xAEFF,0xAEFF,0xBF3F,0xBF3F,0xBF3F,0xFFFF,0xFFFF,
    0xFFFF,0xFF1D,0xFF1D,0xFF1D,0xFF1D,0xFF1D,0xFF1D,0xFF1D,0xFF1D,0xFF1D,0xFF1D,0xFF1D,
    0xFF1D,0xFF1D,0xFF1D,0xFF1D,0xFF1D,0xFF1D,0xFF1D,0xFF1D,0xFF1D,0xFF1D,0xFF1D,0xFF1D,
    0xFF1D,0xFF1D,0xFF1D,0xFF1D,0xFF1D,0xFF1D,0xFF1D,0xFF1D,0xFF1D,0xFF1D,0xFF1D,0xFF1D,
    0xFF1D,0xFF1D,0xFF1D,0xFF1D,0xFF1D,0xFF1D,0xFF1D,0xFF1D,0xFF1D,0xFF1D,0xFF1D,0xFF1D,
    0xFF1D,0xFF1D,0xFF1D,0xFF1D,0xFF1D,0xFF1D,0xFF1D,0xFF1D,0xFF1D,0xFF1D,0xFF1D,0xFF1D,
    0xFF1D,0xFF1D,0xFF1D,0xFF1D,0xFF1D,0xFF1D,0xFF1D,0xFF1D,0xFF1D,0xFF1D,0xFF1D,0xFF1D,
    0xFF1D,0xFF1D,0xFF1D,0xFF1D,0xFF1D,0xFF1D,0xFF1D,0xFF1D,0xFF1D,0xF6B9,0xE611,0xE611,
    0xE611,0xE611,0xE611,0xE611,0xE611,0xE611,0xE611,0xE611,0xE611,0xE611,0xE611,0xE611,
    0xE611,0xE611,0xE611,0xE611,0xE611,0xE611,0xE611,0xE611,0xE611,0xE611,0xE611,0xE611,
    0xE611,0xE611,0xE611,0xE611,0xE611,0xE611,0xE611,0xE611,0xE611,0xE611,0xE611,0xE611,
    0xE611,0xE611,0xE611,0xE611,0xE611,0xE611,0xE611,0xE611,0xE611,0xE611,0xE611,0xE611,
    0xE611,0xE611,0xE611,0xE611,0xE611,0xE611,0xE611,0xE611,0xE611,0xE611,0xE611,0xE611,
    0xE611,0xE611,0xE611,0xE611,0xF6D9,0xFF1D,0xFF1D,0xFF1D,0xFF1D,0xFF1D,0xFF1D,0xFF1D,
    0xFF1D,0xFF1D,0xFF1D,0xFF1D,0x75F0,0x5DCF,0x5DCF,0x5DCF,0x5DCF,0x5DCF,0x5DCF,0x5DCF,
    0x8612,0xFF1D,0xFF1D,0xFF1D,0xFF1D,0xFF1D,0xFF1D,0xFF1D,0xFF1D,0xFF1D,0xFF1D,0xFF1D,
    0xFF1D,0xFF1D,0xFF1D,0xFF1D,0xFF1D,0xFF1D,0xFF1D,0xFF1D,0xFF1D,0xFF1D,0xFF1D,0xFF1D,
    0xFF1D,0xFF1D,0xFF1D,0xFF1D,0xFF1D,0xFF1D,0xFF1D,0xFF1D,0xFF1D,0xFF1D,0xFF1D,0xFF1D,
    0xFF1D,0xFF1D,0xFF1D,0xFF1D,0xFF1D,0xFF1D,0xFF1D,0xFF1D,0xFF1D,0xFF1D,0xFF1D,0xFF1D,
    0xFF1D,0xFF1D,0xFF1D,0xFFFF,0xFFFF,0xFFFF,0xBF3F,0xBF3F,0xBF3F,0xAEFF,0xAEFF,0xAEFF,
    0xAEFF,0xAEFF,0xAEFF,0xAEFF,0xAEFF,0xAEFF,0xAEFF,0xAEFF,0xAEFF,0xAEFF,0xAEFF,0xAEFF,
    0xAEFF,0xAEFF,0xAEFF,0xAEFF,0xAEFF,0xAEFF,0xAEFF,0xAEFF,0xAEFF,0xAEFF,0xAEFF,0xAEFF,
    0xAEFF,0xAEFF,0xAEFF,0xAEFF,0xAEFF,0xAEFF,0xAEFF,0xAEFF,0xAEFF,0xAEFF,0xAEFF,0xAEFF,
    0xAEFF,0xAEFF,0xAEFF,0xAEFF,0xFFFF,0xFFFF,0xFFFF,0xFFFF,0xAEFF,0xAEFF,0xAEFF,0xAEFF,
    0xAEFF,0xAEFF,0xAEFF,0xAEFF,0xAEFF,0xAEFF,0xAEFF,0xB71F,0xBF3F,0xBF5F,0xBF5F,0xBF5F,
    0xBF5F,0xBF5F,0xBF5F,0xBF5F,0xBF5F,0xBF5F,0xBF5F,0xBF5F,0xBF5F,0xBF5F,0xBF5F,0xBF5F,
    0xBF5F,0xBF5F,0xBF5F,0xBF3F,0xB71F,0xAEFF,0xAEFF,0xAEFF,0xAEFF,0xAEFF,0xAEFF,0xAEFF,
    0xAEFF,0xAEFF,0xAEFF,0xBF3F,0xBF3F,0xBF3F,0xFFFF,0xFFFF,0xFFFF,0xFF1D,0xFF1D,0xFF1D,
    0xFF1D,0xFF1D,0xFF1D,0xFF1D,0xFF1D,0xFF1D,0xFF1D,0xFF1D,0xFF1D,0xFF1D,0xFF1D,0xFF1D,
    0xFF1D,0xFF1D,0xFF1D,0xFF1D,0xFF1D,0xFF1D,0xFF1D,0xFF1D,0xFF1D,0xFF1D,0xFF1D,0xFF1D,
    0xFF1D,0xFF1D,0xFF1D,0xFF1D,0xFF1D,0xFF1D,0xFF1D,0xFF1D,0xFF1D,0xFF1D,0xFF1D,0xFF1D,
    0xFF1D,0xFF1D,0xFF1D,0xFF1D,0xFF1D,0xFF1D,0xFF1D,0xFF1D,0xFF1D,0xFF1D,0xFF1D,0xFF1D,
    0xFF1D,0xFF1D,0xFF1D,0xFF1D,0xFF1D,0xFF1D,0xFF1D,0xFF1D,0xFF1D,0xFF1D,0xFF1D,0xFF1D,
    0xFF1D,0xFF1D,0xFF1D,0xFF1D,0xFF1D,0xFF1D,0xFF1D,0xFF1D,0xFF1D,0xFF1D,0xFF1D,0xFF1D,
    0xFF1D,0xFF1D,0xFF1D,0xFF1D,0xFF1D,0xFF1D,0xF6B9,0xE611,0xE611,0xE611,0xE611,0xE611,
    0xE611,0xE611,0xE611,0xE611,0xE611,0xE611,0xE611,0xE611,0xE611,0xE611,0xE611,0xE611,
    0xE611,0xE611,0xE611,0xE611,0xE611,0xE611,0xE611,0xE611,0xE611,0xE611,0xE611,0xE611,
    0xE611,0xE611,0xE611,0xE611,0xE611,0xE611,0xE611,0xE611,0xE611,0xE611,0xE611,0xE611,
    0xE611,0xE611,0xE611,0xE611,0xE611,0xE611,0xE611,0xE611,0xE611,0xE611,0xE611,0xE611,
    0xE611,0xE611,0xE611,0xE611,0xE611,0xE611,0xE611,0xE611,0xE611,0xE611,0xE611,0xF6D9,
    0xFF1D,0xFF1D,0xFF1D,0xFF1D,0xFF1D,0xFF1D,0xFF1D,0xFF1D,0xFF1D,0xFF1D,0xFF1D,0xFF1D,
    0x6DF0,0x5DCF,0x5DCF,0x5DCF,0x5DCF,0x5DCF,0x5DCF,0x5DCF,0x65CF,0xFF1D,0xFF1D,0xFF1D,
    0xFF1D,0xFF1D,0xFF1D,0xFF1D,0xFF1D,0xFF1D,0xFF1D,0xFF1D,0xFF1D,0xFF1D,0xFF1D,0xFF1D,
    0xFF1D,0xFF1D,0xFF1D,0xFF1D,0xFF1D,0xFF1D,0xFF1D,0xFF1D,0xFF1D,0xFF1D,0xFF1D,0xFF1D,
    0xFF1D,0xFF1D,0xFF1D,0xFF1D,0xFF1D,0xFF1D,0xFF1D,0xFF1D,0xFF1D,0xFF1D,0xFF1D,0xFF1D,
    0xFF1D,0xFF1D,0xFF1D,0xFF1D,0xFF1D,0xFF1D,0xFF1D,0xFF1D,0xFF1D,0xFF1D,0xFF1D,0xFFFF,
    0xFFFF,0xFFFF,0xBF3F,0xBF3F,0xBF3F,0xAEFF,0xAEFF,0xAEFF,0xAEFF,0xAEFF,0xAEFF,0xAEFF,
    0xAEFF,0xAEFF,0xAEFF,0xAEFF,0xAEFF,0xAEFF,0xAEFF,0xAEFF,0xAEFF,0xAEFF,0xAEFF,0xAEFF,
    0xAEFF,0xAEFF,0xAEFF,0xAEFF,0xAEFF,0xAEFF,0xAEFF,0xAEFF,0xAEFF,0xAEFF,0xAEFF,0xAEFF,
    0xAEFF,0xAEFF,0xAEFF,0xAEFF,0xAEFF,0xAEFF,0xAEFF,0xAEFF,0xAEFF,0xAEFF,0xAEFF,0xAEFF,
    0xFFFF,0xFFFF,0xFFFF,0xFFFF,0xAEFF,0xAEFF,0xAEFF,0xAEFF,0xAEFF,0xAEFF,0xAEFF,0xAEFF,
    0xAEFF,0xAEFF,0xAEFF,0xAEFF,0xAEFF,0xAEFF,0xAEFF,0xB71F,0xB71F,0xBF3F,0xBF3F,0xBF3F,
    0xBF3F,0xBF3F,0xBF3F,0xBF3F,0xBF3F,0xBF3F,0xBF3F,0xB71F,0xB71F,0xAEFF,0xAEFF,0xAEFF,
    0xAEFF,0xAEFF,0xAEFF,0xAEFF,0xAEFF,0xAEFF,0xAEFF,0xAEFF,0xAEFF,0xAEFF,0xAEFF,0xBF3F,
    0xBF3F,0xBF3F,0xFFFF,0xFFFF,0xFFFF,0xFF1D,0xFF1D,0xFF1D,0xFF1D,0xFF1D,0xFF1D,0xFF1D,
    0xFF1D,0xFF1D,0xFF1D,0xFF1D,0xFF1D,0xFF1D,0xFF1D,0xFF1D,0xFF1D,0xFF1D,0xFF1D,0xFF1D,
    0xFF1D,0xFF1D,0xFF1D,0xFF1D,0xFF1D,0xFF1D,0xFF1D,0xFF1D,0xFF1D,0xFF1D,0xFF1D,0xFF1D,
    0xFF1D,0xFF1D,0xFF1D,0xFF1D,0xFF1D,0xFF1D,0xFF1D,0xFF1D,0xFF1D,0xFF1D,0xFF1D,0xFF1D,
    0xFF1D,0xFF1D,0xFF1D,0xFF1D,0xFF1D,0xFF1D,0xFF1D,0xFF1D,0xFF1D,0xFF1D,0xFF1D,0xFF1D,
    0xFF1D,0xFF1D,0xFF1D,0xFF1D,0xFF1D,0xFF1D,0xFF1D,0xFF1D,0xFF1D,0xFF1D,0xFF1D,0xFF1D,
    0xFF1D,0xFF1D,0xFF1D,0xFF1D,0xFF1D,0xFF1D,0xFF1D,0xFF1D,0xFF1D,0xFF1D,0xFF1D,0xFF1D,
    0xFF1D,0xFF1D,0xFF1D,0xFF1C,0xEE97,0xE633,0xE611,0xE611,0xE611,0xE611,0xE611,0xE611,
    0xE611,0xE611,0xE611,0xE611,0xE611,0xE611,0xE611,0xE611,0xE611,0xE611,0xE611,0xE611,
    0xE611,0xE611,0xE611,0xE611,0xE611,0xE611,0xE611,0xE611,0xE611,0xE611,0xE611,0xE611,
    0xE611,0xE611,0xE611,0xE611,0xE611,0xE611,0xE611,0xE611,0xE611,0xE611,0xE611,0xE611,
    0xE611,0xE611,0xE611,0xE611,0xE611,0xE611,0xE611,0xE611,0xE611,0xE611,0xE611,0xE611,
    0xE611,0xE611,0xE611,0xE611,0xE633,0xEE97,0xFF1C,0xFF1D,0xFF1D,0xFF1D,0xFF1D,0xFF1D,
    0xFF1D,0xFF1D,0xFF1D,0xFF1D,0xFF1D,0xFF1D,0xFF1D,0xFF1D,0x75F1,0x5DCF,0x5DCF,0x5DCF,
    0x5DCF,0x5DCF,0x5DCF,0x5DCF,0x5DCF,0xD6D9,0xFF1D,0xFF1D,0xFF1D,0xFF1D,0xFF1D,0xFF1D,
    0xFF1D,0xFF1D,0xFF1D,0xFF1D,0xFF1D,0xFF1D,0xFF1D,0xFF1D,0xFF1D,0xFF1D,0xFF1D,0xFF1D,
    0xFF1D,0xFF1D,0xFF1D,0xFF1D,0xFF1D,0xFF1D,0xFF1D,0xFF1D,0xFF1D,0xFF1D,0xFF1D,0xFF1D,
    0xFF1D,0xFF1D,0xFF1D,0xFF1D,0xFF1D,0xFF1D,0xFF1D,0xFF1D,0xFF1D,0xFF1D,0xFF1D,0xFF1D,
    0xFF1D,0xFF1D,0xFF1D,0xFF1D,0xFF1D,0xFF1D,0xFF1D,0xFFFF,0xFFFF,0xFFFF,0xBF3F,0xBF3F,
    0xBF3F,0xAEFF,0xAEFF,0xAEFF,0xAEFF,0xAEFF,0xAEFF,0xAEFF,0xAEFF,0xAEFF,0xAEFF,0xAEFF,
    0xAEFF,0xAEFF,0xAEFF,0xAEFF,0xAEFF,0xAEFF,0xAEFF,0xAEFF,0xAEFF,0xAEFF,0xAEFF,0xAEFF,
    0xAEFF,0xAEFF,0xAEFF,0xAEFF,0xAEFF,0xAEFF,0xAEFF,0xAEFF,0xAEFF,0xAEFF,0xAEFF,0xAEFF,
    0xAEFF,0xAEFF,0xAEFF,0xAEFF,0xAEFF,0xAEFF,0xAEFF,0xAEFF,0xFFFF,0xFFFF,0xFFFF,0xFFFF,
    0xAEFF,0xAEFF,0xAEFF,0xAEFF,0xAEFF,0xAEFF,0xAEFF,0xAEFF,0xAEFF,0xAEFF,0xAEFF,0xAEFF,
    0xAEFF,0xAEFF,0xAEFF,0xAEFF,0xAEFF,0xAEFF,0xAEFF,0xAEFF,0xAEFF,0xAEFF,0xAEFF,0xAEFF,
    0xAEFF,0xAEFF,0xAEFF,0xAEFF,0xAEFF,0xAEFF,0xAEFF,0xAEFF,0xAEFF,0xAEFF,0xAEFF,0xAEFF,
    0xAEFF,0xAEFF,0xAEFF,0xAEFF,0xAEFF,0xAEFF,0xAEFF,0xBF3F,0xBF3F,0xBF3F,0xFFFF,0xFFFF,
    0xFFFF,0xFF1D,0xFF1D,0xFF1D,0xFF1D,0xFF1D,0xFF1D,0xFF1D,0xFF1D,0xFF1D,0xFF1D,0xFF1D,
    0xFF1D,0xFF1D,0xFF1D,0xFF1D,0xFF1D,0xFF1D,0xFF1D,0xFF1D,0xFF1D,0xFF1D,0xFF1D,0xFF1D,
    0xFF1D,0xFF1D,0xFF1D,0xFF1D,0xFF1D,0xFF1D,0xFF1D,0xFF1D,0xFF1D,0xFF1D,0xFF1D,0xFF1D,
    0xFF1D,0xFF1D,0xFF1D,0xFF1D,0xFF1D,0xFF1D,0xFF1D,0xFF1D,0xFF1D,0xFF1D,0xFF1D,0xFF1D,
    0xFF1D,0xFF1D,0xFF1D,0xFF1D,0xFF1D,0xFF1D,0xFF1D,0xFF1D,0xFF1D,0xFF1D,0xFF1D,0xFF1D,
    0xFF1D,0xFF1D,0xFF1D,0xFF1D,0xFF1D,0xFF1D,0xFF1D,0xFF1D,0xFF1D,0xFF1D,0xFF1D,0xFF1D,
    0xFF1D,0xFF1D,0xFF1D,0xFF1D,0xFF1D,0xFF1D,0xFF1D,0xFF1D,0xFF1D,0xFF1D,0xFF1D,0xFF1D,
    0xFF1D,0xFF1D,0xFF1D,0xFF1D,0xFF1D,0xFF1D,0xFF1D,0xFF1D,0xFF1D,0xFF1D,0xFF1D,0xFF1D,
    0xFF1D,0xFF1D,0xFF1D,0xFF1D,0xFF1D,0xFF1D,0xFF1D,0xFF1D,0xFF1D,0xFF1D,0xFF1D,0xFF1D,
    0xFF1D,0xFF1D,0xFF1D,0xFF1D,0xFF1D,0xFF1D,0xFF1D,0xFF1D,0xFF1D,0xFF1D,0xFF1D,0xFF1D,
    0xFF1D,0xFF1D,0xFF1D,0xFF1D,0xFF1D,0xFF1D,0xFF1D,0xFF1D,0xFF1D,0xFF1D,0xFF1D,0xFF1D,
    0xFF1D,0xFF1D,0xFF1D,0xFF1D,0xFF1D,0xFF1D,0xFF1D,0xFF1D,0xFF1D,0xFF1D,0xFF1D,0xFF1D,
    0xFF1D,0xFF1D,0xFF1D,0xFF1D,0xFF1D,0xFF1D,0xFF1D,0xFF1D,0xFF1D,0xFF1D,0xFF1D,0xFF1D,
    0xFF1D,0xFF1D,0xFF1D,0xFF1D,0x8612,0x5DCF,0x5DCF,0x5DCF,0x5DCF,0x5DCF,0x5DCF,0x5DCF,
    0x5DCF,0xB676,0xFF1D,0xFF1D,0xFF1D,0xFF1D,0xFF1D,0xFF1D,0xFF1D,0xFF1D,0xFF1D,0xFF1D,
    0xFF1D,0xFF1D,0xFF1D,0xFF1D,0xFF1D,0xFF1D,0xFF1D,0xFF1D,0xFF1D,0xFF1D,0xFF1D,0xFF1D,
    0xFF1D,0xFF1D,0xFF1D,0xFF1D,0xFF1D,0xFF1D,0xFF1D,0xFF1D,0xFF1D,0xFF1D,0xFF1D,0xFF1D,
    0xFF1D,0xFF1D,0xFF1D,0xFF1D,0xFF1D,0xFF1D,0xFF1D,0xFF1D,0xFF1D,0xFF1D,0xFF1D,0xFF1D,
    0xFF1D,0xFF1D,0xFF1D,0xFFFF,0xFFFF,0xFFFF,0xBF3F,0xBF3F,0xBF3F,0xAEFF,0xAEFF,0xAEFF,
    0xAEFF,0xAEFF,0xAEFF,0xAEFF,0xAEFF,0xAEFF,0xAEFF,0xAEFF,0xAEFF,0xAEFF,0xAEFF,0xAEFF,
    0xAEFF,0xAEFF,0xAEFF,0xAEFF,0xAEFF,0xAEFF,0xAEFF,0xAEFF,0xAEFF,0xAEFF,0xAEFF,0xAEFF,
    0xAEFF,0xAEFF,0xAEFF,0xAEFF,0xAEFF,0xAEFF,0xAEFF,0xAEFF,0xAEFF,0xAEFF,0xAEFF,0xAEFF,
    0xAEFF,0xAEFF,0xAEFF,0xAEFF,0xFFFF,0xFFFF,0xFFFF,0xFFFF,0xAEFF,0xAEFF,0xAEFF,0xAEFF,
    0xAEFF,0xAEFF,0xAEFF,0xAEFF,0xAEFF,0xAEFF,0xAEFF,0xAEFF,0xAEFF,0xAEFF,0xAEFF,0xAEFF,
    0xAEFF,0xAEFF,0xAEFF,0xAEFF,0xAEFF,0xAEFF,0xAEFF,0xAEFF,0xAEFF,0xAEFF,0xAEFF,0xAEFF,
    0xAEFF,0xAEFF,0xAEFF,0xAEFF,0xAEFF,0xAEFF,0xAEFF,0xAEFF,0xAEFF,0xAEFF,0xAEFF,0xAEFF,
    0xAEFF,0xAEFF,0xAEFF,0xBF3F,0xBF3F,0xBF3F,0xFFFF,0xFFFF,0xFFFF,0xFF1D,0xFF1D,0xFF1D,
    0xFF1D,0xFF1D,0xFF1D,0xFF1D,0xFF1D,0xFF1D,0xFF1D,0xFF1D,0xFF1D,0xFF1D,0xFF1D,0xFF1D,
    0xFF1D,0xFF1D,0xFF1D,0xFF1D,0xFF1D,0xFF1D,0xFF1D,0xFF1D,0xFF1D,0xFF1D,0xFF1D,0xFF1D,
    0xFF1D,0xFF1D,0xFF1D,0xFF1D,0xFF1D,0xFF1D,0xFF1D,0xFF1D,0xFF1D,0xFF1D,0xFF1D,0xFF1D,
    0xFF1D,0xFF1D,0xFF1D,0xFF1D,0xFF1D,0xFF1D,0xFF1D,0xFF1D,0xFF1D,0xFF1D,0xFF1D,0xFF1D,
    0xFF1D,0xFF1D,0xFF1D,0xFF1D,0xFF1D,0xFF1D,0xFF1D,0xFF1D,0xFF1D,0xFF1D,0xFF1D,0xFF1D,
    0xFF1D,0xFF1D,0xFF1D,0xFF1D,0xFF1D,0xFF1D,0xFF1D,0xFF1D,0xFF1D,0xFF1D,0xFF1D,0xFF1D,
    0xFF1D,0xFF1D,0xFF1D,0xFF1D,0xFF1D,0xFF1D,0xFF1D,0xFF1D,0xFF1D,0xFF1D,0xFF1D,0xFF1D,
    0xFF1D,0xFF1D,0xFF1D,0xFF1D,0xFF1D,0xFF1D,0xFF1D,0xFF1D,0xFF1D,0xFF1D,0xFF1D,0xFF1D,
    0xFF1D,0xFF1D,0xFF1D,0xFF1D,0xFF1D,0xFF1D,0xFF1D,0xFF1D,0xFF1D,0xFF1D,0xFF1D,0xFF1D,
    0xFF1D,0xFF1D,0xFF1D,0xFF1D,0xFF1D,0xFF1D,0xFF1D,0xFF1D,0xFF1D,0xFF1D,0xFF1D,0xFF1D,
    0xFF1D,0xFF1D,0xFF1D,0xFF1D,0xFF1D,0xFF1D,0xFF1D,0xFF1D,0xFF1D,0xFF1D,0xFF1D,0xFF1D,
    0xFF1D,0xFF1D,0xFF1D,0xFF1D,0xFF1D,0xFF1D,0xFF1D,0xFF1D,0xFF1D,0xFF1D,0xFF1D,0xFF1D,
    0xFF1D,0xFF1D,0xFF1D,0xFF1D,0xFF1D,0xFF1D,0xFF1D,0xFF1D,0xFF1D,0xFF1D,0xFF1D,0xFF1D,
    0x9E54,0x5DCF,0x5DCF,0x5DCF,0x5DCF,0x5DCF,0x5DCF,0x5DCF,0x5DCF,0x9E54,0xFF1D,0xFF1D,
    0xFF1D,0xFF1D,0xFF1D,0xFF1D,0xFF1D,0xFF1D,0xFF1D,0xFF1D,0xFF1D,0xFF1D,0xFF1D,0xFF1D,
    0xFF1D,0xFF1D,0xFF1D,0xFF1D,0xFF1D,0xFF1D,0xFF1D,0xFF1D,0xFF1D,0xFF1D,0xFF1D,0xFF1D,
    0xFF1D,0xFF1D,0xFF1D,0xFF1D,0xFF1D,0xFF1D,0xFF1D,0xFF1D,0xFF1D,0xFF1D,0xFF1D,0xFF1D,
    0xFF1D,0xFF1D,0xFF1D,0xFF1D,0xFF1D,0xFF1D,0xFF1D,0xFF1D,0xFF1D,0xFF1D,0xFF1D,0xFFFF,
    0xFFFF,0xFFFF,0xBF3F,0xBF3F,0xBF3F,0xAEFF,0xAEFF,0xAEFF,0xAEFF,0xAEFF,0xAEFF,0xAEFF,
    0xAEFF,0xAEFF,0xAEFF,0xAEFF,0xAEFF,0xAEFF,0xAEFF,0xAEFF,0xAEFF,0xAEFF,0xAEFF,0xAEFF,
    0xAEFF,0xAEFF,0xAEFF,0xAEFF,0xAEFF,0xAEFF,0xAEFF,0xAEFF,0xAEFF,0xAEFF,0xAEFF,0xAEFF,
    0xAEFF,0xAEFF,0xAEFF,0xAEFF,0xAEFF,0xAEFF,0xAEFF,0xAEFF,0xAEFF,0xAEFF,0xAEFF,0xAEFF,
    0xFFFF,0xFFFF,0xFFFF,0xFFFF,0xAEFF,0xAEFF,0xAEFF,0xAEFF,0xAEFF,0xAEFF,0xAEFF,0xAEFF,
    0xAEFF,0xAEFF,0xAEFF,0xAEFF,0xAEFF,0xAEFF,0xAEFF,0xAEFF,0xAEFF,0xAEFF,0xAEFF,0xAEFF,
    0xAEFF,0xAEFF,0xAEFF,0xAEFF,0xAEFF,0xAEFF,0xAEFF,0xAEFF,0xAEFF,0xAEFF,0xAEFF,0xAEFF,
    0xAEFF,0xAEFF,0xAEFF,0xAEFF,0xAEFF,0xAEFF,0xAEFF,0xAEFF,0xAEFF,0xAEFF,0xAEFF,0xBF3F,
    0xBF3F,0xBF3F,0xFFFF,0xFFFF,0xFFFF,0xFF1D,0xFF1D,0xFF1D,0xFF1D,0xFF1D,0xFF1D,0xFF1D,
    0xFF1D,0xFF1D,0xFF1D,0xFF1D,0xFF1D,0xFF1D,0xFF1D,0xFF1D,0xFF1D,0xFF1D,0xFF1D,0xFF1D,
    0xFF1D,0xFF1D,0xFF1D,0xFF1D,0xFF1D,0xFF1D,0xFF1D,0xFF1D,0xFF1D,0xFF1D,0xFF1D,0xFF1D,
    0xFF1D,0xFF1D,0xFF1D,0xFF1D,0xFF1D,0xFF1D,0xFF1D,0xFF1D,0xFF1D,0xFF1D,0xFF1D,0xFF1D,
    0xFF1D,0xFF1D,0xFF1D,0xFF1D,0xFF1D,0xFF1D,0xFF1D,0xFF1D,0xFF1D,0xFF1D,0xFF1D,0xFF1D,
    0xFF1D,0xFF1D,0xFF1D,0xFF1D,0xFF1D,0xFF1D,0xFF1D,0xFF1D,0xFF1D,0xFF1D,0xFF1D,0xFF1D,
    0xFF1D,0xFF1D,0xFF1D,0xFF1D,0xFF1D,0xFF1D,0xFF1D,0xFF1D,0xFF1D,0xFF1D,0xFF1D,0xFF1D,
    0xFF1D,0xFF1D,0xFF1D,0xFF1D,0xFF1D,0xFF1D,0xFF1D,0xFF1D,0xFF1D,0xFF1D,0xFF1D,0xFF1D,
    0xFF1D,0xFF1D,0xFF1D,0xFF1D,0xFF1D,0xFF1D,0xFF1D,0xFF1D,0xFF1D,0xFF1D,0xFF1D,0xFF1D,
    0xFF1D,0xFF1D,0xFF1D,0xFF1D,0xFF1D,0xFF1D,0xFF1D,0xFF1D,0xFF1D,0xFF1D,0xFF1D,0xFF1D,
    0xFF1D,0xFF1D,0xFF1D,0xFF1D,0xFF1D,0xFF1D,0xFF1D,0xFF1D,0xFF1D,0xFF1D,0xFF1D,0xFF1D,
    0xFF1D,0xFF1D,0xFF1D,0xFF1D,0xFF1D,0xFF1D,0xFF1D,0xFF1D,0xFF1D,0xFF1D,0xFF1D,0xFF1D,
    0xFF1D,0xFF1D,0xFF1D,0xFF1D,0xFF1D,0xFF1D,0xFF1D,0xFF1D,0xFF1D,0xFF1D,0xFF1D,0xFF1D,
    0xFF1D,0xFF1D,0xFF1D,0xFF1D,0xFF1D,0xFF1D,0xFF1D,0xFF1D,0xB676,0x5DCF,0x5DCF,0x5DCF,
    0x5DCF,0x5DCF,0x5DCF,0x5DCF,0x5DCF,0x8E33,0xFF1D,0xFF1D,0xFF1D,0xFF1D,0xFF1D,0xFF1D,
    0xFF1D,0xFF1D,0xFF1D,0xFF1D,0xFF1D,0xFF1D,0xFF1D,0xFF1D,0xFF1D,0xFF1D,0xFF1D,0xFF1D,
    0xFF1D,0xFF1D,0xFF1D,0xFF1D,0xFF1D,0xFF1D,0xFF1D,0xFF1D,0xFF1D,0xFF1D,0xFF1D,0xFF1D,
    0xFF1D,0xFF1D,0xFF1D,0xFF1D,0xFF1D,0xFF1D,0xFF1D,0xFF1D,0xFF1D,0xFF1D,0xFF1D,0xFF1D,
    0xFF1D,0xFF1D,0xFF1D,0xFF1D,0xFF1D,0xFF1D,0xFF1D,0xFFFF,0xFFFF,0xFFFF,0xBF3F,0xBF3F,
    0xBF3F,0xAEFF,0xAEFF,0xAEFF,0xAEFF,0xAEFF,0xAEFF,0xAEFF,0xAEFF,0xAEFF,0xAEFF,0xAEFF,
    0xAEFF,0xAEFF,0xAEFF,0xAEFF,0xAEFF,0xAEFF,0xAEFF,0xAEFF,0xAEFF,0xAEFF,0xAEFF,0xAEFF,
    0xAEFF,0xAEFF,0xAEFF,0xAEFF,0xAEFF,0xAEFF,0xAEFF,0xAEFF,0xAEFF,0xAEFF,0xAEFF,0xAEFF,
    0xAEFF,0xAEFF,0xAEFF,0xAEFF,0xAEFF,0xAEFF,0xAEFF,0xAEFF,0xFFFF,0xFFFF,0xFFFF,0xFFFF,
    0xAEFF,0xAEFF,0xAEFF,0xAEFF,0xAEFF,0xAEFF,0xAEFF,0xAEFF,0xAEFF,0xAEFF,0xAEFF,0xAEFF,
    0xAEFF,0xAEFF,0xAEFF,0xAEFF,0xAEFF,0xAEFF,0xAEFF,0xAEFF,0xAEFF,0xAEFF,0xAEFF,0xAEFF,
    0xAEFF,0xAEFF,0xAEFF,0xAEFF,0xAEFF,0xAEFF,0xAEFF,0xAEFF,0xAEFF,0xAEFF,0xAEFF,0xAEFF,
    0xAEFF,0xAEFF,0xAEFF,0xAEFF,0xAEFF,0xAEFF,0xAEFF,0xBF3F,0xBF3F,0xBF3F,0xFFFF,0xFFFF,
    0xFFFF,0xFF1D,0xFF1D,0xFF1D,0xFF1D,0xFF1D,0xFF1D,0xFF1D,0xFF1D,0xFF1D,0xFF1D,0xFF1D,
    0xFF1D,0xFF1D,0xFF1D,0xFF1D,0xFF1D,0xFF1D,0xFF1D,0xFF1D,0xFF1D,0xFF1D,0xFF1D,0xFF1D,
    0xFF1D,0xFF1D,0xFF1D,0xFF1D,0xFF1D,0xFF1D,0xFF1D,0xFF1D,0xFF1D,0xFF1D,0xFF1D,0xFF1D,
    0xFF1D,0xFF1D,0xFF1D,0xFF1D,0xFF1D,0xFF1D,0xFF1D,0xFF1D,0xFF1D,0xFF1D,0xFF1D,0xFF1D,
    0xFF1D,0xFF1D,0xFF1D,0xFF1D,0xFF1D,0xFF1D,0xFF1D,0xFF1D,0xFF1D,0xFF1D,0xFF1D,0xFF1D,
    0xFF1D,0xFF1D,0xFF1D,0xFF1D,0xFF1D,0xFF1D,0xFF1D,0xFF1D,0xFF1D,0xFF1D,0xFF1D,0xFF1D,
    0xFF1D,0xFF1D,0xFF1D,0xFF1D,0xFF1D,0xFF1D,0xFF1D,0xFF1D,0xFF1D,0xFF1D,0xFF1D,0xFF1D,
    0xFF1D,0xFF1D,0xFF1D,0xFF1D,0xFF1D,0xFF1D,0xFF1D,0xFF1D,0xFF1D,0xFF1D,0xFF1D,0xFF1D,
    0xFF1D,0xFF1D,0xFF1D,0xFF1D,0xFF1D,0xFF1D,0xFF1D,0xFF1D,0xFF1D,0xFF1D,0xFF1D,0xFF1D,
    0xFF1D,0xFF1D,0xFF1D,0xFF1D,0xFF1D,0xFF1D,0xFF1D,0xFF1D,0xFF1D,0xFF1D,0xFF1D,0xFF1D,
    0xFF1D,0xFF1D,0xFF1D,0xFF1D,0xFF1D,0xFF1D,0xFF1D,0xFF1D,0xFF1D,0xFF1D,0xFF1D,0xFF1D,
    0xFF1D,0xFF1D,0xFF1D,0xFF1D,0xFF1D,0xFF1D,0xFF1D,0xFF1D,0xFF1D,0xFF1D,0xFF1D,0xFF1D,
    0xFF1D,0xFF1D,0xFF1D,0xFF1D,0xFF1D,0xFF1D,0xFF1D,0xFF1D,0xFF1D,0xFF1D,0xFF1D,0xFF1D,
    0xFF1D,0xFF1D,0xFF1D,0xFF1D,0xD6D9,0x5DCF,0x5DCF,0x5DCF,0x5DCF,0x5DCF,0x5DCF,0x5DCF,
    0x5DCF,0x75F1,0xFF1D,0xFF1D,0xFF1D,0xFF1D,0xFF1D,0xFF1D,0xFF1D,0xFF1D,0xFF1D,0xFF1D,
    0xFF1D,0xFF1D,0xFF1D,0xFF1D,0xFF1D,0xFF1D,0xFF1D,0xFF1D,0xFF1D,0xFF1D,0xFF1D,0xFF1D,
    0xFF1D,0xFF1D,0xFF1D,0xFF1D,0xFF1D,0xFF1D,0xFF1D,0xFF1D,0xFF1D,0xFF1D,0xFF1D,0xFF1D,
    0xFF1D,0xFF1D,0xFF1D,0xFF1D,0xFF1D,0xFF1D,0xFF1D,0xFF1D,0xFF1D,0xFF1D,0xFF1D,0xFF1D,
    0xFF1D,0xFF1D,0xFF1D,0xFFFF,0xFFFF,0xFFFF,0xBF3F,0xBF3F,0xBF3F,0xAEFF,0xAEFF,0xAEFF,
    0xAEFF,0xAEFF,0xAEFF,0xAEFF,0xAEFF,0xAEFF,0xAEFF,0xAEFF,0xAEFF,0xAEFF,0xAEFF,0xAEFF,
    0xAEFF,0xAEFF,0xAEFF,0xAEFF,0xAEFF,0xAEFF,0xAEFF,0xAEFF,0xAEFF,0xAEFF,0xAEFF,0xAEFF,
    0xAEFF,0xAEFF,0xAEFF,0xAEFF,0xAEFF,0xAEFF,0xAEFF,0xAEFF,0xAEFF,0xAEFF,0xAEFF,0xAEFF,
    0xAEFF,0xAEFF,0xAEFF,0xAEFF,0xFFFF,0xFFFF,0xFFFF,0xFFFF,0xAEFF,0xAEFF,0xAEFF,0xAEFF,
    0xAEFF,0xAEFF,0xAEFF,0xAEFF,0xAEFF,0xAEFF,0xAEFF,0xAEFF,0xAEFF,0xAEFF,0xAEFF,0xAEFF,
    0xAEFF,0xAEFF,0xAEFF,0xAEFF,0xAEFF,0xAEFF,0xAEFF,0xAEFF,0xAEFF,0xAEFF,0xAEFF,0xAEFF,
    0xAEFF,0xAEFF,0xAEFF,0xAEFF,0xAEFF,0xAEFF,0xAEFF,0xAEFF,0xAEFF,0xAEFF,0xAEFF,0xAEFF,
    0xAEFF,0xAEFF,0xAEFF,0xBF3F,0xBF3F,0xBF3F,0xFFFF,0xFFFF,0xFFFF,0xFF1D,0xFF1D,0xFF1D,
    0xFF1D,0xFF1D,0xFF1D,0xFF1D,0xFF1D,0xFF1D,0xFF1D,0xFF1D,0xFF1D,0xFF1D,0xFF1D,0xFF1D,
    0xFF1D,0xFF1D,0xFF1D,0xFF1D,0xFF1D,0xFF1D,0xFF1D,0xFF1D,0xFF1D,0xFF1D,0xFF1D,0xFF1D,
    0xFF1D,0xFF1D,0xFF1D,0xFF1D,0xFF1D,0xFF1D,0xFF1D,0xFF1D,0xFF1D,0xFF1D,0xFF1D,0xFF1D,
    0xFF1D,0xFF1D,0xFF1D,0xFF1D,0xFF1D,0xFF1D,0xFF1D,0xFF1D,0xFF1D,0xFF1D,0xFF1D,0xFF1D,
    0xFF1D,0xFF1D,0xFF1D,0xFF1D,0xFF1D,0xFF1D,0xFF1D,0xFF1D,0xFF1D,0xFF1D,0xFF1D,0xFF1D,
    0xFF1D,0xFF1D,0xFF1D,0xFF1D,0xFF1D,0xFF1D,0xFF1D,0xFF1D,0xFF1D,0xFF1D,0xFF1D,0xFF1D,
    0xFF1D,0xFF1D,0xFF1D,0xFF1D,0xFF1D,0xFF1D,0xFF1D,0xFF1D,0xFF1D,0xFF1D,0xFF1D,0xFF1D,
    0xFF1D,0xFF1D,0xFF1D,0xFF1D,0xFF1D,0xFF1D,0xFF1D,0xFF1D,0xFF1D,0xFF1D,0xFF1D,0xFF1D,
    0xFF1D,0xFF1D,0xFF1D,0xFF1D,0xFF1D,0xFF1D,0xFF1D,0xFF1D,0xFF1D,0xFF1D,0xFF1D,0xFF1D,
    0xFF1D,0xFF1D,0xFF1D,0xFF1D,0xFF1D,0xFF1D,0xFF1D,0xFF1D,0xFF1D,0xFF1D,0xFF1D,0xFF1D,
    0xFF1D,0xFF1D,0xFF1D,0xFF1D,0xFF1D,0xFF1D,0xFF1D,0xFF1D,0xFF1D,0xFF1D,0xFF1D,0xFF1D,
    0xFF1D,0xFF1D,0xFF1D,0xFF1D,0xFF1D,0xFF1D,0xFF1D,0xFF1D,0xFF1D,0xFF1D,0xFF1D,0xFF1D,
    0xFF1D,0xFF1D,0xFF1D,0xFF1D,0xFF1D,0xFF1D,0xFF1D,0xFF1D,0xFF1D,0xFF1D,0xFF1D,0xFF1D,
    0xFF1D,0x65CF,0x5DCF,0x5DCF,0x5DCF,0x5DCF,0x5DCF,0x5DCF,0x5DCF,0x65CF,0xFF1D,0xFF1D,
    0xFF1D,0xFF1D,0xFF1D,0xFF1D,0xFF1D,0xFF1D,0xFF1D,0xFF1D,0xFF1D,0xFF1D,0xFF1D,0xFF1D,
    0xFF1D,0xFF1D,0xFF1D,0xFF1D,0xFF1D,0xFF1D,0xFF1D,0xFF1D,0xFF1D,0xFF1D,0xFF1D,0xFF1D,
    0xFF1D,0xFF1D,0xFF1D,0xFF1D,0xFF1D,0xFF1D,0xFF1D,0xFF1D,0xFF1D,0xFF1D,0xFF1D,0xFF1D,
    0xFF1D,0xFF1D,0xFF1D,0xFF1D,0xFF1D,0xFF1D,0xFF1D,0xFF1D,0xFF1D,0xFF1D,0xFF1D,0xFFFF,
    0xFFFF,0xFFFF,0xBF3F,0xBF3F,0xBF3F,0xAEFF,0xAEFF,0xAEFF,0xAEFF,0xAEFF,0xAEFF,0xAEFF,
    0xAEFF,0xAEFF,0xAEFF,0xAEFF,0xAEFF,0xAEFF,0xAEFF,0xAEFF,0xAEFF,0xAEFF,0xAEFF,0xAEFF,
    0xAEFF,0xAEFF,0xAEFF,0xAEFF,0xAEFF,0xAEFF,0xAEFF,0xAEFF,0xAEFF,0xAEFF,0xAEFF,0xAEFF,
    0xAEFF,0xAEFF,0xAEFF,0xAEFF,0xAEFF,0xAEFF,0xAEFF,0xAEFF,0xAEFF,0xAEFF,0xAEFF,0xAEFF,
    0xFFFF,0xFFFF,0xFFFF,0xFFFF,0xAEFF,0xAEFF,0xAEFF,0xAEFF,0xAEFF,0xAEFF,0xAEFF,0xAEFF,
    0xAEFF,0xAEFF,0xAEFF,0xAEFF,0xAEFF,0xAEFF,0xAEFF,0xAEFF,0xAEFF,0xAEFF,0xAEFF,0xAEFF,
    0xAEFF,0xAEFF,0xAEFF,0xAEFF,0xAEFF,0xAEFF,0xAEFF,0xAEFF,0xAEFF,0xAEFF,0xAEFF,0xAEFF,
    0xAEFF,0xAEFF,0xAEFF,0xAEFF,0xAEFF,0xAEFF,0xAEFF,0xAEFF,0xAEFF,0xAEFF,0xAEFF,0xBF3F,
    0xBF3F,0xBF3F,0xFFFF,0xFFFF,0xFFFF,0xFF1D,0xFF1D,0xFF1D,0xFF1D,0xFF1D,0xFF1D,0xFF1D,
    0xFF1D,0xFF1D,0xFF1D,0xFF1D,0xFF1D,0xFF1D,0xFF1D,0xFF1D,0xFF1D,0xFF1D,0xFF1D,0xFF1D,
    0xFF1D,0xFF1D,0xFF1D,0xFF1D,0xFF1D,0xFF1D,0xFF1D,0xFF1D,0xFF1D,0xFF1D,0xFF1D,0xFF1D,
    0xFF1D,0xFF1D,0xFF1D,0xFF1D,0xFF1D,0xFF1D,0xFF1D,0xFF1D,0xFF1D,0xFF1D,0xFF1D,0xFF1D,
    0xFF1D,0xFF1D,0xFF1D,0xFF1D,0xFF1D,0xFF1D,0xFF1D,0xFF1D,0xFF1D,0xFF1D,0xFF1D,0xFF1D,
    0xFF1D,0xFF1D,0xFF1D,0xFF1D,0xFF1D,0xFF1D,0xFF1D,0xFF1D,0xFF1D,0xFF1D,0xFF1D,0xFF1D,
    0xFF1D,0xFF1D,0xFF1D,0xFF1D,0xFF1D,0xFF1D,0xFF1D,0xFF1D,0xFF1D,0xFF1D,0xFF1D,0xFF1D,
    0xFF1D,0xFF1D,0xFF1D,0xFF1D,0xFF1D,0xFF1D,0xFF1D,0xFF1D,0xFF1D,0xFF1D,0xFF1D,0xFF1D,
    0xFF1D,0xFF1D,0xFF1D,0xFF1D,0xFF1D,0xFF1D,0xFF1D,0xFF1D,0xFF1D,0xFF1D,0xFF1D,0xFF1D,
    0xFF1D,0xFF1D,0xFF1D,0xFF1D,0xFF1D,0xFF1D,0xFF1D,0xFF1D,0xFF1D,0xFF1D,0xFF1D,0xFF1D,
    0xFF1D,0xFF1D,0xFF1D,0xFF1D,0xFF1D,0xFF1D,0xFF1D,0xFF1D,0xFF1D,0xFF1D,0xFF1D,0xFF1D,
    0xFF1D,0xFF1D,0xFF1D,0xFF1D,0xFF1D,0xFF1D,0xFF1D,0xFF1D,0xFF1D,0xFF1D,0xFF1D,0xFF1D,
    0xFF1D,0xFF1D,0xFF1D,0xFF1D,0xFF1D,0xFF1D,0xFF1D,0xFF1D,0xFF1D,0xFF1D,0xFF1D,0xFF1D,
    0xFF1D,0xFF1D,0xFF1D,0xFF1D,0xFF1D,0xFF1D,0xFF1D,0xFF1D,0xFF1D,0x8612,0x5DCF,0x5DCF,
    0x5DCF,0x5DCF,0x5DCF,0x5DCF,0x5DCF,0x5DCF,0xFF1D,0xFF1D,0xFF1D,0xFF1D,0xFF1D,0xFF1D,
    0xFF1D,0xFF1D,0xFF1D,0xFF1D,0xFF1D,0xFF1D,0xFF1D,0xFF1D,0xFF1D,0xFF1D,0xFF1D,0xFF1D,
    0xFF1D,0xFF1D,0xFF1D,0xFF1D,0xFF1D,0xFF1D,0xFF1D,0xFF1D,0xFF1D,0xFF1D,0xFF1D,0xFF1D,
    0xFF1D,0xFF1D,0xFF1D,0xFF1D,0xFF1D,0xFF1D,0xFF1D,0xFF1D,0xFF1D,0xFF1D,0xFF1D,0xFF1D,
    0xFF1D,0xFF1D,0xFF1D,0xFF1D,0xFF1D,0xFF1D,0xFF1D,0xFFFF,0xFFFF,0xFFFF,0xBF3F,0xBF3F,
    0xBF3F,0xAEFF,0xAEFF,0xAEFF,0xAEFF,0xAEFF,0xAEFF,0xAEFF,0xAEFF,0xAEFF,0xAEFF,0xAEFF,
    0xAEFF,0xAEFF,0xAEFF,0xAEFF,0xAEFF,0xAEFF,0xAEFF,0xAEFF,0xAEFF,0xAEFF,0xAEFF,0xAEFF,
    0xAEFF,0xAEFF,0xAEFF,0xAEFF,0xAEFF,0xAEFF,0xAEFF,0xAEFF,0xAEFF,0xAEFF,0xAEFF,0xAEFF,
    0xAEFF,0xAEFF,0xAEFF,0xAEFF,0xAEFF,0xAEFF,0xAEFF,0xAEFF,0xFFFF,0xFFFF,0xFFFF,0xFFFF,
    0xAEFF,0xAEFF,0xAEFF,0xAEFF,0xAEFF,0xAEFF,0xAEFF,0xAEFF,0xAEFF,0xAEFF,0xAEFF,0xAEFF,
    0xAEFF,0xAEFF,0xAEFF,0xAEFF,0xAEFF,0xAEFF,0xAEFF,0xAEFF,0xAEFF,0xAEFF,0xAEFF,0xAEFF,
    0xAEFF,0xAEFF,0xAEFF,0xAEFF,0xAEFF,0xAEFF,0xAEFF,0xAEFF,0xAEFF,0xAEFF,0xAEFF,0xAEFF,
    0xAEFF,0xAEFF,0xAEFF,0xAEFF,0xAEFF,0xAEFF,0xAEFF,0xBF3F,0xBF3F,0xBF3F,0xFFFF,0xFFFF,
    0xFFFF,0xFF1D,0xFF1D,0xFF1D,0xFF1D,0xFF1D,0xFF1D,0xFF1D,0xFF1D,0xFF1D,0xFF1D,0xFF1D,
    0xFF1D,0xFF1D,0xFF1D,0xFF1D,0xFF1D,0xFF1D,0xFF1D,0xFF1D,0xFF1D,0xFF1D,0xFF1D,0xFF1D,
    0xFF1D,0xFF1D,0xFF1D,0xFF1D,0xFF1D,0xFF1D,0xFF1D,0xFF1D,0xFF1D,0xFF1D,0xFF1D,0xFF1D,
    0xFF1D,0xFF1D,0xFF1D,0xFF1D,0xFF1D,0xFF1D,0xFF1D,0xFF1D,0xFF1D,0xFF1D,0xFF1D,0xFF1D,
    0xFF1D,0xFF1D,0xFF1D,0xFF1D,0xFF1D,0xFF1D,0xFF1D,0xFF1D,0xFF1D,0xFF1D,0xFF1D,0xFF1D,
    0xFF1D,0xFF1D,0xFF1D,0xFF1D,0xFF1D,0xFF1D,0xFF1D,0xFF1D,0xFF1D,0xFF1D,0xFF1D,0xFF1D,
    0xFF1D,0xFF1D,0xFF1D,0xFF1D,0xFF1D,0xFF1D,0xFF1D,0xFF1D,0xFF1D,0xFF1D,0xFF1D,0xFF1D,
    0xFF1D,0xFF1D,0xFF1D,0xFF1D,0xFF1D,0xFF1D,0xFF1D,0xFF1D,0xFF1D,0xFF1D,0xFF1D,0xFF1D,
    0xFF1D,0xFF1D,0xFF1D,0xFF1D,0xFF1D,0xFF1D,0xFF1D,0xFF1D,0xFF1D,0xFF1D,0xFF1D,0xFF1D,
    0xFF1D,0xFF1D,0xFF1D,0xFF1D,0xFF1D,0xFF1D,0xFF1D,0xFF1D,0xFF1D,0xFF1D,0xFF1D,0xFF1D,
    0xFF1D,0xFF1D,0xFF1D,0xFF1D,0xFF1D,0xFF1D,0xFF1D,0xFF1D,0xFF1D,0xFF1D,0xFF1D,0xFF1D,
    0xFF1D,0xFF1D,0xFF1D,0xFF1D,0xFF1D,0xFF1D,0xFF1D,0xFF1D,0xFF1D,0xFF1D,0xFF1D,0xFF1D,
    0xFF1D,0xFF1D,0xFF1D,0xFF1D,0xFF1D,0xFF1D,0xFF1D,0xFF1D,0xFF1D,0xFF1D,0xFF1D,0xFF1D,
    0xFF1D,0xFF1D,0xFF1D,0xFF1D,0xFF1D,0xAE76,0x5DCF,0x5DCF,0x5DCF,0x5DCF,0x5DCF,0x5DCF,
    0x5DCF,0x5DCF,0xF71C,0xFF1D,0xFF1D,0xFF1D,0xFF1D,0xFF1D,0xFF1D,0xFF1D,0xFF1D,0xFF1D,
    0xFF1D,0xFF1D,0xFF1D,0xFF1D,0xFF1D,0xFF1D,0xFF1D,0xFF1D,0xFF1D,0xFF1D,0xFF1D,0xFF1D,
    0xFF1D,0xFF1D,0xFF1D,0xFF1D,0xFF1D,0xFF1D,0xFF1D,0xFF1D,0xFF1D,0xFF1D,0xFF1D,0xFF1D,
    0xFF1D,0xFF1D,0xFF1D,0xFF1D,0xFF1D,0xFF1D,0xFF1D,0xFF1D,0xFF1D,0xFF1D,0xFF1D,0xFF1D,
    0xFF1D,0xFF1D,0xFF1D,0xFFFF,0xFFFF,0xFFFF,0xBF3F,0xBF3F,0xBF3F,0xAEFF,0xAEFF,0xAEFF,
    0xAEFF,0xAEFF,0xAEFF,0xAEFF,0xAEFF,0xAEFF,0xAEFF,0xAEFF,0xAEFF,0xAEFF,0xAEFF,0xAEFF,
    0xAEFF,0xAEFF,0xAEFF,0xAEFF,0xAEFF,0xAEFF,0xAEFF,0xAEFF,0xAEFF,0xAEFF,0xAEFF,0xAEFF,
    0xAEFF,0xAEFF,0xAEFF,0xAEFF,0xAEFF,0xAEFF,0xAEFF,0xAEFF,0xAEFF,0xAEFF,0xAEFF,0xAEFF,
    0xAEFF,0xAEFF,0xAEFF,0xAEFF,0xFFFF,0xFFFF,0xFFFF,0xFFFF,0xAEFF,0xAEFF,0xAEFF,0xAEFF,
    0xAEFF,0xAEFF,0xAEFF,0xAEFF,0xAEFF,0xAEFF,0xAEFF,0xAEFF,0xAEFF,0xAEFF,0xAEFF,0xAEFF,
    0xAEFF,0xAEFF,0xAEFF,0xAEFF,0xAEFF,0xAEFF,0xAEFF,0xAEFF,0xAEFF,0xAEFF,0xAEFF,0xAEFF,
    0xAEFF,0xAEFF,0xAEFF,0xAEFF,0xAEFF,0xAEFF,0xAEFF,0xAEFF,0xAEFF,0xAEFF,0xAEFF,0xAEFF,
    0xAEFF,0xAEFF,0xAEFF,0xBF3F,0xBF3F,0xBF3F,0xFFFF,0xFFFF,0xFFFF,0xFF1D,0xFF1D,0xFF1D,
    0xFF1D,0xFF1D,0xFF1D,0xFF1D,0xFF1D,0xFF1D,0xFF1D,0xFF1D,0xFF1D,0xFF1D,0xFF1D,0xFF1D,
    0xFF1D,0xFF1D,0xFF1D,0xFF1D,0xFF1D,0xFF1D,0xFF1D,0xFF1D,0xFF1D,0xFF1D,0xFF1D,0xFF1D,
    0xFF1D,0xFF1D,0xFF1D,0xFF1D,0xFF1D,0xFF1D,0xFF1D,0xFF1D,0xFF1D,0xFF1D,0xFF1D,0xFF1D,
    0xFF1D,0xFF1D,0xFF1D,0xFF1D,0xFF1D,0xFF1D,0xFF1D,0xFF1D,0xFF1D,0xFF1D,0xFF1D,0xFF1D,
    0xFF1D,0xFF1D,0xFF1D,0xFF1D,0xFF1D,0xFF1D,0xFF1D,0xFF1D,0xFF1D,0xFF1D,0xFF1D,0xFF1D,
    0xFF1D,0xFF1D,0xFF1D,0xFF1D,0xFF1D,0xFF1D,0xFF1D,0xFF1D,0xFF1D,0xFF1D,0xFF1D,0xFF1D,
    0xFF1D,0xFF1D,0xFF1D,0xFF1D,0xFF1D,0xFF1D,0xFF1D,0xFF1D,0xFF1D,0xFF1D,0xFF1D,0xFF1D,
    0xFF1D,0xFF1D,0xFF1D,0xFF1D,0xFF1D,0xFF1D,0xFF1D,0xFF1D,0xFF1D,0xFF1D,0xFF1D,0xFF1D,
    0xFF1D,0xFF1D,0xFF1D,0xFF1D,0xFF1D,0xFF1D,0xFF1D,0xFF1D,0xFF1D,0xFF1D,0xFF1D,0xFF1D,
    0xFF1D,0xFF1D,0xFF1D,0xFF1D,0xFF1D,0xFF1D,0xFF1D,0xFF1D,0xFF1D,0xFF1D,0xFF1D,0xFF1D,
    0xFF1D,0xFF1D,0xFF1D,0xFF1D,0xFF1D,0xFF1D,0xFF1D,0xFF1D,0xFF1D,0xFF1D,0xFF1D,0xFF1D,
    0xFF1D,0xFF1D,0xFF1D,0xFF1D,0xFF1D,0xFF1D,0xFF1D,0xFF1D,0xFF1D,0xFF1D,0xFF1D,0xFF1D,
    0xFF1D,0xFF1D,0xFF1D,0xFF1D,0xFF1D,0xFF1D,0xFF1D,0xFF1D,0xFF1D,0xFF1D,0xFF1D,0xFF1D,
    0xFF1D,0xE6DB,0x5DCF,0x5DCF,0x5DCF,0x5DCF,0x5DCF,0x5DCF,0x5DCF,0x5DCF,0xF71C,0xFF1D,
    0xFF1D,0xFF1D,0xFF1D,0xFF1D,0xFF1D,0xFF1D,0xFF1D,0xFF1D,0xFF1D,0xFF1D,0xFF1D,0xFF1D,
    0xFF1D,0xFF1D,0xFF1D,0xFF1D,0xFF1D,0xFF1D,0xFF1D,0xFF1D,0xFF1D,0xFF1D,0xFF1D,0xFF1D,
    0xFF1D,0xFF1D,0xFF1D,0xFF1D,0xFF1D,0xFF1D,0xFF1D,0xFF1D,0xFF1D,0xFF1D,0xFF1D,0xFF1D,
    0xFF1D,0xFF1D,0xFF1D,0xFF1D,0xFF1D,0xFF1D,0xFF1D,0xFF1D,0xFF1D,0xFF1D,0xFF1D,0xFFFF,
    0xFFFF,0xFFFF,0xBF3F,0xBF3F,0xBF3F,0xAEFF,0xAEFF,0xAEFF,0xAEFF,0xAEFF,0xAEFF,0xAEFF,
    0xAEFF,0xAEFF,0xAEFF,0xAEFF,0xAEFF,0xAEFF,0xAEFF,0xAEFF,0xAEFF,0xAEFF,0xAEFF,0xAEFF,
    0xAEFF,0xAEFF,0xAEFF,0xAEFF,0xAEFF,0xAEFF,0xAEFF,0xAEFF,0xAEFF,0xAEFF,0xAEFF,0xAEFF,
    0xAEFF,0xAEFF,0xAEFF,0xAEFF,0xAEFF,0xAEFF,0xAEFF,0xAEFF,0xAEFF,0xAEFF,0xAEFF,0xAEFF,
    0xFFFF,0xFFFF,0xFFFF,0xFFFF,0xAEFF,0xAEFF,0xAEFF,0xAEFF,0xAEFF,0xAEFF,0xAEFF,0xAEFF,
    0xAEFF,0xAEFF,0xAEFF,0xAEFF,0xAEFF,0xAEFF,0xAEFF,0xAEFF,0xAEFF,0xAEFF,0xAEFF,0xAEFF,
    0xAEFF,0xAEFF,0xAEFF,0xAEFF,0xAEFF,0xAEFF,0xAEFF,0xAEFF,0xAEFF,0xAEFF,0xAEFF,0xAEFF,
    0xAEFF,0xAEFF,0xAEFF,0xAEFF,0xAEFF,0xAEFF,0xAEFF,0xAEFF,0xAEFF,0xAEFF,0xAEFF,0xBF3F,
    0xBF3F,0xBF3F,0xFFFF,0xFFFF,0xFFFF,0xFF1D,0xFF1D,0xFF1D,0xFF1D,0xFF1D,0xFF1D,0xFF1D,
    0xFF1D,0xFF1D,0xFF1D,0xFF1D,0xFF1D,0xFF1D,0xFF1D,0xFF1D,0xFF1D,0xFF1D,0xFF1D,0xFF1D,
    0xFF1D,0xFF1D,0xFF1D,0xFF1D,0xFF1D,0xFF1D,0xFF1D,0xFF1D,0xFF1D,0xFF1D,0xFF1D,0xFF1D,
    0xFF1D,0xFF1D,0xFF1D,0xFF1D,0xFF1D,0xFF1D,0xFF1D,0xFF1D,0xFF1D,0xFF1D,0xFF1D,0xFF1D,
    0xFF1D,0xFF1D,0xFF1D,0xFF1D,0xFF1D,0xFF1D,0xFF1D,0xFF1D,0xFF1D,0xFF1D,0xFF1D,0xFF1D,
    0xFF1D,0xFF1D,0xFF1D,0xFF1D,0xFF1D,0xFF1D,0xFF1D,0xFF1D,0xFF1D,0xFF1D,0xFF1D,0xFF1D,
    0xFF1D,0xFF1D,0xFF1D,0xFF1D,0xFF1D,0xFF1D,0xFF1D,0xFF1D,0xFF1D,0xFF1D,0xFF1D,0xFF1D,
    0xFF1D,0xFF1D,0xFF1D,0xFF1D,0xFF1D,0xFF1D,0xFF1D,0xFF1D,0xFF1D,0xFF1D,0xFF1D,0xFF1D,
    0xFF1D,0xFF1D,0xFF1D,0xFF1D,0xFF1D,0xFF1D,0xFF1D,0xFF1D,0xFF1D,0xFF1D,0xFF1D,0xFF1D,
    0xFF1D,0xFF1D,0xFF1D,0xFF1D,0xFF1D,0xFF1D,0xFF1D,0xFF1D,0xFF1D,0xFF1D,0xFF1D,0xFF1D,
    0xFF1D,0xFF1D,0xFF1D,0xFF1D,0xFF1D,0xFF1D,0xFF1D,0xFF1D,0xFF1D,0xFF1D,0xFF1D,0xFF1D,
    0xFF1D,0xFF1D,0xFF1D,0xFF1D,0xFF1D,0xFF1D,0xFF1D,0xFF1D,0xFF1D,0xFF1D,0xFF1D,0xFF1D,
    0xFF1D,0xFF1D,0xFF1D,0xFF1D,0xFF1D,0xFF1D,0xFF1D,0xFF1D,0xFF1D,0xFF1D,0xFF1D,0xFF1D,
    0xFF1D,0xFF1D,0xFF1D,0xFF1D,0xFF1D,0xFF1D,0xFF1D,0xFF1D,0xFF1D,0xFF1D,0x7E12,0x5DCF,
    0x5DCF,0x5DCF,0x5DCF,0x5DCF,0x5DCF,0x5DCF,0xF71C,0xFF1D,0xFF1D,0xFF1D,0xFF1D,0xFF1D,
    0xFF1D,0xFF1D,0xFF1D,0xFF1D,0xFF1D,0xFF1D,0xFF1D,0xFF1D,0xFF1D,0xFF1D,0xFF1D,0xFF1D,
    0xFF1D,0xFF1D,0xFF1D,0xFF1D,0xFF1D,0xFF1D,0xFF1D,0xFF1D,0xFF1D,0xFF1D,0xFF1D,0xFF1D,
    0xFF1D,0xFF1D,0xFF1D,0xFF1D,0xFF1D,0xFF1D,0xFF1D,0xFF1D,0xFF1D,0xFF1D,0xFF1D,0xFF1D,
    0xFF1D,0xFF1D,0xFF1D,0xFF1D,0xFF1D,0xFF1D,0xFF1D,0xFFDF,0xFFFF,0xFFFF,0xBF3F,0xBF3F,
    0xBF3F,0xB71F,0xAEFF,0xAEFF,0xAEFF,0xAEFF,0xAEFF,0xAEFF,0xAEFF,0xAEFF,0xAEFF,0xAEFF,
    0xAEFF,0xAEFF,0xAEFF,0xAEFF,0xAEFF,0xAEFF,0xAEFF,0xAEFF,0xAEFF,0xAEFF,0xAEFF,0xAEFF,
    0xAEFF,0xAEFF,0xAEFF,0xAEFF,0xAEFF,0xAEFF,0xAEFF,0xAEFF,0xAEFF,0xAEFF,0xAEFF,0xAEFF,
    0xAEFF,0xAEFF,0xAEFF,0xAEFF,0xAEFF,0xAEFF,0xAEFF,0xAEFF,0xFFFF,0xFFFF,0xFFFF,0xFFFF,
    0xAEFF,0xAEFF,0xAEFF,0xAEFF,0xAEFF,0xAEFF,0xAEFF,0xAEFF,0xAEFF,0xAEFF,0xAEFF,0xAEFF,
    0xAEFF,0xAEFF,0xAEFF,0xAEFF,0xAEFF,0xAEFF,0xAEFF,0xAEFF,0xAEFF,0xAEFF,0xAEFF,0xAEFF,
    0xAEFF,0xAEFF,0xAEFF,0xAEFF,0xAEFF,0xAEFF,0xAEFF,0xAEFF,0xAEFF,0xAEFF,0xAEFF,0xAEFF,
    0xAEFF,0xAEFF,0xAEFF,0xAEFF,0xAEFF,0xAEFF,0xB71F,0xBF3F,0xBF3F,0xBF3F,0xFFFF,0xFFFF,
    0xFFDF,0xFF1D,0xFF1D,0xFF1D,0xFF1D,0xFF1D,0xFF1D,0xFF1D,0xFF1D,0xFF1D,0xFF1D,0xFF1D,
    0xFF1D,0xFF1D,0xFF1D,0xFF1D,0xFF1D,0xFF1D,0xFF1D,0xFF1D,0xFF1D,0xFF1D,0xFF1D,0xFF1D,
    0xFF1D,0xFF1D,0xFF1D,0xFF1D,0xFF1D,0xFF1D,0xFF1D,0xFF1D,0xFF1D,0xFF1D,0xFF1D,0xFF1D,
    0xFF1D,0xFF1D,0xFF1D,0xFF1D,0xFF1D,0xFF1D,0xFF1D,0xFF1D,0xFF1D,0xFF1D,0xFF1D,0xFF1D,
    0xFF1D,0xFF1D,0xFF1D,0xFF1D,0xFF1D,0xFF1D,0xFF1D,0xFF1D,0xFF1D,0xFF1D,0xFF1D,0xFF1D,
    0xFF1D,0xFF1D,0xFF1D,0xFF1D,0xFF1D,0xFF1D,0xFF1D,0xFF1D,0xFF1D,0xFF1D,0xFF1D,0xFF1D,
    0xFF1D,0xFF1D,0xFF1D,0xFF1D,0xFF1D,0xFF1D,0xFF1D,0xFF1D,0xFF1D,0xFF1D,0xFF1D,0xFF1D,
    0xFF1D,0xFF1D,0xFF1D,0xFF1D,0xFF1D,0xFF1D,0xFF1D,0xFF1D,0xFF1D,0xFF1D,0xFF1D,0xFF1D,
    0xFF1D,0xFF1D,0xFF1D,0xFF1D,0xFF1D,0xFF1D,0xFF1D,0xFF1D,0xFF1D,0xFF1D,0xFF1D,0xFF1D,
    0xFF1D,0xFF1D,0xFF1D,0xFF1D,0xFF1D,0xFF1D,0xFF1D,0xFF1D,0xFF1D,0xFF1D,0xFF1D,0xFF1D,
    0xFF1D,0xFF1D,0xFF1D,0xFF1D,0xFF1D,0xFF1D,0xFF1D,0xFF1D,0xFF1D,0xFF1D,0xFF1D,0xFF1D,
    0xFF1D,0xFF1D,0xFF1D,0xFF1D,0xFF1D,0xFF1D,0xFF1D,0xFF1D,0xFF1D,0xFF1D,0xFF1D,0xFF1D,
    0xFF1D,0xFF1D,0xFF1D,0xFF1D,0xFF1D,0xFF1D,0xFF1D,0xFF1D,0xFF1D,0xFF1D,0xFF1D,0xFF1D,
    0xFF1D,0xFF1D,0xFF1D,0xFF1D,0xFF1D,0xFF1D,0xBE97,0x5DCF,0x5DCF,0x5DCF,0x5DCF,0x5DCF,
    0x5DCF,0x5DCF,0xEEFB,0xFF1D,0xFF1D,0xFF1D,0xFF1D,0xFF1D,0xFF1D,0xFF1D,0xFF1D,0xFF1D,
    0xDEDA,0xB697,0xC6B8,0xFF1D,0xFF1D,0xFF1D,0xFF1D,0xFF1D,0xFF1D,0xFF1D,0xFF1D,0xFF1D,
    0xFF1D,0xFF1D,0xFF1D,0xFF1D,0xFF1D,0xFF1D,0xFF1D,0xFF1D,0xFF1D,0xFF1D,0xFF1D,0xFF1D,
    0xFF1D,0xFF1D,0xFF1D,0xFF1D,0xFF1D,0xFF1D,0xFF1D,0xFF1D,0xFF1D,0xFF1D,0xFF1D,0xFF1D,
    0xFF1D,0xFF1D,0xFF1D,0xFFBE,0xFFFF,0xFFFF,0xBF3F,0xBF3F,0xBF3F,0xBF3F,0xB71F,0xAEFF,
    0xAEFF,0xAEFF,0xAEFF,0xAEFF,0xAEFF,0xAEFF,0xAEFF,0xAEFF,0xAEFF,0xAEFF,0xAEFF,0xAEFF,
    0xAEFF,0xAEFF,0xAEFF,0xAEFF,0xAEFF,0xAEFF,0xAEFF,0xAEFF,0xAEFF,0xAEFF,0xAEFF,0xAEFF,
    0xAEFF,0xAEFF,0xAEFF,0xAEFF,0xAEFF,0xAEFF,0xAEFF,0xAEFF,0xAEFF,0xAEFF,0xAEFF,0xAEFF,
    0xAEFF,0xAEFF,0xAEFF,0xAEFF,0xFFFF,0xFFFF,0xFFFF,0xFFFF,0xAEFF,0xAEFF,0xAEFF,0xAEFF,
    0xAEFF,0xAEFF,0xAEFF,0xAEFF,0xAEFF,0xAEFF,0xAEFF,0xAEFF,0xAEFF,0xAEFF,0xAEFF,0xAEFF,
    0xAEFF,0xAEFF,0xAEFF,0xAEFF,0xAEFF,0xAEFF,0xAEFF,0xAEFF,0xAEFF,0xAEFF,0xAEFF,0xAEFF,
    0xAEFF,0xAEFF,0xAEFF,0xAEFF,0xAEFF,0xAEFF,0xAEFF,0xAEFF,0xAEFF,0xAEFF,0xAEFF,0xAEFF,
    0xAEFF,0xB71F,0xBF3F,0xBF3F,0xBF3F,0xBF3F,0xFFFF,0xFFFF,0xFFBE,0xFF1D,0xFF1D,0xFF1D,
    0xFF1D,0xFF1D,0xFF1D,0xFF1D,0xFF1D,0xFF1D,0xFF1D,0xFF1D,0xFF1D,0xFF1D,0xFF1D,0xFF1D,
    0xFF1D,0xFF1D,0xFF1D,0xFF1D,0xFF1D,0xFF1D,0xFF1D,0xFF1D,0xFF1D,0xFF1D,0xFF1D,0xFF1D,
    0xFF1D,0xFF1D,0xFF1D,0xFF1D,0xFF1D,0xFF1D,0xFF1D,0xFF1D,0xFF1D,0xFF1D,0xFF1D,0xFF1D,
    0xFF1D,0xFF1D,0xFF1D,0xFF1D,0xFF1D,0xFF1D,0xFF1D,0xFF1D,0xFF1D,0xFF1D,0xFF1D,0xFF1D,
    0xFF1D,0xFF1D,0xFF1D,0xFF1D,0xFF1D,0xFF1D,0xFF1D,0xFF1D,0xFF1D,0xFF1D,0xFF1D,0xFF1D,
    0xFF1D,0xFF1D,0xFF1D,0xFF1D,0xFF1D,0xFF1D,0xFF1D,0xFF1D,0xFF1D,0xFF1D,0xFF1D,0xFF1D,
    0xFF1D,0xFF1D,0xFF1D,0xFF1D,0xFF1D,0xFF1D,0xFF1D,0xFF1D,0xFF1D,0xFF1D,0xFF1D,0xFF1D,
    0xFF1D,0xFF1D,0xFF1D,0xFF1D,0xFF1D,0xFF1D,0xFF1D,0xFF1D,0xFF1D,0xFF1D,0xFF1D,0xFF1D,
    0xFF1D,0xFF1D,0xFF1D,0xFF1D,0xFF1D,0xFF1D,0xFF1D,0xFF1D,0xFF1D,0xFF1D,0xFF1D,0xFF1D,
    0xFF1D,0xFF1D,0xFF1D,0xFF1D,0xFF1D,0xFF1D,0xFF1D,0xFF1D,0xFF1D,0xFF1D,0xFF1D,0xFF1D,
    0xFF1D,0xFF1D,0xFF1D,0xFF1D,0xFF1D,0xFF1D,0xFF1D,0xFF1D,0xFF1D,0xFF1D,0xFF1D,0xFF1D,
    0xFF1D,0xFF1D,0xFF1D,0xFF1D,0xFF1D,0xFF1D,0xFF1D,0xFF1D,0xFF1D,0xFF1D,0xFF1D,0xFF1D,
    0xFF1D,0xFF1D,0xFF1D,0xFF1D,0xFF1D,0xFF1D,0xFF1D,0xFF1D,0xFF1D,0xFF1D,0xFF1D,0xFF1D,
    0xFF1D,0xFF1D,0xF71C,0x65CF,0x5DCF,0x5DCF,0x5DCF,0x5DCF,0x5DCF,0x5DCF,0xEEFC,0xFF1D,
    0xFF1D,0xFF1D,0xFF1D,0xFF1D,0xFF1D,0xFF1D,0xEEFB,0x8E33,0x5DCF,0x5DCF,0x5DCF,0x9633,
    0xFF1D,0xFF1D,0xFF1D,0xFF1D,0xFF1D,0xFF1D,0xFF1D,0xFF1D,0xFF1D,0xFF1D,0xFF1D,0xFF1D,
    0xFF1D,0xFF1D,0xFF1D,0xFF1D,0xFF1D,0xFF1D,0xFF1D,0xFF1D,0xFF1D,0xFF1D,0xFF1D,0xFF1D,
    0xFF1D,0xFF1D,0xFF1D,0xFF1D,0xFF1D,0xFF1D,0xFF1D,0xFF1D,0xFF1D,0xFF1D,0xFF1D,0xFF5E,
    0xFFFF,0xFFFF,0xBF3F,0xBF3F,0xBF3F,0xBF3F,0xBF3F,0xBF3F,0xBF3F,0xBF3F,0xBF3F,0xBF3F,
    0xBF3F,0xBF3F,0xBF3F,0xBF3F,0xBF3F,0xBF3F,0xBF3F,0xBF3F,0xBF3F,0xBF3F,0xBF3F,0xBF3F,
    0xBF3F,0xBF3F,0xBF3F,0xBF3F,0xBF3F,0xBF3F,0xBF3F,0xBF3F,0xBF3F,0xBF3F,0xBF3F,0xBF3F,
    0xBF3F,0xBF3F,0xBF3F,0xBF3F,0xBF3F,0xBF3F,0xBF3F,0xBF3F,0xBF3F,0xBF3F,0xBF3F,0xBF3F,
    0xFFFF,0xFFFF,0xFFFF,0xFFFF,0xBF3F,0xBF3F,0xBF3F,0xBF3F,0xBF3F,0xBF3F,0xBF3F,0xBF3F,
    0xBF3F,0xBF3F,0xBF3F,0xBF3F,0xBF3F,0xBF3F,0xBF3F,0xBF3F,0xBF3F,0xBF3F,0xBF3F,0xBF3F,
    0xBF3F,0xBF3F,0xBF3F,0xBF3F,0xBF3F,0xBF3F,0xBF3F,0xBF3F,0xBF3F,0xBF3F,0xBF3F,0xBF3F,
    0xBF3F,0xBF3F,0xBF3F,0xBF3F,0xBF3F,0xBF3F,0xBF3F,0xBF3F,0xBF3F,0xBF3F,0xBF3F,0xBF3F,
    0xBF3F,0xBF3F,0xFFFF,0xFFFF,0xFF5E,0xFF1D,0xFF1D,0xFF1D,0xFF1D,0xFF1D,0xFF1D,0xFF1D,
    0xFF1D,0xFF1D,0xFF1D,0xFF1D,0xFF1D,0xFF1D,0xFF1D,0xFF1D,0xFF1D,0xFF1D,0xFF1D,0xFF1D,
    0xFF1D,0xFF1D,0xFF1D,0xFF1D,0xFF1D,0xFF1D,0xFF1D,0xFF1D,0xFF1D,0xFF1D,0xFF1D,0xFF1D,
    0xFF1D,0xFF1D,0xFF1D,0xFF1D,0xFF1D,0xFF1D,0xFF1D,0xFF1D,0xFF1D,0xFF1D,0xFF1D,0xFF1D,
    0xFF1D,0xFF1D,0xFF1D,0xFF1D,0xFF1D,0xFF1D,0xFF1D,0xFF1D,0xFF1D,0xFF1D,0xFF1D,0xFF1D,
    0xFF1D,0xFF1D,0xFF1D,0xFF1D,0xFF1D,0xFF1D,0xFF1D,0xFF1D,0xFF1D,0xFF1D,0xFF1D,0xFF1D,
    0xFF1D,0xFF1D,0xFF1D,0xFF1D,0xFF1D,0xFF1D,0xFF1D,0xFF1D,0xFF1D,0xFF1D,0xFF1D,0xFF1D,
    0xFF1D,0xFF1D,0xFF1D,0xFF1D,0xFF1D,0xFF1D,0xFF1D,0xFF1D,0xFF1D,0xFF1D,0xFF1D,0xFF1D,
    0xFF1D,0xFF1D,0xFF1D,0xFF1D,0xFF1D,0xFF1D,0xFF1D,0xFF1D,0xFF1D,0xFF1D,0xFF1D,0xFF1D,
    0xFF1D,0xFF1D,0xFF1D,0xFF1D,0xFF1D,0xFF1D,0xFF1D,0xFF1D,0xFF1D,0xFF1D,0xFF1D,0xFF1D,
    0xFF1D,0xFF1D,0xFF1D,0xFF1D,0xFF1D,0xFF1D,0xFF1D,0xFF1D,0xFF1D,0xFF1D,0xFF1D,0xFF1D,
    0xFF1D,0xFF1D,0xFF1D,0xFF1D,0xFF1D,0xFF1D,0xFF1D,0xFF1D,0xFF1D,0xFF1D,0xFF1D,0xFF1D,
    0xFF1D,0xFF1D,0xFF1D,0xFF1D,0xFF1D,0xFF1D,0xFF1D,0xFF1D,0xFF1D,0xFF1D,0xFF1D,0xFF1D,
    0xFF1D,0xFF1D,0xFF1D,0xFF1D,0xFF1D,0xFF1D,0xFF1D,0xFF1D,0xFF1D,0xFF1D,0xFF1D,0x9634,
    0x5DCF,0x5DCF,0x5DCF,0x5DCF,0x5DCF,0x5DCF,0xFF1D,0xFF1D,0xFF1D,0xFF1D,0xFF1D,0xFF1D,
    0xFF1D,0xD6DA,0x6DD0,0x5DCF,0x5DCF,0x5DCF,0x5DCF,0x5DCF,0xD6B9,0xFF1D,0xFF1D,0xFF1D,
    0xFF1D,0xFF1D,0xFF1D,0xFF1D,0xFF1D,0xFF1D,0xFF1D,0xFF1D,0xFF1D,0xFF1D,0xFF1D,0xFF1D,
    0xFF1D,0xFF1D,0xFF1D,0xFF1D,0xFF1D,0xFF1D,0xFF1D,0xFF1D,0xFF1D,0xFF1D,0xFF1D,0xFF1D,
    0xFF1D,0xFF1D,0xFF1D,0xFF1D,0xFF1D,0xFF1D,0xFF1D,0xFF1D,0xFFDF,0xFFFF,0xBF3F,0xBF3F,
    0xBF3F,0xBF3F,0xBF3F,0xBF3F,0xBF3F,0xBF3F,0xBF3F,0xBF3F,0xBF3F,0xBF3F,0xBF3F,0xBF3F,
    0xBF3F,0xBF3F,0xBF3F,0xBF3F,0xBF3F,0xBF3F,0xBF3F,0xBF3F,0xBF3F,0xBF3F,0xBF3F,0xBF3F,
    0xBF3F,0xBF3F,0xBF3F,0xBF3F,0xBF3F,0xBF3F,0xBF3F,0xBF3F,0xBF3F,0xBF3F,0xBF3F,0xBF3F,
    0xBF3F,0xBF3F,0xBF3F,0xBF3F,0xBF3F,0xBF3F,0xBF3F,0xBF3F,0xFFFF,0xFFFF,0xFFFF,0xFFFF,
    0xBF3F,0xBF3F,0xBF3F,0xBF3F,0xBF3F,0xBF3F,0xBF3F,0xBF3F,0xBF3F,0xBF3F,0xBF3F,0xBF3F,
    0xBF3F,0xBF3F,0xBF3F,0xBF3F,0xBF3F,0xBF3F,0xBF3F,0xBF3F,0xBF3F,0xBF3F,0xBF3F,0xBF3F,
    0xBF3F,0xBF3F,0xBF3F,0xBF3F,0xBF3F,0xBF3F,0xBF3F,0xBF3F,0xBF3F,0xBF3F,0xBF3F,0xBF3F,
    0xBF3F,0xBF3F,0xBF3F,0xBF3F,0xBF3F,0xBF3F,0xBF3F,0xBF3F,0xBF3F,0xBF3F,0xFFFF,0xFFDF,
    0xFF1D,0xFF1D,0xFF1D,0xFF1D,0xFF1D,0xFF1D,0xFF1D,0xFF1D,0xFF1D,0xFF1D,0xFF1D,0xFF1D,
    0xFF1D,0xFF1D,0xFF1D,0xFF1D,0xFF1D,0xFF1D,0xFF1D,0xFF1D,0xFF1D,0xFF1D,0xFF1D,0xFF1D,
    0xFF1D,0xFF1D,0xFF1D,0xFF1D,0xFF1D,0xFF1D,0xFF1D,0xFF1D,0xFF1D,0xFF1D,0xFF1D,0xFF1D,
    0xFF1D,0xFF1D,0xFF1D,0xFF1D,0xFF1D,0xFF1D,0xFF1D,0xFF1D,0xFF1D,0xFF1D,0xFF1D,0xFF1D,
    0xFF1D,0xFF1D,0xFF1D,0xFF1D,0xFF1D,0xFF1D,0xFF1D,0xFF1D,0xFF1D,0xFF1D,0xFF1D,0xFF1D,
    0xFF1D,0xFF1D,0xFF1D,0xFF1D,0xFF1D,0xFF1D,0xFF1D,0xFF1D,0xFF1D,0xFF1D,0xFF1D,0xFF1D,
    0xFF1D,0xFF1D,0xFF1D,0xFF1D,0xFF1D,0xFF1D,0xFF1D,0xFF1D,0xFF1D,0xFF1D,0xFF1D,0xFF1D,
    0xFF1D,0xFF1D,0xFF1D,0xFF1D,0xFF1D,0xFF1D,0xFF1D,0xFF1D,0xFF1D,0xFF1D,0xFF1D,0xFF1D,
    0xFF1D,0xFF1D,0xFF1D,0xFF1D,0xFF1D,0xFF1D,0xFF1D,0xFF1D,0xFF1D,0xFF1D,0xFF1D,0xFF1D,
    0xFF1D,0xFF1D,0xFF1D,0xFF1D,0xFF1D,0xFF1D,0xFF1D,0xFF1D,0xFF1D,0xFF1D,0xFF1D,0xFF1D,
    0xFF1D,0xFF1D,0xFF1D,0xFF1D,0xFF1D,0xFF1D,0xFF1D,0xFF1D,0xFF1D,0xFF1D,0xFF1D,0xFF1D,
    0xFF1D,0xFF1D,0xFF1D,0xFF1D,0xFF1D,0xFF1D,0xFF1D,0xFF1D,0xFF1D,0xFF1D,0xFF1D,0xFF1D,
    0xFF1D,0xFF1D,0xFF1D,0xFF1D,0xFF1D,0xFF1D,0xFF1D,0xFF1D,0xFF1D,0xFF1D,0xFF1D,0xFF1D,
    0xFF1D,0xFF1D,0xFF1D,0xFF1D,0xFF1D,0xFF1D,0xFF1D,0xDEDA,0x65CF,0x5DCF,0x5DCF,0x5DCF,
    0x5DCF,0x65CF,0xFF1D,0xFF1D,0xFF1D,0xFF1D,0xFF1D,0xFF1D,0xD6B9,0x65CF,0x5DCF,0x5DCF,
    0x5DCF,0x5DCF,0x5DCF,0x5DCF,0x9E34,0xFF1D,0xFF1D,0xFF1D,0xFF1D,0xFF1D,0xFF1D,0xFF1D,
    0xFF1D,0xFF1D,0xFF1D,0xFF1D,0xFF1D,0xFF1D,0xFF1D,0xFF1D,0xFF1D,0xFF1D,0xFF1D,0xFF1D,
    0xFF1D,0xFF1D,0xFF1D,0xFF1D,0xFF1D,0xFF1D,0xFF1D,0xFF1D,0xFF1D,0xFF1D,0xFF1D,0xFF1D,
    0xFF1D,0xFF1D,0xFF1D,0xFF1D,0xFF3D,0xFFFF,0xBF3F,0xBF3F,0xBF3F,0xBF3F,0xBF3F,0xBF3F,
    0xBF3F,0xBF3F,0xBF3F,0xBF3F,0xBF3F,0xBF3F,0xBF3F,0xBF3F,0xBF3F,0xBF3F,0xBF3F,0xBF3F,
    0xBF3F,0xBF3F,0xBF3F,0xBF3F,0xBF3F,0xBF3F,0xBF3F,0xBF3F,0xBF3F,0xBF3F,0xBF3F,0xBF3F,
    0xBF3F,0xBF3F,0xBF3F,0xBF3F,0xBF3F,0xBF3F,0xBF3F,0xBF3F,0xBF3F,0xBF3F,0xBF3F,0xBF3F,
    0xBF3F,0xBF3F,0xBF3F,0xBF3F,0xFFFF,0xFFFF,0xFFFF,0xFFFF,0xBF3F,0xBF3F,0xBF3F,0xBF3F,
    0xBF3F,0xBF3F,0xBF3F,0xBF3F,0xBF3F,0xBF3F,0xBF3F,0xBF3F,0xBF3F,0xBF3F,0xBF3F,0xBF3F,
    0xBF3F,0xBF3F,0xBF3F,0xBF3F,0xBF3F,0xBF3F,0xBF3F,0xBF3F,0xBF3F,0xBF3F,0xBF3F,0xBF3F,
    0xBF3F,0xBF3F,0xBF3F,0xBF3F,0xBF3F,0xBF3F,0xBF3F,0xBF3F,0xBF3F,0xBF3F,0xBF3F,0xBF3F,
    0xBF3F,0xBF3F,0xBF3F,0xBF3F,0xBF3F,0xBF3F,0xFFFF,0xFF3D,0xFF1D,0xFF1D,0xFF1D,0xFF1D,
    0xFF1D,0xFF1D,0xFF1D,0xFF1D,0xFF1D,0xFF1D,0xFF1D,0xFF1D,0xFF1D,0xFF1D,0xFF1D,0xFF1D,
    0xFF1D,0xFF1D,0xFF1D,0xFF1D,0xFF1D,0xFF1D,0xFF1D,0xFF1D,0xFF1D,0xFF1D,0xFF1D,0xFF1D,
    0xFF1D,0xFF1D,0xFF1D,0xFF1D,0xFF1D,0xFF1D,0xFF1D,0xFF1D,0xFF1D,0xFF1D,0xFF1D,0xFF1D,
    0xFF1D,0xFF1D,0xFF1D,0xFF1D,0xFF1D,0xFF1D,0xFF1D,0xFF1D,0xFF1D,0xFF1D,0xFF1D,0xFF1D,
    0xFF1D,0xFF1D,0xFF1D,0xFF1D,0xFF1D,0xFF1D,0xFF1D,0xFF1D,0xFF1D,0xFF1D,0xFF1D,0xFF1D,
    0xFF1D,0xFF1D,0xFF1D,0xFF1D,0xFF1D,0xFF1D,0xFF1D,0xFF1D,0xFF1D,0xFF1D,0xFF1D,0xFF1D,
    0xFF1D,0xFF1D,0xFF1D,0xFF1D,0xFF1D,0xFF1D,0xFF1D,0xFF1D,0xFF1D,0xFF1D,0xFF1D,0xFF1D,
    0xFF1D,0xFF1D,0xFF1D,0xFF1D,0xFF1D,0xFF1D,0xFF1D,0xFF1D,0xFF1D,0xFF1D,0xFF1D,0xFF1D,
    0xFF1D,0xFF1D,0xFF1D,0xFF1D,0xFF1D,0xFF1D,0xFF1D,0xFF1D,0xFF1D,0xFF1D,0xFF1D,0xFF1D,
    0xFF1D,0xFF1D,0xFF1D,0xFF1D,0xFF1D,0xFF1D,0xFF1D,0xFF1D,0xFF1D,0xFF1D,0xFF1D,0xFF1D,
    0xFF1D,0xFF1D,0xFF1D,0xFF1D,0xFF1D,0xFF1D,0xFF1D,0xFF1D,0xFF1D,0xFF1D,0xFF1D,0xFF1D,
    0xFF1D,0xFF1D,0xFF1D,0xFF1D,0xFF1D,0xFF1D,0xFF1D,0xFF1D,0xFF1D,0xFF1D,0xFF1D,0xFF1D,
    0xFF1D,0xFF1D,0xFF1D,0xFF1D,0xFF1D,0xFF1D,0xFF1D,0xFF1D,0xFF1D,0xFF1D,0xFF1D,0xFF1D,
    0xFF1D,0xFF1D,0xFF1D,0xFF1D,0x8E33,0x5DCF,0x5DCF,0x5DCF,0x5DCF,0x6DF0,0xFF1D,0xFF1D,
    0xFF1D,0xFF1D,0xFF1D,0xD6B9,0x65CF,0x5DCF,0x5DCF,0x5DCF,0x5DCF,0x5DCF,0x5DCF,0x5DCF,
    0x6DF0,0xFF1D,0xFF1D,0xFF1D,0xFF1D,0xFF1D,0xFF1D,0xFF1D,0xFF1D,0xFF1D,0xFF1D,0xFF1D,
    0xFF1D,0xFF1D,0xFF1D,0xFF1D,0xFF1D,0xFF1D,0xFF1D,0xFF1D,0xFF1D,0xFF1D,0xFF1D,0xFF1D,
    0xFF1D,0xFF1D,0xFF1D,0xFF1D,0xFF1D,0xFF1D,0xFF1D,0xFF1D,0xFF1D,0xFF1D,0xFF1D,0xFF1D,
    0xFF1D,0xFF5E,0xFFFF,0xFFFF,0xFFFF,0xFFFF,0xFFFF,0xFFFF,0xFFFF,0xFFFF,0xFFFF,0xFFFF,
    0xFFFF,0xFFFF,0xFFFF,0xFFFF,0xFFFF,0xFFFF,0xFFFF,0xFFFF,0xFFFF,0xFFFF,0xFFFF,0xFFFF,
    0xFFFF,0xFFFF,0xFFFF,0xFFFF,0xFFFF,0xFFFF,0xFFFF,0xFFFF,0xFFFF,0xFFFF,0xFFFF,0xFFFF,
    0xFFFF,0xFFFF,0xFFFF,0xFFFF,0xFFFF,0xFFFF,0xFFFF,0xFFFF,0xFFFF,0xFFFF,0xFFFF,0xFFFF,
    0xFFFF,0xFFFF,0xFFFF,0xFFFF,0xFFFF,0xFFFF,0xFFFF,0xFFFF,0xFFFF,0xFFFF,0xFFFF,0xFFFF,
    0xFFFF,0xFFFF,0xFFFF,0xFFFF,0xFFFF,0xFFFF,0xFFFF,0xFFFF,0xFFFF,0xFFFF,0xFFFF,0xFFFF,
    0xFFFF,0xFFFF,0xFFFF,0xFFFF,0xFFFF,0xFFFF,0xFFFF,0xFFFF,0xFFFF,0xFFFF,0xFFFF,0xFFFF,
    0xFFFF,0xFFFF,0xFFFF,0xFFFF,0xFFFF,0xFFFF,0xFFFF,0xFFFF,0xFFFF,0xFFFF,0xFFFF,0xFFFF,
    0xFFFF,0xFFFF,0xFF5E,0xFF1D,0xFF1D,0xFF1D,0xFF1D,0xFF1D,0xFF1D,0xFF1D,0xFF1D,0xFF1D,
    0xFF1D,0xFF1D,0xFF1D,0xFF1D,0xFF1D,0xFF1D,0xFF1D,0xFF1D,0xFF1D,0xFF1D,0xFF1D,0xFF1D,
    0xFF1D,0xFF1D,0xFF1D,0xFF1D,0xFF1D,0xFF1D,0xFF1D,0xFF1D,0xFF1D,0xFF1D,0xFF1D,0xFF1D,
    0xFF1D,0xFF1D,0xFF1D,0xFF1D,0xFF1D,0xFF1D,0xFF1D,0xFF1D,0xFF1D,0xFF1D,0xFF1D,0xFF1D,
    0xFF1D,0xFF1D,0xFF1D,0xFF1D,0xFF1D,0xFF1D,0xFF1D,0xFF1D,0xFF1D,0xFF1D,0xFF1D,0xFF1D,
    0xFF1D,0xFF1D,0xFF1D,0xFF1D,0xFF1D,0xFF1D,0xFF1D,0xFF1D,0xFF1D,0xFF1D,0xFF1D,0xFF1D,
    0xFF1D,0xFF1D,0xFF1D,0xFF1D,0xFF1D,0xFF1D,0xFF1D,0xFF1D,0xFF1D,0xFF1D,0xFF1D,0xFF1D,
    0xFF1D,0xFF1D,0xFF1D,0xFF1D,0xFF1D,0xFF1D,0xFF1D,0xFF1D,0xFF1D,0xFF1D,0xFF1D,0xFF1D,
    0xFF1D,0xFF1D,0xFF1D,0xFF1D,0xFF1D,0xFF1D,0xFF1D,0xFF1D,0xFF1D,0xFF1D,0xFF1D,0xFF1D,
    0xFF1D,0xFF1D,0xFF1D,0xFF1D,0xFF1D,0xFF1D,0xFF1D,0xFF1D,0xFF1D,0xFF1D,0xFF1D,0xFF1D,
    0xFF1D,0xFF1D,0xFF1D,0xFF1D,0xFF1D,0xFF1D,0xFF1D,0xFF1D,0xFF1D,0xFF1D,0xFF1D,0xFF1D,
    0xFF1D,0xFF1D,0xFF1D,0xFF1D,0xFF1D,0xFF1D,0xFF1D,0xFF1D,0xFF1D,0xFF1D,0xFF1D,0xFF1D,
    0xFF1D,0xFF1D,0xFF1D,0xFF1D,0xFF1D,0xFF1D,0xFF1D,0xFF1D,0xFF1D,0xFF1D,0xFF1D,0xFF1D,
    0xFF1D,0xFF1D,0xFF1D,0xFF1D,0xFF1D,0xFF1D,0xFF1D,0xFF1D,0xFF1D,0xFF1D,0xFF1D,0xFF1D,
    0xDEDA,0x5DCF,0x5DCF,0x5DCF,0x5DCF,0x75F1,0xFF1D,0xFF1D,0xFF1D,0xFF1D,0xDEDA,0x65CF,
    0x5DCF,0x5DCF,0x5DCF,0x5DCF,0x5DCF,0x5DCF,0x5DCF,0x5DCF,0x75F0,0xFF1D,0xFF1D,0xFF1D,
    0xFF1D,0xFF1D,0xFF1D,0xFF1D,0xFF1D,0xFF1D,0xFF1D,0xFF1D,0xFF1D,0xFF1D,0xFF1D,0xFF1D,
    0xFF1D,0xFF1D,0xFF1D,0xFF1D,0xFF1D,0xFF1D,0xFF1D,0xFF1D,0xFF1D,0xFF1D,0xFF1D,0xFF1D,
    0xFF1D,0xFF1D,0xFF1D,0xFF1D,0xFF1D,0xFF1D,0xFF1D,0xFF1D,0xFF1D,0xFF1D,0xFF3D,0xFFDF,
    0xFFFF,0xFFFF,0xFFFF,0xFFFF,0xFFFF,0xFFFF,0xFFFF,0xFFFF,0xFFFF,0xFFFF,0xFFFF,0xFFFF,
    0xFFFF,0xFFFF,0xFFFF,0xFFFF,0xFFFF,0xFFFF,0xFFFF,0xFFFF,0xFFFF,0xFFFF,0xFFFF,0xFFFF,
    0xFFFF,0xFFFF,0xFFFF,0xFFFF,0xFFFF,0xFFFF,0xFFFF,0xFFFF,0xFFFF,0xFFFF,0xFFFF,0xFFFF,
    0xFFFF,0xFFFF,0xFFFF,0xFFFF,0xFFFF,0xFFFF,0xFFFF,0xFFFF,0xFFFF,0xFFFF,0xFFFF,0xFFFF,
    0xFFFF,0xFFFF,0xFFFF,0xFFFF,0xFFFF,0xFFFF,0xFFFF,0xFFFF,0xFFFF,0xFFFF,0xFFFF,0xFFFF,
    0xFFFF,0xFFFF,0xFFFF,0xFFFF,0xFFFF,0xFFFF,0xFFFF,0xFFFF,0xFFFF,0xFFFF,0xFFFF,0xFFFF,
    0xFFFF,0xFFFF,0xFFFF,0xFFFF,0xFFFF,0xFFFF,0xFFFF,0xFFFF,0xFFFF,0xFFFF,0xFFFF,0xFFFF,
    0xFFFF,0xFFFF,0xFFFF,0xFFFF,0xFFFF,0xFFFF,0xFFFF,0xFFFF,0xFFDF,0xFF3D,0xFF1D,0xFF1D,
    0xFF1D,0xFF1D,0xFF1D,0xFF1D,0xFF1D,0xFF1D,0xFF1D,0xFF1D,0xFF1D,0xFF1D,0xFF1D,0xFF1D,
    0xFF1D,0xFF1D,0xFF1D,0xFF1D,0xFF1D,0xFF1D,0xFF1D,0xFF1D,0xFF1D,0xFF1D,0xFF1D,0xFF1D,
    0xFF1D,0xFF1D,0xFF1D,0xFF1D,0xFF1D,0xFF1D,0xFF1D,0xFF1D,0xFF1D,0xFF1D,0xFF1D,0xFF1D,
    0xFF1D,0xFF1D,0xFF1D,0xFF1D,0xFF1D,0xFF1D,0xFF1D,0xFF1D,0xFF1D,0xFF1D,0xFF1D,0xFF1D,
    0xFF1D,0xFF1D,0xFF1D,0xFF1D,0xFF1D,0xFF1D,0xFF1D,0xFF1D,0xFF1D,0xFF1D,0xFF1D,0xFF1D,
    0xFF1D,0xFF1D,0xFF1D,0xFF1D,0xFF1D,0xFF1D,0xFF1D,0xFF1D,0xFF1D,0xFF1D,0xFF1D,0xFF1D,
    0xFF1D,0xFF1D,0xFF1D,0xFF1D,0xFF1D,0xFF1D,0xFF1D,0xFF1D,0xFF1D,0xFF1D,0xFF1D,0xFF1D,
    0xFF1D,0xFF1D,0xFF1D,0xFF1D,0xFF1D,0xFF1D,0xFF1D,0xFF1D,0xFF1D,0xFF1D,0xFF1D,0xFF1D,
    0xFF1D,0xFF1D,0xFF1D,0xFF1D,0xFF1D,0xFF1D,0xFF1D,0xFF1D,0xFF1D,0xFF1D,0xFF1D,0xFF1D,
    0xFF1D,0xFF1D,0xFF1D,0xFF1D,0xFF1D,0xFF1D,0xFF1D,0xFF1D,0xFF1D,0xFF1D,0xFF1D,0xFF1D,
    0xFF1D,0xFF1D,0xFF1D,0xFF1D,0xFF1D,0xFF1D,0xFF1D,0xFF1D,0xFF1D,0xFF1D,0xFF1D,0xFF1D,
    0xFF1D,0xFF1D,0xFF1D,0xFF1D,0xFF1D,0xFF1D,0xFF1D,0xFF1D,0xFF1D,0xFF1D,0xFF1D,0xFF1D,
    0xFF1D,0xFF1D,0xFF1D,0xFF1D,0xFF1D,0xFF1D,0xFF1D,0xFF1D,0xFF1D,0xFF1D,0xFF1D,0xFF1D,
    0xFF1D,0xFF1D,0xFF1D,0xFF1D,0xFF1D,0xFF1D,0xFF1D,0xFF1D,0xFF1D,0x8E13,0x5DCF,0x5DCF,
    0x5DCF,0x8612,0xFF1D,0xFF1D,0xFF1D,0xEEFB,0x6DF0,0x5DCF,0x5DCF,0x5DCF,0x5DCF,0x5DCF,
    0x5DCF,0x5DCF,0x5DCF,0x5DCF,0x9633,0xFF1D,0xFF1D,0xFF1D,0xFF1D,0xFF1D,0xFF1D,0xFF1D,
    0xFF1D,0xFF1D,0xFF1D,0xFF1D,0xFF1D,0xFF1D,0xFF1D,0xFF1D,0xFF1D,0xFF1D,0xFF1D,0xFF1D,
    0xFF1D,0xFF1D,0xFF1D,0xFF1D,0xFF1D,0xFF1D,0xFF1D,0xFF1D,0xFF1D,0xFF1D,0xFF1D,0xFF1D,
    0xFF1D,0xFF1D,0xFF1D,0xFF1D,0xFF1D,0xFF1D,0xFF1D,0xFF1D,0xFF5E,0xFFBE,0xFFDF,0xFFFF,
    0xFFFF,0xFFFF,0xFFFF,0xFFFF,0xFFFF,0xFFFF,0xFFFF,0xFFFF,0xFFFF,0xFFFF,0xFFFF,0xFFFF,
    0xFFFF,0xFFFF,0xFFFF,0xFFFF,0xFFFF,0xFFFF,0xFFFF,0xFFFF,0xFFFF,0xFFFF,0xFFFF,0xFFFF,
    0xFFFF,0xFFFF,0xFFFF,0xFFFF,0xFFFF,0xFFFF,0xFFFF,0xFFFF,0xFFFF,0xFFFF,0xFFFF,0xFFFF,
    0xFFFF,0xFFFF,0xFFFF,0xFFFF,0xFFFF,0xFFFF,0xFFFF,0xFFFF,0xFFFF,0xFFFF,0xFFFF,0xFFFF,
    0xFFFF,0xFFFF,0xFFFF,0xFFFF,0xFFFF,0xFFFF,0xFFFF,0xFFFF,0xFFFF,0xFFFF,0xFFFF,0xFFFF,
    0xFFFF,0xFFFF,0xFFFF,0xFFFF,0xFFFF,0xFFFF,0xFFFF,0xFFFF,0xFFFF,0xFFFF,0xFFFF,0xFFFF,
    0xFFFF,0xFFFF,0xFFFF,0xFFFF,0xFFFF,0xFFFF,0xFFFF,0xFFFF,0xFFFF,0xFFFF,0xFFFF,0xFFFF,
    0xFFFF,0xFFDF,0xFFBE,0xFF5E,0xFF1D,0xFF1D,0xFF1D,0xFF1D,0xFF1D,0xFF1D,0xFF1D,0xFF1D,
    0xFF1D,0xFF1D,0xFF1D,0xFF1D,0xFF1D,0xFF1D,0xFF1D,0xFF1D,0xFF1D,0xFF1D,0xFF1D,0xFF1D,
    0xFF1D,0xFF1D,0xFF1D,0xFF1D,0xFF1D,0xFF1D,0xFF1D,0xFF1D,0xFF1D,0xFF1D,0xFF1D,0xFF1D,
    0xFF1D,0xFF1D,0xFF1D,0xFF1D,0xFF1D,0xFF1D,0xFF1D,0xFF1D,0xFF1D,0xFF1D,0xFF1D,0xFF1D,
    0xFF1D,0xFF1D,0xFF1D,0xFF1D,0xFF1D,0xFF1D,0xFF1D,0xFF1D,0xFF1D,0xFF1D,0xFF1D,0xFF1D,
    0xFF1D,0xFF1D,0xFF1D,0xFF1D,0xFF1D,0xFF1D,0xFF1D,0xFF1D,0xFF1D,0xFF1D,0xFF1D,0xFF1D,
    0xFF1D,0xFF1D,0xFF1D,0xFF1D,0xFF1D,0xFF1D,0xFF1D,0xFF1D,0xFF1D,0xFF1D,0xFF1D,0xFF1D,
    0xFF1D,0xFF1D,0xFF1D,0xFF1D,0xFF1D,0xFF1D,0xFF1D,0xFF1D,0xFF1D,0xFF1D,0xFF1D,0xFF1D,
    0xFF1D,0xFF1D,0xFF1D,0xFF1D,0xFF1D,0xFF1D,0xFF1D,0xFF1D,0xFF1D,0xFF1D,0xFF1D,0xFF1D,
    0xFF1D,0xFF1D,0xFF1D,0xFF1D,0xFF1D,0xFF1D,0xFF1D,0xFF1D,0xFF1D,0xFF1D,0xFF1D,0xFF1D,
    0xFF1D,0xFF1D,0xFF1D,0xFF1D,0xFF1D,0xFF1D,0xFF1D,0xFF1D,0xFF1D,0xFF1D,0xFF1D,0xFF1D,
    0xFF1D,0xFF1D,0xFF1D,0xFF1D,0xFF1D,0xFF1D,0xFF1D,0xFF1D,0xFF1D,0xFF1D,0xFF1D,0xFF1D,
    0xFF1D,0xFF1D,0xFF1D,0xFF1D,0xFF1D,0xFF1D,0xFF1D,0xFF1D,0xFF1D,0xFF1D,0xFF1D,0xFF1D,
    0xFF1D,0xFF1D,0xFF1D,0xFF1D,0xFF1D,0xFF1D,0xFF1D,0xFF1D,0xFF1D,0xFF1D,0xFF1D,0xFF1D,
    0xFF1D,0xFF1D,0xFF1D,0xFF1D,0xFF1D,0xDEDA,0x5DCF,0x5DCF,0x5DCF,0x9633,0xFF1D,0xFF1D,
    0xF71C,0x7E11,0x5DCF,0x5DCF,0x5DCF,0x5DCF,0x5DCF,0x5DCF,0x5DCF,0x5DCF,0x5DCF,0x5DCF,
    0xB677,0xFF1D,0xFF1D,0xFF1D,0xFF1D,0xFF1D,0xFF1D,0xFF1D,0xFF1D,0xFF1D,0xFF1D,0xFF1D,
    0xFF1D,0xFF1D,0xFF1D,0xFF1D,0xFF1D,0xFF1D,0xFF1D,0xFF1D,0xFF1D,0xFF1D,0xFF1D,0xFF1D,
    0xFF1D,0xFF1D,0xFF1D,0xFF1D,0xFF1D,0xFF1D,0xFF1D,0xFF1D,0xFF1D,0xFF1D,0xFF1D,0xFF1D,
    0xFF1D,0xFF1D,0xFF1D,0xFF1D,0xFF1D,0xFF1D,0xFF1D,0xFF1D,0xFF1D,0xFF1D,0xFF1D,0xFF1D,
    0xFF1D,0xFF1D,0xFF1D,0xFF1D,0xFF1D,0xFF1D,0xFF1D,0xFF1D,0xFF1D,0xFF1D,0xFF1D,0xFF1D,
    0xFF1D,0xFF1D,0xFF1D,0xFF1D,0xFF1D,0xFF1D,0xFF1D,0xFF1D,0xFF1D,0xFF1D,0xFF1D,0xFF1D,
    0xFF1D,0xFF1D,0xFF1D,0xFF1D,0xFF1D,0xFF1D,0xFF1D,0xFF1D,0xFF1D,0xFF1D,0xFF1D,0xFF1D,
    0xFF1D,0xFF1D,0xFF1D,0xFF1D,0xFF1D,0xFF1D,0xFF1D,0xFF1D,0xFF1D,0xFF1D,0xFF1D,0xFF1D,
    0xFF1D,0xFF1D,0xFF1D,0xFF1D,0xFF1D,0xFF1D,0xFF1D,0xFF1D,0xFF1D,0xFF1D,0xFF1D,0xFF1D,
    0xFF1D,0xFF1D,0xFF1D,0xFF1D,0xFF1D,0xFF1D,0xFF1D,0xFF1D,0xFF1D,0xFF1D,0xFF1D,0xFF1D,
    0xFF1D,0xFF1D,0xFF1D,0xFF1D,0xFF1D,0xFF1D,0xFF1D,0xFF1D,0xFF1D,0xFF1D,0xFF1D,0xFF1D,
    0xFF1D,0xFF1D,0xFF1D,0xFF1D,0xFF1D,0xFF1D,0xFF1D,0xFF1D,0xFF1D,0xFF1D,0xFF1D,0xFF1D,
    0xFF1D,0xFF1D,0xFF1D,0xFF1D,0xFF1D,0xFF1D,0xFF1D,0xFF1D,0xFF1D,0xFF1D,0xFF1D,0xFF1D,
    0xFF1D,0xFF1D,0xFF1D,0xFF1D,0xFF1D,0xFF1D,0xFF1D,0xFF1D,0xFF1D,0xFF1D,0xFF1D,0xFF1D,
    0xFF1D,0xFF1D,0xFF1D,0xFF1D,0xFF1D,0xFF1D,0xFF1D,0xFF1D,0xFF1D,0xFF1D,0xFF1D,0xFF1D,
    0xFF1D,0xFF1D,0xFF1D,0xFF1D,0xFF1D,0xFF1D,0xFF1D,0xFF1D,0xFF1D,0xFF1D,0xFF1D,0xFF1D,
    0xFF1D,0xFF1D,0xFF1D,0xFF1D,0xFF1D,0xFF1D,0xFF1D,0xFF1D,0xFF1D,0xFF1D,0xFF1D,0xFF1D,
    0xFF1D,0xFF1D,0xFF1D,0xFF1D,0xFF1D,0xFF1D,0xFF1D,0xFF1D,0xFF1D,0xFF1D,0xFF1D,0xFF1D,
    0xFF1D,0xFF1D,0xFF1D,0xFF1D,0xFF1D,0xFF1D,0xFF1D,0xFF1D,0xFF1D,0xFF1D,0xFF1D,0xFF1D,
    0xFF1D,0xFF1D,0xFF1D,0xFF1D,0xFF1D,0xFF1D,0xFF1D,0xFF1D,0xFF1D,0xFF1D,0xFF1D,0xFF1D,
    0xFF1D,0xFF1D,0xFF1D,0xFF1D,0xFF1D,0xFF1D,0xFF1D,0xFF1D,0xFF1D,0xFF1D,0xFF1D,0xFF1D,
    0xFF1D,0xFF1D,0xFF1D,0xFF1D,0xFF1D,0xFF1D,0xFF1D,0xFF1D,0xFF1D,0xFF1D,0xFF1D,0xFF1D,
    0xFF1D,0xFF1D,0xFF1D,0xFF1D,0xFF1D,0xFF1D,0xFF1D,0xFF1D,0xFF1D,0xFF1D,0xFF1D,0xFF1D,
    0xFF1D,0xFF1D,0xFF1D,0xFF1D,0xFF1D,0xFF1D,0xFF1D,0xFF1D,0xFF1D,0xFF1D,0xFF1D,0xFF1D,
    0xFF1D,0xFF1D,0xFF1D,0xFF1D,0xFF1D,0xFF1D,0xFF1D,0xFF1D,0xFF1D,0xFF1D,0xFF1D,0xFF1D,
    0xFF1D,0xFF1D,0x9634,0x5DCF,0x5DCF,0xA655,0xFF1D,0xFF1D,0x9633,0x5DCF,0x5DCF,0x5DCF,
    0x5DCF,0x5DCF,0x5DCF,0x5DCF,0x5DCF,0x5DCF,0x5DCF,0x5DCF,0xE6DB,0xFF1D,0xFF1D,0xFF1D,
    0xFF1D,0xFF1D,0xFF1D,0xFF1D,0xFF1D,0xFF1D,0xFF1D,0xFF1D,0xFF1D,0xFF1D,0xFF1D,0xFF1D,
    0xFF1D,0xFF1D,0xFF1D,0xFF1D,0xFF1D,0xFF1D,0xFF1D,0xFF1D,0xFF1D,0xFF1D,0xFF1D,0xFF1D,
    0xFF1D,0xFF1D,0xFF1D,0xFF1D,0xFF1D,0xFF1D,0xFF1D,0xFF1D,0xFF1D,0xFF1D,0xFF1D,0xFF1D,
    0xFF1D,0xFF1D,0xFF1D,0xFF1D,0xFF1D,0xFF1D,0xFF1D,0xFF1D,0xFF1D,0xFF1D,0xFF1D,0xFF1D,
    0xFF1D,0xFF1D,0xFF1D,0xFF1D,0xFF1D,0xFF1D,0xFF1D,0xFF1D,0xFF1D,0xFF1D,0xFF1D,0xFF1D,
    0xFF1D,0xFF1D,0xFF1D,0xFF1D,0xFF1D,0xFF1D,0xFF1D,0xFF1D,0xFF1D,0xFF1D,0xFF1D,0xFF1D,
    0xFF1D,0xFF1D,0xFF1D,0xFF1D,0xFF1D,0xFF1D,0xFF1D,0xFF1D,0xFF1D,0xFF1D,0xFF1D,0xFF1D,
    0xFF1D,0xFF1D,0xFF1D,0xFF1D,0xFF1D,0xFF1D,0xFF1D,0xFF1D,0xFF1D,0xFF1D,0xFF1D,0xFF1D,
    0xFF1D,0xFF1D,0xFF1D,0xFF1D,0xFF1D,0xFF1D,0xFF1D,0xFF1D,0xFF1D,0xFF1D,0xFF1D,0xFF1D,
    0xFF1D,0xFF1D,0xFF1D,0xFF1D,0xFF1D,0xFF1D,0xFF1D,0xFF1D,0xFF1D,0xFF1D,0xFF1D,0xFF1D,
    0xFF1D,0xFF1D,0xFF1D,0xFF1D,0xFF1D,0xFF1D,0xFF1D,0xFF1D,0xFF1D,0xFF1D,0xFF1D,0xFF1D,
    0xFF1D,0xFF1D,0xFF1D,0xFF1D,0xFF1D,0xFF1D,0xFF1D,0xFF1D,0xFF1D,0xFF1D,0xFF1D,0xFF1D,
    0xFF1D,0xFF1D,0xFF1D,0xFF1D,0xFF1D,0xFF1D,0xFF1D,0xFF1D,0xFF1D,0xFF1D,0xFF1D,0xFF1D,
    0xFF1D,0xFF1D,0xFF1D,0xFF1D,0xFF1D,0xFF1D,0xFF1D,0xFF1D,0xFF1D,0xFF1D,0xFF1D,0xFF1D,
    0xFF1D,0xFF1D,0xFF1D,0xFF1D,0xFF1D,0xFF1D,0xFF1D,0xFF1D,0xFF1D,0xFF1D,0xFF1D,0xFF1D,
    0xFF1D,0xFF1D,0xFF1D,0xFF1D,0xFF1D,0xFF1D,0xFF1D,0xFF1D,0xFF1D,0xFF1D,0xFF1D,0xFF1D,
    0xFF1D,0xFF1D,0xFF1D,0xFF1D,0xFF1D,0xFF1D,0xFF1D,0xFF1D,0xFF1D,0xFF1D,0xFF1D,0xFF1D,
    0xFF1D,0xFF1D,0xFF1D,0xFF1D,0xFF1D,0xFF1D,0xFF1D,0xFF1D,0xFF1D,0xFF1D,0xFF1D,0xFF1D,
    0xFF1D,0xFF1D,0xFF1D,0xFF1D,0xFF1D,0xFF1D,0xFF1D,0xFF1D,0xFF1D,0xFF1D,0xFF1D,0xFF1D,
    0xFF1D,0xFF1D,0xFF1D,0xFF1D,0xFF1D,0xFF1D,0xFF1D,0xFF1D,0xFF1D,0xFF1D,0xFF1D,0xFF1D,
    0xFF1D,0xFF1D,0xFF1D,0xFF1D,0xFF1D,0xFF1D,0xFF1D,0xFF1D,0xFF1D,0xFF1D,0xFF1D,0xFF1D,
    0xFF1D,0xFF1D,0xFF1D,0xFF1D,0xFF1D,0xFF1D,0xFF1D,0xFF1D,0xFF1D,0xFF1D,0xFF1D,0xFF1D,
    0xFF1D,0xFF1D,0xFF1D,0xFF1D,0xFF1D,0xFF1D,0xFF1D,0xFF1D,0xFF1D,0xFF1D,0xFF1D,0xFF1D,
    0xFF1D,0xFF1D,0xFF1D,0xFF1D,0xFF1D,0xFF1D,0xFF1D,0xFF1D,0xFF1D,0xFF1D,0xFF1D,0xFF1D,
    0xFF1D,0xFF1D,0xFF1D,0xFF1D,0xFF1D,0xFF1D,0xFF1D,0xFF1D,0xFF1D,0xFF1D,0xEEFB,0x65CF,
    0x5DCF,0xBE97,0xFF1D,0xBE97,0x5DCF,0x5DCF,0x5DCF,0x5DCF,0x5DCF,0x5DCF,0x5DCF,0x5DCF,
    0x5DCF,0x5DCF,0x5DCF,0x8612,0xFF1D,0xFF1D,0xFF1D,0xFF1D,0xFF1D,0xFF1D,0xFF1D,0xFF1D,
    0xFF1D,0xFF1D,0xFF1D,0xFF1D,0xFF1D,0xFF1D,0xFF1D,0xFF1D,0xFF1D,0xFF1D,0xFF1D,0xFF1D,
    0xFF1D,0xFF1D,0xFF1D,0xFF1D,0xFF1D,0xFF1D,0xFF1D,0xFF1D,0xFF1D,0xFF1D,0xFF1D,0xFF1D,
    0xFF1D,0xFF1D,0xFF1D,0xFF1D,0xFF1D,0xFF1D,0xFF1D,0xFF1D,0xFF1D,0xFF1D,0xFF1D,0xFF1D,
    0xFF1D,0xFF1D,0xFF1D,0xFF1D,0xFF1D,0xFF1D,0xFF1D,0xFF1D,0xFF1D,0xFF1D,0xFF1D,0xFF1D,
    0xFF1D,0xFF1D,0xFF1D,0xFF1D,0xFF1D,0xFF1D,0xFF1D,0xFF1D,0xFF1D,0xFF1D,0xFF1D,0xFF1D,
    0xFF1D,0xFF1D,0xFF1D,0xFF1D,0xFF1D,0xFF1D,0xFF1D,0xFF1D,0xFF1D,0xFF1D,0xFF1D,0xFF1D,
    0xFF1D,0xFF1D,0xFF1D,0xFF1D,0xFF1D,0xFF1D,0xFF1D,0xFF1D,0xFF1D,0xFF1D,0xFF1D,0xFF1D,
    0xFF1D,0xFF1D,0xFF1D,0xFF1D,0xFF1D,0xFF1D,0xFF1D,0xFF1D,0xFF1D,0xFF1D,0xFF1D,0xFF1D,
    0xFF1D,0xFF1D,0xFF1D,0xFF1D,0xFF1D,0xFF1D,0xFF1D,0xFF1D,0xFF1D,0xFF1D,0xFF1D,0xFF1D,
    0xFF1D,0xFF1D,0xFF1D,0xFF1D,0xFF1D,0xFF1D,0xFF1D,0xFF1D,0xFF1D,0xFF1D,0xFF1D,0xFF1D,
    0xFF1D,0xFF1D,0xFF1D,0xFF1D,0xFF1D,0xFF1D,0xFF1D,0xFF1D,0xFF1D,0xFF1D,0xFF1D,0xFF1D,
    0xFF1D,0xFF1D,0xFF1D,0xFF1D,0xFF1D,0xFF1D,0xFF1D,0xFF1D,0xFF1D,0xFF1D,0xFF1D,0xFF1D,
    0xFF1D,0xFF1D,0xFF1D,0xFF1D,0xFF1D,0xFF1D,0xFF1D,0xFF1D,0xFF1D,0xFF1D,0xFF1D,0xFF1D,
    0xFF1D,0xFF1D,0xFF1D,0xFF1D,0xFF1D,0xFF1D,0xFF1D,0xFF1D,0xFF1D,0xFF1D,0xFF1D,0xFF1D,
    0xFF1D,0xFF1D,0xFF1D,0xFF1D,0xFF1D,0xFF1D,0xFF1D,0xFF1D,0xFF1D,0xFF1D,0xFF1D,0xFF1D,
    0xFF1D,0xFF1D,0xFF1D,0xFF1D,0xFF1D,0xFF1D,0xFF1D,0xFF1D,0xFF1D,0xFF1D,0xFF1D,0xFF1D,
    0xFF1D,0xFF1D,0xFF1D,0xFF1D,0xFF1D,0xFF1D,0xFF1D,0xFF1D,0xFF1D,0xFF1D,0xFF1D,0xFF1D,
    0xFF1D,0xFF1D,0xFF1D,0xFF1D,0xFF1D,0xFF1D,0xFF1D,0xFF1D,0xFF1D,0xFF1D,0xFF1D,0xFF1D,
    0xFF1D,0xFF1D,0xFF1D,0xFF1D,0xFF1D,0xFF1D,0xFF1D,0xFF1D,0xFF1D,0xFF1D,0xFF1D,0xFF1D,
    0xFF1D,0xFF1D,0xFF1D,0xFF1D,0xFF1D,0xFF1D,0xFF1D,0xFF1D,0xFF1D,0xFF1D,0xFF1D,0xFF1D,
    0xFF1D,0xFF1D,0xFF1D,0xFF1D,0xFF1D,0xFF1D,0xFF1D,0xFF1D,0xFF1D,0xFF1D,0xFF1D,0xFF1D,
    0xFF1D,0xFF1D,0xFF1D,0xFF1D,0xFF1D,0xFF1D,0xFF1D,0xFF1D,0xFF1D,0xFF1D,0xFF1D,0xFF1D,
    0xFF1D,0xFF1D,0xFF1D,0xFF1D,0xFF1D,0xFF1D,0xFF1D,0xFF1D,0xFF1D,0xFF1D,0xFF1D,0xFF1D,
    0xFF1D,0xFF1D,0xFF1D,0xFF1D,0xFF1D,0xFF1D,0xFF1D,0xFF1D,0xFF1D,0xFF1D,0xFF1D,0xFF1D,
    0xFF1D,0xFF1D,0xFF1D,0xFF1D,0xFF1D,0xFF1D,0xFF1D,0xB676,0x5DCF,0xCEB9,0xE6DA,0x65CF,
    0x5DCF,0x5DCF,0x5DCF,0x5DCF,0x5DCF,0x5DCF,0x5DCF,0x5DCF,0x5DCF,0x5DCF,0x5DCF,0xCEB8,
    0xFF1D,0xFF1D,0xFF1D,0xFF1D,0xFF1D,0xFF1D,0xFF1D,0xFF1D,0xFF1D,0xFF1D,0xFF1D,0xFF1D,
    0xFF1D,0xFF1D,0xFF1D,0xFF1D,0xFF1D,0xFF1D,0xFF1D,0xFF1D,0xFF1D,0xFF1D,0xFF1D,0xFF1D,
    0xFF1D,0xFF1D,0xFF1D,0xFF1D,0xFF1D,0xFF1D,0xFF1D,0xFF1D,0xFF1D,0xFF1D,0xFF1D,0xFF1D,
    0xFF1D,0xFF1D,0xFF1D,0xFF1D,0xFF1D,0xFF1D,0xFF1D,0xFF1D,0xFF1D,0xFF1D,0xFF1D,0xFF1D,
    0xFF1D,0xFF1D,0xFF1D,0xFF1D,0xFF1D,0xFF1D,0xFF1D,0xFF1D,0xFF1D,0xFF1D,0xFF1D,0xFF1D,
    0xFF1D,0xFF1D,0xFF1D,0xFF1D,0xFF1D,0xFF1D,0xFF1D,0xFF1D,0xFF1D,0xFF1D,0xFF1D,0xFF1D,
    0xFF1D,0xFF1D,0xFF1D,0xFF1D,0xFF1D,0xFF1D,0xFF1D,0xFF1D,0xFF1D,0xFF1D,0xFF1D,0xFF1D,
    0xFF1D,0xFF1D,0xFF1D,0xFF1D,0xFF1D,0xFF1D,0xFF1D,0xFF1D,0xFF1D,0xFF1D,0xFF1D,0xFF1D,
    0xFF1D,0xFF1D,0xFF1D,0xFF1D,0xFF1D,0xFF1D,0xFF1D,0xFF1D,0xFF1D,0xFF1D,0xFF1D,0xFF1D,
    0xFF1D,0xFF1D,0xFF1D,0xFF1D,0xFF1D,0xFF1D,0xFF1D,0xFF1D,0xFF1D,0xFF1D,0xFF1D,0xFF1D,
    0xFF1D,0xFF1D,0xFF1D,0xFF1D,0xFF1D,0xFF1D,0xFF1D,0xFF1D,0xFF1D,0xFF1D,0xFF1D,0xFF1D,
    0xFF1D,0xFF1D,0xFF1D,0xFF1D,0xFF1D,0xFF1D,0xFF1D,0xFF1D,0xFF1D,0xFF1D,0xFF1D,0xFF1D,
    0xFF1D,0xFF1D,0xFF1D,0xFF1D,0xFF1D,0xFF1D,0xFF1D,0xFF1D,0xFF1D,0xFF1D,0xFF1D,0xFF1D,
    0xFF1D,0xFF1D,0xFF1D,0xFF1D,0xFF1D,0xFF1D,0xFF1D,0xFF1D,0xFF1D,0xFF1D,0xFF1D,0xFF1D,
    0xFF1D,0xFF1D,0xFF1D,0xFF1D,0xFF1D,0xFF1D,0xFF1D,0xFF1D,0xFF1D,0xFF1D,0xFF1D,0xFF1D,
    0xFF1D,0xFF1D,0xFF1D,0xFF1D,0xFF1D,0xFF1D,0xFF1D,0xFF1D,0xFF1D,0xFF1D,0xFF1D,0xFF1D,
    0xFF1D,0xFF1D,0xFF1D,0xFF1D,0xFF1D,0xFF1D,0xFF1D,0xFF1D,0xFF1D,0xFF1D,0xFF1D,0xFF1D,
    0xFF1D,0xFF1D,0xFF1D,0xFF1D,0xFF1D,0xFF1D,0xFF1D,0xFF1D,0xFF1D,0xFF1D,0xFF1D,0xFF1D,
    0xFF1D,0xFF1D,0xFF1D,0xFF1D,0xFF1D,0xFF1D,0xFF1D,0xFF1D,0xFF1D,0xFF1D,0xFF1D,0xFF1D,
    0xFF1D,0xFF1D,0xFF1D,0xFF1D,0xFF1D,0xFF1D,0xFF1D,0xFF1D,0xFF1D,0xFF1D,0xFF1D,0xFF1D,
    0xFF1D,0xFF1D,0xFF1D,0xFF1D,0xFF1D,0xFF1D,0xFF1D,0xFF1D,0xFF1D,0xFF1D,0xFF1D,0xFF1D,
    0xFF1D,0xFF1D,0xFF1D,0xFF1D,0xFF1D,0xFF1D,0xFF1D,0xFF1D,0xFF1D,0xFF1D,0xFF1D,0xFF1D,
    0xFF1D,0xFF1D,0xFF1D,0xFF1D,0xFF1D,0xFF1D,0xFF1D,0xFF1D,0xFF1D,0xFF1D,0xFF1D,0xFF1D,
    0xFF1D,0xFF1D,0xFF1D,0xFF1D,0xFF1D,0xFF1D,0xFF1D,0xFF1D,0xFF1D,0xFF1D,0xFF1D,0xFF1D,
    0xFF1D,0xFF1D,0xFF1D,0xFF1D,0xFF1D,0xFF1D,0xFF1D,0xFF1D,0xFF1D,0xFF1D,0xFF1D,0xFF1D,
    0xFF1D,0xFF1D,0xFF1D,0xFF1D,0x75F1,0xDEDA,0x75F1,0x5DCF,0x5DCF,0x5DCF,0x5DCF,0x5DCF,
    0x5DCF,0x5DCF,0x5DCF,0x5DCF,0x5DCF,0x5DCF,0x8E12,0xFF1D,0xFF1D,0xFF1D,0xFF1D,0xFF1D,
    0xFF1D,0xFF1D,0xFF1D,0xFF1D,0xFF1D,0xFF1D,0xFF1D,0xFF1D,0xFF1D,0xFF1D,0xFF1D,0xFF1D,
    0xFF1D,0xFF1D,0xFF1D,0xFF1D,0xFF1D,0xFF1D,0xFF1D,0xFF1D,0xFF1D,0xFF1D,0xFF1D,0xFF1D,
    0xFF1D,0xFF1D,0xFF1D,0xFF1D,0xFF1D,0xFF1D,0xFF1D,0xFF1D,0xFF1D,0xFF1D,0xFF1D,0xFF1D,
    0xFF1D,0xFF1D,0xFF1D,0xFF1D,0xFF1D,0xFF1D,0xFF1D,0xFF1D,0xFF1D,0xFF1D,0xFF1D,0xFF1D,
    0xFF1D,0xFF1D,0xFF1D,0xFF1D,0xFF1D,0xFF1D,0xFF1D,0xFF1D,0xFF1D,0xFF1D,0xFF1D,0xFF1D,
    0xFF1D,0xFF1D,0xFF1D,0xFF1D,0xFF1D,0xFF1D,0xFF1D,0xFF1D,0xFF1D,0xFF1D,0xFF1D,0xFF1D,
    0xFF1D,0xFF1D,0xFF1D,0xFF1D,0xFF1D,0xFF1D,0xFF1D,0xFF1D,0xFF1D,0xFF1D,0xFF1D,0xFF1D,
    0xFF1D,0xFF1D,0xFF1D,0xFF1D,0xFF1D,0xFF1D,0xFF1D,0xFF1D,0xFF1D,0xFF1D,0xFF1D,0xFF1D,
    0xFF1D,0xFF1D,0xFF1D,0xFF1D,0xFF1D,0xFF1D,0xFF1D,0xFF1D,0xFF1D,0xFF1D,0xFF1D,0xFF1D,
    0xFF1D,0xFF1D,0xFF1D,0xFF1D,0xFF1D,0xFF1D,0xFF1D,0xFF1D,0xFF1D,0xFF1D,0xFF1D,0xFF1D,
    0xFF1D,0xFF1D,0xFF1D,0xFF1D,0xFF1D,0xFF1D,0xFF1D,0xFF1D,0xFF1D,0xFF1D,0xFF1D,0xFF1D,
    0xFF1D,0xFF1D,0xFF1D,0xFF1D,0xFF1D,0xFF1D,0xFF1D,0xFF1D,0xFF1D,0xFF1D,0xFF1D,0xFF1D,
    0xFF1D,0xFF1D,0xFF1D,0xFF1D,0xFF1D,0xFF1D,0xFF1D,0xFF1D,0xFF1D,0xFF1D,0xFF1D,0xFF1D,
    0xFF1D,0xFF1D,0xFF1D,0xFF1D,0xFF1D,0xFF1D,0xFF1D,0xFF1D,0xFF1D,0xFF1D,0xFF1D,0xFF1D,
    0xFF1D,0xFF1D,0xFF1D,0xFF1D,0xFF1D,0xFF1D,0xFF1D,0xFF1D,0xFF1D,0xFF1D,0xFF1D,0xFF1D,
    0xFF1D,0xFF1D,0xFF1D,0xFF1D,0xFF1D,0xFF1D,0xFF1D,0xFF1D,0xFF1D,0xFF1D,0xFF1D,0xFF1D,
    0xFF1D,0xFF1D,0xFF1D,0xFF1D,0xFF1D,0xFF1D,0xFF1D,0xFF1D,0xFF1D,0xFF1D,0xFF1D,0xFF1D,
    0xFF1D,0xFF1D,0xFF1D,0xFF1D,0xFF1D,0xFF1D,0xFF1D,0xFF1D,0xFF1D,0xFF1D,0xFF1D,0xFF1D,
    0xFF1D,0xFF1D,0xFF1D,0xFF1D,0xFF1D,0xFF1D,0xFF1D,0xFF1D,0xFF1D,0xFF1D,0xFF1D,0xFF1D,
    0xFF1D,0xFF1D,0xFF1D,0xFF1D,0xFF1D,0xFF1D,0xFF1D,0xFF1D,0xFF1D,0xFF1D,0xFF1D,0xFF1D,
    0xFF1D,0xFF1D,0xFF1D,0xFF1D,0xFF1D,0xFF1D,0xFF1D,0xFF1D,0xFF1D,0xFF1D,0xFF1D,0xFF1D,
    0xFF1D,0xFF1D,0xFF1D,0xFF1D,0xFF1D,0xFF1D,0xFF1D,0xFF1D,0xFF1D,0xFF1D,0xFF1D,0xFF1D,
    0xFF1D,0xFF1D,0xFF1D,0xFF1D,0xFF1D,0xFF1D,0xFF1D,0xFF1D,0xFF1D,0xFF1D,0xFF1D,0xFF1D,
    0xFF1D,0xFF1D,0xFF1D,0xFF1D,0xFF1D,0xFF1D,0xFF1D,0xFF1D,0xFF1D,0xFF1D,0xFF1D,0xFF1D,
    0xFF1D,0xFF1D,0xFF1D,0xFF1D,0xFF1D,0xFF1D,0xFF1D,0xFF1D,0xFF1D,0xFF1D,0xFF1D,0xFF1D,
    0xD6B9,0x8E33,0x5DCF,0x5DCF,0x5DCF,0x5DCF,0x5DCF,0x5DCF,0x5DCF,0x5DCF,0x5DCF,0x5DCF,
    0x5DCF,0x75F1,0xF6FC,0xFF1D,0xFF1D,0xFF1D,0xFF1D,0xFF1D,0xFF1D,0xFF1D,0xFF1D,0xFF1D,
    0xFF1D,0xFF1D,0xFF1D,0xFF1D,0xFF1D,0xFF1D,0xFF1D,0xFF1D,0xFF1D,0xFF1D,0xFF1D,0xFF1D,
    0xFF1D,0xFF1D,0xFF1D,0xFF1D,0xFF1D,0xFF1D,0xFF1D,0xFF1D,0xFF1D,0xFF1D,0xFF1D,0xFF1D,
    0xFF1D,0xFF1D,0xFF1D,0xFF1D,0xFF1D,0xFF1D,0xFF1D,0xFF1D,0xFF1D,0xFF1D,0xFF1D,0xFF1D,
    0xFF1D,0xFF1D,0xFF1D,0xFF1D,0xFF1D,0xFF1D,0xFF1D,0xFF1D,0xFF1D,0xFF1D,0xFF1D,0xFF1D,
    0xFF1D,0xFF1D,0xFF1D,0xFF1D,0xFF1D,0xFF1D,0xFF1D,0xFF1D,0xFF1D,0xFF1D,0xFF1D,0xFF1D,
    0xFF1D,0xFF1D,0xFF1D,0xFF1D,0xFF1D,0xFF1D,0xFF1D,0xFF1D,0xFF1D,0xFF1D,0xFF1D,0xFF1D,
    0xFF1D,0xFF1D,0xFF1D,0xFF1D,0xFF1D,0xFF1D,0xFF1D,0xFF1D,0xFF1D,0xFF1D,0xFF1D,0xFF1D,
    0xFF1D,0xFF1D,0xFF1D,0xFF1D,0xFF1D,0xFF1D,0xFF1D,0xFF1D,0xFF1D,0xFF1D,0xFF1D,0xFF1D,
    0xFF1D,0xFF1D,0xFF1D,0xFF1D,0xFF1D,0xFF1D,0xFF1D,0xFF1D,0xFF1D,0xFF1D,0xFF1D,0xFF1D,
    0xFF1D,0xFF1D,0xFF1D,0xFF1D,0xFF1D,0xFF1D,0xFF1D,0xFF1D,0xFF1D,0xFF1D,0xFF1D,0xFF1D,
    0xFF1D,0xFF1D,0xFF1D,0xFF1D,0xFF1D,0xFF1D,0xFF1D,0xFF1D,0xFF1D,0xFF1D,0xFF1D,0xFF1D,
    0xFF1D,0xFF1D,0xFF1D,0xFF1D,0xFF1D,0xFF1D,0xFF1D,0xFF1D,0xFF1D,0xFF1D,0xFF1D,0xFF1D,
    0xFF1D,0xFF1D,0xFF1D,0xFF1D,0xFF1D,0xFF1D,0xFF1D,0xFF1D,0xFF1D,0xFF1D,0xFF1D,0xFF1D,
    0xFF1D,0xFF1D,0xFF1D,0xFF1D,0xFF1D,0xFF1D,0xFF1D,0xFF1D,0xFF1D,0xFF1D,0xFF1D,0xFF1D,
    0xFF1D,0xFF1D,0xFF1D,0xFF1D,0xFF1D,0xFF1D,0xFF1D,0xFF1D,0xFF1D,0xFF1D,0xFF1D,0xFF1D,
    0xFF1D,0xFF1D,0xFF1D,0xFF1D,0xFF1D,0xFF1D,0xFF1D,0xFF1D,0xFF1D,0xFF1D,0xFF1D,0xFF1D,
    0xFF1D,0xFF1D,0xFF1D,0xFF1D,0xFF1D,0xFF1D,0xFF1D,0xFF1D,0xFF1D,0xFF1D,0xFF1D,0xFF1D,
    0xFF1D,0xFF1D,0xFF1D,0xFF1D,0xFF1D,0xFF1D,0xFF1D,0xFF1D,0xFF1D,0xFF1D,0xFF1D,0xFF1D,
    0xFF1D,0xFF1D,0xFF1D,0xFF1D,0xFF1D,0xFF1D,0xFF1D,0xFF1D,0xFF1D,0xFF1D,0xFF1D,0xFF1D,
    0xFF1D,0xFF1D,0xFF1D,0xFF1D,0xFF1D,0xFF1D,0xFF1D,0xFF1D,0xFF1D,0xFF1D,0xFF1D,0xFF1D,
    0xFF1D,0xFF1D,0xFF1D,0xFF1D,0xFF1D,0xFF1D,0xFF1D,0xFF1D,0xFF1D,0xFF1D,0xFF1D,0xFF1D,
    0xFF1D,0xFF1D,0xFF1D,0xFF1D,0xFF1D,0xFF1D,0xFF1D,0xFF1D,0xFF1D,0xFF1D,0xFF1D,0xFF1D,
    0xFF1D,0xFF1D,0xFF1D,0xFF1D,0xFF1D,0xFF1D,0xFF1D,0xFF1D,0xFF1D,0xFF1D,0xFF1D,0xFF1D,
    0xFF1D,0xFF1D,0xFF1D,0xFF1D,0xFF1D,0xFF1D,0xFF1D,0xFF1D,0xFF1D,0xFEBB,0xDCEF,0xCC0A,
    0xCBC9,0xCBC9,0xCBC9,0xCBC9,0xCBC9,0xCBC9,0xCBC9,0xCBC9,0xCBC9,0xB42A,0x94CC,0x6D8E,
    0x5DCF,0x5DCF,0x5DCF,0x5DCF,0x5DCF,0x5DCF,0x5DCF,0x5DCF,0x8E12,0xF6FC,0xFF1D,0xFF1D,
    0xFF1D,0xFF1D,0xFF1D,0xFF1D,0xFF1D,0xFF1D,0xFF1D,0xFF1D,0xFF1D,0xFF1D,0xFF1D,0xFF1D,
    0xFF1D,0xFF1D,0xFF1D,0xFF1D,0xFF1D,0xFF1D,0xFF1D,0xFF1D,0xFF1D,0xFF1D,0xFF1D,0xFF1D,
    0xFF1D,0xFF1D,0xFF1D,0xFF1D,0xFF1D,0xFF1D,0xFF1D,0xFF1D,0xFF1D,0xFF1D,0xFF1D,0xFF1D,
    0xFF1D,0xFF1D,0xFF1D,0xFF1D,0xFF1D,0xFF1D,0xFF1D,0xFF1D,0xFF1D,0xFF1D,0xFF1D,0xFF1D,
    0xFF1D,0xFF1D,0xFF1D,0xFF1D,0xFF1D,0xFF1D,0xFF1D,0xFF1D,0xFF1D,0xFF1D,0xFF1D,0xFF1D,
    0xFF1D,0xFF1D,0xFF1D,0xFF1D,0xFF1D,0xFF1D,0xFF1D,0xFF1D,0xFF1D,0xFF1D,0xFF1D,0xFF1D,
    0xFF1D,0xFF1D,0xFF1D,0xFF1D,0xFF1D,0xFF1D,0xFF1D,0xFF1D,0xFF1D,0xFF1D,0xFF1D,0xFF1D,
    0xFF1D,0xFF1D,0xFF1D,0xFF1D,0xFF1D,0xFF1D,0xFF1D,0xFF1D,0xFF1D,0xFF1D,0xFF1D,0xFF1D,
    0xFF1D,0xFF1D,0xFF1D,0xFF1D,0xFF1D,0xFF1D,0xFF1D,0xFF1D,0xFF1D,0xFF1D,0xFF1D,0xFF1D,
    0xFF1D,0xFF1D,0xFF1D,0xFF1D,0xFF1D,0xFF1D,0xFF1D,0xFF1D,0xFF1D,0xFF1D,0xFF1D,0xFF1D,
    0xFF1D,0xFF1D,0xFF1D,0xFF1D,0xFF1D,0xFF1D,0xFF1D,0xFF1D,0xFF1D,0xFF1D,0xFF1D,0xFF1D,
    0xFF1D,0xFF1D,0xFF1D,0xFF1D,0xFF1D,0xFF1D,0xFF1D,0xFF1D,0xFF1D,0xFF1D,0xFF1D,0xFF1D,
    0xFF1D,0xFF1D,0xFF1D,0xFF1D,0xFF1D,0xFF1D,0xFF1D,0xFF1D,0xFF1D,0xFF1D,0xFF1D,0xFF1D,
    0xFF1D,0xFF1D,0xFF1D,0xFF1D,0xFF1D,0xFF1D,0xFF1D,0xFF1D,0xFF1D,0xFF1D,0xFF1D,0xFF1D,
    0xFF1D,0xFF1D,0xFF1D,0xFF1D,0xFF1D,0xFF1D,0xFF1D,0xFF1D,0xFF1D,0xFF1D,0xFF1D,0xFF1D,
    0xFF1D,0xFF1D,0xFF1D,0xFF1D,0xFF1D,0xFF1D,0xFF1D,0xFF1D,0xFF1D,0xFF1D,0xFF1D,0xFF1D,
    0xFF1D,0xFF1D,0xFF1D,0xFF1D,0xFF1D,0xFF1D,0xFF1D,0xFF1D,0xFF1D,0xFF1D,0xFF1D,0xFF1D,
    0xFF1D,0xFF1D,0xFF1D,0xFF1D,0xFF1D,0xFF1D,0xFF1D,0xFF1D,0xFF1D,0xFF1D,0xFF1D,0xFF1D,
    0xFF1D,0xFF1D,0xFF1D,0xFF1D,0xFF1D,0xFF1D,0xFF1D,0xFF1D,0xFF1D,0xFF1D,0xFF1D,0xFF1D,
    0xFF1D,0xFF1D,0xFF1D,0xFF1D,0xFF1D,0xFF1D,0xFF1D,0xFF1D,0xFF1D,0xFF1D,0xFF1D,0xFF1D,
    0xFF1D,0xFF1D,0xFF1D,0xFF1D,0xFF1D,0xFF1D,0xFF1D,0xFF1D,0xFF1D,0xFF1D,0xFF1D,0xFF1D,
    0xFF1D,0xFF1D,0xFF1D,0xFF1D,0xFF1D,0xFF1D,0xFF1D,0xFF1D,0xFF1D,0xFF1D,0xFF1D,0xFF1D,
    0xFF1D,0xFF1D,0xFF1D,0xFF1D,0xFF1D,0xFF1D,0xFF1D,0xFF1D,0xFF1D,0xFF1D,0xFF1D,0xFF1D,
    0xFF1D,0xFF1D,0xFF1D,0xFF1D,0xFF1D,0xFF1D,0xFF1D,0xFF1D,0xFF1D,0xFF1D,0xFF1D,0xFF1D,
    0xFF1D,0xFF1D,0xFF1D,0xFF1D,0xFEBB,0xCC0A,0xCBC9,0xCBC9,0xCBC9,0xCBC9,0xCBC9,0xCBC9,
    0xCBC9,0xCBC9,0xCBC9,0xCBC9,0xCBC9,0xCBC9,0xCBC9,0xCBC9,0xB42A,0x9CAB,0x8CEC,0x7D4D,
    0x754E,0x7D2D,0x94CC,0xB42A,0xCC0A,0xFEBB,0xFF1D,0xFF1D,0xFF1D,0xFF1D,0xFF1D,0xFF1D,
    0xFF1D,0xFF1D,0xFF1D,0xFF1D,0xFF1D,0xFF1D,0xFF1D,0xFF1D,0xFF1D,0xFF1D,0xFF1D,0xFF1D,
    0xFF1D,0xFF1D,0xFF1D,0xFF1D,0xFF1D,0xFF1D,0xFF1D,0xFF1D,0xFF1D,0xFF1D,0xFF1D,0xFF1D,
    0xFF1D,0xFF1D,0xFF1D,0xFF1D,0xFF1D,0xFF1D,0xFF1D,0xFF1D,0xFF1D,0xFF1D,0xFF1D,0xFF1D,
    0xFF1D,0xFF1D,0xFF1D,0xFF1D,0xFF1D,0xFF1D,0xFF1D,0xFF1D,0xFF1D,0xFF1D,0xFF1D,0xFF1D,
    0xFF1D,0xFF1D,0xFF1D,0xFF1D,0xFF1D,0xFF1D,0xFF1D,0xFF1D,0xFF1D,0xFF1D,0xFF1D,0xFF1D,
    0xFF1D,0xFF1D,0xFF1D,0xFF1D,0xFF1D,0xFF1D,0xFF1D,0xFF1D,0xFF1D,0xFF1D,0xFF1D,0xFF1D,
    0xFF1D,0xFF1D,0xFF1D,0xFF1D,0xFF1D,0xFF1D,0xFF1D,0xFF1D,0xFF1D,0xFF1D,0xFF1D,0xFF1D,
    0xFF1D,0xFF1D,0xFF1D,0xFF1D,0xFF1D,0xFF1D,0xFF1D,0xFF1D,0xFF1D,0xFF1D,0xFF1D,0xFF1D,
    0xFF1D,0xFF1D,0xFF1D,0xFF1D,0xFF1D,0xFF1D,0xFF1D,0xFF1D,0xFF1D,0xFF1D,0xFF1D,0xFF1D,
    0xFF1D,0xFF1D,0xFF1D,0xFF1D,0xFF1D,0xFF1D,0xFF1D,0xFF1D,0xFF1D,0xFF1D,0xFF1D,0xFF1D,
    0xFF1D,0xFF1D,0xFF1D,0xFF1D,0xFF1D,0xFF1D,0xFF1D,0xFF1D,0xFF1D,0xFF1D,0xFF1D,0xFF1D,
    0xFF1D,0xFF1D,0xFF1D,0xFF1D,0xFF1D,0xFF1D,0xFF1D,0xFF1D,0xFF1D,0xFF1D,0xFF1D,0xFF1D,
    0xFF1D,0xFF1D,0xFF1D,0xFF1D,0xFF1D,0xFF1D,0xFF1D,0xFF1D,0xFF1D,0xFF1D,0xFF1D,0xFF1D,
    0xFF1D,0xFF1D,0xFF1D,0xFF1D,0xFF1D,0xFF1D,0xFF1D,0xFF1D,0xFF1D,0xFF1D,0xFF1D,0xFF1D,
    0xFF1D,0xFF1D,0xFF1D,0xFF1D,0xFF1D,0xFF1D,0xFF1D,0xFF1D,0xFF1D,0xFF1D,0xFF1D,0xFF1D,
    0xFF1D,0xFF1D,0xFF1D,0xFF1D,0xFF1D,0xFF1D,0xFF1D,0xFF1D,0xFF1D,0xFF1D,0xFF1D,0xFF1D,
    0xFF1D,0xFF1D,0xFF1D,0xFF1D,0xFF1D,0xFF1D,0xFF1D,0xFF1D,0xFF1D,0xFF1D,0xFF1D,0xFF1D,
    0xFF1D,0xFF1D,0xFF1D,0xFF1D,0xFF1D,0xFF1D,0xFF1D,0xFF1D,0xFF1D,0xFF1D,0xFF1D,0xFF1D,
    0xFF1D,0xFF1D,0xFF1D,0xFF1D,0xFF1D,0xFF1D,0xFF1D,0xFF1D,0xFF1D,0xFF1D,0xFF1D,0xFF1D,
    0xFF1D,0xFF1D,0xFF1D,0xFF1D,0xFF1D,0xFF1D,0xFF1D,0xFF1D,0xFF1D,0xFF1D,0xFF1D,0xFF1D,
    0xFF1D,0xFF1D,0xFF1D,0xFF1D,0xFF1D,0xFF1D,0xFF1D,0xFF1D,0xFF1D,0xFF1D,0xFF1D,0xFF1D,
    0xFF1D,0xFF1D,0xFF1D,0xFF1D,0xFF1D,0xFF1D,0xFF1D,0xFF1D,0xFF1D,0xFF1D,0xFF1D,0xFF1D,
    0xFF1D,0xFF1D,0xFF1D,0xFF1D,0xFF1D,0xFF1D,0xFF1D,0xFF1D,0xFF1D,0xFF1D,0xFF1D,0xFF1D,
    0xFF1D,0xFF1D,0xFF1D,0xFF1D,0xFF1D,0xFF1D,0xFF1D,0xFF1D,0xFF1D,0xFF1D,0xFF1D,0xFF1D,
    0xDCEF,0xCBC9,0xCBC9,0xCBC9,0xCBC9,0xCBC9,0xCBC9,0xCBC9,0xCBC9,0xCBC9,0xCBC9,0xCBC9,
    0xCBC9,0xCBC9,0xCBC9,0xCBC9,0xCBC9,0xCBC9,0xCBC9,0xCBC9,0xCBC9,0xCBC9,0xCBC9,0xCBC9,
    0xCBC9,0xDCF0,0xFF1D,0xFF1D,0xFF1D,0xFF1D,0xFF1D,0xFF1D,0xFF1D,0xFF1D,0xFF1D,0xFF1D,
    0xFF1D,0xFF1D,0xFF1D,0xFF1D,0xFF1D,0xFF1D,0xFF1D,0xFF1D,0xFF1D,0xFF1D,0xFF1D,0xFF1D,
    0xFF1D,0xFF1D,0xFF1D,0xFF1D,0xFF1D,0xFF1D,0xFF1D,0xFF1D,0xFF1D,0xFF1D,0xFF1D,0xFF1D,
    0xFF1D,0xFF1D,0xFF1D,0xFF1D,0xFF1D,0xFF1D,0xFF1D,0xFF1D,0xFF1D,0xFF1D,0xFF1D,0xFF1D,
    0xFF1D,0xFF1D,0xFF1D,0xFF1D,0xFF1D,0xFF1D,0xFF1D,0xFF1D,0xFF1D,0xFF1D,0xFF1D,0xFF1D,
    0xFF1D,0xFF1D,0xFF1D,0xFF1D,0xFF1D,0xFF1D,0xFF1D,0xFF1D,0xFF1D,0xFF1D,0xFF1D,0xFF1D,
    0xFF1D,0xFF1D,0xFF1D,0xFF1D,0xFF1D,0xFF1D,0xFF1D,0xFF1D,0xFF1D,0xFF1D,0xFF1D,0xFF1D,
    0xFF1D,0xFF1D,0xFF1D,0xFF1D,0xFF1D,0xFF1D,0xFF1D,0xFF1D,0xFF1D,0xFF1D,0xFF1D,0xFF1D,
    0xFF1D,0xFF1D,0xFF1D,0xFF1D,0xFF1D,0xFF1D,0xFF1D,0xFF1D,0xFF1D,0xFF1D,0xFF1D,0xFF1D,
    0xFF1D,0xFF1D,0xFF1D,0xFF1D,0xFF1D,0xFF1D,0xFF1D,0xFF1D,0xFF1D,0xFF1D,0xFF1D,0xFF1D,
    0xFF1D,0xFF1D,0xFF1D,0xFF1D,0xFF1D,0xFF1D,0xFF1D,0xFF1D,0xFF1D,0xFF1D,0xFF1D,0xFF1D,
    0xFF1D,0xFF1D,0xFF1D,0xFF1D,0xFF1D,0xFF1D,0xFF1D,0xFF1D,0xFF1D,0xFF1D,0xFF1D,0xFF1D,
    0xFF1D,0xFF1D,0xFF1D,0xFF1D,0xFF1D,0xFF1D,0xFF1D,0xFF1D,0xFF1D,0xFF1D,0xFF1D,0xFF1D,
    0xFF1D,0xFF1D,0xFF1D,0xFF1D,0xFF1D,0xFF1D,0xFF1D,0xFF1D,0xFF1D,0xFF1D,0xFF1D,0xFF1D,
    0xFF1D,0xFF1D,0xFF1D,0xFF1D,0xFF1D,0xFF1D,0xFF1D,0xFF1D,0xFF1D,0xFF1D,0xFF1D,0xFF1D,
    0xFF1D,0xFF1D,0xFF1D,0xFF1D,0xFF1D,0xFF1D,0xFF1D,0xFF1D,0xFF1D,0xFF1D,0xFF1D,0xFF1D,
    0xFF1D,0xFF1D,0xFF1D,0xFF1D,0xFF1D,0xFF1D,0xFF1D,0xFF1D,0xFF1D,0xFF1D,0xFF1D,0xFF1D,
    0xFF1D,0xFF1D,0xFF1D,0xFF1D,0xFF1D,0xFF1D,0xFF1D,0xFF1D,0xFF1D,0xFF1D,0xFF1D,0xFF1D,
    0xFF1D,0xFF1D,0xFF1D,0xFF1D,0xFF1D,0xFF1D,0xFF1D,0xFF1D,0xFF1D,0xFF1D,0xFF1D,0xFF1D,
    0xFF1D,0xFF1D,0xFF1D,0xFF1D,0xFF1D,0xFF1D,0xFF1D,0xFF1D,0xFF1D,0xFF1D,0xFF1D,0xFF1D,
    0xFF1D,0xFF1D,0xFF1D,0xFF1D,0xFF1D,0xFF1D,0xFF1D,0xFF1D,0xFF1D,0xFF1D,0xFF1D,0xFF1D,
    0xFF1D,0xFF1D,0xFF1D,0xFF1D,0xFF1D,0xFF1D,0xFF1D,0xFF1D,0xFF1D,0xFF1D,0xFF1D,0xFF1D,
    0xFF1D,0xFF1D,0xFF1D,0xFF1D,0xFF1D,0xFF1D,0xFF1D,0xFF1D,0xFF1D,0xFF1D,0xFF1D,0xFF1D,
    0xFF1D,0xFF1D,0xFF1D,0xFF1D,0xFF1D,0xFF1D,0xFF1D,0xFF1D,0xFF1D,0xFF1D,0xFF1D,0xFF1D,
    0xFF1D,0xFF1D,0xFF1D,0xFF1D,0xFF1D,0xFF1D,0xFF1D,0xFF1D,0xCC0A,0xCBC9,0xCBC9,0xCBC9,
    0xCBC9,0xCBC9,0xCBC9,0xCBC9,0xCBC9,0xCBC9,0xCBC9,0xCBC9,0xCBC9,0xCBC9,0xCBC9,0xCBC9,
    0xCBC9,0xCBC9,0xCBC9,0xCBC9,0xCBC9,0xCBC9,0xCBC9,0xCBC9,0xCBC9,0xCBEA,0xFF1D,0xFF1D,
    0xFF1D,0xFF1D,0xFF1D,0xFF1D,0xFF1D,0xFF1D,0xFF1D,0xFF1D,0xFF1D,0xFF1D,0xFF1D,0xFF1D,
    0xFF1D,0xFF1D,0xFF1D,0xFF1D,0xFF1D,0xFF1D,0xFF1D,0xFF1D,0xFF1D,0xFF1D,0xFF1D,0xFF1D,
    0xFF1D,0xFF1D,0xFF1D,0xFF1D,0xFF1D,0xFF1D,0xFF1D,0xFF1D,0xFF1D,0xFF1D,0xFF1D,0xFF1D,
    0xFF1D,0xFF1D,0xFF1D,0xFF1D,0xFF1D,0xFF1D,0xFF1D,0xFF1D,0xFF1D,0xFF1D,0xFF1D,0xFF1D,
    0xFF1D,0xFF1D,0xFF1D,0xFF1D,0xFF1D,0xFF1D,0xFF1D,0xFF1D,0xFF1D,0xFF1D,0xFF1D,0xFF1D,
    0xFF1D,0xFF1D,0xFF1D,0xFF1D,0xFF1D,0xFF1D,0xFF1D,0xFF1D,0xFF1D,0xFF1D,0xFF1D,0xFF1D,
    0xFF1D,0xFF1D,0xFF1D,0xFF1D,0xFF1D,0xFF1D,0xFF1D,0xFF1D,0xFF1D,0xFF1D,0xFF1D,0xFF1D,
    0xFF1D,0xFF1D,0xFF1D,0xFF1D,0xFF1D,0xFF1D,0xFF1D,0xFF1D,0xFF1D,0xFF1D,0xFF1D,0xFF1D,
    0xFF1D,0xFF1D,0xFF1D,0xFF1D,0xFF1D,0xFF1D,0xFF1D,0xFF1D,0xFF1D,0xFF1D,0xFF1D,0xFF1D,
    0xFF1D,0xFF1D,0xFF1D,0xFF1D,0xFF1D,0xFF1D,0xFF1D,0xFF1D,0xFF1D,0xFF1D,0xFF1D,0xFF1D,
    0xFF1D,0xFF1D,0xFF1D,0xFF1D,0xFF1D,0xFF1D,0xFF1D,0xFF1D,0xFF1D,0xFF1D,0xFF1D,0xFF1D,
    0xFF1D,0xFF1D,0xFF1D,0xFF1D,0xFF1D,0xFF1D,0xFF1D,0xFF1D,0xFF1D,0xFF1D,0xFF1D,0xFF1D,
    0xFF1D,0xFF1D,0xFF1D,0xFF1D,0xFF1D,0xFF1D,0xFF1D,0xFF1D,0xFF1D,0xFF1D,0xFF1D,0xFF1D,
    0xFF1D,0xFF1D,0xFF1D,0xFF1D,0xFF1D,0xFF1D,0xFF1D,0xFF1D,0xFF1D,0xFF1D,0xFF1D,0xFF1D,
    0xFF1D,0xFF1D,0xFF1D,0xFF1D,0xFF1D,0xFF1D,0xFF1D,0xFF1D,0xFF1D,0xFF1D,0xFF1D,0xFF1D,
    0xFF1D,0xFF1D,0xFF1D,0xFF1D,0xFF1D,0xFF1D,0xFF1D,0xFF1D,0xFF1D,0xFF1D,0xFF1D,0xFF1D,
    0xFF1D,0xFF1D,0xFF1D,0xFF1D,0xFF1D,0xFF1D,0xFF1D,0xFF1D,0xFF1D,0xFF1D,0xFF1D,0xFF1D,
    0xFF1D,0xFF1D,0xFF1D,0xFF1D,0xFF1D,0xFF1D,0xFF1D,0xFF1D,0xFF1D,0xFF1D,0xFF1D,0xFF1D,
    0xFF1D,0xFF1D,0xFF1D,0xFF1D,0xFF1D,0xFF1D,0xFF1D,0xFF1D,0xFF1D,0xFF1D,0xFF1D,0xFF1D,
    0xFF1D,0xFF1D,0xFF1D,0xFF1D,0xFF1D,0xFF1D,0xFF1D,0xFF1D,0xFF1D,0xFF1D,0xFF1D,0xFF1D,
    0xFF1D,0xFF1D,0xFF1D,0xFF1D,0xFF1D,0xFF1D,0xFF1D,0xFF1D,0xFF1D,0xFF1D,0xFF1D,0xFF1D,
    0xFF1D,0xFF1D,0xFF1D,0xFF1D,0xFF1D,0xFF1D,0xFF1D,0xFF1D,0xFF1D,0xFF1D,0xFF1D,0xFF1D,
    0xFF1D,0xFF1D,0xFF1D,0xFF1D,0xFF1D,0xFF1D,0xFF1D,0xFF1D,0xFF1D,0xFF1D,0xFF1D,0xFF1D,
    0xFF1D,0xFF1D,0xFF1D,0xFF1D,0xFF1D,0xFF1D,0xFF1D,0xFF1D,0xFF1D,0xFF1D,0xFF1D,0xFF1D,
    0xFF1D,0xFF1D,0xFF1D,0xFF1D,0xCBC9,0xCBC9,0xCBC9,0xCBC9,0xCBC9,0xCBC9,0xCBC9,0xCBC9,
    0xCBC9,0xCBC9,0xCBC9,0xCBC9,0xCBC9,0xCBC9,0xCBC9,0xCBC9,0xCBC9,0xCBC9,0xCBC9,0xCBC9,
    0xCBC9,0xCBC9,0xCBC9,0xCBC9,0xCBC9,0xCBC9,0xFF1D,0xFF1D,0xFF1D,0xFF1D,0xFF1D,0xFF1D,
    0xFF1D,0xFF1D,0xFF1D,0xFF1D,0xFF1D,0xFF1D,0xFF1D,0xFF1D,0xFF1D,0xFF1D,0xFF1D,0xFF1D,
    0xFF1D,0xFF1D,0xFF1D,0xFF1D,0xFF1D,0xFF1D,0xFF1D,0xFF1D,0xFF1D,0xFF1D,0xFF1D,0xFF1D,
    0xFF1D,0xFF1D,0xFF1D,0xFF1D,0xFF1D,0xFF1D,0xFF1D,0xFF1D,0xFF1D,0xFF1D,0xFF1D,0xFF1D,
    0xFF1D,0xFF1D,0xFF1D,0xFF1D,0xFF1D,0xFF1D,0xFF1D,0xFF1D,0xFF1D,0xFF1D,0xFF1D,0xFF1D,
    0xFF1D,0xFF1D,0xFF1D,0xFF1D,0xFF1D,0xFF1D,0xFF1D,0xFF1D,0xFF1D,0xFF1D,0xFF1D,0xFF1D,
    0xFF1D,0xFF1D,0xFF1D,0xFF1D,0xFF1D,0xFF1D,0xFF1D,0xFF1D,0xFF1D,0xFF1D,0xFF1D,0xFF1D,
    0xFF1D,0xFF1D,0xFF1D,0xFF1D,0xFF1D,0xFF1D,0xFF1D,0xFF1D,0xFF1D,0xFF1D,0xFF1D,0xFF1D,
    0xFF1D,0xFF1D,0xFF1D,0xFF1D,0xFF1D,0xFF1D,0xFF1D,0xFF1D,0xFF1D,0xFF1D,0xFF1D,0xFF1D,
    0xFF1D,0xFF1D,0xFF1D,0xFF1D,0xFF1D,0xFF1D,0xFF1D,0xFF1D,0xFF1D,0xFF1D,0xFF1D,0xFF1D,
    0xFF1D,0xFF1D,0xFF1D,0xFF1D,0xFF1D,0xFF1D,0xFF1D,0xFF1D,0xFF1D,0xFF1D,0xFF1D,0xFF1D,
    0xFF1D,0xFF1D,0xFF1D,0xFF1D,0xFF1D,0xFF1D,0xFF1D,0xFF1D,0xFF1D,0xFF1D,0xFF1D,0xFF1D,
    0xFF1D,0xFF1D,0xFF1D,0xFF1D,0xFF1D,0xFF1D,0xFF1D,0xFF1D,0xFF1D,0xFF1D,0xFF1D,0xFF1D,
    0xFF1D,0xFF1D,0xFF1D,0xFF1D,0xFF1D,0xFF1D,0xFF1D,0xFF1D,0xFF1D,0xFF1D,0xFF1D,0xFF1D,
    0xFF1D,0xFF1D,0xFF1D,0xFF1D,0xFF1D,0xFF1D,0xFF1D,0xFF1D,0xFF1D,0xFF1D,0xFF1D,0xFF1D,
    0xFF1D,0xFF1D,0xFF1D,0xFF1D,0xFF1D,0xFF1D,0xFF1D,0xFF1D,0xFF1D,0xFF1D,0xFF1D,0xFF1D,
    0xFF1D,0xFF1D,0xFF1D,0xFF1D,0xFF1D,0xFF1D,0xFF1D,0xFF1D,0xFF1D,0xFF1D,0xFF1D,0xFF1D,
    0xFF1D,0xFF1D,0xFF1D,0xFF1D,0xFF1D,0xFF1D,0xFF1D,0xFF1D,0xFF1D,0xFF1D,0xFF1D,0xFF1D,
    0xFF1D,0xFF1D,0xFF1D,0xFF1D,0xFF1D,0xFF1D,0xFF1D,0xFF1D,0xFF1D,0xFF1D,0xFF1D,0xFF1D,
    0xFF1D,0xFF1D,0xFF1D,0xFF1D,0xFF1D,0xFF1D,0xFF1D,0xFF1D,0xFF1D,0xFF1D,0xFF1D,0xFF1D,
    0xFF1D,0xFF1D,0xFF1D,0xFF1D,0xFF1D,0xFF1D,0xFF1D,0xFF1D,0xFF1D,0xFF1D,0xFF1D,0xFF1D,
    0xFF1D,0xFF1D,0xFF1D,0xFF1D,0xFF1D,0xFF1D,0xFF1D,0xFF1D,0xFF1D,0xFF1D,0xFF1D,0xFF1D,
    0xFF1D,0xFF1D,0xFF1D,0xFF1D,0xFF1D,0xFF1D,0xFF1D,0xFF1D,0xFF1D,0xFF1D,0xFF1D,0xFF1D,
    0xFF1D,0xFF1D,0xFF1D,0xFF1D,0xFF1D,0xFF1D,0xFF1D,0xFF1D,0xFF1D,0xFF1D,0xFF1D,0xFF1D,
    0xFF1D,0xFF1D,0xFF1D,0xFF1D,0xFF1D,0xFF1D,0xFF1D,0xFF1D,0xFF1D,0xFF1D,0xFF1D,0xFF1D,
    0xCBC9,0xCBC9,0xCBC9,0xCBC9,0xCBC9,0xCBC9,0xCBC9,0xCBC9,0xCBC9,0xCBC9,0xCBC9,0xCBC9,
    0xCBC9,0xCBC9,0xCBC9,0xCBC9,0xCBC9,0xCBC9,0xCBC9,0xCBC9,0xCBC9,0xCBC9,0xCBC9,0xCBC9,
    0xCBC9,0xCBC9,0xFF1D,0xFF1D,0xFF1D,0xFF1D,0xFF1D,0xFF1D,0xFF1D,0xFF1D,0xFF1D,0xFF1D,
    0xFF1D,0xFF1D,0xFF1D,0xFF1D,0xFF1D,0xFF1D,0xFF1D,0xFF1D,0xFF1D,0xFF1D,0xFF1D,0xFF1D,
    0xFF1D,0xFF1D,0xFF1D,0xFF1D,0xFF1D,0xFF1D,0xFF1D,0xFF1D,0xFF1D,0xFF1D,0xFF1D,0xFF1D,
    0xFF1D,0xFF1D,0xFF1D,0xFF1D,0xFF1D,0xFF1D,0xFF1D,0xFF1D,0xFF1D,0xFF1D,0xFF1D,0xFF1D,
    0xFF1D,0xFF1D,0xFF1D,0xFF1D,0xFF1D,0xFF1D,0xFF1D,0xFF1D,0xFF1D,0xFF1D,0xFF1D,0xFF1D,
    0xFF1D,0xFF1D,0xFF1D,0xFF1D,0xFF1D,0xFF1D,0xFF1D,0xFF1D,0xFF1D,0xFF1D,0xFF1D,0xFF1D,
    0xFF1D,0xFF1D,0xFF1D,0xFF1D,0xFF1D,0xFF1D,0xFF1D,0xFF1D,0xFF1D,0xFF1D,0xFF1D,0xFF1D,
    0xFF1D,0xFF1D,0xFF1D,0xFF1D,0xFF1D,0xFF1D,0xFF1D,0xFF1D,0xFF1D,0xFF1D,0xFF1D,0xFF1D,
    0xFF1D,0xFF1D,0xFF1D,0xFF1D,0xFF1D,0xFF1D,0xFF1D,0xFF1D,0xFF1D,0xFF1D,0xFF1D,0xFF1D,
    0xFF1D,0xFF1D,0xFF1D,0xFF1D,0xFF1D,0xFF1D,0xFF1D,0xFF1D,0xFF1D,0xFF1D,0xFF1D,0xFF1D,
    0xFF1D,0xFF1D,0xFF1D,0xFF1D,0xFF1D,0xFF1D,0xFF1D,0xFF1D,0xFF1D,0xFF1D,0xFF1D,0xFF1D,
    0xFF1D,0xFF1D,0xFF1D,0xFF1D,0xFF1D,0xFF1D,0xFF1D,0xFF1D,0xFF1D,0xFF1D,0xFF1D,0xFF1D,
    0xFF1D,0xFF1D,0xFF1D,0xFF1D,0xFF1D,0xFF1D,0xFF1D,0xFF1D,0xFF1D,0xFF1D,0xFF1D,0xFF1D,
    0xFF1D,0xFF1D,0xFF1D,0xFF1D,0xFF1D,0xFF1D,0xFF1D,0xFF1D,0xFF1D,0xFF1D,0xFF1D,0xFF1D,
    0xFF1D,0xFF1D,0xFF1D,0xFF1D,0xFF1D,0xFF1D,0xFF1D,0xFF1D,0xFF1D,0xFF1D,0xFF1D,0xFF1D,
    0xFF1D,0xFF1D,0xFF1D,0xFF1D,0xFF1D,0xFF1D,0xFF1D,0xFF1D,0xFF1D,0xFF1D,0xFF1D,0xFF1D,
    0xFF1D,0xFF1D,0xFF1D,0xFF1D,0xFF1D,0xFF1D,0xFF1D,0xFF1D,0xFF1D,0xFF1D,0xFF1D,0xFF1D,
    0xFF1D,0xFF1D,0xFF1D,0xFF1D,0xFF1D,0xFF1D,0xFF1D,0xFF1D,0xFF1D,0xFF1D,0xFF1D,0xFF1D,
    0xFF1D,0xFF1D,0xFF1D,0xFF1D,0xFF1D,0xFF1D,0xFF1D,0xFF1D,0xFF1D,0xFF1D,0xFF1D,0xFF1D,
    0xFF1D,0xFF1D,0xFF1D,0xFF1D,0xFF1D,0xFF1D,0xFF1D,0xFF1D,0xFF1D,0xFF1D,0xFF1D,0xFF1D,
    0xFF1D,0xFF1D,0xFF1D,0xFF1D,0xFF1D,0xFF1D,0xFF1D,0xFF1D,0xFF1D,0xFF1D,0xFF1D,0xFF1D,
    0xFF1D,0xFF1D,0xFF1D,0xFF1D,0xFF1D,0xFF1D,0xFF1D,0xFF1D,0xFF1D,0xFF1D,0xFF1D,0xFF1D,
    0xFF1D,0xFF1D,0xFF1D,0xFF1D,0xFF1D,0xFF1D,0xFF1D,0xFF1D,0xFF1D,0xFF1D,0xFF1D,0xFF1D,
    0xFF1D,0xFF1D,0xFF1D,0xFF1D,0xFF1D,0xFF1D,0xFF1D,0xFF1D,0xFF1D,0xFF1D,0xFF1D,0xFF1D,
    0xFF1D,0xFF1D,0xFF1D,0xFF1D,0xFF1D,0xFF1D,0xFF1D,0xFF1D,0xCBC9,0xCBC9,0xCBC9,0xCBC9,
    0xCBC9,0xCBC9,0xCBC9,0xCBC9,0xCBC9,0xCBC9,0xCBC9,0xCBC9,0xCBC9,0xCBC9,0xCBC9,0xCBC9,
    0xCBC9,0xCBC9,0xCBC9,0xCBC9,0xCBC9,0xCBC9,0xCBC9,0xCBC9,0xCBC9,0xCBC9,0xFF1D,0xFF1D,
    0xFF1D,0xFF1D,0xFF1D,0xFF1D,0xFF1D,0xFF1D,0xFF1D,0xFF1D,0xFF1D,0xFF1D,0xFF1D,0xFF1D,
    0xFF1D,0xFF1D,0xFF1D,0xFF1D,0xFF1D,0xFF1D,0xFF1D,0xFF1D,0xFF1D,0xFF1D,0xFF1D,0xFF1D,
    0xFF1D,0xFF1D,0xFF1D,0xFF1D,0xFF1D,0xFF1D,0xFF1D,0xFF1D,0xFF1D,0xFF1D,0xFF1D,0xFF1D,
    0xFF1D,0xFF1D,0xFF1D,0xFF1D,0xFF1D,0xFF1D,0xFF1D,0xFF1D,0xFF1D,0xFF1D,0xFF1D,0xFF1D,
    0xFF1D,0xFF1D,0xFF1D,0xFF1D,0xFF1D,0xFF1D,0xFF1D,0xFF1D,0xFF1D,0xFF1D,0xFF1D,0xFF1D,
    0xFF1D,0xFF1D,0xFF1D,0xFF1D,0xFF1D,0xFF1D,0xFF1D,0xFF1D,0xFF1D,0xFF1D,0xFF1D,0xFF1D,
    0xFF1D,0xFF1D,0xFF1D,0xFF1D,0xFF1D,0xFF1D,0xFF1D,0xFF1D,0xFF1D,0xFF1D,0xFF1D,0xFF1D,
    0xFF1D,0xFF1D,0xFF1D,0xFF1D,0xFF1D,0xFF1D,0xFF1D,0xFF1D,0xFF1D,0xFF1D,0xFF1D,0xFF1D,
    0xFF1D,0xFF1D,0xFF1D,0xFF1D,0xFF1D,0xFF1D,0xFF1D,0xFF1D,0xFF1D,0xFF1D,0xFF1D,0xFF1D,
    0xFF1D,0xFF1D,0xFF1D,0xFF1D,0xFF1D,0xFF1D,0xFF1D,0xFF1D,0xFF1D,0xFF1D,0xFF1D,0xFF1D,
    0xFF1D,0xFF1D,0xFF1D,0xFF1D,0xFF1D,0xFF1D,0xFF1D,0xFF1D,0xFF1D,0xFF1D,0xFF1D,0xFF1D,
    0xFF1D,0xFF1D,0xFF1D,0xFF1D,0xFF1D,0xFF1D,0xFF1D,0xFF1D,0xFF1D,0xFF1D,0xFF1D,0xFF1D,
    0xFF1D,0xFF1D,0xFF1D,0xFF1D,0xFF1D,0xFF1D,0xFF1D,0xFF1D,0xFF1D,0xFF1D,0xFF1D,0xFF1D,
    0xFF1D,0xFF1D,0xFF1D,0xFF1D,0xFF1D,0xFF1D,0xFF1D,0xFF1D,0xFF1D,0xFF1D,0xFF1D,0xFF1D,
    0xFF1D,0xFF1D,0xFF1D,0xFF1D,0xFF1D,0xFF1D,0xFF1D,0xFF1D,0xFF1D,0xFF1D,0xFF1D,0xFF1D,
    0xFF1D,0xFF1D,0xFF1D,0xFF1D,0xFF1D,0xFF1D,0xFF1D,0xFF1D,0xFF1D,0xFF1D,0xFF1D,0xFF1D,
    0xFF1D,0xFF1D,0xFF1D,0xFF1D,0xFF1D,0xFF1D,0xFF1D,0xFF1D,0xFF1D,0xFF1D,0xFF1D,0xFF1D,
    0xFF1D,0xFF1D,0xFF1D,0xFF1D,0xFF1D,0xFF1D,0xFF1D,0xFF1D,0xFF1D,0xFF1D,0xFF1D,0xFF1D,
    0xFF1D,0xFF1D,0xFF1D,0xFF1D,0xFF1D,0xFF1D,0xFF1D,0xFF1D,0xFF1D,0xFF1D,0xFF1D,0xFF1D,
    0xFF1D,0xFF1D,0xFF1D,0xFF1D,0xFF1D,0xFF1D,0xFF1D,0xFF1D,0xFF1D,0xFF1D,0xFF1D,0xFF1D,
    0xFF1D,0xFF1D,0xFF1D,0xFF1D,0xFF1D,0xFF1D,0xFF1D,0xFF1D,0xFF1D,0xFF1D,0xFF1D,0xFF1D,
    0xFF1D,0xFF1D,0xFF1D,0xFF1D,0xFF1D,0xFF1D,0xFF1D,0xFF1D,0xFF1D,0xFF1D,0xFF1D,0xFF1D,
    0xFF1D,0xFF1D,0xFF1D,0xFF1D,0xFF1D,0xFF1D,0xFF1D,0xFF1D,0xFF1D,0xFF1D,0xFF1D,0xFF1D,
    0xFF1D,0xFF1D,0xFF1D,0xFF1D,0xFF1D,0xFF1D,0xFF1D,0xFF1D,0xFF1D,0xFF1D,0xFF1D,0xFF1D,
    0xFF1D,0xFF1D,0xFF1D,0xFF1D,0xCBC9,0xCBC9,0xCBC9,0xCBC9,0xCBC9,0xCBC9,0xCBC9,0xCBC9,
    0xCBC9,0xCBC9,0xCBC9,0xCBC9,0xCBC9,0xCBC9,0xCBC9,0xCBC9,0xCBC9,0xCBC9,0xCBC9,0xCBC9,
    0xCBC9,0xCBC9,0xCBC9,0xCBC9,0xCBC9,0xCBC9,0xFF1D,0xFF1D,0xFF1D,0xFF1D,0xFF1D,0xFF1D,
    0xFF1D,0xFF1D,0xFF1D,0xFF1D,0xFF1D,0xFF1D,0xFF1D,0xFF1D,0xFF1D,0xFF1D,0xFF1D,0xFF1D,
    0xFF1D,0xFF1D,0xFF1D,0xFF1D,0xFF1D,0xFF1D,0xFF1D,0xFF1D,0xFF1D,0xFF1D,0xFF1D,0xFF1D,
    0xFF1D,0xFF1D,0xFF1D,0xFF1D,0xFF1D,0xFF1D,0xFF1D,0xFF1D,0xFF1D,0xFF1D,0xFF1D,0xFF1D,
    0xFF1D,0xFF1D,0xFF1D,0xFF1D,0xFF1D,0xFF1D,0xFF1D,0xFF1D,0xFF1D,0xFF1D,0xFF1D,0xFF1D,
    0xFF1D,0xFF1D,0xFF1D,0xFF1D,0xFF1D,0xFF1D,0xFF1D,0xFF1D,0xFF1D,0xFF1D,0xFF1D,0xFF1D,
    0xFF1D,0xFF1D,0xFF1D,0xFF1D,0xFF1D,0xFF1D,0xFF1D,0xFF1D,0xFF1D,0xFF1D,0xFF1D,0xFF1D,
    0xFF1D,0xFF1D,0xFF1D,0xFF1D,0xFF1D,0xFF1D,0xFF1D,0xFF1D,0xFF1D,0xFF1D,0xFF1D,0xFF1D,
    0xFF1D,0xFF1D,0xFF1D,0xFF1D,0xFF1D,0xFF1D,0xFF1D,0xFF1D,0xFF1D,0xFF1D,0xFF1D,0xFF1D,
    0xFF1D,0xFF1D,0xFF1D,0xFF1D,0xFF1D,0xFF1D,0xFF1D,0xFF1D,0xFF1D,0xFF1D,0xFF1D,0xFF1D,
    0xFF1D,0xFF1D,0xFF1D,0xFF1D,0xFF1D,0xFF1D,0xFF1D,0xFF1D,0xFF1D,0xFF1D,0xFF1D,0xFF1D,
    0xFF1D,0xFF1D,0xFF1D,0xFF1D,0xFF1D,0xFF1D,0xFF1D,0xFF1D,0xFF1D,0xFF1D,0xFF1D,0xFF1D,
    0xFF1D,0xFF1D,0xFF1D,0xFF1D,0xFF1D,0xFF1D,0xFF1D,0xFF1D,0xFF1D,0xFF1D,0xFF1D,0xFF1D,
    0xFF1D,0xFF1D,0xFF1D,0xFF1D,0xFF1D,0xFF1D,0xFF1D,0xFF1D,0xFF1D,0xFF1D,0xFF1D,0xFF1D,
    0xFF1D,0xFF1D,0xFF1D,0xFF1D,0xFF1D,0xFF1D,0xFF1D,0xFF1D,0xFF1D,0xFF1D,0xFF1D,0xFF1D,
    0xFF1D,0xFF1D,0xFF1D,0xFF1D,0xFF1D,0xFF1D,0xFF1D,0xFF1D,0xFF1D,0xFF1D,0xFF1D,0xFF1D,
    0xFF1D,0xFF1D,0xFF1D,0xFF1D,0xFF1D,0xFF1D,0xFF1D,0xFF1D,0xFF1D,0xFF1D,0xFF1D,0xFF1D,
    0xFF1D,0xFF1D,0xFF1D,0xFF1D,0xFF1D,0xFF1D,0xFF1D,0xFF1D,0xFF1D,0xFF1D,0xFF1D,0xFF1D,
    0xFF1D,0xFF1D,0xFF1D,0xFF1D,0xFF1D,0xFF1D,0xFF1D,0xFF1D,0xFF1D,0xFF1D,0xFF1D,0xFF1D,
    0xFF1D,0xFF1D,0xFF1D,0xFF1D,0xFF1D,0xFF1D,0xFF1D,0xFF1D,0xFF1D,0xFF1D,0xFF1D,0xFF1D,
    0xFF1D,0xFF1D,0xFF1D,0xFF1D,0xFF1D,0xFF1D,0xFF1D,0xFF1D,0xFF1D,0xFF1D,0xFF1D,0xFF1D,
    0xFF1D,0xFF1D,0xFF1D,0xFF1D,0xFF1D,0xFF1D,0xFF1D,0xFF1D,0xFF1D,0xFF1D,0xFF1D,0xFF1D,
    0xFF1D,0xFF1D,0xFF1D,0xFF1D,0xFF1D,0xFF1D,0xFF1D,0xFF1D,0xFF1D,0xFF1D,0xFF1D,0xFF1D,
    0xFF1D,0xFF1D,0xFF1D,0xFF1D,0xFF1D,0xFF1D,0xFF1D,0xFF1D,0xFF1D,0xFF1D,0xFF1D,0xFF1D,
    0xFF1D,0xFF1D,0xFF1D,0xFF1D,0xFF1D,0xFF1D,0xFF1D,0xFF1D,0xFF1D,0xFF1D,0xFF1D,0xFF1D,
    0xCBC9,0xCBC9,0xCBC9,0xCBC9,0xCBC9,0xCBC9,0xCBC9,0xCBC9,0xCBC9,0xCBC9,0xCBC9,0xCBC9,
    0xCBC9,0xCBC9,0xCBC9,0xCBC9,0xCBC9,0xCBC9,0xCBC9,0xCBC9,0xCBC9,0xCBC9,0xCBC9,0xCBC9,
    0xCBC9,0xCBC9,0xFF1D,0xFF1D,0xFF1D,0xFF1D,0xFF1D,0xFF1D,0xFF1D,0xFF1D,0xFF1D,0xFF1D,
    0xFF1D,0xFF1D,0xFF1D,0xFF1D,0xFF1D,0xFF1D,0xFF1D,0xFF1D,0xFF1D,0xFF1D,0xFF1D,0xFF1D,
    0xFF1D,0xFF1D,0xFF1D,0xFF1D,0xFF1D,0xFF1D,0xFF1D,0xFF1D,0xFF1D,0xFF1D,0xFF1D,0xFF1D,
    0xFF1D,0xFF1D,0xFF1D,0xFF1D,0xFF1D,0xFF1D,0xFF1D,0xFF1D,0xFF1D,0xFF1D,0xFF1D,0xFF1D,
    0xFF1D,0xFF1D,0xFF1D,0xFF1D,0xFF1D,0xFF1D,0xFF1D,0xFF1D,0xFF1D,0xFF1D,0xFF1D,0xFF1D,
    0xFF1D,0xFF1D,0xFF1D,0xFF1D,0xFF1D,0xFF1D,0xFF1D,0xFF1D,0xFF1D,0xFF1D,0xFF1D,0xFF1D,
    0xFF1D,0xFF1D,0xFF1D,0xFF1D,0xFF1D,0xFF1D,0xFF1D,0xFF1D,0xFF1D,0xFF1D,0xFF1D,0xFF1D,
    0xFF1D,0xFF1D,0xFF1D,0xFF1D,0xFF1D,0xFF1D,0xFF1D,0xFF1D,0xFF1D,0xFF1D,0xFF1D,0xFF1D,
    0xFF1D,0xFF1D,0xFF1D,0xFF1D,0xFF1D,0xFF1D,0xFF1D,0xFF1D,0xFF1D,0xFF1D,0xFF1D,0xFF1D,
    0xFF1D,0xFF1D,0xFF1D,0xFF1D,0xFF1D,0xFF1D,0xFF1D,0xFF1D,0xFF1D,0xFF1D,0xFF1D,0xFF1D,
    0xFF1D,0xFF1D,0xFF1D,0xFF1D,0xFF1D,0xFF1D,0xFF1D,0xFF1D,0xFF1D,0xFF1D,0xFF1D,0xFF1D,
    0xFF1D,0xFF1D,0xFF1D,0xFF1D,0xFF1D,0xFF1D,0xFF1D,0xFF1D,0xFF1D,0xFF1D,0xFF1D,0xFF1D,
    0xFF1D,0xFF1D,0xFF1D,0xFF1D,0xFF1D,0xFF1D,0xFF1D,0xFF1D,0xFF1D,0xFF1D,0xFF1D,0xFF1D,
    0xFF1D,0xFF1D,0xFF1D,0xFF1D,0xFF1D,0xFF1D,0xFF1D,0xFF1D,0xFF1D,0xFF1D,0xFF1D,0xFF1D,
    0xFF1D,0xFF1D,0xFF1D,0xFF1D,0xFF1D,0xFF1D,0xFF1D,0xFF1D,0xFF1D,0xFF1D,0xFF1D,0xFF1D,
    0xFF1D,0xFF1D,0xFF1D,0xFF1D,0xFF1D,0xFF1D,0xFF1D,0xFF1D,0xFF1D,0xFF1D,0xFF1D,0xFF1D,
    0xFF1D,0xFF1D,0xFF1D,0xFF1D,0xFF1D,0xFF1D,0xFF1D,0xFF1D,0xFF1D,0xFF1D,0xFF1D,0xFF1D,
    0xFF1D,0xFF1D,0xFF1D,0xFF1D,0xFF1D,0xFF1D,0xFF1D,0xFF1D,0xFF1D,0xFF1D,0xFF1D,0xFF1D,
    0xFF1D,0xFF1D,0xFF1D,0xFF1D,0xFF1D,0xFF1D,0xFF1D,0xFF1D,0xFF1D,0xFF1D,0xFF1D,0xFF1D,
    0xFF1D,0xFF1D,0xFF1D,0xFF1D,0xFF1D,0xFF1D,0xFF1D,0xFF1D,0xFF1D,0xFF1D,0xFF1D,0xFF1D,
    0xFF1D,0xFF1D,0xFF1D,0xFF1D,0xFF1D,0xFF1D,0xFF1D,0xFF1D,0xFF1D,0xFF1D,0xFF1D,0xFF1D,
    0xFF1D,0xFF1D,0xFF1D,0xFF1D,0xFF1D,0xFF1D,0xFF1D,0xFF1D,0xFF1D,0xFF1D,0xFF1D,0xFF1D,
    0xFF1D,0xFF1D,0xFF1D,0xFF1D,0xFF1D,0xFF1D,0xFF1D,0xFF1D,0xFF1D,0xFF1D,0xFF1D,0xFF1D,
    0xFF1D,0xFF1D,0xFF1D,0xFF1D,0xFF1D,0xFF1D,0xFF1D,0xFF1D,0xFF1D,0xFF1D,0xFF1D,0xFF1D,
    0xFF1D,0xFF1D,0xFF1D,0xFF1D,0xFF1D,0xFF1D,0xFF1D,0xFF1D,0xCBC9,0xCBC9,0xCBC9,0xCBC9,
    0xCBC9,0xCBC9,0xCBC9,0xCBC9,0xCBC9,0xCBC9,0xCBC9,0xCBC9,0xCBC9,0xCBC9,0xCBC9,0xCBC9,
    0xCBC9,0xCBC9,0xCBC9,0xCBC9,0xCBC9,0xCBC9,0xCBC9,0xCBC9,0xCBC9,0xCBC9,0xFF1D,0xFF1D,
    0xFF1D,0xFF1D,0xFF1D,0xFF1D,0xFF1D,0xFF1D,0xFF1D,0xFF1D,0xFF1D,0xFF1D,0xFF1D,0xFF1D,
    0xFF1D,0xFF1D,0xFF1D,0xFF1D,0xFF1D,0xFF1D,0xFF1D,0xFF1D,0xFF1D,0xFF1D,0xFF1D,0xFF1D,
    0xFF1D,0xFF1D,0xFF1D,0xFF1D,0xFF1D,0xFF1D,0xFF1D,0xFF1D,0xFF1D,0xFF1D,0xFF1D,0xFF1D,
    0xFF1D,0xFF1D,0xFF1D,0xFF1D,0xFF1D,0xFF1D,0xFF1D,0xFF1D,0xFF1D,0xFF1D,0xFF1D,0xFF1D,
    0xFF1D,0xFF1D,0xFF1D,0xFF1D,0xFF1D,0xFF1D,0xFF1D,0xFF1D,0xFF1D,0xFF1D,0xFF1D,0xFF1D,
    0xFF1D,0xFF1D,0xFF1D,0xFF1D,0xFF1D,0xFF1D,0xFF1D,0xFF1D,0xFF1D,0xFF1D,0xFF1D,0xFF1D,
    0xFF1D,0xFF1D,0xFF1D,0xFF1D,0xFF1D,0xFF1D,0xFF1D,0xFF1D,0xFF1D,0xFF1D,0xFF1D,0xFF1D,
    0xFF1D,0xFF1D,0xFF1D,0xFF1D,0xFF1D,0xFF1D,0xFF1D,0xFF1D,0xFF1D,0xFF1D,0xFF1D,0xFF1D,
    0xFF1D,0xFF1D,0xFF1D,0xFF1D,0xFF1D,0xFF1D,0xFF1D,0xFF1D,0xFF1D,0xFF1D,0xFF1D,0xFF1D,
    0xFF1D,0xFF1D,0xFF1D,0xFF1D,0xFF1D,0xFF1D,0xFF1D,0xFF1D,0xFF1D,0xFF1D,0xFF1D,0xFF1D,
    0xFF1D,0xFF1D,0xFF1D,0xFF1D,0xFF1D,0xFF1D,0xFF1D,0xFF1D,0xFF1D,0xFF1D,0xFF1D,0xFF1D,
    0xFF1D,0xFF1D,0xFF1D,0xFF1D,0xFF1D,0xFF1D,0xFF1D,0xFF1D,0xFF1D,0xFF1D,0xFF1D,0xFF1D,
    0xFF1D,0xFF1D,0xFF1D,0xFF1D,0xFF1D,0xFF1D,0xFF1D,0xFF1D,0xFF1D,0xFF1D,0xFF1D,0xFF1D,
    0xFF1D,0xFF1D,0xFF1D,0xFF1D,0xFF1D,0xFF1D,0xFF1D,0xFF1D,0xFF1D,0xFF1D,0xFF1D,0xFF1D,
    0xFF1D,0xFF1D,0xFF1D,0xFF1D,0xFF1D,0xFF1D,0xFF1D,0xFF1D,0xFF1D,0xFF1D,0xFF1D,0xFF1D,
    0xFF1D,0xFF1D,0xFF1D,0xFF1D,0xFF1D,0xFF1D,0xFF1D,0xFF1D,0xFF1D,0xFF1D,0xFF1D,0xFF1D,
    0xFF1D,0xFF1D,0xFF1D,0xFF1D,0xFF1D,0xFF1D,0xFF1D,0xFF1D,0xFF1D,0xFF1D,0xFF1D,0xFF1D,
    0xFF1D,0xFF1D,0xFF1D,0xFF1D,0xFF1D,0xFF1D,0xFF1D,0xFF1D,0xFF1D,0xFF1D,0xFF1D,0xFF1D,
    0xFF1D,0xFF1D,0xFF1D,0xFF1D,0xFF1D,0xFF1D,0xFF1D,0xFF1D,0xFF1D,0xFF1D,0xFF1D,0xFF1D,
    0xFF1D,0xFF1D,0xFF1D,0xFF1D,0xFF1D,0xFF1D,0xFF1D,0xFF1D,0xFF1D,0xFF1D,0xFF1D,0xFF1D,
    0xFF1D,0xFF1D,0xFF1D,0xFF1D,0xFF1D,0xFF1D,0xFF1D,0xFF1D,0xFF1D,0xFF1D,0xFF1D,0xFF1D,
    0xFF1D,0xFF1D,0xFF1D,0xFF1D,0xFF1D,0xFF1D,0xFF1D,0xFF1D,0xFF1D,0xFF1D,0xFF1D,0xFF1D,
    0xFF1D,0xFF1D,0xFF1D,0xFF1D,0xFF1D,0xFF1D,0xFF1D,0xFF1D,0xFF1D,0xFF1D,0xFF1D,0xFF1D,
    0xFF1D,0xFF1D,0xFF1D,0xFF1D,0xFF1D,0xFF1D,0xFF1D,0xFF1D,0xFF1D,0xFF1D,0xFF1D,0xFF1D,
    0xFF1D,0xFF1D,0xFF1D,0xFF1D,0xCBC9,0xCBC9,0xCBC9,0xCBC9,0xCBC9,0xCBC9,0xCBC9,0xCBC9,
    0xCBC9,0xCBC9,0xCBC9,0xCBC9,0xCBC9,0xCBC9,0xCBC9,0xCBC9,0xCBC9,0xCBC9,0xCBC9,0xCBC9,
    0xCBC9,0xCBC9,0xCBC9,0xCBC9,0xCBC9,0xCBC9,0xFF1D,0xFF1D,0xFF1D,0xFF1D,0xFF1D,0xFF1D,
    0xFF1D,0xFF1D,0xFF1D,0xFF1D,0xFF1D,0xFF1D,0xFF1D,0xFF1D,0xFF1D,0xFF1D,0xFF1D,0xFF1D,
    0xFF1D,0xFF1D,0xFF1D,0xFF1D,0xFF1D,0xFF1D,0xFF1D,0xFF1D,0xFF1D,0xFF1D,0xFF1D,0xFF1D,
    0xFF1D,0xFF1D,0xFF1D,0xFF1D,0xFF1D,0xFF1D,0xFF1D,0xFF1D,0xFF1D,0xFF1D,0xFF1D,0xFF1D,
    0xFF1D,0xFF1D,0xFF1D,0xFF1D,0xFF1D,0xFF1D,0xFF1D,0xFF1D,0xFF1D,0xFF1D,0xFF1D,0xFF1D,
    0xFF1D,0xFF1D,0xFF1D,0xFF1D,0xFF1D,0xFF1D,0xFF1D,0xFF1D,0xFF1D,0xFF1D,0xFF1D,0xFF1D,
    0xFF1D,0xFF1D,0xFF1D,0xFF1D,0xFF1D,0xFF1D,0xFF1D,0xFF1D,0xFF1D,0xFF1D,0xFF1D,0xFF1D,
    0xFF1D,0xFF1D,0xFF1D,0xFF1D,0xFF1D,0xFF1D,0xFF1D,0xFF1D,0xFF1D,0xFF1D,0xFF1D,0xFF1D,
    0xFF1D,0xFF1D,0xFF1D,0xFF1D,0xFF1D,0xFF1D,0xFF1D,0xFF1D,0xFF1D,0xFF1D,0xFF1D,0xFF1D,
    0xFF1D,0xFF1D,0xFF1D,0xFF1D,0xFF1D,0xFF1D,0xFF1D,0xFF1D,0xFF1D,0xFF1D,0xFF1D,0xFF1D,
    0xFF1D,0xFF1D,0xFF1D,0xFF1D,0xFF1D,0xFF1D,0xFF1D,0xFF1D,0xFF1D,0xFF1D,0xFF1D,0xFF1D,
    0xFF1D,0xFF1D,0xFF1D,0xFF1D,0xFF1D,0xFF1D,0xFF1D,0xFF1D,0xFF1D,0xFF1D,0xFF1D,0xFF1D,
    0xFF1D,0xFF1D,0xFF1D,0xFF1D,0xFF1D,0xFF1D,0xFF1D,0xFF1D,0xFF1D,0xFF1D,0xFF1D,0xFF1D,
    0xFF1D,0xFF1D,0xFF1D,0xFF1D,0xFF1D,0xFF1D,0xFF1D,0xFF1D,0xFF1D,0xFF1D,0xFF1D,0xFF1D,
    0xFF1D,0xFF1D,0xFF1D,0xFF1D,0xFF1D,0xFF1D,0xFF1D,0xFF1D,0xFF1D,0xFF1D,0xFF1D,0xFF1D,
    0xFF1D,0xFF1D,0xFF1D,0xFF1D,0xFF1D,0xFF1D,0xFF1D,0xFF1D,0xFF1D,0xFF1D,0xFF1D,0xFF1D,
    0xFF1D,0xFF1D,0xFF1D,0xFF1D,0xFF1D,0xFF1D,0xFF1D,0xFF1D,0xFF1D,0xFF1D,0xFF1D,0xFF1D,
    0xFF1D,0xFF1D,0xFF1D,0xFF1D,0xFF1D,0xFF1D,0xFF1D,0xFF1D,0xFF1D,0xFF1D,0xFF1D,0xFF1D,
    0xFF1D,0xFF1D,0xFF1D,0xFF1D,0xFF1D,0xFF1D,0xFF1D,0xFF1D,0xFF1D,0xFF1D,0xFF1D,0xFF1D,
    0xFF1D,0xFF1D,0xFF1D,0xFF1D,0xFF1D,0xFF1D,0xFF1D,0xFF1D,0xFF1D,0xFF1D,0xFF1D,0xFF1D,
    0xFF1D,0xFF1D,0xFF1D,0xFF1D,0xFF1D,0xFF1D,0xFF1D,0xFF1D,0xFF1D,0xFF1D,0xFF1D,0xFF1D,
    0xFF1D,0xFF1D,0xFF1D,0xFF1D,0xFF1D,0xFF1D,0xFF1D,0xFF1D,0xFF1D,0xFF1D,0xFF1D,0xFF1D,
    0xFF1D,0xFF1D,0xFF1D,0xFF1D,0xFF1D,0xFF1D,0xFF1D,0xFF1D,0xFF1D,0xFF1D,0xFF1D,0xFF1D,
    0xFF1D,0xFF1D,0xFF1D,0xFF1D,0xFF1D,0xFF1D,0xFF1D,0xFF1D,0xFF1D,0xFF1D,0xFF1D,0xFF1D,
    0xFF1D,0xFF1D,0xFF1D,0xFF1D,0xFF1D,0xFF1D,0xFF1D,0xFF1D,0xFF1D,0xFF1D,0xFF1D,0xFF1D,
    0xCBC9,0xCBC9,0xCBC9,0xCBC9,0xCBC9,0xCBC9,0xCBC9,0xCBC9,0xCBC9,0xCBC9,0xCBC9,0xCBC9,
    0xCBC9,0xCBC9,0xCBC9,0xCBC9,0xCBC9,0xCBC9,0xCBC9,0xCBC9,0xCBC9,0xCBC9,0xCBC9,0xCBC9,
    0xCBC9,0xCBC9,0xFF1D,0xFF1D,0xFF1D,0xFF1D,0xFF1D,0xFF1D,0xFF1D,0xFF1D,0xFF1D,0xFF1D,
    0xFF1D,0xFF1D,0xFF1D,0xFF1D,0xFF1D,0xFF1D,0xFF1D,0xFF1D,0xFF1D,0xFF1D,0xFF1D,0xFF1D,
    0xFF1D,0xFF1D,0xFF1D,0xFF1D,0xFF1D,0xFF1D,0xFF1D,0xFF1D,0xFF1D,0xFF1D,0xFF1D,0xFF1D,
    0xFF1D,0xFF1D,0xFF1D,0xFF1D,0xFF1D,0xFF1D,0xFF1D,0xFF1D,0xFF1D,0xFF1D,0xFF1D,0xFF1D,
    0xFF1D,0xFF1D,0xFF1D,0xFF1D,0xFF1D,0xFF1D,0xFF1D,0xFF1D,0xFF1D,0xFF1D,0xFF1D,0xFF1D,
    0xFF1D,0xFF1D,0xFF1D,0xFF1D,0xFF1D,0xFF1D,0xFF1D,0xFF1D,0xFF1D,0xFF1D,0xFF1D,0xFF1D,
    0xFF1D,0xFF1D,0xFF1D,0xFF1D,0xFF1D,0xFF1D,0xFF1D,0xFF1D,0xFF1D,0xFF1D,0xFF1D,0xFF1D,
    0xFF1D,0xFF1D,0xFF1D,0xFF1D,0xFF1D,0xFF1D,0xFF1D,0xFF1D,0xFF1D,0xFF1D,0xFF1D,0xFF1D,
    0xFF1D,0xFF1D,0xFF1D,0xFF1D,0xFF1D,0xFF1D,0xFF1D,0xFF1D,0xFF1D,0xFF1D,0xFF1D,0xFF1D,
    0xFF1D,0xFF1D,0xFF1D,0xFF1D,0xFF1D,0xFF1D,0xFF1D,0xFF1D,0xFF1D,0xFF1D,0xFF1D,0xFF1D,
    0xFF1D,0xFF1D,0xFF1D,0xFF1D,0xFF1D,0xFF1D,0xFF1D,0xFF1D,0xFF1D,0xFF1D,0xFF1D,0xFF1D,
    0xFF1D,0xFF1D,0xFF1D,0xFF1D,0xFF1D,0xFF1D,0xFF1D,0xFF1D,0xFF1D,0xFF1D,0xFF1D,0xFF1D,
    0xFF1D,0xFF1D,0xFF1D,0xFF1D,0xFF1D,0xFF1D,0xFF1D,0xFF1D,0xFF1D,0xFF1D,0xFF1D,0xFF1D,
    0xFF1D,0xFF1D,0xFF1D,0xFF1D,0xFF1D,0xFF1D,0xFF1D,0xFF1D,0xFF1D,0xFF1D,0xFF1D,0xFF1D,
    0xFF1D,0xFF1D,0xFF1D,0xFF1D,0xFF1D,0xFF1D,0xFF1D,0xFF1D,0xFF1D,0xFF1D,0xFF1D,0xFF1D,
    0xFF1D,0xFF1D,0xFF1D,0xFF1D,0xFF1D,0xFF1D,0xFF1D,0xFF1D,0xFF1D,0xFF1D,0xFF1D,0xFF1D,
    0xFF1D,0xFF1D,0xFF1D,0xFF1D,0xFF1D,0xFF1D,0xFF1D,0xFF1D,0xFF1D,0xFF1D,0xFF1D,0xFF1D,
    0xFF1D,0xFF1D,0xFF1D,0xFF1D,0xFF1D,0xFF1D,0xFF1D,0xFF1D,0xFF1D,0xFF1D,0xFF1D,0xFF1D,
    0xFF1D,0xFF1D,0xFF1D,0xFF1D,0xFF1D,0xFF1D,0xFF1D,0xFF1D,0xFF1D,0xFF1D,0xFF1D,0xFF1D,
    0xFF1D,0xFF1D,0xFF1D,0xFF1D,0xFF1D,0xFF1D,0xFF1D,0xFF1D,0xFF1D,0xFF1D,0xFF1D,0xFF1D,
    0xFF1D,0xFF1D,0xFF1D,0xFF1D,0xFF1D,0xFF1D,0xFF1D,0xFF1D,0xFF1D,0xFF1D,0xFF1D,0xFF1D,
    0xFF1D,0xFF1D,0xFF1D,0xFF1D,0xFF1D,0xFF1D,0xFF1D,0xFF1D,0xFF1D,0xFF1D,0xFF1D,0xFF1D,
    0xFF1D,0xFF1D,0xFF1D,0xFF1D,0xFF1D,0xFF1D,0xFF1D,0xFF1D,0xFF1D,0xFF1D,0xFF1D,0xFF1D,
    0xFF1D,0xFF1D,0xFF1D,0xFF1D,0xFF1D,0xFF1D,0xFF1D,0xFF1D,0xFF1D,0xFF1D,0xFF1D,0xFF1D,
    0xFF1D,0xFF1D,0xFF1D,0xFF1D,0xFF1D,0xFF1D,0xFF1D,0xFF1D,0xCBC9,0xCBC9,0xCBC9,0xCBC9,
    0xCBC9,0xCBC9,0xCBC9,0xCBC9,0xCBC9,0xCBC9,0xCBC9,0xCBC9,0xCBC9,0xCBC9,0xCBC9,0xCBC9,
    0xCBC9,0xCBC9,0xCBC9,0xCBC9,0xCBC9,0xCBC9,0xCBC9,0xCBC9,0xCBC9,0xCBC9,0xFF1D,0xFF1D,
    0xFF1D,0xFF1D,0xFF1D,0xFF1D,0xFF1D,0xFF1D,0xFF1D,0xFF1D,0xFF1D,0xFF1D,0xFF1D,0xFF1D,
    0xFF1D,0xFF1D,0xFF1D,0xFF1D,0xFF1D,0xFF1D,0xFF1D,0xFF1D,0xFF1D,0xFF1D,0xFF1D,0xFF1D,
    0xFF1D,0xFF1D,0xFF1D,0xFF1D,0xFF1D,0xFF1D,0xFF1D,0xFF1D,0xFF1D,0xFF1D,0xFF1D,0xFF1D,
    0xFF1D,0xFF1D,0xFF1D,0xFF1D,0xFF1D,0xFF1D,0xFF1D,0xFF1D,0xFF1D,0xFF1D,0xFF1D,0xFF1D,
    0xFF1D,0xFF1D,0xFF1D,0xFF1D,0xFF1D,0xFF1D,0xFF1D,0xFF1D,0xFF1D,0xFF1D,0xFF1D,0xFF1D,
    0xFF1D,0xFF1D,0xFF1D,0xFF1D,0xFF1D,0xFF1D,0xFF1D,0xFF1D,0xFF1D,0xFF1D,0xFF1D,0xFF1D,
    0xFF1D,0xFF1D,0xFF1D,0xFF1D,0xFF1D,0xFF1D,0xFF1D,0xFF1D,0xFF1D,0xFF1D,0xFF1D,0xFF1D,
    0xFF1D,0xFF1D,0xFF1D,0xFF1D,0xFF1D,0xFF1D,0xFF1D,0xFF1D,0xFF1D,0xFF1D,0xFF1D,0xFF1D,
    0xFF1D,0xFF1D,0xFF1D,0xFF1D,0xFF1D,0xFF1D,0xFF1D,0xFF1D,0xFF1D,0xFF1D,0xFF1D,0xFF1D,
    0xFF1D,0xFF1D,0xFF1D,0xFF1D,0xFF1D,0xFF1D,0xFF1D,0xFF1D,0xFF1D,0xFF1D,0xFF1D,0xFF1D,
    0xFF1D,0xFF1D,0xFF1D,0xFF1D,0xFF1D,0xFF1D,0xFF1D,0xFF1D,0xFF1D,0xFF1D,0xFF1D,0xFF1D,
    0xFF1D,0xFF1D,0xFF1D,0xFF1D,0xFF1D,0xFF1D,0xFF1D,0xFF1D,0xFF1D,0xFF1D,0xFF1D,0xFF1D,
    0xFF1D,0xFF1D,0xFF1D,0xFF1D,0xFF1D,0xFF1D,0xFF1D,0xFF1D,0xFF1D,0xFF1D,0xFF1D,0xFF1D,
    0xFF1D,0xFF1D,0xFF1D,0xFF1D,0xFF1D,0xFF1D,0xFF1D,0xFF1D,0xFF1D,0xFF1D,0xFF1D,0xFF1D,
    0xFF1D,0xFF1D,0xFF1D,0xFF1D,0xFF1D,0xFF1D,0xFF1D,0xFF1D,0xFF1D,0xFF1D,0xFF1D,0xFF1D,
    0xFF1D,0xFF1D,0xFF1D,0xFF1D,0xFF1D,0xFF1D,0xFF1D,0xFF1D,0xFF1D,0xFF1D,0xFF1D,0xFF1D,
    0xFF1D,0xFF1D,0xFF1D,0xFF1D,0xFF1D,0xFF1D,0xFF1D,0xFF1D,0xFF1D,0xFF1D,0xFF1D,0xFF1D,
    0xFF1D,0xFF1D,0xFF1D,0xFF1D,0xFF1D,0xFF1D,0xFF1D,0xFF1D,0xFF1D,0xFF1D,0xFF1D,0xFF1D,
    0xFF1D,0xFF1D,0xFF1D,0xFF1D,0xFF1D,0xFF1D,0xFF1D,0xFF1D,0xFF1D,0xFF1D,0xFF1D,0xFF1D,
    0xFF1D,0xFF1D,0xFF1D,0xFF1D,0xFF1D,0xFF1D,0xFF1D,0xFF1D,0xFF1D,0xFF1D,0xFF1D,0xFF1D,
    0xFF1D,0xFF1D,0xFF1D,0xFF1D,0xFF1D,0xFF1D,0xFF1D,0xFF1D,0xFF1D,0xFF1D,0xFF1D,0xFF1D,
    0xFF1D,0xFF1D,0xFF1D,0xFF1D,0xFF1D,0xFF1D,0xFF1D,0xFF1D,0xFF1D,0xFF1D,0xFF1D,0xFF1D,
    0xFF1D,0xFF1D,0xFF1D,0xFF1D,0xFF1D,0xFF1D,0xFF1D,0xFF1D,0xFF1D,0xFF1D,0xFF1D,0xFF1D,
    0xFF1D,0xFF1D,0xFF1D,0xFF1D,0xFF1D,0xFF1D,0xFF1D,0xFF1D,0xFF1D,0xFF1D,0xFF1D,0xFF1D,
    0xFF1D,0xFF1D,0xFF1D,0xFF1D,0xCBC9,0xCBC9,0xCBC9,0xCBC9,0xCBC9,0xCBC9,0xCBC9,0xCBC9,
    0xCBC9,0xCBC9,0xCBC9,0xCBC9,0xCBC9,0xCBC9,0xCBC9,0xCBC9,0xCBC9,0xCBC9,0xCBC9,0xCBC9,
    0xCBC9,0xCBC9,0xCBC9,0xCBC9,0xCBC9,0xCBC9,0xFF1D,0xFF1D,0xFF1D,0xFF1D,0xFF1D,0xFF1D,
    0xFF1D,0xFF1D,0xFF1D,0xFF1D,0xFF1D,0xFF1D,0xFF1D,0xFF1D,0xFF1D,0xFF1D,0xFF1D,0xFF1D,
    0xFF1D,0xFF1D,0xFF1D,0xFF1D,0xFF1D,0xFF1D,0xFF1D,0xFF1D,0xFF1D,0xFF1D,0xFF1D,0xFF1D,
    0xFF1D,0xFF1D,0xFF1D,0xFF1D,0xFF1D,0xFF1D,0xFF1D,0xFF1D,0xFF1D,0xFF1D,0xFF1D,0xFF1D,
    0xFF1D,0xFF1D,0xFF1D,0xFF1D,0xFF1D,0xFF1D,0xFF1D,0xFF1D,0xFF1D,0xFF1D,0xFF1D,0xFF1D,
    0xFF1D,0xFF1D,0xFF1D,0xFF1D,0xFF1D,0xFF1D,0xFF1D,0xFF1D,0xFF1D,0xFF1D,0xFF1D,0xFF1D,
    0xFF1D,0xFF1D,0xFF1D,0xFF1D,0xFF1D,0xFF1D,0xFF1D,0xFF1D,0xFF1D,0xFF1D,0xFF1D,0xFF1D,
    0xFF1D,0xFF1D,0xFF1D,0xFF1D,0xFF1D,0xFF1D,0xFF1D,0xFF1D,0xFF1D,0xFF1D,0xFF1D,0xFF1D,
    0xFF1D,0xFF1D,0xFF1D,0xFF1D,0xFF1D,0xFF1D,0xFF1D,0xFF1D,0xFF1D,0xFF1D,0xFF1D,0xFF1D,
    0xFF1D,0xFF1D,0xFF1D,0xFF1D,0xFF1D,0xFF1D,0xFF1D,0xFF1D,0xFF1D,0xFF1D,0xFF1D,0xFF1D,
    0xFF1D,0xFF1D,0xFF1D,0xFF1D,0xFF1D,0xFF1D,0xFF1D,0xFF1D,0xFF1D,0xFF1D,0xFF1D,0xFF1D,
    0xFF1D,0xFF1D,0xFF1D,0xFF1D,0xFF1D,0xFF1D,0xFF1D,0xFF1D,0xFF1D,0xFF1D,0xFF1D,0xFF1D,
    0xFF1D,0xFF1D,0xFF1D,0xFF1D,0xFF1D,0xFF1D,0xFF1D,0xFF1D,0xFF1D,0xFF1D,0xFF1D,0xFF1D,
    0xFF1D,0xFF1D,0xFF1D,0xFF1D,0xFF1D,0xFF1D,0xFF1D,0xFF1D,0xFF1D,0xFF1D,0xFF1D,0xFF1D,
    0xFF1D,0xFF1D,0xFF1D,0xFF1D,0xFF1D,0xFF1D,0xFF1D,0xFF1D,0xFF1D,0xFF1D,0xFF1D,0xFF1D,
    0xFF1D,0xFF1D,0xFF1D,0xFF1D,0xFF1D,0xFF1D,0xFF1D,0xFF1D,0xFF1D,0xFF1D,0xFF1D,0xFF1D,
    0xFF1D,0xFF1D,0xFF1D,0xFF1D,0xFF1D,0xFF1D,0xFF1D,0xFF1D,0xFF1D,0xFF1D,0xFF1D,0xFF1D,
    0xFF1D,0xFF1D,0xFF1D,0xFF1D,0xFF1D,0xFF1D,0xFF1D,0xFF1D,0xFF1D,0xFF1D,0xFF1D,0xFF1D,
    0xFF1D,0xFF1D,0xFF1D,0xFF1D,0xFF1D,0xFF1D,0xFF1D,0xFF1D,0xFF1D,0xFF1D,0xFF1D,0xFF1D,
    0xFF1D,0xFF1D,0xFF1D,0xFF1D,0xFF1D,0xFF1D,0xFF1D,0xFF1D,0xFF1D,0xFF1D,0xFF1D,0xFF1D,
    0xFF1D,0xFF1D,0xFF1D,0xFF1D,0xFF1D,0xFF1D,0xFF1D,0xFF1D,0xFF1D,0xFF1D,0xFF1D,0xFF1D,
    0xFF1D,0xFF1D,0xFF1D,0xFF1D,0xFF1D,0xFF1D,0xFF1D,0xFF1D,0xFF1D,0xFF1D,0xFF1D,0xFF1D,
    0xFF1D,0xFF1D,0xFF1D,0xFF1D,0xFF1D,0xFF1D,0xFF1D,0xFF1D,0xFF1D,0xFF1D,0xFF1D,0xFF1D,
    0xFF1D,0xFF1D,0xFF1D,0xFF1D,0xFF1D,0xFF1D,0xFF1D,0xFF1D,0xFF1D,0xFF1D,0xFF1D,0xFF1D,
    0xFF1D,0xFF1D,0xFF1D,0xFF1D,0xFF1D,0xFF1D,0xFF1D,0xFF1D,0xFF1D,0xFF1D,0xFF1D,0xFF1D,
    0xCBC9,0xCBC9,0xCBC9,0xCBC9,0xCBC9,0xCBC9,0xCBC9,0xCBC9,0xCBC9,0xCBC9,0xCBC9,0xCBC9,
    0xCBC9,0xCBC9,0xCBC9,0xCBC9,0xCBC9,0xCBC9,0xCBC9,0xCBC9,0xCBC9,0xCBC9,0xCBC9,0xCBC9,
    0xCBC9,0xCBC9,0xFF1D,0xFF1D,0xFF1D,0xFF1D,0xFF1D,0xFF1D,0xFF1D,0xFF1D,0xFF1D,0xFF1D,
    0xFF1D,0xFF1D,0xFF1D,0xFF1D,0xFF1D,0xFF1D,0xFF1D,0xFF1D,0xFF1D,0xFF1D,0xFF1D,0xFF1D,
    0xFF1D,0xFF1D,0xFF1D,0xFF1D,0xFF1D,0xFF1D,0xFF1D,0xFF1D,0xFF1D,0xFF1D,0xFF1D,0xFF1D,
    0xFF1D,0xFF1D,0xFF1D,0xFF1D,0xFF1D,0xFF1D,0xFF1D,0xFF1D,0xFF1D,0xFF1D,0xFF1D,0xFF1D,
    0xFF1D,0xFF1D,0xFF1D,0xFF1D,0xFF1D,0xFF1D,0xFF1D,0xFF1D,0xFF1D,0xFF1D,0xFF1D,0xFF1D,
    0xFF1D,0xFF1D,0xFF1D,0xFF1D,0xFF1D,0xFF1D,0xFF1D,0xFF1D,0xFF1D,0xFF1D,0xFF1D,0xFF1D,
    0xFF1D,0xFF1D,0xFF1D,0xFF1D,0xFF1D,0xFF1D,0xFF1D,0xFF1D,0xFF1D,0xFF1D,0xFF1D,0xFF1D,
    0xFF1D,0xFF1D,0xFF1D,0xFF1D,0xFF1D,0xFF1D,0xFF1D,0xFF1D,0xFF1D,0xFF1D,0xFF1D,0xFF1D,
    0xFF1D,0xFF1D,0xFF1D,0xFF1D,0xFF1D,0xFF1D,0xFF1D,0xFF1D,0xFF1D,0xFF1D,0xFF1D,0xFF1D,
    0xFF1D,0xFF1D,0xFF1D,0xFF1D,0xFF1D,0xFF1D,0xFF1D,0xFF1D,0xFF1D,0xFF1D,0xFF1D,0xFF1D,
    0xFF1D,0xFF1D,0xFF1D,0xFF1D,0xFF1D,0xFF1D,0xFF1D,0xFF1D,0xFF1D,0xFF1D,0xFF1D,0xFF1D,
    0xFF1D,0xFF1D,0xFF1D,0xFF1D,0xFF1D,0xFF1D,0xFF1D,0xFF1D,0xFF1D,0xFF1D,0xFF1D,0xFF1D,
    0xFF1D,0xFF1D,0xFF1D,0xFF1D,0xFF1D,0xFF1D,0xFF1D,0xFF1D,0xFF1D,0xFF1D,0xFF1D,0xFF1D,
    0xFF1D,0xFF1D,0xFF1D,0xFF1D,0xFF1D,0xFF1D,0xFF1D,0xFF1D,0xFF1D,0xFF1D,0xFF1D,0xFF1D,
    0xFF1D,0xFF1D,0xFF1D,0xFF1D,0xFF1D,0xFF1D,0xFF1D,0xFF1D,0xFF1D,0xFF1D,0xFF1D,0xFF1D,
    0xFF1D,0xFF1D,0xFF1D,0xFF1D,0xFF1D,0xFF1D,0xFF1D,0xFF1D,0xFF1D,0xFF1D,0xFF1D,0xFF1D,
    0xFF1D,0xFF1D,0xFF1D,0xFF1D,0xFF1D,0xFF1D,0xFF1D,0xFF1D,0xFF1D,0xFF1D,0xFF1D,0xFF1D,
    0xFF1D,0xFF1D,0xFF1D,0xFF1D,0xFF1D,0xFF1D,0xFF1D,0xFF1D,0xFF1D,0xFF1D,0xFF1D,0xFF1D,
    0xFF1D,0xFF1D,0xFF1D,0xFF1D,0xFF1D,0xFF1D,0xFF1D,0xFF1D,0xFF1D,0xFF1D,0xFF1D,0xFF1D,
    0xFF1D,0xFF1D,0xFF1D,0xFF1D,0xFF1D,0xFF1D,0xFF1D,0xFF1D,0xFF1D,0xFF1D,0xFF1D,0xFF1D,
    0xFF1D,0xFF1D,0xFF1D,0xFF1D,0xFF1D,0xFF1D,0xFF1D,0xFF1D,0xFF1D,0xFF1D,0xFF1D,0xFF1D,
    0xFF1D,0xFF1D,0xFF1D,0xFF1D,0xFF1D,0xFF1D,0xFF1D,0xFF1D,0xFF1D,0xFF1D,0xFF1D,0xFF1D,
    0xFF1D,0xFF1D,0xFF1D,0xFF1D,0xFF1D,0xFF1D,0xFF1D,0xFF1D,0xFF1D,0xFF1D,0xFF1D,0xFF1D,
    0xFF1D,0xFF1D,0xFF1D,0xFF1D,0xFF1D,0xFF1D,0xFF1D,0xFF1D,0xFF1D,0xFF1D,0xFF1D,0xFF1D,
    0xFF1D,0xFF1D,0xFF1D,0xFF1D,0xFF1D,0xFF1D,0xFF1D,0xFF1D,0xCBC9,0xCBC9,0xCBC9,0xCBC9,
    0xCBC9,0xCBC9,0xCBC9,0xCBC9,0xCBC9,0xCBC9,0xCBC9,0xCBC9,0xCBC9,0xCBC9,0xCBC9,0xCBC9,
    0xCBC9,0xCBC9,0xCBC9,0xCBC9,0xCBC9,0xCBC9,0xCBC9,0xCBC9,0xCBC9,0xCBC9,0xFF1D,0xFF1D,
    0xFF1D,0xFF1D,0xFF1D,0xFF1D,0xFF1D,0xFF1D,0xFF1D,0xFF1D,0xFF1D,0xFF1D,0xFF1D,0xFF1D,
    0xFF1D,0xFF1D,0xFF1D,0xFF1D,0xFF1D,0xFF1D,0xFF1D,0xFF1D,0xFF1D,0xFF1D,0xFF1D,0xFF1D,
    0xFF1D,0xFF1D,0xFF1D,0xFF1D,0xFF1D,0xFF1D,0xFF1D,0xFF1D,0xFF1D,0xFF1D,0xFF1D,0xFF1D,
    0xFF1D,0xFF1D,0xFF1D,0xFF1D,0xFF1D,0xFF1D,0xFF1D,0xFF1D,0xFF1D,0xFF1D,0xFF1D,0xFF1D,
    0xFF1D,0xFF1D,0xFF1D,0xFF1D,0xFF1D,0xFF1D,0xFF1D,0xFF1D,0xFF1D,0xFF1D,0xFF1D,0xFF1D,
    0xFF1D,0xFF1D,0xFF1D,0xFF1D,0xFF1D,0xFF1D,0xFF1D,0xFF1D,0xFF1D,0xFF1D,0xFF1D,0xFF1D,
    0xFF1D,0xFF1D,0xFF1D,0xFF1D,0xFF1D,0xFF1D,0xFF1D,0xFF1D,0xFF1D,0xFF1D,0xFF1D,0xFF1D,
    0xFF1D,0xFF1D,0xFF1D,0xFF1D,0xFF1D,0xFF1D,0xFF1D,0xFF1D,0xFF1D,0xFF1D,0xFF1D,0xFF1D,
    0xFF1D,0xFF1D,0xFF1D,0xFF1D,0xFF1D,0xFF1D,0xFF1D,0xFF1D,0xFF1D,0xFF1D,0xFF1D,0xFF1D,
    0xFF1D,0xFF1D,0xFF1D,0xFF1D,0xFF1D,0xFF1D,0xFF1D,0xFF1D,0xFF1D,0xFF1D,0xFF1D,0xFF1D,
    0xFF1D,0xFF1D,0xFF1D,0xFF1D,0xFF1D,0xFF1D,0xFF1D,0xFF1D,0xFF1D,0xFF1D,0xFF1D,0xFF1D,
    0xFF1D,0xFF1D,0xFF1D,0xFF1D,0xFF1D,0xFF1D,0xFF1D,0xFF1D,0xFF1D,0xFF1D,0xFF1D,0xFF1D,
    0xFF1D,0xFF1D,0xFF1D,0xFF1D,0xFF1D,0xFF1D,0xFF1D,0xFF1D,0xFF1D,0xFF1D,0xFF1D,0xFF1D,
    0xFF1D,0xFF1D,0xFF1D,0xFF1D,0xFF1D,0xFF1D,0xFF1D,0xFF1D,0xFF1D,0xFF1D,0xFF1D,0xFF1D,
    0xFF1D,0xFF1D,0xFF1D,0xFF1D,0xFF1D,0xFF1D,0xFF1D,0xFF1D,0xFF1D,0xFF1D,0xFF1D,0xFF1D,
    0xFF1D,0xFF1D,0xFF1D,0xFF1D,0xFF1D,0xFF1D,0xFF1D,0xFF1D,0xFF1D,0xFF1D,0xFF1D,0xFF1D,
    0xFF1D,0xFF1D,0xFF1D,0xFF1D,0xFF1D,0xFF1D,0xFF1D,0xFF1D,0xFF1D,0xFF1D,0xFF1D,0xFF1D,
    0xFF1D,0xFF1D,0xFF1D,0xFF1D,0xFF1D,0xFF1D,0xFF1D,0xFF1D,0xFF1D,0xFF1D,0xFF1D,0xFF1D,
    0xFF1D,0xFF1D,0xFF1D,0xFF1D,0xFF1D,0xFF1D,0xFF1D,0xFF1D,0xFF1D,0xFF1D,0xFF1D,0xFF1D,
    0xFF1D,0xFF1D,0xFF1D,0xFF1D,0xFF1D,0xFF1D,0xFF1D,0xFF1D,0xFF1D,0xFF1D,0xFF1D,0xFF1D,
    0xFF1D,0xFF1D,0xFF1D,0xFF1D,0xFF1D,0xFF1D,0xFF1D,0xFF1D,0xFF1D,0xFF1D,0xFF1D,0xFF1D,
    0xFF1D,0xFF1D,0xFF1D,0xFF1D,0xFF1D,0xFF1D,0xFF1D,0xFF1D,0xFF1D,0xFF1D,0xFF1D,0xFF1D,
    0xFF1D,0xFF1D,0xFF1D,0xFF1D,0xFF1D,0xFF1D,0xFF1D,0xFF1D,0xFF1D,0xFF1D,0xFF1D,0xFF1D,
    0xFF1D,0xFF1D,0xFF1D,0xFF1D,0xFF1D,0xFF1D,0xFF1D,0xFF1D,0xFF1D,0xFF1D,0xFF1D,0xFF1D,
    0xFF1D,0xFF1D,0xFF1D,0xFF1D,0xCBC9,0xCBC9,0xCBC9,0xCBC9,0xCBC9,0xCBC9,0xCBC9,0xCBC9,
    0xCBC9,0xCBC9,0xCBC9,0xCBC9,0xCBC9,0xCBC9,0xCBC9,0xCBC9,0xCBC9,0xCBC9,0xCBC9,0xCBC9,
    0xCBC9,0xCBC9,0xCBC9,0xCBC9,0xCBC9,0xCBC9,0xFF1D,0xFF1D,0xFF1D,0xFF1D,0xFF1D,0xFF1D,
    0xFF1D,0xFF1D,0xFF1D,0xFF1D,0xFF1D,0xFF1D,0xFF1D,0xFF1D,0xFF1D,0xFF1D,0xFF1D,0xFF1D,
    0xFF1D,0xFF1D,0xFF1D,0xFF1D,0xFF1D,0xFF1D,0xFF1D,0xFF1D,0xFF1D,0xFF1D,0xFF1D,0xFF1D,
    0xFF1D,0xFF1D,0xFF1D,0xFF1D,0xFF1D,0xFF1D,0xFF1D,0xFF1D,0xFF1D,0xFF1D,0xFF1D,0xFF1D,
    0xFF1D,0xFF1D,0xFF1D,0xFF1D,0xFF1D,0xFF1D,0xFF1D,0xFF1D,0xFF1D,0xFF1D,0xFF1D,0xFF1D,
    0xFF1D,0xFF1D,0xFF1D,0xFF1D,0xFF1D,0xFF1D,0xFF1D,0xFF1D,0xFF1D,0xFF1D,0xFF1D,0xFF1D,
    0xFF1D,0xFF1D,0xFF1D,0xFF1D,0xFF1D,0xFF1D,0xFF1D,0xFF1D,0xFF1D,0xFF1D,0xFF1D,0xFF1D,
    0xFF1D,0xFF1D,0xFF1D,0xFF1D,0xFF1D,0xFF1D,0xFF1D,0xFF1D,0xFF1D,0xFF1D,0xFF1D,0xFF1D,
    0xFF1D,0xFF1D,0xFF1D,0xFF1D,0xFF1D,0xFF1D,0xFF1D,0xFF1D,0xFF1D,0xFF1D,0xFF1D,0xFF1D,
    0xFF1D,0xFF1D,0xFF1D,0xFF1D,0xFF1D,0xFF1D,0xFF1D,0xFF1D,0xFF1D,0xFF1D,0xFF1D,0xFF1D,
    0xFF1D,0xFF1D,0xFF1D,0xFF1D,0xFF1D,0xFF1D,0xFF1D,0xFF1D,0xFF1D,0xFF1D,0xFF1D,0xFF1D,
    0xFF1D,0xFF1D,0xFF1D,0xFF1D,0xFF1D,0xFF1D,0xFF1D,0xFF1D,0xFF1D,0xFF1D,0xFF1D,0xFF1D,
    0xFF1D,0xFF1D,0xFF1D,0xFF1D,0xFF1D,0xFF1D,0xFF1D,0xFF1D,0xFF1D,0xFF1D,0xFF1D,0xFF1D,
    0xFF1D,0xFF1D,0xFF1D,0xFF1D,0xFF1D,0xFF1D,0xFF1D,0xFF1D,0xFF1D,0xFF1D,0xFF1D,0xFF1D,
    0xFF1D,0xFF1D,0xFF1D,0xFF1D,0xFF1D,0xFF1D,0xFF1D,0xFF1D,0xFF1D,0xFF1D,0xFF1D,0xFF1D,
    0xFF1D,0xFF1D,0xFF1D,0xFF1D,0xFF1D,0xFF1D,0xFF1D,0xFF1D,0xFF1D,0xFF1D,0xFF1D,0xFF1D,
    0xFF1D,0xFF1D,0xFF1D,0xFF1D,0xFF1D,0xFF1D,0xFF1D,0xFF1D,0xFF1D,0xFF1D,0xFF1D,0xFF1D,
    0xFF1D,0xFF1D,0xFF1D,0xFF1D,0xFF1D,0xFF1D,0xFF1D,0xFF1D,0xFF1D,0xFF1D,0xFF1D,0xFF1D,
    0xFF1D,0xFF1D,0xFF1D,0xFF1D,0xFF1D,0xFF1D,0xFF1D,0xFF1D,0xFF1D,0xFF1D,0xFF1D,0xFF1D,
    0xFF1D,0xFF1D,0xFF1D,0xFF1D,0xFF1D,0xFF1D,0xFF1D,0xFF1D,0xFF1D,0xFF1D,0xFF1D,0xFF1D,
    0xFF1D,0xFF1D,0xFF1D,0xFF1D,0xFF1D,0xFF1D,0xFF1D,0xFF1D,0xFF1D,0xFF1D,0xFF1D,0xFF1D,
    0xFF1D,0xFF1D,0xFF1D,0xFF1D,0xFF1D,0xFF1D,0xFF1D,0xFF1D,0xFF1D,0xFF1D,0xFF1D,0xFF1D,
    0xFF1D,0xFF1D,0xFF1D,0xFF1D,0xFF1D,0xFF1D,0xFF1D,0xFF1D,0xFF1D,0xFF1D,0xFF1D,0xFF1D,
    0xFF1D,0xFF1D,0xFF1D,0xFF1D,0xFF1D,0xFF1D,0xFF1D,0xFF1D,0xFF1D,0xFF1D,0xFF1D,0xFF1D,
    0xFF1D,0xFF1D,0xFF1D,0xFF1D,0xFF1D,0xFF1D,0xFF1D,0xFF1D,0xFF1D,0xFF1D,0xFF1D,0xFF1D,
    0xCBC9,0xCBC9,0xCBC9,0xCBC9,0xCBC9,0xCBC9,0xCBC9,0xCBC9,0xCBC9,0xCBC9,0xCBC9,0xCBC9,
    0xCBC9,0xCBC9,0xCBC9,0xCBC9,0xCBC9,0xCBC9,0xCBC9,0xCBC9,0xCBC9,0xCBC9,0xCBC9,0xCBC9,
    0xCBC9,0xCBC9,0xFF1D,0xFF1D,0xFF1D,0xFF1D,0xFF1D,0xFF1D,0xFF1D,0xFF1D,0xFF1D,0xFF1D,
    0xFF1D,0xFF1D,0xFF1D,0xFF1D,0xFF1D,0xFF1D,0xFF1D,0xFF1D,0xFF1D,0xFF1D,0xFF1D,0xFF1D,
    0xFF1D,0xFF1D,0xFF1D,0xFF1D,0xFF1D,0xFF1D,0xFF1D,0xFF1D,0xFF1D,0xFF1D,0xFF1D,0xFF1D,
    0xFF1D,0xFF1D,0xFF1D,0xFF1D,0xFF1D,0xFF1D,0xFF1D,0xFF1D,0xFF1D,0xFF1D,0xFF1D,0xFF1D,
    0xFF1D,0xFF1D,0xFF1D,0xFF1D,0xFF1D,0xFF1D,0xFF1D,0xFF1D,0xFF1D,0xFF1D,0xFF1D,0xFF1D,
    0xFF1D,0xFF1D,0xFF1D,0xFF1D,0xFF1D,0xFF1D,0xFF1D,0xFF1D,0xFF1D,0xFF1D,0xFF1D,0xFF1D,
    0xFF1D,0xFF1D,0xFF1D,0xFF1D,0xFF1D,0xFF1D,0xFF1D,0xFF1D,0xFF1D,0xFF1D,0xFF1D,0xFF1D,
    0xFF1D,0xFF1D,0xFF1D,0xFF1D,0xFF1D,0xFF1D,0xFF1D,0xFF1D,0xFF1D,0xFF1D,0xFF1D,0xFF1D,
    0xFF1D,0xFF1D,0xFF1D,0xFF1D,0xFF1D,0xFF1D,0xFF1D,0xFF1D,0xFF1D,0xFF1D,0xFF1D,0xFF1D,
    0xFF1D,0xFF1D,0xFF1D,0xFF1D,0xFF1D,0xFF1D,0xFF1D,0xFF1D,0xFF1D,0xFF1D,0xFF1D,0xFF1D,
    0xFF1D,0xFF1D,0xFF1D,0xFF1D,0xFF1D,0xFF1D,0xFF1D,0xFF1D,0xFF1D,0xFF1D,0xFF1D,0xFF1D,
    0xFF1D,0xFF1D,0xFF1D,0xFF1D,0xFF1D,0xFF1D,0xFF1D,0xFF1D,0xFF1D,0xFF1D,0xFF1D,0xFF1D,
    0xFF1D,0xFF1D,0xFF1D,0xFF1D,0xFF1D,0xFF1D,0xFF1D,0xFF1D,0xFF1D,0xFF1D,0xFF1D,0xFF1D,
    0xFF1D,0xFF1D,0xFF1D,0xFF1D,0xFF1D,0xFF1D,0xFF1D,0xFF1D,0xFF1D,0xFF1D,0xFF1D,0xFF1D,
    0xFF1D,0xFF1D,0xFF1D,0xFF1D,0xFF1D,0xFF1D,0xFF1D,0xFF1D,0xFF1D,0xFF1D,0xFF1D,0xFF1D,
    0xFF1D,0xFF1D,0xFF1D,0xFF1D,0xFF1D,0xFF1D,0xFF1D,0xFF1D,0xFF1D,0xFF1D,0xFF1D,0xFF1D,
    0xFF1D,0xFF1D,0xFF1D,0xFF1D,0xFF1D,0xFF1D,0xFF1D,0xFF1D,0xFF1D,0xFF1D,0xFF1D,0xFF1D,
    0xFF1D,0xFF1D,0xFF1D,0xFF1D,0xFF1D,0xFF1D,0xFF1D,0xFF1D,0xFF1D,0xFF1D,0xFF1D,0xFF1D,
    0xFF1D,0xFF1D,0xFF1D,0xFF1D,0xFF1D,0xFF1D,0xFF1D,0xFF1D,0xFF1D,0xFF1D,0xFF1D,0xFF1D,
    0xFF1D,0xFF1D,0xFF1D,0xFF1D,0xFF1D,0xFF1D,0xFF1D,0xFF1D,0xFF1D,0xFF1D,0xFF1D,0xFF1D,
    0xFF1D,0xFF1D,0xFF1D,0xFF1D,0xFF1D,0xFF1D,0xFF1D,0xFF1D,0xFF1D,0xFF1D,0xFF1D,0xFF1D,
    0xFF1D,0xFF1D,0xFF1D,0xFF1D,0xFF1D,0xFF1D,0xFF1D,0xFF1D,0xFF1D,0xFF1D,0xFF1D,0xFF1D,
    0xFF1D,0xFF1D,0xFF1D,0xFF1D,0xFF1D,0xFF1D,0xFF1D,0xFF1D,0xFF1D,0xFF1D,0xFF1D,0xFF1D,
    0xFF1D,0xFF1D,0xFF1D,0xFF1D,0xFF1D,0xFF1D,0xFF1D,0xFF1D,0xFF1D,0xFF1D,0xFF1D,0xFF1D,
    0xFF1D,0xFF1D,0xFF1D,0xFF1D,0xFF1D,0xFF1D,0xFF1D,0xFF1D,0xCBC9,0xCBC9,0xCBC9,0xCBC9,
    0xCBC9,0xCBC9,0xCBC9,0xCBC9,0xCBC9,0xCBC9,0xCBC9,0xCBC9,0xCBC9,0xCBC9,0xCBC9,0xCBC9,
    0xCBC9,0xCBC9,0xCBC9,0xCBC9,0xCBC9,0xCBC9,0xCBC9,0xCBC9,0xCBC9,0xCBC9,0xFF1D,0xFF1D,
    0xFF1D,0xFF1D,0xFF1D,0xFF1D,0xFF1D,0xFF1D,0xFF1D,0xFF1D,0xFF1D,0xFF1D,0xFF1D,0xFF1D,
    0xFF1D,0xFF1D,0xFF1D,0xFF1D,0xFF1D,0xFF1D,0xFF1D,0xFF1D,0xFF1D,0xFF1D,0xFF1D,0xFF1D,
    0xFF1D,0xFF1D,0xFF1D,0xFF1D,0xFF1D,0xFF1D,0xFF1D,0xFF1D,0xFF1D,0xFF1D,0xFF1D,0xFF1D,
    0xFF1D,0xFF1D,0xFF1D,0xFF1D,0xFF1D,0xFF1D,0xFF1D,0xFF1D,0xFF1D,0xFF1D,0xFF1D,0xFF1D,
    0xFF1D,0xFF1D,0xFF1D,0xFF1D,0xFF1D,0xFF1D,0xFF1D,0xFF1D,0xFF1D,0xFF1D,0xFF1D,0xFF1D,
    0xFF1D,0xFF1D,0xFF1D,0xFF1D,0xFF1D,0xFF1D,0xFF1D,0xFF1D,0xFF1D,0xFF1D,0xFF1D,0xFF1D,
    0xFF1D,0xFF1D,0xFF1D,0xFF1D,0xFF1D,0xFF1D,0xFF1D,0xFF1D,0xFF1D,0xFF1D,0xFF1D,0xFF1D,
    0xFF1D,0xFF1D,0xFF1D,0xFF1D,0xFF1D,0xFF1D,0xFF1D,0xFF1D,0xFF1D,0xFF1D,0xFF1D,0xFF1D,
    0xFF1D,0xFF1D,0xFF1D,0xFF1D,0xFF1D,0xFF1D,0xFF1D,0xFF1D,0xFF1D,0xFF1D,0xFF1D,0xFF1D,
    0xFF1D,0xFF1D,0xFF1D,0xFF1D,0xFF1D,0xFF1D,0xFF1D,0xFF1D,0xFF1D,0xFF1D,0xFF1D,0xFF1D,
    0xFF1D,0xFF1D,0xFF1D,0xFF1D,0xFF1D,0xFF1D,0xFF1D,0xFF1D,0xFF1D,0xFF1D,0xFF1D,0xFF1D,
    0xFF1D,0xFF1D,0xFF1D,0xFF1D,0xFF1D,0xFF1D,0xFF1D,0xFF1D,0xFF1D,0xFF1D,0xFF1D,0xFF1D,
    0xFF1D,0xFF1D,0xFF1D,0xFF1D,0xFF1D,0xFF1D,0xFF1D,0xFF1D,0xFF1D,0xFF1D,0xFF1D,0xFF1D,
    0xFF1D,0xFF1D,0xFF1D,0xFF1D,0xFF1D,0xFF1D,0xFF1D,0xFF1D,0xFF1D,0xFF1D,0xFF1D,0xFF1D,
    0xFF1D,0xFF1D,0xFF1D,0xFF1D,0xFF1D,0xFF1D,0xFF1D,0xFF1D,0xFF1D,0xFF1D,0xFF1D,0xFF1D,
    0xFF1D,0xFF1D,0xFF1D,0xFF1D,0xFF1D,0xFF1D,0xFF1D,0xFF1D,0xFF1D,0xFF1D,0xFF1D,0xFF1D,
    0xFF1D,0xFF1D,0xFF1D,0xFF1D,0xFF1D,0xFF1D,0xFF1D,0xFF1D,0xFF1D,0xFF1D,0xFF1D,0xFF1D,
    0xFF1D,0xFF1D,0xFF1D,0xFF1D,0xFF1D,0xFF1D,0xFF1D,0xFF1D,0xFF1D,0xFF1D,0xFF1D,0xFF1D,
    0xFF1D,0xFF1D,0xFF1D,0xFF1D,0xFF1D,0xFF1D,0xFF1D,0xFF1D,0xFF1D,0xFF1D,0xFF1D,0xFF1D,
    0xFF1D,0xFF1D,0xFF1D,0xFF1D,0xFF1D,0xFF1D,0xFF1D,0xFF1D,0xFF1D,0xFF1D,0xFF1D,0xFF1D,
    0xFF1D,0xFF1D,0xFF1D,0xFF1D,0xFF1D,0xFF1D,0xFF1D,0xFF1D,0xFF1D,0xFF1D,0xFF1D,0xFF1D,
    0xFF1D,0xFF1D,0xFF1D,0xFF1D,0xFF1D,0xFF1D,0xFF1D,0xFF1D,0xFF1D,0xFF1D,0xFF1D,0xFF1D,
    0xFF1D,0xFF1D,0xFF1D,0xFF1D,0xFF1D,0xFF1D,0xFF1D,0xFF1D,0xFF1D,0xFF1D,0xFF1D,0xFF1D,
    0xFF1D,0xFF1D,0xFF1D,0xFF1D,0xFF1D,0xFF1D,0xFF1D,0xFF1D,0xFF1D,0xFF1D,0xFF1D,0xFF1D,
    0xFF1D,0xFF1D,0xFF1D,0xFF1D,0xCBC9,0xCBC9,0xCBC9,0xCBC9,0xCBC9,0xCBC9,0xCBC9,0xCBC9,
    0xCBC9,0xCBC9,0xCBC9,0xCBC9,0xCBC9,0xCBC9,0xCBC9,0xCBC9,0xCBC9,0xCBC9,0xCBC9,0xCBC9,
    0xCBC9,0xCBC9,0xCBC9,0xCBC9,0xCBC9,0xCBC9,0xFF1D,0xFF1D,0xFF1D,0xFF1D,0xFF1D,0xFF1D,
    0xFF1D,0xFF1D,0xFF1D,0xFF1D,0xFF1D,0xFF1D,0xFF1D,0xFF1D,0xFF1D,0xFF1D,0xFF1D,0xFF1D,
    0xFF1D,0xFF1D,0xFF1D,0xFF1D,0xFF1D,0xFF1D,0xFF1D,0xFF1D,0xFF1D,0xFF1D,0xFF1D,0xFF1D,
    0xFF1D,0xFF1D,0xFF1D,0xFF1D,0xFF1D,0xFF1D,0xFF1D,0xFF1D,0xFF1D,0xFF1D,0xFF1D,0xFF1D,
    0xFF1D,0xFF1D,0xFF1D,0xFF1D,0xFF1D,0xFF1D,0xFF1D,0xFF1D,0xFF1D,0xFF1D,0xFF1D,0xFF1D,
    0xFF1D,0xFF1D,0xFF1D,0xFF1D,0xFF1D,0xFF1D,0xFF1D,0xFF1D,0xFF1D,0xFF1D,0xFF1D,0xFF1D,
    0xFF1D,0xFF1D,0xFF1D,0xFF1D,0xFF1D,0xFF1D,0xFF1D,0xFF1D,0xFF1D,0xFF1D,0xFF1D,0xFF1D,
    0xFF1D,0xFF1D,0xFF1D,0xFF1D,0xFF1D,0xFF1D,0xFF1D,0xFF1D,0xFF1D,0xFF1D,0xFF1D,0xFF1D,
    0xFF1D,0xFF1D,0xFF1D,0xFF1D,0xFF1D,0xFF1D,0xFF1D,0xFF1D,0xFF1D,0xFF1D,0xFF1D,0xFF1D,
    0xFF1D,0xFF1D,0xFF1D,0xFF1D,0xFF1D,0xFF1D,0xFF1D,0xFF1D,0xFF1D,0xFF1D,0xFF1D,0xFF1D,
    0xFF1D,0xFF1D,0xFF1D,0xFF1D,0xFF1D,0xFF1D,0xFF1D,0xFF1D,0xFF1D,0xFF1D,0xFF1D,0xFF1D,
    0xFF1D,0xFF1D,0xFF1D,0xFF1D,0xFF1D,0xFF1D,0xFF1D,0xFF1D,0xFF1D,0xFF1D,0xFF1D,0xFF1D,
    0xFF1D,0xFF1D,0xFF1D,0xFF1D,0xFF1D,0xFF1D,0xFF1D,0xFF1D,0xFF1D,0xFF1D,0xFF1D,0xFF1D,
    0xFF1D,0xFF1D,0xFF1D,0xFF1D,0xFF1D,0xFF1D,0xFF1D,0xFF1D,0xFF1D,0xFF1D,0xFF1D,0xFF1D,
    0xFF1D,0xFF1D,0xFF1D,0xFF1D,0xFF1D,0xFF1D,0xFF1D,0xFF1D,0xFF1D,0xFF1D,0xFF1D,0xFF1D,
    0xFF1D,0xFF1D,0xFF1D,0xFF1D,0xFF1D,0xFF1D,0xFF1D,0xFF1D,0xFF1D,0xFF1D,0xFF1D,0xFF1D,
    0xFF1D,0xFF1D,0xFF1D,0xFF1D,0xFF1D,0xFF1D,0xFF1D,0xFF1D,0xFF1D,0xFF1D,0xFF1D,0xFF1D,
    0xFF1D,0xFF1D,0xFF1D,0xFF1D,0xFF1D,0xFF1D,0xFF1D,0xFF1D,0xFF1D,0xFF1D,0xFF1D,0xFF1D,
    0xFF1D,0xFF1D,0xFF1D,0xFF1D,0xFF1D,0xFF1D,0xFF1D,0xFF1D,0xFF1D,0xFF1D,0xFF1D,0xFF1D,
    0xFF1D,0xFF1D,0xFF1D,0xFF1D,0xFF1D,0xFF1D,0xFF1D,0xFF1D,0xFF1D,0xFF1D,0xFF1D,0xFF1D,
    0xFF1D,0xFF1D,0xFF1D,0xFF1D,0xFF1D,0xFF1D,0xFF1D,0xFF1D,0xFF1D,0xFF1D,0xFF1D,0xFF1D,
    0xFF1D,0xFF1D,0xFF1D,0xFF1D,0xFF1D,0xFF1D,0xFF1D,0xFF1D,0xFF1D,0xFF1D,0xFF1D,0xFF1D,
    0xFF1D,0xFF1D,0xFF1D,0xFF1D,0xFF1D,0xFF1D,0xFF1D,0xFF1D,0xFF1D,0xFF1D,0xFF1D,0xFF1D,
    0xFF1D,0xFF1D,0xFF1D,0xFF1D,0xFF1D,0xFF1D,0xFF1D,0xFF1D,0xFF1D,0xFF1D,0xFF1D,0xFF1D,
    0xFF1D,0xFF1D,0xFF1D,0xFF1D,0xFF1D,0xFF1D,0xFF1D,0xFF1D,0xFF1D,0xFF1D,0xFF1D,0xFF1D,
    0xCBC9,0xCBC9,0xCBC9,0xCBC9,0xCBC9,0xCBC9,0xCBC9,0xCBC9,0xCBC9,0xCBC9,0xCBC9,0xCBC9,
    0xCBC9,0xCBC9,0xCBC9,0xCBC9,0xCBC9,0xCBC9,0xCBC9,0xCBC9,0xCBC9,0xCBC9,0xCBC9,0xCBC9,
    0xCBC9,0xCBC9,0xFF1D,0xFF1D,0xFF1D,0xFF1D,0xFF1D,0xFF1D,0xFF1D,0xFF1D,0xFF1D,0xFF1D,
    0xFF1D,0xFF1D,0xFF1D,0xFF1D,0xFF1D,0xFF1D,0xFF1D,0xFF1D,0xFF1D,0xFF1D,0xFF1D,0xFF1D,
    0xFF1D,0xFF1D,0xFF1D,0xFF1D,0xFF1D,0xFF1D,0xFF1D,0xFF1D,0xFF1D,0xFF1D,0xFF1D,0xFF1D,
    0xFF1D,0xFF1D,0xFF1D,0xFF1D,0xFF1D,0xFF1D,0xFF1D,0xFF1D,0xFF1D,0xFF1D,0xFF1D,0xFF1D,
    0xFF1D,0xFF1D,0xFF1D,0xFF1D,0xFF1D,0xFF1D,0xFF1D,0xFF1D,0xFF1D,0xFF1D,0xFF1D,0xFF1D,
    0xFF1D,0xFF1D,0xFF1D,0xFF1D,0xFF1D,0xFF1D,0xFF1D,0xFF1D,0xFF1D,0xFF1D,0xFF1D,0xFF1D,
    0xFF1D,0xFF1D,0xFF1D,0xFF1D,0xFF1D,0xFF1D,0xFF1D,0xFF1D,0xFF1D,0xFF1D,0xFF1D,0xFF1D,
    0xFF1D,0xFF1D,0xFF1D,0xFF1D,0xFF1D,0xFF1D,0xFF1D,0xFF1D,0xFF1D,0xFF1D,0xFF1D,0xFF1D,
    0xFF1D,0xFF1D,0xFF1D,0xFF1D,0xFF1D,0xFF1D,0xFF1D,0xFF1D,0xFF1D,0xFF1D,0xFF1D,0xFF1D,
    0xFF1D,0xFF1D,0xFF1D,0xFF1D,0xFF1D,0xFF1D,0xFF1D,0xFF1D,0xFF1D,0xFF1D,0xFF1D,0xFF1D,
    0xFF1D,0xFF1D,0xFF1D,0xFF1D,0xFF1D,0xFF1D,0xFF1D,0xFF1D,0xFF1D,0xFF1D,0xFF1D,0xFF1D,
    0xFF1D,0xFF1D,0xFF1D,0xFF1D,0xFF1D,0xFF1D,0xFF1D,0xFF1D,0xFF1D,0xFF1D,0xFF1D,0xFF1D,
    0xFF1D,0xFF1D,0xFF1D,0xFF1D,0xFF1D,0xFF1D,0xFF1D,0xFF1D,0xFF1D,0xFF1D,0xFF1D,0xFF1D,
    0xFF1D,0xFF1D,0xFF1D,0xFF1D,0xFF1D,0xFF1D,0xFF1D,0xFF1D,0xFF1D,0xFF1D,0xFF1D,0xFF1D,
    0xFF1D,0xFF1D,0xFF1D,0xFF1D,0xFF1D,0xFF1D,0xFF1D,0xFF1D,0xFF1D,0xFF1D,0xFF1D,0xFF1D,
    0xFF1D,0xFF1D,0xFF1D,0xFF1D,0xFF1D,0xFF1D,0xFF1D,0xFF1D,0xFF1D,0xFF1D,0xFF1D,0xFF1D,
    0xFF1D,0xFF1D,0xFF1D,0xFF1D,0xFF1D,0xFF1D,0xFF1D,0xFF1D,0xFF1D,0xFF1D,0xFF1D,0xFF1D,
    0xFF1D,0xFF1D,0xFF1D,0xFF1D,0xFF1D,0xFF1D,0xFF1D,0xFF1D,0xFF1D,0xFF1D,0xFF1D,0xFF1D,
    0xFF1D,0xFF1D,0xFF1D,0xFF1D,0xFF1D,0xFF1D,0xFF1D,0xFF1D,0xFF1D,0xFF1D,0xFF1D,0xFF1D,
    0xFF1D,0xFF1D,0xFF1D,0xFF1D,0xFF1D,0xFF1D,0xFF1D,0xFF1D,0xFF1D,0xFF1D,0xFF1D,0xFF1D,
    0xFF1D,0xFF1D,0xFF1D,0xFF1D,0xFF1D,0xFF1D,0xFF1D,0xFF1D,0xFF1D,0xFF1D,0xFF1D,0xFF1D,
    0xFF1D,0xFF1D,0xFF1D,0xFF1D,0xFF1D,0xFF1D,0xFF1D,0xFF1D,0xFF1D,0xFF1D,0xFF1D,0xFF1D,
    0xFF1D,0xFF1D,0xFF1D,0xFF1D,0xFF1D,0xFF1D,0xFF1D,0xFF1D,0xFF1D,0xFF1D,0xFF1D,0xFF1D,
    0xFF1D,0xFF1D,0xFF1D,0xFF1D,0xFF1D,0xFF1D,0xFF1D,0xFF1D,0xFF1D,0xFF1D,0xFF1D,0xFF1D,
    0xFF1D,0xFF1D,0xFF1D,0xFF1D,0xFF1D,0xFF1D,0xFF1D,0xFF1D,0xCBC9,0xCBC9,0xCBC9,0xCBC9,
    0xCBC9,0xCBC9,0xCBC9,0xCBC9,0xCBC9,0xCBC9,0xCBC9,0xCBC9,0xCBC9,0xCBC9,0xCBC9,0xCBC9,
    0xCBC9,0xCBC9,0xCBC9,0xCBC9,0xCBC9,0xCBC9,0xCBC9,0xCBC9,0xCBC9,0xCBC9,0xFF1D,0xFF1D,
    0xFF1D,0xFF1D,0xFF1D,0xFF1D,0xFF1D,0xFF1D,0xFF1D,0xFF1D,0xFF1D,0xFF1D,0xFF1D,0xFF1D,
    0xFF1D,0xFF1D,0xFF1D,0xFF1D,0xFF1D,0xFF1D,0xFF1D,0xFF1D,0xFF1D,0xFF1D,0xFF1D,0xFF1D,
    0xFF1D,0xFF1D,0xFF1D,0xFF1D,0xFF1D,0xFF1D,0xFF1D,0xFF1D,0xFF1D,0xFF1D,0xFF1D,0xFF1D,
    0xFF1D,0xFF1D,0xFF1D,0xFF1D,0xFF1D,0xFF1D,0xFF1D,0xFF1D,0xFF1D,0xFF1D,0xFF1D,0xFF1D,
    0xFF1D,0xFF1D,0xFF1D,0xFF1D,0xFF1D,0xFF1D,0xFF1D,0xFF1D,0xFF1D,0xFF1D,0xFF1D,0xFF1D,
    0xFF1D,0xFF1D,0xFF1D,0xFF1D,0xFF1D,0xFF1D,0xFF1D,0xFF1D,0xFF1D,0xFF1D,0xFF1D,0xFF1D,
    0xFF1D,0xFF1D,0xFF1D,0xFF1D,0xFF1D,0xFF1D,0xFF1D,0xFF1D,0xFF1D,0xFF1D,0xFF1D,0xFF1D,
    0xFF1D,0xFF1D,0xFF1D,0xFF1D,0xFF1D,0xFF1D,0xFF1D,0xFF1D,0xFF1D,0xFF1D,0xFF1D,0xFF1D,
    0xFF1D,0xFF1D,0xFF1D,0xFF1D,0xFF1D,0xFF1D,0xFF1D,0xFF1D,0xFF1D,0xFF1D,0xFF1D,0xFF1D,
    0xFF1D,0xFF1D,0xFF1D,0xFF1D,0xFF1D,0xFF1D,0xFF1D,0xFF1D,0xFF1D,0xFF1D,0xFF1D,0xFF1D,
    0xFF1D,0xFF1D,0xFF1D,0xFF1D,0xFF1D,0xFF1D,0xFF1D,0xFF1D,0xFF1D,0xFF1D,0xFF1D,0xFF1D,
    0xFF1D,0xFF1D,0xFF1D,0xFF1D,0xFF1D,0xFF1D,0xFF1D,0xFF1D,0xFF1D,0xFF1D,0xFF1D,0xFF1D,
    0xFF1D,0xFF1D,0xFF1D,0xFF1D,0xFF1D,0xFF1D,0xFF1D,0xFF1D,0xFF1D,0xFF1D,0xFF1D,0xFF1D,
    0xFF1D,0xFF1D,0xFF1D,0xFF1D,0xFF1D,0xFF1D,0xFF1D,0xFF1D,0xFF1D,0xFF1D,0xFF1D,0xFF1D,
    0xFF1D,0xFF1D,0xFF1D,0xFF1D,0xFF1D,0xFF1D,0xFF1D,0xFF1D,0xFF1D,0xFF1D,0xFF1D,0xFF1D,
    0xFF1D,0xFF1D,0xFF1D,0xFF1D,0xFF1D,0xFF1D,0xFF1D,0xFF1D,0xFF1D,0xFF1D,0xFF1D,0xFF1D,
    0xFF1D,0xFF1D,0xFF1D,0xFF1D,0xFF1D,0xFF1D,0xFF1D,0xFF1D,0xFF1D,0xFF1D,0xFF1D,0xFF1D,
    0xFF1D,0xFF1D,0xFF1D,0xFF1D,0xFF1D,0xFF1D,0xFF1D,0xFF1D,0xFF1D,0xFF1D,0xFF1D,0xFF1D,
    0xFF1D,0xFF1D,0xFF1D,0xFF1D,0xFF1D,0xFF1D,0xFF1D,0xFF1D,0xFF1D,0xFF1D,0xFF1D,0xFF1D,
    0xFF1D,0xFF1D,0xFF1D,0xFF1D,0xFF1D,0xFF1D,0xFF1D,0xFF1D,0xFF1D,0xFF1D,0xFF1D,0xFF1D,
    0xFF1D,0xFF1D,0xFF1D,0xFF1D,0xFF1D,0xFF1D,0xFF1D,0xFF1D,0xFF1D,0xFF1D,0xFF1D,0xFF1D,
    0xFF1D,0xFF1D,0xFF1D,0xFF1D,0xFF1D,0xFF1D,0xFF1D,0xFF1D,0xFF1D,0xFF1D,0xFF1D,0xFF1D,
    0xFF1D,0xFF1D,0xFF1D,0xFF1D,0xFF1D,0xFF1D,0xFF1D,0xFF1D,0xFF1D,0xFF1D,0xFF1D,0xFF1D,
    0xFF1D,0xFF1D,0xFF1D,0xFF1D,0xFF1D,0xFF1D,0xFF1D,0xFF1D,0xFF1D,0xFF1D,0xFF1D,0xFF1D,
    0xFF1D,0xFF1D,0xFF1D,0xFF1D,0xCC0A,0xCBC9,0xCBC9,0xCBC9,0xCBC9,0xCBC9,0xCBC9,0xCBC9,
    0xCBC9,0xCBC9,0xCBC9,0xCBC9,0xCBC9,0xCBC9,0xCBC9,0xCBC9,0xCBC9,0xCBC9,0xCBC9,0xCBC9,
    0xCBC9,0xCBC9,0xCBC9,0xCBC9,0xCBC9,0xCC0A,0xFF1D,0xFF1D,0xFF1D,0xFF1D,0xFF1D,0xFF1D,
    0xFF1D,0xFF1D,0xFF1D,0xFF1D,0xFF1D,0xFF1D,0xFF1D,0xFF1D,0xFF1D,0xFF1D,0xFF1D,0xFF1D,
    0xFF1D,0xFF1D,0xFF1D,0xFF1D,0xFF1D,0xFF1D,0xFF1D,0xFF1D,0xFF1D,0xFF1D,0xFF1D,0xFF1D,
    0xFF1D,0xFF1D,0xFF1D,0xFF1D,0xFF1D,0xFF1D,0xFF1D,0xFF1D,0xFF1D,0xFF1D,0xFF1D,0xFF1D,
    0xFF1D,0xFF1D,0xFF1D,0xFF1D,0xFF1D,0xFF1D,0xFF1D,0xFF1D,0xFF1D,0xFF1D,0xFF1D,0xFF1D,
    0xFF1D,0xFF1D,0xFF1D,0xFF1D,0xFF1D,0xFF1D,0xFF1D,0xFF1D,0xFF1D,0xFF1D,0xFF1D,0xFF1D,
    0xFF1D,0xFF1D,0xFF1D,0xFF1D,0xFF1D,0xFF1D,0xFF1D,0xFF1D,0xFF1D,0xFF1D,0xFF1D,0xFF1D,
    0xFF1D,0xFF1D,0xFF1D,0xFF1D,0xFF1D,0xFF1D,0xFF1D,0xFF1D,0xFF1D,0xFF1D,0xFF1D,0xFF1D,
    0xFF1D,0xFF1D,0xFF1D,0xFF1D,0xFF1D,0xFF1D,0xFF1D,0xFF1D,0xFF1D,0xFF1D,0xFF1D,0xFF1D,
    0xFF1D,0xFF1D,0xFF1D,0xFF1D,0xFF1D,0xFF1D,0xFF1D,0xFF1D,0xFF1D,0xFF1D,0xFF1D,0xFF1D,
    0xFF1D,0xFF1D,0xFF1D,0xFF1D,0xFF1D,0xFF1D,0xFF1D,0xFF1D,0xFF1D,0xFF1D,0xFF1D,0xFF1D,
    0xFF1D,0xFF1D,0xFF1D,0xFF1D,0xFF1D,0xFF1D,0xFF1D,0xFF1D,0xFF1D,0xFF1D,0xFF1D,0xFF1D,
    0xFF1D,0xFF1D,0xFF1D,0xFF1D,0xFF1D,0xFF1D,0xFF1D,0xFF1D,0xFF1D,0xFF1D,0xFF1D,0xFF1D,
    0xFF1D,0xFF1D,0xFF1D,0xFF1D,0xFF1D,0xFF1D,0xFF1D,0xFF1D,0xFF1D,0xFF1D,0xFF1D,0xFF1D,
    0xFF1D,0xFF1D,0xFF1D,0xFF1D,0xFF1D,0xFF1D,0xFF1D,0xFF1D,0xFF1D,0xFF1D,0xFF1D,0xFF1D,
    0xFF1D,0xFF1D,0xFF1D,0xFF1D,0xFF1D,0xFF1D,0xFF1D,0xFF1D,0xFF1D,0xFF1D,0xFF1D,0xFF1D,
    0xFF1D,0xFF1D,0xFF1D,0xFF1D,0xFF1D,0xFF1D,0xFF1D,0xFF1D,0xFF1D,0xFF1D,0xFF1D,0xFF1D,
    0xFF1D,0xFF1D,0xFF1D,0xFF1D,0xFF1D,0xFF1D,0xFF1D,0xFF1D,0xFF1D,0xFF1D,0xFF1D,0xFF1D,
    0xFF1D,0xFF1D,0xFF1D,0xFF1D,0xFF1D,0xFF1D,0xFF1D,0xFF1D,0xFF1D,0xFF1D,0xFF1D,0xFF1D,
    0xFF1D,0xFF1D,0xFF1D,0xFF1D,0xFF1D,0xFF1D,0xFF1D,0xFF1D,0xFF1D,0xFF1D,0xFF1D,0xFF1D,
    0xFF1D,0xFF1D,0xFF1D,0xFF1D,0xFF1D,0xFF1D,0xFF1D,0xFF1D,0xFF1D,0xFF1D,0xFF1D,0xFF1D,
    0xFF1D,0xFF1D,0xFF1D,0xFF1D,0xFF1D,0xFF1D,0xFF1D,0xFF1D,0xFF1D,0xFF1D,0xFF1D,0xFF1D,
    0xFF1D,0xFF1D,0xFF1D,0xFF1D,0xFF1D,0xFF1D,0xFF1D,0xFF1D,0xFF1D,0xFF1D,0xFF1D,0xFF1D,
    0xFF1D,0xFF1D,0xFF1D,0xFF1D,0xFF1D,0xFF1D,0xFF1D,0xFF1D,0xFF1D,0xFF1D,0xFF1D,0xFF1D,
    0xFF1D,0xFF1D,0xFF1D,0xFF1D,0xFF1D,0xFF1D,0xFF1D,0xFF1D,0xFF1D,0xFF1D,0xFF1D,0xFF1D,
    0xDCCF,0xCBC9,0xCBC9,0xCBC9,0xCBC9,0xCBC9,0xCBC9,0xCBC9,0xCBC9,0xCBC9,0xCBC9,0xCBC9,
    0xCBC9,0xCBC9,0xCBC9,0xCBC9,0xCBC9,0xCBC9,0xCBC9,0xCBC9,0xCBC9,0xCBC9,0xCBC9,0xCBC9,
    0xCBC9,0xDCF0,0xFF1D,0xFF1D,0xFF1D,0xFF1D,0xFF1D,0xFF1D,0xFF1D,0xFF1D,0xFF1D,0xFF1D,
    0xFF1D,0xFF1D,0xFF1D,0xFF1D,0xFF1D,0xFF1D,0xFF1D,0xFF1D,0xFF1D,0xFF1D,0xFF1D,0xFF1D,
    0xFF1D,0xFF1D,0xFF1D,0xFF1D,0xFF1D,0xFF1D,0xFF1D,0xFF1D,0xFF1D,0xFF1D,0xFF1D,0xFF1D,
    0xFF1D,0xFF1D,0xFF1D,0xFF1D,0xFF1D,0xFF1D,0xFF1D,0xFF1D,0xFF1D,0xFF1D,0xFF1D,0xFF1D,
    0xFF1D,0xFF1D,0xFF1D,0xFF1D,0xFF1D,0xFF1D,0xFF1D,0xFF1D,0xFF1D,0xFF1D,0xFF1D,0xFF1D,
    0xFF1D,0xFF1D,0xFF1D,0xFF1D,0xFF1D,0xFF1D,0xFF1D,0xFF1D,0xFF1D,0xFF1D,0xFF1D,0xFF1D,
    0xFF1D,0xFF1D,0xFF1D,0xFF1D,0xFF1D,0xFF1D,0xFF1D,0xFF1D,0xFF1D,0xFF1D,0xFF1D,0xFF1D,
    0xFF1D,0xFF1D,0xFF1D,0xFF1D,0xFF1D,0xFF1D,0xFF1D,0xFF1D,0xFF1D,0xFF1D,0xFF1D,0xFF1D,
    0xFF1D,0xFF1D,0xFF1D,0xFF1D,0xFF1D,0xFF1D,0xFF1D,0xFF1D,0xFF1D,0xFF1D,0xFF1D,0xFF1D,
    0xFF1D,0xFF1D,0xFF1D,0xFF1D,0xFF1D,0xFF1D,0xFF1D,0xFF1D,0xFF1D,0xFF1D,0xFF1D,0xFF1D,
    0xFF1D,0xFF1D,0xFF1D,0xFF1D,0xFF1D,0xFF1D,0xFF1D,0xFF1D,0xFF1D,0xFF1D,0xFF1D,0xFF1D,
    0xFF1D,0xFF1D,0xFF1D,0xFF1D,0xFF1D,0xFF1D,0xFF1D,0xFF1D,0xFF1D,0xFF1D,0xFF1D,0xFF1D,
    0xFF1D,0xFF1D,0xFF1D,0xFF1D,0xFF1D,0xFF1D,0xFF1D,0xFF1D,0xFF1D,0xFF1D,0xFF1D,0xFF1D,
    0xFF1D,0xFF1D,0xFF1D,0xFF1D,0xFF1D,0xFF1D,0xFF1D,0xFF1D,0xFF1D,0xFF1D,0xFF1D,0xFF1D,
    0xFF1D,0xFF1D,0xFF1D,0xFF1D,0xFF1D,0xFF1D,0xFF1D,0xFF1D,0xFF1D,0xFF1D,0xFF1D,0xFF1D,
    0xFF1D,0xFF1D,0xFF1D,0xFF1D,0xFF1D,0xFF1D,0xFF1D,0xFF1D,0xFF1D,0xFF1D,0xFF1D,0xFF1D,
    0xFF1D,0xFF1D,0xFF1D,0xFF1D,0xFF1D,0xFF1D,0xFF1D,0xFF1D,0xFF1D,0xFF1D,0xFF1D,0xFF1D,
    0xFF1D,0xFF1D,0xFF1D,0xFF1D,0xFF1D,0xFF1D,0xFF1D,0xFF1D,0xFF1D,0xFF1D,0xFF1D,0xFF1D,
    0xFF1D,0xFF1D,0xFF1D,0xFF1D,0xFF1D,0xFF1D,0xFF1D,0xFF1D,0xFF1D,0xFF1D,0xFF1D,0xFF1D,
    0xFF1D,0xFF1D,0xFF1D,0xFF1D,0xFF1D,0xFF1D,0xFF1D,0xFF1D,0xFF1D,0xFF1D,0xFF1D,0xFF1D,
    0xFF1D,0xFF1D,0xFF1D,0xFF1D,0xFF1D,0xFF1D,0xFF1D,0xFF1D,0xFF1D,0xFF1D,0xFF1D,0xFF1D,
    0xFF1D,0xFF1D,0xFF1D,0xFF1D,0xFF1D,0xFF1D,0xFF1D,0xFF1D,0xFF1D,0xFF1D,0xFF1D,0xFF1D,
    0xFF1D,0xFF1D,0xFF1D,0xFF1D,0xFF1D,0xFF1D,0xFF1D,0xFF1D,0xFF1D,0xFF1D,0xFF1D,0xFF1D,
    0xFF1D,0xFF1D,0xFF1D,0xFF1D,0xFF1D,0xFF1D,0xFF1D,0xFF1D,0xFF1D,0xFF1D,0xFF1D,0xFF1D,
    0xFF1D,0xFF1D,0xFF1D,0xFF1D,0xFF1D,0xFF1D,0xFF1D,0xFF1D,0xF69A,0xCC0A,0xCBC9,0xCBC9,
    0xCBC9,0xCBC9,0xCBC9,0xCBC9,0xCBC9,0xCBC9,0xCBC9,0xCBC9,0xCBC9,0xCBC9,0xCBC9,0xCBC9,
    0xCBC9,0xCBC9,0xCBC9,0xCBC9,0xCBC9,0xCBC9,0xCBC9,0xCBC9,0xCC0A,0xFEBB,0xFF1D,0xFF1D,
    0xFF1D,0xFF1D,0xFF1D,0xFF1D,0xFF1D,0xFF1D,0xFF1D,0xFF1D,0xFF1D,0xFF1D,0xFF1D,0xFF1D,
    0xFF1D,0xFF1D,0xFF1D,0xFF1D,0xFF1D,0xFF1D,0xFF1D,0xFF1D,0xFF1D,0xFF1D,0xFF1D,0xFF1D,
    0xFF1D,0xFF1D,0xFF1D,0xFF1D,0xFF1D,0xFF1D,0xFF1D,0xFF1D,0xFF1D,0xFF1D,0xFF1D,0xFF1D,
    0xFF1D,0xFF1D,0xFF1D,0xFF1D,0xFF1D,0xFF1D,0xFF1D,0xFF1D,0xFF1D,0xFF1D,0xFF1D,0xFF1D,
    0xFF1D,0xFF1D,0xFF1D,0xFF1D,0xFF1D,0xFF1D,0xFF1D,0xFF1D,0xFF1D,0xFF1D,0xFF1D,0xFF1D,
    0xFF1D,0xFF1D,0xFF1D,0xFF1D,0xFF1D,0xFF1D,0xFF1D,0xFF1D,0xFF1D,0xFF1D,0xFF1D,0xFF1D,
    0xFF1D,0xFF1D,0xFF1D,0xFF1D,0xFF1D,0xFF1D,0xFF1D,0xFF1D,0xFF1D,0xFF1D,0xFF1D,0xFF1D,
    0xFF1D,0xFF1D,0xFF1D,0xFF1D,0xFF1D,0xFF1D,0xFF1D,0xFF1D,0xFF1D,0xFF1D,0xFF1D,0xFF1D,
    0xFF1D,0xFF1D,0xFF1D,0xFF1D,0xFF1D,0xFF1D,0xFF1D,0xFF1D,0xFF1D,0xFF1D,0xFF1D,0xFF1D,
    0xFF1D,0xFF1D,0xFF1D,0xFF1D,0xFF1D,0xFF1D,0xFF1D,0xFF1D,0xFF1D,0xFF1D,0xFF1D,0xFF1D,
    0xFF1D,0xFF1D,0xFF1D,0xFF1D,0xFF1D,0xFF1D,0xFF1D,0xFF1D,0xFF1D,0xFF1D,0xFF1D,0xFF1D,
    0xFF1D,0xFF1D,0xFF1D,0xFF1D,0xFF1D,0xFF1D,0xFF1D,0xFF1D,0xFF1D,0xFF1D,0xFF1D,0xFF1D,
    0xFF1D,0xFF1D,0xFF1D,0xFF1D,0xFF1D,0xFF1D,0xFF1D,0xFF1D,0xFF1D,0xFF1D,0xFF1D,0xFF1D,
    0xFF1D,0xFF1D,0xFF1D,0xFF1D,0xFF1D,0xFF1D,0xFF1D,0xFF1D,0xFF1D,0xFF1D,0xFF1D,0xFF1D,
    0xFF1D,0xFF1D,0xFF1D,0xFF1D,0xFF1D,0xFF1D,0xFF1D,0xFF1D,0xFF1D,0xFF1D,0xFF1D,0xFF1D,
    0xFF1D,0xFF1D,0xFF1D,0xFF1D,0xFF1D,0xFF1D,0xFF1D,0xFF1D,0xFF1D,0xFF1D,0xFF1D,0xFF1D,
    0xFF1D,0xFF1D,0xFF1D,0xFF1D,0xFF1D,0xFF1D,0xFF1D,0xFF1D,0xFF1D,0xFF1D,0xFF1D,0xFF1D,
    0xFF1D,0xFF1D,0xFF1D,0xFF1D,0xFF1D,0xFF1D,0xFF1D,0xFF1D,0xFF1D,0xFF1D,0xFF1D,0xFF1D,
    0xFF1D,0xFF1D,0xFF1D,0xFF1D,0xFF1D,0xFF1D,0xFF1D,0xFF1D,0xFF1D,0xFF1D,0xFF1D,0xFF1D,
    0xFF1D,0xFF1D,0xFF1D,0xFF1D,0xFF1D,0xFF1D,0xFF1D,0xFF1D,0xFF1D,0xFF1D,0xFF1D,0xFF1D,
    0xFF1D,0xFF1D,0xFF1D,0xFF1D,0xFF1D,0xFF1D,0xFF1D,0xFF1D,0xFF1D,0xFF1D,0xFF1D,0xFF1D,
    0xFF1D,0xFF1D,0xFF1D,0xFF1D,0xFF1D,0xFF1D,0xFF1D,0xFF1D,0xFF1D,0xFF1D,0xFF1D,0xFF1D,
    0xFF1D,0xFF1D,0xFF1D,0xFF1D,0xFF1D,0xFF1D,0xFF1D,0xFF1D,0xFF1D,0xFF1D,0xFF1D,0xFF1D,
    0xFF1D,0xFF1D,0xFF1D,0xFF1D,0xFF1D,0xFF1D,0xFF1D,0xFF1D,0xFF1D,0xFF1D,0xFF1D,0xFF1D,
    0xFF1D,0xFF1D,0xFF1D,0xFF1D,0xFF1D,0xFEBB,0xDCF0,0xCBEA,0xCBC9,0xCBC9,0xCBC9,0xCBC9,
    0xCBC9,0xCBC9,0xCBC9,0xCBC9,0xCBC9,0xCBC9,0xCBC9,0xCBC9,0xCBC9,0xCBC9,0xCBC9,0xCBC9,
    0xCBC9,0xCBC9,0xCBEA,0xDCF0,0xFEBB,0xFF1D,0xFF1D,0xFF1D,0xFF1D,0xFF1D,0xFF1D,0xFF1D,
    0xFF1D,0xFF1D,0xFF1D,0xFF1D,0xFF1D,0xFF1D,0xFF1D,0xFF1D,0xFF1D,0xFF1D,0xFF1D,0xFF1D,
    0xFF1D,0xFF1D,0xFF1D,0xFF1D,0xFF1D,0xFF1D,0xFF1D,0xFF1D,0xFF1D,0xFF1D,0xFF1D,0xFF1D,
    0xFF1D,0xFF1D,0xFF1D,0xFF1D,0xFF1D,0xFF1D,0xFF1D,0xFF1D,0xFF1D,0xFF1D,0xFF1D,0xFF1D,
    0xFF1D,0xFF1D,0xFF1D,0xFF1D,0xFF1D,0xFF1D,0xFF1D,0xFF1D,0xFF1D,0xFF1D,0xFF1D,0xFF1D,
    0xFF1D,0xFF1D,0xFF1D,0xFF1D,0xFF1D,0xFF1D,0xFF1D,0xFF1D,0xFF1D,0xFF1D,0xFF1D,0xFF1D,
    0xFF1D,0xFF1D,0xFF1D,0xFF1D,0xFF1D,0xFF1D,0xFF1D,0xFF1D,0xFF1D,0xFF1D,0xFF1D,0xFF1D,
    0xFF1D,0xFF1D,0xFF1D,0xFF1D,0xFF1D,0xFF1D,0xFF1D,0xFF1D,0xFF1D,0xFF1D,0xFF1D,0xFF1D,
    0xFF1D,0xFF1D,0xFF1D,0xFF1D,0xFF1D,0xFF1D,0xFF1D,0xFF1D,0xFF1D,0xFF1D,0xFF1D,0xFF1D,
    0xFF1D,0xFF1D,0xFF1D,0xFF1D,0xFF1D,0xFF1D,0xFF1D,0xFF1D,0xFF1D,0xFF1D,0xFF1D,0xFF1D,
    0xFF1D,0xFF1D,0xFF1D,0xFF1D,0xFF1D,0xFF1D,0xFF1D,0xFF1D,0xFF1D,0xFF1D,0xFF1D,0xFF1D,
    0xFF1D,0xFF1D,0xFF1D,0xFF1D,0xFF1D,0xFF1D,0xFF1D,0xFF1D,0xFF1D,0xFF1D,0xFF1D,0xFF1D,
    0xFF1D,0xFF1D,0xFF1D,0xFF1D,0xFF1D,0xFF1D,0xFF1D,0xFF1D,0xFF1D,0xFF1D,0xFF1D,0xFF1D,
    0xFF1D,0xFF1D,0xFF1D,0xFF1D,0xFF1D,0xFF1D,0xFF1D,0xFF1D,0xFF1D,0xFF1D,0xFF1D,0xFF1D,
    0xFF1D,0xFF1D,0xFF1D,0xFF1D,0xFF1D,0xFF1D,0xFF1D,0xFF1D,0xFF1D,0xFF1D,0xFF1D,0xFF1D,
    0xFF1D,0xFF1D,0xFF1D,0xFF1D,0xFF1D,0xFF1D,0xFF1D,0xFF1D,0xFF1D,0xFF1D,0xFF1D,0xFF1D,
    0xFF1D,0xFF1D,0xFF1D,0xFF1D,0xFF1D,0xFF1D,0xFF1D,0xFF1D,0xFF1D,0xFF1D,0xFF1D,0xFF1D,
    0xFF1D,0xFF1D,0xFF1D,0xFF1D,0xFF1D,0xFF1D,0xFF1D,0xFF1D,0xFF1D,0xFF1D,0xFF1D,0xFF1D,
    0xFF1D,0xFF1D,0xFF1D,0xFF1D,0xFF1D,0xFF1D,0xFF1D,0xFF1D,0xFF1D,0xFF1D,0xFF1D,0xFF1D,
    0xFF1D,0xFF1D,0xFF1D,0xFF1D,0xFF1D,0xFF1D,0xFF1D,0xFF1D,0xFF1D,0xFF1D,0xFF1D,0xFF1D,
    0xFF1D,0xFF1D,0xFF1D,0xFF1D,0xFF1D,0xFF1D,0xFF1D,0xFF1D,0xFF1D,0xFF1D,0xFF1D,0xFF1D,
    0xFF1D,0xFF1D,0xFF1D,0xFF1D,0xFF1D,0xFF1D,0xFF1D,0xFF1D,0xFF1D,0xFF1D,0xFF1D,0xFF1D,
    0xFF1D,0xFF1D,0xFF1D,0xFF1D,0xFF1D,0xFF1D,0xFF1D,0xFF1D,0xFF1D,0xFF1D,0xFF1D,0xFF1D,
    0xFF1D,0xFF1D,0xFF1D,0xFF1D,0xFF1D,0xFF1D,0xFF1D,0xFF1D,0xFF1D,0xFF1D,0xFF1D,0xFF1D,
    0xFF1D,0xFF1D,0xFF1D,0xFF1D,0xFF1D,0xFF1D,0xFF1D,0xFF1D,0xFF1D,0xFF1D,0xFF1D,0xFF1D,
    0xFF1D,0xFF1D,0xFF1D,0xFF1D,0xFF1D,0xFF1D,0xFF1D,0xFF1D,0xFF1D,0xFF1D,0xFF1D,0xFF1D,
    0xFF1D,0xFF1D,0xFF1D,0xFF1D,0xFF1D,0xFF1D,0xFF1D,0xFF1D,0xFF1D,0xFF1D,0xFF1D,0xFF1D,
    0xFF1D,0xFF1D,0xFF1D,0xFF1D,0xFF1D,0xFF1D,0xFF1D,0xFF1D,0xFF1D,0xFF1D,0xFF1D,0xFF1D,
    0xFF1D,0xFF1D,0xFF1D,0xFF1D,0xFF1D,0xFF1D,0xFF1D,0xFF1D,0xFF1D,0xFF1D,0xFF1D,0xFF1D,
    0xFF1D,0xFF1D,0xFF1D,0xFF1D,0xFF1D,0xFF1D,0xFF1D,0xFF1D,0xFF1D,0xFF1D,0xFF1D,0xFF1D,
    0xFF1D,0xFF1D,0xFF1D,0xFF1D,0xFF1D,0xFF1D,0xFF1D,0xFF1D,0xFF1D,0xFF1D,0xFF1D,0xFF1D,
    0xFF1D,0xFF1D,0xFF1D,0xFF1D,0xFF1D,0xFF1D,0xFF1D,0xFF1D,0xFF1D,0xFF1D,0xFF1D,0xFF1D,
    0xFF1D,0xFF1D,0xFF1D,0xFF1D,0xFF1D,0xFF1D,0xFF1D,0xFF1D,0xFF1D,0xFF1D,0xFF1D,0xFF1D,
    0xFF1D,0xFF1D,0xFF1D,0xFF1D,0xFF1D,0xFF1D,0xFF1D,0xFF1D,0xFF1D,0xFF1D,0xFF1D,0xFF1D,
    0xFF1D,0xFF1D,0xFF1D,0xFF1D,0xFF1D,0xFF1D,0xFF1D,0xFF1D,0xFF1D,0xFF1D,0xFF1D,0xFF1D,
    0xFF1D,0xFF1D,0xFF1D,0xFF1D,0xFF1D,0xFF1D,0xFF1D,0xFF1D,0xFF1D,0xFF1D,0xFF1D,0xFF1D,
    0xFF1D,0xFF1D,0xFF1D,0xFF1D,0xFF1D,0xFF1D,0xFF1D,0xFF1D,0xFF1D,0xFF1D,0xFF1D,0xFF1D,
    0xFF1D,0xFF1D,0xFF1D,0xFF1D,0xFF1D,0xFF1D,0xFF1D,0xFF1D,0xFF1D,0xFF1D,0xFF1D,0xFF1D,
    0xFF1D,0xFF1D,0xFF1D,0xFF1D,0xFF1D,0xFF1D,0xFF1D,0xFF1D,0xFF1D,0xFF1D,0xFF1D,0xFF1D,
    0xFF1D,0xFF1D,0xFF1D,0xFF1D,0xFF1D,0xFF1D,0xFF1D,0xFF1D,0xFF1D,0xFF1D,0xFF1D,0xFF1D,
    0xFF1D,0xFF1D,0xFF1D,0xFF1D,0xFF1D,0xFF1D,0xFF1D,0xFF1D,0xFF1D,0xFF1D,0xFF1D,0xFF1D,
    0xFF1D,0xFF1D,0xFF1D,0xFF1D,0xFF1D,0xFF1D,0xFF1D,0xFF1D,0xFF1D,0xFF1D,0xFF1D,0xFF1D,
    0xFF1D,0xFF1D,0xFF1D,0xFF1D,0xFF1D,0xFF1D,0xFF1D,0xFF1D,0xFF1D,0xFF1D,0xFF1D,0xFF1D,
    0xFF1D,0xFF1D,0xFF1D,0xFF1D,0xFF1D,0xFF1D,0xFF1D,0xFF1D,0xFF1D,0xFF1D,0xFF1D,0xFF1D,
    0xFF1D,0xFF1D,0xFF1D,0xFF1D,0xFF1D,0xFF1D,0xFF1D,0xFF1D,0xFF1D,0xFF1D,0xFF1D,0xFF1D,
    0xFF1D,0xFF1D,0xFF1D,0xFF1D,0xFF1D,0xFF1D,0xFF1D,0xFF1D,0xFF1D,0xFF1D,0xFF1D,0xFF1D,
    0xFF1D,0xFF1D,0xFF1D,0xFF1D,0xFF1D,0xFF1D,0xFF1D,0xFF1D,0xFF1D,0xFF1D,0xFF1D,0xFF1D,
    0xFF1D,0xFF1D,0xFF1D,0xFF1D,0xFF1D,0xFF1D,0xFF1D,0xFF1D,0xFF1D,0xFF1D,0xFF1D,0xFF1D,
    0xFF1D,0xFF1D,0xFF1D,0xFF1D,0xFF1D,0xFF1D,0xFF1D,0xFF1D,0xFF1D,0xFF1D,0xFF1D,0xFF1D,
    0xFF1D,0xFF1D,0xFF1D,0xFF1D,0xFF1D,0xFF1D,0xFF1D,0xFF1D,0xFF1D,0xFF1D,0xFF1D,0xFF1D,
    0xFF1D,0xFF1D,0xFF1D,0xFF1D,0xFF1D,0xFF1D,0xFF1D,0xFF1D,0xFF1D,0xFF1D,0xFF1D,0xFF1D,
    0xFF1D,0xFF1D,0xFF1D,0xFF1D,0xFF1D,0xFF1D,0xFF1D,0xFF1D,0xFF1D,0xFF1D,0xFF1D,0xFF1D,
    0xFF1D,0xFF1D,0xFF1D,0xFF1D,0xFF1D,0xFF1D,0xFF1D,0xFF1D,0xFF1D,0xFF1D,0xFF1D,0xFF1D,
    0xFF1D,0xFF1D,0xFF1D,0xFF1D,0xFF1D,0xFF1D,0xFF1D,0xFF1D,0xFF1D,0xFF1D,0xFF1D,0xFF1D,
    0xFF1D,0xFF1D,0xFF1D,0xFF1D,0xFF1D,0xFF1D,0xFF1D,0xFF1D,0xEE36,0xEE36,0xEE36,0xEE36,
    0xEE36,0xEE36,0xEE36,0xEE36,0xEE36,0xEE36,0xEE36,0xEE36,0xEE36,0xEE36,0xEE36,0xEE36,
    0xEE36,0xEE36,0xEE36,0xEE36,0xEE36,0xEE36,0xEE36,0xEE36,0xEE36,0xEE36,0xEE36,0xEE36,
    0xEE36,0xEE36,0xEE36,0xEE36,0xEE36,0xEE36,0xEE36,0xEE36,0xEE36,0xEE36,0xEE36,0xEE36,
    0xEE36,0xEE36,0xEE36,0xEE36,0xEE36,0xEE36,0xEE36,0xEE36,0xEE36,0xEE36,0xEE36,0xEE36,
    0xEE36,0xEE36,0xEE36,0xEE36,0xEE36,0xEE36,0xEE36,0xEE36,0xEE36,0xEE36,0xEE36,0xEE36,
    0xEE36,0xEE36,0xEE36,0xEE36,0xEE36,0xEE36,0xEE36,0xEE36,0xEE36,0xEE36,0xEE36,0xEE36,
    0xEE36,0xEE36,0xEE36,0xEE36,0xEE36,0xEE36,0xEE36,0xEE36,0xEE36,0xEE36,0xEE36,0xEE36,
    0xEE36,0xEE36,0xEE36,0xEE36,0xEE36,0xEE36,0xEE36,0xEE36,0xEE36,0xEE36,0xEE36,0xEE36,
    0xEE36,0xEE36,0xEE36,0xEE36,0xEE36,0xEE36,0xEE36,0xEE36,0xEE36,0xEE36,0xEE36,0xEE36,
    0xEE36,0xEE36,0xEE36,0xEE36,0xEE36,0xEE36,0xEE36,0xEE36,0xEE36,0xEE36,0xEE36,0xEE36,
    0xEE36,0xEE36,0xEE36,0xEE36,0xEE36,0xEE36,0xEE36,0xEE36,0xEE36,0xEE36,0xEE36,0xEE36,
    0xEE36,0xEE36,0xEE36,0xEE36,0xEE36,0xEE36,0xEE36,0xEE36,0xEE36,0xEE36,0xEE36,0xEE36,
    0xEE36,0xEE36,0xEE36,0xEE36,0xEE36,0xEE36,0xEE36,0xEE36,0xEE36,0xEE36,0xEE36,0xEE36,
    0xEE36,0xEE36,0xEE36,0xEE36,0xEE36,0xEE36,0xEE36,0xEE36,0xEE36,0xEE36,0xEE36,0xEE36,
    0xEE36,0xEE36,0xEE36,0xEE36,0xEE36,0xEE36,0xEE36,0xEE36,0xEE36,0xEE36,0xEE36,0xEE36,
    0xEE36,0xEE36,0xEE36,0xEE36,0xEE36,0xEE36,0xEE36,0xEE36,0xEE36,0xEE36,0xEE36,0xEE36,
    0xEE36,0xEE36,0xEE36,0xEE36,0xEE36,0xEE36,0xEE36,0xEE36,0xEE36,0xEE36,0xEE36,0xEE36,
    0xEE36,0xEE36,0xEE36,0xEE36,0xEE36,0xEE36,0xEE36,0xEE36,0xEE36,0xEE36,0xEE36,0xEE36,
    0xEE36,0xEE36,0xEE36,0xEE36,0xEE36,0xEE36,0xEE36,0xEE36,0xEE36,0xEE36,0xEE36,0xEE36,
    0xEE36,0xEE36,0xEE36,0xEE36,0xEE36,0xEE36,0xEE36,0xEE36,0xEE36,0xEE36,0xEE36,0xEE36,
    0xEE36,0xEE36,0xEE36,0xEE36,0xEE36,0xEE36,0xEE36,0xEE36,0xEE36,0xEE36,0xEE36,0xEE36,
    0xEE36,0xEE36,0xEE36,0xEE36,0xEE36,0xEE36,0xEE36,0xEE36,0xEE36,0xEE36,0xEE36,0xEE36,
    0xEE36,0xEE36,0xEE36,0xEE36,0xEE36,0xEE36,0xEE36,0xEE36,0xEE36,0xEE36,0xEE36,0xEE36,
    0xEE36,0xEE36,0xEE36,0xEE36,0xEE36,0xEE36,0xEE36,0xEE36,0xEE36,0xEE36,0xEE36,0xEE36,
    0xEE36,0xEE36,0xEE36,0xEE36,0xEE36,0xEE36,0xEE36,0xEE36,0xEE36,0xEE36,0xEE36,0xEE36,
    0xEE36,0xEE36,0xEE36,0xEE36,0xEE36,0xEE36,0xEE36,0xEE36,0xEE36,0xEE36,0xEE36,0xEE36,
    0xEE36,0xEE36,0xEE36,0xEE36,0xDD4F,0xDD4F,0xDD4F,0xDD4F,0xDD4F,0xDD4F,0xDD4F,0xDD4F,
    0xDD4F,0xDD4F,0xDD4F,0xDD4F,0xDD4F,0xDD4F,0xDD4F,0xDD4F,0xDD4F,0xDD4F,0xDD4F,0xDD4F,
    0xDD4F,0xDD4F,0xDD4F,0xDD4F,0xDD4F,0xDD4F,0xDD4F,0xDD4F,0xDD4F,0xDD4F,0xDD4F,0xDD4F,
    0xDD4F,0xDD4F,0xDD4F,0xDD4F,0xDD4F,0xDD4F,0xDD4F,0xDD4F,0xDD4F,0xDD4F,0xDD4F,0xDD4F,
    0xDD4F,0xDD4F,0xDD4F,0xDD4F,0xDD4F,0xDD4F,0xDD4F,0xDD4F,0xDD4F,0xDD4F,0xDD4F,0xDD4F,
    0xDD4F,0xDD4F,0xDD4F,0xDD4F,0xDD4F,0xDD4F,0xDD4F,0xDD4F,0xDD4F,0xDD4F,0xDD4F,0xDD4F,
    0xDD4F,0xDD4F,0xDD4F,0xDD4F,0xDD4F,0xDD4F,0xDD4F,0xDD4F,0xDD4F,0xDD4F,0xDD4F,0xDD4F,
    0xDD4F,0xDD4F,0xDD4F,0xDD4F,0xDD4F,0xDD4F,0xDD4F,0xDD4F,0xDD4F,0xDD4F,0xDD4F,0xDD4F,
    0xDD4F,0xDD4F,0xDD4F,0xDD4F,0xDD4F,0xDD4F,0xDD4F,0xDD4F,0xDD4F,0xDD4F,0xDD4F,0xDD4F,
    0xDD4F,0xDD4F,0xDD4F,0xDD4F,0xDD4F,0xDD4F,0xDD4F,0xDD4F,0xDD4F,0xDD4F,0xDD4F,0xDD4F,
    0xDD4F,0xDD4F,0xDD4F,0xDD4F,0xDD4F,0xDD4F,0xDD4F,0xDD4F,0xDD4F,0xDD4F,0xDD4F,0xDD4F,
    0xDD4F,0xDD4F,0xDD4F,0xDD4F,0xDD4F,0xDD4F,0xDD4F,0xDD4F,0xDD4F,0xDD4F,0xDD4F,0xDD4F,
    0xDD4F,0xDD4F,0xDD4F,0xDD4F,0xDD4F,0xDD4F,0xDD4F,0xDD4F,0xDD4F,0xDD4F,0xDD4F,0xDD4F,
    0xDD4F,0xDD4F,0xDD4F,0xDD4F,0xDD4F,0xDD4F,0xDD4F,0xDD4F,0xDD4F,0xDD4F,0xDD4F,0xDD4F,
    0xDD4F,0xDD4F,0xDD4F,0xDD4F,0xDD4F,0xDD4F,0xDD4F,0xDD4F,0xDD4F,0xDD4F,0xDD4F,0xDD4F,
    0xDD4F,0xDD4F,0xDD4F,0xDD4F,0xDD4F,0xDD4F,0xDD4F,0xDD4F,0xDD4F,0xDD4F,0xDD4F,0xDD4F,
    0xDD4F,0xDD4F,0xDD4F,0xDD4F,0xDD4F,0xDD4F,0xDD4F,0xDD4F,0xDD4F,0xDD4F,0xDD4F,0xDD4F,
    0xDD4F,0xDD4F,0xDD4F,0xDD4F,0xDD4F,0xDD4F,0xDD4F,0xDD4F,0xDD4F,0xDD4F,0xDD4F,0xDD4F,
    0xDD4F,0xDD4F,0xDD4F,0xDD4F,0xDD4F,0xDD4F,0xDD4F,0xDD4F,0xDD4F,0xDD4F,0xDD4F,0xDD4F,
    0xDD4F,0xDD4F,0xDD4F,0xDD4F,0xDD4F,0xDD4F,0xDD4F,0xDD4F,0xDD4F,0xDD4F,0xDD4F,0xDD4F,
    0xDD4F,0xDD4F,0xDD4F,0xDD4F,0xDD4F,0xDD4F,0xDD4F,0xDD4F,0xDD4F,0xDD4F,0xDD4F,0xDD4F,
    0xDD4F,0xDD4F,0xDD4F,0xDD4F,0xDD4F,0xDD4F,0xDD4F,0xDD4F,0xDD4F,0xDD4F,0xDD4F,0xDD4F,
    0xDD4F,0xDD4F,0xDD4F,0xDD4F,0xDD4F,0xDD4F,0xDD4F,0xDD4F,0xDD4F,0xDD4F,0xDD4F,0xDD4F,
    0xDD4F,0xDD4F,0xDD4F,0xDD4F,0xDD4F,0xDD4F,0xDD4F,0xDD4F,0xDD4F,0xDD4F,0xDD4F,0xDD4F,
    0xDD4F,0xDD4F,0xDD4F,0xDD4F,0xDD4F,0xDD4F,0xDD4F,0xDD4F,0xDD4F,0xDD4F,0xDD4F,0xDD4F,
    0xDD4F,0xDD4F,0xDD4F,0xDD4F,0xDD4F,0xDD4F,0xDD4F,0xDD4F,0xDD4F,0xDD4F,0xDD4F,0xDD4F,
    0xDD4F,0xDD4F,0xDD4F,0xDD4F,0xDD4F,0xDD4F,0xDD4F,0xDD4F,0xDD4F,0xDD4F,0xDD4F,0xDD4F,
    0xDD4F,0xDD4F,0xDD4F,0xDD4F,0xDD4F,0xDD4F,0xDD4F,0xDD4F,0xDD4F,0xDD4F,0xDD4F,0xDD4F,
    0xDD4F,0xDD4F,0xDD4F,0xDD4F,0xDD4F,0xDD4F,0xDD4F,0xDD4F,0xDD4F,0xDD4F,0xDD4F,0xDD4F,
    0xDD4F,0xDD4F,0xDD4F,0xDD4F,0xDD4F,0xDD4F,0xDD4F,0xDD4F,0xDD4F,0xDD4F,0xDD4F,0xDD4F,
    0xDD4F,0xDD4F,0xDD4F,0xDD70,0xDD6F,0xDD4F,0xDD4F,0xDD4F,0xDD4F,0xDD4F,0xDD4F,0xDD4F,
    0xDD4F,0xDD4F,0xDD4F,0xDD4F,0xDD4F,0xDD4F,0xDD4F,0xDD4F,0xDD4F,0xDD4F,0xDD4F,0xDD4F,
    0xDD4F,0xDD4F,0xDD4F,0xDD4F,0xDD4F,0xDD4F,0xDD4F,0xDD4F,0xDD4F,0xDD4F,0xDD4F,0xDD4F,
    0xDD4F,0xDD4F,0xDD4F,0xDD4F,0xDD4F,0xDD4F,0xDD4F,0xDD4F,0xDD4F,0xDD4F,0xDD4F,0xDD4F,
    0xDD4F,0xDD4F,0xDD4F,0xDD4F,0xDD4F,0xDD4F,0xDD4F,0xDD4F,0xDD4F,0xDD4F,0xDD4F,0xDD4F,
    0xDD4F,0xDD4F,0xDD4F,0xDD4F,0xDD4F,0xDD4F,0xDD4F,0xDD4F,0xDD4F,0xDD4F,0xDD4F,0xDD4F,
    0xDD4F,0xDD70,0xDD6F,0xDD4F,0xDD4F,0xDD4F,0xDD4F,0xDD4F,0xDD4F,0xDD4F,0xDD4F,0xDD4F,
    0xDD4F,0xDD4F,0xDD4F,0xDD4F,0xDD4F,0xDD4F,0xDD4F,0xDD4F,0xDD4F,0xDD4F,0xDD4F,0xDD4F,
    0xDD4F,0xDD4F,0xDD4F,0xDD4F,0xDD4F,0xDD4F,0xDD4F,0xDD4F,0xDD4F,0xDD4F,0xDD4F,0xDD4F,
    0xDD4F,0xDD4F,0xDD4F,0xDD4F,0xDD4F,0xDD4F,0xDD4F,0xDD4F,0xDD4F,0xDD4F,0xDD4F,0xDD4F,
    0xDD4F,0xDD4F,0xDD4F,0xDD4F,0xDD4F,0xDD4F,0xDD4F,0xDD4F,0xDD4F,0xDD4F,0xDD4F,0xDD4F,
    0xDD4F,0xDD4F,0xDD4F,0xDD4F,0xDD4F,0xDD4F,0xDD4F,0xDD4F,0xDD4F,0xDD4F,0xDD4F,0xDD4F,
    0xDD4F,0xDD4F,0xDD4F,0xDD4F,0xDD4F,0xDD4F,0xDD4F,0xDD4F,0xDD4F,0xDD70,0xDD6F,0xDD4F,
    0xDD4F,0xDD4F,0xDD4F,0xDD4F,0xDD4F,0xDD4F,0xDD4F,0xDD4F,0xDD4F,0xDD4F,0xDD4F,0xDD4F,
    0xDD4F,0xDD4F,0xDD4F,0xDD4F,0xDD4F,0xDD4F,0xDD4F,0xDD4F,0xDD4F,0xDD4F,0xDD4F,0xDD4F,
    0xDD4F,0xDD4F,0xDD4F,0xDD4F,0xDD4F,0xDD4F,0xDD4F,0xDD4F,0xDD4F,0xDD4F,0xDD4F,0xDD4F,
    0xDD4F,0xDD4F,0xDD4F,0xDD4F,0xDD4F,0xDD4F,0xDD4F,0xDD4F,0xDD4F,0xDD4F,0xDD4F,0xDD4F,
    0xDD4F,0xDD4F,0xDD4F,0xDD4F,0xDD4F,0xDD4F,0xDD4F,0xDD4F,0xDD4F,0xDD4F,0xDD4F,0xDD4F,
    0xDD4F,0xDD4F,0xDD4F,0xDD4F,0xDD4F,0xDD4F,0xDD4F,0xDD6F,0xDD70,0xDD4F,0xDD4F,0xDD4F,
    0xDD4F,0xDD4F,0xDD4F,0xDD4F,0xDD4F,0xDD4F,0xDD4F,0xDD4F,0xDD4F,0xDD4F,0xDD4F,0xDD4F,
    0xDD4F,0xDD4F,0xDD4F,0xDD4F,0xDD4F,0xDD4F,0xDD4F,0xDD4F,0xDD4F,0xDD4F,0xDD4F,0xDD4F,
    0xDD4F,0xDD4F,0xDD4F,0xDD4F,0xDD4F,0xDD4F,0xDD4F,0xDD4F,0xDD4F,0xDD4F,0xDD4F,0xDD4F,
    0xDD4F,0xDD4F,0xDD4F,0xDD4F,0xDD4F,0xDD4F,0xDD4F,0xDD4F,0xDD4F,0xDD4F,0xDD4F,0xDD4F,
    0xDD4F,0xDD4F,0xDD4F,0xDD4F,0xDD4F,0xDD4F,0xDD4F,0xDD4F,0xE5D1,0xE5D1,0xE5D1,0xE5D1,
    0xE5D1,0xE5D1,0xE5D1,0xE5D1,0xE5D1,0xE5D1,0xE5D1,0xE5D1,0xE5D1,0xE5D1,0xE5D1,0xE5D1,
    0xE5D1,0xE5D1,0xE5D1,0xE5D1,0xE5D1,0xE5D1,0xE5D1,0xE5D1,0xE5D1,0xE5D1,0xE5D1,0xE5D1,
    0xE5D1,0xE5D1,0xE5D1,0xE5D1,0xE5D1,0xE5D1,0xE5D1,0xE5D1,0xE5D1,0xE5D1,0xE5B1,0xE5B1,
    0xE5D1,0xE5D1,0xE5D1,0xE5D1,0xE5D1,0xE5D1,0xE5D1,0xE5D1,0xE5D1,0xE5D1,0xE5D1,0xE5D1,
    0xE5D1,0xE5D1,0xE5D1,0xE5D1,0xE5D1,0xE5D1,0xE5D1,0xE5D1,0xE5D1,0xE5D1,0xE5D1,0xE5D1,
    0xE5D1,0xE5D1,0xE5D1,0xE5D1,0xE5D1,0xE5D1,0xE5D1,0xE5D1,0xE5D1,0xE5D1,0xE5D1,0xE5D1,
    0xE5D1,0xE5D1,0xE5D1,0xE5D1,0xE5D1,0xE5D1,0xE5D1,0xE5D1,0xE5D1,0xE5D1,0xE5D1,0xE5D1,
    0xE5D1,0xE5D1,0xE5D1,0xE5D1,0xE5D1,0xE5D1,0xE5D1,0xE5D1,0xE5D1,0xE5D1,0xE5D1,0xE5D1,
    0xE5D1,0xE5D1,0xE5D1,0xE5D1,0xE5D1,0xE5D1,0xE5D1,0xE5D1,0xE5B1,0xE5B1,0xE5B1,0xE5D1,
    0xE5D1,0xE5D1,0xE5D1,0xE5D1,0xE5D1,0xE5D1,0xE5D1,0xE5D1,0xE5D1,0xE5D1,0xE5D1,0xE5D1,
    0xE5D1,0xE5D1,0xE5D1,0xE5D1,0xE5D1,0xE5D1,0xE5D1,0xE5D1,0xE5D1,0xE5D1,0xE5D1,0xE5D1,
    0xE5D1,0xE5D1,0xE5D1,0xE5D1,0xE5D1,0xE5D1,0xE5D1,0xE5D1,0xE5D1,0xE5D1,0xE5D1,0xE5D1,
    0xE5D1,0xE5D1,0xE5D1,0xE5D1,0xE5D1,0xE5D1,0xE5D1,0xE5D1,0xE5D1,0xE5D1,0xE5D1,0xE5D1,
    0xE5D1,0xE5D1,0xE5D1,0xE5D1,0xE5D1,0xE5D1,0xE5D1,0xE5D1,0xE5D1,0xE5D1,0xE5D1,0xE5D1,
    0xE5D1,0xE5D1,0xE5D1,0xE5D1,0xE5D1,0xE5D1,0xE5D1,0xE5D1,0xE5D1,0xE5D1,0xE5D1,0xE5D1,
    0xE5D1,0xE5D1,0xE5D1,0xE5D1,0xE5B1,0xE5B1,0xE5B1,0xE5D1,0xE5D1,0xE5D1,0xE5D1,0xE5D1,
    0xE5D1,0xE5D1,0xE5D1,0xE5D1,0xE5D1,0xE5D1,0xE5D1,0xE5D1,0xE5D1,0xE5D1,0xE5D1,0xE5D1,
    0xE5D1,0xE5D1,0xE5D1,0xE5D1,0xE5D1,0xE5D1,0xE5D1,0xE5D1,0xE5D1,0xE5D1,0xE5D1,0xE5D1,
    0xE5D1,0xE5D1,0xE5D1,0xE5D1,0xE5D1,0xE5D1,0xE5D1,0xE5D1,0xE5D1,0xE5D1,0xE5D1,0xE5D1,
    0xE5D1,0xE5D1,0xE5D1,0xE5D1,0xE5D1,0xE5D1,0xE5D1,0xE5D1,0xE5D1,0xE5D1,0xE5D1,0xE5D1,
    0xE5D1,0xE5D1,0xE5D1,0xE5D1,0xE5D1,0xE5D1,0xE5D1,0xE5D1,0xE5D1,0xE5D1,0xE5D1,0xE5D1,
    0xE5D1,0xE5D1,0xE5D1,0xE5B1,0xE5B1,0xE5B1,0xE5D1,0xE5D1,0xE5D1,0xE5D1,0xE5D1,0xE5D1,
    0xE5D1,0xE5D1,0xE5D1,0xE5D1,0xE5D1,0xE5D1,0xE5D1,0xE5D1,0xE5D1,0xE5D1,0xE5D1,0xE5D1,
    0xE5D1,0xE5D1,0xE5D1,0xE5D1,0xE5D1,0xE5D1,0xE5D1,0xE5D1,0xE5D1,0xE5D1,0xE5D1,0xE5D1,
    0xE5D1,0xE5D1,0xE5D1,0xE5D1,0xE5D1,0xE5D1,0xE5D1,0xE5D1,0xE5D1,0xE5D1,0xE5D1,0xE5D1,
    0xE5D1,0xE5D1,0xE5D1,0xE5D1,0xE5D1,0xE5D1,0xE5D1,0xE5D1,0xE5D1,0xE5D1,0xE5D1,0xE5D1,
    0xE5D1,0xE5D1,0xE5D1,0xE5D1,0xF654,0xF654,0xF654,0xF654,0xF654,0xF654,0xF654,0xF654,
    0xF654,0xF654,0xF654,0xF654,0xF654,0xF654,0xF654,0xF654,0xF654,0xF654,0xF654,0xF654,
    0xF654,0xF654,0xF654,0xF654,0xF654,0xF654,0xF654,0xF654,0xF654,0xF654,0xF654,0xF654,
    0xF654,0xF654,0xF654,0xF654,0xF653,0xEE12,0xEDF2,0xEE13,0xF654,0xF654,0xF654,0xF654,
    0xF654,0xF654,0xF654,0xF654,0xF654,0xF654,0xF654,0xF654,0xF654,0xF654,0xF654,0xF654,
    0xF654,0xF654,0xF654,0xF654,0xF654,0xF654,0xF654,0xF654,0xF654,0xF654,0xF654,0xF654,
    0xF654,0xF654,0xF654,0xF654,0xF654,0xF654,0xF654,0xF654,0xF654,0xF654,0xF654,0xF654,
    0xF654,0xF654,0xF654,0xF654,0xF654,0xF654,0xF654,0xF654,0xF654,0xF654,0xF654,0xF654,
    0xF654,0xF654,0xF654,0xF654,0xF654,0xF654,0xF654,0xF654,0xF654,0xF654,0xF654,0xF654,
    0xF654,0xF654,0xF654,0xF653,0xEDF2,0xEDF2,0xF653,0xF654,0xF654,0xF654,0xF654,0xF654,
    0xF654,0xF654,0xF654,0xF654,0xF654,0xF654,0xF654,0xF654,0xF654,0xF654,0xF654,0xF654,
    0xF654,0xF654,0xF654,0xF654,0xF654,0xF654,0xF654,0xF654,0xF654,0xF654,0xF654,0xF654,
    0xF654,0xF654,0xF654,0xF654,0xF654,0xF654,0xF654,0xF654,0xF654,0xF654,0xF654,0xF654,
    0xF654,0xF654,0xF654,0xF654,0xF654,0xF654,0xF654,0xF654,0xF654,0xF654,0xF654,0xF654,
    0xF654,0xF654,0xF654,0xF654,0xF654,0xF654,0xF654,0xF654,0xF654,0xF654,0xF654,0xF654,
    0xF654,0xF654,0xF654,0xF654,0xF654,0xF654,0xF654,0xF654,0xF654,0xF654,0xF654,0xF654,
    0xF633,0xEDF2,0xEE12,0xF654,0xF654,0xF654,0xF654,0xF654,0xF654,0xF654,0xF654,0xF654,
    0xF654,0xF654,0xF654,0xF654,0xF654,0xF654,0xF654,0xF654,0xF654,0xF654,0xF654,0xF654,
    0xF654,0xF654,0xF654,0xF654,0xF654,0xF654,0xF654,0xF654,0xF654,0xF654,0xF654,0xF654,
    0xF654,0xF654,0xF654,0xF654,0xF654,0xF654,0xF654,0xF654,0xF654,0xF654,0xF654,0xF654,
    0xF654,0xF654,0xF654,0xF654,0xF654,0xF654,0xF654,0xF654,0xF654,0xF654,0xF654,0xF654,
    0xF654,0xF654,0xF654,0xF654,0xF654,0xF654,0xF654,0xF654,0xF654,0xF654,0xF654,0xF653,
    0xEDF2,0xEDF2,0xF633,0xF654,0xF654,0xF654,0xF654,0xF654,0xF654,0xF654,0xF654,0xF654,
    0xF654,0xF654,0xF654,0xF654,0xF654,0xF654,0xF654,0xF654,0xF654,0xF654,0xF654,0xF654,
    0xF654,0xF654,0xF654,0xF654,0xF654,0xF654,0xF654,0xF654,0xF654,0xF654,0xF654,0xF654,
    0xF654,0xF654,0xF654,0xF654,0xF654,0xF654,0xF654,0xF654,0xF654,0xF654,0xF654,0xF654,
    0xF654,0xF654,0xF654,0xF654,0xF654,0xF654,0xF654,0xF654,0xF654,0xF654,0xF654,0xF654,
    0xF654,0xF654,0xF654,0xF654,0xF654,0xF654,0xF654,0xF654,0xF654,0xF654,0xF654,0xF654,
    0xF654,0xF654,0xF654,0xF654,0xF654,0xF654,0xF654,0xF654,0xF654,0xF654,0xF654,0xF654,
    0xF654,0xF654,0xF654,0xF654,0xF654,0xF654,0xF654,0xF654,0xF654,0xF654,0xF654,0xF654,
    0xEE33,0xEDF2,0xEE12,0xF653,0xF654,0xF654,0xF654,0xF654,0xF654,0xF654,0xF654,0xF654,
    0xF654,0xF654,0xF654,0xF654,0xF654,0xF654,0xF654,0xF654,0xF654,0xF654,0xF654,0xF654,
    0xF654,0xF654,0xF654,0xF654,0xF654,0xF654,0xF654,0xF654,0xF654,0xF654,0xF654,0xF654,
    0xF654,0xF654,0xF654,0xF654,0xF654,0xF654,0xF654,0xF654,0xF654,0xF654,0xF654,0xF654,
    0xF654,0xF654,0xF654,0xF654,0xF654,0xF654,0xF654,0xF654,0xF654,0xF654,0xF654,0xF654,
    0xF654,0xF654,0xF654,0xF654,0xF654,0xF654,0xF654,0xF654,0xF654,0xF654,0xF654,0xEE13,
    0xEDF2,0xEE13,0xF654,0xF654,0xF654,0xF654,0xF654,0xF654,0xF654,0xF654,0xF654,0xF654,
    0xF654,0xF654,0xF654,0xF654,0xF654,0xF654,0xF654,0xF654,0xF654,0xF654,0xF654,0xF654,
    0xF654,0xF654,0xF654,0xF654,0xF654,0xF654,0xF654,0xF654,0xF654,0xF654,0xF654,0xF654,
    0xF654,0xF654,0xF654,0xF654,0xF654,0xF654,0xF654,0xF654,0xF654,0xF654,0xF654,0xF654,
    0xF654,0xF654,0xF654,0xF654,0xF654,0xF654,0xF654,0xF654,0xF654,0xF654,0xF654,0xF654,
    0xF654,0xF654,0xF654,0xF654,0xF654,0xF654,0xF654,0xF654,0xF654,0xF654,0xF654,0xF654,
    0xF654,0xF654,0xF654,0xF654,0xF654,0xF654,0xF654,0xF654,0xEE33,0xEDF2,0xEE13,0xF654,
    0xF654,0xF654,0xF654,0xF654,0xF654,0xF654,0xF654,0xF654,0xF654,0xF654,0xF654,0xF654,
    0xF654,0xF654,0xF654,0xF654,0xF654,0xF654,0xF654,0xF654,0xF654,0xF654,0xF654,0xF654,
    0xF654,0xF654,0xF654,0xF654,0xF654,0xF654,0xF654,0xF654,0xF654,0xF654,0xF654,0xF654,
    0xF654,0xF654,0xF654,0xF654,0xF654,0xF654,0xF654,0xF654,0xF654,0xF654,0xF654,0xF654,
    0xF654,0xF654,0xF654,0xF654,0xF654,0xF654,0xF654,0xF654,0xF654,0xF654,0xF654,0xF654,
    0xF654,0xF654,0xF654,0xF654,0xF654,0xF654,0xF654,0xF654,0xEE33,0xEDF2,0xEE13,0xF654,
    0xF654,0xF654,0xF654,0xF654,0xF654,0xF654,0xF654,0xF654,0xF654,0xF654,0xF654,0xF654,
    0xF654,0xF654,0xF654,0xF654,0xF654,0xF654,0xF654,0xF654,0xF654,0xF654,0xF654,0xF654,
    0xF654,0xF654,0xF654,0xF654,0xF654,0xF654,0xF654,0xF654,0xF654,0xF654,0xF654,0xF654,
    0xF654,0xF654,0xF654,0xF654,0xF654,0xF654,0xF654,0xF654,0xF654,0xF654,0xF654,0xF654,
    0xF654,0xF654,0xF654,0xF654,0xF654,0xF654,0xF654,0xF654,0xF654,0xF654,0xF654,0xF654,
    0xF654,0xF654,0xF654,0xF654,0xF654,0xF654,0xF654,0xF654,0xF654,0xF654,0xF654,0xF654,
    0xF654,0xF654,0xF654,0xF654,0xF654,0xF654,0xF654,0xF654,0xF654,0xF654,0xF654,0xF654,
    0xF654,0xF654,0xF654,0xF654,0xF654,0xF654,0xF654,0xF633,0xEDF2,0xEDF2,0xF633,0xF654,
    0xF654,0xF654,0xF654,0xF654,0xF654,0xF654,0xF654,0xF654,0xF654,0xF654,0xF654,0xF654,
    0xF654,0xF654,0xF654,0xF654,0xF654,0xF654,0xF654,0xF654,0xF654,0xF654,0xF654,0xF654,
    0xF654,0xF654,0xF654,0xF654,0xF654,0xF654,0xF654,0xF654,0xF654,0xF654,0xF654,0xF654,
    0xF654,0xF654,0xF654,0xF654,0xF654,0xF654,0xF654,0xF654,0xF654,0xF654,0xF654,0xF654,
    0xF654,0xF654,0xF654,0xF654,0xF654,0xF654,0xF654,0xF654,0xF654,0xF654,0xF654,0xF654,
    0xF654,0xF654,0xF654,0xF654,0xF654,0xF654,0xF653,0xEDF2,0xEDF2,0xF633,0xF654,0xF654,
    0xF654,0xF654,0xF654,0xF654,0xF654,0xF654,0xF654,0xF654,0xF654,0xF654,0xF654,0xF654,
    0xF654,0xF654,0xF654,0xF654,0xF654,0xF654,0xF654,0xF654,0xF654,0xF654,0xF654,0xF654,
    0xF654,0xF654,0xF654,0xF654,0xF654,0xF654,0xF654,0xF654,0xF654,0xF654,0xF654,0xF654,
    0xF654,0xF654,0xF654,0xF654,0xF654,0xF654,0xF654,0xF654,0xF654,0xF654,0xF654,0xF654,
    0xF654,0xF654,0xF654,0xF654,0xF654,0xF654,0xF654,0xF654,0xF654,0xF654,0xF654,0xF654,
    0xF654,0xF654,0xF654,0xF654,0xF654,0xF654,0xF654,0xF654,0xF654,0xF654,0xF654,0xF654,
    0xF654,0xF654,0xF654,0xF654,0xEE33,0xEDF2,0xEE33,0xF654,0xF654,0xF654,0xF654,0xF654,
    0xF654,0xF654,0xF654,0xF654,0xF654,0xF654,0xF654,0xF654,0xF654,0xF654,0xF654,0xF654,
    0xF654,0xF654,0xF654,0xF654,0xF654,0xF654,0xF654,0xF654,0xF654,0xF654,0xF654,0xF654,
    0xF654,0xF654,0xF654,0xF654,0xF654,0xF654,0xF654,0xF654,0xF654,0xF654,0xF654,0xF654,
    0xF654,0xF654,0xF654,0xF654,0xF654,0xF654,0xF654,0xF654,0xF654,0xF654,0xF654,0xF654,
    0xF654,0xF654,0xF654,0xF654,0xF654,0xF654,0xF654,0xF654,0xF654,0xF654,0xF654,0xF654,
    0xF654,0xF654,0xF654,0xF654,0xF653,0xEDF2,0xEDF2,0xF653,0xF654,0xF654,0xF654,0xF654,
    0xF654,0xF654,0xF654,0xF654,0xF654,0xF654,0xF654,0xF654,0xF654,0xF654,0xF654,0xF654,
    0xF654,0xF654,0xF654,0xF654,0xF654,0xF654,0xF654,0xF654,0xF654,0xF654,0xF654,0xF654,
    0xF654,0xF654,0xF654,0xF654,0xF654,0xF654,0xF654,0xF654,0xF654,0xF654,0xF654,0xF654,
    0xF654,0xF654,0xF654,0xF654,0xF654,0xF654,0xF654,0xF654,0xF654,0xF654,0xF654,0xF654,
    0xF654,0xF654,0xF654,0xF654,0xF654,0xF654,0xF654,0xF654,0xF654,0xF654,0xF654,0xF654,
    0xF654,0xF654,0xF654,0xF654,0xF654,0xF654,0xF654,0xF654,0xF654,0xF654,0xF654,0xF654,
    0xF654,0xF654,0xF654,0xF654,0xF654,0xF654,0xF654,0xF654,0xF654,0xF654,0xF654,0xF654,
    0xF654,0xF654,0xF653,0xEE12,0xEDF2,0xEE13,0xF654,0xF654,0xF654,0xF654,0xF654,0xF654,
    0xF654,0xF654,0xF654,0xF654,0xF654,0xF654,0xF654,0xF654,0xF654,0xF654,0xF654,0xF654,
    0xF654,0xF654,0xF654,0xF654,0xF654,0xF654,0xF654,0xF654,0xF654,0xF654,0xF654,0xF654,
    0xF654,0xF654,0xF654,0xF654,0xF654,0xF654,0xF654,0xF654,0xF654,0xF654,0xF654,0xF654,
    0xF654,0xF654,0xF654,0xF654,0xF654,0xF654,0xF654,0xF654,0xF654,0xF654,0xF654,0xF654,
    0xF654,0xF654,0xF654,0xF654,0xF654,0xF654,0xF654,0xF654,0xF654,0xF654,0xF654,0xF654,
    0xF654,0xF654,0xEE33,0xEDF2,0xEE13,0xF654,0xF654,0xF654,0xF654,0xF654,0xF654,0xF654,
    0xF654,0xF654,0xF654,0xF654,0xF654,0xF654,0xF654,0xF654,0xF654,0xF654,0xF654,0xF654,
    0xF654,0xF654,0xF654,0xF654,0xF654,0xF654,0xF654,0xF654,0xF654,0xF654,0xF654,0xF654,
    0xF654,0xF654,0xF654,0xF654,0xF654,0xF654,0xF654,0xF654,0xF654,0xF654,0xF654,0xF654,
    0xF654,0xF654,0xF654,0xF654,0xF654,0xF654,0xF654,0xF654,0xF654,0xF654,0xF654,0xF654,
    0xF654,0xF654,0xF654,0xF654,0xF654,0xF654,0xF654,0xF654,0xF654,0xF654,0xF654,0xF654,
    0xF654,0xF654,0xF654,0xF654,0xF654,0xF654,0xF654,0xF654,0xF654,0xF654,0xF654,0xF654,
    0xEE13,0xEDF2,0xEE33,0xF654,0xF654,0xF654,0xF654,0xF654,0xF654,0xF654,0xF654,0xF654,
    0xF654,0xF654,0xF654,0xF654,0xF654,0xF654,0xF654,0xF654,0xF654,0xF654,0xF654,0xF654,
    0xF654,0xF654,0xF654,0xF654,0xF654,0xF654,0xF654,0xF654,0xF654,0xF654,0xF654,0xF654,
    0xF654,0xF654,0xF654,0xF654,0xF654,0xF654,0xF654,0xF654,0xF654,0xF654,0xF654,0xF654,
    0xF654,0xF654,0xF654,0xF654,0xF654,0xF654,0xF654,0xF654,0xF654,0xF654,0xF654,0xF654,
    0xF654,0xF654,0xF654,0xF654,0xF654,0xF654,0xF654,0xF654,0xF654,0xF654,0xF654,0xF654,
    0xF654,0xEE13,0xEDF2,0xEE33,0xF654,0xF654,0xF654,0xF654,0xF654,0xF654,0xF654,0xF654,
    0xF654,0xF654,0xF654,0xF654,0xF654,0xF654,0xF654,0xF654,0xF654,0xF654,0xF654,0xF654,
    0xF654,0xF654,0xF654,0xF654,0xF654,0xF654,0xF654,0xF654,0xF654,0xF654,0xF654,0xF654,
    0xF654,0xF654,0xF654,0xF654,0xF654,0xF654,0xF654,0xF654,0xF654,0xF654,0xF654,0xF654,
    0xF654,0xF654,0xF654,0xF654,0xF654,0xF654,0xF654,0xF654,0xF654,0xF654,0xF654,0xF654,
    0xF654,0xF654,0xF654,0xF654,0xF654,0xF654,0xF654,0xF654,0xF654,0xF654,0xF654,0xF654,
    0xF654,0xF654,0xF654,0xF654,0xF654,0xF654,0xF654,0xF654,0xF654,0xF654,0xF654,0xF654,
    0xF654,0xF654,0xF654,0xF654,0xF654,0xF654,0xF654,0xF654,0xF654,0xF654,0xEE33,0xEDF2,
    0xEE12,0xF653,0xF654,0xF654,0xF654,0xF654,0xF654,0xF654,0xF654,0xF654,0xF654,0xF654,
    0xF654,0xF654,0xF654,0xF654,0xF654,0xF654,0xF654,0xF654,0xF654,0xF654,0xF654,0xF654,
    0xF654,0xF654,0xF654,0xF654,0xF654,0xF654,0xF654,0xF654,0xF654,0xF654,0xF654,0xF654,
    0xF654,0xF654,0xF654,0xF654,0xF654,0xF654,0xF654,0xF654,0xF654,0xF654,0xF654,0xF654,
    0xF654,0xF654,0xF654,0xF654,0xF654,0xF654,0xF654,0xF654,0xF654,0xF654,0xF654,0xF654,
    0xF654,0xF654,0xF654,0xF654,0xF654,0xF654,0xF654,0xF654,0xF654,0xF654,0xEDF2,0xEDF2,
    0xF633,0xF654,0xF654,0xF654,0xF654,0xF654,0xF654,0xF654,0xF654,0xF654,0xF654,0xF654,
    0xF654,0xF654,0xF654,0xF654,0xF654,0xF654,0xF654,0xF654,0xF654,0xF654,0xF654,0xF654,
    0xF654,0xF654,0xF654,0xF654,0xF654,0xF654,0xF654,0xF654,0xF654,0xF654,0xF654,0xF654,
    0xF654,0xF654,0xF654,0xF654,0xF654,0xF654,0xF654,0xF654,0xF654,0xF654,0xF654,0xF654,
    0xF654,0xF654,0xF654,0xF654,0xF654,0xF654,0xF654,0xF654,0xF654,0xF654,0xF654,0xF654,
    0xF654,0xF654,0xF654,0xF654,0xF654,0xF654,0xF654,0xF654,0xF654,0xF654,0xF654,0xF654,
    0xF654,0xF654,0xF654,0xF654,0xF654,0xF654,0xF654,0xF654,0xEE13,0xEDF2,0xF633,0xF654,
    0xF654,0xF654,0xF654,0xF654,0xF654,0xF654,0xF654,0xF654,0xF654,0xF654,0xF654,0xF654,
    0xF654,0xF654,0xF654,0xF654,0xF654,0xF654,0xF654,0xF654,0xF654,0xF654,0xF654,0xF654,
    0xF654,0xF654,0xF654,0xF654,0xF654,0xF654,0xF654,0xF654,0xF654,0xF654,0xF654,0xF654,
    0xF654,0xF654,0xF654,0xF654,0xF654,0xF654,0xF654,0xF654,0xF654,0xF654,0xF654,0xF654,
    0xF654,0xF654,0xF654,0xF654,0xF654,0xF654,0xF654,0xF654,0xF654,0xF654,0xF654,0xF654,
    0xF654,0xF654,0xF654,0xF654,0xF654,0xF654,0xF654,0xF654,0xF654,0xF633,0xEDF2,0xEDF2,
    0xF654,0xF654,0xF654,0xF654,0xF654,0xF654,0xF654,0xF654,0xF654,0xF654,0xF654,0xF654,
    0xF654,0xF654,0xF654,0xF654,0xF654,0xF654,0xF654,0xF654,0xF654,0xF654,0xF654,0xF654,
    0xF654,0xF654,0xF654,0xF654,0xF654,0xF654,0xF654,0xF654,0xF654,0xF654,0xF654,0xF654,
    0xF654,0xF654,0xF654,0xF654,0xF654,0xF654,0xF654,0xF654,0xF654,0xF654,0xF654,0xF654,
    0xF654,0xF654,0xF654,0xF654,0xF654,0xF654,0xF654,0xF654,0xF654,0xF654,0xF654,0xF654,
    0xF654,0xF654,0xF654,0xF654,0xF654,0xF654,0xF654,0xF654,0xF654,0xF654,0xF654,0xF654,
    0xF654,0xF654,0xF654,0xF654,0xF654,0xF654,0xF654,0xF654,0xF654,0xF654,0xF654,0xF654,
    0xF654,0xF654,0xF654,0xF654,0xF654,0xF633,0xEDF2,0xEDF2,0xF633,0xF654,0xF654,0xF654,
    0xF654,0xF654,0xF654,0xF654,0xF654,0xF654,0xF654,0xF654,0xF654,0xF654,0xF654,0xF654,
    0xF654,0xF654,0xF654,0xF654,0xF654,0xF654,0xF654,0xF654,0xF654,0xF654,0xF654,0xF654,
    0xF654,0xF654,0xF654,0xF654,0xF654,0xF654,0xF654,0xF654,0xF654,0xF654,0xF654,0xF654,
    0xF654,0xF654,0xF654,0xF654,0xF654,0xF654,0xF654,0xF654,0xF654,0xF654,0xF654,0xF654,
    0xF654,0xF654,0xF654,0xF654,0xF654,0xF654,0xF654,0xF654,0xF654,0xF654,0xF654,0xF654,
    0xF654,0xF654,0xF654,0xF654,0xF654,0xF633,0xEDF2,0xEE12,0xF654,0xF654,0xF654,0xF654,
    0xF654,0xF654,0xF654,0xF654,0xF654,0xF654,0xF654,0xF654,0xF654,0xF654,0xF654,0xF654,
    0xF654,0xF654,0xF654,0xF654,0xF654,0xF654,0xF654,0xF654,0xF654,0xF654,0xF654,0xF654,
    0xF654,0xF654,0xF654,0xF654,0xF654,0xF654,0xF654,0xF654,0xF654,0xF654,0xF654,0xF654,
    0xF654,0xF654,0xF654,0xF654,0xF654,0xF654,0xF654,0xF654,0xF654,0xF654,0xF654,0xF654,
    0xF654,0xF654,0xF654,0xF654,0xF654,0xF654,0xF654,0xF654,0xF654,0xF654,0xF654,0xF654,
    0xF654,0xF654,0xF654,0xF654,0xF654,0xF654,0xF654,0xF654,0xF654,0xF654,0xF654,0xF654,
    0xF654,0xF654,0xF654,0xF654,0xEE12,0xEDF2,0xF633,0xF654,0xF654,0xF654,0xF654,0xF654,
    0xF654,0xF654,0xF654,0xF654,0xF654,0xF654,0xF654,0xF654,0xF654,0xF654,0xF654,0xF654,
    0xF654,0xF654,0xF654,0xF654,0xF654,0xF654,0xF654,0xF654,0xF654,0xF654,0xF654,0xF654,
    0xF654,0xF654,0xF654,0xF654,0xF654,0xF654,0xF654,0xF654,0xF654,0xF654,0xF654,0xF654,
    0xF654,0xF654,0xF654,0xF654,0xF654,0xF654,0xF654,0xF654,0xF654,0xF654,0xF654,0xF654,
    0xF654,0xF654,0xF654,0xF654,0xF654,0xF654,0xF654,0xF654,0xF654,0xF654,0xF654,0xF654,
    0xF654,0xF654,0xF654,0xF654,0xF654,0xF654,0xEE12,0xEDF2,0xEE33,0xF654,0xF654,0xF654,
    0xF654,0xF654,0xF654,0xF654,0xF654,0xF654,0xF654,0xF654,0xF654,0xF654,0xF654,0xF654,
    0xF654,0xF654,0xF654,0xF654,0xF654,0xF654,0xF654,0xF654,0xF654,0xF654,0xF654,0xF654,
    0xF654,0xF654,0xF654,0xF654,0xF654,0xF654,0xF654,0xF654,0xF654,0xF654,0xF654,0xF654,
    0xF654,0xF654,0xF654,0xF654,0xF654,0xF654,0xF654,0xF654,0xF654,0xF654,0xF654,0xF654,
    0xF654,0xF654,0xF654,0xF654,0xF654,0xF654,0xF654,0xF654,0xF654,0xF654,0xF654,0xF654,
    0xF654,0xF654,0xF654,0xF654,0xF654,0xF654,0xF654,0xF654,0xF654,0xF654,0xF654,0xF654,
    0xF654,0xF654,0xF654,0xF654,0xF654,0xF654,0xF654,0xF654,0xF654,0xF654,0xF654,0xF654,
    0xF653,0xEE12,0xEDF2,0xEE13,0xF654,0xF654,0xF654,0xF654,0xF654,0xF654,0xF654,0xF654,
    0xF654,0xF654,0xF654,0xF654,0xF654,0xF654,0xF654,0xF654,0xF654,0xF654,0xF654,0xF654,
    0xF654,0xF654,0xF654,0xF654,0xF654,0xF654,0xF654,0xF654,0xF654,0xF654,0xF654,0xF654,
    0xF654,0xF654,0xF654,0xF654,0xF654,0xF654,0xF654,0xF654,0xF654,0xF654,0xF654,0xF654,
    0xF654,0xF654,0xF654,0xF654,0xF654,0xF654,0xF654,0xF654,0xF654,0xF654,0xF654,0xF654,
    0xF654,0xF654,0xF654,0xF654,0xF654,0xF654,0xF654,0xF654,0xF654,0xF654,0xF654,0xF654,
    0xF654,0xEE12,0xEDF2,0xF633,0xF654,0xF654,0xF654,0xF654,0xF654,0xF654,0xF654,0xF654,
    0xF654,0xF654,0xF654,0xF654,0xF654,0xF654,0xF654,0xF654,0xF654,0xF654,0xF654,0xF654,
    0xF654,0xF654,0xF654,0xF654,0xF654,0xF654,0xF654,0xF654,0xF654,0xF654,0xF654,0xF654,
    0xF654,0xF654,0xF654,0xF654,0xF654,0xF654,0xF654,0xF654,0xF654,0xF654,0xF654,0xF654,
    0xF654,0xF654,0xF654,0xF654,0xF654,0xF654,0xF654,0xF654,0xF654,0xF654,0xF654,0xF654,
    0xF654,0xF654,0xF654,0xF654,0xF654,0xF654,0xF654,0xF654,0xF654,0xF654,0xF654,0xF654,
    0xF654,0xF654,0xF654,0xF654,0xF654,0xF654,0xF654,0xF654,0xF654,0xF654,0xF654,0xF654,
    0xEE12,0xEDF2,0xF654,0xF654,0xF654,0xF654,0xF654,0xF654,0xF654,0xF654,0xF654,0xF654,
    0xF654,0xF654,0xF654,0xF654,0xF654,0xF654,0xF654,0xF654,0xF654,0xF654,0xF654,0xF654,
    0xF654,0xF654,0xF654,0xF654,0xF654,0xF654,0xF654,0xF654,0xF654,0xF654,0xF654,0xF654,
    0xF654,0xF654,0xF654,0xF654,0xF654,0xF654,0xF654,0xF654,0xF654,0xF654,0xF654,0xF654,
    0xF654,0xF654,0xF654,0xF654,0xF654,0xF654,0xF654,0xF654,0xF654,0xF654,0xF654,0xF654,
    0xF654,0xF654,0xF654,0xF654,0xF654,0xF654,0xF654,0xF654,0xF654,0xF654,0xF654,0xF654,
    0xF654,0xF654,0xF633,0xEDF2,0xEE12,0xF654,0xF654,0xF654,0xF654,0xF654,0xF654,0xF654,
    0xF654,0xF654,0xF654,0xF654,0xF654,0xF654,0xF654,0xF654,0xF654,0xF654,0xF654,0xF654,
    0xF654,0xF654,0xF654,0xF654,0xF654,0xF654,0xF654,0xF654,0xF654,0xF654,0xF654,0xF654,
    0xF654,0xF654,0xF654,0xF654,0xF654,0xF654,0xF654,0xF654,0xF654,0xF654,0xF654,0xF654,
    0xF654,0xF654,0xF654,0xF654,0xF654,0xF654,0xF654,0xF654,0xF654,0xF654,0xF654,0xF654,
    0xF654,0xF654,0xF654,0xF654,0xF654,0xF654,0xF654,0xF654,0xF654,0xF654,0xF654,0xF654,
    0xF654,0xF654,0xF654,0xF654,0xF654,0xF654,0xF654,0xF654,0xF654,0xF654,0xF654,0xF654,
    0xF654,0xF654,0xF654,0xF654,0xF654,0xF654,0xF654,0xF654,0xEE33,0xEDF2,0xEE12,0xF653,
    0xF654,0xF654,0xF654,0xF654,0xF654,0xF654,0xF654,0xF654,0xF654,0xF654,0xF654,0xF654,
    0xF654,0xF654,0xF654,0xF654,0xF654,0xF654,0xF654,0xF654,0xF654,0xF654,0xF654,0xF654,
    0xF654,0xF654,0xF654,0xF654,0xF654,0xF654,0xF654,0xF654,0xF654,0xF654,0xF654,0xF654,
    0xF654,0xF654,0xF654,0xF654,0xF654,0xF654,0xF654,0xF654,0xF654,0xF654,0xF654,0xF654,
    0xF654,0xF654,0xF654,0xF654,0xF654,0xF654,0xF654,0xF654,0xF654,0xF654,0xF654,0xF654,
    0xF654,0xF654,0xF654,0xF654,0xF654,0xF654,0xF654,0xF654,0xF633,0xEDF2,0xEE12,0xF654,
    0xF654,0xF654,0xF654,0xF654,0xF654,0xF654,0xF654,0xF654,0xF654,0xF654,0xF654,0xF654,
    0xF654,0xF654,0xF654,0xF654,0xF654,0xF654,0xF654,0xF654,0xF654,0xF654,0xF654,0xF654,
    0xF654,0xF654,0xF654,0xF654,0xF654,0xF654,0xF654,0xF654,0xF654,0xF654,0xF654,0xF654,
    0xF654,0xF654,0xF654,0xF654,0xF654,0xF654,0xF654,0xF654,0xF654,0xF654,0xF654,0xF654,
    0xF654,0xF654,0xF654,0xF654,0xF654,0xF654,0xF654,0xF654,0xF654,0xF654,0xF654,0xF654,
    0xF654,0xF654,0xF654,0xF654,0xF654,0xF654,0xF654,0xF654,0xF654,0xF654,0xF654,0xF654,
    0xF654,0xF654,0xF654,0xF654,0xF654,0xF654,0xF654,0xF654,0xEDF2,0xEE12,0xF654,0xF654,
    0xF654,0xF654,0xF654,0xF654,0xF654,0xF654,0xF654,0xF654,0xF654,0xF654,0xF654,0xF654,
    0xF654,0xF654,0xF654,0xF654,0xF654,0xF654,0xF654,0xF654,0xF654,0xF654,0xF654,0xF654,
    0xF654,0xF654,0xF654,0xF654,0xF654,0xF654,0xF654,0xF654,0xF654,0xF654,0xF654,0xF654,
    0xF654,0xF654,0xF654,0xF654,0xF654,0xF654,0xF654,0xF654,0xF654,0xF654,0xF654,0xF654,
    0xF654,0xF654,0xF654,0xF654,0xF654,0xF654,0xF654,0xF654,0xF654,0xF654,0xF654,0xF654,
    0xF654,0xF654,0xF654,0xF654,0xF654,0xF654,0xF654,0xF654,0xF654,0xF654,0xF654,0xEE12,
    0xEDF2,0xF633,0xF654,0xF654,0xF654,0xF654,0xF654,0xF654,0xF654,0xF654,0xF654,0xF654,
    0xF654,0xF654,0xF654,0xF654,0xF654,0xF654,0xF654,0xF654,0xF654,0xF654,0xF654,0xF654,
    0xF654,0xF654,0xF654,0xF654,0xF654,0xF654,0xF654,0xF654,0xF654,0xF654,0xF654,0xF654,
    0xF654,0xF654,0xF654,0xF654,0xF654,0xF654,0xF654,0xF654,0xF654,0xF654,0xF654,0xF654,
    0xF654,0xF654,0xF654,0xF654,0xF654,0xF654,0xF654,0xF654,0xF654,0xF654,0xF654,0xF654,
    0xF654,0xF654,0xF654,0xF654,0xF654,0xF654,0xF654,0xF654,0xF654,0xF654,0xF654,0xF654,
    0xF654,0xF654,0xF654,0xF654,0xF654,0xF654,0xF654,0xF654,0xF654,0xF654,0xF654,0xF654,
    0xF654,0xF654,0xF654,0xF633,0xEDF2,0xEDF2,0xF633,0xF654,0xF654,0xF654,0xF654,0xF654,
    0xF654,0xF654,0xF654,0xF654,0xF654,0xF654,0xF654,0xF654,0xF654,0xF654,0xF654,0xF654,
    0xF654,0xF654,0xF654,0xF654,0xF654,0xF654,0xF654,0xF654,0xF654,0xF654,0xF654,0xF654,
    0xF654,0xF654,0xF654,0xF654,0xF654,0xF654,0xF654,0xF654,0xF654,0xF654,0xF654,0xF654,
    0xF654,0xF654,0xF654,0xF654,0xF654,0xF654,0xF654,0xF654,0xF654,0xF654,0xF654,0xF654,
    0xF654,0xF654,0xF654,0xF654,0xF654,0xF654,0xF654,0xF654,0xF654,0xF654,0xF654,0xF654,
    0xF654,0xF654,0xF654,0xF654,0xEE12,0xEDF2,0xF633,0xF654,0xF654,0xF654,0xF654,0xF654,
    0xF654,0xF654,0xF654,0xF654,0xF654,0xF654,0xF654,0xF654,0xF654,0xF654,0xF654,0xF654,
    0xF654,0xF654,0xF654,0xF654,0xF654,0xF654,0xF654,0xF654,0xF654,0xF654,0xF654,0xF654,
    0xF654,0xF654,0xF654,0xF654,0xF654,0xF654,0xF654,0xF654,0xF654,0xF654,0xF654,0xF654,
    0xF654,0xF654,0xF654,0xF654,0xF654,0xF654,0xF654,0xF654,0xF654,0xF654,0xF654,0xF654,
    0xF654,0xF654,0xF654,0xF654,0xF654,0xF654,0xF654,0xF654,0xF654,0xF654,0xF654,0xF654,
    0xF654,0xF654,0xF654,0xF654,0xF654,0xF654,0xF654,0xF654,0xF654,0xF654,0xF654,0xF654,
    0xF654,0xF654,0xF654,0xF633,0xEDF2,0xEE12,0xF654,0xF654,0xF654,0xF654,0xF654,0xF654,
    0xF654,0xF654,0xF654,0xF654,0xF654,0xF654,0xF654,0xF654,0xF654,0xF654,0xF654,0xF654,
    0xF654,0xF654,0xF654,0xF654,0xF654,0xF654,0xF654,0xF654,0xF654,0xF654,0xF654,0xF654,
    0xF654,0xF654,0xF654,0xF654,0xF654,0xF654,0xF654,0xF654,0xF654,0xF654,0xF654,0xF654,
    0xF654,0xF654,0xF654,0xF654,0xF654,0xF654,0xF654,0xF654,0xF654,0xF654,0xF654,0xF654,
    0xF654,0xF654,0xF654,0xF654,0xF654,0xF654,0xF654,0xF654,0xF654,0xF654,0xF654,0xF654,
    0xF654,0xF654,0xF654,0xF654,0xF654,0xF654,0xF654,0xEE33,0xEDF2,0xEE12,0xF654,0xF654,
    0xF654,0xF654,0xF654,0xF654,0xF654,0xF654,0xF654,0xF654,0xF654,0xF654,0xF654,0xF654,
    0xF654,0xF654,0xF654,0xF654,0xF654,0xF654,0xF654,0xF654,0xF654,0xF654,0xF654,0xF654,
    0xF654,0xF654,0xF654,0xF654,0xF654,0xF654,0xF654,0xF654,0xF654,0xF654,0xF654,0xF654,
    0xF654,0xF654,0xF654,0xF654,0xF654,0xF654,0xF654,0xF654,0xF654,0xF654,0xF654,0xF654,
    0xF654,0xF654,0xF654,0xF654,0xF654,0xF654,0xF654,0xF654,0xF654,0xF654,0xF654,0xF654,
    0xF654,0xF654,0xF654,0xF654,0xF654,0xF654,0xF654,0xF654,0xF654,0xF654,0xF654,0xF654,
    0xF654,0xF654,0xF654,0xF654,0xF654,0xF654,0xF654,0xF654,0xF654,0xF654,0xF653,0xEE12,
    0xEDF2,0xEE13,0xF654,0xF654,0xF654,0xF654,0xF654,0xF654,0xF654,0xF654,0xF654,0xF654,
    0xF654,0xF654,0xF654,0xF654,0xF654,0xF654,0xF654,0xF654,0xF654,0xF654,0xF654,0xF654,
    0xF654,0xF654,0xF654,0xF654,0xF654,0xF654,0xF654,0xF654,0xF654,0xF654,0xF654,0xF654,
    0xF654,0xF654,0xF654,0xF654,0xF654,0xF654,0xF654,0xF654,0xF654,0xF654,0xF654,0xF654,
    0xF654,0xF654,0xF654,0xF654,0xF654,0xF654,0xF654,0xF654,0xF654,0xF654,0xF654,0xF654,
    0xF654,0xF654,0xF654,0xF654,0xF654,0xF654,0xF654,0xF654,0xF654,0xF654,0xF654,0xF653,
    0xEDF2,0xEDF2,0xF653,0xF654,0xF654,0xF654,0xF654,0xF654,0xF654,0xF654,0xF654,0xF654,
    0xF654,0xF654,0xF654,0xF654,0xF654,0xF654,0xF654,0xF654,0xF654,0xF654,0xF654,0xF654,
    0xF654,0xF654,0xF654,0xF654,0xF654,0xF654,0xF654,0xF654,0xF654,0xF654,0xF654,0xF654,
    0xF654,0xF654,0xF654,0xF654,0xF654,0xF654,0xF654,0xF654,0xF654,0xF654,0xF654,0xF654,
    0xF654,0xF654,0xF654,0xF654,0xF654,0xF654,0xF654,0xF654,0xF654,0xF654,0xF654,0xF654,
    0xF654,0xF654,0xF654,0xF654,0xF654,0xF654,0xF654,0xF654,0xF654,0xF654,0xF654,0xF654,
    0xF654,0xF654,0xF654,0xF654,0xF654,0xF654,0xF654,0xF654,0xF654,0xF654,0xF654,0xF633,
    0xEDF2,0xEE12,0xF654,0xF654,0xF654,0xF654,0xF654,0xF654,0xF654,0xF654,0xF654,0xF654,
    0xF654,0xF654,0xF654,0xF654,0xF654,0xF654,0xF654,0xF654,0xF654,0xF654,0xF654,0xF654,
    0xF654,0xF654,0xF654,0xF654,0xF654,0xF654,0xF654,0xF654,0xF654,0xF654,0xF654,0xF654,
    0xF654,0xF654,0xF654,0xF654,0xF654,0xF654,0xF654,0xF654,0xF654,0xF654,0xF654,0xF654,
    0xF654,0xF654,0xF654,0xF654,0xF654,0xF654,0xF654,0xF654,0xF654,0xF654,0xF654,0xF654,
    0xF654,0xF654,0xF654,0xF654,0xF654,0xF654,0xF654,0xF654,0xF654,0xF654,0xF654,0xF654,
    0xF654,0xF654,0xF654,0xF653,0xEDF2,0xEDF2,0xF633,0xF654,0xF654,0xF654,0xF654,0xF654,
    0xF654,0xF654,0xF654,0xF654,0xF654,0xF654,0xF654,0xF654,0xF654,0xF654,0xF654,0xF654,
    0xF654,0xF654,0xF654,0xF654,0xF654,0xF654,0xF654,0xF654,0xF654,0xF654,0xF654,0xF654,
    0xF654,0xF654,0xF654,0xF654,0xF654,0xF654,0xF654,0xF654,0xF654,0xF654,0xF654,0xF654,
    0xF654,0xF654,0xF654,0xF654,0xF654,0xF654,0xF654,0xF654,0xF654,0xF654,0xF654,0xF654,
    0xF654,0xF654,0xF654,0xF654,0xF654,0xF654,0xF654,0xF654,0xF654,0xF654,0xF654,0xF654,
    0xF654,0xF654,0xF654,0xF654,0xF654,0xF654,0xF654,0xF654,0xF654,0xF654,0xF654,0xF654,
    0xF654,0xF654,0xF654,0xF654,0xF654,0xF654,0xEE33,0xEDF2,0xEE12,0xF653,0xF654,0xF654,
    0xF654,0xF654,0xF654,0xF654,0xF654,0xF654,0xF654,0xF654,0xF654,0xF654,0xF654,0xF654,
    0xF654,0xF654,0xF654,0xF654,0xF654,0xF654,0xF654,0xF654,0xF654,0xF654,0xF654,0xF654,
    0xF654,0xF654,0xF654,0xF654,0xF654,0xF654,0xF654,0xF654,0xF654,0xF654,0xF654,0xF654,
    0xF654,0xF654,0xF654,0xF654,0xF654,0xF654,0xF654,0xF654,0xF654,0xF654,0xF654,0xF654,
    0xF654,0xF654,0xF654,0xF654,0xF654,0xF654,0xF654,0xF654,0xF654,0xF654,0xF654,0xF654,
    0xF654,0xF654,0xF654,0xF654,0xF654,0xF654,0xF654,0xEE13,0xEDF2,0xEE13,0xF654,0xF654,
    0xF654,0xF654,0xF654,0xF654,0xF654,0xF654,0xF654,0xF654,0xF654,0xF654,0xF654,0xF654,
    0xF654,0xF654,0xF654,0xF654,0xF654,0xF654,0xF654,0xF654,0xF654,0xF654,0xF654,0xF654,
    0xF654,0xF654,0xF654,0xF654,0xF654,0xF654,0xF654,0xF654,0xF654,0xF654,0xF654,0xF654,
    0xF654,0xF654,0xF654,0xF654,0xF654,0xF654,0xF654,0xF654,0xF654,0xF654,0xF654,0xF654,
    0xF654,0xF654,0xF654,0xF654,0xF654,0xF654,0xF654,0xF654,0xF654,0xF654,0xF654,0xF654,
    0xF654,0xF654,0xF654,0xF654,0xF654,0xF654,0xF654,0xF654,0xF654,0xF654,0xF654,0xF654,
    0xF654,0xF654,0xF654,0xF654,0xF654,0xF654,0xF654,0xEE33,0xEDF2,0xEE13,0xF654,0xF654,
    0xF654,0xF654,0xF654,0xF654,0xF654,0xF654,0xF654,0xF654,0xF654,0xF654,0xF654,0xF654,
    0xF654,0xF654,0xF654,0xF654,0xF654,0xF654,0xF654,0xF654,0xF654,0xF654,0xF654,0xF654,
    0xF654,0xF654,0xF654,0xF654,0xF654,0xF654,0xF654,0xF654,0xF654,0xF654,0xF654,0xF654,
    0xF654,0xF654,0xF654,0xF654,0xF654,0xF654,0xF654,0xF654,0xF654,0xF654,0xF654,0xF654,
    0xF654,0xF654,0xF654,0xF654,0xF654,0xF654,0xF654,0xF654,0xF654,0xF654,0xF654,0xF654,
    0xF654,0xF654,0xF654,0xF654,0xF654,0xF654,0xF654,0xF654,0xF654,0xF654,0xF654,0xF654,
    0xEE33,0xEDF2,0xEE13,0xF654,0xF654,0xF654,0xF654,0xF654,0xF654,0xF654,0xF654,0xF654,
    0xF654,0xF654,0xF654,0xF654,0xF654,0xF654,0xF654,0xF654,0xF654,0xF654,0xF654,0xF654,
    0xF654,0xF654,0xF654,0xF654,0xF654,0xF654,0xF654,0xF654,0xF654,0xF654,0xF654,0xF654,
    0xF654,0xF654,0xF654,0xF654,0xF654,0xF654,0xF654,0xF654,0xF654,0xF654,0xF654,0xF654,
    0xF654,0xF654,0xF654,0xF654,0xF654,0xF654,0xF654,0xF654,0xF654,0xF654,0xF654,0xF654,
    0xF654,0xF654,0xF654,0xF654,0xF654,0xF654,0xF654,0xF654,0xF654,0xF654,0xF654,0xF654,
    0xF654,0xF654,0xF654,0xF654,0xF654,0xF654,0xF654,0xF654,0xF654,0xF654,0xF654,0xF654,
    0xF654,0xF633,0xEDF2,0xEDF2,0xF633,0xF654,0xF654,0xF654,0xF654,0xF654,0xF654,0xF654,
    0xF654,0xF654,0xF654,0xF654,0xF654,0xF654,0xF654,0xF654,0xF654,0xF654,0xF654,0xF654,
    0xF654,0xF654,0xF654,0xF654,0xF654,0xF654,0xF654,0xF654,0xF654,0xF654,0xF654,0xF654,
    0xF654,0xF654,0xF654,0xF654,0xF654,0xF654,0xF654,0xF654,0xF654,0xF654,0xF654,0xF654,
    0xF654,0xF654,0xF654,0xF654,0xF654,0xF654,0xF654,0xF654,0xF654,0xF654,0xF654,0xF654,
    0xF654,0xF654,0xF654,0xF654,0xF654,0xF654,0xF654,0xF654,0xF654,0xF654,0xF654,0xF654,
    0xF654,0xF654,0xF653,0xEDF2,0xEDF2,0xF633,0xF654,0xF654,0xF654,0xF654,0xF654,0xF654,
    0xF654,0xF654,0xF654,0xF654,0xF654,0xF654,0xF654,0xF654,0xF654,0xF654,0xF654,0xF654,
    0xF654,0xF654,0xF654,0xF654,0xF654,0xF654,0xF654,0xF654,0xF654,0xF654,0xF654,0xF654,
    0xF654,0xF654,0xF654,0xF654,0xF654,0xF654,0xF654,0xF654,0xF654,0xF654,0xF654,0xF654,
    0xF654,0xF654,0xF654,0xF654,0xF654,0xF654,0xF654,0xF654,0xF654,0xF654,0xF654,0xF654,
    0xF654,0xF654,0xF654,0xF654,0xF654,0xF654,0xF654,0xF654,0xF654,0xF654,0xF654,0xF654,
    0xF654,0xF654,0xF654,0xF654,0xF654,0xF654,0xF654,0xF654,0xF654,0xF654,0xF654,0xF654,
    0xF654,0xF654,0xF654,0xEE33,0xEDF2,0xEE33,0xF654,0xF654,0xF654,0xF654,0xF654,0xF654,
    0xF654,0xF654,0xF654,0xF654,0xF654,0xF654,0xF654,0xF654,0xF654,0xF654,0xF654,0xF654,
    0xF654,0xF654,0xF654,0xF654,0xF654,0xF654,0xF654,0xF654,0xF654,0xF654,0xF654,0xF654,
    0xF654,0xF654,0xF654,0xF654,0xF654,0xF654,0xF654,0xF654,0xF654,0xF654,0xF654,0xF654,
    0xF654,0xF654,0xF654,0xF654,0xF654,0xF654,0xF654,0xF654,0xF654,0xF654,0xF654,0xF654,
    0xF654,0xF654,0xF654,0xF654,0xF654,0xF654,0xF654,0xF654,0xF654,0xF654,0xF654,0xF654,
    0xF654,0xF654,0xF654,0xF654,0xF654,0xF654,0xF654,0xF654,0xF653,0xEDF2,0xEDF2,0xF653,
    0xF654,0xF654,0xF654,0xF654,0xF654,0xF654,0xF654,0xF654,0xF654,0xF654,0xF654,0xF654,
    0xF654,0xF654,0xF654,0xF654,0xF654,0xF654,0xF654,0xF654,0xF654,0xF654,0xF654,0xF654,
    0xF654,0xF654,0xF654,0xF654,0xF654,0xF654,0xF654,0xF654,0xF654,0xF654,0xF654,0xF654,
    0xF654,0xF654,0xF654,0xF654,0xF654,0xF654,0xF654,0xF654,0xF654,0xF654,0xF654,0xF654,
    0xF654,0xF654,0xF654,0xF654,0xF654,0xF654,0xF654,0xF654,0xF654,0xF654,0xF654,0xF654,
    0xF654,0xF654,0xF654,0xF654,0xF654,0xF654,0xF654,0xF654,0xF654,0xF654,0xF654,0xF654,
    0xF654,0xF654,0xF654,0xF654,0xF654,0xF654,0xF654,0xF654,0xF653,0xEE12,0xEDF2,0xEE13,
    0xF654,0xF654,0xF654,0xF654,0xF654,0xF654,0xF654,0xF654,0xF654,0xF654,0xF654,0xF654,
    0xF654,0xF654,0xF654,0xF654,0xF654,0xF654,0xF654,0xF654,0xF654,0xF654,0xF654,0xF654,
    0xF654,0xF654,0xF654,0xF654,0xF654,0xF654,0xF654,0xF654,0xF654,0xF654,0xF654,0xF654,
    0xF654,0xF654,0xF654,0xF654,0xF654,0xF654,0xF654,0xF654,0xF654,0xF654,0xF654,0xF654,
    0xF654,0xF654,0xF654,0xF654,0xF654,0xF654,0xF654,0xF654,0xF654,0xF654,0xF654,0xF654,
    0xF654,0xF654,0xF654,0xF654,0xF654,0xF654,0xF654,0xF654,0xF654,0xF654,0xEE33,0xEDF2,
    0xEE13,0xF654,0xF654,0xF654,0xF654,0xF654,0xF654,0xF654,0xF654,0xF654,0xF654,0xF654,
    0xF654,0xF654,0xF654,0xF654,0xF654,0xF654,0xF654,0xF654,0xF654,0xF654,0xF654,0xF654,
    0xF654,0xF654,0xF654,0xF654,0xF654,0xF654,0xF654,0xF654,0xF654,0xF654,0xF654,0xF654,
    0xF654,0xF654,0xF654,0xF654,0xF654,0xF654,0xF654,0xF654,0xF654,0xF654,0xF654,0xF654,
    0xF654,0xF654,0xF654,0xF654,0xF654,0xF654,0xF654,0xF654,0xF654,0xF654,0xF654,0xF654,
    0xF654,0xF654,0xF654,0xF654,0xF654,0xF654,0xF654,0xF654,0xF654,0xF654,0xF654,0xF654,
    0xF654,0xF654,0xF654,0xF654,0xF654,0xF654,0xF654,0xF654,0xF654,0xF654,0xF654,0xEE13,
    0xEDF2,0xEE33,0xF654,0xF654,0xF654,0xF654,0xF654,0xF654,0xF654,0xF654,0xF654,0xF654,
    0xF654,0xF654,0xF654,0xF654,0xF654,0xF654,0xF654,0xF654,0xF654,0xF654,0xF654,0xF654,
    0xF654,0xF654,0xF654,0xF654,0xF654,0xF654,0xF654,0xF654,0xF654,0xF654,0xF654,0xF654,
    0xF654,0xF654,0xF654,0xF654,0xF654,0xF654,0xF654,0xF654,0xF654,0xF654,0xF654,0xF654,
    0xF654,0xF654,0xF654,0xF654,0xF654,0xF654,0xF654,0xF654,0xF654,0xF654,0xF654,0xF654,
    0xF654,0xF654,0xF654,0xF654,0xF654,0xF654,0xF654,0xF654,0xF654,0xF654,0xF654,0xF654,
    0xF654,0xF654,0xF654,0xF654,0xF654,0xEE13,0xEDF2,0xEE33,0xF654,0xF654,0xF654,0xF654,
    0xF654,0xF654,0xF654,0xF654,0xF654,0xF654,0xF654,0xF654,0xF654,0xF654,0xF654,0xF654,
    0xF654,0xF654,0xF654,0xF654,0xF654,0xF654,0xF654,0xF654,0xF654,0xF654,0xF654,0xF654,
    0xF654,0xF654,0xF654,0xF654,0xF654,0xF654,0xF654,0xF654,0xF654,0xF654,0xF654,0xF654,
    0xF654,0xF654,0xF654,0xF654,0xF654,0xF654,0xF654,0xF654,0xF654,0xF654,0xF654,0xF654,
    0xF654,0xF654,0xF654,0xF654,0xF654,0xF654,0xF654,0xF654,0xF654,0xF654,0xF654,0xF654,
    0xF654,0xF654,0xF654,0xF654,0xF654,0xF654,0xF654,0xF654,0xF654,0xF654,0xF654,0xF654,
    0xF654,0xF654,0xF654,0xF654,0xEE33,0xEDF2,0xEE12,0xF653,0xF654,0xF654,0xF654,0xF654,
    0xF654,0xF654,0xF654,0xF654,0xF654,0xF654,0xF654,0xF654,0xF654,0xF654,0xF654,0xF654,
    0xF654,0xF654,0xF654,0xF654,0xF654,0xF654,0xF654,0xF654,0xF654,0xF654,0xF654,0xF654,
    0xF654,0xF654,0xF654,0xF654,0xF654,0xF654,0xF654,0xF654,0xF654,0xF654,0xF654,0xF654,
    0xF654,0xF654,0xF654,0xF654,0xF654,0xF654,0xF654,0xF654,0xF654,0xF654,0xF654,0xF654,
    0xF654,0xF654,0xF654,0xF654,0xF654,0xF654,0xF654,0xF654,0xF654,0xF654,0xF654,0xF654,
    0xF654,0xF654,0xF654,0xF654,0xF654,0xF654,0xEDF2,0xEDF2,0xF633,0xF654,0xF654,0xF654,
    0xF654,0xF654,0xF654,0xF654,0xF654,0xF654,0xF654,0xF654,0xF654,0xF654,0xF654,0xF654,
    0xF654,0xF654,0xF654,0xF654,0xF654,0xF654,0xF654,0xF654,0xF654,0xF654,0xF654,0xF654,
    0xF654,0xF654,0xF654,0xF654,0xF654,0xF654,0xF654,0xF654,0xF654,0xF654,0xF654,0xF654,
    0xF654,0xF654,0xF654,0xF654,0xF654,0xF654,0xF654,0xF654,0xF654,0xF654,0xF654,0xF654,
    0xF654,0xF654,0xF654,0xF654,0xF654,0xF654,0xF654,0xF654,0xF654,0xF654,0xF654,0xF654,
    0xF654,0xF654,0xF654,0xF654,0xF654,0xF654,0xF654,0xF654,0xF654,0xF654,0xF654,0xF654,
    0xF654,0xF654,0xF654,0xF654,0xF654,0xF654,0xF654,0xEE13,0xEDF2,0xF633,0xF654,0xF654,
    0xF654,0xF654,0xF654,0xF654,0xF654,0xF654,0xF654,0xF654,0xF654,0xF654,0xF654,0xF654,
    0xF654,0xF654,0xF654,0xF654,0xF654,0xF654,0xF654,0xF654,0xF654,0xF654,0xF654,0xF654,
    0xF654,0xF654,0xF654,0xF654,0xF654,0xF654,0xF654,0xF654,0xF654,0xF654,0xF654,0xF654,
    0xF654,0xF654,0xF654,0xF654,0xF654,0xF654,0xF654,0xF654,0xF654,0xF654,0xF654,0xF654,
    0xF654,0xF654,0xF654,0xF654,0xF654,0xF654,0xF654,0xF654,0xF654,0xF654,0xF654,0xF654,
    0xF654,0xF654,0xF654,0xF654,0xF654,0xF654,0xF654,0xF654,0xF654,0xF654,0xF654,0xF654,
    0xF654,0xF633,0xEDF2,0xEDF2,0xF654,0xF654,0xF654,0xF654,0xF654,0xF654,0xF654,0xF654,
    0xF654,0xF654,0xF654,0xF654,0xF654,0xF654,0xF654,0xF654,0xF654,0xF654,0xF654,0xF654,
    0xF654,0xF654,0xF654,0xF654,0xF654,0xF654,0xF654,0xF654,0xF654,0xF654,0xF654,0xF654,
    0xF654,0xF654,0xF654,0xF654,0xF654,0xF654,0xF654,0xF654,0xF654,0xF654,0xF654,0xF654,
    0xF654,0xF654,0xF654,0xF654,0xF654,0xF654,0xF654,0xF654,0xF654,0xF654,0xF654,0xF654,
    0xF654,0xF654,0xF654,0xF654,0xF654,0xF654,0xF654,0xF654,0xF654,0xF654,0xF654,0xF654,
    0xF654,0xF654,0xF654,0xF654,0xF654,0xF654,0xF654,0xF654,0xF654,0xF654,0xF654,0xF633,
    0xEDF2,0xEDF2,0xF633,0xF654,0xF654,0xF654,0xF654,0xF654,0xF654,0xF654,0xF654,0xF654,
    0xF654,0xF654,0xF654,0xF654,0xF654,0xF654,0xF654,0xF654,0xF654,0xF654,0xF654,0xF654,
    0xF654,0xF654,0xF654,0xF654,0xF654,0xF654,0xF654,0xF654,0xF654,0xF654,0xF654,0xF654,
    0xF654,0xF654,0xF654,0xF654,0xF654,0xF654,0xF654,0xF654,0xF654,0xF654,0xF654,0xF654,
    0xF654,0xF654,0xF654,0xF654,0xF654,0xF654,0xF654,0xF654,0xF654,0xF654,0xF654,0xF654,
    0xF654,0xF654,0xF654,0xF654,0xF654,0xF654,0xF654,0xF654,0xF654,0xF654,0xF654,0xF654,
    0xF654,0xF633,0xEDF2,0xEE12,0xF654,0xF654,0xF654,0xF654,0xF654,0xF654,0xF654,0xF654,
    0xF654,0xF654,0xF654,0xF654,0xF654,0xF654,0xF654,0xF654,0xF654,0xF654,0xF654,0xF654,
    0xF654,0xF654,0xF654,0xF654,0xF654,0xF654,0xF654,0xF654,0xF654,0xF654,0xF654,0xF654,
    0xF654,0xF654,0xF654,0xF654,0xF654,0xF654,0xF654,0xF654,0xF654,0xF654,0xF654,0xF654,
    0xF654,0xF654,0xF654,0xF654,0xF654,0xF654,0xF654,0xF654,0xF654,0xF654,0xF654,0xF654,
    0xF654,0xF654,0xF654,0xF654,0xF654,0xF654,0xF654,0xF654,0xF654,0xF654,0xF654,0xF654,
    0xF654,0xF654,0xF654,0xF654,0xF654,0xF654,0xF654,0xF654,0xF654,0xF654,0xF654,0xF654,
    0xF654,0xF654,0xF654,0xEE12,0xEDF2,0xF633,0xF654,0xF654,0xF654,0xF654,0xF654,0xF654,
    0xF654,0xF654,0xF654,0xF654,0xF654,0xF654,0xF654,0xF654,0xF654,0xF654,0xF654,0xF654,
    0xF654,0xF654,0xF654,0xF654,0xF654,0xF654,0xF654,0xF654,0xF654,0xF654,0xF654,0xF654,
    0xF654,0xF654,0xF654,0xF654,0xF654,0xF654,0xF654,0xF654,0xF654,0xF654,0xF654,0xF654,
    0xF654,0xF654,0xF654,0xF654,0xF654,0xF654,0xF654,0xF654,0xF654,0xF654,0xF654,0xF654,
    0xF654,0xF654,0xF654,0xF654,0xF654,0xF654,0xF654,0xF654,0xF654,0xF654,0xF654,0xF654,
    0xF654,0xF654,0xF654,0xF654,0xF654,0xF654,0xF654,0xF654,0xF654,0xF654,0xEE12,0xEDF2,
    0xEE33,0xF654,0xF654,0xF654,0xF654,0xF654,0xF654,0xF654,0xF654,0xF654,0xF654,0xF654,
    0xF654,0xF654,0xF654,0xF654,0xF654,0xF654,0xF654,0xF654,0xF654,0xF654,0xF654,0xF654,
    0xF654,0xF654,0xF654,0xF654,0xF654,0xF654,0xF654,0xF654,0xF654,0xF654,0xF654,0xF654,
    0xF654,0xF654,0xF654,0xF654,0xF654,0xF654,0xF654,0xF654,0xF654,0xF654,0xF654,0xF654,
    0xF654,0xF654,0xF654,0xF654,0xF654,0xF654,0xF654,0xF654,0xF654,0xF654,0xF654,0xF654,
    0xF654,0xF654,0xF654,0xF654,0xF654,0xF654,0xF654,0xF654,0xF654,0xF654,0xF654,0xF654,
    0xF654,0xF654,0xF654,0xF654,0xF654,0xF654,0xF653,0xEE12,0xEDF2,0xEE13,0xF654,0xF654,
    0xF654,0xF654,0xF654,0xF654,0xF654,0xF654,0xF654,0xF654,0xF654,0xF654,0xF654,0xF654,
    0xF654,0xF654,0xF654,0xF654,0xF654,0xF654,0xF654,0xF654,0xF654,0xF654,0xF654,0xF654,
    0xF654,0xF654,0xF654,0xF654,0xF654,0xF654,0xF654,0xF654,0xF654,0xF654,0xF654,0xF654,
    0xF654,0xF654,0xF654,0xF654,0xF654,0xF654,0xF654,0xF654,0xF654,0xF654,0xF654,0xF654,
    0xF654,0xF654,0xF654,0xF654,0xF654,0xF654,0xF654,0xF654,0xF654,0xF654,0xF654,0xF654,
    0xF654,0xF654,0xF654,0xF654,0xF654,0xF654,0xF654,0xF654,0xF654,0xEE12,0xEDF2,0xF633,
    0xF654,0xF654,0xF654,0xF654,0xF654,0xF654,0xF654,0xF654,0xF654,0xF654,0xF654,0xF654,
    0xF654,0xF654,0xF654,0xF654,0xF654,0xF654,0xF654,0xF654,0xF654,0xF654,0xF654,0xF654,
    0xF654,0xF654,0xF654,0xF654,0xF654,0xF654,0xF654,0xF654,0xF654,0xF654,0xF654,0xF654,
    0xF654,0xF654,0xF654,0xF654,0xF654,0xF654,0xF654,0xF654,0xF654,0xF654,0xF654,0xF654,
    0xF654,0xF654,0xF654,0xF654,0xF654,0xF654,0xF654,0xF654,0xF654,0xF654,0xF654,0xF654,
    0xF654,0xF654,0xF654,0xF654,0xF654,0xF654,0xF654,0xF654,0xF654,0xF654,0xF654,0xF654,
    0xF654,0xF654,0xF654,0xF654,0xF654,0xF654,0xF654,0xF654,0xF654,0xF654,0xF654,0xEE12,
    0xEDF2,0xF654,0xF654,0xF654,0xF654,0xF654,0xF654,0xF654,0xF654,0xF654,0xF654,0xF654,
    0xF654,0xF654,0xF654,0xF654,0xF654,0xF654,0xF654,0xF654,0xF654,0xF654,0xF654,0xF654,
    0xF654,0xF654,0xF654,0xF654,0xF654,0xF654,0xF654,0xF654,0xF654,0xF654,0xF654,0xF654,
    0xF654,0xF654,0xF654,0xF654,0xF654,0xF654,0xF654,0xF654,0xF654,0xF654,0xF654,0xF654,
    0xF654,0xF654,0xF654,0xF654,0xF654,0xF654,0xF654,0xF654,0xF654,0xF654,0xF654,0xF654,
    0xF654,0xF654,0xF654,0xF654,0xF654,0xF654,0xF654,0xF654,0xF654,0xF654,0xF654,0xF654,
    0xF654,0xF654,0xF654,0xF654,0xF654,0xF654,0xF633,0xEDF2,0xEE12,0xF654,0xF654,0xF654,
    0xF654,0xF654,0xF654,0xF654,0xF654,0xF654,0xF654,0xF654,0xF654,0xF654,0xF654,0xF654,
    0xF654,0xF654,0xF654,0xF654,0xF654,0xF654,0xF654,0xF654,0xF654,0xF654,0xF654,0xF654,
    0xF654,0xF654,0xF654,0xF654,0xF654,0xF654,0xF654,0xF654,0xF654,0xF654,0xF654,0xF654,
    0xF654,0xF654,0xF654,0xF654,0xF654,0xF654,0xF654,0xF654,0xF654,0xF654,0xF654,0xF654,
    0xF654,0xF654,0xF654,0xF654,0xF654,0xF654,0xF654,0xF654,0xF654,0xF654,0xF654,0xF654,
    0xF654,0xF654,0xF654,0xF654,0xF654,0xF654,0xF654,0xF654,0xF654,0xF654,0xF654,0xF654,
    0xF654,0xF654,0xEE33,0xEDF2,0xEE12,0xF653,0xF654,0xF654,0xF654,0xF654,0xF654,0xF654,
    0xF654,0xF654,0xF654,0xF654,0xF654,0xF654,0xF654,0xF654,0xF654,0xF654,0xF654,0xF654,
    0xF654,0xF654,0xF654,0xF654,0xF654,0xF654,0xF654,0xF654,0xF654,0xF654,0xF654,0xF654,
    0xF654,0xF654,0xF654,0xF654,0xF654,0xF654,0xF654,0xF654,0xF654,0xF654,0xF654,0xF654,
    0xF654,0xF654,0xF654,0xF654,0xF654,0xF654,0xF654,0xF654,0xF654,0xF654,0xF654,0xF654,
    0xF654,0xF654,0xF654,0xF654,0xF654,0xF654,0xF654,0xF654,0xF654,0xF654,0xF654,0xF654,
    0xF654,0xF654,0xF654,0xF654,0xF633,0xEDF2,0xEE12,0xF654,0xF654,0xF654,0xF654,0xF654,
    0xF654,0xF654,0xF654,0xF654,0xF654,0xF654,0xF654,0xF654,0xF654,0xF654,0xF654,0xF654,
    0xF654,0xF654,0xF654,0xF654,0xF654,0xF654,0xF654,0xF654,0xF654,0xF654,0xF654,0xF654,
    0xF654,0xF654,0xF654,0xF654,0xF654,0xF654,0xF654,0xF654,0xF654,0xF654,0xF654,0xF654,
    0xF654,0xF654,0xF654,0xF654,0xF654,0xF654,0xF654,0xF654,0xF654,0xF654,0xF654,0xF654,
    0xF654,0xF654,0xF654,0xF654,0xF654,0xF654,0xF654,0xF654,0xF654,0xF654,0xF654,0xF654,
    0xF654,0xF654,0xF654,0xF654,0xF654,0xF654,0xF654,0xF654,0xF654,0xF654,0xF654,0xF654,
    0xF654,0xF654,0xF654,0xF654,0xF654,0xF654,0xF654,0xEDF2,0xEE12,0xF654,0xF654,0xF654,
    0xF654,0xF654,0xF654,0xF654,0xF654,0xF654,0xF654,0xF654,0xF654,0xF654,0xF654,0xF654,
    0xF654,0xF654,0xF654,0xF654,0xF654,0xF654,0xF654,0xF654,0xF654,0xF654,0xF654,0xF654,
    0xF654,0xF654,0xF654,0xF654,0xF654,0xF654,0xF654,0xF654,0xF654,0xF654,0xF654,0xF654,
    0xF654,0xF654,0xF654,0xF654,0xF654,0xF654,0xF654,0xF654,0xF654,0xF654,0xF654,0xF654,
    0xF654,0xF654,0xF654,0xF654,0xF654,0xF654,0xF654,0xF654,0xF654,0xF654,0xF654,0xF654,
    0xF654,0xF654,0xF654,0xF654,0xF654,0xF654,0xF654,0xF654,0xF654,0xF654,0xF654,0xF654,
    0xF654,0xF654,0xF654,0xEE12,0xEDF2,0xF633,0xF654,0xF654,0xF654,0xF654,0xF654,0xF654,
    0xF654,0xF654,0xF654,0xF654,0xF654,0xF654,0xF654,0xF654,0xF654,0xF654,0xF654,0xF654,
    0xF654,0xF654,0xF654,0xF654,0xF654,0xF654,0xF654,0xF654,0xF654,0xF654,0xF654,0xF654,
    0xF654,0xF654,0xF654,0xF654,0xF654,0xF654,0xF654,0xF654,0xF654,0xF654,0xF654,0xF654,
    0xF654,0xF654,0xF654,0xF654,0xF654,0xF654,0xF654,0xF654,0xF654,0xF654,0xF654,0xF654,
    0xF654,0xF654,0xF654,0xF654,0xF654,0xF654,0xF654,0xF654,0xF654,0xF654,0xF654,0xF654,
    0xF654,0xF654,0xF654,0xF654,0xF654,0xF654,0xF654,0xF654,0xF654,0xF633,0xEDF2,0xEDF2,
    0xF633,0xF654,0xF654,0xF654,0xF654,0xF654,0xF654,0xF654,0xF654,0xF654,0xF654,0xF654,
    0xF654,0xF654,0xF654,0xF654,0xF654,0xF654,0xF654,0xF654,0xF654,0xF654,0xF654,0xF654,
    0xF654,0xF654,0xF654,0xF654,0xF654,0xF654,0xF654,0xF654,0xF654,0xF654,0xF654,0xF654,
    0xF654,0xF654,0xF654,0xF654,0xF654,0xF654,0xF654,0xF654,0xF654,0xF654,0xF654,0xF654,
    0xF654,0xF654,0xF654,0xF654,0xF654,0xF654,0xF654,0xF654,0xF654,0xF654,0xF654,0xF654,
    0xF654,0xF654,0xF654,0xF654,0xF654,0xF654,0xF654,0xF654,0xF654,0xF654,0xF654,0xF654,
    0xEE12,0xEDF2,0xF633,0xF654,0xF654,0xF654,0xF654,0xF654,0xF654,0xF654,0xF654,0xF654,
    0xF654,0xF654,0xF654,0xF654,0xF654,0xF654,0xF654,0xF654,0xF654,0xF654,0xF654,0xF654,
    0xF654,0xF654,0xF654,0xF654,0xF654,0xF654,0xF654,0xF654,0xF654,0xF654,0xF654,0xF654,
    0xF654,0xF654,0xF654,0xF654,0xF654,0xF654,0xF654,0xF654,0xF654,0xF654,0xF654,0xF654,
    0xF654,0xF654,0xF654,0xF654,0xF654,0xF654,0xF654,0xF654,0xF654,0xF654,0xF654,0xF654,
    0xF654,0xF654,0xF654,0xF654,0xF654,0xF654,0xF654,0xF654,0xF654,0xF654,0xF654,0xF654,
    0xF654,0xF654,0xF654,0xF654,0xF654,0xF654,0xF654,0xF654,0xF654,0xF654,0xF654,0xF654,
    0xF654,0xF654,0xF633,0xEDF2,0xEE12,0xF654,0xF654,0xF654,0xF654,0xF654,0xF654,0xF654,
    0xF654,0xF654,0xF654,0xF654,0xF654,0xF654,0xF654,0xF654,0xF654,0xF654,0xF654,0xF654,
    0xF654,0xF654,0xF654,0xF654,0xF654,0xF654,0xF654,0xF654,0xF654,0xF654,0xF654,0xF654,
    0xF654,0xF654,0xF654,0xF654,0xF654,0xF654,0xF654,0xF654,0xF654,0xF654,0xF654,0xF654,
    0xF654,0xF654,0xF654,0xF654,0xF654,0xF654,0xF654,0xF654,0xF654,0xF654,0xF654,0xF654,
    0xF654,0xF654,0xF654,0xF654,0xF654,0xF654,0xF654,0xF654,0xF654,0xF654,0xF654,0xF654,
    0xF654,0xF654,0xF654,0xF654,0xF654,0xF654,0xF654,0xF654,0xF654,0xF654,0xF654,0xEE33,
    0xEDF2,0xEE12,0xF654,0xF654,0xF654,0xF654,0xF654,0xF654,0xF654,0xF654,0xF654,0xF654,
    0xF654,0xF654,0xF654,0xF654,0xF654,0xF654,0xF654,0xF654,0xF654,0xF654,0xF654,0xF654,
    0xF654,0xF654,0xF654,0xF654,0xF654,0xF654,0xF654,0xF654,0xF654,0xF654,0xF654,0xF654,
    0xF654,0xF654,0xF654,0xF654,0xF654,0xF654,0xF654,0xF654,0xF654,0xF654,0xF654,0xF654,
    0xF654,0xF654,0xF654,0xF654,0xF654,0xF654,0xF654,0xF654,0xF654,0xF654,0xF654,0xF654,
    0xF654,0xF654,0xF654,0xF654,0xF654,0xF654,0xF654,0xF654,0xF654,0xF654,0xF654,0xF654,
    0xF654,0xF654,0xF654,0xF654,0xF653,0xEE12,0xEDF2,0xEE13,0xF654,0xF654,0xF654,0xF654,
    0xF654,0xF654,0xF654,0xF654,0xF654,0xF654,0xF654,0xF654,0xF654,0xF654,0xF654,0xF654,
    0xF654,0xF654,0xF654,0xF654,0xF654,0xF654,0xF654,0xF654,0xF654,0xF654,0xF654,0xF654,
    0xF654,0xF654,0xF654,0xF654,0xF654,0xF654,0xF654,0xF654,0xF654,0xF654,0xF654,0xF654,
    0xF654,0xF654,0xF654,0xF654,0xF654,0xF654,0xF654,0xF654,0xF654,0xF654,0xF654,0xF654,
    0xF654,0xF654,0xF654,0xF654,0xF654,0xF654,0xF654,0xF654,0xF654,0xF654,0xF654,0xF654,
    0xF654,0xF654,0xF654,0xF654,0xF654,0xF654,0xF654,0xF653,0xEDF2,0xEDF2,0xF653,0xF654,
    0xF654,0xF654,0xF654,0xF654,0xF654,0xF654,0xF654,0xF654,0xF654,0xF654,0xF654,0xF654,
    0xF654,0xF654,0xF654,0xF654,0xF654,0xF654,0xF654,0xF654,0xF654,0xF654,0xF654,0xF654,
    0xF654,0xF654,0xF654,0xF654,0xF654,0xF654,0xF654,0xF654,0xF654,0xF654,0xF654,0xF654,
    0xF654,0xF654,0xF654,0xF654,0xF654,0xF654,0xEE74,0xE675,0xE675,0xDE95,0xDE96,0xD6B6,
    0xCEB7,0xCEB7,0xCEB7,0xC6D8,0xC6D8,0xC6D8,0xBED8,0xBEF8,0xBEF9,0xBEF9,0xBEF9,0xB6F9,
    0xB6F9,0xB6F9,0xB6F9,0xB719,0xB71A,0xB71A,0xB71A,0xB71A,0xB719,0xB6F9,0xB6F9,0xB6F9,
    0xB6F9,0xBEF9,0xBEF9,0xBEF9,0xBEF8,0xBED8,0xC6D8,0xC6D8,0xC6D8,0xCEB7,0xCEB7,0xCE76,
    0xCE76,0xDE96,0xDE95,0xE675,0xE675,0xEE74,0xF654,0xF654,0xF654,0xF654,0xF654,0xF654,
    0xF654,0xF654,0xF654,0xF654,0xF654,0xF654,0xF654,0xF654,0xF654,0xF654,0xF654,0xF654,
    0xF654,0xF654,0xF654,0xF654,0xF654,0xF654,0xF654,0xF654,0xF654,0xF654,0xF654,0xF654,
    0xF654,0xF654,0xF654,0xF654,0xF654,0xF654,0xF654,0xF654,0xF654,0xF654,0xF654,0xF654,
    0xF654,0xF654,0xF654,0xF654,0xF654,0xF654,0xF654,0xF654,0xF654,0xF654,0xF654,0xF654,
    0xF654,0xF654,0xF654,0xF654,0xF654,0xF654,0xF654,0xF654,0xF654,0xF654,0xF654,0xF654,
    0xF654,0xF654,0xF654,0xF654,0xF654,0xF654,0xF654,0xF653,0xEDF2,0xEDF2,0xF633,0xF654,
    0xF654,0xF654,0xF654,0xF654,0xF654,0xF654,0xF654,0xF654,0xF654,0xF654,0xF654,0xF654,
    0xF654,0xF654,0xF654,0xF654,0xF654,0xF654,0xF654,0xF654,0xF654,0xF654,0xF654,0xF654,
    0xF654,0xF654,0xF654,0xF654,0xF654,0xF654,0xF654,0xF654,0xF654,0xF654,0xF654,0xF654,
    0xF654,0xF654,0xF654,0xF654,0xF654,0xF654,0xF654,0xF654,0xF654,0xF654,0xF654,0xF654,
    0xF654,0xF654,0xF654,0xF654,0xF654,0xF654,0xF654,0xF654,0xF654,0xF654,0xF654,0xF654,
    0xF654,0xF654,0xF654,0xF654,0xF654,0xF654,0xF654,0xF654,0xF654,0xF654,0xF654,0xF654,
    0xEE33,0xEDF2,0xEE12,0xF653,0xF654,0xF654,0xF654,0xF654,0xF654,0xF654,0xF654,0xF654,
    0xF654,0xF654,0xF654,0xF654,0xF654,0xF654,0xF654,0xF654,0xF654,0xF654,0xF654,0xF654,
    0xF654,0xF654,0xF654,0xF654,0xF654,0xF654,0xF654,0xF654,0xF654,0xF654,0xF654,0xF654,
    0xF654,0xF654,0xF654,0xF654,0xF654,0xF654,0xF654,0xF654,0xF654,0xF654,0xF654,0xF654,
    0xF654,0xF654,0xF654,0xF654,0xF654,0xF654,0xF654,0xF654,0xF654,0xF654,0xF654,0xF654,
    0xF654,0xF654,0xF654,0xF654,0xF654,0xF654,0xF654,0xF654,0xF654,0xF654,0xF654,0xF654,
    0xF654,0xF654,0xF654,0xEE13,0xEDF2,0xEE13,0xF654,0xF654,0xF654,0xF654,0xF654,0xF654,
    0xF654,0xF654,0xF654,0xF654,0xF654,0xF654,0xF654,0xF654,0xF654,0xF654,0xF654,0xF654,
    0xF654,0xF654,0xF654,0xF654,0xF654,0xF654,0xF654,0xF654,0xF654,0xF654,0xF654,0xF654,
    0xF654,0xF654,0xF654,0xEE54,0xE675,0xDE75,0xDE96,0xD6B7,0xCED7,0xC6D8,0xBEF9,0xB6F9,
    0xB719,0xB71A,0xB71A,0xB71A,0xB71A,0xB71A,0xB71A,0xB71A,0xB71A,0xB71A,0xB71A,0xB71A,
    0xB71A,0xB71A,0xB71A,0xB71A,0xB71A,0xB71A,0xB71A,0xB71A,0xB71A,0xB71A,0xB71A,0xB71A,
    0xB71A,0xB71A,0xB71A,0xB71A,0xB71A,0xB71A,0xB71A,0xB71A,0xB71A,0xB71A,0xB71A,0xB71A,
    0xB71A,0xB71A,0xB71A,0xB71A,0xB71A,0xB71A,0xAEF9,0xAEF9,0xAEF9,0xB71A,0xB71A,0xB71A,
    0xB71A,0xB71A,0xB71A,0xB6F9,0xB6F9,0xBEF9,0xC6D8,0xCED7,0xD6B7,0xDE96,0xDE75,0xE675,
    0xEE54,0xF654,0xF654,0xF654,0xF654,0xF654,0xF654,0xF654,0xF654,0xF654,0xF654,0xF654,
    0xF654,0xF654,0xF654,0xF654,0xF654,0xF654,0xF654,0xF654,0xF654,0xF654,0xF654,0xF654,
    0xF654,0xF654,0xF654,0xF654,0xF654,0xF654,0xF654,0xF654,0xF654,0xF654,0xF654,0xF654,
    0xF654,0xF654,0xF654,0xF654,0xF654,0xF654,0xF654,0xF654,0xF654,0xF654,0xF654,0xF654,
    0xF654,0xF654,0xF654,0xF654,0xF654,0xF654,0xF654,0xF654,0xF654,0xF654,0xF654,0xF654,
    0xF654,0xF654,0xF654,0xF654,0xEE33,0xEDF2,0xEE13,0xF654,0xF654,0xF654,0xF654,0xF654,
    0xF654,0xF654,0xF654,0xF654,0xF654,0xF654,0xF654,0xF654,0xF654,0xF654,0xF654,0xF654,
    0xF654,0xF654,0xF654,0xF654,0xF654,0xF654,0xF654,0xF654,0xF654,0xF654,0xF654,0xF654,
    0xF654,0xF654,0xF654,0xF654,0xF654,0xF654,0xF654,0xF654,0xF654,0xF654,0xF654,0xF654,
    0xF654,0xF654,0xF654,0xF654,0xF654,0xF654,0xF654,0xF654,0xF654,0xF654,0xF654,0xF654,
    0xF654,0xF654,0xF654,0xF654,0xF654,0xF654,0xF654,0xF654,0xF654,0xF654,0xF654,0xF654,
    0xF654,0xF654,0xF654,0xF654,0xF654,0xF654,0xF654,0xF633,0xEDF2,0xEDF2,0xF633,0xF654,
    0xF654,0xF654,0xF654,0xF654,0xF654,0xF654,0xF654,0xF654,0xF654,0xF654,0xF654,0xF654,
    0xF654,0xF654,0xF654,0xF654,0xF654,0xF654,0xF654,0xF654,0xF654,0xF654,0xF654,0xF654,
    0xF654,0xF654,0xF654,0xF654,0xF654,0xF654,0xF654,0xF654,0xF654,0xF654,0xF654,0xF654,
    0xF654,0xF654,0xF654,0xF654,0xF654,0xF654,0xF654,0xF654,0xF654,0xF654,0xF654,0xF654,
    0xF654,0xF654,0xF654,0xF654,0xF654,0xF654,0xF654,0xF654,0xF654,0xF654,0xF654,0xF654,
    0xF654,0xF654,0xF654,0xF654,0xF654,0xF654,0xF654,0xF654,0xF654,0xF654,0xF653,0xEDF2,
    0xEDF2,0xF633,0xF654,0xF654,0xF654,0xF654,0xF654,0xF654,0xF654,0xF654,0xF654,0xF654,
    0xF654,0xF654,0xF654,0xF654,0xF654,0xF654,0xF654,0xF654,0xF654,0xF654,0xF654,0xF654,
    0xF654,0xF654,0xF654,0xF654,0xE675,0xDE96,0xD6B6,0xCEB7,0xC6D8,0xBEF9,0xB71A,0xB71A,
    0xB71A,0xB71A,0xB71A,0xB71A,0xB71A,0xB71A,0xB71A,0xB71A,0xB71A,0xB71A,0xB71A,0xB71A,
    0xB71A,0xB71A,0xB71A,0xB71A,0xB71A,0xB71A,0xB71A,0xB71A,0xB71A,0xB71A,0xB71A,0xB71A,
    0xB71A,0xB71A,0xB71A,0xB71A,0xB71A,0xB71A,0xB71A,0xB71A,0xB71A,0xB71A,0xB71A,0xB71A,
    0xB71A,0xB71A,0xB71A,0xB71A,0xB71A,0xB71A,0xB71A,0xB71A,0xB71A,0xB71A,0xB71A,0xB71A,
    0xB71A,0xB71A,0xAEF9,0xAEF9,0xAEF9,0xB71A,0xB71A,0xB71A,0xB71A,0xB71A,0xB71A,0xB71A,
    0xB71A,0xB71A,0xB71A,0xB71A,0xB71A,0xB71A,0xB71A,0xB71A,0xB71A,0xB71A,0xBEF9,0xC6D8,
    0xCEB7,0xD6B6,0xDE96,0xE675,0xF654,0xF654,0xF654,0xF654,0xF654,0xF654,0xF654,0xF654,
    0xF654,0xF654,0xF654,0xF654,0xF654,0xF654,0xF654,0xF654,0xF654,0xF654,0xF654,0xF654,
    0xF654,0xF654,0xF654,0xF654,0xF654,0xF654,0xF654,0xF654,0xF654,0xF654,0xF654,0xF654,
    0xF654,0xF654,0xF654,0xF654,0xF654,0xF654,0xF654,0xF654,0xF654,0xF654,0xF654,0xF654,
    0xF654,0xF654,0xF654,0xF654,0xF654,0xF654,0xF654,0xF654,0xF654,0xF654,0xF654,0xF654,
    0xF653,0xEDF2,0xEDF2,0xF653,0xF654,0xF654,0xF654,0xF654,0xF654,0xF654,0xF654,0xF654,
    0xF654,0xF654,0xF654,0xF654,0xF654,0xF654,0xF654,0xF654,0xF654,0xF654,0xF654,0xF654,
    0xF654,0xF654,0xF654,0xF654,0xF654,0xF654,0xF654,0xF654,0xF654,0xF654,0xF654,0xF654,
    0xF654,0xF654,0xF654,0xF654,0xF654,0xF654,0xF654,0xF654,0xF654,0xF654,0xF654,0xF654,
    0xF654,0xF654,0xF654,0xF654,0xF654,0xF654,0xF654,0xF654,0xF654,0xF654,0xF654,0xF654,
    0xF654,0xF654,0xF654,0xF654,0xF654,0xF654,0xF654,0xF654,0xF654,0xF654,0xF654,0xF654,
    0xF654,0xF654,0xF653,0xEE12,0xEDF2,0xEE13,0xF654,0xF654,0xF654,0xF654,0xF654,0xF654,
    0xF654,0xF654,0xF654,0xF654,0xF654,0xF654,0xF654,0xF654,0xF654,0xF654,0xF654,0xF654,
    0xF654,0xF654,0xF654,0xF654,0xF654,0xF654,0xF654,0xF654,0xF654,0xF654,0xF654,0xF654,
    0xF654,0xF654,0xF654,0xF654,0xF654,0xF654,0xF654,0xF654,0xF654,0xF654,0xF654,0xF654,
    0xF654,0xF654,0xF654,0xF654,0xF654,0xF654,0xF654,0xF654,0xF654,0xF654,0xF654,0xF654,
    0xF654,0xF654,0xF654,0xF654,0xF654,0xF654,0xF654,0xF654,0xF654,0xF654,0xF654,0xF654,
    0xF654,0xF654,0xF654,0xF654,0xF654,0xF654,0xEE33,0xEDF2,0xEE13,0xF654,0xF654,0xF654,
    0xF654,0xF654,0xF654,0xF654,0xF654,0xF654,0xF654,0xF654,0xF654,0xF654,0xF654,0xF654,
    0xF654,0xF654,0xF654,0xF654,0xF654,0xEE54,0xE695,0xD696,0xCEB7,0xC6D8,0xB6F9,0xB71A,
    0xB71A,0xB71A,0xB71A,0xB71A,0xB71A,0xB71A,0xB71A,0xB71A,0xB71A,0xB71A,0xB71A,0xB71A,
    0xB71A,0xB71A,0xB71A,0xB71A,0xB71A,0xB71A,0xB71A,0xB71A,0xB71A,0xB71A,0xB71A,0xB71A,
    0xB71A,0xB71A,0xB71A,0xB71A,0xB71A,0xB71A,0xB71A,0xB71A,0xB71A,0xB71A,0xB71A,0xB71A,
    0xB71A,0xB71A,0xB71A,0xB71A,0xB71A,0xB71A,0xB71A,0xB71A,0xB71A,0xB71A,0xB71A,0xB71A,
    0xB71A,0xB71A,0xB71A,0xB71A,0xB71A,0xB71A,0xB71A,0xB71A,0xB71A,0xB71A,0xAEF9,0xAEF9,
    0xAEF9,0xB71A,0xB71A,0xB71A,0xB71A,0xB71A,0xB71A,0xB71A,0xB71A,0xB71A,0xB71A,0xB71A,
    0xB71A,0xB71A,0xB71A,0xB71A,0xB71A,0xB71A,0xB71A,0xB71A,0xB71A,0xB71A,0xB71A,0xB71A,
    0xB71A,0xB6F9,0xC6D8,0xCEB7,0xD696,0xE675,0xEE54,0xF654,0xF654,0xF654,0xF654,0xF654,
    0xF654,0xF654,0xF654,0xF654,0xF654,0xF654,0xF654,0xF654,0xF654,0xF654,0xF654,0xF654,
    0xF654,0xF654,0xF654,0xF654,0xF654,0xF654,0xF654,0xF654,0xF654,0xF654,0xF654,0xF654,
    0xF654,0xF654,0xF654,0xF654,0xF654,0xF654,0xF654,0xF654,0xF654,0xF654,0xF654,0xF654,
    0xF654,0xF654,0xF654,0xF654,0xF654,0xF654,0xF654,0xF654,0xF654,0xEE13,0xEDF2,0xEE33,
    0xF654,0xF654,0xF654,0xF654,0xF654,0xF654,0xF654,0xF654,0xF654,0xF654,0xF654,0xF654,
    0xF654,0xF654,0xF654,0xF654,0xF654,0xF654,0xF654,0xF654,0xF654,0xF654,0xF654,0xF654,
    0xF654,0xF654,0xF654,0xF654,0xF654,0xF654,0xF654,0xF654,0xF654,0xF654,0xF654,0xF654,
    0xF654,0xF654,0xF654,0xF654,0xF654,0xF654,0xF654,0xF654,0xF654,0xF654,0xF654,0xF654,
    0xF654,0xF654,0xF654,0xF654,0xF654,0xF654,0xF654,0xF654,0xF654,0xF654,0xF654,0xF654,
    0xF654,0xF654,0xF654,0xF654,0xF654,0xF654,0xF654,0xF654,0xF654,0xF654,0xEE33,0xEDF2,
    0xEE12,0xF653,0xF654,0xF654,0xF654,0xF654,0xF654,0xF654,0xF654,0xF654,0xF654,0xF654,
    0xF654,0xF654,0xF654,0xF654,0xF654,0xF654,0xF654,0xF654,0xF654,0xF654,0xF654,0xF654,
    0xF654,0xF654,0xF654,0xF654,0xF654,0xF654,0xF654,0xF654,0xF654,0xF654,0xF654,0xF654,
    0xF654,0xF654,0xF654,0xF654,0xF654,0xF654,0xF654,0xF654,0xF654,0xF654,0xF654,0xF654,
    0xF654,0xF654,0xF654,0xF654,0xF654,0xF654,0xF654,0xF654,0xF654,0xF654,0xF654,0xF654,
    0xF654,0xF654,0xF654,0xF654,0xF654,0xF654,0xF654,0xF654,0xF654,0xF654,0xF654,0xF654,
    0xF654,0xF654,0xEDF2,0xEDF2,0xF633,0xF654,0xF654,0xF654,0xF654,0xF654,0xF654,0xF654,
    0xF654,0xF654,0xF654,0xF654,0xF654,0xF654,0xF654,0xF654,0xEE74,0xDE96,0xCEB7,0xC6D8,
    0xB6F9,0xB71A,0xB71A,0xB71A,0xB71A,0xB71A,0xB71A,0xB71A,0xB71A,0xB71A,0xB71A,0xB71A,
    0xB71A,0xB71A,0xB71A,0xB71A,0xB71A,0xB71A,0xB71A,0xB71A,0xB71A,0xB71A,0xB71A,0xB71A,
    0xB71A,0xB71A,0xB71A,0xB71A,0xB71A,0xB71A,0xB71A,0xB71A,0xB71A,0xB71A,0xB71A,0xB71A,
    0xB71A,0xB71A,0xB71A,0xB71A,0xB71A,0xB71A,0xB71A,0xB71A,0xB71A,0xB71A,0xB71A,0xB71A,
    0xB71A,0xB71A,0xB71A,0xB71A,0xB71A,0xB71A,0xB71A,0xB71A,0xB71A,0xB71A,0xB71A,0xB71A,
    0xB71A,0xB71A,0xB71A,0xB71A,0xB71A,0xB71A,0xAEF9,0xAEF9,0xAF19,0xB71A,0xB71A,0xB71A,
    0xB71A,0xB71A,0xB71A,0xB71A,0xB71A,0xB71A,0xB71A,0xB71A,0xB71A,0xB71A,0xB71A,0xB71A,
    0xB71A,0xB71A,0xB71A,0xB71A,0xB71A,0xB71A,0xB71A,0xB71A,0xB71A,0xB71A,0xB71A,0xB71A,
    0xB71A,0xB71A,0xB71A,0xB6F9,0xC6D8,0xCEB7,0xDE96,0xEE74,0xF654,0xF654,0xF654,0xF654,
    0xF654,0xF654,0xF654,0xF654,0xF654,0xF654,0xF654,0xF654,0xF654,0xF654,0xF654,0xF654,
    0xF654,0xF654,0xF654,0xF654,0xF654,0xF654,0xF654,0xF654,0xF654,0xF654,0xF654,0xF654,
    0xF654,0xF654,0xF654,0xF654,0xF654,0xF654,0xF654,0xF654,0xF654,0xF654,0xF654,0xF654,
    0xF654,0xF654,0xF654,0xF654,0xF654,0xF633,0xEDF2,0xEDF2,0xF654,0xF654,0xF654,0xF654,
    0xF654,0xF654,0xF654,0xF654,0xF654,0xF654,0xF654,0xF654,0xF654,0xF654,0xF654,0xF654,
    0xF654,0xF654,0xF654,0xF654,0xF654,0xF654,0xF654,0xF654,0xF654,0xF654,0xF654,0xF654,
    0xF654,0xF654,0xF654,0xF654,0xF654,0xF654,0xF654,0xF654,0xF654,0xF654,0xF654,0xF654,
    0xF654,0xF654,0xF654,0xF654,0xF654,0xF654,0xF654,0xF654,0xF654,0xF654,0xF654,0xF654,
    0xF654,0xF654,0xF654,0xF654,0xF654,0xF654,0xF654,0xF654,0xF654,0xF654,0xF654,0xF654,
    0xF654,0xF654,0xF654,0xF654,0xF654,0xF633,0xEDF2,0xEDF2,0xF633,0xF654,0xF654,0xF654,
    0xF654,0xF654,0xF654,0xF654,0xF654,0xF654,0xF654,0xF654,0xF654,0xF654,0xF654,0xF654,
    0xF654,0xF654,0xF654,0xF654,0xF654,0xF654,0xF654,0xF654,0xF654,0xF654,0xF654,0xF654,
    0xF654,0xF654,0xF654,0xF654,0xF654,0xF654,0xF654,0xF654,0xF654,0xF654,0xF654,0xF654,
    0xF654,0xF654,0xF654,0xF654,0xF654,0xF654,0xF654,0xF654,0xF654,0xF654,0xF654,0xF654,
    0xF654,0xF654,0xF654,0xF654,0xF654,0xF654,0xF654,0xF654,0xF654,0xF654,0xF654,0xF654,
    0xF654,0xF654,0xF654,0xF654,0xF654,0xF654,0xF654,0xF654,0xF654,0xF633,0xEDF2,0xEE12,
    0xF654,0xF654,0xF654,0xF654,0xF654,0xF654,0xF654,0xF654,0xF654,0xF654,0xF654,0xEE54,
    0xE695,0xD6B7,0xC6D8,0xB6F9,0xB71A,0xB71A,0xB71A,0xB71A,0xB71A,0xB71A,0xB71A,0xB71A,
    0xB71A,0xB71A,0xB71A,0xB71A,0xB71A,0xB71A,0xB71A,0xB71A,0xB71A,0xB71A,0xB71A,0xB71A,
    0xB71A,0xB71A,0xB71A,0xB71A,0xB71A,0xB71A,0xB71A,0xB71A,0xB71A,0xB71A,0xB71A,0xB71A,
    0xB71A,0xB71A,0xB71A,0xB71A,0xB71A,0xB71A,0xB71A,0xB71A,0xB71A,0xB71A,0xB71A,0xB71A,
    0xB71A,0xB71A,0xB71A,0xB71A,0xB71A,0xB71A,0xB71A,0xB71A,0xB71A,0xB71A,0xB71A,0xB71A,
    0xB71A,0xB71A,0xB71A,0xB71A,0xB71A,0xB71A,0xB71A,0xB71A,0xB71A,0xB71A,0xB71A,0xB71A,
    0xB71A,0xB71A,0xAEF9,0xAEF9,0xAF1A,0xB71A,0xB71A,0xB71A,0xB71A,0xB71A,0xB71A,0xB71A,
    0xB71A,0xB71A,0xB71A,0xB71A,0xB71A,0xB71A,0xB71A,0xB71A,0xB71A,0xB71A,0xB71A,0xB71A,
    0xB71A,0xB71A,0xB71A,0xB71A,0xB71A,0xB71A,0xB71A,0xB71A,0xB71A,0xB71A,0xB71A,0xB71A,
    0xB71A,0xB71A,0xB71A,0xB71A,0xB6F9,0xC6D8,0xD6B7,0xE695,0xEE54,0xF654,0xF654,0xF654,
    0xF654,0xF654,0xF654,0xF654,0xF654,0xF654,0xF654,0xF654,0xF654,0xF654,0xF654,0xF654,
    0xF654,0xF654,0xF654,0xF654,0xF654,0xF654,0xF654,0xF654,0xF654,0xF654,0xF654,0xF654,
    0xF654,0xF654,0xF654,0xF654,0xF654,0xF654,0xF654,0xF654,0xF654,0xF654,0xF654,0xF654,
    0xF654,0xF654,0xEE12,0xEDF2,0xEE33,0xF654,0xF654,0xF654,0xF654,0xF654,0xF654,0xF654,
    0xF654,0xF654,0xF654,0xF654,0xF654,0xF654,0xF654,0xF654,0xF654,0xF654,0xF654,0xF654,
    0xF654,0xF654,0xF654,0xF654,0xF654,0xF654,0xF654,0xF654,0xF654,0xF654,0xF654,0xF654,
    0xF654,0xF654,0xF654,0xF654,0xF654,0xF654,0xF654,0xF654,0xF654,0xF654,0xF654,0xF654,
    0xF654,0xF654,0xF654,0xF654,0xF654,0xF654,0xF654,0xF654,0xF654,0xF654,0xF654,0xF654,
    0xF654,0xF654,0xF654,0xF654,0xF654,0xF654,0xF654,0xF654,0xF654,0xF654,0xF654,0xF654,
    0xF653,0xEE12,0xEDF2,0xEE13,0xF654,0xF654,0xF654,0xF654,0xF654,0xF654,0xF654,0xF654,
    0xF654,0xF654,0xF654,0xF654,0xF654,0xF654,0xF654,0xF654,0xF654,0xF654,0xF654,0xF654,
    0xF654,0xF654,0xF654,0xF654,0xF654,0xF654,0xF654,0xF654,0xF654,0xF654,0xF654,0xF654,
    0xF654,0xF654,0xF654,0xF654,0xF654,0xF654,0xF654,0xF654,0xF654,0xF654,0xF654,0xF654,
    0xF654,0xF654,0xF654,0xF654,0xF654,0xF654,0xF654,0xF654,0xF654,0xF654,0xF654,0xF654,
    0xF654,0xF654,0xF654,0xF654,0xF654,0xF654,0xF654,0xF654,0xF654,0xF654,0xF654,0xF654,
    0xF654,0xF654,0xF654,0xF654,0xF654,0xEE12,0xEDF2,0xF633,0xF654,0xF654,0xF654,0xF654,
    0xF654,0xF654,0xF654,0xEE54,0xE675,0xCEB7,0xBEF8,0xB719,0xB71A,0xB71A,0xB71A,0xB71A,
    0xB71A,0xB71A,0xB71A,0xB71A,0xB71A,0xB71A,0xB71A,0xB71A,0xB71A,0xB71A,0xB71A,0xB71A,
    0xB71A,0xB71A,0xB71A,0xB71A,0xB71A,0xB71A,0xB71A,0xB71A,0xB71A,0xB71A,0xB71A,0xB71A,
    0xB71A,0xB71A,0xB71A,0xB71A,0xB71A,0xB71A,0xB71A,0xB71A,0xB71A,0xB71A,0xB71A,0xB71A,
    0xB71A,0xB71A,0xB71A,0xB71A,0xB71A,0xB71A,0xB71A,0xB71A,0xB71A,0xB71A,0xB71A,0xB71A,
    0xB71A,0xB71A,0xB71A,0xB71A,0xB71A,0xB71A,0xB71A,0xB71A,0xB71A,0xB71A,0xB71A,0xB71A,
    0xB71A,0xB71A,0xB71A,0xB71A,0xB71A,0xB71A,0xB71A,0xB71A,0xB71A,0xB71A,0xAEF9,0xAEF9,
    0xAF1A,0xB71A,0xB71A,0xB71A,0xB71A,0xB71A,0xB71A,0xB71A,0xB71A,0xB71A,0xB71A,0xB71A,
    0xB71A,0xB71A,0xB71A,0xB71A,0xB71A,0xB71A,0xB71A,0xB71A,0xB71A,0xB71A,0xB71A,0xB71A,
    0xB71A,0xB71A,0xB71A,0xB71A,0xB71A,0xB71A,0xB71A,0xB71A,0xB71A,0xB71A,0xB71A,0xB71A,
    0xB71A,0xB71A,0xB71A,0xB71A,0xB71A,0xBEF9,0xCEB7,0xDE95,0xEE54,0xF654,0xF654,0xF654,
    0xF654,0xF654,0xF654,0xF654,0xF654,0xF654,0xF654,0xF654,0xF654,0xF654,0xF654,0xF654,
    0xF654,0xF654,0xF654,0xF654,0xF654,0xF654,0xF654,0xF654,0xF654,0xF654,0xF654,0xF654,
    0xF654,0xF654,0xF654,0xF654,0xF654,0xF654,0xF654,0xF654,0xF654,0xF654,0xF633,0xEDF2,
    0xEE12,0xF654,0xF654,0xF654,0xF654,0xF654,0xF654,0xF654,0xF654,0xF654,0xF654,0xF654,
    0xF654,0xF654,0xF654,0xF654,0xF654,0xF654,0xF654,0xF654,0xF654,0xF654,0xF654,0xF654,
    0xF654,0xF654,0xF654,0xF654,0xF654,0xF654,0xF654,0xF654,0xF654,0xF654,0xF654,0xF654,
    0xF654,0xF654,0xF654,0xF654,0xF654,0xF654,0xF654,0xF654,0xF654,0xF654,0xF654,0xF654,
    0xF654,0xF654,0xF654,0xF654,0xF654,0xF654,0xF654,0xF654,0xF654,0xF654,0xF654,0xF654,
    0xF654,0xF654,0xF654,0xF654,0xF654,0xF654,0xF654,0xF654,0xEE33,0xEDF2,0xEE12,0xF653,
    0xF654,0xF654,0xF654,0xF654,0xF654,0xF654,0xF654,0xF654,0xF654,0xF654,0xF654,0xF654,
    0xF654,0xF654,0xF654,0xF654,0xF654,0xF654,0xF654,0xF654,0xF654,0xF654,0xF654,0xF654,
    0xF654,0xF654,0xF654,0xF654,0xF654,0xF654,0xF654,0xF654,0xF654,0xF654,0xF654,0xF654,
    0xF654,0xF654,0xF654,0xF654,0xF654,0xF654,0xF654,0xF654,0xF654,0xF654,0xF654,0xF654,
    0xF654,0xF654,0xF654,0xF654,0xF654,0xF654,0xF654,0xF654,0xF654,0xF654,0xF654,0xF654,
    0xF654,0xF654,0xF654,0xF654,0xF654,0xF654,0xF654,0xF654,0xF654,0xF654,0xF654,0xF654,
    0xF633,0xEDF2,0xEE12,0xF654,0xF654,0xF654,0xF654,0xF654,0xE675,0xCEB7,0xBED8,0xB719,
    0xB71A,0xB71A,0xB71A,0xB71A,0xB71A,0xB71A,0xB71A,0xB71A,0xB71A,0xB71A,0xB71A,0xB71A,
    0xB71A,0xB71A,0xB71A,0xB71A,0xB71A,0xB71A,0xB71A,0xB71A,0xB71A,0xB71A,0xB71A,0xB71A,
    0xB71A,0xB71A,0xB71A,0xB71A,0xB71A,0xB71A,0xB71A,0xB71A,0xB71A,0xB71A,0xB71A,0xB71A,
    0xB71A,0xB71A,0xB71A,0xB71A,0xB71A,0xB71A,0xB71A,0xB71A,0xB71A,0xB71A,0xB71A,0xB71A,
    0xB71A,0xB71A,0xB71A,0xB71A,0xB71A,0xB71A,0xB71A,0xB71A,0xB71A,0xB71A,0xB71A,0xB71A,
    0xB71A,0xB71A,0xB71A,0xB71A,0xB71A,0xB71A,0xB71A,0xB71A,0xB71A,0xB71A,0xB71A,0xB71A,
    0xB71A,0xB71A,0xB71A,0xB71A,0xB71A,0xAF1A,0xAEF9,0xAEF9,0xB71A,0xB71A,0xB71A,0xB71A,
    0xB71A,0xB71A,0xB71A,0xB71A,0xB71A,0xB71A,0xB71A,0xB71A,0xB71A,0xB71A,0xB71A,0xB71A,
    0xB71A,0xB71A,0xB71A,0xB71A,0xB71A,0xB71A,0xB71A,0xB71A,0xB71A,0xB71A,0xB71A,0xB71A,
    0xB71A,0xB71A,0xB71A,0xB71A,0xB71A,0xB71A,0xB71A,0xB71A,0xB71A,0xB71A,0xB71A,0xB71A,
    0xB71A,0xB71A,0xB71A,0xB71A,0xB719,0xBED8,0xCEB7,0xE695,0xF654,0xF654,0xF654,0xF654,
    0xF654,0xF654,0xF654,0xF654,0xF654,0xF654,0xF654,0xF654,0xF654,0xF654,0xF654,0xF654,
    0xF654,0xF654,0xF654,0xF654,0xF654,0xF654,0xF654,0xF654,0xF654,0xF654,0xF654,0xF654,
    0xF654,0xF654,0xF654,0xF654,0xF654,0xF654,0xF654,0xEE12,0xEDF2,0xF633,0xF654,0xF654,
    0xF654,0xF654,0xF654,0xF654,0xF654,0xF654,0xF654,0xF654,0xF654,0xF654,0xF654,0xF654,
    0xF654,0xF654,0xF654,0xF654,0xF654,0xF654,0xF654,0xF654,0xF654,0xF654,0xF654,0xF654,
    0xF654,0xF654,0xF654,0xF654,0xF654,0xF654,0xF654,0xF654,0xF654,0xF654,0xF654,0xF654,
    0xF654,0xF654,0xF654,0xF654,0xF654,0xF654,0xF654,0xF654,0xF654,0xF654,0xF654,0xF654,
    0xF654,0xF654,0xF654,0xF654,0xF654,0xF654,0xF654,0xF654,0xF654,0xF654,0xF654,0xF654,
    0xF654,0xF654,0xF654,0xF633,0xEDF2,0xEDF2,0xF633,0xF654,0xF654,0xF654,0xF654,0xF654,
    0xF654,0xF654,0xF654,0xF654,0xF654,0xF654,0xF654,0xF654,0xF654,0xF654,0xF654,0xF654,
    0xF654,0xF654,0xF654,0xF654,0xF654,0xF654,0xF654,0xF654,0xF654,0xF654,0xF654,0xF654,
    0xF654,0xF654,0xF654,0xF654,0xF654,0xF654,0xF654,0xF654,0xF654,0xF654,0xF654,0xF654,
    0xF654,0xF654,0xF654,0xF654,0xF654,0xF654,0xF654,0xF654,0xF654,0xF654,0xF654,0xF654,
    0xF654,0xF654,0xF654,0xF654,0xF654,0xF654,0xF654,0xF654,0xF654,0xF654,0xF654,0xF654,
    0xF654,0xF654,0xF654,0xF654,0xF654,0xF654,0xF654,0xF654,0xEE12,0xEDF2,0xF633,0xF654,
    0xF654,0xDE75,0xCEB7,0xB6F9,0xB71A,0xB71A,0xB71A,0xB71A,0xB71A,0xB71A,0xB71A,0xB71A,
    0xB71A,0xB71A,0xB71A,0xB71A,0xB71A,0xB71A,0xB71A,0xB71A,0xB71A,0xB71A,0xB71A,0xB71A,
    0xB71A,0xB71A,0xB71A,0xB71A,0xB71A,0xB71A,0xB71A,0xB71A,0xB71A,0xB71A,0xB71A,0xB71A,
    0xB71A,0xB71A,0xB71A,0xB71A,0xB71A,0xB71A,0xB71A,0xB71A,0xB71A,0xB71A,0xB71A,0xAF1A,
    0xAEFA,0xAEFA,0xA6F9,0xA6F9,0xA6FA,0xA6F9,0x9EF9,0x9EF9,0x9EF9,0x96F9,0x96F9,0x96D9,
    0x96D9,0x96D9,0x96D9,0x96D9,0x96D9,0x96D9,0x96D9,0x8ED9,0x8ED9,0x8ED9,0x8ED9,0x8ED9,
    0x8ED9,0x96D9,0x96D9,0x96D9,0x96D9,0x96D9,0x96D9,0x96D9,0x96D9,0x96F9,0x9EF9,0x9EF9,
    0x9EF9,0x9EF9,0x9ED9,0xA6F9,0xA6F9,0xA6F9,0xAEFA,0xAEF9,0xAF1A,0xB71A,0xB71A,0xB71A,
    0xB71A,0xB71A,0xB71A,0xB71A,0xB71A,0xB71A,0xB71A,0xB71A,0xB71A,0xB71A,0xB71A,0xB71A,
    0xB71A,0xB71A,0xB71A,0xB71A,0xB71A,0xB71A,0xB71A,0xB71A,0xB71A,0xB71A,0xB71A,0xB71A,
    0xB71A,0xB71A,0xB71A,0xB71A,0xB71A,0xB71A,0xB71A,0xB71A,0xB71A,0xB71A,0xB71A,0xB71A,
    0xB71A,0xB71A,0xB71A,0xB71A,0xB6F9,0xC6D8,0xDE96,0xEE54,0xF654,0xF654,0xF654,0xF654,
    0xF654,0xF654,0xF654,0xF654,0xF654,0xF654,0xF654,0xF654,0xF654,0xF654,0xF654,0xF654,
    0xF654,0xF654,0xF654,0xF654,0xF654,0xF654,0xF654,0xF654,0xF654,0xF654,0xF654,0xF654,
    0xF654,0xF654,0xF654,0xEE33,0xEDF2,0xEE12,0xF654,0xF654,0xF654,0xF654,0xF654,0xF654,
    0xF654,0xF654,0xF654,0xF654,0xF654,0xF654,0xF654,0xF654,0xF654,0xF654,0xF654,0xF654,
    0xF654,0xF654,0xF654,0xF654,0xF654,0xF654,0xF654,0xF654,0xF654,0xF654,0xF654,0xF654,
    0xF654,0xF654,0xF654,0xF654,0xF654,0xF654,0xF654,0xF654,0xF654,0xF654,0xF654,0xF654,
    0xF654,0xF654,0xF654,0xF654,0xF654,0xF654,0xF654,0xF654,0xF654,0xF654,0xF654,0xF654,
    0xF654,0xF654,0xF654,0xF654,0xF654,0xF654,0xF654,0xF654,0xF654,0xF654,0xF653,0xEE12,
    0xEDF2,0xEE13,0xF654,0xF654,0xF654,0xF654,0xF654,0xF654,0xF654,0xF654,0xF654,0xF654,
    0xF654,0xF654,0xF654,0xF654,0xF654,0xF654,0xF654,0xF654,0xF654,0xF654,0xF654,0xF654,
    0xF654,0xF654,0xF654,0xF654,0xF654,0xF654,0xF654,0xF654,0xF654,0xF654,0xF654,0xF654,
    0xF654,0xF654,0xF654,0xF654,0xF654,0xF654,0xF654,0xF654,0xF654,0xF654,0xF654,0xF654,
    0xF654,0xF654,0xF654,0xF654,0xF654,0xF654,0xF654,0xF654,0xF654,0xF654,0xF654,0xF654,
    0xF654,0xF654,0xF654,0xF654,0xF654,0xF654,0xF654,0xF654,0xF654,0xF654,0xF654,0xF654,
    0xF654,0xF654,0xF654,0xF653,0xEDF2,0xEE12,0xDE96,0xC6D8,0xB719,0xB71A,0xB71A,0xB71A,
    0xB71A,0xB71A,0xB71A,0xB71A,0xB71A,0xB71A,0xB71A,0xB71A,0xB71A,0xB71A,0xB71A,0xB71A,
    0xB71A,0xB71A,0xB71A,0xB71A,0xB71A,0xB71A,0xB71A,0xB71A,0xB71A,0xB71A,0xB71A,0xB71A,
    0xB71A,0xB71A,0xB71A,0xB71A,0xB71A,0xB71A,0xB71A,0xB71A,0xB71A,0xB71A,0xAEFA,0xAEF9,
    0xA6F9,0xA6F9,0x9EF9,0x9EF9,0x96F9,0x96D9,0x96D9,0x8ED9,0x8ED9,0x8ED9,0x8ED9,0x8ED9,
    0x8ED9,0x8ED9,0x8ED9,0x8ED9,0x8ED9,0x8ED9,0x8ED9,0x8ED9,0x8ED9,0x8ED9,0x8ED9,0x8ED9,
    0x8ED9,0x8ED9,0x8ED9,0x8ED9,0x8ED9,0x8ED9,0x8ED9,0x8ED9,0x8ED9,0x8ED9,0x8ED9,0x8ED9,
    0x8ED9,0x8ED9,0x8ED9,0x8ED9,0x8ED9,0x8ED9,0x8ED9,0x8ED9,0x8ED9,0x8ED9,0x8ED9,0x8ED9,
    0x8ED9,0x8ED9,0x8ED9,0x8ED9,0x8ED9,0x96D9,0x96D9,0x96D9,0x9EF9,0x9EF9,0xA6F9,0xA6F9,
    0xAEF9,0xAF1A,0xB71A,0xB71A,0xB71A,0xB71A,0xB71A,0xB71A,0xB71A,0xB71A,0xB71A,0xB71A,
    0xB71A,0xB71A,0xB71A,0xB71A,0xB71A,0xB71A,0xB71A,0xB71A,0xB71A,0xB71A,0xB71A,0xB71A,
    0xB71A,0xB71A,0xB71A,0xB71A,0xB71A,0xB71A,0xB71A,0xB71A,0xB71A,0xB71A,0xB71A,0xB71A,
    0xB71A,0xB71A,0xB71A,0xB719,0xC6D8,0xDE96,0xF654,0xF654,0xF654,0xF654,0xF654,0xF654,
    0xF654,0xF654,0xF654,0xF654,0xF654,0xF654,0xF654,0xF654,0xF654,0xF654,0xF654,0xF654,
    0xF654,0xF654,0xF654,0xF654,0xF654,0xF654,0xF654,0xF654,0xF654,0xF654,0xF654,0xF653,
    0xEDF2,0xEDF2,0xF633,0xF654,0xF654,0xF654,0xF654,0xF654,0xF654,0xF654,0xF654,0xF654,
    0xF654,0xF654,0xF654,0xF654,0xF654,0xF654,0xF654,0xF654,0xF654,0xF654,0xF654,0xF654,
    0xF654,0xF654,0xF654,0xF654,0xF654,0xF654,0xF654,0xF654,0xF654,0xF654,0xF654,0xF654,
    0xF654,0xF654,0xF654,0xF654,0xF654,0xF654,0xF654,0xF654,0xF654,0xF654,0xF654,0xF654,
    0xF654,0xF654,0xF654,0xF654,0xF654,0xF654,0xF654,0xF654,0xF654,0xF654,0xF654,0xF654,
    0xF654,0xF654,0xF654,0xF654,0xF654,0xF654,0xEE33,0xEDF2,0xEE12,0xF653,0xF654,0xF654,
    0xF654,0xF654,0xF654,0xF654,0xF654,0xF654,0xF654,0xF654,0xF654,0xF654,0xF654,0xF654,
    0xF654,0xF654,0xF654,0xF654,0xF654,0xF654,0xF654,0xF654,0xF654,0xF654,0xF654,0xF654,
    0xF654,0xF654,0xF654,0xF654,0xF654,0xF654,0xF654,0xF654,0xF654,0xF654,0xF654,0xF654,
    0xF654,0xF654,0xF654,0xF654,0xF654,0xF654,0xF654,0xF654,0xF654,0xF654,0xF654,0xF654,
    0xF654,0xF654,0xF654,0xF654,0xF654,0xF654,0xF654,0xF654,0xF654,0xF654,0xF654,0xF654,
    0xF654,0xF654,0xF654,0xF654,0xF654,0xF654,0xF654,0xF654,0xF654,0xF654,0xF654,0xE654,
    0xC696,0xB6F9,0xB71A,0xB71A,0xB71A,0xB71A,0xB71A,0xB71A,0xB71A,0xB71A,0xB71A,0xB71A,
    0xB71A,0xB71A,0xB71A,0xB71A,0xB71A,0xB71A,0xB71A,0xB71A,0xB71A,0xB71A,0xB71A,0xB71A,
    0xB71A,0xB71A,0xB71A,0xB71A,0xB71A,0xB71A,0xB71A,0xB71A,0xB71A,0xB71A,0xB71A,0xAF1A,
    0xAEF9,0xA6F9,0x9EF9,0x9EF9,0x96F9,0x8ED9,0x8ED9,0x8ED9,0x8ED9,0x8ED9,0x8ED9,0x8ED9,
    0x8ED9,0x8ED9,0x8ED9,0x8ED9,0x8ED9,0x8ED9,0x8ED9,0x8ED9,0x8ED9,0x8ED9,0x8ED9,0x8ED9,
    0x8ED9,0x8ED9,0x8ED9,0x8ED9,0x8ED9,0x8ED9,0x8ED9,0x8ED9,0x8ED9,0x8ED9,0x8ED9,0x8ED9,
    0x8ED9,0x8ED9,0x8ED9,0x8ED9,0x8ED9,0x8ED9,0x8ED9,0x8ED9,0x8ED9,0x8ED9,0x8ED9,0x8ED9,
    0x8ED9,0x8ED9,0x8ED9,0x8ED9,0x8ED9,0x8ED9,0x8ED9,0x8ED9,0x8ED9,0x8ED9,0x8ED9,0x8ED9,
    0x8ED9,0x8ED9,0x8ED9,0x8ED9,0x8ED9,0x8ED9,0x8ED9,0x8ED9,0x8ED9,0x8ED9,0x96D9,0x96F9,
    0x9EF9,0x9EF9,0xA6F9,0xAEF9,0xAF1A,0xB71A,0xB71A,0xB71A,0xB71A,0xB71A,0xB71A,0xB71A,
    0xB71A,0xB71A,0xB71A,0xB71A,0xB71A,0xB71A,0xB71A,0xB71A,0xB71A,0xB71A,0xB71A,0xB71A,
    0xB71A,0xB71A,0xB71A,0xB71A,0xB71A,0xB71A,0xB71A,0xB71A,0xB71A,0xB71A,0xB71A,0xB71A,
    0xB71A,0xB71A,0xB6F9,0xCED7,0xE675,0xF654,0xF654,0xF654,0xF654,0xF654,0xF654,0xF654,
    0xF654,0xF654,0xF654,0xF654,0xF654,0xF654,0xF654,0xF654,0xF654,0xF654,0xF654,0xF654,
    0xF654,0xF654,0xF654,0xF654,0xF654,0xF654,0xF654,0xF654,0xEE33,0xEDF2,0xEE13,0xF654,
    0xF654,0xF654,0xF654,0xF654,0xF654,0xF654,0xF654,0xF654,0xF654,0xF654,0xF654,0xF654,
    0xF654,0xF654,0xF654,0xF654,0xF654,0xF654,0xF654,0xF654,0xF654,0xF654,0xF654,0xF654,
    0xF654,0xF654,0xF654,0xF654,0xF654,0xF654,0xF654,0xF654,0xF654,0xF654,0xF654,0xF654,
    0xF654,0xF654,0xF654,0xF654,0xF654,0xF654,0xF654,0xF654,0xF654,0xF654,0xF654,0xF654,
    0xF654,0xF654,0xF654,0xF654,0xF654,0xF654,0xF654,0xF654,0xF654,0xF654,0xF654,0xF654,
    0xF654,0xF633,0xEDF2,0xEDF2,0xF633,0xF654,0xF654,0xF654,0xF654,0xF654,0xF654,0xF654,
    0xF654,0xF654,0xF654,0xF654,0xF654,0xF654,0xF654,0xF654,0xF654,0xF654,0xF654,0xF654,
    0xF654,0xF654,0xF654,0xF654,0xF654,0xF654,0xF654,0xF654,0xF654,0xF654,0xF654,0xF654,
    0xF654,0xF654,0xF654,0xF654,0xF654,0xF654,0xF654,0xF654,0xF654,0xF654,0xF654,0xF654,
    0xF654,0xF654,0xF654,0xF654,0xF654,0xF654,0xF654,0xF654,0xF654,0xF654,0xF654,0xF654,
    0xF654,0xF654,0xF654,0xF654,0xF654,0xF654,0xF654,0xF654,0xF654,0xF654,0xF654,0xF654,
    0xF654,0xF654,0xF654,0xF654,0xEE54,0xD6B6,0xBEF8,0xAEF9,0xAEF9,0xAF1A,0xB71A,0xB71A,
    0xB71A,0xB71A,0xB71A,0xB71A,0xB71A,0xB71A,0xB71A,0xB71A,0xB71A,0xB71A,0xB71A,0xB71A,
    0xB71A,0xB71A,0xB71A,0xB71A,0xB71A,0xB71A,0xB71A,0xB71A,0xB71A,0xB71A,0xB71A,0xB71A,
    0xB71A,0xB71A,0xAEF9,0xA6F9,0xA6F9,0x9EF9,0x96D9,0x8ED9,0x8ED9,0x8ED9,0x8ED9,0x8ED9,
    0x8ED9,0x8ED9,0x8ED9,0x8ED9,0x8ED9,0x8ED9,0x8ED9,0x8ED9,0x8ED9,0x8ED9,0x8ED9,0x8ED9,
    0x8ED9,0x8ED9,0x8ED9,0x8ED9,0x8ED9,0x8ED9,0x8ED9,0x8ED9,0x8ED9,0x8ED9,0x8ED9,0x8ED9,
    0x8ED9,0x8ED9,0x8ED9,0x8ED9,0x8ED9,0x8ED9,0x8ED9,0x8ED9,0x8ED9,0x8ED9,0x8ED9,0x8ED9,
    0x8ED9,0x8ED9,0x8ED9,0x8ED9,0x8ED9,0x8ED9,0x8ED9,0x8ED9,0x8ED9,0x8ED9,0x8ED9,0x8ED9,
    0x8ED9,0x8ED9,0x8ED9,0x8ED9,0x8ED9,0x8ED9,0x8ED9,0x8ED9,0x8ED9,0x8ED9,0x8ED9,0x8ED9,
    0x8ED9,0x8ED9,0x8ED9,0x8ED9,0x8ED9,0x8ED9,0x8ED9,0x8ED9,0x8ED9,0x8ED9,0x8ED9,0x8ED9,
    0x8ED9,0x96F9,0x9EF9,0xA6F9,0xA6F9,0xAEF9,0xB71A,0xB71A,0xB71A,0xB71A,0xB71A,0xB71A,
    0xB71A,0xB71A,0xB71A,0xB71A,0xB71A,0xB71A,0xB71A,0xB71A,0xB71A,0xB71A,0xB71A,0xB71A,
    0xB71A,0xB71A,0xB71A,0xB71A,0xB71A,0xB71A,0xB71A,0xB71A,0xB71A,0xB71A,0xB71A,0xB71A,
    0xB71A,0xBEF9,0xD696,0xEE54,0xF654,0xF654,0xF654,0xF654,0xF654,0xF654,0xF654,0xF654,
    0xF654,0xF654,0xF654,0xF654,0xF654,0xF654,0xF654,0xF654,0xF654,0xF654,0xF654,0xF654,
    0xF654,0xF654,0xF654,0xF654,0xF653,0xEDF2,0xEDF2,0xF653,0xF654,0xF654,0xF654,0xF654,
    0xF654,0xF654,0xF654,0xF654,0xF654,0xF654,0xF654,0xF654,0xF654,0xF654,0xF654,0xF654,
    0xF654,0xF654,0xF654,0xF654,0xF654,0xF654,0xF654,0xF654,0xF654,0xF654,0xF654,0xF654,
    0xF654,0xF654,0xF654,0xF654,0xF654,0xF654,0xF654,0xF654,0xF654,0xF654,0xF654,0xF654,
    0xF654,0xF654,0xF654,0xF654,0xF654,0xF654,0xF654,0xF654,0xF654,0xF654,0xF654,0xF654,
    0xF654,0xF654,0xF654,0xF654,0xF654,0xF654,0xF654,0xF654,0xF653,0xEE12,0xEDF2,0xEE13,
    0xF654,0xF654,0xF654,0xF654,0xF654,0xF654,0xF654,0xF654,0xF654,0xF654,0xF654,0xF654,
    0xF654,0xF654,0xF654,0xF654,0xF654,0xF654,0xF654,0xF654,0xF654,0xF654,0xF654,0xF654,
    0xF654,0xF654,0xF654,0xF654,0xF654,0xF654,0xF654,0xF654,0xF654,0xF654,0xF654,0xF654,
    0xF654,0xF654,0xF654,0xF654,0xF654,0xF654,0xF654,0xF654,0xF654,0xF654,0xF654,0xF654,
    0xF654,0xF654,0xF654,0xF654,0xF654,0xF654,0xF654,0xF654,0xF654,0xF654,0xF654,0xF654,
    0xF654,0xF654,0xF654,0xF654,0xF654,0xF654,0xF654,0xF654,0xF654,0xF654,0xEE54,0xD6B7,
    0xB6F9,0xB71A,0xAEF9,0xAEF9,0xAEF9,0xB71A,0xB71A,0xB71A,0xB71A,0xB71A,0xB71A,0xB71A,
    0xB71A,0xB71A,0xB71A,0xB71A,0xB71A,0xB71A,0xB71A,0xB71A,0xB71A,0xB71A,0xB71A,0xB71A,
    0xB71A,0xB71A,0xB71A,0xB71A,0xB71A,0xAEFA,0xAEFA,0xA6F9,0x9EF9,0x96F9,0x8ED9,0x8ED9,
    0x8ED9,0x8ED9,0x8ED9,0x8ED9,0x8ED9,0x8ED9,0x8ED9,0x8ED9,0x8ED9,0x8ED9,0x8ED9,0x8ED9,
    0x8ED9,0x8ED9,0x8ED9,0x8ED9,0x8ED9,0x8ED9,0x8ED9,0x8ED9,0x8ED9,0x8ED9,0x8ED9,0x8ED9,
    0x8ED9,0x8ED9,0x8ED9,0x8ED9,0x8ED9,0x8ED9,0x8ED9,0x8ED9,0x8ED9,0x8ED9,0x8ED9,0x8ED9,
    0x8ED9,0x8ED9,0x8ED9,0x8ED9,0x8ED9,0x8ED9,0x8ED9,0x8ED9,0x8ED9,0x8ED9,0x8ED9,0x8ED9,
    0x8ED9,0x8ED9,0x8ED9,0x8ED9,0x8ED9,0x8ED9,0x8ED9,0x8ED9,0x8ED9,0x8ED9,0x8ED9,0x8ED9,
    0x8ED9,0x8ED9,0x8ED9,0x8ED9,0x8ED9,0x8ED9,0x8ED9,0x8ED9,0x8ED9,0x8ED9,0x8ED9,0x8ED9,
    0x8ED9,0x8ED9,0x8ED9,0x8ED9,0x8ED9,0x8ED9,0x8ED9,0x8ED9,0x8ED9,0x8ED9,0x8ED9,0x8ED9,
    0x8ED9,0x8ED9,0x96D9,0x9EF9,0xA6F9,0xAEFA,0xAEFA,0xB71A,0xB71A,0xB71A,0xB71A,0xB71A,
    0xB71A,0xB71A,0xB71A,0xB71A,0xB71A,0xB71A,0xB71A,0xB71A,0xB71A,0xB71A,0xB71A,0xB71A,
    0xB71A,0xB71A,0xB71A,0xB71A,0xB71A,0xB71A,0xB71A,0xB71A,0xB71A,0xB71A,0xB71A,0xB6F9,
    0xCEB7,0xEE54,0xF654,0xF654,0xF654,0xF654,0xF654,0xF654,0xF654,0xF654,0xF654,0xF654,
    0xF654,0xF654,0xF654,0xF654,0xF654,0xF654,0xF654,0xF654,0xF654,0xF654,0xF654,0xF654,
    0xF654,0xEE13,0xEDF2,0xEE33,0xF654,0xF654,0xF654,0xF654,0xF654,0xF654,0xF654,0xF654,
    0xF654,0xF654,0xF654,0xF654,0xF654,0xF654,0xF654,0xF654,0xF654,0xF654,0xF654,0xF654,
    0xF654,0xF654,0xF654,0xF654,0xF654,0xF654,0xF654,0xF654,0xF654,0xF654,0xF654,0xF654,
    0xF654,0xF654,0xF654,0xF654,0xF654,0xF654,0xF654,0xF654,0xF654,0xF654,0xF654,0xF654,
    0xF654,0xF654,0xF654,0xF654,0xF654,0xF654,0xF654,0xF654,0xF654,0xF654,0xF654,0xF654,
    0xF654,0xF654,0xF654,0xF654,0xEE33,0xEDF2,0xEE12,0xF653,0xF654,0xF654,0xF654,0xF654,
    0xF654,0xF654,0xF654,0xF654,0xF654,0xF654,0xF654,0xF654,0xF654,0xF654,0xF654,0xF654,
    0xF654,0xF654,0xF654,0xF654,0xF654,0xF654,0xF654,0xF654,0xF654,0xF654,0xF654,0xF654,
    0xF654,0xF654,0xF654,0xF654,0xF654,0xF654,0xF654,0xF654,0xF654,0xF654,0xF654,0xF654,
    0xF654,0xF654,0xF654,0xF654,0xF654,0xF654,0xF654,0xF654,0xF654,0xF654,0xF654,0xF654,
    0xF654,0xF654,0xF654,0xF654,0xF654,0xF654,0xF654,0xF654,0xF654,0xF654,0xF654,0xF654,
    0xF654,0xF654,0xF654,0xF654,0xEE54,0xCEB7,0xB719,0xB71A,0xB71A,0xAF1A,0xAEF9,0xAEF9,
    0xAF1A,0xB71A,0xB71A,0xB71A,0xB71A,0xB71A,0xB71A,0xB71A,0xB71A,0xB71A,0xB71A,0xB71A,
    0xB71A,0xB71A,0xB71A,0xB71A,0xB71A,0xB71A,0xB71A,0xB71A,0xB71A,0xB71A,0xAEFA,0xA6F9,
    0x96F9,0x8ED9,0x8ED9,0x8ED9,0x8ED9,0x8ED9,0x8ED9,0x8ED9,0x8ED9,0x8ED9,0x8ED9,0x8ED9,
    0x8ED9,0x8ED9,0x8ED9,0x8ED9,0x8ED9,0x8ED9,0x8ED9,0x8ED9,0x8ED9,0x8ED9,0x8ED9,0x8ED9,
    0x8ED9,0x8ED9,0x8ED9,0x8ED9,0x8ED9,0x8ED9,0x8ED9,0x8ED9,0x8ED9,0x8ED9,0x8ED9,0x8ED9,
    0x8ED9,0x8ED9,0x8ED9,0x8ED9,0x8ED9,0x8ED9,0x8ED9,0x8ED9,0x8ED9,0x8ED9,0x8ED9,0x8ED9,
    0x8ED9,0x8ED9,0x8ED9,0x8ED9,0x8ED9,0x8ED9,0x8ED9,0x8ED9,0x8ED9,0x8ED9,0x8ED9,0x8ED9,
    0x8ED9,0x8ED9,0x8ED9,0x8ED9,0x8ED9,0x8ED9,0x8ED9,0x8ED9,0x8ED9,0x8ED9,0x8ED9,0x8ED9,
    0x8ED9,0x8ED9,0x8ED9,0x8ED9,0x8ED9,0x8ED9,0x8ED9,0x8ED9,0x8ED9,0x8ED9,0x8ED9,0x8ED9,
    0x8ED9,0x8ED9,0x8ED9,0x8ED9,0x8ED9,0x8ED9,0x8ED9,0x8ED9,0x8ED9,0x8ED9,0x8ED9,0x8ED9,
    0x8ED9,0x8ED9,0x96D9,0x9EF9,0xA6F9,0xAF1A,0xB71A,0xB71A,0xB71A,0xB71A,0xB71A,0xB71A,
    0xB71A,0xB71A,0xB71A,0xB71A,0xB71A,0xB71A,0xB71A,0xB71A,0xB71A,0xB71A,0xB71A,0xB71A,
    0xB71A,0xB71A,0xB71A,0xB71A,0xB71A,0xB71A,0xB71A,0xB71A,0xB71A,0xB719,0xCEB7,0xEE54,
    0xF654,0xF654,0xF654,0xF654,0xF654,0xF654,0xF654,0xF654,0xF654,0xF654,0xF654,0xF654,
    0xF654,0xF654,0xF654,0xF654,0xF654,0xF654,0xF654,0xF654,0xF654,0xF633,0xEDF2,0xEDF2,
    0xF654,0xF654,0xF654,0xF654,0xF654,0xF654,0xF654,0xF654,0xF654,0xF654,0xF654,0xF654,
    0xF654,0xF654,0xF654,0xF654,0xF654,0xF654,0xF654,0xF654,0xF654,0xF654,0xF654,0xF654,
    0xF654,0xF654,0xF654,0xF654,0xF654,0xF654,0xF654,0xF654,0xF654,0xF654,0xF654,0xF654,
    0xF654,0xF654,0xF654,0xF654,0xF654,0xF654,0xF654,0xF654,0xF654,0xF654,0xF654,0xF654,
    0xF654,0xF654,0xF654,0xF654,0xF654,0xF654,0xF654,0xF654,0xF654,0xF654,0xF654,0xF633,
    0xEDF2,0xEDF2,0xF633,0xF654,0xF654,0xF654,0xF654,0xF654,0xF654,0xF654,0xF654,0xF654,
    0xF654,0xF654,0xF654,0xF654,0xF654,0xF654,0xF654,0xF654,0xF654,0xF654,0xF654,0xF654,
    0xF654,0xF654,0xF654,0xF654,0xF654,0xF654,0xF654,0xF654,0xF654,0xF654,0xF654,0xF654,
    0xF654,0xF654,0xF654,0xF654,0xF654,0xF654,0xF654,0xF654,0xF654,0xF654,0xF654,0xF654,
    0xF654,0xF654,0xF654,0xF654,0xF654,0xF654,0xF654,0xF654,0xF654,0xF654,0xF654,0xF654,
    0xF654,0xF654,0xF654,0xF654,0xF654,0xF654,0xF654,0xF654,0xF654,0xF654,0xF654,0xD696,
    0xB6F9,0xB71A,0xB71A,0xB71A,0xB71A,0xAEF9,0xAEF9,0xAEF9,0xB71A,0xB71A,0xB71A,0xB71A,
    0xB71A,0xB71A,0xB71A,0xB71A,0xB71A,0xB71A,0xB71A,0xB71A,0xB71A,0xB71A,0xB71A,0xB71A,
    0xB71A,0xB71A,0xAEFA,0xA6F9,0x9EF9,0x96D9,0x8ED9,0x8ED9,0x8ED9,0x8ED9,0x8ED9,0x8ED9,
    0x8ED9,0x8ED9,0x8ED9,0x8ED9,0x8ED9,0x8ED9,0x8ED9,0x8ED9,0x8ED9,0x8ED9,0x8ED9,0x8ED9,
    0x8ED9,0x8ED9,0x8ED9,0x8ED9,0x8ED9,0x8ED9,0x8ED9,0x8ED9,0x8ED9,0x8ED9,0x8ED9,0x8ED9,
    0x8ED9,0x8ED9,0x8ED9,0x8ED9,0x8ED9,0x8ED9,0x8ED9,0x8ED9,0x8ED9,0x8ED9,0x8ED9,0x8ED9,
    0x8ED9,0x8ED9,0x8ED9,0x8ED9,0x8ED9,0x8ED9,0x8ED9,0x8ED9,0x8ED9,0x8ED9,0x8ED9,0x8ED9,
    0x8ED9,0x8ED9,0x8ED9,0x8ED9,0x8ED9,0x8ED9,0x8ED9,0x8ED9,0x8ED9,0x8ED9,0x8ED9,0x8ED9,
    0x8ED9,0x8ED9,0x8ED9,0x8ED9,0x8ED9,0x8ED9,0x8ED9,0x8ED9,0x8ED9,0x8ED9,0x8ED9,0x8ED9,
    0x8ED9,0x8ED9,0x8ED9,0x8ED9,0x8ED9,0x8ED9,0x8ED9,0x8ED9,0x8ED9,0x8ED9,0x8ED9,0x8ED9,
    0x8ED9,0x8ED9,0x8ED9,0x8ED9,0x8ED9,0x8ED9,0x8ED9,0x8ED9,0x8ED9,0x8ED9,0x8ED9,0x8ED9,
    0x8ED9,0x8ED9,0x96D9,0x9EF9,0xA6F9,0xAEFA,0xB71A,0xB71A,0xB71A,0xB71A,0xB71A,0xB71A,
    0xB71A,0xB71A,0xB71A,0xB71A,0xB71A,0xB71A,0xB71A,0xB71A,0xB71A,0xB71A,0xB71A,0xB71A,
    0xB71A,0xB71A,0xB71A,0xB71A,0xB71A,0xB71A,0xB71A,0xB6F9,0xD6B7,0xF654,0xF654,0xF654,
    0xF654,0xF654,0xF654,0xF654,0xF654,0xF654,0xF654,0xF654,0xF654,0xF654,0xF654,0xF654,
    0xF654,0xF654,0xF654,0xF654,0xF654,0xF654,0xEE12,0xEDF2,0xEE33,0xF654,0xF654,0xF654,
    0xF654,0xF654,0xF654,0xF654,0xF654,0xF654,0xF654,0xF654,0xF654,0xF654,0xF654,0xF654,
    0xF654,0xF654,0xF654,0xF654,0xF654,0xF654,0xF654,0xF654,0xF654,0xF654,0xF654,0xF654,
    0xF654,0xF654,0xF654,0xF654,0xF654,0xF654,0xF654,0xF654,0xF654,0xF654,0xF654,0xF654,
    0xF654,0xF654,0xF654,0xF654,0xF654,0xF654,0xF654,0xF654,0xF654,0xF654,0xF654,0xF654,
    0xF654,0xF654,0xF654,0xF654,0xF654,0xF654,0xF653,0xEE12,0xEDF2,0xEE13,0xF654,0xF654,
    0xF654,0xF654,0xF654,0xF654,0xF654,0xF654,0xF654,0xF654,0xF654,0xF654,0xF654,0xF654,
    0xF654,0xF654,0xF654,0xF654,0xF654,0xF654,0xF654,0xF654,0xF654,0xF654,0xF654,0xF654,
    0xF654,0xF654,0xF654,0xF654,0xF654,0xF654,0xF654,0xF654,0xF654,0xF654,0xF654,0xF654,
    0xF654,0xF654,0xF654,0xF654,0xF654,0xF654,0xF654,0xF654,0xF654,0xF654,0xF654,0xF654,
    0xF654,0xF654,0xF654,0xF654,0xF654,0xF654,0xF654,0xF654,0xF654,0xF654,0xF654,0xF654,
    0xF654,0xF654,0xF654,0xF654,0xF654,0xE675,0xBEF9,0xB71A,0xB71A,0xB71A,0xB71A,0xB71A,
    0xB71A,0xAEF9,0xAEF9,0xAEF9,0xB71A,0xB71A,0xB71A,0xB71A,0xB71A,0xB71A,0xB71A,0xB71A,
    0xB71A,0xB71A,0xB71A,0xB71A,0xB71A,0xB71A,0xB71A,0xB71A,0xA6F9,0x9EF9,0x96D9,0x8ED9,
    0x8ED9,0x8ED9,0x8ED9,0x8ED9,0x8ED9,0x8ED9,0x8ED9,0x8ED9,0x8ED9,0x8ED9,0x8ED9,0x8ED9,
    0x8ED9,0x8ED9,0x8ED9,0x8ED9,0x8ED9,0x8ED9,0x8ED9,0x8ED9,0x8ED9,0x8ED9,0x8ED9,0x8ED9,
    0x8ED9,0x8ED9,0x8ED9,0x8ED9,0x8ED9,0x8ED9,0x8ED9,0x8ED9,0x8ED9,0x8ED9,0x8ED9,0x8ED9,
    0x8ED9,0x8ED9,0x8ED9,0x8ED9,0x8ED9,0x8ED9,0x8ED9,0x8ED9,0x8ED9,0x8ED9,0x8ED9,0x8ED9,
    0x8ED9,0x8ED9,0x8ED9,0x8ED9,0x8ED9,0x8ED9,0x8ED9,0x8ED9,0x8ED9,0x8ED9,0x8ED9,0x8ED9,
    0x8ED9,0x8ED9,0x8ED9,0x8ED9,0x8ED9,0x8ED9,0x8ED9,0x8ED9,0x8ED9,0x8ED9,0x8ED9,0x8ED9,
    0x8ED9,0x8ED9,0x8ED9,0x8ED9,0x8ED9,0x8ED9,0x8ED9,0x8ED9,0x8ED9,0x8ED9,0x8ED9,0x8ED9,
    0x8ED9,0x8ED9,0x8ED9,0x8ED9,0x8ED9,0x8ED9,0x8ED9,0x8ED9,0x8ED9,0x8ED9,0x8ED9,0x8ED9,
    0x8ED9,0x8ED9,0x8ED9,0x8ED9,0x8ED9,0x8ED9,0x8ED9,0x8ED9,0x8ED9,0x8ED9,0x8ED9,0x8ED9,
    0x8ED9,0x96D9,0x9EF9,0xA6F9,0xB71A,0xB71A,0xB71A,0xB71A,0xB71A,0xB71A,0xB71A,0xB71A,
    0xB71A,0xB71A,0xB71A,0xB71A,0xB71A,0xB71A,0xB71A,0xB71A,0xB71A,0xB71A,0xB71A,0xB71A,
    0xB71A,0xB71A,0xB71A,0xB71A,0xB71A,0xBEF9,0xE675,0xF654,0xF654,0xF654,0xF654,0xF654,
    0xF654,0xF654,0xF654,0xF654,0xF654,0xF654,0xF654,0xF654,0xF654,0xF654,0xF654,0xF654,
    0xF654,0xF654,0xF633,0xEDF2,0xEE12,0xF654,0xF654,0xF654,0xF654,0xF654,0xF654,0xF654,
    0xF654,0xF654,0xF654,0xF654,0xF654,0xF654,0xF654,0xF654,0xF654,0xF654,0xF654,0xF654,
    0xF654,0xF654,0xF654,0xF654,0xF654,0xF654,0xF654,0xF654,0xF654,0xF654,0xF654,0xF654,
    0xF654,0xF654,0xF654,0xF654,0xF654,0xF654,0xF654,0xF654,0xF654,0xF654,0xF654,0xF654,
    0xF654,0xF654,0xF654,0xF654,0xF654,0xF654,0xF654,0xF654,0xF654,0xF654,0xF654,0xF654,
    0xF654,0xF654,0xEE33,0xEDF2,0xEE12,0xF653,0xF654,0xF654,0xF654,0xF654,0xF654,0xF654,
    0xF654,0xF654,0xF654,0xF654,0xF654,0xF654,0xF654,0xF654,0xF654,0xF654,0xF654,0xF654,
    0xF654,0xF654,0xF654,0xF654,0xF654,0xF654,0xF654,0xF654,0xF654,0xF654,0xF654,0xF654,
    0xF654,0xF654,0xF654,0xF654,0xF654,0xF654,0xF654,0xF654,0xF654,0xF654,0xF654,0xF654,
    0xF654,0xF654,0xF654,0xF654,0xF654,0xF654,0xF654,0xF654,0xF654,0xF654,0xF654,0xF654,
    0xF654,0xF654,0xF654,0xF654,0xF654,0xF654,0xF654,0xF654,0xF654,0xF654,0xF654,0xF654,
    0xCEB7,0xB71A,0xB71A,0xB71A,0xB71A,0xB71A,0xB71A,0xB71A,0xAF19,0xAEF9,0xAEF9,0xB71A,
    0xB71A,0xB71A,0xB71A,0xB71A,0xB71A,0xB71A,0xB71A,0xB71A,0xB71A,0xB71A,0xB71A,0xB71A,
    0xB71A,0xAEF9,0xA6F9,0x96D9,0x8ED9,0x8ED9,0x8ED9,0x8ED9,0x8ED9,0x8ED9,0x8ED9,0x8ED9,
    0x8ED9,0x8ED9,0x8ED9,0x8ED9,0x8ED9,0x8ED9,0x8ED9,0x8ED9,0x8ED9,0x8ED9,0x8ED9,0x8ED9,
    0x8ED9,0x8ED9,0x8ED9,0x8ED9,0x8ED9,0x8ED9,0x8ED9,0x8ED9,0x8ED9,0x8ED9,0x8ED9,0x8ED9,
    0x8ED9,0x8ED9,0x8ED9,0x8ED9,0x8ED9,0x8ED9,0x8ED9,0x8ED9,0x8ED9,0x8ED9,0x8ED9,0x8ED9,
    0x8ED9,0x8ED9,0x8ED9,0x8ED9,0x8ED9,0x8ED9,0x8ED9,0x8ED9,0x8ED9,0x8ED9,0x8ED9,0x8ED9,
    0x8ED9,0x8ED9,0x8ED9,0x8ED9,0x8ED9,0x8ED9,0x8ED9,0x8ED9,0x8ED9,0x8ED9,0x8ED9,0x8ED9,
    0x8ED9,0x8ED9,0x8ED9,0x8ED9,0x8ED9,0x8ED9,0x8ED9,0x8ED9,0x8ED9,0x8ED9,0x8ED9,0x8ED9,
    0x8ED9,0x8ED9,0x8ED9,0x8ED9,0x8ED9,0x8ED9,0x8ED9,0x8ED9,0x8ED9,0x8ED9,0x8ED9,0x8ED9,
    0x8ED9,0x8ED9,0x8ED9,0x8ED9,0x8ED9,0x8ED9,0x8ED9,0x8ED9,0x8ED9,0x8ED9,0x8ED9,0x8ED9,
    0x8ED9,0x8ED9,0x8ED9,0x8ED9,0x8ED9,0x8ED9,0x8ED9,0x8ED9,0x8ED9,0x8ED9,0x8ED9,0x8ED9,
    0x96D9,0x9EF9,0xAF1A,0xB71A,0xB71A,0xB71A,0xB71A,0xB71A,0xB71A,0xB71A,0xB71A,0xB71A,
    0xB71A,0xB71A,0xB71A,0xB71A,0xB71A,0xB71A,0xB71A,0xB71A,0xB71A,0xB71A,0xB71A,0xB71A,
    0xB71A,0xB71A,0xB71A,0xCEB7,0xF654,0xF654,0xF654,0xF654,0xF654,0xF654,0xF654,0xF654,
    0xF654,0xF654,0xF654,0xF654,0xF654,0xF654,0xF654,0xF654,0xF654,0xF654,0xF654,0xEE12,
    0xEDF2,0xF633,0xF654,0xF654,0xF654,0xF654,0xF654,0xF654,0xF654,0xF654,0xF654,0xF654,
    0xF654,0xF654,0xF654,0xF654,0xF654,0xF654,0xF654,0xF654,0xF654,0xF654,0xF654,0xF654,
    0xF654,0xF654,0xF654,0xF654,0xF654,0xF654,0xF654,0xF654,0xF654,0xF654,0xF654,0xF654,
    0xF654,0xF654,0xF654,0xF654,0xF654,0xF654,0xF654,0xF654,0xF654,0xF654,0xF654,0xF654,
    0xF654,0xF654,0xF654,0xF654,0xF654,0xF654,0xF654,0xF654,0xF654,0xF633,0xEDF2,0xEDF2,
    0xF633,0xF654,0xF654,0xF654,0xF654,0xF654,0xF654,0xF654,0xF654,0xF654,0xF654,0xF654,
    0xF654,0xF654,0xF654,0xF654,0xF654,0xF654,0xF654,0xF654,0xF654,0xF654,0xF654,0xF654,
    0xF654,0xF654,0xF654,0xF654,0xF654,0xF654,0xF654,0xF654,0xF654,0xF654,0xF654,0xF654,
    0xF654,0xF654,0xF654,0xF654,0xF654,0xF654,0xF654,0xF654,0xF654,0xF654,0xF654,0xF654,
    0xF654,0xF654,0xF654,0xF654,0xF654,0xF654,0xF654,0xF654,0xF654,0xF654,0xF654,0xF654,
    0xF654,0xF654,0xF654,0xF654,0xF654,0xF654,0xEE54,0xBED8,0xB71A,0xB71A,0xB71A,0xB71A,
    0xB71A,0xB71A,0xB71A,0xB71A,0xAEF9,0xAEF9,0xAEF9,0xB71A,0xB71A,0xB71A,0xB71A,0xB71A,
    0xB71A,0xB71A,0xB71A,0xB71A,0xB71A,0xB71A,0xB71A,0xAF1A,0x9EF9,0x8ED9,0x8ED9,0x8ED9,
    0x8ED9,0x8ED9,0x8ED9,0x8ED9,0x8ED9,0x8ED9,0x8ED9,0x8ED9,0x8ED9,0x8ED9,0x8ED9,0x8ED9,
    0x8ED9,0x8ED9,0x8ED9,0x8ED9,0x8ED9,0x8ED9,0x8ED9,0x8ED9,0x8ED9,0x8ED9,0x8ED9,0x8ED9,
    0x8ED9,0x8ED9,0x8ED9,0x8ED9,0x8ED9,0x8ED9,0x8ED9,0x8ED9,0x8ED9,0x8ED9,0x8ED9,0x8ED9,
    0x8ED9,0x8ED9,0x8ED9,0x8ED9,0x8ED9,0x8ED9,0x8ED9,0x8ED9,0x8ED9,0x8ED9,0x8ED9,0x8ED9,
    0x8ED9,0x8ED9,0x8ED9,0x8ED9,0x8ED9,0x8ED9,0x8ED9,0x8ED9,0x8ED9,0x8ED9,0x8ED9,0x8ED9,
    0x8ED9,0x8ED9,0x8ED9,0x8ED9,0x8ED9,0x8ED9,0x8ED9,0x8ED9,0x8ED9,0x8ED9,0x8ED9,0x8ED9,
    0x8ED9,0x8ED9,0x8ED9,0x8ED9,0x8ED9,0x8ED9,0x8ED9,0x8ED9,0x8ED9,0x8ED9,0x8ED9,0x8ED9,
    0x8ED9,0x8ED9,0x8ED9,0x8ED9,0x8ED9,0x8ED9,0x8ED9,0x8ED9,0x8ED9,0x8ED9,0x8ED9,0x8ED9,
    0x8ED9,0x8ED9,0x8ED9,0x8ED9,0x8ED9,0x8ED9,0x8ED9,0x8ED9,0x8ED9,0x8ED9,0x8ED9,0x8ED9,
    0x8ED9,0x8ED9,0x8ED9,0x8ED9,0x8ED9,0x8ED9,0x8ED9,0x8ED9,0x8ED9,0x8ED9,0x8ED9,0x9EF9,
    0xAF1A,0xB71A,0xB71A,0xB71A,0xB71A,0xB71A,0xB71A,0xB71A,0xB71A,0xB71A,0xB71A,0xB71A,
    0xB71A,0xB71A,0xB71A,0xB71A,0xB71A,0xB71A,0xB71A,0xB71A,0xB71A,0xB71A,0xB71A,0xB71A,
    0xC6D8,0xEE54,0xF654,0xF654,0xF654,0xF654,0xF654,0xF654,0xF654,0xF654,0xF654,0xF654,
    0xF654,0xF654,0xF654,0xF654,0xF654,0xF654,0xF654,0xEE33,0xEDF2,0xEE12,0xF654,0xF654,
    0xF654,0xF654,0xF654,0xF654,0xF654,0xF654,0xF654,0xF654,0xF654,0xF654,0xF654,0xF654,
    0xF654,0xF654,0xF654,0xF654,0xF654,0xF654,0xF654,0xF654,0xF654,0xF654,0xF654,0xF654,
    0xF654,0xF654,0xF654,0xF654,0xF654,0xF654,0xF654,0xF654,0xF654,0xF654,0xF654,0xF654,
    0xF654,0xF654,0xF654,0xF654,0xF654,0xF654,0xF654,0xF654,0xF654,0xF654,0xF654,0xF654,
    0xF654,0xF654,0xF654,0xF654,0xF653,0xEE12,0xEDF2,0xEE13,0xF654,0xF654,0xF654,0xF654,
    0xF654,0xF654,0xF654,0xF654,0xF654,0xF654,0xF654,0xF654,0xF654,0xF654,0xF654,0xF654,
    0xF654,0xF654,0xF654,0xF654,0xF654,0xF654,0xF654,0xF654,0xF654,0xF654,0xF654,0xF654,
    0xF654,0xF654,0xF654,0xF654,0xF654,0xF654,0xF654,0xF654,0xF654,0xF654,0xF654,0xF654,
    0xF654,0xF654,0xF654,0xF654,0xF654,0xF654,0xF654,0xF654,0xF654,0xF654,0xF654,0xF654,
    0xF654,0xF654,0xF654,0xF654,0xF654,0xF654,0xF654,0xF654,0xF654,0xF654,0xF654,0xF654,
    0xF654,0xE675,0xB6F9,0xB71A,0xB71A,0xB71A,0xB71A,0xB71A,0xB71A,0xB71A,0xB71A,0xAF1A,
    0xAEF9,0xAEF9,0xB71A,0xB71A,0xB71A,0xB71A,0xB71A,0xB71A,0xB71A,0xB71A,0xB71A,0xB71A,
    0xB71A,0xAF19,0x9EFA,0x8ED9,0x8ED9,0x8ED9,0x8ED9,0x8ED9,0x8ED9,0x8ED9,0x8ED9,0x8ED9,
    0x8ED9,0x8ED9,0x8ED9,0x8ED9,0x8ED9,0x8ED9,0x8ED9,0x8ED9,0x8ED9,0x8ED9,0x8ED9,0x8ED9,
    0x8ED9,0x8ED9,0x8ED9,0x8ED9,0x8ED9,0x8ED9,0x8ED9,0x8ED9,0x8ED9,0x8ED9,0x8ED9,0x8ED9,
    0x8ED9,0x8ED9,0x8ED9,0x8ED9,0x8ED9,0x8ED9,0x8ED9,0x8ED9,0x8ED9,0x8ED9,0x8ED9,0x8ED9,
    0x8ED9,0x8ED9,0x8ED9,0x8ED9,0x8ED9,0x8ED9,0x8ED9,0x8ED9,0x8ED9,0x8ED9,0x8ED9,0x8ED9,
    0x8ED9,0x8ED9,0x8ED9,0x8ED9,0x8ED9,0x8ED9,0x8ED9,0x8ED9,0x8ED9,0x8ED9,0x8ED9,0x8ED9,
    0x8ED9,0x8ED9,0x8ED9,0x8ED9,0x8ED9,0x8ED9,0x8ED9,0x8ED9,0x8ED9,0x8ED9,0x8ED9,0x8ED9,
    0x8ED9,0x8ED9,0x8ED9,0x8ED9,0x8ED9,0x8ED9,0x8ED9,0x8ED9,0x8ED9,0x8ED9,0x8ED9,0x8ED9,
    0x8ED9,0x8ED9,0x8ED9,0x8ED9,0x8ED9,0x8ED9,0x8ED9,0x8ED9,0x8ED9,0x8ED9,0x8ED9,0x8ED9,
    0x8ED9,0x8ED9,0x8ED9,0x8ED9,0x8ED9,0x8ED9,0x8ED9,0x8ED9,0x8ED9,0x8ED9,0x8ED9,0x8ED9,
    0x8ED9,0x8ED9,0x8ED9,0x8ED9,0x8ED9,0x8ED9,0x8ED9,0x8ED9,0x8ED9,0x9EF9,0xAF1A,0xB71A,
    0xB71A,0xB71A,0xB71A,0xB71A,0xB71A,0xB71A,0xB71A,0xB71A,0xB71A,0xB71A,0xB71A,0xB71A,
    0xB71A,0xB71A,0xB71A,0xB71A,0xB71A,0xB71A,0xB71A,0xB71A,0xB71A,0xB6F9,0xE675,0xF654,
    0xF654,0xF654,0xF654,0xF654,0xF654,0xF654,0xF654,0xF654,0xF654,0xF654,0xF654,0xF654,
    0xF654,0xF654,0xF654,0xF653,0xEDF2,0xEDF2,0xF633,0xF654,0xF654,0xF654,0xF654,0xF654,
    0xF654,0xF654,0xF654,0xF654,0xF654,0xF654,0xF654,0xF654,0xF654,0xF654,0xF654,0xF654,
    0xF654,0xF654,0xF654,0xF654,0xF654,0xF654,0xF654,0xF654,0xF654,0xF654,0xF654,0xF654,
    0xF654,0xF654,0xF654,0xF654,0xF654,0xF654,0xF654,0xF654,0xF654,0xF654,0xF654,0xF654,
    0xF654,0xF654,0xF654,0xF654,0xF654,0xF654,0xF654,0xF654,0xF654,0xF654,0xF654,0xF654,
    0xEE33,0xEDF2,0xEE12,0xF653,0xF654,0xF654,0xF654,0xF654,0xF654,0xF654,0xF654,0xF654,
    0xF654,0xF654,0xF654,0xF654,0xF654,0xF654,0xF654,0xF654,0xF654,0xF654,0xF654,0xF654,
    0xF654,0xF654,0xF654,0xF654,0xF654,0xF654,0xF654,0xF654,0xF654,0xF654,0xF654,0xF654,
    0xF654,0xF654,0xF654,0xF654,0xF654,0xF654,0xF654,0xF654,0xF654,0xF654,0xF654,0xF654,
    0xF654,0xF654,0xF654,0xF654,0xF654,0xF654,0xF654,0xF654,0xF654,0xF654,0xF654,0xF654,
    0xF654,0xF654,0xF654,0xF654,0xF654,0xF654,0xF654,0xF654,0xEE75,0xB6F9,0xB71A,0xB71A,
    0xB71A,0xB71A,0xB71A,0xB71A,0xB71A,0xB71A,0xB71A,0xAEF9,0xAEF9,0xAEF9,0xB71A,0xB71A,
    0xB71A,0xB71A,0xB71A,0xB71A,0xB71A,0xB71A,0xB71A,0xB71A,0xA6F9,0x96F9,0x8ED9,0x8ED9,
    0x8ED9,0x8ED9,0x8ED9,0x8ED9,0x8ED9,0x8ED9,0x8ED9,0x8ED9,0x8ED9,0x8ED9,0x8ED9,0x8ED9,
    0x8ED9,0x8ED9,0x8ED9,0x8ED9,0x8ED9,0x8ED9,0x8ED9,0x8ED9,0x8ED9,0x8ED9,0x8ED9,0x8ED9,
    0x8ED9,0x8ED9,0x8ED9,0x8ED9,0x8ED9,0x8ED9,0x8ED9,0x8ED9,0x8ED9,0x8ED9,0x8ED9,0x8ED9,
    0x8ED9,0x8ED9,0x8ED9,0x8ED9,0x8ED9,0x8ED9,0x8ED9,0x8ED9,0x8ED9,0x8ED9,0x8ED9,0x8ED9,
    0x8ED9,0x8ED9,0x8ED9,0x8ED9,0x8ED9,0x8ED9,0x8ED9,0x8ED9,0x8ED9,0x8ED9,0x8ED9,0x8ED9,
    0x8ED9,0x8ED9,0x8ED9,0x8ED9,0x8ED9,0x8ED9,0x8ED9,0x8ED9,0x8ED9,0x8ED9,0x8ED9,0x8ED9,
    0x8ED9,0x8ED9,0x8ED9,0x8ED9,0x8ED9,0x8ED9,0x8ED9,0x8ED9,0x8ED9,0x8ED9,0x8ED9,0x8ED9,
    0x8ED9,0x8ED9,0x8ED9,0x8ED9,0x8ED9,0x8ED9,0x8ED9,0x8ED9,0x8ED9,0x8ED9,0x8ED9,0x8ED9,
    0x8ED9,0x8ED9,0x8ED9,0x8ED9,0x8ED9,0x8ED9,0x8ED9,0x8ED9,0x8ED9,0x8ED9,0x8ED9,0x8ED9,
    0x8ED9,0x8ED9,0x8ED9,0x8ED9,0x8ED9,0x8ED9,0x8ED9,0x8ED9,0x8ED9,0x8ED9,0x8ED9,0x8ED9,
    0x8ED9,0x8ED9,0x8ED9,0x8ED9,0x8ED9,0x8ED9,0x96D9,0xA6F9,0xB71A,0xB71A,0xB71A,0xB71A,
    0xB71A,0xB71A,0xB71A,0xB71A,0xB71A,0xB71A,0xB71A,0xB71A,0xB71A,0xB71A,0xB71A,0xB71A,
    0xB71A,0xB71A,0xB71A,0xB71A,0xB71A,0xB71A,0xB6F9,0xEE74,0xF654,0xF654,0xF654,0xF654,
    0xF654,0xF654,0xF654,0xF654,0xF654,0xF654,0xF654,0xF654,0xF654,0xF654,0xF654,0xF654,
    0xEE33,0xEDF2,0xEE13,0xF654,0xF654,0xF654,0xF654,0xF654,0xF654,0xF654,0xF654,0xF654,
    0xF654,0xF654,0xF654,0xF654,0xF654,0xF654,0xF654,0xF654,0xF654,0xF654,0xF654,0xF654,
    0xF654,0xF654,0xF654,0xF654,0xF654,0xF654,0xF654,0xF654,0xF654,0xF654,0xF654,0xF654,
    0xF654,0xF654,0xF654,0xF654,0xF654,0xF654,0xF654,0xF654,0xF654,0xF654,0xF654,0xF654,
    0xF654,0xF654,0xF654,0xF654,0xF654,0xF654,0xF654,0xF633,0xEDF2,0xEDF2,0xF633,0xF654,
    0xF654,0xF654,0xF654,0xF654,0xF654,0xF654,0xF654,0xF654,0xF654,0xF654,0xF654,0xF654,
    0xF654,0xF654,0xF654,0xF654,0xF654,0xF654,0xF654,0xF654,0xF654,0xF654,0xF654,0xF654,
    0xF654,0xF654,0xF654,0xF654,0xF654,0xF654,0xF654,0xF654,0xF654,0xF654,0xF654,0xF654,
    0xF654,0xF654,0xF654,0xF654,0xF654,0xF654,0xF654,0xF654,0xF654,0xF654,0xF654,0xF654,
    0xF654,0xF654,0xF654,0xF654,0xF654,0xF654,0xF654,0xF654,0xF654,0xF654,0xF654,0xF654,
    0xF654,0xF654,0xF654,0xEE54,0xBEF9,0xB71A,0xB71A,0xB71A,0xB71A,0xB71A,0xB71A,0xB71A,
    0xB71A,0xB71A,0xAF1A,0xAEF9,0xAEF9,0xAF1A,0xB71A,0xB71A,0xB71A,0xB71A,0xB71A,0xB71A,
    0xB71A,0xB71A,0xAF1A,0x9EF9,0x8ED9,0x8ED9,0x8ED9,0x8ED9,0x8ED9,0x8ED9,0x8ED9,0x8ED9,
    0x8ED9,0x8ED9,0x8ED9,0x8ED9,0x8ED9,0x8ED9,0x8ED9,0x8ED9,0x8ED9,0x8ED9,0x8ED9,0x8ED9,
    0x8ED9,0x8ED9,0x8ED9,0x8ED9,0x8ED9,0x8ED9,0x8ED9,0x8ED9,0x8ED9,0x8ED9,0x8ED9,0x8ED9,
    0x8ED9,0x8ED9,0x8ED9,0x8ED9,0x8ED9,0x8ED9,0x8ED9,0x8ED9,0x8ED9,0x8ED9,0x8ED9,0x8ED9,
    0x8ED9,0x8ED9,0x8ED9,0x8ED9,0x8ED9,0x8ED9,0x8ED9,0x8ED9,0x8ED9,0x8ED9,0x8ED9,0x8ED9,
    0x8ED9,0x8ED9,0x8ED9,0x8ED9,0x8ED9,0x8ED9,0x8ED9,0x8ED9,0x8ED9,0x8ED9,0x8ED9,0x8ED9,
    0x8ED9,0x8ED9,0x8ED9,0x8ED9,0x8ED9,0x8ED9,0x8ED9,0x8ED9,0x8ED9,0x8ED9,0x8ED9,0x8ED9,
    0x8ED9,0x8ED9,0x8ED9,0x8ED9,0x8ED9,0x8ED9,0x8ED9,0x8ED9,0x8ED9,0x8ED9,0x8ED9,0x8ED9,
    0x8ED9,0x8ED9,0x8ED9,0x8ED9,0x8ED9,0x8ED9,0x8ED9,0x8ED9,0x8ED9,0x8ED9,0x8ED9,0x8ED9,
    0x8ED9,0x8ED9,0x8ED9,0x8ED9,0x8ED9,0x8ED9,0x8ED9,0x8ED9,0x8ED9,0x8ED9,0x8ED9,0x8ED9,
    0x8ED9,0x8ED9,0x8ED9,0x8ED9,0x8ED9,0x8ED9,0x8ED9,0x8ED9,0x8ED9,0x8ED9,0x8ED9,0x8ED9,
    0x8ED9,0x8ED9,0x8ED9,0x8ED9,0x9EF9,0xAEFA,0xB71A,0xB71A,0xB71A,0xB71A,0xB71A,0xB71A,
    0xB71A,0xB71A,0xB71A,0xB71A,0xB71A,0xB71A,0xB71A,0xB71A,0xB71A,0xB71A,0xB71A,0xB71A,
    0xB71A,0xB71A,0xB71A,0xBEF9,0xEE54,0xF654,0xF654,0xF654,0xF654,0xF654,0xF654,0xF654,
    0xF654,0xF654,0xF654,0xF654,0xF654,0xF654,0xF654,0xF654,0xF653,0xEDF2,0xEDF2,0xF653,
    0xF654,0xF654,0xF654,0xF654,0xF654,0xF654,0xF654,0xF654,0xF654,0xF654,0xF654,0xF654,
    0xF654,0xF654,0xF654,0xF654,0xF654,0xF654,0xF654,0xF654,0xF654,0xF654,0xF654,0xF654,
    0xF654,0xF654,0xF654,0xF654,0xF654,0xF654,0xF654,0xF654,0xF654,0xF654,0xF654,0xF654,
    0xF654,0xF654,0xF654,0xF654,0xF654,0xF654,0xF654,0xF654,0xF654,0xF654,0xF654,0xF654,
    0xF654,0xF654,0xF653,0xEE12,0xEDF2,0xEE13,0xF654,0xF654,0xF654,0xF654,0xF654,0xF654,
    0xF654,0xF654,0xF654,0xF654,0xF654,0xF654,0xF654,0xF654,0xF654,0xF654,0xF654,0xF654,
    0xF654,0xF654,0xF654,0xF654,0xF654,0xF654,0xF654,0xF654,0xF654,0xF654,0xF654,0xF654,
    0xF654,0xF654,0xF654,0xF654,0xF654,0xF654,0xF654,0xF654,0xF654,0xF654,0xF654,0xF654,
    0xF654,0xF654,0xF654,0xF654,0xF654,0xF654,0xF654,0xF654,0xF654,0xF654,0xF654,0xF654,
    0xF654,0xF654,0xF654,0xF654,0xF654,0xF654,0xF654,0xF654,0xF654,0xF654,0xF654,0xCEB7,
    0xB71A,0xB71A,0xB71A,0xB71A,0xB71A,0xB71A,0xB71A,0xB71A,0xB71A,0xB71A,0xAEF9,0xAEF9,
    0xAEF9,0xB71A,0xB71A,0xB71A,0xB71A,0xB71A,0xB71A,0xB71A,0xB71A,0xAF1A,0x9EF9,0x8ED9,
    0x8ED9,0x8ED9,0x8ED9,0x8ED9,0x8ED9,0x8ED9,0x8ED9,0x8ED9,0x8ED9,0x8ED9,0x8ED9,0x8ED9,
    0x8ED9,0x8ED9,0x8ED9,0x8ED9,0x8ED9,0x8ED9,0x8ED9,0x8ED9,0x8ED9,0x8ED9,0x8ED9,0x8ED9,
    0x8ED9,0x8ED9,0x8ED9,0x8ED9,0x8ED9,0x8ED9,0x8ED9,0x8ED9,0x8ED9,0x8ED9,0x8ED9,0x8ED9,
    0x8ED9,0x8ED9,0x8ED9,0x8ED9,0x8ED9,0x8ED9,0x8ED9,0x8ED9,0x8ED9,0x8ED9,0x8ED9,0x8ED9,
    0x8ED9,0x8ED9,0x8ED9,0x8ED9,0x8ED9,0x8ED9,0x8ED9,0x8ED9,0x8ED9,0x8ED9,0x8ED9,0x8ED9,
    0x8ED9,0x8ED9,0x8ED9,0x8ED9,0x8ED9,0x8ED9,0x8ED9,0x8ED9,0x8ED9,0x8ED9,0x8ED9,0x8ED9,
    0x8ED9,0x8ED9,0x8ED9,0x8ED9,0x8ED9,0x8ED9,0x8ED9,0x8ED9,0x8ED9,0x8ED9,0x8ED9,0x8ED9,
    0x8ED9,0x8ED9,0x8ED9,0x8ED9,0x8ED9,0x8ED9,0x8ED9,0x8ED9,0x8ED9,0x8ED9,0x8ED9,0x8ED9,
    0x8ED9,0x8ED9,0x8ED9,0x8ED9,0x8ED9,0x8ED9,0x8ED9,0x8ED9,0x8ED9,0x8ED9,0x8ED9,0x8ED9,
    0x8ED9,0x8ED9,0x8ED9,0x8ED9,0x8ED9,0x8ED9,0x8ED9,0x8ED9,0x8ED9,0x8ED9,0x8ED9,0x8ED9,
    0x8ED9,0x8ED9,0x8ED9,0x8ED9,0x8ED9,0x8ED9,0x8ED9,0x8ED9,0x8ED9,0x8ED9,0x8ED9,0x8ED9,
    0x8ED9,0x9EF9,0xAF1A,0xB71A,0xB71A,0xB71A,0xB71A,0xB71A,0xB71A,0xB71A,0xB71A,0xB71A,
    0xB71A,0xB71A,0xB71A,0xB71A,0xB71A,0xB71A,0xB71A,0xB71A,0xB71A,0xB71A,0xB71A,0xB71A,
    0xCEB7,0xF654,0xF654,0xF654,0xF654,0xF654,0xF654,0xF654,0xF654,0xF654,0xF654,0xF654,
    0xF654,0xF654,0xF654,0xF654,0xF654,0xEE13,0xEDF2,0xEE33,0xF654,0xF654,0xF654,0xF654,
    0xF654,0xF654,0xF654,0xF654,0xF654,0xF654,0xF654,0xF654,0xF654,0xF654,0xF654,0xF654,
    0xF654,0xF654,0xF654,0xF654,0xF654,0xF654,0xF654,0xF654,0xF654,0xF654,0xF654,0xF654,
    0xF654,0xF654,0xF654,0xF654,0xF654,0xF654,0xF654,0xF654,0xF654,0xF654,0xF654,0xF654,
    0xF654,0xF654,0xF654,0xF654,0xF654,0xF654,0xF654,0xF654,0xF654,0xF654,0xEE33,0xEDF2,
    0xEE12,0xF653,0xF654,0xF654,0xF654,0xF654,0xF654,0xF654,0xF654,0xF654,0xF654,0xF654,
    0xF654,0xF654,0xF654,0xF654,0xF654,0xF654,0xF654,0xF654,0xF654,0xF654,0xF654,0xF654,
    0xF654,0xF654,0xF654,0xF654,0xF654,0xF654,0xF654,0xF654,0xF654,0xF654,0xF654,0xF654,
    0xF654,0xF654,0xF654,0xF654,0xF654,0xF654,0xF654,0xF654,0xF654,0xF654,0xF654,0xF654,
    0xF654,0xF654,0xF654,0xF654,0xF654,0xF654,0xF654,0xF654,0xF654,0xF654,0xF654,0xF654,
    0xF654,0xF654,0xF654,0xF654,0xF654,0xF654,0xEE75,0xB719,0xB71A,0xB71A,0xB71A,0xB71A,
    0xB71A,0xB71A,0xB71A,0xB71A,0xB71A,0xAF1A,0xAEF9,0xAEF9,0xAF1A,0xB71A,0xB71A,0xB71A,
    0xB71A,0xB71A,0xB71A,0xB71A,0xB71A,0x9EF9,0x8ED9,0x8ED9,0x8ED9,0x8ED9,0x8ED9,0x8ED9,
    0x8ED9,0x8ED9,0x8ED9,0x8ED9,0x8ED9,0x8ED9,0x8ED9,0x8ED9,0x8ED9,0x8ED9,0x8ED9,0x8ED9,
    0x8ED9,0x8ED9,0x8ED9,0x8ED9,0x8ED9,0x8ED9,0x8ED9,0x8ED9,0x8ED9,0x8ED9,0x8ED9,0x8ED9,
    0x8ED9,0x8ED9,0x8ED9,0x8ED9,0x8ED9,0x8ED9,0x8ED9,0x8ED9,0x8ED9,0x8ED9,0x8ED9,0x8ED9,
    0x8ED9,0x8ED9,0x8ED9,0x8ED9,0x8ED9,0x8ED9,0x8ED9,0x8ED9,0x8ED9,0x8ED9,0x8ED9,0x8ED9,
    0x8ED9,0x8ED9,0x8ED9,0x8ED9,0x8ED9,0x8ED9,0x8ED9,0x8ED9,0x8ED9,0x8ED9,0x8ED9,0x8ED9,
    0x8ED9,0x8ED9,0x8ED9,0x8ED9,0x8ED9,0x8ED9,0x8ED9,0x8ED9,0x8ED9,0x8ED9,0x8ED9,0x8ED9,
    0x8ED9,0x8ED9,0x8ED9,0x8ED9,0x8ED9,0x8ED9,0x8ED9,0x8ED9,0x8ED9,0x8ED9,0x8ED9,0x8ED9,
    0x8ED9,0x8ED9,0x8ED9,0x8ED9,0x8ED9,0x8ED9,0x8ED9,0x8ED9,0x8ED9,0x8ED9,0x8ED9,0x8ED9,
    0x8ED9,0x8ED9,0x8ED9,0x8ED9,0x8ED9,0x8ED9,0x8ED9,0x8ED9,0x8ED9,0x8ED9,0x8ED9,0x8ED9,
    0x8ED9,0x8ED9,0x8ED9,0x8ED9,0x8ED9,0x8ED9,0x8ED9,0x8ED9,0x8ED9,0x8ED9,0x8ED9,0x8ED9,
    0x8ED9,0x8ED9,0x8ED9,0x8ED9,0x8ED9,0x8ED9,0x8ED9,0x8ED9,0x8ED9,0x8ED9,0x9EF9,0xB71A,
    0xB71A,0xB71A,0xB71A,0xB71A,0xB71A,0xB71A,0xB71A,0xB71A,0xB71A,0xB71A,0xB71A,0xB71A,
    0xB71A,0xB71A,0xB71A,0xB71A,0xB71A,0xB71A,0xB71A,0xB71A,0xB71A,0xEE74,0xF654,0xF654,
    0xF654,0xF654,0xF654,0xF654,0xF654,0xF654,0xF654,0xF654,0xF654,0xF654,0xF654,0xF654,
    0xF654,0xF633,0xEDF2,0xEDF2,0xF654,0xF654,0xF654,0xF654,0xF654,0xF654,0xF654,0xF654,
    0xF654,0xF654,0xF654,0xF654,0xF654,0xF654,0xF654,0xF654,0xF654,0xF654,0xF654,0xF654,
    0xF654,0xF654,0xF654,0xF654,0xF654,0xF654,0xF654,0xF654,0xF654,0xF654,0xF654,0xF654,
    0xF654,0xF654,0xF654,0xF654,0xF654,0xF654,0xF654,0xF654,0xF654,0xF654,0xF654,0xF654,
    0xF654,0xF654,0xF654,0xF654,0xF654,0xF633,0xEDF2,0xEDF2,0xF633,0xF654,0xF654,0xF654,
    0xF654,0xF654,0xF654,0xF654,0xF654,0xF654,0xF654,0xF654,0xF654,0xF654,0xF654,0xF654,
    0xF654,0xF654,0xF654,0xF654,0xF654,0xF654,0xF654,0xF654,0xF654,0xF654,0xF654,0xF654,
    0xF654,0xF654,0xF654,0xF654,0xF654,0xF654,0xF654,0xF654,0xF654,0xF654,0xF654,0xF654,
    0xF654,0xF654,0xF654,0xF654,0xF654,0xF654,0xF654,0xF654,0xF654,0xF654,0xF654,0xF654,
    0xF654,0xF654,0xF654,0xF654,0xF654,0xF654,0xF654,0xF654,0xF654,0xF654,0xF654,0xF654,
    0xF654,0xF654,0xCEB7,0xB71A,0xB71A,0xB71A,0xB71A,0xB71A,0xB71A,0xB71A,0xB71A,0xB71A,
    0xB71A,0xAEF9,0xAEF9,0xAEF9,0xB71A,0xB71A,0xB71A,0xB71A,0xB71A,0xB71A,0xB71A,0xB71A,
    0xA6F9,0x8ED9,0x8ED9,0x8ED9,0x8ED9,0x8ED9,0x8ED9,0x8ED9,0x8ED9,0x8ED9,0x8ED9,0x8ED9,
    0x8ED9,0x8ED9,0x8ED9,0x8ED9,0x8ED9,0x8ED9,0x8ED9,0x8ED9,0x8ED9,0x8ED9,0x8ED9,0x8ED9,
    0x8ED9,0x8ED9,0x8ED9,0x8ED9,0x8ED9,0x8ED9,0x8ED9,0x8ED9,0x8ED9,0x8ED9,0x8ED9,0x8ED9,
    0x8ED9,0x8ED9,0x8ED9,0x8ED9,0x8ED9,0x8ED9,0x8ED9,0x8ED9,0x8ED9,0x8ED9,0x8ED9,0x8ED9,
    0x8ED9,0x8ED9,0x8ED9,0x8ED9,0x8ED9,0x8ED9,0x8ED9,0x8ED9,0x8ED9,0x8ED9,0x8ED9,0x8ED9,
    0x8ED9,0x8ED9,0x8ED9,0x8ED9,0x8ED9,0x8ED9,0x8ED9,0x8ED9,0x8ED9,0x8ED9,0x8ED9,0x8ED9,
    0x8ED9,0x8ED9,0x8ED9,0x8ED9,0x8ED9,0x8ED9,0x8ED9,0x8ED9,0x8ED9,0x8ED9,0x8ED9,0x8ED9,
    0x8ED9,0x8ED9,0x8ED9,0x8ED9,0x8ED9,0x8ED9,0x8ED9,0x8ED9,0x8ED9,0x8ED9,0x8ED9,0x8ED9,
    0x8ED9,0x8ED9,0x8ED9,0x8ED9,0x8ED9,0x8ED9,0x8ED9,0x8ED9,0x8ED9,0x8ED9,0x8ED9,0x8ED9,
    0x8ED9,0x8ED9,0x8ED9,0x8ED9,0x8ED9,0x8ED9,0x8ED9,0x8ED9,0x8ED9,0x8ED9,0x8ED9,0x8ED9,
    0x8ED9,0x8ED9,0x8ED9,0x8ED9,0x8ED9,0x8ED9,0x8ED9,0x8ED9,0x8ED9,0x8ED9,0x8ED9,0x8ED9,
    0x8ED9,0x8ED9,0x8ED9,0x8ED9,0x8ED9,0x8ED9,0x8ED9,0xA6FA,0xB71A,0xB71A,0xB71A,0xB71A,
    0xB71A,0xB71A,0xB71A,0xB71A,0xB71A,0xB71A,0xB71A,0xB71A,0xB71A,0xB71A,0xB71A,0xB71A,
    0xB71A,0xB71A,0xB71A,0xB71A,0xB71A,0xCEB7,0xF654,0xF654,0xF654,0xF654,0xF654,0xF654,
    0xF654,0xF654,0xF654,0xF654,0xF654,0xF654,0xF654,0xF654,0xF654,0xF654,0xEE12,0xEDF2,
    0xEE33,0xF654,0xF654,0xF654,0xF654,0xF654,0xF654,0xF654,0xF654,0xF654,0xF654,0xF654,
    0xF654,0xF654,0xF654,0xF654,0xF654,0xF654,0xF654,0xF654,0xF654,0xF654,0xF654,0xF654,
    0xF654,0xF654,0xF654,0xF654,0xF654,0xF654,0xF654,0xF654,0xF654,0xF654,0xF654,0xF654,
    0xF654,0xF654,0xF654,0xF654,0xF654,0xF654,0xF654,0xF654,0xF654,0xF654,0xF654,0xF654,
    0xF653,0xEE12,0xEDF2,0xEE13,0xF654,0xF654,0xF654,0xF654,0xF654,0xF654,0xF654,0xF654,
    0xF654,0xF654,0xF654,0xF654,0xF654,0xF654,0xF654,0xF654,0xF654,0xF654,0xF654,0xF654,
    0xF654,0xF654,0xF654,0xF654,0xF654,0xF654,0xF654,0xF654,0xF654,0xF654,0xF654,0xF654,
    0xF654,0xF654,0xF654,0xF654,0xF654,0xF654,0xF654,0xF654,0xF654,0xF654,0xF654,0xF654,
    0xF654,0xF654,0xF654,0xF654,0xF654,0xF654,0xF654,0xF654,0xF654,0xF654,0xF654,0xF654,
    0xF654,0xF654,0xF654,0xF654,0xF654,0xF654,0xF654,0xF654,0xF654,0xF654,0xBEF8,0xB71A,
    0xB71A,0xB71A,0xB71A,0xB71A,0xB71A,0xB71A,0xB71A,0xB71A,0xB71A,0xAEF9,0xAEF9,0xAEF9,
    0xB71A,0xB71A,0xB71A,0xB71A,0xB71A,0xB71A,0xB71A,0xB71A,0x96D9,0x8ED9,0x8ED9,0x8ED9,
    0x8ED9,0x8ED9,0x8ED9,0x8ED9,0x8ED9,0x8ED9,0x8ED9,0x8ED9,0x8ED9,0x8ED9,0x8ED9,0x8ED9,
    0x8ED9,0x8ED9,0x8ED9,0x8ED9,0x8ED9,0x8ED9,0x8ED9,0x8ED9,0x8ED9,0x8ED9,0x8ED9,0x8ED9,
    0x8ED9,0x8ED9,0x8ED9,0x8ED9,0x8ED9,0x8ED9,0x8ED9,0x8ED9,0x8ED9,0x8ED9,0x8ED9,0x8ED9,
    0x8ED9,0x8ED9,0x8ED9,0x8ED9,0x8ED9,0x8ED9,0x8ED9,0x8ED9,0x8ED9,0x8ED9,0x8ED9,0x8ED9,
    0x8ED9,0x8ED9,0x8ED9,0x8ED9,0x8ED9,0x8ED9,0x8ED9,0x8ED9,0x8ED9,0x8ED9,0x8ED9,0x8ED9,
    0x8ED9,0x8ED9,0x8ED9,0x8ED9,0x8ED9,0x8ED9,0x8ED9,0x8ED9,0x8ED9,0x8ED9,0x8ED9,0x8ED9,
    0x8ED9,0x8ED9,0x8ED9,0x8ED9,0x8ED9,0x8ED9,0x8ED9,0x8ED9,0x8ED9,0x8ED9,0x8ED9,0x8ED9,
    0x8ED9,0x8ED9,0x8ED9,0x8ED9,0x8ED9,0x8ED9,0x8ED9,0x8ED9,0x8ED9,0x8ED9,0x8ED9,0x8ED9,
    0x8ED9,0x8ED9,0x8ED9,0x8ED9,0x8ED9,0x8ED9,0x8ED9,0x8ED9,0x8ED9,0x8ED9,0x8ED9,0x8ED9,
    0x8ED9,0x8ED9,0x8ED9,0x8ED9,0x8ED9,0x8ED9,0x8ED9,0x8ED9,0x8ED9,0x8ED9,0x8ED9,0x8ED9,
    0x8ED9,0x8ED9,0x8ED9,0x8ED9,0x8ED9,0x8ED9,0x8ED9,0x8ED9,0x8ED9,0x8ED9,0x8ED9,0x8ED9,
    0x8ED9,0x8ED9,0x8ED9,0x96F9,0xB71A,0xB71A,0xB71A,0xB71A,0xB71A,0xB71A,0xB71A,0xB71A,
    0xB71A,0xB71A,0xB71A,0xB71A,0xB71A,0xB71A,0xB71A,0xB71A,0xB71A,0xB71A,0xB71A,0xB71A,
    0xB71A,0xBEF9,0xF654,0xF654,0xF654,0xF654,0xF654,0xF654,0xF654,0xF654,0xF654,0xF654,
    0xF654,0xF654,0xF654,0xF654,0xF654,0xF654,0xF633,0xEDF2,0xEE12,0xF654,0xF654,0xF654,
    0xF654,0xF654,0xF654,0xF654,0xF654,0xF654,0xF654,0xF654,0xF654,0xF654,0xF654,0xF654,
    0xF654,0xF654,0xF654,0xF654,0xF654,0xF654,0xF654,0xF654,0xF654,0xF654,0xF654,0xF654,
    0xF654,0xF654,0xF654,0xF654,0xF654,0xF654,0xF654,0xF654,0xF654,0xF654,0xF654,0xF654,
    0xF654,0xF654,0xF654,0xF654,0xF654,0xF654,0xF654,0xF654,0xEE33,0xEDF2,0xEE12,0xF653,
    0xF654,0xF654,0xF654,0xF654,0xF654,0xF654,0xF654,0xF654,0xF654,0xF654,0xF654,0xF654,
    0xF654,0xF654,0xF654,0xF654,0xF654,0xF654,0xF654,0xF654,0xF654,0xF654,0xF654,0xF654,
    0xF654,0xF654,0xF654,0xF654,0xF654,0xF654,0xF654,0xF654,0xF654,0xF654,0xF654,0xF654,
    0xF654,0xF654,0xF654,0xF654,0xF654,0xF654,0xF654,0xF654,0xF654,0xF654,0xF654,0xF654,
    0xF654,0xF654,0xF654,0xF654,0xF654,0xF654,0xF654,0xF654,0xF654,0xF654,0xF654,0xF654,
    0xF654,0xF654,0xF654,0xF654,0xF654,0xF654,0xB719,0xB71A,0xB71A,0xB71A,0xB71A,0xB71A,
    0xB71A,0xB71A,0xB71A,0xB71A,0xAF19,0xAEF9,0xAEF9,0xB71A,0xB71A,0xB71A,0xB71A,0xB71A,
    0xB71A,0xB71A,0xB71A,0xB71A,0x8ED9,0x8ED9,0x8ED9,0x8ED9,0x8ED9,0x8ED9,0x8ED9,0x8ED9,
    0x8ED9,0x8ED9,0x8ED9,0x8ED9,0x8ED9,0x8ED9,0x8ED9,0x8ED9,0x8ED9,0x8ED9,0x8ED9,0x8ED9,
    0x8ED9,0x8ED9,0x8ED9,0x8ED9,0x8ED9,0x8ED9,0x8ED9,0x8ED9,0x8ED9,0x8ED9,0x8ED9,0x8ED9,
    0x8ED9,0x8ED9,0x8ED9,0x8ED9,0x8ED9,0x8ED9,0x8ED9,0x8ED9,0x8ED9,0x8ED9,0x8ED9,0x8ED9,
    0x8ED9,0x8ED9,0x8ED9,0x8ED9,0x8ED9,0x8ED9,0x8ED9,0x8ED9,0x8ED9,0x8ED9,0x8ED9,0x8ED9,
    0x8ED9,0x8ED9,0x8ED9,0x8ED9,0x8ED9,0x8ED9,0x8ED9,0x8ED9,0x8ED9,0x8ED9,0x8ED9,0x8ED9,
    0x8ED9,0x8ED9,0x8ED9,0x8ED9,0x8ED9,0x8ED9,0x8ED9,0x8ED9,0x8ED9,0x8ED9,0x8ED9,0x8ED9,
    0x8ED9,0x8ED9,0x8ED9,0x8ED9,0x8ED9,0x8ED9,0x8ED9,0x8ED9,0x8ED9,0x8ED9,0x8ED9,0x8ED9,
    0x8ED9,0x8ED9,0x8ED9,0x8ED9,0x8ED9,0x8ED9,0x8ED9,0x8ED9,0x8ED9,0x8ED9,0x8ED9,0x8ED9,
    0x8ED9,0x8ED9,0x8ED9,0x8ED9,0x8ED9,0x8ED9,0x8ED9,0x8ED9,0x8ED9,0x8ED9,0x8ED9,0x8ED9,
    0x8ED9,0x8ED9,0x8ED9,0x8ED9,0x8ED9,0x8ED9,0x8ED9,0x8ED9,0x8ED9,0x8ED9,0x8ED9,0x8ED9,
    0x8ED9,0x8ED9,0x8ED9,0x8ED9,0x8ED9,0x8ED9,0x8ED9,0x8ED9,0x8ED9,0x8ED9,0x8ED9,0x96D9,
    0xB71A,0xB71A,0xB71A,0xB71A,0xB71A,0xB71A,0xB71A,0xB71A,0xB71A,0xB71A,0xB71A,0xB71A,
    0xB71A,0xB71A,0xB71A,0xB71A,0xB71A,0xB71A,0xB71A,0xB71A,0xB71A,0xB6F9,0xF654,0xF654,
    0xF654,0xF654,0xF654,0xF654,0xF654,0xF654,0xF654,0xF654,0xF654,0xF654,0xF654,0xF654,
    0xF654,0xF654,0xF654,0xEE12,0xEDF2,0xF633,0xF654,0xF654,0xF654,0xF654,0xF654,0xF654,
    0xF654,0xF654,0xF654,0xF654,0xF654,0xF654,0xF654,0xF654,0xF654,0xF654,0xF654,0xF654,
    0xF654,0xF654,0xF654,0xF654,0xF654,0xF654,0xF654,0xF654,0xF654,0xF654,0xF654,0xF654,
    0xF654,0xF654,0xF654,0xF654,0xF654,0xF654,0xF654,0xF654,0xF654,0xF654,0xF654,0xF654,
    0xF654,0xF654,0xF654,0xF633,0xEDF2,0xEDF2,0xF633,0xF654,0xF654,0xF654,0xF654,0xF654,
    0xF654,0xF654,0xF654,0xF654,0xF654,0xF654,0xF654,0xF654,0xF654,0xF654,0xF654,0xF654,
    0xF654,0xF654,0xF654,0xF654,0xF654,0xF654,0xF654,0xF654,0xF654,0xF654,0xF654,0xF654,
    0xF654,0xF654,0xF654,0xF654,0xF654,0xF654,0xF654,0xF654,0xF654,0xF654,0xF654,0xF654,
    0xF654,0xF654,0xF654,0xF654,0xF654,0xF654,0xF654,0xF654,0xF654,0xF654,0xF654,0xF654,
    0xF654,0xF654,0xF654,0xF654,0xF654,0xF654,0xF654,0xF654,0xF654,0xF654,0xF654,0xF654,
    0xF654,0xF654,0xB6F9,0xB71A,0xB71A,0xB71A,0xB71A,0xB71A,0xB71A,0xB71A,0xB71A,0xB71A,
    0xAEF9,0xAEF9,0xAEF9,0xB71A,0xB71A,0xB71A,0xB71A,0xB71A,0xB71A,0xB71A,0xB71A,0xB71A,
    0x8ED9,0x8ED9,0x8ED9,0x8ED9,0x8ED9,0x8ED9,0x8ED9,0x8ED9,0x8ED9,0x8ED9,0x8ED9,0x8ED9,
    0x8ED9,0x8ED9,0x8ED9,0x8ED9,0x8ED9,0x8ED9,0x8ED9,0x8ED9,0x8ED9,0x8ED9,0x8ED9,0x8ED9,
    0x8ED9,0x8ED9,0x8ED9,0x8ED9,0x8ED9,0x8ED9,0x8ED9,0x8ED9,0x8ED9,0x8ED9,0x8ED9,0x8ED9,
    0x8ED9,0x8ED9,0x8ED9,0x8ED9,0x8ED9,0x8ED9,0x8ED9,0x8ED9,0x8ED9,0x8ED9,0x8ED9,0x8ED9,
    0x8ED9,0x8ED9,0x8ED9,0x8ED9,0x8ED9,0x8ED9,0x8ED9,0x8ED9,0x8ED9,0x8ED9,0x8ED9,0x8ED9,
    0x8ED9,0x8ED9,0x8ED9,0x8ED9,0x8ED9,0x8ED9,0x8ED9,0x8ED9,0x8ED9,0x8ED9,0x8ED9,0x8ED9,
    0x8ED9,0x8ED9,0x8ED9,0x8ED9,0x8ED9,0x8ED9,0x8ED9,0x8ED9,0x8ED9,0x8ED9,0x8ED9,0x8ED9,
    0x8ED9,0x8ED9,0x8ED9,0x8ED9,0x8ED9,0x8ED9,0x8ED9,0x8ED9,0x8ED9,0x8ED9,0x8ED9,0x8ED9,
    0x8ED9,0x8ED9,0x8ED9,0x8ED9,0x8ED9,0x8ED9,0x8ED9,0x8ED9,0x8ED9,0x8ED9,0x8ED9,0x8ED9,
    0x8ED9,0x8ED9,0x8ED9,0x8ED9,0x8ED9,0x8ED9,0x8ED9,0x8ED9,0x8ED9,0x8ED9,0x8ED9,0x8ED9,
    0x8ED9,0x8ED9,0x8ED9,0x8ED9,0x8ED9,0x8ED9,0x8ED9,0x8ED9,0x8ED9,0x8ED9,0x8ED9,0x8ED9,
    0x8ED9,0x8ED9,0x8ED9,0x8ED9,0x8ED9,0x8ED9,0x8ED9,0x96D9,0xB71A,0xB71A,0xB71A,0xB71A,
    0xB71A,0xB71A,0xB71A,0xB71A,0xB71A,0xB71A,0xB71A,0xB71A,0xB71A,0xB71A,0xB71A,0xB71A,
    0xB71A,0xB71A,0xB71A,0xB71A,0xB71A,0xB6F9,0xF654,0xF654,0xF654,0xF654,0xF654,0xF654,
    0xF654,0xF654,0xF654,0xF654,0xF654,0xF654,0xF654,0xF654,0xF654,0xF654,0xF654,0xEE33,
    0xEDF2,0xEE12,0xF654,0xF654,0xF654,0xF654,0xF654,0xF654,0xF654,0xF654,0xF654,0xF654,
    0xF654,0xF654,0xF654,0xF654,0xF654,0xF654,0xF654,0xF654,0xF654,0xF654,0xF654,0xF654,
    0xF654,0xF654,0xF654,0xF654,0xF654,0xF654,0xF654,0xF654,0xF654,0xF654,0xF654,0xF654,
    0xF654,0xF654,0xF654,0xF654,0xF654,0xF654,0xF654,0xF654,0xF654,0xF654,0xF653,0xEE12,
    0xEDF2,0xEE13,0xF654,0xF654,0xF654,0xF654,0xF654,0xF654,0xF654,0xF654,0xF654,0xF654,
    0xF654,0xF654,0xF654,0xF654,0xF654,0xF654,0xF654,0xF654,0xF654,0xF654,0xF654,0xF654,
    0xF654,0xF654,0xF654,0xF654,0xF654,0xF654,0xF654,0xF654,0xF654,0xF654,0xF654,0xF654,
    0xF654,0xF654,0xF654,0xF654,0xF654,0xF654,0xF654,0xF654,0xF654,0xF654,0xF654,0xF654,
    0xF654,0xF654,0xF654,0xF654,0xF654,0xF654,0xF654,0xF654,0xF654,0xF654,0xF654,0xF654,
    0xF654,0xF654,0xF654,0xF654,0xF654,0xF654,0xF654,0xF654,0xF654,0xF654,0xBEF9,0xB71A,
    0xB71A,0xB71A,0xB71A,0xB71A,0xB71A,0xB71A,0xB71A,0xAF1A,0xAEF9,0xAEF9,0xB71A,0xB71A,
    0xB71A,0xB71A,0xB71A,0xB71A,0xB71A,0xB71A,0xB71A,0xB71A,0x96F9,0x8ED9,0x8ED9,0x8ED9,
    0x8ED9,0x8ED9,0x8ED9,0x8ED9,0x8ED9,0x8ED9,0x8ED9,0x8ED9,0x8ED9,0x8ED9,0x8ED9,0x8ED9,
    0x8ED9,0x8ED9,0x8ED9,0x8ED9,0x8ED9,0x8ED9,0x8ED9,0x8ED9,0x8ED9,0x8ED9,0x8ED9,0x8ED9,
    0x8ED9,0x8ED9,0x8ED9,0x8ED9,0x8ED9,0x8ED9,0x8ED9,0x8ED9,0x8ED9,0x8ED9,0x8ED9,0x8ED9,
    0x8ED9,0x8ED9,0x8ED9,0x8ED9,0x8ED9,0x8ED9,0x8ED9,0x8ED9,0x8ED9,0x8ED9,0x8ED9,0x8ED9,
    0x8ED9,0x8ED9,0x8ED9,0x8ED9,0x8ED9,0x8ED9,0x8ED9,0x8ED9,0x8ED9,0x8ED9,0x8ED9,0x8ED9,
    0x8ED9,0x8ED9,0x8ED9,0x8ED9,0x8ED9,0x8ED9,0x8ED9,0x8ED9,0x8ED9,0x8ED9,0x8ED9,0x8ED9,
    0x8ED9,0x8ED9,0x8ED9,0x8ED9,0x8ED9,0x8ED9,0x8ED9,0x8ED9,0x8ED9,0x8ED9,0x8ED9,0x8ED9,
    0x8ED9,0x8ED9,0x8ED9,0x8ED9,0x8ED9,0x8ED9,0x8ED9,0x8ED9,0x8ED9,0x8ED9,0x8ED9,0x8ED9,
    0x8ED9,0x8ED9,0x8ED9,0x8ED9,0x8ED9,0x8ED9,0x8ED9,0x8ED9,0x8ED9,0x8ED9,0x8ED9,0x8ED9,
    0x8ED9,0x8ED9,0x8ED9,0x8ED9,0x8ED9,0x8ED9,0x8ED9,0x8ED9,0x8ED9,0x8ED9,0x8ED9,0x8ED9,
    0x8ED9,0x8ED9,0x8ED9,0x8ED9,0x8ED9,0x8ED9,0x8ED9,0x8ED9,0x8ED9,0x8ED9,0x8ED9,0x8ED9,
    0x8ED9,0x8ED9,0x8ED9,0x96F9,0xB71A,0xB71A,0xB71A,0xB71A,0xB71A,0xB71A,0xB71A,0xB71A,
    0xB71A,0xB71A,0xB71A,0xB71A,0xB71A,0xB71A,0xB71A,0xB71A,0xB71A,0xB71A,0xB71A,0xB71A,
    0xB71A,0xBEF8,0xF654,0xF654,0xF654,0xF654,0xF654,0xF654,0xF654,0xF654,0xF654,0xF654,
    0xF654,0xF654,0xF654,0xF654,0xF654,0xF654,0xF654,0xF653,0xEDF2,0xEDF2,0xF633,0xF654,
    0xF654,0xF654,0xF654,0xF654,0xF654,0xF654,0xF654,0xF654,0xF654,0xF654,0xF654,0xF654,
    0xF654,0xF654,0xF654,0xF654,0xF654,0xF654,0xF654,0xF654,0xF654,0xF654,0xF654,0xF654,
    0xF654,0xF654,0xF654,0xF654,0xF654,0xF654,0xF654,0xF654,0xF654,0xF654,0xF654,0xF654,
    0xF654,0xF654,0xF654,0xF654,0xF654,0xF654,0xEE33,0xEDF2,0xEE12,0xF653,0xF654,0xF654,
    0xF654,0xF654,0xF654,0xF654,0xF654,0xF654,0xF654,0xF654,0xF654,0xF654,0xF654,0xF654,
    0xF654,0xF654,0xF654,0xF654,0xF654,0xF654,0xF654,0xF654,0xF654,0xF654,0xF654,0xF654,
    0xF654,0xF654,0xF654,0xF654,0xF654,0xF654,0xF654,0xF654,0xF654,0xF654,0xF654,0xF654,
    0xF654,0xF654,0xF654,0xF654,0xF654,0xF654,0xF654,0xF654,0xF654,0xF654,0xF654,0xF654,
    0xF654,0xF654,0xF654,0xF654,0xF654,0xF654,0xF654,0xF654,0xF654,0xF654,0xF654,0xF654,
    0xF654,0xF654,0xF654,0xF654,0xF654,0xF654,0xCEB7,0xB71A,0xB71A,0xB71A,0xB71A,0xB71A,
    0xB71A,0xB71A,0xB71A,0xAEF9,0xAEF9,0xAEF9,0xB71A,0xB71A,0xB71A,0xB71A,0xB71A,0xB71A,
    0xB71A,0xB71A,0xB71A,0xB71A,0xA6F9,0x8ED9,0x8ED9,0x8ED9,0x8ED9,0x8ED9,0x8ED9,0x8ED9,
    0x8ED9,0x8ED9,0x8ED9,0x8ED9,0x8ED9,0x8ED9,0x8ED9,0x8ED9,0x8ED9,0x8ED9,0x8ED9,0x8ED9,
    0x8ED9,0x8ED9,0x8ED9,0x8ED9,0x8ED9,0x8ED9,0x8ED9,0x8ED9,0x8ED9,0x8ED9,0x8ED9,0x8ED9,
    0x8ED9,0x8ED9,0x8ED9,0x8ED9,0x8ED9,0x8ED9,0x8ED9,0x8ED9,0x8ED9,0x8ED9,0x8ED9,0x8ED9,
    0x8ED9,0x8ED9,0x8ED9,0x8ED9,0x8ED9,0x8ED9,0x8ED9,0x8ED9,0x8ED9,0x8ED9,0x8ED9,0x8ED9,
    0x8ED9,0x8ED9,0x8ED9,0x8ED9,0x8ED9,0x8ED9,0x8ED9,0x8ED9,0x8ED9,0x8ED9,0x8ED9,0x8ED9,
    0x8ED9,0x8ED9,0x8ED9,0x8ED9,0x8ED9,0x8ED9,0x8ED9,0x8ED9,0x8ED9,0x8ED9,0x8ED9,0x8ED9,
    0x8ED9,0x8ED9,0x8ED9,0x8ED9,0x8ED9,0x8ED9,0x8ED9,0x8ED9,0x8ED9,0x8ED9,0x8ED9,0x8ED9,
    0x8ED9,0x8ED9,0x8ED9,0x8ED9,0x8ED9,0x8ED9,0x8ED9,0x8ED9,0x8ED9,0x8ED9,0x8ED9,0x8ED9,
    0x8ED9,0x8ED9,0x8ED9,0x8ED9,0x8ED9,0x8ED9,0x8ED9,0x8ED9,0x8ED9,0x8ED9,0x8ED9,0x8ED9,
    0x8ED9,0x8ED9,0x8ED9,0x8ED9,0x8ED9,0x8ED9,0x8ED9,0x8ED9,0x8ED9,0x8ED9,0x8ED9,0x8ED9,
    0x8ED9,0x8ED9,0x8ED9,0x8ED9,0x8ED9,0x8ED9,0x8ED9,0x8ED9,0x8ED9,0x8ED9,0x8ED9,0xA6F9,
    0xB71A,0xB71A,0xB71A,0xB71A,0xB71A,0xB71A,0xB71A,0xB71A,0xB71A,0xB71A,0xB71A,0xB71A,
    0xB71A,0xB71A,0xB71A,0xB71A,0xB71A,0xB71A,0xB71A,0xB71A,0xB71A,0xCEB7,0xF654,0xF654,
    0xF654,0xF654,0xF654,0xF654,0xF654,0xF654,0xF654,0xF654,0xF654,0xF654,0xF654,0xF654,
    0xF654,0xF654,0xF654,0xF654,0xEE33,0xEDF2,0xEE13,0xF654,0xF654,0xF654,0xF654,0xF654,
    0xF654,0xF654,0xF654,0xF654,0xF654,0xF654,0xF654,0xF654,0xF654,0xF654,0xF654,0xF654,
    0xF654,0xF654,0xF654,0xF654,0xF654,0xF654,0xF654,0xF654,0xF654,0xF654,0xF654,0xF654,
    0xF654,0xF654,0xF654,0xF654,0xF654,0xF654,0xF654,0xF654,0xF654,0xF654,0xF654,0xF654,
    0xF654,0xF633,0xEDF2,0xEDF2,0xF633,0xF654,0xF654,0xF654,0xF654,0xF654,0xF654,0xF654,
    0xF654,0xF654,0xF654,0xF654,0xF654,0xF654,0xF654,0xF654,0xF654,0xF654,0xF654,0xF654,
    0xF654,0xF654,0xF654,0xF654,0xF654,0xF654,0xF654,0xF654,0xF654,0xF654,0xF654,0xF654,
    0xF654,0xF654,0xF654,0xF654,0xF654,0xF654,0xF654,0xF654,0xF654,0xF654,0xF654,0xF654,
    0xF654,0xF654,0xF654,0xF654,0xF654,0xF654,0xF654,0xF654,0xF654,0xF654,0xF654,0xF654,
    0xF654,0xF654,0xF654,0xF654,0xF654,0xF654,0xF654,0xF654,0xF654,0xF654,0xF654,0xF654,
    0xF654,0xF654,0xEE75,0xB71A,0xB71A,0xB71A,0xB71A,0xB71A,0xB71A,0xB71A,0xAF1A,0xAEF9,
    0xAEF9,0xAF1A,0xB71A,0xB71A,0xB71A,0xB71A,0xB71A,0xB71A,0xB71A,0xB71A,0xB71A,0xB71A,
    0xB71A,0x9EF9,0x8ED9,0x8ED9,0x8ED9,0x8ED9,0x8ED9,0x8ED9,0x8ED9,0x8ED9,0x8ED9,0x8ED9,
    0x8ED9,0x8ED9,0x8ED9,0x8ED9,0x8ED9,0x8ED9,0x8ED9,0x8ED9,0x8ED9,0x8ED9,0x8ED9,0x8ED9,
    0x8ED9,0x8ED9,0x8ED9,0x8ED9,0x8ED9,0x8ED9,0x8ED9,0x8ED9,0x8ED9,0x8ED9,0x8ED9,0x8ED9,
    0x8ED9,0x8ED9,0x8ED9,0x8ED9,0x8ED9,0x8ED9,0x8ED9,0x8ED9,0x8ED9,0x8ED9,0x8ED9,0x8ED9,
    0x8ED9,0x8ED9,0x8ED9,0x8ED9,0x8ED9,0x8ED9,0x8ED9,0x8ED9,0x8ED9,0x8ED9,0x8ED9,0x8ED9,
    0x8ED9,0x8ED9,0x8ED9,0x8ED9,0x8ED9,0x8ED9,0x8ED9,0x8ED9,0x8ED9,0x8ED9,0x8ED9,0x8ED9,
    0x8ED9,0x8ED9,0x8ED9,0x8ED9,0x8ED9,0x8ED9,0x8ED9,0x8ED9,0x8ED9,0x8ED9,0x8ED9,0x8ED9,
    0x8ED9,0x8ED9,0x8ED9,0x8ED9,0x8ED9,0x8ED9,0x8ED9,0x8ED9,0x8ED9,0x8ED9,0x8ED9,0x8ED9,
    0x8ED9,0x8ED9,0x8ED9,0x8ED9,0x8ED9,0x8ED9,0x8ED9,0x8ED9,0x8ED9,0x8ED9,0x8ED9,0x8ED9,
    0x8ED9,0x8ED9,0x8ED9,0x8ED9,0x8ED9,0x8ED9,0x8ED9,0x8ED9,0x8ED9,0x8ED9,0x8ED9,0x8ED9,
    0x8ED9,0x8ED9,0x8ED9,0x8ED9,0x8ED9,0x8ED9,0x8ED9,0x8ED9,0x8ED9,0x8ED9,0x8ED9,0x8ED9,
    0x8ED9,0x8ED9,0x8ED9,0x8ED9,0x8ED9,0x8ED9,0x9EF9,0xB71A,0xB71A,0xB71A,0xB71A,0xB71A,
    0xB71A,0xB71A,0xB71A,0xB71A,0xB71A,0xB71A,0xB71A,0xB71A,0xB71A,0xB71A,0xB71A,0xB71A,
    0xB71A,0xB71A,0xB71A,0xB71A,0xB719,0xEE54,0xF654,0xF654,0xF654,0xF654,0xF654,0xF654,
    0xF654,0xF654,0xF654,0xF654,0xF654,0xF654,0xF654,0xF654,0xF654,0xF654,0xF654,0xF654,
    0xF653,0xEDF2,0xEDF2,0xF653,0xF654,0xF654,0xF654,0xF654,0xF654,0xF654,0xF654,0xF654,
    0xF654,0xF654,0xF654,0xF654,0xF654,0xF654,0xF654,0xF654,0xF654,0xF654,0xF654,0xF654,
    0xF654,0xF654,0xF654,0xF654,0xF654,0xF654,0xF654,0xF654,0xF654,0xF654,0xF654,0xF654,
    0xF654,0xF654,0xF654,0xF654,0xF654,0xF654,0xF654,0xF654,0xF653,0xEE12,0xEDF2,0xEE13,
    0xF654,0xF654,0xF654,0xF654,0xF654,0xF654,0xF654,0xF654,0xF654,0xF654,0xF654,0xF654,
    0xF654,0xF654,0xF654,0xF654,0xF654,0xF654,0xF654,0xF654,0xF654,0xF654,0xF654,0xF654,
    0xF654,0xF654,0xF654,0xF654,0xF654,0xF654,0xF654,0xF654,0xF654,0xF654,0xF654,0xF654,
    0xF654,0xF654,0xF654,0xF654,0xF654,0xF654,0xF654,0xF654,0xF654,0xF654,0xF654,0xF654,
    0xF654,0xF654,0xF654,0xF654,0xF654,0xF654,0xF654,0xF654,0xF654,0xF654,0xF654,0xF654,
    0xF654,0xF654,0xF654,0xF654,0xF654,0xF654,0xF654,0xF654,0xF654,0xF654,0xF654,0xCEB7,
    0xB71A,0xB71A,0xB71A,0xB71A,0xB71A,0xB71A,0xAEF9,0xAEF9,0xAEF9,0xB71A,0xB71A,0xB71A,
    0xB71A,0xB71A,0xB71A,0xB71A,0xB71A,0xB71A,0xB71A,0xB71A,0xB71A,0xAEFA,0x9EF9,0x8ED9,
    0x8ED9,0x8ED9,0x8ED9,0x8ED9,0x8ED9,0x8ED9,0x8ED9,0x8ED9,0x8ED9,0x8ED9,0x8ED9,0x8ED9,
    0x8ED9,0x8ED9,0x8ED9,0x8ED9,0x8ED9,0x8ED9,0x8ED9,0x8ED9,0x8ED9,0x8ED9,0x8ED9,0x8ED9,
    0x8ED9,0x8ED9,0x8ED9,0x8ED9,0x8ED9,0x8ED9,0x8ED9,0x8ED9,0x8ED9,0x8ED9,0x8ED9,0x8ED9,
    0x8ED9,0x8ED9,0x8ED9,0x8ED9,0x8ED9,0x8ED9,0x8ED9,0x8ED9,0x8ED9,0x8ED9,0x8ED9,0x8ED9,
    0x8ED9,0x8ED9,0x8ED9,0x8ED9,0x8ED9,0x8ED9,0x8ED9,0x8ED9,0x8ED9,0x8ED9,0x8ED9,0x8ED9,
    0x8ED9,0x8ED9,0x8ED9,0x8ED9,0x8ED9,0x8ED9,0x8ED9,0x8ED9,0x8ED9,0x8ED9,0x8ED9,0x8ED9,
    0x8ED9,0x8ED9,0x8ED9,0x8ED9,0x8ED9,0x8ED9,0x8ED9,0x8ED9,0x8ED9,0x8ED9,0x8ED9,0x8ED9,
    0x8ED9,0x8ED9,0x8ED9,0x8ED9,0x8ED9,0x8ED9,0x8ED9,0x8ED9,0x8ED9,0x8ED9,0x8ED9,0x8ED9,
    0x8ED9,0x8ED9,0x8ED9,0x8ED9,0x8ED9,0x8ED9,0x8ED9,0x8ED9,0x8ED9,0x8ED9,0x8ED9,0x8ED9,
    0x8ED9,0x8ED9,0x8ED9,0x8ED9,0x8ED9,0x8ED9,0x8ED9,0x8ED9,0x8ED9,0x8ED9,0x8ED9,0x8ED9,
    0x8ED9,0x8ED9,0x8ED9,0x8ED9,0x8ED9,0x8ED9,0x8ED9,0x8ED9,0x8ED9,0x8ED9,0x8ED9,0x8ED9,
    0x8ED9,0x9EF9,0xAEFA,0xB71A,0xB71A,0xB71A,0xB71A,0xB71A,0xB71A,0xB71A,0xB71A,0xB71A,
    0xB71A,0xB71A,0xB71A,0xB71A,0xB71A,0xB71A,0xB71A,0xB71A,0xB71A,0xB71A,0xB71A,0xB71A,
    0xCEB7,0xF654,0xF654,0xF654,0xF654,0xF654,0xF654,0xF654,0xF654,0xF654,0xF654,0xF654,
    0xF654,0xF654,0xF654,0xF654,0xF654,0xF654,0xF654,0xF654,0xF654,0xEE13,0xEDF2,0xEE33,
    0xF654,0xF654,0xF654,0xF654,0xF654,0xF654,0xF654,0xF654,0xF654,0xF654,0xF654,0xF654,
    0xF654,0xF654,0xF654,0xF654,0xF654,0xF654,0xF654,0xF654,0xF654,0xF654,0xF654,0xF654,
    0xF654,0xF654,0xF654,0xF654,0xF654,0xF654,0xF654,0xF654,0xF654,0xF654,0xF654,0xF654,
    0xF654,0xF654,0xF654,0xF654,0xEE33,0xEDF2,0xEE12,0xF653,0xF654,0xF654,0xF654,0xF654,
    0xF654,0xF654,0xF654,0xF654,0xF654,0xF654,0xF654,0xF654,0xF654,0xF654,0xF654,0xF654,
    0xF654,0xF654,0xF654,0xF654,0xF654,0xF654,0xF654,0xF654,0xF654,0xF654,0xF654,0xF654,
    0xF654,0xF654,0xF654,0xF654,0xF654,0xF654,0xF654,0xF654,0xF654,0xF654,0xF654,0xF654,
    0xF654,0xF654,0xF654,0xF654,0xF654,0xF654,0xF654,0xF654,0xF654,0xF654,0xF654,0xF654,
    0xF654,0xF654,0xF654,0xF654,0xF654,0xF654,0xF654,0xF654,0xF654,0xF654,0xF654,0xF654,
    0xF654,0xF654,0xF654,0xF654,0xF654,0xF654,0xF654,0xEE54,0xBEF9,0xB71A,0xB71A,0xB71A,
    0xB71A,0xAF1A,0xAEF9,0xAEF9,0xAF1A,0xB71A,0xB71A,0xB71A,0xB71A,0xB71A,0xB71A,0xB71A,
    0xB71A,0xB71A,0xB71A,0xB71A,0xB71A,0xB71A,0xAEFA,0x9EF9,0x8ED9,0x8ED9,0x8ED9,0x8ED9,
    0x8ED9,0x8ED9,0x8ED9,0x8ED9,0x8ED9,0x8ED9,0x8ED9,0x8ED9,0x8ED9,0x8ED9,0x8ED9,0x8ED9,
    0x8ED9,0x8ED9,0x8ED9,0x8ED9,0x8ED9,0x8ED9,0x8ED9,0x8ED9,0x8ED9,0x8ED9,0x8ED9,0x8ED9,
    0x8ED9,0x8ED9,0x8ED9,0x8ED9,0x8ED9,0x8ED9,0x8ED9,0x8ED9,0x8ED9,0x8ED9,0x8ED9,0x8ED9,
    0x8ED9,0x8ED9,0x8ED9,0x8ED9,0x8ED9,0x8ED9,0x8ED9,0x8ED9,0x8ED9,0x8ED9,0x8ED9,0x8ED9,
    0x8ED9,0x8ED9,0x8ED9,0x8ED9,0x8ED9,0x8ED9,0x8ED9,0x8ED9,0x8ED9,0x8ED9,0x8ED9,0x8ED9,
    0x8ED9,0x8ED9,0x8ED9,0x8ED9,0x8ED9,0x8ED9,0x8ED9,0x8ED9,0x8ED9,0x8ED9,0x8ED9,0x8ED9,
    0x8ED9,0x8ED9,0x8ED9,0x8ED9,0x8ED9,0x8ED9,0x8ED9,0x8ED9,0x8ED9,0x8ED9,0x8ED9,0x8ED9,
    0x8ED9,0x8ED9,0x8ED9,0x8ED9,0x8ED9,0x8ED9,0x8ED9,0x8ED9,0x8ED9,0x8ED9,0x8ED9,0x8ED9,
    0x8ED9,0x8ED9,0x8ED9,0x8ED9,0x8ED9,0x8ED9,0x8ED9,0x8ED9,0x8ED9,0x8ED9,0x8ED9,0x8ED9,
    0x8ED9,0x8ED9,0x8ED9,0x8ED9,0x8ED9,0x8ED9,0x8ED9,0x8ED9,0x8ED9,0x8ED9,0x8ED9,0x8ED9,
    0x8ED9,0x8ED9,0x8ED9,0x8ED9,0x8ED9,0x8ED9,0x8ED9,0x8ED9,0x9EF9,0xAEFA,0xB71A,0xB71A,
    0xB71A,0xB71A,0xB71A,0xB71A,0xB71A,0xB71A,0xB71A,0xB71A,0xB71A,0xB71A,0xB71A,0xB71A,
    0xB71A,0xB71A,0xB71A,0xB71A,0xB71A,0xB71A,0xB71A,0xBEF9,0xEE54,0xF654,0xF654,0xF654,
    0xF654,0xF654,0xF654,0xF654,0xF654,0xF654,0xF654,0xF654,0xF654,0xF654,0xF654,0xF654,
    0xF654,0xF654,0xF654,0xF654,0xF654,0xF633,0xEDF2,0xEDF2,0xF654,0xF654,0xF654,0xF654,
    0xF654,0xF654,0xF654,0xF654,0xF654,0xF654,0xF654,0xF654,0xF654,0xF654,0xF654,0xF654,
    0xF654,0xF654,0xF654,0xF654,0xF654,0xF654,0xF654,0xF654,0xF654,0xF654,0xF654,0xF654,
    0xF654,0xF654,0xF654,0xF654,0xF654,0xF654,0xF654,0xF654,0xF654,0xF654,0xF654,0xF633,
    0xEDF2,0xEDF2,0xF633,0xF654,0xF654,0xF654,0xF654,0xF654,0xF654,0xF654,0xF654,0xF654,
    0xF654,0xF654,0xF654,0xF654,0xF654,0xF654,0xF654,0xF654,0xF654,0xF654,0xF654,0xF654,
    0xF654,0xF654,0xF654,0xF654,0xF654,0xF654,0xF654,0xF654,0xF654,0xF654,0xF654,0xF654,
    0xF654,0xF654,0xF654,0xF654,0xF654,0xF654,0xF654,0xF654,0xF654,0xF654,0xF654,0xF654,
    0xF654,0xF654,0xF654,0xF654,0xF654,0xF654,0xF654,0xF654,0xF654,0xF654,0xF654,0xF654,
    0xF654,0xF654,0xF654,0xF654,0xF654,0xF654,0xF654,0xF654,0xF654,0xF654,0xF654,0xF654,
    0xF654,0xF654,0xF654,0xF654,0xEE75,0xB6F9,0xB71A,0xB71A,0xB71A,0xAEF9,0xAEF9,0xAEF9,
    0xB71A,0xB71A,0xB71A,0xB71A,0xB71A,0xB71A,0xB71A,0xB71A,0xB71A,0xB71A,0xB71A,0xB71A,
    0xB71A,0xB71A,0xB71A,0xB71A,0xA6F9,0x96F9,0x8ED9,0x8ED9,0x8ED9,0x8ED9,0x8ED9,0x8ED9,
    0x8ED9,0x8ED9,0x8ED9,0x8ED9,0x8ED9,0x8ED9,0x8ED9,0x8ED9,0x8ED9,0x8ED9,0x8ED9,0x8ED9,
    0x8ED9,0x8ED9,0x8ED9,0x8ED9,0x8ED9,0x8ED9,0x8ED9,0x8ED9,0x8ED9,0x8ED9,0x8ED9,0x8ED9,
    0x8ED9,0x8ED9,0x8ED9,0x8ED9,0x8ED9,0x8ED9,0x8ED9,0x8ED9,0x8ED9,0x8ED9,0x8ED9,0x8ED9,
    0x8ED9,0x8ED9,0x8ED9,0x8ED9,0x8ED9,0x8ED9,0x8ED9,0x8ED9,0x8ED9,0x8ED9,0x8ED9,0x8ED9,
    0x8ED9,0x8ED9,0x8ED9,0x8ED9,0x8ED9,0x8ED9,0x8ED9,0x8ED9,0x8ED9,0x8ED9,0x8ED9,0x8ED9,
    0x8ED9,0x8ED9,0x8ED9,0x8ED9,0x8ED9,0x8ED9,0x8ED9,0x8ED9,0x8ED9,0x8ED9,0x8ED9,0x8ED9,
    0x8ED9,0x8ED9,0x8ED9,0x8ED9,0x8ED9,0x8ED9,0x8ED9,0x8ED9,0x8ED9,0x8ED9,0x8ED9,0x8ED9,
    0x8ED9,0x8ED9,0x8ED9,0x8ED9,0x8ED9,0x8ED9,0x8ED9,0x8ED9,0x8ED9,0x8ED9,0x8ED9,0x8ED9,
    0x8ED9,0x8ED9,0x8ED9,0x8ED9,0x8ED9,0x8ED9,0x8ED9,0x8ED9,0x8ED9,0x8ED9,0x8ED9,0x8ED9,
    0x8ED9,0x8ED9,0x8ED9,0x8ED9,0x8ED9,0x8ED9,0x8ED9,0x8ED9,0x8ED9,0x8ED9,0x8ED9,0x8ED9,
    0x8ED9,0x8ED9,0x96D9,0xA6F9,0xB71A,0xB71A,0xB71A,0xB71A,0xB71A,0xB71A,0xB71A,0xB71A,
    0xB71A,0xB71A,0xB71A,0xB71A,0xB71A,0xB71A,0xB71A,0xB71A,0xB71A,0xB71A,0xB71A,0xB71A,
    0xB71A,0xB71A,0xB6F9,0xEE75,0xF654,0xF654,0xF654,0xF654,0xF654,0xF654,0xF654,0xF654,
    0xF654,0xF654,0xF654,0xF654,0xF654,0xF654,0xF654,0xF654,0xF654,0xF654,0xF654,0xF654,
    0xF654,0xF654,0xEE12,0xEDF2,0xEE33,0xF654,0xF654,0xF654,0xF654,0xF654,0xF654,0xF654,
    0xF654,0xF654,0xF654,0xF654,0xF654,0xF654,0xF654,0xF654,0xF654,0xF654,0xF654,0xF654,
    0xF654,0xF654,0xF654,0xF654,0xF654,0xF654,0xF654,0xF654,0xF654,0xF654,0xF654,0xF654,
    0xF654,0xF654,0xF654,0xF654,0xF654,0xF654,0xF653,0xEE12,0xEDF2,0xEE13,0xF654,0xF654,
    0xF654,0xF654,0xF654,0xF654,0xF654,0xF654,0xF654,0xF654,0xF654,0xF654,0xF654,0xF654,
    0xF654,0xF654,0xF654,0xF654,0xF654,0xF654,0xF654,0xF654,0xF654,0xF654,0xF654,0xF654,
    0xF654,0xF654,0xF654,0xF654,0xF654,0xF654,0xF654,0xF654,0xF654,0xF654,0xF654,0xF654,
    0xF654,0xF654,0xF654,0xF654,0xF654,0xF654,0xF654,0xF654,0xF654,0xF654,0xF654,0xF654,
    0xF654,0xF654,0xF654,0xF654,0xF654,0xF654,0xF654,0xF654,0xF654,0xF654,0xF654,0xF654,
    0xF654,0xF654,0xF654,0xF654,0xF654,0xF654,0xF654,0xF654,0xF654,0xF654,0xF654,0xF654,
    0xF654,0xE675,0xB6F9,0xB71A,0xB71A,0xAEF9,0xAEF9,0xAEF9,0xB71A,0xB71A,0xB71A,0xB71A,
    0xB71A,0xB71A,0xB71A,0xB71A,0xB71A,0xB71A,0xB71A,0xB71A,0xB71A,0xB71A,0xB71A,0xB71A,
    0xB71A,0xAEFA,0x9EFA,0x8ED9,0x8ED9,0x8ED9,0x8ED9,0x8ED9,0x8ED9,0x8ED9,0x8ED9,0x8ED9,
    0x8ED9,0x8ED9,0x8ED9,0x8ED9,0x8ED9,0x8ED9,0x8ED9,0x8ED9,0x8ED9,0x8ED9,0x8ED9,0x8ED9,
    0x8ED9,0x8ED9,0x8ED9,0x8ED9,0x8ED9,0x8ED9,0x8ED9,0x8ED9,0x8ED9,0x8ED9,0x8ED9,0x8ED9,
    0x8ED9,0x8ED9,0x8ED9,0x8ED9,0x8ED9,0x8ED9,0x8ED9,0x8ED9,0x8ED9,0x8ED9,0x8ED9,0x8ED9,
    0x8ED9,0x8ED9,0x8ED9,0x8ED9,0x8ED9,0x8ED9,0x8ED9,0x8ED9,0x8ED9,0x8ED9,0x8ED9,0x8ED9,
    0x8ED9,0x8ED9,0x8ED9,0x8ED9,0x8ED9,0x8ED9,0x8ED9,0x8ED9,0x8ED9,0x8ED9,0x8ED9,0x8ED9,
    0x8ED9,0x8ED9,0x8ED9,0x8ED9,0x8ED9,0x8ED9,0x8ED9,0x8ED9,0x8ED9,0x8ED9,0x8ED9,0x8ED9,
    0x8ED9,0x8ED9,0x8ED9,0x8ED9,0x8ED9,0x8ED9,0x8ED9,0x8ED9,0x8ED9,0x8ED9,0x8ED9,0x8ED9,
    0x8ED9,0x8ED9,0x8ED9,0x8ED9,0x8ED9,0x8ED9,0x8ED9,0x8ED9,0x8ED9,0x8ED9,0x8ED9,0x8ED9,
    0x8ED9,0x8ED9,0x8ED9,0x8ED9,0x8ED9,0x8ED9,0x8ED9,0x8ED9,0x8ED9,0x8ED9,0x8ED9,0x8ED9,
    0x8ED9,0x8ED9,0x8ED9,0x8ED9,0x8ED9,0x8ED9,0x8ED9,0x8ED9,0x8ED9,0x9EF9,0xAF1A,0xB71A,
    0xB71A,0xB71A,0xB71A,0xB71A,0xB71A,0xB71A,0xB71A,0xB71A,0xB71A,0xB71A,0xB71A,0xB71A,
    0xB71A,0xB71A,0xB71A,0xB71A,0xB71A,0xB71A,0xB71A,0xB71A,0xB71A,0xB6F9,0xEE75,0xF654,
    0xF654,0xF654,0xF654,0xF654,0xF654,0xF654,0xF654,0xF654,0xF654,0xF654,0xF654,0xF654,
    0xF654,0xF654,0xF654,0xF654,0xF654,0xF654,0xF654,0xF654,0xF654,0xF654,0xF633,0xEDF2,
    0xEE12,0xF654,0xF654,0xF654,0xF654,0xF654,0xF654,0xF654,0xF654,0xF654,0xF654,0xF654,
    0xF654,0xF654,0xF654,0xF654,0xF654,0xF654,0xF654,0xF654,0xF654,0xF654,0xF654,0xF654,
    0xF654,0xF654,0xF654,0xF654,0xF654,0xF654,0xF654,0xF654,0xF654,0xF654,0xF654,0xF654,
    0xF654,0xF654,0xEE33,0xEDF2,0xEE12,0xF653,0xF654,0xF654,0xF654,0xF654,0xF654,0xF654,
    0xF654,0xF654,0xF654,0xF654,0xF654,0xF654,0xF654,0xF654,0xF654,0xF654,0xF654,0xF654,
    0xF654,0xF654,0xF654,0xF654,0xF654,0xF654,0xF654,0xF654,0xF654,0xF654,0xF654,0xF654,
    0xF654,0xF654,0xF654,0xF654,0xF654,0xF654,0xF654,0xF654,0xF654,0xF654,0xF654,0xF654,
    0xF654,0xF654,0xF654,0xF654,0xF654,0xF654,0xF654,0xF654,0xF654,0xF654,0xF654,0xF654,
    0xF654,0xF654,0xF654,0xF654,0xF654,0xF654,0xF654,0xF654,0xF654,0xF654,0xF654,0xF654,
    0xF654,0xF654,0xF654,0xF654,0xF654,0xF654,0xF654,0xF654,0xF654,0xF654,0xEE54,0xC6D8,
    0xAF19,0xAEF9,0xAEF9,0xB71A,0xB71A,0xB71A,0xB71A,0xB71A,0xB71A,0xB71A,0xB71A,0xB71A,
    0xB71A,0xB71A,0xB71A,0xB71A,0xB71A,0xB71A,0xB71A,0xB71A,0xB71A,0xB71A,0xB71A,0xAEFA,
    0x9EF9,0x96D9,0x8ED9,0x8ED9,0x8ED9,0x8ED9,0x8ED9,0x8ED9,0x8ED9,0x8ED9,0x8ED9,0x8ED9,
    0x8ED9,0x8ED9,0x8ED9,0x8ED9,0x8ED9,0x8ED9,0x8ED9,0x8ED9,0x8ED9,0x8ED9,0x8ED9,0x8ED9,
    0x8ED9,0x8ED9,0x8ED9,0x8ED9,0x8ED9,0x8ED9,0x8ED9,0x8ED9,0x8ED9,0x8ED9,0x8ED9,0x8ED9,
    0x8ED9,0x8ED9,0x8ED9,0x8ED9,0x8ED9,0x8ED9,0x8ED9,0x8ED9,0x8ED9,0x8ED9,0x8ED9,0x8ED9,
    0x8ED9,0x8ED9,0x8ED9,0x8ED9,0x8ED9,0x8ED9,0x8ED9,0x8ED9,0x8ED9,0x8ED9,0x8ED9,0x8ED9,
    0x8ED9,0x8ED9,0x8ED9,0x8ED9,0x8ED9,0x8ED9,0x8ED9,0x8ED9,0x8ED9,0x8ED9,0x8ED9,0x8ED9,
    0x8ED9,0x8ED9,0x8ED9,0x8ED9,0x8ED9,0x8ED9,0x8ED9,0x8ED9,0x8ED9,0x8ED9,0x8ED9,0x8ED9,
    0x8ED9,0x8ED9,0x8ED9,0x8ED9,0x8ED9,0x8ED9,0x8ED9,0x8ED9,0x8ED9,0x8ED9,0x8ED9,0x8ED9,
    0x8ED9,0x8ED9,0x8ED9,0x8ED9,0x8ED9,0x8ED9,0x8ED9,0x8ED9,0x8ED9,0x8ED9,0x8ED9,0x8ED9,
    0x8ED9,0x8ED9,0x8ED9,0x8ED9,0x8ED9,0x8ED9,0x8ED9,0x8ED9,0x8ED9,0x8ED9,0x8ED9,0x8ED9,
    0x8ED9,0x8ED9,0x8ED9,0x9EF9,0xAEFA,0xB71A,0xB71A,0xB71A,0xB71A,0xB71A,0xB71A,0xB71A,
    0xB71A,0xB71A,0xB71A,0xB71A,0xB71A,0xB71A,0xB71A,0xB71A,0xB71A,0xB71A,0xB71A,0xB71A,
    0xB71A,0xB71A,0xB71A,0xB71A,0xC6D8,0xEE54,0xF654,0xF654,0xF654,0xF654,0xF654,0xF654,
    0xF654,0xF654,0xF654,0xF654,0xF654,0xF654,0xF654,0xF654,0xF654,0xF654,0xF654,0xF654,
    0xF654,0xF654,0xF654,0xF654,0xF654,0xF654,0xF654,0xEE12,0xEDF2,0xF633,0xF654,0xF654,
    0xF654,0xF654,0xF654,0xF654,0xF654,0xF654,0xF654,0xF654,0xF654,0xF654,0xF654,0xF654,
    0xF654,0xF654,0xF654,0xF654,0xF654,0xF654,0xF654,0xF654,0xF654,0xF654,0xF654,0xF654,
    0xF654,0xF654,0xF654,0xF654,0xF654,0xF654,0xF654,0xF654,0xF654,0xF633,0xEDF2,0xEDF2,
    0xF633,0xF654,0xF654,0xF654,0xF654,0xF654,0xF654,0xF654,0xF654,0xF654,0xF654,0xF654,
    0xF654,0xF654,0xF654,0xF654,0xF654,0xF654,0xF654,0xF654,0xF654,0xF654,0xF654,0xF654,
    0xF654,0xF654,0xF654,0xF654,0xF654,0xF654,0xF654,0xF654,0xF654,0xF654,0xF654,0xF654,
    0xF654,0xF654,0xF654,0xF654,0xF654,0xF654,0xF654,0xF654,0xF654,0xF654,0xF654,0xF654,
    0xF654,0xF654,0xF654,0xF654,0xF654,0xF654,0xF654,0xF654,0xF654,0xF654,0xF654,0xF654,
    0xF654,0xF654,0xF654,0xF654,0xF654,0xF654,0xF654,0xF654,0xF654,0xF654,0xF654,0xF654,
    0xF654,0xF654,0xF654,0xF654,0xF654,0xF654,0xF654,0xF654,0xCE96,0xAEF9,0xAEF9,0xB71A,
    0xB71A,0xB71A,0xB71A,0xB71A,0xB71A,0xB71A,0xB71A,0xB71A,0xB71A,0xB71A,0xB71A,0xB71A,
    0xB71A,0xB71A,0xB71A,0xB71A,0xB71A,0xB71A,0xB71A,0xB71A,0xB71A,0xAEFA,0xA6F9,0x96D9,
    0x8ED9,0x8ED9,0x8ED9,0x8ED9,0x8ED9,0x8ED9,0x8ED9,0x8ED9,0x8ED9,0x8ED9,0x8ED9,0x8ED9,
    0x8ED9,0x8ED9,0x8ED9,0x8ED9,0x8ED9,0x8ED9,0x8ED9,0x8ED9,0x8ED9,0x8ED9,0x8ED9,0x8ED9,
    0x8ED9,0x8ED9,0x8ED9,0x8ED9,0x8ED9,0x8ED9,0x8ED9,0x8ED9,0x8ED9,0x8ED9,0x8ED9,0x8ED9,
    0x8ED9,0x8ED9,0x8ED9,0x8ED9,0x8ED9,0x8ED9,0x8ED9,0x8ED9,0x8ED9,0x8ED9,0x8ED9,0x8ED9,
    0x8ED9,0x8ED9,0x8ED9,0x8ED9,0x8ED9,0x8ED9,0x8ED9,0x8ED9,0x8ED9,0x8ED9,0x8ED9,0x8ED9,
    0x8ED9,0x8ED9,0x8ED9,0x8ED9,0x8ED9,0x8ED9,0x8ED9,0x8ED9,0x8ED9,0x8ED9,0x8ED9,0x8ED9,
    0x8ED9,0x8ED9,0x8ED9,0x8ED9,0x8ED9,0x8ED9,0x8ED9,0x8ED9,0x8ED9,0x8ED9,0x8ED9,0x8ED9,
    0x8ED9,0x8ED9,0x8ED9,0x8ED9,0x8ED9,0x8ED9,0x8ED9,0x8ED9,0x8ED9,0x8ED9,0x8ED9,0x8ED9,
    0x8ED9,0x8ED9,0x8ED9,0x8ED9,0x8ED9,0x8ED9,0x8ED9,0x8ED9,0x8ED9,0x8ED9,0x8ED9,0x8ED9,
    0x8ED9,0x8ED9,0x8ED9,0x8ED9,0x8ED9,0x8ED9,0x8ED9,0x8ED9,0x96F9,0x9EF9,0xAF19,0xB71A,
    0xB71A,0xB71A,0xB71A,0xB71A,0xB71A,0xB71A,0xB71A,0xB71A,0xB71A,0xB71A,0xB71A,0xB71A,
    0xB71A,0xB71A,0xB71A,0xB71A,0xB71A,0xB71A,0xB71A,0xB71A,0xB71A,0xB71A,0xB71A,0xCEB7,
    0xF654,0xF654,0xF654,0xF654,0xF654,0xF654,0xF654,0xF654,0xF654,0xF654,0xF654,0xF654,
    0xF654,0xF654,0xF654,0xF654,0xF654,0xF654,0xF654,0xF654,0xF654,0xF654,0xF654,0xF654,
    0xF654,0xF654,0xF654,0xEE33,0xEDF2,0xEE12,0xF654,0xF654,0xF654,0xF654,0xF654,0xF654,
    0xF654,0xF654,0xF654,0xF654,0xF654,0xF654,0xF654,0xF654,0xF654,0xF654,0xF654,0xF654,
    0xF654,0xF654,0xF654,0xF654,0xF654,0xF654,0xF654,0xF654,0xF654,0xF654,0xF654,0xF654,
    0xF654,0xF654,0xF654,0xF654,0xF653,0xEE12,0xEDF2,0xEE13,0xF654,0xF654,0xF654,0xF654,
    0xF654,0xF654,0xF654,0xF654,0xF654,0xF654,0xF654,0xF654,0xF654,0xF654,0xF654,0xF654,
    0xF654,0xF654,0xF654,0xF654,0xF654,0xF654,0xF654,0xF654,0xF654,0xF654,0xF654,0xF654,
    0xF654,0xF654,0xF654,0xF654,0xF654,0xF654,0xF654,0xF654,0xF654,0xF654,0xF654,0xF654,
    0xF654,0xF654,0xF654,0xF654,0xF654,0xF654,0xF654,0xF654,0xF654,0xF654,0xF654,0xF654,
    0xF654,0xF654,0xF654,0xF654,0xF654,0xF654,0xF654,0xF654,0xF654,0xF654,0xF654,0xF654,
    0xF654,0xF654,0xF654,0xF654,0xF654,0xF654,0xF654,0xF654,0xF654,0xF654,0xF654,0xF654,
    0xF654,0xF654,0xF654,0xF653,0xEDF2,0xDE34,0xBEF9,0xB71A,0xB71A,0xB71A,0xB71A,0xB71A,
    0xB71A,0xB71A,0xB71A,0xB71A,0xB71A,0xB71A,0xB71A,0xB71A,0xB71A,0xB71A,0xB71A,0xB71A,
    0xB71A,0xB71A,0xB71A,0xB71A,0xB71A,0xB71A,0xB71A,0xB71A,0xAEF9,0x9EF9,0x96D9,0x8ED9,
    0x8ED9,0x8ED9,0x8ED9,0x8ED9,0x8ED9,0x8ED9,0x8ED9,0x8ED9,0x8ED9,0x8ED9,0x8ED9,0x8ED9,
    0x8ED9,0x8ED9,0x8ED9,0x8ED9,0x8ED9,0x8ED9,0x8ED9,0x8ED9,0x8ED9,0x8ED9,0x8ED9,0x8ED9,
    0x8ED9,0x8ED9,0x8ED9,0x8ED9,0x8ED9,0x8ED9,0x8ED9,0x8ED9,0x8ED9,0x8ED9,0x8ED9,0x8ED9,
    0x8ED9,0x8ED9,0x8ED9,0x8ED9,0x8ED9,0x8ED9,0x8ED9,0x8ED9,0x8ED9,0x8ED9,0x8ED9,0x8ED9,
    0x8ED9,0x8ED9,0x8ED9,0x8ED9,0x8ED9,0x8ED9,0x8ED9,0x8ED9,0x8ED9,0x8ED9,0x8ED9,0x8ED9,
    0x8ED9,0x8ED9,0x8ED9,0x8ED9,0x8ED9,0x8ED9,0x8ED9,0x8ED9,0x8ED9,0x8ED9,0x8ED9,0x8ED9,
    0x8ED9,0x8ED9,0x8ED9,0x8ED9,0x8ED9,0x8ED9,0x8ED9,0x8ED9,0x8ED9,0x8ED9,0x8ED9,0x8ED9,
    0x8ED9,0x8ED9,0x8ED9,0x8ED9,0x8ED9,0x8ED9,0x8ED9,0x8ED9,0x8ED9,0x8ED9,0x8ED9,0x8ED9,
    0x8ED9,0x8ED9,0x8ED9,0x8ED9,0x8ED9,0x8ED9,0x8ED9,0x8ED9,0x8ED9,0x8ED9,0x8ED9,0x8ED9,
    0x8ED9,0x96D9,0x9EF9,0xAEF9,0xB71A,0xB71A,0xB71A,0xB71A,0xB71A,0xB71A,0xB71A,0xB71A,
    0xB71A,0xB71A,0xB71A,0xB71A,0xB71A,0xB71A,0xB71A,0xB71A,0xB71A,0xB71A,0xB71A,0xB71A,
    0xB71A,0xB71A,0xB71A,0xB71A,0xB71A,0xBEF9,0xE695,0xF654,0xF654,0xF654,0xF654,0xF654,
    0xF654,0xF654,0xF654,0xF654,0xF654,0xF654,0xF654,0xF654,0xF654,0xF654,0xF654,0xF654,
    0xF654,0xF654,0xF654,0xF654,0xF654,0xF654,0xF654,0xF654,0xF654,0xF654,0xF654,0xF653,
    0xEDF2,0xEDF2,0xF633,0xF654,0xF654,0xF654,0xF654,0xF654,0xF654,0xF654,0xF654,0xF654,
    0xF654,0xF654,0xF654,0xF654,0xF654,0xF654,0xF654,0xF654,0xF654,0xF654,0xF654,0xF654,
    0xF654,0xF654,0xF654,0xF654,0xF654,0xF654,0xF654,0xF654,0xF654,0xF654,0xF654,0xF654,
    0xEE33,0xEDF2,0xEE12,0xF653,0xF654,0xF654,0xF654,0xF654,0xF654,0xF654,0xF654,0xF654,
    0xF654,0xF654,0xF654,0xF654,0xF654,0xF654,0xF654,0xF654,0xF654,0xF654,0xF654,0xF654,
    0xF654,0xF654,0xF654,0xF654,0xF654,0xF654,0xF654,0xF654,0xF654,0xF654,0xF654,0xF654,
    0xF654,0xF654,0xF654,0xF654,0xF654,0xF654,0xF654,0xF654,0xF654,0xF654,0xF654,0xF654,
    0xF654,0xF654,0xF654,0xF654,0xF654,0xF654,0xF654,0xF654,0xF654,0xF654,0xF654,0xF654,
    0xF654,0xF654,0xF654,0xF654,0xF654,0xF654,0xF654,0xF654,0xF654,0xF654,0xF654,0xF654,
    0xF654,0xF654,0xF654,0xF654,0xF654,0xF654,0xF654,0xF654,0xF654,0xF654,0xF654,0xEE13,
    0xEDF2,0xEE13,0xF654,0xD696,0xB6F9,0xB71A,0xB71A,0xB71A,0xB71A,0xB71A,0xB71A,0xB71A,
    0xB71A,0xB71A,0xB71A,0xB71A,0xB71A,0xB71A,0xB71A,0xB71A,0xB71A,0xB71A,0xB71A,0xB71A,
    0xB71A,0xB71A,0xB71A,0xB71A,0xB71A,0xB71A,0xAEFA,0xA6F9,0x9EF9,0x96D9,0x8ED9,0x8ED9,
    0x8ED9,0x8ED9,0x8ED9,0x8ED9,0x8ED9,0x8ED9,0x8ED9,0x8ED9,0x8ED9,0x8ED9,0x8ED9,0x8ED9,
    0x8ED9,0x8ED9,0x8ED9,0x8ED9,0x8ED9,0x8ED9,0x8ED9,0x8ED9,0x8ED9,0x8ED9,0x8ED9,0x8ED9,
    0x8ED9,0x8ED9,0x8ED9,0x8ED9,0x8ED9,0x8ED9,0x8ED9,0x8ED9,0x8ED9,0x8ED9,0x8ED9,0x8ED9,
    0x8ED9,0x8ED9,0x8ED9,0x8ED9,0x8ED9,0x8ED9,0x8ED9,0x8ED9,0x8ED9,0x8ED9,0x8ED9,0x8ED9,
    0x8ED9,0x8ED9,0x8ED9,0x8ED9,0x8ED9,0x8ED9,0x8ED9,0x8ED9,0x8ED9,0x8ED9,0x8ED9,0x8ED9,
    0x8ED9,0x8ED9,0x8ED9,0x8ED9,0x8ED9,0x8ED9,0x8ED9,0x8ED9,0x8ED9,0x8ED9,0x8ED9,0x8ED9,
    0x8ED9,0x8ED9,0x8ED9,0x8ED9,0x8ED9,0x8ED9,0x8ED9,0x8ED9,0x8ED9,0x8ED9,0x8ED9,0x8ED9,
    0x8ED9,0x8ED9,0x8ED9,0x8ED9,0x8ED9,0x8ED9,0x8ED9,0x8ED9,0x8ED9,0x8ED9,0x8ED9,0x8ED9,
    0x8ED9,0x8ED9,0x8ED9,0x8ED9,0x8ED9,0x8ED9,0x96D9,0x9EF9,0xA6F9,0xB719,0xB71A,0xB71A,
    0xB71A,0xB71A,0xB71A,0xB71A,0xB71A,0xB71A,0xB71A,0xB71A,0xB71A,0xB71A,0xB71A,0xB71A,
    0xB71A,0xB71A,0xB71A,0xB71A,0xB71A,0xB71A,0xB71A,0xB71A,0xB71A,0xB71A,0xB71A,0xB6F9,
    0xD6B7,0xF654,0xF654,0xF654,0xF654,0xF654,0xF654,0xF654,0xF654,0xF654,0xF654,0xF654,
    0xF654,0xF654,0xF654,0xF654,0xF654,0xF654,0xF654,0xF654,0xF654,0xF654,0xF654,0xF654,
    0xF654,0xF654,0xF654,0xF654,0xF654,0xF654,0xF654,0xF654,0xEE33,0xEDF2,0xEE13,0xF654,
    0xF654,0xF654,0xF654,0xF654,0xF654,0xF654,0xF654,0xF654,0xF654,0xF654,0xF654,0xF654,
    0xF654,0xF654,0xF654,0xF654,0xF654,0xF654,0xF654,0xF654,0xF654,0xF654,0xF654,0xF654,
    0xF654,0xF654,0xF654,0xF654,0xF654,0xF654,0xF654,0xF654,0xEDF2,0xEDF2,0xF633,0xF654,
    0xF654,0xF654,0xF654,0xF654,0xF654,0xF654,0xF654,0xF654,0xF654,0xF654,0xF654,0xF654,
    0xF654,0xF654,0xF654,0xF654,0xF654,0xF654,0xF654,0xF654,0xF654,0xF654,0xF654,0xF654,
    0xF654,0xF654,0xF654,0xF654,0xF654,0xF654,0xF654,0xF654,0xF654,0xF654,0xF654,0xF654,
    0xF654,0xF654,0xF654,0xF654,0xF654,0xF654,0xF654,0xF654,0xF654,0xF654,0xF654,0xF654,
    0xF654,0xF654,0xF654,0xF654,0xF654,0xF654,0xF654,0xF654,0xF654,0xF654,0xF654,0xF654,
    0xF654,0xF654,0xF654,0xF654,0xF654,0xF654,0xF654,0xF654,0xF654,0xF654,0xF654,0xF654,
    0xF654,0xF654,0xF654,0xF654,0xF654,0xF654,0xF653,0xEDF2,0xEDF2,0xF633,0xF654,0xF654,
    0xEE74,0xCEB7,0xB719,0xB71A,0xB71A,0xB71A,0xB71A,0xB71A,0xB71A,0xB71A,0xB71A,0xB71A,
    0xB71A,0xB71A,0xB71A,0xB71A,0xB71A,0xB71A,0xB71A,0xB71A,0xB71A,0xB71A,0xB71A,0xB71A,
    0xB71A,0xB71A,0xB71A,0xB71A,0xB71A,0xB71A,0xAEF9,0xA6F9,0x9EF9,0x96D9,0x8ED9,0x8ED9,
    0x8ED9,0x8ED9,0x8ED9,0x8ED9,0x8ED9,0x8ED9,0x8ED9,0x8ED9,0x8ED9,0x8ED9,0x8ED9,0x8ED9,
    0x8ED9,0x8ED9,0x8ED9,0x8ED9,0x8ED9,0x8ED9,0x8ED9,0x8ED9,0x8ED9,0x8ED9,0x8ED9,0x8ED9,
    0x8ED9,0x8ED9,0x8ED9,0x8ED9,0x8ED9,0x8ED9,0x8ED9,0x8ED9,0x8ED9,0x8ED9,0x8ED9,0x8ED9,
    0x8ED9,0x8ED9,0x8ED9,0x8ED9,0x8ED9,0x8ED9,0x8ED9,0x8ED9,0x8ED9,0x8ED9,0x8ED9,0x8ED9,
    0x8ED9,0x8ED9,0x8ED9,0x8ED9,0x8ED9,0x8ED9,0x8ED9,0x8ED9,0x8ED9,0x8ED9,0x8ED9,0x8ED9,
    0x8ED9,0x8ED9,0x8ED9,0x8ED9,0x8ED9,0x8ED9,0x8ED9,0x8ED9,0x8ED9,0x8ED9,0x8ED9,0x8ED9,
    0x8ED9,0x8ED9,0x8ED9,0x8ED9,0x8ED9,0x8ED9,0x8ED9,0x8ED9,0x8ED9,0x8ED9,0x8ED9,0x8ED9,
    0x8ED9,0x8ED9,0x8ED9,0x8ED9,0x8ED9,0x8ED9,0x8ED9,0x8ED9,0x8ED9,0x8ED9,0x96D9,0x9EF9,
    0xA6F9,0xAEFA,0xB71A,0xB71A,0xB71A,0xB71A,0xB71A,0xB71A,0xB71A,0xB71A,0xB71A,0xB71A,
    0xB71A,0xB71A,0xB71A,0xB71A,0xB71A,0xB71A,0xB71A,0xB71A,0xB71A,0xB71A,0xB71A,0xB71A,
    0xB71A,0xB71A,0xB71A,0xB71A,0xB71A,0xB6F9,0xCEB7,0xEE54,0xF654,0xF654,0xF654,0xF654,
    0xF654,0xF654,0xF654,0xF654,0xF654,0xF654,0xF654,0xF654,0xF654,0xF654,0xF654,0xF654,
    0xF654,0xF654,0xF654,0xF654,0xF654,0xF654,0xF654,0xF654,0xF654,0xF654,0xF654,0xF654,
    0xF654,0xF654,0xF654,0xF654,0xF653,0xEDF2,0xEDF2,0xF653,0xF654,0xF654,0xF654,0xF654,
    0xF654,0xF654,0xF654,0xF654,0xF654,0xF654,0xF654,0xF654,0xF654,0xF654,0xF654,0xF654,
    0xF654,0xF654,0xF654,0xF654,0xF654,0xF654,0xF654,0xF654,0xF654,0xF654,0xF654,0xF654,
    0xF654,0xF654,0xF654,0xF654,0xEDF2,0xEE13,0xF654,0xF654,0xF654,0xF654,0xF654,0xF654,
    0xF654,0xF654,0xF654,0xF654,0xF654,0xF654,0xF654,0xF654,0xF654,0xF654,0xF654,0xF654,
    0xF654,0xF654,0xF654,0xF654,0xF654,0xF654,0xF654,0xF654,0xF654,0xF654,0xF654,0xF654,
    0xF654,0xF654,0xF654,0xF654,0xF654,0xF654,0xF654,0xF654,0xF654,0xF654,0xF654,0xF654,
    0xF654,0xF654,0xF654,0xF654,0xF654,0xF654,0xF654,0xF654,0xF654,0xF654,0xF654,0xF654,
    0xF654,0xF654,0xF654,0xF654,0xF654,0xF654,0xF654,0xF654,0xF654,0xF654,0xF654,0xF654,
    0xF654,0xF654,0xF654,0xF654,0xF654,0xF654,0xF654,0xF654,0xF654,0xF654,0xF654,0xF654,
    0xF654,0xF654,0xEE33,0xEDF2,0xEE13,0xF654,0xF654,0xF654,0xF654,0xF654,0xEE54,0xD6B7,
    0xB6F9,0xB71A,0xB71A,0xB71A,0xB71A,0xB71A,0xB71A,0xB71A,0xB71A,0xB71A,0xB71A,0xB71A,
    0xB71A,0xB71A,0xB71A,0xB71A,0xB71A,0xB71A,0xB71A,0xB71A,0xB71A,0xB71A,0xB71A,0xB71A,
    0xB71A,0xB71A,0xB71A,0xB71A,0xB71A,0xB719,0xAEF9,0xA6F9,0x9EF9,0x96D9,0x8ED9,0x8ED9,
    0x8ED9,0x8ED9,0x8ED9,0x8ED9,0x8ED9,0x8ED9,0x8ED9,0x8ED9,0x8ED9,0x8ED9,0x8ED9,0x8ED9,
    0x8ED9,0x8ED9,0x8ED9,0x8ED9,0x8ED9,0x8ED9,0x8ED9,0x8ED9,0x8ED9,0x8ED9,0x8ED9,0x8ED9,
    0x8ED9,0x8ED9,0x8ED9,0x8ED9,0x8ED9,0x8ED9,0x8ED9,0x8ED9,0x8ED9,0x8ED9,0x8ED9,0x8ED9,
    0x8ED9,0x8ED9,0x8ED9,0x8ED9,0x8ED9,0x8ED9,0x8ED9,0x8ED9,0x8ED9,0x8ED9,0x8ED9,0x8ED9,
    0x8ED9,0x8ED9,0x8ED9,0x8ED9,0x8ED9,0x8ED9,0x8ED9,0x8ED9,0x8ED9,0x8ED9,0x8ED9,0x8ED9,
    0x8ED9,0x8ED9,0x8ED9,0x8ED9,0x8ED9,0x8ED9,0x8ED9,0x8ED9,0x8ED9,0x8ED9,0x8ED9,0x8ED9,
    0x8ED9,0x8ED9,0x8ED9,0x8ED9,0x8ED9,0x8ED9,0x8ED9,0x8ED9,0x8ED9,0x8ED9,0x8ED9,0x8ED9,
    0x8ED9,0x8ED9,0x96D9,0x9EF9,0xA6F9,0xAEF9,0xB719,0xB71A,0xB71A,0xB71A,0xB71A,0xB71A,
    0xB71A,0xB71A,0xB71A,0xB71A,0xB71A,0xB71A,0xB71A,0xB71A,0xB71A,0xB71A,0xB71A,0xB71A,
    0xB71A,0xB71A,0xB71A,0xB71A,0xB71A,0xB71A,0xB71A,0xB71A,0xB71A,0xB71A,0xB71A,0xB6F9,
    0xD6B7,0xEE54,0xF654,0xF654,0xF654,0xF654,0xF654,0xF654,0xF654,0xF654,0xF654,0xF654,
    0xF654,0xF654,0xF654,0xF654,0xF654,0xF654,0xF654,0xF654,0xF654,0xF654,0xF654,0xF654,
    0xF654,0xF654,0xF654,0xF654,0xF654,0xF654,0xF654,0xF654,0xF654,0xF654,0xF654,0xF654,
    0xF654,0xEE13,0xEDF2,0xEE33,0xF654,0xF654,0xF654,0xF654,0xF654,0xF654,0xF654,0xF654,
    0xF654,0xF654,0xF654,0xF654,0xF654,0xF654,0xF654,0xF654,0xF654,0xF654,0xF654,0xF654,
    0xF654,0xF654,0xF654,0xF654,0xF654,0xF654,0xF654,0xF654,0xF654,0xF654,0xF654,0xF654,
    0xF633,0xF653,0xF654,0xF654,0xF654,0xF654,0xF654,0xF654,0xF654,0xF654,0xF654,0xF654,
    0xF654,0xF654,0xF654,0xF654,0xF654,0xF654,0xF654,0xF654,0xF654,0xF654,0xF654,0xF654,
    0xF654,0xF654,0xF654,0xF654,0xF654,0xF654,0xF654,0xF654,0xF654,0xF654,0xF654,0xF654,
    0xF654,0xF654,0xF654,0xF654,0xF654,0xF654,0xF654,0xF654,0xF654,0xF654,0xF654,0xF654,
    0xF654,0xF654,0xF654,0xF654,0xF654,0xF654,0xF654,0xF654,0xF654,0xF654,0xF654,0xF654,
    0xF654,0xF654,0xF654,0xF654,0xF654,0xF654,0xF654,0xF654,0xF654,0xF654,0xF654,0xF654,
    0xF654,0xF654,0xF654,0xF654,0xF654,0xF654,0xF654,0xF654,0xF654,0xF654,0xEDF2,0xEDF2,
    0xF633,0xF654,0xF654,0xF654,0xF654,0xF654,0xF654,0xF654,0xF654,0xD696,0xBEF8,0xB71A,
    0xB71A,0xB71A,0xB71A,0xB71A,0xB71A,0xB71A,0xB71A,0xB71A,0xB71A,0xB71A,0xB71A,0xB71A,
    0xB71A,0xB71A,0xB71A,0xB71A,0xB71A,0xB71A,0xB71A,0xB71A,0xB71A,0xB71A,0xB71A,0xB71A,
    0xB71A,0xB71A,0xB71A,0xB71A,0xB71A,0xB71A,0xAF1A,0xA6F9,0x9EF9,0x9EF9,0x96D9,0x8ED9,
    0x8ED9,0x8ED9,0x8ED9,0x8ED9,0x8ED9,0x8ED9,0x8ED9,0x8ED9,0x8ED9,0x8ED9,0x8ED9,0x8ED9,
    0x8ED9,0x8ED9,0x8ED9,0x8ED9,0x8ED9,0x8ED9,0x8ED9,0x8ED9,0x8ED9,0x8ED9,0x8ED9,0x8ED9,
    0x8ED9,0x8ED9,0x8ED9,0x8ED9,0x8ED9,0x8ED9,0x8ED9,0x8ED9,0x8ED9,0x8ED9,0x8ED9,0x8ED9,
    0x8ED9,0x8ED9,0x8ED9,0x8ED9,0x8ED9,0x8ED9,0x8ED9,0x8ED9,0x8ED9,0x8ED9,0x8ED9,0x8ED9,
    0x8ED9,0x8ED9,0x8ED9,0x8ED9,0x8ED9,0x8ED9,0x8ED9,0x8ED9,0x8ED9,0x8ED9,0x8ED9,0x8ED9,
    0x8ED9,0x8ED9,0x8ED9,0x8ED9,0x8ED9,0x8ED9,0x8ED9,0x8ED9,0x8ED9,0x8ED9,0x8ED9,0x8ED9,
    0x8ED9,0x8ED9,0x8ED9,0x8ED9,0x8ED9,0x96D9,0x9EF9,0xA6F9,0xA6FA,0xAF1A,0xB71A,0xB71A,
    0xB71A,0xB71A,0xB71A,0xB71A,0xB71A,0xB71A,0xB71A,0xB71A,0xB71A,0xB71A,0xB71A,0xB71A,
    0xB71A,0xB71A,0xB71A,0xB71A,0xB71A,0xB71A,0xB71A,0xB71A,0xB71A,0xB71A,0xB71A,0xB71A,
    0xB71A,0xB71A,0xB71A,0xB71A,0xB71A,0xBEF9,0xD696,0xF654,0xF654,0xF654,0xF654,0xF654,
    0xF654,0xF654,0xF654,0xF654,0xF654,0xF654,0xF654,0xF654,0xF654,0xF654,0xF654,0xF654,
    0xF654,0xF654,0xF654,0xF654,0xF654,0xF654,0xF654,0xF654,0xF654,0xF654,0xF654,0xF654,
    0xF654,0xF654,0xF654,0xF654,0xF654,0xF654,0xF654,0xF654,0xF654,0xF633,0xEDF2,0xEDF2,
    0xF654,0xF654,0xF654,0xF654,0xF654,0xF654,0xF654,0xF654,0xF654,0xF654,0xF654,0xF654,
    0xF654,0xF654,0xF654,0xF654,0xF654,0xF654,0xF654,0xF654,0xF654,0xF654,0xF654,0xF654,
    0xF654,0xF654,0xF654,0xF654,0xF654,0xF654,0xF654,0xF654,0xF654,0xF654,0xF654,0xF654,
    0xF654,0xF654,0xF654,0xF654,0xF654,0xF654,0xF654,0xF654,0xF654,0xF654,0xF654,0xF654,
    0xF654,0xF654,0xF654,0xF654,0xF654,0xF654,0xF654,0xF654,0xF654,0xF654,0xF654,0xF654,
    0xF654,0xF654,0xF654,0xF654,0xF654,0xF654,0xF654,0xF654,0xF654,0xF654,0xF654,0xF654,
    0xF654,0xF654,0xF654,0xF654,0xF654,0xF654,0xF654,0xF654,0xF654,0xF654,0xF654,0xF654,
    0xF654,0xF654,0xF654,0xF654,0xF654,0xF654,0xF654,0xF654,0xF654,0xF654,0xF654,0xF654,
    0xF654,0xF654,0xF654,0xF654,0xF654,0xF654,0xF654,0xF654,0xF654,0xF654,0xF654,0xF654,
    0xF654,0xF654,0xF654,0xF654,0xF654,0xF633,0xEDF2,0xEE12,0xF654,0xF654,0xF654,0xF654,
    0xF654,0xF654,0xF654,0xF654,0xF654,0xF654,0xF654,0xEE75,0xCEB7,0xB6F9,0xB71A,0xB71A,
    0xB71A,0xB71A,0xB71A,0xB71A,0xB71A,0xB71A,0xB71A,0xB71A,0xB71A,0xB71A,0xB71A,0xB71A,
    0xB71A,0xB71A,0xB71A,0xB71A,0xB71A,0xB71A,0xB71A,0xB71A,0xB71A,0xB71A,0xB71A,0xB71A,
    0xB71A,0xB71A,0xB71A,0xB71A,0xB71A,0xB71A,0xB71A,0xAF1A,0xAEF9,0xA6F9,0xA6F9,0x9EF9,
    0x96D9,0x96D9,0x8ED9,0x8ED9,0x8ED9,0x8ED9,0x8ED9,0x8ED9,0x8ED9,0x8ED9,0x8ED9,0x8ED9,
    0x8ED9,0x8ED9,0x8ED9,0x8ED9,0x8ED9,0x8ED9,0x8ED9,0x8ED9,0x8ED9,0x8ED9,0x8ED9,0x8ED9,
    0x8ED9,0x8ED9,0x8ED9,0x8ED9,0x8ED9,0x8ED9,0x8ED9,0x8ED9,0x8ED9,0x8ED9,0x8ED9,0x8ED9,
    0x8ED9,0x8ED9,0x8ED9,0x8ED9,0x8ED9,0x8ED9,0x8ED9,0x8ED9,0x8ED9,0x8ED9,0x8ED9,0x8ED9,
    0x8ED9,0x8ED9,0x8ED9,0x8ED9,0x8ED9,0x8ED9,0x8ED9,0x8ED9,0x8ED9,0x8ED9,0x8ED9,0x8ED9,
    0x8ED9,0x8ED9,0x8ED9,0x8ED9,0x8ED9,0x8ED9,0x96D9,0x96F9,0x9EF9,0xA6F9,0xA6F9,0xAEFA,
    0xAF1A,0xB71A,0xB71A,0xB71A,0xB71A,0xB71A,0xB71A,0xB71A,0xB71A,0xB71A,0xB71A,0xB71A,
    0xB71A,0xB71A,0xB71A,0xB71A,0xB71A,0xB71A,0xB71A,0xB71A,0xB71A,0xB71A,0xB71A,0xB71A,
    0xB71A,0xB71A,0xB71A,0xB71A,0xB71A,0xB71A,0xB71A,0xB71A,0xB71A,0xB71A,0xB6F9,0xCEB7,
    0xE675,0xF654,0xF654,0xF654,0xF654,0xF654,0xF654,0xF654,0xF654,0xF654,0xF654,0xF654,
    0xF654,0xF654,0xF654,0xF654,0xF654,0xF654,0xF654,0xF654,0xF654,0xF654,0xF654,0xF654,
    0xF654,0xF654,0xF654,0xF654,0xF654,0xF654,0xF654,0xF654,0xF654,0xF654,0xF654,0xF654,
    0xF654,0xF654,0xF654,0xF654,0xF654,0xF654,0xEE12,0xEDF2,0xEE33,0xF654,0xF654,0xF654,
    0xF654,0xF654,0xF654,0xF654,0xF654,0xF654,0xF654,0xF654,0xF654,0xF654,0xF654,0xF654,
    0xF654,0xF654,0xF654,0xF654,0xF654,0xF654,0xF654,0xF654,0xF654,0xF654,0xF654,0xF654,
    0xF654,0xF654,0xF654,0xF654,0xF654,0xF654,0xF654,0xF654,0xF654,0xF654,0xF654,0xF654,
    0xF654,0xF654,0xF654,0xF654,0xF654,0xF654,0xF654,0xF654,0xF654,0xF654,0xF654,0xF654,
    0xF654,0xF654,0xF654,0xF654,0xF654,0xF654,0xF654,0xF654,0xF654,0xF654,0xF654,0xF654,
    0xF654,0xF654,0xF654,0xF654,0xF654,0xF654,0xF654,0xF654,0xF654,0xF654,0xF654,0xF654,
    0xF654,0xF654,0xF654,0xF654,0xF654,0xF654,0xF654,0xF654,0xF654,0xF654,0xF654,0xF654,
    0xF654,0xF654,0xF654,0xF654,0xF654,0xF654,0xF654,0xF654,0xF654,0xF654,0xF654,0xF654,
    0xF654,0xF654,0xF654,0xF654,0xF654,0xF654,0xF654,0xF654,0xF654,0xF654,0xF654,0xF654,
    0xF654,0xEE12,0xEDF2,0xF633,0xF654,0xF654,0xF654,0xF654,0xF654,0xF654,0xF654,0xF654,
    0xF654,0xF654,0xF654,0xF654,0xF654,0xF654,0xDE96,0xC6D8,0xB719,0xB71A,0xB71A,0xB71A,
    0xB71A,0xB71A,0xB71A,0xB71A,0xB71A,0xB71A,0xB71A,0xB71A,0xB71A,0xB71A,0xB71A,0xB71A,
    0xB71A,0xB71A,0xB71A,0xB71A,0xB71A,0xB71A,0xB71A,0xB71A,0xB71A,0xB71A,0xB71A,0xB71A,
    0xB71A,0xB71A,0xB71A,0xB71A,0xB71A,0xB71A,0xB71A,0xB71A,0xB71A,0xB71A,0xAF1A,0xAEF9,
    0xA6FA,0xA6F9,0x9EF9,0x9EF9,0x96D9,0x96D9,0x96D9,0x8ED9,0x8ED9,0x8ED9,0x8ED9,0x8ED9,
    0x8ED9,0x8ED9,0x8ED9,0x8ED9,0x8ED9,0x8ED9,0x8ED9,0x8ED9,0x8ED9,0x8ED9,0x8ED9,0x8ED9,
    0x8ED9,0x8ED9,0x8ED9,0x8ED9,0x8ED9,0x8ED9,0x8ED9,0x8ED9,0x8ED9,0x8ED9,0x8ED9,0x8ED9,
    0x8ED9,0x8ED9,0x8ED9,0x8ED9,0x8ED9,0x8ED9,0x8ED9,0x8ED9,0x8ED9,0x8ED9,0x8ED9,0x8ED9,
    0x8ED9,0x8ED9,0x8ED9,0x8ED9,0x8ED9,0x96D9,0x96D9,0x96F9,0x9EF9,0x9EF9,0xA6F9,0xA6FA,
    0xAEFA,0xAF1A,0xB71A,0xB71A,0xB71A,0xB71A,0xB71A,0xB71A,0xB71A,0xB71A,0xB71A,0xB71A,
    0xB71A,0xB71A,0xB71A,0xB71A,0xB71A,0xB71A,0xB71A,0xB71A,0xB71A,0xB71A,0xB71A,0xB71A,
    0xB71A,0xB71A,0xB71A,0xB71A,0xB71A,0xB71A,0xB71A,0xB71A,0xB71A,0xB71A,0xB71A,0xB71A,
    0xB71A,0xB71A,0xB71A,0xB719,0xC6D8,0xDE96,0xF654,0xF654,0xF654,0xF654,0xF654,0xF654,
    0xF654,0xF654,0xF654,0xF654,0xF654,0xF654,0xF654,0xF654,0xF654,0xF654,0xF654,0xF654,
    0xF654,0xF654,0xF654,0xF654,0xF654,0xF654,0xF654,0xF654,0xF654,0xF654,0xF654,0xF654,
    0xF654,0xF654,0xF654,0xF654,0xF654,0xF654,0xF654,0xF654,0xF654,0xF654,0xF654,0xF654,
    0xF654,0xF654,0xF633,0xEDF2,0xEE12,0xF654,0xF654,0xF654,0xF654,0xF654,0xF654,0xF654,
    0xF654,0xF654,0xF654,0xF654,0xF654,0xF654,0xF654,0xF654,0xF654,0xF654,0xF654,0xF654,
    0xF654,0xF654,0xF654,0xF654,0xF654,0xF654,0xF654,0xF654,0xF654,0xF654,0xF654,0xF654,
    0xF654,0xF654,0xF654,0xF654,0xF654,0xF654,0xF654,0xF654,0xF654,0xF654,0xF654,0xF654,
    0xF654,0xF654,0xF654,0xF654,0xF654,0xF654,0xF654,0xF654,0xF654,0xF654,0xF654,0xF654,
    0xF654,0xF654,0xF654,0xF654,0xF654,0xF654,0xF654,0xF654,0xF654,0xF654,0xF654,0xF654,
    0xF654,0xF654,0xF654,0xF654,0xF654,0xF654,0xF654,0xF654,0xF654,0xF654,0xF654,0xF654,
    0xF654,0xF654,0xF654,0xF654,0xF654,0xF654,0xF654,0xF654,0xF654,0xF654,0xF654,0xF654,
    0xF654,0xF654,0xF654,0xF654,0xF654,0xF654,0xF654,0xF654,0xF654,0xF654,0xF654,0xF654,
    0xF654,0xF654,0xF654,0xF654,0xF654,0xF654,0xF654,0xF654,0xF633,0xEDF2,0xEE12,0xF654,
    0xF654,0xF654,0xF654,0xF654,0xF654,0xF654,0xF654,0xF654,0xF654,0xF654,0xF654,0xF654,
    0xF654,0xF654,0xF654,0xF654,0xF654,0xE675,0xCEB7,0xB6F9,0xB71A,0xB71A,0xB71A,0xB71A,
    0xB71A,0xB71A,0xB71A,0xB71A,0xB71A,0xB71A,0xB71A,0xB71A,0xB71A,0xB71A,0xB71A,0xB71A,
    0xB71A,0xB71A,0xB71A,0xB71A,0xB71A,0xB71A,0xB71A,0xB71A,0xB71A,0xB71A,0xB71A,0xB71A,
    0xB71A,0xB71A,0xB71A,0xB71A,0xB71A,0xB71A,0xB71A,0xB71A,0xB71A,0xB71A,0xB71A,0xB71A,
    0xB71A,0xB71A,0xB71A,0xAF1A,0xAF1A,0xAEF9,0xA6FA,0xA6F9,0xA6F9,0xA6F9,0x9EF9,0x9EF9,
    0x9EF9,0x9EF9,0x96F9,0x96F9,0x96D9,0x96F9,0x96D9,0x96D9,0x96D9,0x96D9,0x96D9,0x8ED9,
    0x8ED9,0x8ED9,0x8ED9,0x8ED9,0x8ED9,0x96D9,0x96D9,0x96D9,0x96D9,0x96D9,0x96F9,0x96D9,
    0x96F9,0x96F9,0x96D9,0x9ED9,0x9EF9,0x9EF9,0xA6F9,0xA6F9,0xA6F9,0xA6FA,0xAEF9,0xAF1A,
    0xAF1A,0xB71A,0xB71A,0xB71A,0xB71A,0xB71A,0xB71A,0xB71A,0xB71A,0xB71A,0xB71A,0xB71A,
    0xB71A,0xB71A,0xB71A,0xB71A,0xB71A,0xB71A,0xB71A,0xB71A,0xB71A,0xB71A,0xB71A,0xB71A,
    0xB71A,0xB71A,0xB71A,0xB71A,0xB71A,0xB71A,0xB71A,0xB71A,0xB71A,0xB71A,0xB71A,0xB71A,
    0xB71A,0xB71A,0xB71A,0xB71A,0xB71A,0xB71A,0xB71A,0xB71A,0xB6F9,0xCED7,0xDE95,0xEE54,
    0xF654,0xF654,0xF654,0xF654,0xF654,0xF654,0xF654,0xF654,0xF654,0xF654,0xF654,0xF654,
    0xF654,0xF654,0xF654,0xF654,0xF654,0xF654,0xF654,0xF654,0xF654,0xF654,0xF654,0xF654,
    0xF654,0xF654,0xF654,0xF654,0xF654,0xF654,0xF654,0xF654,0xF654,0xF654,0xF654,0xF654,
    0xF654,0xF654,0xF654,0xF654,0xF654,0xF654,0xF654,0xF654,0xF654,0xF654,0xF654,0xEE12,
    0xEDF2,0xF633,0xF654,0xF654,0xF654,0xF654,0xF654,0xF654,0xF654,0xF654,0xF654,0xF654,
    0xF654,0xF654,0xF654,0xF654,0xF654,0xF654,0xF654,0xF654,0xF654,0xF654,0xF654,0xF654,
    0xF654,0xF654,0xF654,0xF654,0xF654,0xF654,0xF654,0xF654,0xF654,0xF654,0xF654,0xF654,
    0xF654,0xF654,0xF654,0xF654,0xF654,0xF654,0xF654,0xF654,0xF654,0xF654,0xF654,0xF654,
    0xF654,0xF654,0xF654,0xF654,0xF654,0xF654,0xF654,0xF654,0xF654,0xF654,0xF654,0xF654,
    0xF654,0xF654,0xF654,0xF654,0xF654,0xF654,0xF654,0xF654,0xF654,0xF654,0xF654,0xF654,
    0xF654,0xF654,0xF654,0xF654,0xF654,0xF654,0xF654,0xF654,0xF654,0xF654,0xF654,0xF654,
    0xF654,0xF654,0xF654,0xF654,0xF654,0xF654,0xF654,0xF654,0xF654,0xF654,0xF654,0xF654,
    0xF654,0xF654,0xF654,0xF654,0xF654,0xF654,0xF654,0xF654,0xF654,0xF654,0xF654,0xF654,
    0xF654,0xF654,0xF654,0xF654,0xEE12,0xEDF2,0xF633,0xF654,0xF654,0xF654,0xF654,0xF654,
    0xF654,0xF654,0xF654,0xF654,0xF654,0xF654,0xF654,0xF654,0xF654,0xF654,0xF654,0xF654,
    0xF654,0xF654,0xF654,0xF654,0xE675,0xD6B7,0xBED8,0xB71A,0xB71A,0xB71A,0xB71A,0xB71A,
    0xB71A,0xB71A,0xB71A,0xB71A,0xB71A,0xB71A,0xB71A,0xB71A,0xB71A,0xB71A,0xB71A,0xB71A,
    0xB71A,0xB71A,0xB71A,0xB71A,0xB71A,0xB71A,0xB71A,0xB71A,0xB71A,0xB71A,0xB71A,0xB71A,
    0xB71A,0xB71A,0xB71A,0xB71A,0xB71A,0xB71A,0xB71A,0xB71A,0xB71A,0xB71A,0xB71A,0xB71A,
    0xB71A,0xB71A,0xB71A,0xB71A,0xB71A,0xB71A,0xB71A,0xB71A,0xB71A,0xB71A,0xB71A,0xB71A,
    0xB71A,0xB71A,0xB71A,0xB71A,0xB71A,0xB71A,0xB71A,0xB71A,0xB71A,0xB71A,0xB71A,0xB71A,
    0xB71A,0xB71A,0xB71A,0xB71A,0xB71A,0xB71A,0xB71A,0xB71A,0xB71A,0xAF1A,0xAEF9,0xAEF9,
    0xB71A,0xB71A,0xB71A,0xB71A,0xB71A,0xB71A,0xB71A,0xB71A,0xB71A,0xB71A,0xB71A,0xB71A,
    0xB71A,0xB71A,0xB71A,0xB71A,0xB71A,0xB71A,0xB71A,0xB71A,0xB71A,0xB71A,0xB71A,0xB71A,
    0xB71A,0xB71A,0xB71A,0xB71A,0xB71A,0xB71A,0xB71A,0xB71A,0xB71A,0xB71A,0xB71A,0xB71A,
    0xB71A,0xB71A,0xB71A,0xB71A,0xB71A,0xB71A,0xB71A,0xB71A,0xB71A,0xB71A,0xB71A,0xB71A,
    0xB71A,0xBED8,0xD6B7,0xE675,0xF654,0xF654,0xF654,0xF654,0xF654,0xF654,0xF654,0xF654,
    0xF654,0xF654,0xF654,0xF654,0xF654,0xF654,0xF654,0xF654,0xF654,0xF654,0xF654,0xF654,
    0xF654,0xF654,0xF654,0xF654,0xF654,0xF654,0xF654,0xF654,0xF654,0xF654,0xF654,0xF654,
    0xF654,0xF654,0xF654,0xF654,0xF654,0xF654,0xF654,0xF654,0xF654,0xF654,0xF654,0xF654,
    0xF654,0xF654,0xF654,0xF654,0xF654,0xF654,0xF654,0xEE33,0xEDF2,0xEE12,0xF654,0xF654,
    0xF654,0xF654,0xF654,0xF654,0xF654,0xF654,0xF654,0xF654,0xF654,0xF654,0xF654,0xF654,
    0xF654,0xF654,0xF654,0xF654,0xF654,0xF654,0xF654,0xF654,0xF654,0xF654,0xF654,0xF654,
    0xF654,0xF654,0xF654,0xF654,0xF654,0xF654,0xF654,0xF654,0xF654,0xF654,0xF654,0xF654,
    0xF654,0xF654,0xF654,0xF654,0xF654,0xF654,0xF654,0xF654,0xF654,0xF654,0xF654,0xF654,
    0xF654,0xF654,0xF654,0xF654,0xF654,0xF654,0xF654,0xF654,0xF654,0xF654,0xF654,0xF654,
    0xF654,0xF654,0xF654,0xF654,0xF654,0xF654,0xF654,0xF654,0xF654,0xF654,0xF654,0xF654,
    0xF654,0xF654,0xF654,0xF654,0xF654,0xF654,0xF654,0xF654,0xF654,0xF654,0xF654,0xF654,
    0xF654,0xF654,0xF654,0xF654,0xF654,0xF654,0xF654,0xF654,0xF654,0xF654,0xF654,0xF654,
    0xF654,0xF654,0xF654,0xF654,0xF654,0xF654,0xF654,0xF654,0xF654,0xF654,0xF654,0xF653,
    0xEDF2,0xEDF2,0xF653,0xF654,0xF654,0xF654,0xF654,0xF654,0xF654,0xF654,0xF654,0xF654,
    0xF654,0xF654,0xF654,0xF654,0xF654,0xF654,0xF654,0xF654,0xF654,0xF654,0xF654,0xF654,
    0xF654,0xF654,0xF654,0xF654,0xE675,0xCEB7,0xBEF8,0xB719,0xB71A,0xB71A,0xB71A,0xB71A,
    0xB71A,0xB71A,0xB71A,0xB71A,0xB71A,0xB71A,0xB71A,0xB71A,0xB71A,0xB71A,0xB71A,0xB71A,
    0xB71A,0xB71A,0xB71A,0xB71A,0xB71A,0xB71A,0xB71A,0xB71A,0xB71A,0xB71A,0xB71A,0xB71A,
    0xB71A,0xB71A,0xB71A,0xB71A,0xB71A,0xB71A,0xB71A,0xB71A,0xB71A,0xB71A,0xB71A,0xB71A,
    0xB71A,0xB71A,0xB71A,0xB71A,0xB71A,0xB71A,0xB71A,0xB71A,0xB71A,0xB71A,0xB71A,0xB71A,
    0xB71A,0xB71A,0xB71A,0xB71A,0xB71A,0xB71A,0xB71A,0xB71A,0xB71A,0xB71A,0xB71A,0xB71A,
    0xB71A,0xB71A,0xB71A,0xB71A,0xB71A,0xAF19,0xAEF9,0xAEF9,0xB71A,0xB71A,0xB71A,0xB71A,
    0xB71A,0xB71A,0xB71A,0xB71A,0xB71A,0xB71A,0xB71A,0xB71A,0xB71A,0xB71A,0xB71A,0xB71A,
    0xB71A,0xB71A,0xB71A,0xB71A,0xB71A,0xB71A,0xB71A,0xB71A,0xB71A,0xB71A,0xB71A,0xB71A,
    0xB71A,0xB71A,0xB71A,0xB71A,0xB71A,0xB71A,0xB71A,0xB71A,0xB71A,0xB71A,0xB71A,0xB71A,
    0xB71A,0xB71A,0xB71A,0xB71A,0xB719,0xBEF9,0xCEB7,0xDE95,0xEE54,0xF654,0xF654,0xF654,
    0xF654,0xF654,0xF654,0xF654,0xF654,0xF654,0xF654,0xF654,0xF654,0xF654,0xF654,0xF654,
    0xF654,0xF654,0xF654,0xF654,0xF654,0xF654,0xF654,0xF654,0xF654,0xF654,0xF654,0xF654,
    0xF654,0xF654,0xF654,0xF654,0xF654,0xF654,0xF654,0xF654,0xF654,0xF654,0xF654,0xF654,
    0xF654,0xF654,0xF654,0xF654,0xF654,0xF654,0xF654,0xF654,0xF654,0xF654,0xF654,0xF654,
    0xF654,0xF654,0xF654,0xF653,0xEDF2,0xEDF2,0xF633,0xF654,0xF654,0xF654,0xF654,0xF654,
    0xF654,0xF654,0xF654,0xF654,0xF654,0xF654,0xF654,0xF654,0xF654,0xF654,0xF654,0xF654,
    0xF654,0xF654,0xF654,0xF654,0xF654,0xF654,0xF654,0xF654,0xF654,0xF654,0xF654,0xF654,
    0xF654,0xF654,0xF654,0xF654,0xF654,0xF654,0xF654,0xF654,0xF654,0xF654,0xF654,0xF654,
    0xF654,0xF654,0xF654,0xF654,0xF654,0xF654,0xF654,0xF654,0xF654,0xF654,0xF654,0xF654,
    0xF654,0xF654,0xF654,0xF654,0xF654,0xF654,0xF654,0xF654,0xF654,0xF654,0xF654,0xF654,
    0xF654,0xF654,0xF654,0xF654,0xF654,0xF654,0xF654,0xF654,0xF654,0xF654,0xF654,0xF654,
    0xF654,0xF654,0xF654,0xF654,0xF654,0xF654,0xF654,0xF654,0xF654,0xF654,0xF654,0xF654,
    0xF654,0xF654,0xF654,0xF654,0xF654,0xF654,0xF654,0xF654,0xF654,0xF654,0xF654,0xF654,
    0xF654,0xF654,0xF654,0xF654,0xF654,0xF654,0xF654,0xEE13,0xEDF2,0xEE13,0xF654,0xF654,
    0xF654,0xF654,0xF654,0xF654,0xF654,0xF654,0xF654,0xF654,0xF654,0xF654,0xF654,0xF654,
    0xF654,0xF654,0xF654,0xF654,0xF654,0xF654,0xF654,0xF654,0xF654,0xF654,0xF654,0xF654,
    0xF654,0xF654,0xF654,0xEE54,0xE675,0xD6B7,0xC6D8,0xB6F9,0xB71A,0xB71A,0xB71A,0xB71A,
    0xB71A,0xB71A,0xB71A,0xB71A,0xB71A,0xB71A,0xB71A,0xB71A,0xB71A,0xB71A,0xB71A,0xB71A,
    0xB71A,0xB71A,0xB71A,0xB71A,0xB71A,0xB71A,0xB71A,0xB71A,0xB71A,0xB71A,0xB71A,0xB71A,
    0xB71A,0xB71A,0xB71A,0xB71A,0xB71A,0xB71A,0xB71A,0xB71A,0xB71A,0xB71A,0xB71A,0xB71A,
    0xB71A,0xB71A,0xB71A,0xB71A,0xB71A,0xB71A,0xB71A,0xB71A,0xB71A,0xB71A,0xB71A,0xB71A,
    0xB71A,0xB71A,0xB71A,0xB71A,0xB71A,0xB71A,0xB71A,0xB71A,0xB71A,0xB71A,0xB71A,0xB71A,
    0xB71A,0xAEF9,0xAEF9,0xAEF9,0xB71A,0xB71A,0xB71A,0xB71A,0xB71A,0xB71A,0xB71A,0xB71A,
    0xB71A,0xB71A,0xB71A,0xB71A,0xB71A,0xB71A,0xB71A,0xB71A,0xB71A,0xB71A,0xB71A,0xB71A,
    0xB71A,0xB71A,0xB71A,0xB71A,0xB71A,0xB71A,0xB71A,0xB71A,0xB71A,0xB71A,0xB71A,0xB71A,
    0xB71A,0xB71A,0xB71A,0xB71A,0xB71A,0xB71A,0xB71A,0xB71A,0xB6F9,0xC6D8,0xD6B7,0xE695,
    0xEE54,0xF654,0xF654,0xF654,0xF654,0xF654,0xF654,0xF654,0xF654,0xF654,0xF654,0xF654,
    0xF654,0xF654,0xF654,0xF654,0xF654,0xF654,0xF654,0xF654,0xF654,0xF654,0xF654,0xF654,
    0xF654,0xF654,0xF654,0xF654,0xF654,0xF654,0xF654,0xF654,0xF654,0xF654,0xF654,0xF654,
    0xF654,0xF654,0xF654,0xF654,0xF654,0xF654,0xF654,0xF654,0xF654,0xF654,0xF654,0xF654,
    0xF654,0xF654,0xF654,0xF654,0xF654,0xF654,0xF654,0xF654,0xF654,0xF654,0xF654,0xF654,
    0xEE33,0xEDF2,0xEE13,0xF654,0xF654,0xF654,0xF654,0xF654,0xF654,0xF654,0xF654,0xF654,
    0xF654,0xF654,0xF654,0xF654,0xF654,0xF654,0xF654,0xF654,0xF654,0xF654,0xF654,0xF654,
    0xF654,0xF654,0xF654,0xF654,0xF654,0xF654,0xF654,0xF654,0xF654,0xF654,0xF654,0xF654,
    0xF654,0xF654,0xF654,0xF654,0xF654,0xF654,0xF654,0xF654,0xF654,0xF654,0xF654,0xF654,
    0xF654,0xF654,0xF654,0xF654,0xF654,0xF654,0xF654,0xF654,0xF654,0xF654,0xF654,0xF654,
    0xF654,0xF654,0xF654,0xF654,0xF654,0xF654,0xF654,0xF654,0xF654,0xF654,0xF654,0xF654,
    0xF654,0xF654,0xF654,0xF654,0xF654,0xF654,0xF654,0xF654,0xF654,0xF654,0xF654,0xF654,
    0xF654,0xF654,0xF654,0xF654,0xF654,0xF654,0xF654,0xF654,0xF654,0xF654,0xF654,0xF654,
    0xF654,0xF654,0xF654,0xF654,0xF654,0xF654,0xF654,0xF654,0xF654,0xF654,0xF654,0xF654,
    0xF654,0xF654,0xF653,0xEDF2,0xEDF2,0xF633,0xF654,0xF654,0xF654,0xF654,0xF654,0xF654,
    0xF654,0xF654,0xF654,0xF654,0xF654,0xF654,0xF654,0xF654,0xF654,0xF654,0xF654,0xF654,
    0xF654,0xF654,0xF654,0xF654,0xF654,0xF654,0xF654,0xF654,0xF654,0xF654,0xF654,0xF654,
    0xF654,0xF654,0xF654,0xF654,0xEE74,0xDE96,0xCEB7,0xC6D8,0xBEF9,0xB71A,0xB71A,0xB71A,
    0xB71A,0xB71A,0xB71A,0xB71A,0xB71A,0xB71A,0xB71A,0xB71A,0xB71A,0xB71A,0xB71A,0xB71A,
    0xB71A,0xB71A,0xB71A,0xB71A,0xB71A,0xB71A,0xB71A,0xB71A,0xB71A,0xB71A,0xB71A,0xB71A,
    0xB71A,0xB71A,0xB71A,0xB71A,0xB71A,0xB71A,0xB71A,0xB71A,0xB71A,0xB71A,0xB71A,0xB71A,
    0xB71A,0xB71A,0xB71A,0xB71A,0xB71A,0xB71A,0xB71A,0xB71A,0xB71A,0xB71A,0xB71A,0xB71A,
    0xB71A,0xB71A,0xB71A,0xB71A,0xB71A,0xB71A,0xB71A,0xB71A,0xB71A,0xAEF9,0xAEF9,0xAEF9,
    0xB71A,0xB71A,0xB71A,0xB71A,0xB71A,0xB71A,0xB71A,0xB71A,0xB71A,0xB71A,0xB71A,0xB71A,
    0xB71A,0xB71A,0xB71A,0xB71A,0xB71A,0xB71A,0xB71A,0xB71A,0xB71A,0xB71A,0xB71A,0xB71A,
    0xB71A,0xB71A,0xB71A,0xB71A,0xB71A,0xB71A,0xB71A,0xB71A,0xB71A,0xB71A,0xB71A,0xB6F9,
    0xC6D8,0xCEB7,0xDE96,0xEE74,0xF654,0xF654,0xF654,0xF654,0xF654,0xF654,0xF654,0xF654,
    0xF654,0xF654,0xF654,0xF654,0xF654,0xF654,0xF654,0xF654,0xF654,0xF654,0xF654,0xF654,
    0xF654,0xF654,0xF654,0xF654,0xF654,0xF654,0xF654,0xF654,0xF654,0xF654,0xF654,0xF654,
    0xF654,0xF654,0xF654,0xF654,0xF654,0xF654,0xF654,0xF654,0xF654,0xF654,0xF654,0xF654,
    0xF654,0xF654,0xF654,0xF654,0xF654,0xF654,0xF654,0xF654,0xF654,0xF654,0xF654,0xF654,
    0xF654,0xF654,0xF654,0xF654,0xF654,0xF654,0xF654,0xF654,0xF653,0xEDF2,0xEDF2,0xF653,
    0xF654,0xF654,0xF654,0xF654,0xF654,0xF654,0xF654,0xF654,0xF654,0xF654,0xF654,0xF654,
    0xF654,0xF654,0xF654,0xF654,0xF654,0xF654,0xF654,0xF654,0xF654,0xF654,0xF654,0xF654,
    0xF654,0xF654,0xF654,0xF654,0xF654,0xF654,0xF654,0xF654,0xF654,0xF654,0xF654,0xF654,
    0xF654,0xF654,0xF654,0xF654,0xF654,0xF654,0xF654,0xF654,0xF654,0xF654,0xF654,0xF654,
    0xF654,0xF654,0xF654,0xF654,0xF654,0xF654,0xF654,0xF654,0xF654,0xF654,0xF654,0xF654,
    0xF654,0xF654,0xF654,0xF654,0xF654,0xF654,0xF654,0xF654,0xF654,0xF654,0xF654,0xF654,
    0xF654,0xF654,0xF654,0xF654,0xF654,0xF654,0xF654,0xF654,0xF654,0xF654,0xF654,0xF654,
    0xF654,0xF654,0xF654,0xF654,0xF654,0xF654,0xF654,0xF654,0xF654,0xF654,0xF654,0xF654,
    0xF654,0xF654,0xF654,0xF654,0xF654,0xF654,0xF654,0xF654,0xF654,0xF654,0xEE33,0xEDF2,
    0xEE13,0xF654,0xF654,0xF654,0xF654,0xF654,0xF654,0xF654,0xF654,0xF654,0xF654,0xF654,
    0xF654,0xF654,0xF654,0xF654,0xF654,0xF654,0xF654,0xF654,0xF654,0xF654,0xF654,0xF654,
    0xF654,0xF654,0xF654,0xF654,0xF654,0xF654,0xF654,0xF654,0xF654,0xF654,0xF654,0xF654,
    0xF654,0xF654,0xF654,0xF654,0xF654,0xEE54,0xE675,0xDE96,0xCEB7,0xC6D8,0xB6F9,0xB71A,
    0xB71A,0xB71A,0xB71A,0xB71A,0xB71A,0xB71A,0xB71A,0xB71A,0xB71A,0xB71A,0xB71A,0xB71A,
    0xB71A,0xB71A,0xB71A,0xB71A,0xB71A,0xB71A,0xB71A,0xB71A,0xB71A,0xB71A,0xB71A,0xB71A,
    0xB71A,0xB71A,0xB71A,0xB71A,0xB71A,0xB71A,0xB71A,0xB71A,0xB71A,0xB71A,0xB71A,0xB71A,
    0xB71A,0xB71A,0xB71A,0xB71A,0xB71A,0xB71A,0xB71A,0xB71A,0xB71A,0xB71A,0xB71A,0xB71A,
    0xB71A,0xB71A,0xB71A,0xB71A,0xB71A,0xAEF9,0xAEF9,0xAEF9,0xB71A,0xB71A,0xB71A,0xB71A,
    0xB71A,0xB71A,0xB71A,0xB71A,0xB71A,0xB71A,0xB71A,0xB71A,0xB71A,0xB71A,0xB71A,0xB71A,
    0xB71A,0xB71A,0xB71A,0xB71A,0xB71A,0xB71A,0xB71A,0xB71A,0xB71A,0xB71A,0xB71A,0xB71A,
    0xB71A,0xB6F9,0xC6D8,0xCEB7,0xDE96,0xE675,0xEE54,0xF654,0xF654,0xF654,0xF654,0xF654,
    0xF654,0xF654,0xF654,0xF654,0xF654,0xF654,0xF654,0xF654,0xF654,0xF654,0xF654,0xF654,
    0xF654,0xF654,0xF654,0xF654,0xF654,0xF654,0xF654,0xF654,0xF654,0xF654,0xF654,0xF654,
    0xF654,0xF654,0xF654,0xF654,0xF654,0xF654,0xF654,0xF654,0xF654,0xF654,0xF654,0xF654,
    0xF654,0xF654,0xF654,0xF654,0xF654,0xF654,0xF654,0xF654,0xF654,0xF654,0xF654,0xF654,
    0xF654,0xF654,0xF654,0xF654,0xF654,0xF654,0xF654,0xF654,0xF654,0xF654,0xF654,0xF654,
    0xF654,0xF654,0xF654,0xF654,0xF654,0xEE13,0xEDF2,0xEE33,0xF654,0xF654,0xF654,0xF654,
    0xF654,0xF654,0xF654,0xF654,0xF654,0xF654,0xF654,0xF654,0xF654,0xF654,0xF654,0xF654,
    0xF654,0xF654,0xF654,0xF654,0xF654,0xF654,0xF654,0xF654,0xF654,0xF654,0xF654,0xF654,
    0xF654,0xF654,0xF654,0xF654,0xF654,0xF654,0xF654,0xF654,0xF654,0xF654,0xF654,0xF654,
    0xF654,0xF654,0xF654,0xF654,0xF654,0xF654,0xF654,0xF654,0xF654,0xF654,0xF654,0xF654,
    0xF654,0xF654,0xF654,0xF654,0xF654,0xF654,0xF654,0xF654,0xF654,0xF654,0xF654,0xF654,
    0xF654,0xF654,0xF654,0xF654,0xF654,0xF654,0xF654,0xF654,0xF654,0xF654,0xF654,0xF654,
    0xF654,0xF654,0xF654,0xF654,0xF654,0xF654,0xF654,0xF654,0xF654,0xF654,0xF654,0xF654,
    0xF654,0xF654,0xF654,0xF654,0xF654,0xF654,0xF654,0xF654,0xF654,0xF654,0xF654,0xF654,
    0xF654,0xF654,0xF654,0xF654,0xF654,0xF654,0xEDF2,0xEDF2,0xF633,0xF654,0xF654,0xF654,
    0xF654,0xF654,0xF654,0xF654,0xF654,0xF654,0xF654,0xF654,0xF654,0xF654,0xF654,0xF654,
    0xF654,0xF654,0xF654,0xF654,0xF654,0xF654,0xF654,0xF654,0xF654,0xF654,0xF654,0xF654,
    0xF654,0xF654,0xF654,0xF654,0xF654,0xF654,0xF654,0xF654,0xF654,0xF654,0xF654,0xF654,
    0xF654,0xF654,0xF654,0xF654,0xF654,0xF654,0xF654,0xF654,0xE675,0xDE95,0xD696,0xCEB7,
    0xC6D8,0xBEF9,0xB6FA,0xB71A,0xB71A,0xB71A,0xB71A,0xB71A,0xB71A,0xB71A,0xB71A,0xB71A,
    0xB71A,0xB71A,0xB71A,0xB71A,0xB71A,0xB71A,0xB71A,0xB71A,0xB71A,0xB71A,0xB71A,0xB71A,
    0xB71A,0xB71A,0xB71A,0xB71A,0xB71A,0xB71A,0xB71A,0xB71A,0xB71A,0xB71A,0xB71A,0xB71A,
    0xB71A,0xB71A,0xB71A,0xB71A,0xB71A,0xB71A,0xB71A,0xB71A,0xB71A,0xB71A,0xB71A,0xB71A,
    0xB71A,0xAEF9,0xAEF9,0xAF19,0xB71A,0xB71A,0xB71A,0xB71A,0xB71A,0xB71A,0xB71A,0xB71A,
    0xB71A,0xB71A,0xB71A,0xB71A,0xB71A,0xB71A,0xB71A,0xB71A,0xB71A,0xB71A,0xB71A,0xB71A,
    0xB71A,0xB719,0xBEF9,0xC6D8,0xCEB7,0xD696,0xDE95,0xEE75,0xF654,0xF654,0xF654,0xF654,
    0xF654,0xF654,0xF654,0xF654,0xF654,0xF654,0xF654,0xF654,0xF654,0xF654,0xF654,0xF654,
    0xF654,0xF654,0xF654,0xF654,0xF654,0xF654,0xF654,0xF654,0xF654,0xF654,0xF654,0xF654,
    0xF654,0xF654,0xF654,0xF654,0xF654,0xF654,0xF654,0xF654,0xF654,0xF654,0xF654,0xF654,
    0xF654,0xF654,0xF654,0xF654,0xF654,0xF654,0xF654,0xF654,0xF654,0xF654,0xF654,0xF654,
    0xF654,0xF654,0xF654,0xF654,0xF654,0xF654,0xF654,0xF654,0xF654,0xF654,0xF654,0xF654,
    0xF654,0xF654,0xF654,0xF654,0xF654,0xF654,0xF654,0xF654,0xF654,0xF654,0xF654,0xF654,
    0xF654,0xF633,0xEDF2,0xEDF2,0xF654,0xF654,0xF654,0xF654,0xF654,0xF654,0xF654,0xF654,
    0xF654,0xF654,0xF654,0xF654,0xF654,0xF654,0xF654,0xF654,0xF654,0xF654,0xF654,0xF654,
    0xF654,0xF654,0xF654,0xF654,0xF654,0xF654,0xF654,0xF654,0xF654,0xF654,0xF654,0xF654,
    0xF654,0xF654,0xF654,0xF654,0xF654,0xF654,0xF654,0xF654,0xF654,0xF654,0xF654,0xF654,
    0xF654,0xF654,0xF654,0xF654,0xF654,0xF654,0xF654,0xF654,0xF654,0xF654,0xF654,0xF654,
    0xF654,0xF654,0xF654,0xF654,0xF654,0xF654,0xF654,0xF654,0xF654,0xF654,0xF654,0xF654,
    0xF654,0xF654,0xF654,0xF654,0xF654,0xF654,0xF654,0xF654,0xF654,0xF654,0xF654,0xF654,
    0xF654,0xF654,0xF654,0xF654,0xF654,0xF654,0xF654,0xF654,0xF654,0xF654,0xF654,0xF654,
    0xF654,0xF654,0xF654,0xF654,0xF654,0xF654,0xF654,0xF654,0xF654,0xF654,0xF654,0xF654,
    0xF654,0xF633,0xEDF2,0xEE12,0xF654,0xF654,0xF654,0xF654,0xF654,0xF654,0xF654,0xF654,
    0xF654,0xF654,0xF654,0xF654,0xF654,0xF654,0xF654,0xF654,0xF654,0xF654,0xF654,0xF654,
    0xF654,0xF654,0xF654,0xF654,0xF654,0xF654,0xF654,0xF654,0xF654,0xF654,0xF654,0xF654,
    0xF654,0xF654,0xF654,0xF654,0xF654,0xF654,0xF654,0xF654,0xF654,0xF654,0xF654,0xF654,
    0xF654,0xF654,0xF654,0xF654,0xF654,0xF654,0xF654,0xF654,0xF654,0xF654,0xF654,0xEE74,
    0xE675,0xDE95,0xDE96,0xD6B7,0xCEB7,0xC6D8,0xBEF8,0xBEF9,0xB719,0xB71A,0xB71A,0xB71A,
    0xB71A,0xB71A,0xB71A,0xB71A,0xB71A,0xB71A,0xB71A,0xB71A,0xB71A,0xB71A,0xB71A,0xB71A,
    0xB71A,0xB71A,0xB71A,0xB71A,0xB71A,0xB71A,0xB71A,0xB71A,0xB71A,0xB71A,0xB71A,0xB71A,
    0xB71A,0xB71A,0xB71A,0xB71A,0xB71A,0xB71A,0xB71A,0xB71A,0xB71A,0xAEF9,0xAEF9,0xAF1A,
    0xB71A,0xB71A,0xB71A,0xB71A,0xB71A,0xB71A,0xB71A,0xB71A,0xB71A,0xB71A,0xB71A,0xB719,
    0xBEF9,0xBEF8,0xC6D8,0xCEB7,0xD6B7,0xDE96,0xE695,0xE675,0xEE74,0xF654,0xF654,0xF654,
    0xF654,0xF654,0xF654,0xF654,0xF654,0xF654,0xF654,0xF654,0xF654,0xF654,0xF654,0xF654,
    0xF654,0xF654,0xF654,0xF654,0xF654,0xF654,0xF654,0xF654,0xF654,0xF654,0xF654,0xF654,
    0xF654,0xF654,0xF654,0xF654,0xF654,0xF654,0xF654,0xF654,0xF654,0xF654,0xF654,0xF654,
    0xF654,0xF654,0xF654,0xF654,0xF654,0xF654,0xF654,0xF654,0xF654,0xF654,0xF654,0xF654,
    0xF654,0xF654,0xF654,0xF654,0xF654,0xF654,0xF654,0xF654,0xF654,0xF654,0xF654,0xF654,
    0xF654,0xF654,0xF654,0xF654,0xF654,0xF654,0xF654,0xF654,0xF654,0xF654,0xF654,0xF654,
    0xF654,0xF654,0xF654,0xF654,0xF654,0xF654,0xF654,0xF654,0xF654,0xF654,0xEE12,0xEDF2,
    0xEE33,0xF654,0xF654,0xF654,0xF654,0xF654,0xF654,0xF654,0xF654,0xF654,0xF654,0xF654,
    0xF654,0xF654,0xF654,0xF654,0xF654,0xF654,0xF654,0xF654,0xF654,0xF654,0xF654,0xF654,
    0xF654,0xF654,0xF654,0xF654,0xF654,0xF654,0xF654,0xF654,0xF654,0xF654,0xF654,0xF654,
    0xF654,0xF654,0xF654,0xF654,0xF654,0xF654,0xF654,0xF654,0xF654,0xF654,0xF654,0xF654,
    0xF654,0xF654,0xF654,0xF654,0xF654,0xF654,0xF654,0xF654,0xF654,0xF654,0xF654,0xF654,
    0xF654,0xF654,0xF654,0xF654,0xF654,0xF654,0xF654,0xF654,0xF654,0xF654,0xF654,0xF654,
    0xF654,0xF654,0xF654,0xF654,0xF654,0xF654,0xF654,0xF654,0xF654,0xF654,0xF654,0xF654,
    0xF654,0xF654,0xF654,0xF654,0xF654,0xF654,0xF654,0xF654,0xF654,0xF654,0xF654,0xF654,
    0xF654,0xF654,0xF654,0xF654,0xF654,0xF654,0xF654,0xF654,0xF654,0xEE12,0xEDF2,0xF633,
    0xF654,0xF654,0xF654,0xF654,0xF654,0xF654,0xF654,0xF654,0xF654,0xF654,0xF654,0xF654,
    0xF654,0xF654,0xF654,0xF654,0xF654,0xF654,0xF654,0xF654,0xF654,0xF654,0xF654,0xF654,
    0xF654,0xF654,0xF654,0xF654,0xF654,0xF654,0xF654,0xF654,0xF654,0xF654,0xF654,0xF654,
    0xF654,0xF654,0xF654,0xF654,0xF654,0xF654,0xF654,0xF654,0xF654,0xF654,0xF654,0xF654,
    0xF654,0xF654,0xF654,0xF654,0xF654,0xF654,0xF654,0xF654,0xF654,0xF654,0xF654,0xF654,
    0xF654,0xF654,0xF654,0xF654,0xF654,0xF654,0xEE54,0xE675,0xE675,0xDE96,0xDE96,0xD6B6,
    0xD6B7,0xCEB7,0xCEB7,0xC6D7,0xC6D8,0xC6D8,0xBED8,0xBEF8,0xBEF9,0xBEF9,0xBEF9,0xB6F9,
    0xB6F9,0xB6F9,0xB6F9,0xB6F9,0xB71A,0xB71A,0xB71A,0xB71A,0xB6F9,0xB6F9,0xB6F9,0xB6F9,
    0xB6F9,0xBEF9,0xBEF9,0xBEF9,0xBEF8,0xBED8,0xBEB7,0xC6D8,0xC6D7,0xCEB7,0xCEB7,0xD6B7,
    0xD6B6,0xDE96,0xDE96,0xE675,0xE675,0xEE54,0xF654,0xF654,0xF654,0xF654,0xF654,0xF654,
    0xF654,0xF654,0xF654,0xF654,0xF654,0xF654,0xF654,0xF654,0xF654,0xF654,0xF654,0xF654,
    0xF654,0xF654,0xF654,0xF654,0xF654,0xF654,0xF654,0xF654,0xF654,0xF654,0xF654,0xF654,
    0xF654,0xF654,0xF654,0xF654,0xF654,0xF654,0xF654,0xF654,0xF654,0xF654,0xF654,0xF654,
    0xF654,0xF654,0xF654,0xF654,0xF654,0xF654,0xF654,0xF654,0xF654,0xF654,0xF654,0xF654,
    0xF654,0xF654,0xF654,0xF654,0xF654,0xF654,0xF654,0xF654,0xF654,0xF654,0xF654,0xF654,
    0xF654,0xF654,0xF654,0xF654,0xF654,0xF654,0xF654,0xF654,0xF654,0xF654,0xF654,0xF654,
    0xF654,0xF654,0xF654,0xF654,0xF654,0xF654,0xF654,0xF654,0xF654,0xF654,0xF654,0xF654,
    0xF654,0xF654,0xF654,0xF654,0xF654,0xF654,0xF633,0xEDF2,0xEE12,0xF654,0xF654,0xF654,
    0xF654,0xF654,0xF654,0xF654,0xF654,0xF654,0xF654,0xF654,0xF654,0xF654,0xF654,0xF654,
    0xF654,0xF654,0xF654,0xF654,0xF654,0xF654,0xF654,0xF654,0xF654,0xF654,0xF654,0xF654,
    0xF654,0xF654,0xF654,0xF654,0xF654,0xF654,0xF654,0xF654,0xF654,0xF654,0xF654,0xF654,
    0xF654,0xF654,0xF654,0xF654,0xF654,0xF654,0xF654,0xF654,0xF654,0xF654,0xF654,0xF654,
    0xF654,0xF654,0xF654,0xF654,0xF654,0xF654,0xF654,0xF654,0xF654,0xF654,0xF654,0xF654,
    0xF654,0xF654,0xF654,0xF654,0xF654,0xF654,0xF654,0xF654,0xF654,0xF654,0xF654,0xF654,
    0xF654,0xF654,0xF654,0xF654,0xF654,0xF654,0xF654,0xF654,0xF654,0xF654,0xF654,0xF654,
    0xF654,0xF654,0xF654,0xF654,0xF654,0xF654,0xF654,0xF654,0xF654,0xF654,0xF654,0xF654,
    0xF654,0xF654,0xF654,0xF654,0xF633,0xEDF2,0xEE12,0xF654,0xF654,0xF654,0xF654,0xF654,
    0xF654,0xF654,0xF654,0xF654,0xF654,0xF654,0xF654,0xF654,0xF654,0xF654,0xF654,0xF654,
    0xF654,0xF654,0xF654,0xF654,0xF654,0xF654,0xF654,0xF654,0xF654,0xF654,0xF654,0xF654,
    0xF654,0xF654,0xF654,0xF654,0xF654,0xF654,0xF654,0xF654,0xF654,0xF654,0xF654,0xF654,
    0xF654,0xF654,0xF654,0xF654,0xF654,0xF654,0xF654,0xF654,0xF654,0xF654,0xF654,0xF654,
    0xF654,0xF654,0xF654,0xF654,0xF654,0xF654,0xF654,0xF654,0xF654,0xF654,0xF654,0xF654,
    0xF654,0xF654,0xF654,0xF654,0xF654,0xF654,0xF654,0xF654,0xF654,0xF654,0xF654,0xF654,
    0xF654,0xF654,0xF654,0xF654,0xF654,0xF654,0xF654,0xF654,0xF654,0xF654,0xF654,0xF654,
    0xF654,0xF654,0xF654,0xF654,0xF654,0xF654,0xF654,0xF654,0xF654,0xF654,0xF654,0xF654,
    0xF654,0xEDF2,0xEE12,0xF654,0xF654,0xF654,0xF654,0xF654,0xF654,0xF654,0xF654,0xF654,
    0xF654,0xF654,0xF654,0xF654,0xF654,0xF654,0xF654,0xF654,0xF654,0xF654,0xF654,0xF654,
    0xF654,0xF654,0xF654,0xF654,0xF654,0xF654,0xF654,0xF654,0xF654,0xF654,0xF654,0xF654,
    0xF654,0xF654,0xF654,0xF654,0xF654,0xF654,0xF654,0xF654,0xF654,0xF654,0xF654,0xF654,
    0xF654,0xF654,0xF654,0xF654,0xF654,0xF654,0xF654,0xF654,0xF654,0xF654,0xF654,0xF654,
    0xF654,0xF654,0xF654,0xF654,0xF654,0xF654,0xF654,0xF654,0xF654,0xF654,0xF654,0xF654,
    0xF654,0xF654,0xF654,0xF654,0xF654,0xF654,0xF654,0xF654,0xF654,0xF654,0xF654,0xF654,
    0xF654,0xF654,0xF654,0xF654,0xF654,0xF654,0xF654,0xF654,0xF654,0xF654,0xF654,0xF654,
    0xF654,0xF654,0xF654,0xF654,0xF654,0xF654,0xF654,0xF654,0xF654,0xF654,0xF654,0xF654,
    0xF654,0xF654,0xF654,0xEE12,0xEDF2,0xF633,0xF654,0xF654,0xF654,0xF654,0xF654,0xF654,
    0xF654,0xF654,0xF654,0xF654,0xF654,0xF654,0xF654,0xF654,0xF654,0xF654,0xF654,0xF654,
    0xF654,0xF654,0xF654,0xF654,0xF654,0xF654,0xF654,0xF654,0xF654,0xF654,0xF654,0xF654,
    0xF654,0xF654,0xF654,0xF654,0xF654,0xF654,0xF654,0xF654,0xF654,0xF654,0xF654,0xF654,
    0xF654,0xF654,0xF654,0xF654,0xF654,0xF654,0xF654,0xF654,0xF654,0xF654,0xF654,0xF654,
    0xF654,0xF654,0xF654,0xF654,0xF654,0xF654,0xF654,0xF654,0xF654,0xF654,0xF654,0xF654,
    0xF654,0xF654,0xF654,0xF654,0xF654,0xF654,0xF654,0xF654,0xF654,0xF654,0xF654,0xF654,
    0xF654,0xF654,0xF654,0xF654,0xF654,0xF654,0xF654,0xF654,0xF654,0xF654,0xF654,0xF654,
    0xF654,0xF654,0xF654,0xF654,0xF654,0xF654,0xF654,0xF654,0xF654,0xF654,0xF654,0xF654,
    0xEE12,0xEDF2,0xF633,0xF654,0xF654,0xF654,0xF654,0xF654,0xF654,0xF654,0xF654,0xF654,
    0xF654,0xF654,0xF654,0xF654,0xF654,0xF654,0xF654,0xF654,0xF654,0xF654,0xF654,0xF654,
    0xF654,0xF654,0xF654,0xF654,0xF654,0xF654,0xF654,0xF654,0xF654,0xF654,0xF654,0xF654,
    0xF654,0xF654,0xF654,0xF654,0xF654,0xF654,0xF654,0xF654,0xF654,0xF654,0xF654,0xF654,
    0xF654,0xF654,0xF654,0xF654,0xF654,0xF654,0xF654,0xF654,0xF654,0xF654,0xF654,0xF654,
    0xF654,0xF654,0xF654,0xF654,0xF654,0xF654,0xF654,0xF654,0xF654,0xF654,0xF654,0xF654,
    0xF654,0xF654,0xF654,0xF654,0xF654,0xF654,0xF654,0xF654,0xF654,0xF654,0xF654,0xF654,
    0xF654,0xF654,0xF654,0xF654,0xF654,0xF654,0xF654,0xF654,0xF654,0xF654,0xF654,0xF654,
    0xF654,0xF654,0xF654,0xF654,0xF654,0xF654,0xF654,0xF654,0xF633,0xEDF2,0xEE12,0xF654,
    0xF654,0xF654,0xF654,0xF654,0xF654,0xF654,0xF654,0xF654,0xF654,0xF654,0xF654,0xF654,
    0xF654,0xF654,0xF654,0xF654,0xF654,0xF654,0xF654,0xF654,0xF654,0xF654,0xF654,0xF654,
    0xF654,0xF654,0xF654,0xF654,0xF654,0xF654,0xF654,0xF654,0xF654,0xF654,0xF654,0xF654,
    0xF654,0xF654,0xF654,0xF654,0xF654,0xF654,0xF654,0xF654,0xF654,0xF654,0xF654,0xF654,
    0xF654,0xF654,0xF654,0xF654,0xF654,0xF654,0xF654,0xF654,0xF654,0xF654,0xF654,0xF654,
    0xF654,0xF654,0xF654,0xF654,0xF654,0xF654,0xF654,0xF654,0xF654,0xF654,0xF654,0xF654,
    0xF654,0xF654,0xF654,0xF654,0xF654,0xF654,0xF654,0xF654,0xF654,0xF654,0xF654,0xF654,
    0xF654,0xF654,0xF654,0xF654,0xF654,0xF654,0xF654,0xF654,0xF654,0xF654,0xF654,0xF654,
    0xF654,0xF654,0xF654,0xF654,0xF654,0xF654,0xF654,0xF654,0xF654,0xF654,0xF654,0xEE33,
    0xEDF2,0xEE12,0xF654,0xF654,0xF654,0xF654,0xF654,0xF654,0xF654,0xF654,0xF654,0xF654,
    0xF654,0xF654,0xF654,0xF654,0xF654,0xF654,0xF654,0xF654,0xF654,0xF654,0xF654,0xF654,
    0xF654,0xF654,0xF654,0xF654,0xF654,0xF654,0xF654,0xF654,0xF654,0xF654,0xF654,0xF654,
    0xF654,0xF654,0xF654,0xF654,0xF654,0xF654,0xF654,0xF654,0xF654,0xF654,0xF654,0xF654,
    0xF654,0xF654,0xF654,0xF654,0xF654,0xF654,0xF654,0xF654,0xF654,0xF654,0xF654,0xF654,
    0xF654,0xF654,0xF654,0xF654,0xF654,0xF654,0xF654,0xF654,0xF654,0xF654,0xF654,0xF654,
    0xF654,0xF654,0xF654,0xF654,0xF654,0xF654,0xF654,0xF654,0xF654,0xF654,0xF654,0xF654,
    0xF654,0xF654,0xF654,0xF654,0xF654,0xF654,0xF654,0xF654,0xF654,0xF654,0xF654,0xF654,
    0xF654,0xF654,0xF654,0xF654,0xF654,0xF654,0xF654,0xF653,0xEDF2,0xEDF2,0xF653,0xF654,
    0xF654,0xF654,0xF654,0xF654,0xF654,0xF654,0xF654,0xF654,0xF654,0xF654,0xF654,0xF654,
    0xF654,0xF654,0xF654,0xF654,0xF654,0xF654,0xF654,0xF654,0xF654,0xF654,0xF654,0xF654,
    0xF654,0xF654,0xF654,0xF654,0xF654,0xF654,0xF654,0xF654,0xF654,0xF654,0xF654,0xF654,
    0xF654,0xF654,0xF654,0xF654,0xF654,0xF654,0xF654,0xF654,0xF654,0xF654,0xF654,0xF654,
    0xF654,0xF654,0xF654,0xF654,0xF654,0xF654,0xF654,0xF654,0xF654,0xF654,0xF654,0xF654,
    0xF654,0xF654,0xF654,0xF654,0xF654,0xF654,0xF654,0xF654,0xF654,0xF654,0xF654,0xF654,
    0xF654,0xF654,0xF654,0xF654,0xF654,0xF654,0xF654,0xF654,0xF654,0xF654,0xF654,0xF654,
    0xF654,0xF654,0xF654,0xF654,0xF654,0xF654,0xF654,0xF654,0xF654,0xF654,0xF654,0xF654,
    0xF654,0xF654,0xF654,0xF654,0xF633,0xEDF2,0xEE12,0xF654,0xF654,0xF654,0xF654,0xF654,
    0xF654,0xF654,0xF654,0xF654,0xF654,0xF654,0xF654,0xF654,0xF654,0xF654,0xF654,0xF654,
    0xF654,0xF654,0xF654,0xF654,0xF654,0xF654,0xF654,0xF654,0xF654,0xF654,0xF654,0xF654,
    0xF654,0xF654,0xF654,0xF654,0xF654,0xF654,0xF654,0xF654,0xF654,0xF654,0xF654,0xF654,
    0xF654,0xF654,0xF654,0xF654,0xF654,0xF654,0xF654,0xF654,0xF654,0xF654,0xF654,0xF654,
    0xF654,0xF654,0xF654,0xF654,0xF654,0xF654,0xF654,0xF654,0xF654,0xF654,0xF654,0xF654,
    0xF654,0xF654,0xF654,0xF654,0xF654,0xF654,0xF654,0xF654,0xF654,0xF654,0xF654,0xF654,
    0xF654,0xF654,0xF654,0xF654,0xF654,0xF654,0xF654,0xF654,0xF654,0xF654,0xF654,0xF654,
    0xF654,0xF654,0xF654,0xF654,0xF654,0xF654,0xF654,0xF654,0xF654,0xF654,0xF654,0xF654,
    0xF654,0xF654,0xF654,0xF654,0xF654,0xF654,0xF654,0xF653,0xEDF2,0xEDF2,0xF633,0xF654,
    0xF654,0xF654,0xF654,0xF654,0xF654,0xF654,0xF654,0xF654,0xF654,0xF654,0xF654,0xF654,
    0xF654,0xF654,0xF654,0xF654,0xF654,0xF654,0xF654,0xF654,0xF654,0xF654,0xF654,0xF654,
    0xF654,0xF654,0xF654,0xF654,0xF654,0xF654,0xF654,0xF654,0xF654,0xF654,0xF654,0xF654,
    0xF654,0xF654,0xF654,0xF654,0xF654,0xF654,0xF654,0xF654,0xF654,0xF654,0xF654,0xF654,
    0xF654,0xF654,0xF654,0xF654,0xF654,0xF654,0xF654,0xF654,0xF654,0xF654,0xF654,0xF654,
    0xF654,0xF654,0xF654,0xF654,0xF654,0xF654,0xF654,0xF654,0xF654,0xF654,0xF654,0xF654,
    0xF654,0xF654,0xF654,0xF654,0xF654,0xF654,0xF654,0xF654,0xF654,0xF654,0xF654,0xF654,
    0xF654,0xF654,0xF654,0xF654,0xF654,0xF654,0xF654,0xF654,0xF654,0xF654,0xF654,0xF654,
    0xF654,0xF654,0xF654,0xEE13,0xEDF2,0xEE13,0xF654,0xF654,0xF654,0xF654,0xF654,0xF654,
    0xF654,0xF654,0xF654,0xF654,0xF654,0xF654,0xF654,0xF654,0xF654,0xF654,0xF654,0xF654,
    0xF654,0xF654,0xF654,0xF654,0xF654,0xF654,0xF654,0xF654,0xF654,0xF654,0xF654,0xF654,
    0xF654,0xF654,0xF654,0xF654,0xF654,0xF654,0xF654,0xF654,0xF654,0xF654,0xF654,0xF654,
    0xF654,0xF654,0xF654,0xF654,0xF654,0xF654,0xF654,0xF654,0xF654,0xF654,0xF654,0xF654,
    0xF654,0xF654,0xF654,0xF654,0xF654,0xF654,0xF654,0xF654,0xF654,0xF654,0xF654,0xF654,
    0xF654,0xF654,0xF654,0xF654,0xF654,0xF654,0xF654,0xF654,0xF654,0xF654,0xF654,0xF654,
    0xF654,0xF654,0xF654,0xF654,0xF654,0xF654,0xF654,0xF654,0xF654,0xF654,0xF654,0xF654,
    0xF654,0xF654,0xF654,0xF654,0xF654,0xF654,0xF654,0xF654,0xF654,0xF654,0xF654,0xF654,
    0xEE33,0xEDF2,0xEE13,0xF654,0xF654,0xF654,0xF654,0xF654,0xF654,0xF654,0xF654,0xF654,
    0xF654,0xF654,0xF654,0xF654,0xF654,0xF654,0xF654,0xF654,0xF654,0xF654,0xF654,0xF654,
    0xF654,0xF654,0xF654,0xF654,0xF654,0xF654,0xF654,0xF654,0xF654,0xF654,0xF654,0xF654,
    0xF654,0xF654,0xF654,0xF654,0xF654,0xF654,0xF654,0xF654,0xF654,0xF654,0xF654,0xF654,
    0xF654,0xF654,0xF654,0xF654,0xF654,0xF654,0xF654,0xF654,0xF654,0xF654,0xF654,0xF654,
    0xF654,0xF654,0xF654,0xF654,0xF654,0xF654,0xF654,0xF654,0xF654,0xF654,0xF654,0xF654,
    0xF654,0xF654,0xF654,0xF654,0xF654,0xF654,0xF654,0xF654,0xF654,0xF654,0xF654,0xF654,
    0xF654,0xF654,0xF654,0xF654,0xF654,0xF654,0xF654,0xF654,0xF654,0xF654,0xF654,0xF654,
    0xF654,0xF654,0xF654,0xF654,0xF654,0xF654,0xF654,0xF654,0xF654,0xF654,0xF654,0xF654,
    0xF654,0xF654,0xF654,0xF654,0xEE33,0xEDF2,0xEE13,0xF654,0xF654,0xF654,0xF654,0xF654,
    0xF654,0xF654,0xF654,0xF654,0xF654,0xF654,0xF654,0xF654,0xF654,0xF654,0xF654,0xF654,
    0xF654,0xF654,0xF654,0xF654,0xF654,0xF654,0xF654,0xF654,0xF654,0xF654,0xF654,0xF654,
    0xF654,0xF654,0xF654,0xF654,0xF654,0xF654,0xF654,0xF654,0xF654,0xF654,0xF654,0xF654,
    0xF654,0xF654,0xF654,0xF654,0xF654,0xF654,0xF654,0xF654,0xF654,0xF654,0xF654,0xF654,
    0xF654,0xF654,0xF654,0xF654,0xF654,0xF654,0xF654,0xF654,0xF654,0xF654,0xF654,0xF654,
    0xF654,0xF654,0xF654,0xF654,0xF654,0xF654,0xF654,0xF654,0xF654,0xF654,0xF654,0xF654,
    0xF654,0xF654,0xF654,0xF654,0xF654,0xF654,0xF654,0xF654,0xF654,0xF654,0xF654,0xF654,
    0xF654,0xF654,0xF654,0xF654,0xF654,0xF654,0xF654,0xF654,0xF654,0xF654,0xF653,0xEDF2,
    0xEDF2,0xF633,0xF654,0xF654,0xF654,0xF654,0xF654,0xF654,0xF654,0xF654,0xF654,0xF654,
    0xF654,0xF654,0xF654,0xF654,0xF654,0xF654,0xF654,0xF654,0xF654,0xF654,0xF654,0xF654,
    0xF654,0xF654,0xF654,0xF654,0xF654,0xF654,0xF654,0xF654,0xF654,0xF654,0xF654,0xF654,
    0xF654,0xF654,0xF654,0xF654,0xF654,0xF654,0xF654,0xF654,0xF654,0xF654,0xF654,0xF654,
    0xF654,0xF654,0xF654,0xF654,0xF654,0xF654,0xF654,0xF654,0xF654,0xF654,0xF654,0xF654,
    0xF654,0xF654,0xF654,0xF654,0xF654,0xF654,0xF654,0xF654,0xF654,0xF654,0xF654,0xF654,
    0xF654,0xF654,0xF654,0xF654,0xF654,0xF654,0xF654,0xF654,0xF654,0xF654,0xF654,0xF654,
    0xF654,0xF654,0xF654,0xF654,0xF654,0xF654,0xF654,0xF654,0xF654,0xF654,0xF654,0xF654,
    0xF654,0xF654,0xF654,0xF654,0xF654,0xF654,0xF654,0xF654,0xEE33,0xEDF2,0xEE33,0xF654,
    0xF654,0xF654,0xF654,0xF654,0xF654,0xF654,0xF654,0xF654,0xF654,0xF654,0xF654,0xF654,
    0xF654,0xF654,0xF654,0xF654,0xF654,0xF654,0xF654,0xF654,0xF654,0xF654,0xF654,0xF654,
    0xF654,0xF654,0xF654,0xF654,0xF654,0xF654,0xF654,0xF654,0xF654,0xF654,0xF654,0xF654,
    0xF654,0xF654,0xF654,0xF654,0xF654,0xF654,0xF654,0xF654,0xF654,0xF654,0xF654,0xF654,
    0xF654,0xF654,0xF654,0xF654,0xF654,0xF654,0xF654,0xF654,0xF654,0xF654,0xF654,0xF654,
    0xF654,0xF654,0xF654,0xF654,0xF654,0xF654,0xF654,0xF654,0xF654,0xF654,0xF654,0xF654,
    0xF654,0xF654,0xF654,0xF654,0xF654,0xF654,0xF654,0xF654,0xF654,0xF654,0xF654,0xF654,
    0xF654,0xF654,0xF654,0xF654,0xF654,0xF654,0xF654,0xF654,0xF654,0xF654,0xF654,0xF654,
    0xF654,0xF654,0xF654,0xF654,0xF654,0xF654,0xF654,0xF654,0xF654,0xF654,0xF654,0xF654,
    0xF653,0xEDF2,0xEDF2,0xF653,0xF654,0xF654,0xF654,0xF654,0xF654,0xF654,0xF654,0xF654,
    0xF654,0xF654,0xF654,0xF654,0xF654,0xF654,0xF654,0xF654,0xF654,0xF654,0xF654,0xF654,
    0xF654,0xF654,0xF654,0xF654,0xF654,0xF654,0xF654,0xF654,0xF654,0xF654,0xF654,0xF654,
    0xF654,0xF654,0xF654,0xF654,0xF654,0xF654,0xF654,0xF654,0xF654,0xF654,0xF654,0xF654,
    0xF654,0xF654,0xF654,0xF654,0xF654,0xF654,0xF654,0xF654,0xF654,0xF654,0xF654,0xF654,
    0xF654,0xF654,0xF654,0xF654,0xF654,0xF654,0xF654,0xF654,0xF654,0xF654,0xF654,0xF654,
    0xF654,0xF654,0xF654,0xF654,0xF654,0xF654,0xF654,0xF654,0xF654,0xF654,0xF654,0xF654,
    0xF654,0xF654,0xF654,0xF654,0xF654,0xF654,0xF654,0xF654,0xF654,0xF654,0xF654,0xF654,
    0xF654,0xF654,0xF654,0xF654,0xF654,0xF654,0xEE33,0xEDF2,0xEE13,0xF654,0xF654,0xF654,
    0xF654,0xF654,0xF654,0xF654,0xF654,0xF654,0xF654,0xF654,0xF654,0xF654,0xF654,0xF654,
    0xF654,0xF654,0xF654,0xF654,0xF654,0xF654,0xF654,0xF654,0xF654,0xF654,0xF654,0xF654,
    0xF654,0xF654,0xF654,0xF654,0xF654,0xF654,0xF654,0xF654,0xF654,0xF654,0xF654,0xF654,
    0xF654,0xF654,0xF654,0xF654,0xF654,0xF654,0xF654,0xF654,0xF654,0xF654,0xF654,0xF654,
    0xF654,0xF654,0xF654,0xF654,0xF654,0xF654,0xF654,0xF654,0xF654,0xF654,0xF654,0xF654,
    0xF654,0xF654,0xF654,0xF654,0xF654,0xF654,0xF654,0xF654,0xF654,0xF654,0xF654,0xF654,
    0xF654,0xF654,0xF654,0xF654,0xF654,0xF654,0xF654,0xF654,0xF654,0xF654,0xF654,0xF654,
    0xF654,0xF654,0xF654,0xF654,0xF654,0xF654,0xF654,0xF654,0xF654,0xF654,0xF654,0xF654,
    0xF654,0xF654,0xF654,0xF654,0xEE13,0xEDF2,0xEE33,0xF654,0xF654,0xF654,0xF654,0xF654,
    0xF654,0xF654,0xF654,0xF654,0xF654,0xF654,0xF654,0xF654,0xF654,0xF654,0xF654,0xF654,
    0xF654,0xF654,0xF654,0xF654,0xF654,0xF654,0xF654,0xF654,0xF654,0xF654,0xF654,0xF654,
    0xF654,0xF654,0xF654,0xF654,0xF654,0xF654,0xF654,0xF654,0xF654,0xF654,0xF654,0xF654,
    0xF654,0xF654,0xF654,0xF654,0xF654,0xF654,0xF654,0xF654,0xF654,0xF654,0xF654,0xF654,
    0xF654,0xF654,0xF654,0xF654,0xF654,0xF654,0xF654,0xF654,0xF654,0xF654,0xF654,0xF654,
    0xF654,0xF654,0xF654,0xF654,0xF654,0xF654,0xF654,0xF654,0xF654,0xF654,0xF654,0xF654,
    0xF654,0xF654,0xF654,0xF654,0xF654,0xF654,0xF654,0xF654,0xF654,0xF654,0xF654,0xF654,
    0xF654,0xF654,0xF654,0xF654,0xF654,0xF654,0xF654,0xF654,0xF654,0xF654,0xF654,0xF654,
    0xF654,0xF654,0xF654,0xF654,0xF654,0xF654,0xF654,0xF654,0xF654,0xEE13,0xEDF2,0xEE33,
    0xF654,0xF654,0xF654,0xF654,0xF654,0xF654,0xF654,0xF654,0xF654,0xF654,0xF654,0xF654,
    0xF654,0xF654,0xF654,0xF654,0xF654,0xF654,0xF654,0xF654,0xF654,0xF654,0xF654,0xF654,
    0xF654,0xF654,0xF654,0xF654,0xF654,0xF654,0xF654,0xF654,0xF654,0xF654,0xF654,0xF654,
    0xF654,0xF654,0xF654,0xF654,0xF654,0xF654,0xF654,0xF654,0xF654,0xF654,0xF654,0xF654,
    0xF654,0xF654,0xF654,0xF654,0xF654,0xF654,0xF654,0xF654,0xF654,0xF654,0xF654,0xF654,
    0xF654,0xF654,0xF654,0xF654,0xF654,0xF654,0xF654,0xF654,0xF654,0xF654,0xF654,0xF654,
    0xF654,0xF654,0xF654,0xF654,0xF654,0xF654,0xF654,0xF654,0xF654,0xF654,0xF654,0xF654,
    0xF654,0xF654,0xF654,0xF654,0xF654,0xF654,0xF654,0xF654,0xF654,0xF654,0xF654,0xF654,
    0xF654,0xF654,0xEDF2,0xEDF2,0xF633,0xF654,0xF654,0xF654,0xF654,0xF654,0xF654,0xF654,
    0xF654,0xF654,0xF654,0xF654,0xF654,0xF654,0xF654,0xF654,0xF654,0xF654,0xF654,0xF654,
    0xF654,0xF654,0xF654,0xF654,0xF654,0xF654,0xF654,0xF654,0xF654,0xF654,0xF654,0xF654,
    0xF654,0xF654,0xF654,0xF654,0xF654,0xF654,0xF654,0xF654,0xF654,0xF654,0xF654,0xF654,
    0xF654,0xF654,0xF654,0xF654,0xF654,0xF654,0xF654,0xF654,0xF654,0xF654,0xF654,0xF654,
    0xF654,0xF654,0xF654,0xF654,0xF654,0xF654,0xF654,0xF654,0xF654,0xF654,0xF654,0xF654,
    0xF654,0xF654,0xF654,0xF654,0xF654,0xF654,0xF654,0xF654,0xF654,0xF654,0xF654,0xF654,
    0xF654,0xF654,0xF654,0xF654,0xF654,0xF654,0xF654,0xF654,0xF654,0xF654,0xF654,0xF654,
    0xF654,0xF654,0xF654,0xF654,0xF654,0xF654,0xF654,0xF654,0xF654,0xF654,0xF654,0xF654,
    0xEE13,0xEDF2,0xF633,0xF654,0xF654,0xF654,0xF654,0xF654,0xF654,0xF654,0xF654,0xF654,
    0xF654,0xF654,0xF654,0xF654,0xF654,0xF654,0xF654,0xF654,0xF654,0xF654,0xF654,0xF654,
    0xF654,0xF654,0xF654,0xF654,0xF654,0xF654,0xF654,0xF654,0xF654,0xF654,0xF654,0xF654,
    0xF654,0xF654,0xF654,0xF654,0xF654,0xF654,0xF654,0xF654,0xF654,0xF654,0xF654,0xF654,
    0xF654,0xF654,0xF654,0xF654,0xF654,0xF654,0xF654,0xF654,0xF654,0xF654,0xF654,0xF654,
    0xF654,0xF654,0xF654,0xF654,0xF654,0xF654,0xF654,0xF654,0xF654,0xF654,0xF654,0xF654,
    0xF654,0xF654,0xF654,0xF654,0xF654,0xF654,0xF654,0xF654,0xF654,0xF654,0xF654,0xF654,
    0xF654,0xF654,0xF654,0xF654,0xF654,0xF654,0xF654,0xF654,0xF654,0xF654,0xF654,0xF654,
    0xF654,0xF654,0xF654,0xF654,0xF654,0xF654,0xF654,0xF654,0xF654,0xF654,0xF654,0xF654,
    0xF654,0xF654,0xF654,0xF654,0xF654,0xF633,0xEDF2,0xEDF2,0xF654,0xF654,0xF654,0xF654,
    0xF654,0xF654,0xF654,0xF654,0xF654,0xF654,0xF654,0xF654,0xF654,0xF654,0xF654,0xF654,
    0xF654,0xF654,0xF654,0xF654,0xF654,0xF654,0xF654,0xF654,0xF654,0xF654,0xF654,0xF654,
    0xF654,0xF654,0xF654,0xF654,0xF654,0xF654,0xF654,0xF654,0xF654,0xF654,0xF654,0xF654,
    0xF654,0xF654,0xF654,0xF654,0xF654,0xF654,0xF654,0xF654,0xF654,0xF654,0xF654,0xF654,
    0xF654,0xF654,0xF654,0xF654,0xF654,0xF654,0xF654,0xF654,0xF654,0xF654,0xF654,0xF654,
    0xF654,0xF654,0xF654,0xF654,0xF654,0xF654,0xF654,0xF654,0xF654,0xF654,0xF654,0xF654,
    0xF654,0xF654,0xF654,0xF654,0xF654,0xF654,0xF654,0xF654,0xF654,0xF654,0xF654,0xF654,
    0xF654,0xF654,0xF654,0xF654,0xF654,0xF654,0xF654,0xF654,0xF654,0xF633,0xEDF2,0xEE12,
    0xF654,0xF654,0xF654,0xF654,0xF654,0xF654,0xF654,0xF654,0xF654,0xF654,0xF654,0xF654,
    0xF654,0xF654,0xF654,0xF654,0xF654,0xF654,0xF654,0xF654,0xF654,0xF654,0xF654,0xF654,
    0xF654,0xF654,0xF654,0xF654,0xF654,0xF654,0xF654,0xF654,0xF654,0xF654,0xF654,0xF654,
    0xF654,0xF654,0xF654,0xF654,0xF654,0xF654,0xF654,0xF654,0xF654,0xF654,0xF654,0xF654,
    0xF654,0xF654,0xF654,0xF654,0xF654,0xF654,0xF654,0xF654,0xF654,0xF654,0xF654,0xF654,
    0xF654,0xF654,0xF654,0xF654,0xF654,0xF654,0xF654,0xF654,0xF654,0xF654,0xF654,0xF654,
    0xF654,0xF654,0xF654,0xF654,0xF654,0xF654,0xF654,0xF654,0xF654,0xF654,0xF654,0xF654,
    0xF654,0xF654,0xF654,0xF654,0xF654,0xF654,0xF654,0xF654,0xF654,0xF654,0xF654,0xF654,
    0xF654,0xF654,0xF654,0xF654,0xF654,0xF654,0xF654,0xF654,0xEE12,0xEDF2,0xF633,0xF654,
    0xF654,0xF654,0xF654,0xF654,0xF654,0xF654,0xF654,0xF654,0xF654,0xF654,0xF654,0xF654,
    0xF654,0xF654,0xF654,0xF654,0xF654,0xF654,0xF654,0xF654,0xF654,0xF654,0xF654,0xF654,
    0xF654,0xF654,0xF654,0xF654,0xF654,0xF654,0xF654,0xF654,0xF654,0xF654,0xF654,0xF654,
    0xF654,0xF654,0xF654,0xF654,0xF654,0xF654,0xF654,0xF654,0xF654,0xF654,0xF654,0xF654,
    0xF654,0xF654,0xF654,0xF654,0xF654,0xF654,0xF654,0xF654,0xF654,0xF654,0xF654,0xF654,
    0xF654,0xF654,0xF654,0xF654,0xF654,0xF654,0xF654,0xF654,0xF654,0xF654,0xF654,0xF654,
    0xF654,0xF654,0xF654,0xF654,0xF654,0xF654,0xF654,0xF654,0xF654,0xF654,0xF654,0xF654,
    0xF654,0xF654,0xF654,0xF654,0xF654,0xF654,0xF654,0xF654,0xF654,0xF654,0xF654,0xF654,
    0xF654,0xF654,0xF654,0xF654,0xF654,0xF654,0xF654,0xF654,0xF654,0xF654,0xF654,0xF654,
    0xF654,0xF654,0xEE12,0xEDF2,0xEE33,0xF654,0xF654,0xF654,0xF654,0xF654,0xF654,0xF654,
    0xF654,0xF654,0xF654,0xF654,0xF654,0xF654,0xF654,0xF654,0xF654,0xF654,0xF654,0xF654,
    0xF654,0xF654,0xF654,0xF654,0xF654,0xF654,0xF654,0xF654,0xF654,0xF654,0xF654,0xF654,
    0xF654,0xF654,0xF654,0xF654,0xF654,0xF654,0xF654,0xF654,0xF654,0xF654,0xF654,0xF654,
    0xF654,0xF654,0xF654,0xF654,0xF654,0xF654,0xF654,0xF654,0xF654,0xF654,0xF654,0xF654,
    0xF654,0xF654,0xF654,0xF654,0xF654,0xF654,0xF654,0xF654,0xF654,0xF654,0xF654,0xF654,
    0xF654,0xF654,0xF654,0xF654,0xF654,0xF654,0xF654,0xF654,0xF654,0xF654,0xF654,0xF654,
    0xF654,0xF654,0xF654,0xF654,0xF654,0xF654,0xF654,0xF654,0xF654,0xF654,0xF654,0xF654,
    0xF654,0xF654,0xF654,0xF654,0xF654,0xEE12,0xEDF2,0xF633,0xF654,0xF654,0xF654,0xF654,
    0xF654,0xF654,0xF654,0xF654,0xF654,0xF654,0xF654,0xF654,0xF654,0xF654,0xF654,0xF654,
    0xF654,0xF654,0xF654,0xF654,0xF654,0xF654,0xF654,0xF654,0xF654,0xF654,0xF654,0xF654,
    0xF654,0xF654,0xF654,0xF654,0xF654,0xF654,0xF654,0xF654,0xF654,0xF654,0xF654,0xF654,
    0xF654,0xF654,0xF654,0xF654,0xF654,0xF654,0xF654,0xF654,0xF654,0xF654,0xF654,0xF654,
    0xF654,0xF654,0xF654,0xF654,0xF654,0xF654,0xF654,0xF654,0xF654,0xF654,0xF654,0xF654,
    0xF654,0xF654,0xF654,0xF654,0xF654,0xF654,0xF654,0xF654,0xF654,0xF654,0xF654,0xF654,
    0xF654,0xF654,0xF654,0xF654,0xF654,0xF654,0xF654,0xF654,0xF654,0xF654,0xF654,0xF654,
    0xF654,0xF654,0xF654,0xF654,0xF654,0xF654,0xF654,0xF654,0xF654,0xF654,0xF654,0xF654,
    0xF654,0xF654,0xF654,0xF654,0xEE12,0xEDF2,0xF654,0xF654,0xF654,0xF654,0xF654,0xF654,
    0xF654,0xF654,0xF654,0xF654,0xF654,0xF654,0xF654,0xF654,0xF654,0xF654,0xF654,0xF654,
    0xF654,0xF654,0xF654,0xF654,0xF654,0xF654,0xF654,0xF654,0xF654,0xF654,0xF654,0xF654,
    0xF654,0xF654,0xF654,0xF654,0xF654,0xF654,0xF654,0xF654,0xF654,0xF654,0xF654,0xF654,
    0xF654,0xF654,0xF654,0xF654,0xF654,0xF654,0xF654,0xF654,0xF654,0xF654,0xF654,0xF654,
    0xF654,0xF654,0xF654,0xF654,0xF654,0xF654,0xF654,0xF654,0xF654,0xF654,0xF654,0xF654,
    0xF654,0xF654,0xF654,0xF654,0xF654,0xF654,0xF654,0xF654,0xF654,0xF654,0xF654,0xF654,
    0xF654,0xF654,0xF654,0xF654,0xF654,0xF654,0xF654,0xF654,0xF654,0xF654,0xF654,0xF654,
    0xF654,0xF654,0xF654,0xF654,0xF654,0xF654,0xF654,0xF654,0xF654,0xF654,0xF654,0xF654,
    0xF654,0xF654,0xF654,0xF654,0xF654,0xF654,0xF654,0xF654,0xF654,0xF654,0xF633,0xEDF2,
    0xEE12,0xF654,0xF654,0xF654,0xF654,0xF654,0xF654,0xF654,0xF654,0xF654,0xF654,0xF654,
    0xF654,0xF654,0xF654,0xF654,0xF654,0xF654,0xF654,0xF654,0xF654,0xF654,0xF654,0xF654,
    0xF654,0xF654,0xF654,0xF654,0xF654,0xF654,0xF654,0xF654,0xF654,0xF654,0xF654,0xF654,
    0xF654,0xF654,0xF654,0xF654,0xF654,0xF654,0xF654,0xF654,0xF654,0xF654,0xF654,0xF654,
    0xF654,0xF654,0xF654,0xF654,0xF654,0xF654,0xF654,0xF654,0xF654,0xF654,0xF654,0xF654,
    0xF654,0xF654,0xF654,0xF654,0xF654,0xF654,0xF654,0xF654,0xF654,0xF654,0xF654,0xF654,
    0xF654,0xF654,0xF654,0xF654,0xF654,0xF654,0xF654,0xF654,0xF654,0xF654,0xF654,0xF654,
    0xF654,0xF654,0xF654,0xF654,0xF654,0xF654,0xF654,0xF654,0xF654,0xF654,0xF654,0xF654,
    0xF633,0xEDF2,0xEE12,0xF654,0xF654,0xF654,0xF654,0xF654,0xF654,0xF654,0xF654,0xF654,
    0xF654,0xF654,0xF654,0xF654,0xF654,0xF654,0xF654,0xF654,0xF654,0xF654,0xF654,0xF654,
    0xF654,0xF654,0xF654,0xF654,0xF654,0xF654,0xF654,0xF654,0xF654,0xF654,0xF654,0xF654,
    0xF654,0xF654,0xF654,0xF654,0xF654,0xF654,0xF654,0xF654,0xF654,0xF654,0xF654,0xF654,
    0xF654,0xF654,0xF654,0xF654,0xF654,0xF654,0xF654,0xF654,0xF654,0xF654,0xF654,0xF654,
    0xF654,0xF654,0xF654,0xF654,0xF654,0xF654,0xF654,0xF654,0xF654,0xF654,0xF654,0xF654,
    0xF654,0xF654,0xF654,0xF654,0xF654,0xF654,0xF654,0xF654,0xF654,0xF654,0xF654,0xF654,
    0xF654,0xF654,0xF654,0xF654,0xF654,0xF654,0xF654,0xF654,0xF654,0xF654,0xF654,0xF654,
    0xF654,0xF654,0xF654,0xF654,0xF654,0xF654,0xF654,0xF654,0xF654,0xF654,0xF654,0xF654,
    0xEDF2,0xEE12,0xF654,0xF654,0xF654,0xF654,0xF654,0xF654,0xF654,0xF654,0xF654,0xF654,
    0xF654,0xF654,0xF654,0xF654,0xF654,0xF654,0xF654,0xF654,0xF654,0xF654,0xF654,0xF654,
    0xF654,0xF654,0xF654,0xF654,0xF654,0xF654,0xF654,0xF654,0xF654,0xF654,0xF654,0xF654,
    0xF654,0xF654,0xF654,0xF654,0xF654,0xF654,0xF654,0xF654,0xF654,0xF654,0xF654,0xF654,
    0xF654,0xF654,0xF654,0xF654,0xF654,0xF654,0xF654,0xF654,0xF654,0xF654,0xF654,0xF654,
    0xF654,0xF654,0xF654,0xF654,0xF654,0xF654,0xF654,0xF654,0xF654,0xF654,0xF654,0xF654,
    0xF654,0xF654,0xF654,0xF654,0xF654,0xF654,0xF654,0xF654,0xF654,0xF654,0xF654,0xF654,
    0xF654,0xF654,0xF654,0xF654,0xF654,0xF654,0xF654,0xF654,0xF654,0xF654,0xF654,0xF654,
    0xF654,0xF654,0xF654,0xF654,0xF654,0xF654,0xF654,0xF654,0xF654,0xF654,0xF654,0xF654,
    0xF654,0xF654,0xF654,0xF654,0xF654,0xF654,0xF654,0xEE12,0xEDF2,0xF633,0xF654,0xF654,
    0xF654,0xF654,0xF654,0xF654,0xF654,0xF654,0xF654,0xF654,0xF654,0xF654,0xF654,0xF654,
    0xF654,0xF654,0xF654,0xF654,0xF654,0xF654,0xF654,0xF654,0xF654,0xF654,0xF654,0xF654,
    0xF654,0xF654,0xF654,0xF654,0xF654,0xF654,0xF654,0xF654,0xF654,0xF654,0xF654,0xF654,
    0xF654,0xF654,0xF654,0xF654,0xF654,0xF654,0xF654,0xF654,0xF654,0xF654,0xF654,0xF654,
    0xF654,0xF654,0xF654,0xF654,0xF654,0xF654,0xF654,0xF654,0xF654,0xF654,0xF654,0xF654,
    0xF654,0xF654,0xF654,0xF654,0xF654,0xF654,0xF654,0xF654,0xF654,0xF654,0xF654,0xF654,
    0xF654,0xF654,0xF654,0xF654,0xF654,0xF654,0xF654,0xF654,0xF654,0xF654,0xF654,0xF654,
    0xF654,0xF654,0xF654,0xF654,0xF654,0xF654,0xF654,0xF654,0xEE12,0xEDF2,0xF633,0xF654,
    0xF654,0xF654,0xF654,0xF654,0xF654,0xF654,0xF654,0xF654,0xF654,0xF654,0xF654,0xF654,
    0xF654,0xF654,0xF654,0xF654,0xF654,0xF654,0xF654,0xF654,0xF654,0xF654,0xF654,0xF654,
    0xF654,0xF654,0xF654,0xF654,0xF654,0xF654,0xF654,0xF654,0xF654,0xF654,0xF654,0xF654,
    0xF654,0xF654,0xF654,0xF654,0xF654,0xF654,0xF654,0xF654,0xF654,0xF654,0xF654,0xF654,
    0xF654,0xF654,0xF654,0xF654,0xF654,0xF654,0xF654,0xF654,0xF654,0xF654,0xF654,0xF654,
    0xF654,0xF654,0xF654,0xF654,0xF654,0xF654,0xF654,0xF654,0xF654,0xF654,0xF654,0xF654,
    0xF654,0xF654,0xF654,0xF654,0xF654,0xF654,0xF654,0xF654,0xF654,0xF654,0xF654,0xF654,
    0xF654,0xF654,0xF654,0xF654,0xF654,0xF654,0xF654,0xF654,0xF654,0xF654,0xF654,0xF654,
    0xF654,0xF654,0xF654,0xF654,0xF654,0xF654,0xF654,0xF633,0xEDF2,0xEE12,0xF654,0xF654,
    0xF654,0xF654,0xF654,0xF654,0xF654,0xF654,0xF654,0xF654,0xF654,0xF654,0xF654,0xF654,
    0xF654,0xF654,0xF654,0xF654,0xF654,0xF654,0xF654,0xF654,0xF654,0xF654,0xF654,0xF654,
    0xF654,0xF654,0xF654,0xF654,0xF654,0xF654,0xF654,0xF654,0xF654,0xF654,0xF654,0xF654,
    0xF654,0xF654,0xF654,0xF654,0xF654,0xF654,0xF654,0xF654,0xF654,0xF654,0xF654,0xF654,
    0xF654,0xF654,0xF654,0xF654,0xF654,0xF654,0xF654,0xF654,0xF654,0xF654,0xF654,0xF654,
    0xF654,0xF654,0xF654,0xF654,0xF654,0xF654,0xF654,0xF654,0xF654,0xF654,0xF654,0xF654,
    0xF654,0xF654,0xF654,0xF654,0xF654,0xF654,0xF654,0xF654,0xF654,0xF654,0xF654,0xF654,
    0xF654,0xF654,0xF654,0xF654,0xF654,0xF654,0xF654,0xF654,0xF654,0xF654,0xF654,0xF654,
    0xF654,0xF654,0xF654,0xF654,0xF654,0xF654,0xF654,0xF654,0xF654,0xF654,0xF654,0xF654,
    0xF654,0xF654,0xF654,0xEE33,0xEDF2,0xEE12,0xF654,0xF654,0xF654,0xF654,0xF654,0xF654,
    0xF654,0xF654,0xF654,0xF654,0xF654,0xF654,0xF654,0xF654,0xF654,0xF654,0xF654,0xF654,
    0xF654,0xF654,0xF654,0xF654,0xF654,0xF654,0xF654,0xF654,0xF654,0xF654,0xF654,0xF654,
    0xF654,0xF654,0xF654,0xF654,0xF654,0xF654,0xF654,0xF654,0xF654,0xF654,0xF654,0xF654,
    0xF654,0xF654,0xF654,0xF654,0xF654,0xF654,0xF654,0xF654,0xF654,0xF654,0xF654,0xF654,
    0xF654,0xF654,0xF654,0xF654,0xF654,0xF654,0xF654,0xF654,0xF654,0xF654,0xF654,0xF654,
    0xF654,0xF654,0xF654,0xF654,0xF654,0xF654,0xF654,0xF654,0xF654,0xF654,0xF654,0xF654,
    0xF654,0xF654,0xF654,0xF654,0xF654,0xF654,0xF654,0xF654,0xF654,0xF654,0xF654,0xF654,
    0xF654,0xF654,0xF654,0xF653,0xEDF2,0xEDF2,0xF653,0xF654,0xF654,0xF654,0xF654,0xF654,
    0xF654,0xF654,0xF654,0xF654,0xF654,0xF654,0xF654,0xF654,0xF654,0xF654,0xF654,0xF654,
    0xF654,0xF654,0xF654,0xF654,0xF654,0xF654,0xF654,0xF654,0xF654,0xF654,0xF654,0xF654,
    0xF654,0xF654,0xF654,0xF654,0xF654,0xF654,0xF654,0xF654,0xF654,0xF654,0xF654,0xF654,
    0xF654,0xF654,0xF654,0xF654,0xF654,0xF654,0xF654,0xF654,0xF654,0xF654,0xF654,0xF654,
    0xF654,0xF654,0xF654,0xF654,0xF654,0xF654,0xF654,0xF654,0xF654,0xF654,0xF654,0xF654,
    0xF654,0xF654,0xF654,0xF654,0xF654,0xF654,0xF654,0xF654,0xF654,0xF654,0xF654,0xF654,
    0xF654,0xF654,0xF654,0xF654,0xF654,0xF654,0xF654,0xF654,0xF654,0xF654,0xF654,0xF654,
    0xF654,0xF654,0xF654,0xF654,0xF654,0xF654,0xF654,0xF654,0xF654,0xF654,0xF654,0xF654,
    0xF654,0xF654,0xF654,0xF633,0xEDF2,0xEE12,0xF654,0xF654,0xF654,0xF654,0xF654,0xF654,
    0xF654,0xF654,0xF654,0xF654,0xF654,0xF654,0xF654,0xF654,0xF654,0xF654,0xF654,0xF654,
    0xF654,0xF654,0xF654,0xF654,0xF654,0xF654,0xF654,0xF654,0xF654,0xF654,0xF654,0xF654,
    0xF654,0xF654,0xF654,0xF654,0xF654,0xF654,0xF654,0xF654,0xF654,0xF654,0xF654,0xF654,
    0xF654,0xF654,0xF654,0xF654,0xF654,0xF654,0xF654,0xF654,0xF654,0xF654,0xF654,0xF654,
    0xF654,0xF654,0xF654,0xF654,0xF654,0xF654,0xF654,0xF654,0xF654,0xF654,0xF654,0xF654,
    0xF654,0xF654,0xF654,0xF654,0xF654,0xF654,0xF654,0xF654,0xF654,0xF654,0xF654,0xF654,
    0xF654,0xF654,0xF654,0xF654,0xF654,0xF654,0xF654,0xF654,0xF654,0xF654,0xF654,0xF654,
    0xF654,0xF654,0xF654,0xF654,0xF654,0xF654,0xF654,0xF654,0xF654,0xF654,0xF654,0xF654,
    0xF654,0xF654,0xF654,0xF654,0xF654,0xF654,0xF654,0xF654,0xF654,0xF654,0xF654,0xF653,
    0xEDF2,0xEDF2,0xF633,0xF654,0xF654,0xF654,0xF654,0xF654,0xF654,0xF654,0xF654,0xF654,
    0xF654,0xF654,0xF654,0xF654,0xF654,0xF654,0xF654,0xF654,0xF654,0xF654,0xF654,0xF654,
    0xF654,0xF654,0xF654,0xF654,0xF654,0xF654,0xF654,0xF654,0xF654,0xF654,0xF654,0xF654,
    0xF654,0xF654,0xF654,0xF654,0xF654,0xF654,0xF654,0xF654,0xF654,0xF654,0xF654,0xF654,
    0xF654,0xF654,0xF654,0xF654,0xF654,0xF654,0xF654,0xF654,0xF654,0xF654,0xF654,0xF654,
    0xF654,0xF654,0xF654,0xF654,0xF654,0xF654,0xF654,0xF654,0xF654,0xF654,0xF654,0xF654,
    0xF654,0xF654,0xF654,0xF654,0xF654,0xF654,0xF654,0xF654,0xF654,0xF654,0xF654,0xF654,
    0xF654,0xF654,0xF654,0xF654,0xF654,0xF654,0xF654,0xF654,0xF654,0xF654,0xF654,0xEE13,
    0xEDF2,0xEE13,0xF654,0xF654,0xF654,0xF654,0xF654,0xF654,0xF654,0xF654,0xF654,0xF654,
    0xF654,0xF654,0xF654,0xF654,0xF654,0xF654,0xF654,0xF654,0xF654,0xF654,0xF654,0xF654,
    0xF654,0xF654,0xF654,0xF654,0xF654,0xF654,0xF654,0xF654,0xF654,0xF654,0xF654,0xF654,
    0xF654,0xF654,0xF654,0xF654,0xF654,0xF654,0xF654,0xF654,0xF654,0xF654,0xF654,0xF654,
    0xF654,0xF654,0xF654,0xF654,0xF654,0xF654,0xF654,0xF654,0xF654,0xF654,0xF654,0xF654,
    0xF654,0xF654,0xF654,0xF654,0xF654,0xF654,0xF654,0xF654,0xF654,0xF654,0xF654,0xF654,
    0xF654,0xF654,0xF654,0xF654,0xF654,0xF654,0xF654,0xF654,0xF654,0xF654,0xF654,0xF654,
    0xF654,0xF654,0xF654,0xF654,0xF654,0xF654,0xF654,0xF654,0xF654,0xF654,0xF654,0xF654,
    0xF654,0xF654,0xF654,0xF654,0xF654,0xF654,0xF654,0xF654,0xF654,0xF654,0xF654,0xEE33,
    0xEDF2,0xEE13,0xF654,0xF654,0xF654,0xF654,0xF654,0xF654,0xF654,0xF654,0xF654,0xF654,
    0xF654,0xF654,0xF654,0xF654,0xF654,0xF654,0xF654,0xF654,0xF654,0xF654,0xF654,0xF654,
    0xF654,0xF654,0xF654,0xF654,0xF654,0xF654,0xF654,0xF654,0xF654,0xF654,0xF654,0xF654,
    0xF654,0xF654,0xF654,0xF654,0xF654,0xF654,0xF654,0xF654,0xF654,0xF654,0xF654,0xF654,
    0xF654,0xF654,0xF654,0xF654,0xF654,0xF654,0xF654,0xF654,0xF654,0xF654,0xF654,0xF654,
    0xF654,0xF654,0xF654,0xF654,0xF654,0xF654,0xF654,0xF654,0xF654,0xF654,0xF654,0xF654,
    0xF654,0xF654,0xF654,0xF654,0xF654,0xF654,0xF654,0xF654,0xF654,0xF654,0xF654,0xF654,
    0xF654,0xF654,0xF654,0xF654,0xF654,0xF654,0xF654,0xF654,0xF654,0xF654,0xF654,0xF654,
    0xF654,0xF654,0xF654,0xF654,0xF654,0xF654,0xF654,0xF654,0xF654,0xF654,0xF654,0xF654,
    0xF654,0xF654,0xF654,0xF654,0xF654,0xF654,0xF654,0xF654,0xEE33,0xEDF2,0xEE13,0xF654,
    0xF654,0xF654,0xF654,0xF654,0xF654,0xF654,0xF654,0xF654,0xF654,0xF654,0xF654,0xF654,
    0xF654,0xF654,0xF654,0xF654,0xF654,0xF654,0xF654,0xF654,0xF654,0xF654,0xF654,0xF654,
    0xF654,0xF654,0xF654,0xF654,0xF654,0xF654,0xF654,0xF654,0xF654,0xF654,0xF654,0xF654,
    0xF654,0xF654,0xF654,0xF654,0xF654,0xF654,0xF654,0xF654,0xF654,0xF654,0xF654,0xF654,
    0xF654,0xF654,0xF654,0xF654,0xF654,0xF654,0xF654,0xF654,0xF654,0xF654,0xF654,0xF654,
    0xF654,0xF654,0xF654,0xF654,0xF654,0xF654,0xF654,0xF654,0xF654,0xF654,0xF654,0xF654,
    0xF654,0xF654,0xF654,0xF654,0xF654,0xF654,0xF654,0xF654,0xF654,0xF654,0xF654,0xF654,
    0xF654,0xF654,0xF654,0xF654,0xF654,0xF654,0xF653,0xEDF2,0xEDF2,0xF633,0xF654,0xF654,
    0xF654,0xF654,0xF654,0xF654,0xF654,0xF654,0xF654,0xF654,0xF654,0xF654,0xF654,0xF654,
    0xF654,0xF654,0xF654,0xF654,0xF654,0xF654,0xF654,0xF654,0xF654,0xF654,0xF654,0xF654,
    0xF654,0xF654,0xF654,0xF654,0xF654,0xF654,0xF654,0xF654,0xF654,0xF654,0xF654,0xF654,
    0xF654,0xF654,0xF654,0xF654,0xF654,0xF654,0xF654,0xF654,0xF654,0xF654,0xF654,0xF654,
    0xF654,0xF654,0xF654,0xF654,0xF654,0xF654,0xF654,0xF654,0xF654,0xF654,0xF654,0xF654,
    0xF654,0xF654,0xF654,0xF654,0xF654,0xF654,0xF654,0xF654,0xF654,0xF654,0xF654,0xF654,
    0xF654,0xF654,0xF654,0xF654,0xF654,0xF654,0xF654,0xF654,0xF654,0xF654,0xF654,0xF654,
    0xF654,0xF654,0xF654,0xF654,0xF654,0xF654,0xF654,0xF654,0xF654,0xF654,0xF654,0xF654,
    0xF654,0xF654,0xF654,0xF654,0xF654,0xF654,0xF654,0xEE33,0xEDF2,0xEE33,0xF654,0xF654,
    0xF654,0xF654,0xF654,0xF654,0xF654,0xF654,0xF654,0xF654,0xF654,0xF654,0xF654,0xF654,
    0xF654,0xF654,0xF654,0xF654,0xF654,0xF654,0xF654,0xF654,0xF654,0xF654,0xF654,0xF654,
    0xF654,0xF654,0xF654,0xF654,0xF654,0xF654,0xF654,0xF654,0xF654,0xF654,0xF654,0xF654,
    0xF654,0xF654,0xF654,0xF654,0xF654,0xF654,0xF654,0xF654,0xF654,0xF654,0xF654,0xF654,
    0xF654,0xF654,0xF654,0xF654,0xF654,0xF654,0xF654,0xF654,0xF654,0xF654,0xF654,0xF654,
    0xF654,0xF654,0xF654,0xF654,0xF654,0xF654,0xF654,0xF654,0xF654,0xF654,0xF654,0xF654,
    0xF654,0xF654,0xF654,0xF654,0xF654,0xF654,0xF654,0xF654,0xF654,0xF654,0xF654,0xF654,
    0xF654,0xF654,0xF654,0xF654,0xF654,0xF654,0xF654,0xF654,0xF654,0xF654,0xF654,0xF654,
    0xF654,0xF654,0xF654,0xF654,0xF654,0xF654,0xF654,0xF654,0xF654,0xF654,0xF654,0xF654,
    0xF654,0xF654,0xF654,0xF654,0xF653,0xEDF2,0xEDF2,0xF653,0xF654,0xF654,0xF654,0xF654,
    0xF654,0xF654,0xF654,0xF654,0xF654,0xF654,0xF654,0xF654,0xF654,0xF654,0xF654,0xF654,
    0xF654,0xF654,0xF654,0xF654,0xF654,0xF654,0xF654,0xF654,0xF654,0xF654,0xF654,0xF654,
    0xF654,0xF654,0xF654,0xF654,0xF654,0xF654,0xF654,0xF654,0xF654,0xF654,0xF654,0xF654,
    0xF654,0xF654,0xF654,0xF654,0xF654,0xF654,0xF654,0xF654,0xF654,0xF654,0xF654,0xF654,
    0xF654,0xF654,0xF654,0xF654,0xF654,0xF654,0xF654,0xF654,0xF654,0xF654,0xF654,0xF654,
    0xF654,0xF654,0xF654,0xF654,0xF654,0xF654,0xF654,0xF654,0xF654,0xF654,0xF654,0xF654,
    0xF654,0xF654,0xF654,0xF654,0xF654,0xF654,0xF654,0xF654,0xF654,0xF654,0xF654,0xF654,
    0xF654,0xF654,0xEE33,0xEDF2,0xEE13,0xF654,0xF654,0xF654,0xF654,0xF654,0xF654,0xF654,
    0xF654,0xF654,0xF654,0xF654,0xF654,0xF654,0xF654,0xF654,0xF654,0xF654,0xF654,0xF654,
    0xF654,0xF654,0xF654,0xF654,0xF654,0xF654,0xF654,0xF654,0xF654,0xF654,0xF654,0xF654,
    0xF654,0xF654,0xF654,0xF654,0xF654,0xF654,0xF654,0xF654,0xF654,0xF654,0xF654,0xF654,
    0xF654,0xF654,0xF654,0xF654,0xF654,0xF654,0xF654,0xF654,0xF654,0xF654,0xF654,0xF654,
    0xF654,0xF654,0xF654,0xF654,0xF654,0xF654,0xF654,0xF654,0xF654,0xF654,0xF654,0xF654,
    0xF654,0xF654,0xF654,0xF654,0xF654,0xF654,0xF654,0xF654,0xF654,0xF654,0xF654,0xF654,
    0xF654,0xF654,0xF654,0xF654,0xF654,0xF654,0xF654,0xF654,0xF654,0xF654,0xF654,0xF654,
    0xF654,0xF654,0xF654,0xF654,0xF654,0xF654,0xF654,0xF654,0xF654,0xF654,0xF654,0xF654,
    0xF654,0xF654,0xF654,0xEE13,0xEDF2,0xEE33,0xF654,0xF654,0xF654,0xF654,0xF654,0xF654,
    0xF654,0xF654,0xF654,0xF654,0xF654,0xF654,0xF654,0xF654,0xF654,0xF654,0xF654,0xF654,
    0xF654,0xF654,0xF654,0xF654,0xF654,0xF654,0xF654,0xF654,0xF654,0xF654,0xF654,0xF654,
    0xF654,0xF654,0xF654,0xF654,0xF654,0xF654,0xF654,0xF654,0xF654,0xF654,0xF654,0xF654,
    0xF654,0xF654,0xF654,0xF654,0xF654,0xF654,0xF654,0xF654,0xF654,0xF654,0xF654,0xF654,
    0xF654,0xF654,0xF654,0xF654,0xF654,0xF654,0xF654,0xF654,0xF654,0xF654,0xF654,0xF654,
    0xF654,0xF654,0xF654,0xF654,0xF654,0xF654,0xF654,0xF654,0xF654,0xF654,0xF654,0xF654,
    0xF654,0xF654,0xF654,0xF654,0xF654,0xF654,0xF654,0xF654,0xF654,0xF654,0xF654,0xF654,
    0xF654,0xF654,0xF654,0xF654,0xF654,0xF654,0xF654,0xF654,0xF654,0xF654,0xF654,0xF654,
    0xF654,0xF654,0xF654,0xF654,0xF654,0xF654,0xF654,0xF654,0xF654,0xF654,0xF654,0xF654,
    0xF654,0xEE13,0xEDF2,0xEE33,0xF654,0xF654,0xF654,0xF654,0xF654,0xF654,0xF654,0xF654,
    0xF654,0xF654,0xF654,0xF654,0xF654,0xF654,0xF654,0xF654,0xF654,0xF654,0xF654,0xF654,
    0xF654,0xF654,0xF654,0xF654,0xF654,0xF654,0xF654,0xF654,0xF654,0xF654,0xF654,0xF654,
    0xF654,0xF654,0xF654,0xF654,0xF654,0xF654,0xF654,0xF654,0xF654,0xF654,0xF654,0xF654,
    0xF654,0xF654,0xF654,0xF654,0xF654,0xF654,0xF654,0xF654,0xF654,0xF654,0xF654,0xF654,
    0xF654,0xF654,0xF654,0xF654,0xF654,0xF654,0xF654,0xF654,0xF654,0xF654,0xF654,0xF654,
    0xF654,0xF654,0xF654,0xF654,0xF654,0xF654,0xF654,0xF654,0xF654,0xF654,0xF654,0xF654,
    0xF654,0xF654,0xF654,0xF654,0xF654,0xF654,0xF654,0xF654,0xF654,0xF654,0xEDF2,0xEDF2,
    0xF633,0xF654,0xF654,0xF654,0xF654,0xF654,0xF654,0xF654,0xF654,0xF654,0xF654,0xF654,
    0xF654,0xF654,0xF654,0xF654,0xF654,0xF654,0xF654,0xF654,0xF654,0xF654,0xF654,0xF654,
    0xF654,0xF654,0xF654,0xF654,0xF654,0xF654,0xF654,0xF654,0xF654,0xF654,0xF654,0xF654,
    0xF654,0xF654,0xF654,0xF654,0xF654,0xF654,0xF654,0xF654,0xF654,0xF654,0xF654,0xF654,
    0xF654,0xF654,0xF654,0xF654,0xF654,0xF654,0xF654,0xF654,0xF654,0xF654,0xF654,0xF654,
    0xF654,0xF654,0xF654,0xF654,0xF654,0xF654,0xF654,0xF654,0xF654,0xF654,0xF654,0xF654,
    0xF654,0xF654,0xF654,0xF654,0xF654,0xF654,0xF654,0xF654,0xF654,0xF654,0xF654,0xF654,
    0xF654,0xF654,0xF654,0xF654,0xF654,0xF654,0xF654,0xF654,0xF654,0xF654,0xF654,0xF654,
    0xF654,0xF654,0xF654,0xF654,0xF654,0xF654,0xF654,0xF654,0xF654,0xF654,0xF654,0xEE13,
    0xEDF2,0xF633,0xF654,0xF654,0xF654,0xF654,0xF654,0xF654,0xF654,0xF654,0xF654,0xF654,
    0xF654,0xF654,0xF654,0xF654,0xF654,0xF654,0xF654,0xF654,0xF654,0xF654,0xF654,0xF654,
    0xF654,0xF654,0xF654,0xF654,0xF654,0xF654,0xF654,0xF654,0xF654,0xF654,0xF654,0xF654,
    0xF654,0xF654,0xF654,0xF654,0xF654,0xF654,0xF654,0xF654,0xF654,0xF654,0xF654,0xF654,
    0xF654,0xF654,0xF654,0xF654,0xF654,0xF654,0xF654,0xF654,0xF654,0xF654,0xF654,0xF654,
    0xF654,0xF654,0xF654,0xF654,0xF654,0xF654,0xF654,0xF654,0xF654,0xF654,0xF654,0xF654,
    0xF654,0xF654,0xF654,0xF654,0xF654,0xF654,0xF654,0xF654,0xF654,0xF654,0xF654,0xF654,
    0xF654,0xF654,0xF654,0xF654,0xF654,0xF654,0xF654,0xF654,0xF654,0xF654,0xF654,0xF654,
    0xF654,0xF654,0xF654,0xF654,0xF654,0xF654,0xF654,0xF654,0xF654,0xF654,0xF654,0xF654,
    0xF654,0xF654,0xF654,0xF654,0xF654,0xF654,0xF654,0xF654,0xF654,0xF633,0xEDF2,0xEDF2,
    0xF654,0xF654,0xF654,0xF654,0xF654,0xF654,0xF654,0xF654,0xF654,0xF654,0xF654,0xF654,
    0xF654,0xF654,0xF654,0xF654,0xF654,0xF654,0xF654,0xF654,0xF654,0xF654,0xF654,0xF654,
    0xF654,0xF654,0xF654,0xF654,0xF654,0xF654,0xF654,0xF654,0xF654,0xF654,0xF654,0xF654,
    0xF654,0xF654,0xF654,0xF654,0xF654,0xF654,0xF654,0xF654,0xF654,0xF654,0xF654,0xF654,
    0xF654,0xF654,0xF654,0xF654,0xF654,0xF654,0xF654,0xF654,0xF654,0xF654,0xF654,0xF654,
    0xF654,0xF654,0xF654,0xF654,0xF654,0xF654,0xF654,0xF654,0xF654,0xF654,0xF654,0xF654,
    0xF654,0xF654,0xF654,0xF654,0xF654,0xF654,0xF654,0xF654,0xF654,0xF654,0xF654,0xF654,
    0xF654,0xF654,0xF654,0xF654,0xF654,0xF633,0xEDF2,0xEE12,0xF654,0xF654,0xF654,0xF654,
    0xF654,0xF654,0xF654,0xF654,0xF654,0xF654,0xF654,0xF654,0xF654,0xF654,0xF654,0xF654,
    0xF654,0xF654,0xF654,0xF654,0xF654,0xF654,0xF654,0xF654,0xF654,0xF654,0xF654,0xF654,
    0xF654,0xF654,0xF654,0xF654,0xF654,0xF654,0xF654,0xF654,0xF654,0xF654,0xF654,0xF654,
    0xF654,0xF654,0xF654,0xF654,0xF654,0xF654,0xF654,0xF654,0xF654,0xF654,0xF654,0xF654,
    0xF654,0xF654,0xF654,0xF654,0xF654,0xF654,0xF654,0xF654,0xF654,0xF654,0xF654,0xF654,
    0xF654,0xF654,0xF654,0xF654,0xF654,0xF654,0xF654,0xF654,0xF654,0xF654,0xF654,0xF654,
    0xF654,0xF654,0xF654,0xF654,0xF654,0xF654,0xF654,0xF654,0xF654,0xF654,0xF654,0xF654,
    0xF654,0xF654,0xF654,0xF654,0xF654,0xF654,0xF654,0xF654,0xF654,0xF654,0xF654,0xF654,
    0xF654,0xF654,0xF654,0xF654,0xF654,0xF654,0xF654,0xEE12,0xEDF2,0xF633,0xF654,0xF654,
    0xF654,0xF654,0xF654,0xF654,0xF654,0xF654,0xF654,0xF654,0xF654,0xF654,0xF654,0xF654,
    0xF654,0xF654,0xF654,0xF654,0xF654,0xF654,0xF654,0xF654,0xF654,0xF654,0xF654,0xF654,
    0xF654,0xF654,0xF654,0xF654,0xF654,0xF654,0xF654,0xF654,0xF654,0xF654,0xF654,0xF654,
    0xF654,0xF654,0xF654,0xF654,0xF654,0xF654,0xF654,0xF654,0xF654,0xF654,0xF654,0xF654,
    0xF654,0xF654,0xF654,0xF654,0xF654,0xF654,0xF654,0xF654,0xF654,0xF654,0xF654,0xF654,
    0xF654,0xF654,0xF654,0xF654,0xF654,0xF654,0xF654,0xF654,0xF654,0xF654,0xF654,0xF654,
    0xF654,0xF654,0xF654,0xF654,0xF654,0xF654,0xF654,0xF654,0xF654,0xF654,0xF654,0xF654,
    0xF654,0xF654,0xF654,0xF654,0xF654,0xF654,0xF654,0xF654,0xF654,0xF654,0xF654,0xF654,
    0xF654,0xF654,0xF654,0xF654,0xF654,0xF654,0xF654,0xF654,0xF654,0xF654,0xF654,0xF654,
    0xF654,0xF654,0xF654,0xF654,0xF654,0xF654,0xEE12,0xEDF2,0xEE33,0xF654,0xF654,0xF654,
    0xF654,0xF654,0xF654,0xF654,0xF654,0xF654,0xF654,0xF654,0xF654,0xF654,0xF654,0xF654,
    0xF654,0xF654,0xF654,0xF654,0xF654,0xF654,0xF654,0xF654,0xF654,0xF654,0xF654,0xF654,
    0xF654,0xF654,0xF654,0xF654,0xF654,0xF654,0xF654,0xF654,0xF654,0xF654,0xF654,0xF654,
    0xF654,0xF654,0xF654,0xF654,0xF654,0xF654,0xF654,0xF654,0xF654,0xF654,0xF654,0xF654,
    0xF654,0xF654,0xF654,0xF654,0xF654,0xF654,0xF654,0xF654,0xF654,0xF654,0xF654,0xF654,
    0xF654,0xF654,0xF654,0xF654,0xF654,0xF654,0xF654,0xF654,0xF654,0xF654,0xF654,0xF654,
    0xF654,0xF654,0xF654,0xF654,0xF654,0xF654,0xF654,0xF654,0xF654,0xF654,0xF654,0xF654,
    0xF654,0xEE13,0xEDF2,0xF633,0xF654,0xF654,0xF654,0xF654,0xF654,0xF654,0xF654,0xF654,
    0xF654,0xF654,0xF654,0xF654,0xF654,0xF654,0xF654,0xF654,0xF654,0xF654,0xF654,0xF654,
    0xF654,0xF654,0xF654,0xF654,0xF654,0xF654,0xF654,0xF654,0xF654,0xF654,0xF654,0xF654,
    0xF654,0xF654,0xF654,0xF654,0xF654,0xF654,0xF654,0xF654,0xF654,0xF654,0xF654,0xF654,
    0xF654,0xF654,0xF654,0xF654,0xF654,0xF654,0xF654,0xF654,0xF654,0xF654,0xF654,0xF654,
    0xF654,0xF654,0xF654,0xF654,0xF654,0xF654,0xF654,0xF654,0xF654,0xF654,0xF654,0xF654,
    0xF654,0xF654,0xF654,0xF654,0xF654,0xF654,0xF654,0xF654,0xF654,0xF654,0xF654,0xF654,
    0xF654,0xF654,0xF654,0xF654,0xF654,0xF654,0xF654,0xF654,0xF654,0xF654,0xF654,0xF654,
    0xF654,0xF654,0xF654,0xF654,0xF654,0xF654,0xF654,0xF654,0xF654,0xF654,0xF654,0xF654,
    0xF654,0xF654,0xF654,0xEDF2,0xEDF2,0xF653,0xF654,0xF654,0xF654,0xF654,0xF654,0xF654,
    0xF654,0xF654,0xF654,0xF654,0xF654,0xF654,0xF654,0xF654,0xF654,0xF654,0xF654,0xF654,
    0xF654,0xF654,0xF654,0xF654,0xF654,0xF654,0xF654,0xF654,0xF654,0xF654,0xF654,0xF654,
    0xF654,0xF654,0xF654,0xF654,0xF654,0xF654,0xF654,0xF654,0xF654,0xF654,0xF654,0xF654,
    0xF654,0xF654,0xF654,0xF654,0xF654,0xF654,0xF654,0xF654,0xF654,0xF654,0xF654,0xF654,
    0xF654,0xF654,0xF654,0xF654,0xF654,0xF654,0xF654,0xF654,0xF654,0xF654,0xF654,0xF654,
    0xF654,0xF654,0xF654,0xF654,0xF654,0xF654,0xF654,0xF654,0xF654,0xF654,0xF654,0xF654,
    0xF654,0xF654,0xF654,0xF654,0xF654,0xF654,0xF654,0xF654,0xF654,0xF654,0xF654,0xF654,
    0xF654,0xF654,0xF654,0xF654,0xF654,0xF654,0xF654,0xF654,0xF654,0xF654,0xF654,0xF654,
    0xF654,0xF654,0xF654,0xF654,0xF654,0xF654,0xF654,0xF654,0xF654,0xF654,0xF654,0xF654,
    0xF654,0xF654,0xF633,0xEDF2,0xEE13,0xF654,0xF654,0xF654,0xF654,0xF654,0xF654,0xF654,
    0xF654,0xF654,0xF654,0xF654,0xF654,0xF654,0xF654,0xF654,0xF654,0xF654,0xF654,0xF654,
};
inline const uint16_t* const img_bg_room_frames[1] = { img_bg_room_0 };
