// 由 tools/build_assets.py 自動產生（來源 web/demo-assets），請勿手改。
#pragma once
#include <cstdint>

constexpr int IMG_CHEER_W = 150;
constexpr int IMG_CHEER_H = 150;
constexpr int IMG_CHEER_N = 2;

inline const uint16_t img_cheer_0[22500] = {
    0xF81F,0xF81F,0xF81F,0xF81F,0xF81F,0xF81F,0xF81F,0xF81F,0xF81F,0xF81F,0xF81F,0xF81F,
    0xF81F,0xF81F,0xF81F,0xF81F,0xF81F,0xF81F,0xF81F,0xF81F,0xF81F,0xF81F,0xF81F,0xF81F,
    0xF81F,0xF81F,0xF81F,0xF81F,0xF81F,0xF81F,0xF81F,0xF81F,0xF81F,0xF81F,0xF81F,0xF81F,
    0xF81F,0xF81F,0xF81F,0xF81F,0xF81F,0xF81F,0xF81F,0xF81F,0xF81F,0xF81F,0xF81F,0xF81F,
    0xF81F,0xF81F,0xF81F,0xF81F,0xF81F,0xF81F,0xF81F,0xF81F,0xF81F,0xF81F,0xF81F,0xF81F,
    0xF81F,0xF81F,0xF81F,0xF81F,0xF81F,0xF81F,0xF81F,0xF81F,0xF81F,0xF81F,0xF81F,0xF81F,
    0xF81F,0xF81F,0xF81F,0xF81F,0xF81F,0xF81F,0xF81F,0xF81F,0xF81F,0xF81F,0xF81F,0xF81F,
    0xF81F,0xF81F,0xF81F,0xF81F,0xF81F,0xF81F,0xF81F,0xF81F,0xF81F,0xF81F,0xF81F,0xF81F,
    0xF81F,0xF81F,0xF81F,0xF81F,0xF81F,0xF81F,0xF81F,0xF81F,0xF81F,0xF81F,0xF81F,0xF81F,
    0xF81F,0xF81F,0xF81F,0xF81F,0xF81F,0xF81F,0xF81F,0xF81F,0xF81F,0xF81F,0xF81F,0xF81F,
    0xF81F,0xF81F,0xF81F,0xF81F,0xF81F,0xF81F,0xF81F,0xF81F,0xF81F,0xF81F,0xF81F,0xF81F,
    0xF81F,0xF81F,0xF81F,0xF81F,0xF81F,0xF81F,0xF81F,0xF81F,0xF81F,0xF81F,0xF81F,0xF81F,
    0xF81F,0xF81F,0xF81F,0xF81F,0xF81F,0xF81F,0xF81F,0xF81F,0xF81F,0xF81F,0xF81F,0xF81F,
    0xF81F,0xF81F,0xF81F,0xF81F,0xF81F,0xF81F,0xF81F,0xF81F,0xF81F,0xF81F,0xF81F,0xF81F,
    0xF81F,0xF81F,0xF81F,0xF81F,0xF81F,0xF81F,0xF81F,0xF81F,0xF81F,0xF81F,0xF81F,0xF81F,
    0xF81F,0xF81F,0xF81F,0xF81F,0xF81F,0xF81F,0xF81F,0xF81F,0xF81F,0xF81F,0xF81F,0xF81F,
    0xF81F,0xF81F,0xF81F,0xF81F,0xF81F,0xF81F,0xF81F,0xF81F,0xF81F,0xF81F,0xF81F,0xF81F,
    0xF81F,0xF81F,0xF81F,0xF81F,0xF81F,0xF81F,0xF81F,0xF81F,0xF81F,0xF81F,0xF81F,0xF81F,
    0xF81F,0xF81F,0xF81F,0xF81F,0xF81F,0xF81F,0xF81F,0xF81F,0xF81F,0xF81F,0xF81F,0xF81F,
    0xF81F,0xF81F,0xF81F,0xF81F,0xF81F,0xF81F,0xF81F,0xF81F,0xF81F,0xF81F,0xF81F,0xF81F,
    0xF81F,0xF81F,0xF81F,0xF81F,0xF81F,0xF81F,0xF81F,0xF81F,0xF81F,0xF81F,0xF81F,0xF81F,
    0xF81F,0xF81F,0xF81F,0xF81F,0xF81F,0xF81F,0xF81F,0xF81F,0xF81F,0xF81F,0xF81F,0xF81F,
    0xF81F,0xF81F,0xF81F,0xF81F,0xF81F,0xF81F,0xF81F,0xF81F,0xF81F,0xF81F,0xF81F,0xF81F,
    0xF81F,0xF81F,0xF81F,0xF81F,0xF81F,0xF81F,0xF81F,0xF81F,0xF81F,0xF81F,0xF81F,0xF81F,
    0xF81F,0xF81F,0xF81F,0xF81F,0xF81F,0xF81F,0xF81F,0xF81F,0xF81F,0xF81F,0xF81F,0xF81F,
    0xF81F,0xF81F,0xF81F,0xF81F,0xF81F,0xF81F,0xF81F,0xF81F,0xF81F,0xF81F,0xF81F,0xF81F,
    0xF81F,0xF81F,0xF81F,0xF81F,0xF81F,0xF81F,0xF81F,0xF81F,0xF81F,0xF81F,0xF81F,0xF81F,
    0xF81F,0xF81F,0xF81F,0xF81F,0xF81F,0xF81F,0xF81F,0xF81F,0xF81F,0xF81F,0xF81F,0xF81F,
    0xF81F,0xF81F,0xF81F,0xF81F,0xF81F,0xF81F,0xF81F,0xF81F,0xF81F,0xF81F,0xF81F,0xF81F,
    0xF81F,0xF81F,0xF81F,0xF81F,0xF81F,0xF81F,0xF81F,0xF81F,0xF81F,0xF81F,0xF81F,0xF81F,
    0xF81F,0xF81F,0xF81F,0xF81F,0xF81F,0xF81F,0xF81F,0xF81F,0xF81F,0xF81F,0xF81F,0xF81F,
    0xF81F,0xF81F,0xF81F,0xF81F,0xF81F,0xF81F,0xF81F,0xF81F,0xF81F,0xF81F,0xF81F,0xF81F,
    0xF81F,0xF81F,0xF81F,0xF81F,0xF81F,0xF81F,0xF81F,0xF81F,0xF81F,0xF81F,0xF81F,0xF81F,
    0xF81F,0xF81F,0xF81F,0xF81F,0xF81F,0xF81F,0xF81F,0xF81F,0xF81F,0xF81F,0xF81F,0xF81F,
    0xF81F,0xF81F,0xF81F,0xF81F,0xF81F,0xF81F,0xF81F,0xF81F,0xF81F,0xF81F,0xF81F,0xF81F,
    0xF81F,0xF81F,0xF81F,0xF81F,0xF81F,0xF81F,0xF81F,0xF81F,0xF81F,0xF81F,0xF81F,0xF81F,
    0xF81F,0xF81F,0xF81F,0xF81F,0xF81F,0xF81F,0xF81F,0xF81F,0xF81F,0xF81F,0xF81F,0xF81F,
    0xF81F,0xF81F,0xF81F,0xF81F,0xF81F,0xF81F,0xF81F,0xF81F,0xF81F,0xF81F,0xF81F,0xF81F,
    0xF81F,0xF81F,0xF81F,0xF81F,0xF81F,0xF81F,0xF81F,0xF81F,0xF81F,0xF81F,0xF81F,0xF81F,
    0xF81F,0xF81F,0xF81F,0xF81F,0xF81F,0xF81F,0xF81F,0xF81F,0xF81F,0xF81F,0xF81F,0xF81F,
    0xF81F,0xF81F,0xF81F,0xF81F,0xF81F,0xF81F,0xF81F,0xF81F,0xF81F,0xF81F,0xF81F,0xF81F,
    0xF81F,0xF81F,0xF81F,0xF81F,0xF81F,0xF81F,0xF81F,0xF81F,0xF81F,0xF81F,0xF81F,0xF81F,
    0xF81F,0xF81F,0xF81F,0xF81F,0xF81F,0xF81F,0xF81F,0xF81F,0xF81F,0xF81F,0xF81F,0xF81F,
    0xF81F,0xF81F,0xF81F,0xF81F,0xF81F,0xF81F,0xF81F,0xF81F,0xF81F,0xF81F,0xF81F,0xF81F,
    0xF81F,0xF81F,0xF81F,0xF81F,0xF81F,0xF81F,0xF81F,0xF81F,0xF81F,0xF81F,0xF81F,0xF81F,
    0xF81F,0xF81F,0xF81F,0xF81F,0xF81F,0xF81F,0xF81F,0xF81F,0xF81F,0xF81F,0xF81F,0xF81F,
    0xF81F,0xF81F,0xF81F,0xF81F,0xF81F,0xF81F,0xF81F,0xF81F,0xF81F,0xF81F,0xF81F,0xF81F,
    0xF81F,0xF81F,0xF81F,0xF81F,0xF81F,0xF81F,0xF81F,0xF81F,0xF81F,0xF81F,0xF81F,0xF81F,
    0xF81F,0xF81F,0xF81F,0xF81F,0xF81F,0xF81F,0xF81F,0xF81F,0xF81F,0xF81F,0xF81F,0xF81F,
    0xF81F,0xF81F,0xF81F,0xF81F,0xF81F,0xF81F,0xF81F,0xF81F,0xF81F,0xF81F,0xF81F,0xF81F,
    0xF81F,0xF81F,0xF81F,0xF81F,0xF81F,0xF81F,0xF81F,0xF81F,0xF81F,0xF81F,0xF81F,0xF81F,
    0xF81F,0xF81F,0xF81F,0xF81F,0xF81F,0xF81F,0xF81F,0xF81F,0xF81F,0xF81F,0xF81F,0xF81F,
    0xF81F,0xF81F,0xF81F,0xF81F,0xF81F,0xF81F,0xF81F,0xF81F,0xF81F,0xF81F,0xF81F,0xF81F,
    0xF81F,0xF81F,0xF81F,0xF81F,0xF81F,0xF81F,0xF81F,0xF81F,0xF81F,0xF81F,0xF81F,0xF81F,
    0xF81F,0xF81F,0xF81F,0xF81F,0xF81F,0xF81F,0xF81F,0xF81F,0xF81F,0xF81F,0xF81F,0xF81F,
    0xF81F,0xF81F,0xF81F,0xF81F,0xF81F,0xF81F,0xF81F,0xF81F,0xF81F,0xF81F,0xF81F,0xF81F,
    0xF81F,0xF81F,0xF81F,0xF81F,0xF81F,0xF81F,0xF81F,0xF81F,0xF81F,0xF81F,0xF81F,0xF81F,
    0xF81F,0xF81F,0xF81F,0xF81F,0xF81F,0xF81F,0xF81F,0xF81F,0xF81F,0xF81F,0xF81F,0xF81F,
    0xF81F,0xF81F,0xF81F,0xF81F,0xF81F,0xF81F,0xF81F,0xF81F,0xF81F,0xF81F,0xF81F,0xF81F,
    0xF81F,0xF81F,0xF81F,0xF81F,0xF81F,0xF81F,0xF81F,0xF81F,0xF81F,0xF81F,0xF81F,0xF81F,
    0xF81F,0xF81F,0xF81F,0xF81F,0xF81F,0xF81F,0xF81F,0xF81F,0xF81F,0xF81F,0xF81F,0xF81F,
    0xF81F,0xF81F,0xF81F,0xF81F,0xF81F,0xF81F,0xF81F,0xF81F,0xF81F,0xF81F,0xF81F,0xF81F,
    0xF81F,0xF81F,0xF81F,0xF81F,0xF81F,0xF81F,0xF81F,0xF81F,0xF81F,0xF81F,0xF81F,0xF81F,
    0xF81F,0xF81F,0xF81F,0xF81F,0xF81F,0xF81F,0xF81F,0xF81F,0xF81F,0xF81F,0xF81F,0xF81F,
    0xF81F,0xF81F,0xF81F,0xF81F,0xF81F,0xF81F,0xF81F,0xF81F,0xF81F,0xF81F,0xF81F,0xF81F,
    0xF81F,0xF81F,0xF81F,0xF81F,0xF81F,0xF81F,0xF81F,0xF81F,0xF81F,0xF81F,0xF81F,0xF81F,
    0xF81F,0xF81F,0xF81F,0xF81F,0xF81F,0xF81F,0xF81F,0xF81F,0xF81F,0xF81F,0xF81F,0xF81F,
    0xF81F,0xF81F,0xF81F,0xF81F,0xF81F,0xF81F,0xF81F,0xF81F,0xF81F,0xF81F,0xF81F,0xF81F,
    0xF81F,0xF81F,0xF81F,0xF81F,0xF81F,0xF81F,0xF81F,0xF81F,0xF81F,0xF81F,0xF81F,0xF81F,
    0xF81F,0xF81F,0xF81F,0xF81F,0xF81F,0xF81F,0xF81F,0xF81F,0xF81F,0xF81F,0xF81F,0xF81F,
    0xF81F,0xF81F,0xF81F,0xF81F,0xF81F,0xF81F,0xF81F,0xF81F,0xF81F,0xF81F,0xF81F,0xF81F,
    0xF81F,0xF81F,0xF81F,0xF81F,0xF81F,0xF81F,0xF81F,0xF81F,0xF81F,0xF81F,0xF81F,0xF81F,
    0xF81F,0xF81F,0xF81F,0xF81F,0xF81F,0xF81F,0xF81F,0xF81F,0xF81F,0xF81F,0xF81F,0xF81F,
    0xF81F,0xF81F,0xF81F,0xF81F,0xF81F,0xF81F,0xF81F,0xF81F,0xF81F,0xF81F,0xF81F,0xF81F,
    0xF81F,0xF81F,0xF81F,0xF81F,0xF81F,0xF81F,0xF81F,0xF81F,0xF81F,0xF81F,0xF81F,0xF81F,
    0xF81F,0xF81F,0xF81F,0xF81F,0xF81F,0xF81F,0xF81F,0xF81F,0xF81F,0xF81F,0xF81F,0xF81F,
    0xF81F,0xF81F,0xF81F,0xF81F,0xF81F,0xF81F,0xF81F,0xF81F,0xF81F,0xF81F,0xF81F,0xF81F,
    0xF81F,0xF81F,0xF81F,0xF81F,0xF81F,0xF81F,0xF81F,0xF81F,0xF81F,0xF81F,0xF81F,0xF81F,
    0xF81F,0xF81F,0xF81F,0xF81F,0xF81F,0xF81F,0xF81F,0xF81F,0xF81F,0xF81F,0xF81F,0xF81F,
    0xF81F,0xF81F,0xF81F,0xF81F,0xF81F,0xF81F,0xF81F,0xF81F,0xF81F,0xF81F,0xF81F,0xF81F,
    0xF81F,0xF81F,0xF81F,0xF81F,0xF81F,0xF81F,0xF81F,0xF81F,0xF81F,0xF81F,0xF81F,0xF81F,
    0xF81F,0xF81F,0xF81F,0xF81F,0xF81F,0xF81F,0xF81F,0xF81F,0xF81F,0xF81F,0xF81F,0xF81F,
    0xF81F,0xF81F,0xF81F,0xF81F,0xF81F,0xF81F,0xF81F,0xF81F,0xF81F,0xF81F,0xF81F,0xF81F,
    0xF81F,0xF81F,0xF81F,0xF81F,0xF81F,0xF81F,0xF81F,0xF81F,0xF81F,0xF81F,0xF81F,0xF81F,
    0xF81F,0xF81F,0xF81F,0xF81F,0xF81F,0xF81F,0xF81F,0xF81F,0xF81F,0xF81F,0xF81F,0xF81F,
    0xF81F,0xF81F,0xF81F,0xF81F,0xF81F,0xF81F,0xF81F,0xF81F,0xF81F,0xF81F,0xF81F,0xF81F,
    0xF81F,0xF81F,0xF81F,0xF81F,0xF81F,0xF81F,0xF81F,0xF81F,0xF81F,0xF81F,0xF81F,0xF81F,
    0xF81F,0xF81F,0xF81F,0xF81F,0xF81F,0xF81F,0xF81F,0xF81F,0xF81F,0xF81F,0xF81F,0xF81F,
    0xF81F,0xF81F,0xF81F,0xF81F,0xF81F,0xF81F,0xF81F,0xF81F,0xF81F,0xF81F,0xF81F,0xF81F,
    0xF81F,0xF81F,0xF81F,0xF81F,0xF81F,0xF81F,0xF81F,0xF81F,0xF81F,0xF81F,0xF81F,0xF81F,
    0xF81F,0xF81F,0xF81F,0xF81F,0xF81F,0xF81F,0xF81F,0xF81F,0xF81F,0xF81F,0xF81F,0xF81F,
    0xF81F,0xF81F,0xF81F,0xF81F,0xF81F,0xF81F,0xF81F,0xF81F,0xF81F,0xF81F,0xF81F,0xF81F,
    0xF81F,0xF81F,0xF81F,0xF81F,0xF81F,0xF81F,0xF81F,0xF81F,0xF81F,0xF81F,0xF81F,0xF81F,
    0xF81F,0xF81F,0xF81F,0xF81F,0xF81F,0xF81F,0xF81F,0xF81F,0xF81F,0xF81F,0xF81F,0xF81F,
    0xF81F,0xF81F,0xF81F,0xF81F,0xF81F,0xF81F,0xF81F,0xF81F,0xF81F,0xF81F,0xF81F,0xF81F,
    0xF81F,0xF81F,0xF81F,0xF81F,0xF81F,0xF81F,0xF81F,0xF81F,0xF81F,0xF81F,0xF81F,0xF81F,
    0xF81F,0xF81F,0xF81F,0xF81F,0xF81F,0xF81F,0xF81F,0xF81F,0xF81F,0xF81F,0xF81F,0xF81F,
    0xF81F,0xF81F,0xF81F,0xF81F,0xF81F,0xF81F,0xF81F,0xF81F,0xF81F,0xF81F,0xF81F,0xF81F,
    0xF81F,0xF81F,0xF81F,0xF81F,0xF81F,0xF81F,0xF81F,0xF81F,0xF81F,0xF81F,0xF81F,0xF81F,
    0xF81F,0xF81F,0xF81F,0xF81F,0xF81F,0xF81F,0xF81F,0xF81F,0xF81F,0xF81F,0xF81F,0xF81F,
    0xF81F,0xF81F,0xF81F,0xF81F,0xF81F,0xF81F,0xF81F,0xF81F,0xF81F,0xF81F,0xF81F,0xF81F,
    0xF81F,0xF81F,0xF81F,0xF81F,0xF81F,0xF81F,0xF81F,0xF81F,0xF81F,0xF81F,0xF81F,0xF81F,
    0xF81F,0xF81F,0xF81F,0xF81F,0xF81F,0xF81F,0xF81F,0xF81F,0xF81F,0xF81F,0xF81F,0xF81F,
    0xF81F,0xF81F,0xF81F,0xF81F,0xF81F,0xF81F,0xF81F,0xF81F,0xF81F,0xF81F,0xF81F,0xF81F,
    0xF81F,0xF81F,0xF81F,0xF81F,0xF81F,0xF81F,0xF81F,0xF81F,0xF81F,0xF81F,0xF81F,0xF81F,
    0xF81F,0xF81F,0xF81F,0xF81F,0xF81F,0xF81F,0xF81F,0xF81F,0xF81F,0xF81F,0xF81F,0xF81F,
    0xF81F,0xF81F,0xF81F,0xF81F,0xF81F,0xF81F,0xF81F,0xF81F,0xF81F,0xF81F,0xF81F,0xF81F,
    0xF81F,0xF81F,0xF81F,0xF81F,0xF81F,0xF81F,0xF81F,0xF81F,0xF81F,0xF81F,0xF81F,0xF81F,
    0xF81F,0xF81F,0xF81F,0xF81F,0xF81F,0xF81F,0xF81F,0xF81F,0xF81F,0xF81F,0xF81F,0xF81F,
    0xF81F,0xF81F,0xF81F,0xF81F,0xF81F,0xF81F,0xF81F,0xF81F,0xF81F,0xF81F,0xF81F,0xF81F,
    0xF81F,0xF81F,0xF81F,0xF81F,0xF81F,0xF81F,0xF81F,0xF81F,0xF81F,0xF81F,0xF81F,0xF81F,
    0xF81F,0xF81F,0xF81F,0xF81F,0xF81F,0xF81F,0xF81F,0xF81F,0xF81F,0xF81F,0xF81F,0xF81F,
    0xF81F,0xF81F,0xF81F,0xF81F,0xF81F,0xF81F,0xF81F,0xF81F,0xF81F,0xF81F,0xF81F,0xF81F,
    0xF81F,0xF81F,0xF81F,0xF81F,0xF81F,0xF81F,0xF81F,0xF81F,0xF81F,0xF81F,0xF81F,0xF81F,
    0xF81F,0xF81F,0xF81F,0xF81F,0xF81F,0xF81F,0xF81F,0xF81F,0xF81F,0xF81F,0xF81F,0xF81F,
    0xF81F,0xF81F,0xF81F,0xF81F,0xF81F,0xF81F,0xF81F,0xF81F,0xF81F,0xF81F,0xF81F,0xF81F,
    0xF81F,0xF81F,0xF81F,0xF81F,0xF81F,0xF81F,0xF81F,0xF81F,0xF81F,0xF81F,0xF81F,0xF81F,
    0xF81F,0xF81F,0xF81F,0xF81F,0xF81F,0xF81F,0xF81F,0xF81F,0xF81F,0xF81F,0xF81F,0xF81F,
    0xF81F,0xF81F,0xF81F,0xF81F,0xF81F,0xF81F,0xF81F,0xF81F,0xF81F,0xF81F,0xF81F,0xF81F,
    0xF81F,0xF81F,0xF81F,0xF81F,0xF81F,0xF81F,0xF81F,0xF81F,0xF81F,0xF81F,0xF81F,0xF81F,
    0xF81F,0xF81F,0xF81F,0xF81F,0xF81F,0xF81F,0xF81F,0xF81F,0xF81F,0xF81F,0xF81F,0xF81F,
    0xF81F,0xF81F,0xF81F,0xF81F,0xF81F,0xF81F,0xF81F,0xF81F,0xF81F,0xF81F,0xF81F,0xF81F,
    0xF81F,0xF81F,0xF81F,0xF81F,0xF81F,0xF81F,0xF81F,0xF81F,0xF81F,0xF81F,0xF81F,0xF81F,
    0xF81F,0xF81F,0xF81F,0xF81F,0xF81F,0xF81F,0xF81F,0xF81F,0xF81F,0xF81F,0xF81F,0xF81F,
    0xF81F,0xF81F,0xF81F,0xF81F,0xF81F,0xF81F,0xF81F,0xF81F,0xF81F,0xF81F,0xF81F,0xF81F,
    0xF81F,0xF81F,0xF81F,0xF81F,0xF81F,0xF81F,0xF81F,0xF81F,0xF81F,0xF81F,0xF81F,0xF81F,
    0xF81F,0xF81F,0xF81F,0xF81F,0xF81F,0xF81F,0xF81F,0xF81F,0xF81F,0xF81F,0xF81F,0xF81F,
    0xF81F,0xF81F,0xF81F,0xF81F,0xF81F,0xF81F,0xF81F,0xF81F,0xF81F,0xF81F,0xF81F,0xF81F,
    0xF81F,0xF81F,0xF81F,0xF81F,0xF81F,0xF81F,0xF81F,0xF81F,0xF81F,0xF81F,0xF81F,0xF81F,
    0xF81F,0xF81F,0xF81F,0xF81F,0xF81F,0xF81F,0xF81F,0xF81F,0xF81F,0xF81F,0xF81F,0xF81F,
    0xF81F,0xF81F,0xF81F,0xF81F,0xF81F,0xF81F,0xF81F,0xF81F,0xF81F,0xF81F,0xF81F,0xF81F,
    0xF81F,0xF81F,0xF81F,0xF81F,0xF81F,0xF81F,0xF81F,0xF81F,0xF81F,0xF81F,0xF81F,0xF81F,
    0xF81F,0xF81F,0xF81F,0xF81F,0xF81F,0xF81F,0xF81F,0xF81F,0xF81F,0xF81F,0xF81F,0xF81F,
    0xF81F,0xF81F,0xF81F,0xF81F,0xF81F,0xF81F,0xF81F,0xF81F,0xF81F,0xF81F,0xF81F,0xF81F,
    0xF81F,0xF81F,0xF81F,0xF81F,0xF81F,0xF81F,0xF81F,0xF81F,0xF81F,0xF81F,0xF81F,0xF81F,
    0xF81F,0xF81F,0xF81F,0xF81F,0xF81F,0xF81F,0xF81F,0xF81F,0xF81F,0xF81F,0xF81F,0xF81F,
    0xF81F,0xF81F,0xF81F,0xF81F,0xF81F,0xF81F,0xF81F,0xF81F,0xF81F,0xF81F,0xF81F,0xF81F,
    0xF81F,0xF81F,0xF81F,0xF81F,0xF81F,0xF81F,0xF81F,0xF81F,0xF81F,0xF81F,0xF81F,0xF81F,
    0xF81F,0xF81F,0xF81F,0xF81F,0xF81F,0xF81F,0xF81F,0xF81F,0xF81F,0xF81F,0xF81F,0xF81F,
    0xF81F,0xF81F,0xF81F,0xF81F,0xF81F,0xF81F,0xF81F,0xF81F,0xF81F,0xF81F,0xF81F,0xF81F,
    0xF81F,0xF81F,0xF81F,0xF81F,0xF81F,0xF81F,0xF81F,0xF81F,0xF81F,0xF81F,0xF81F,0xF81F,
    0xF81F,0xF81F,0xF81F,0xF81F,0xF81F,0xF81F,0xF81F,0xF81F,0xF81F,0xF81F,0xF81F,0xF81F,
    0xF81F,0xF81F,0xF81F,0xF81F,0xF81F,0xF81F,0xF81F,0xF81F,0xF81F,0xF81F,0xF81F,0xF81F,
    0xF81F,0xF81F,0xF81F,0xF81F,0xF81F,0xF81F,0xF81F,0xF81F,0xF81F,0xF81F,0xF81F,0xF81F,
    0xF81F,0xF81F,0xF81F,0xF81F,0xF81F,0xF81F,0xF81F,0xF81F,0xF81F,0xF81F,0xF81F,0xF81F,
    0xF81F,0xF81F,0xF81F,0xF81F,0xF81F,0xF81F,0xF81F,0xF81F,0xF81F,0xF81F,0xF81F,0xF81F,
    0xF81F,0xF81F,0xF81F,0xF81F,0xF81F,0xF81F,0xF81F,0xF81F,0xF81F,0xF81F,0xF81F,0xF81F,
    0xF81F,0xF81F,0xF81F,0xF81F,0xF81F,0xF81F,0xF81F,0xF81F,0xF81F,0xF81F,0xF81F,0xF81F,
    0xF81F,0xF81F,0xF81F,0xF81F,0xF81F,0xF81F,0xF81F,0xF81F,0xF81F,0xF81F,0xF81F,0xF81F,
    0xF81F,0xF81F,0xF81F,0xF81F,0xF81F,0xF81F,0xF81F,0xF81F,0xF81F,0xF81F,0xF81F,0xF81F,
    0xF81F,0xF81F,0xF81F,0xF81F,0xF81F,0xF81F,0xF81F,0xF81F,0xF81F,0xF81F,0xF81F,0xF81F,
    0xF81F,0xF81F,0xF81F,0xF81F,0xF81F,0xF81F,0xF81F,0xF81F,0xF81F,0xF81F,0xF81F,0xF81F,
    0xF81F,0xF81F,0xF81F,0xF81F,0xF81F,0xF81F,0xF81F,0xF81F,0xF81F,0xF81F,0xF81F,0xF81F,
    0xF81F,0xF81F,0xF81F,0xF81F,0xF81F,0xF81F,0xF81F,0xF81F,0xF81F,0xF81F,0xF81F,0xF81F,
    0xF81F,0xF81F,0xF81F,0xF81F,0xF81F,0xF81F,0xF81F,0xF81F,0xF81F,0xF81F,0xF81F,0xF81F,
    0xF81F,0xF81F,0xF81F,0xF81F,0xF81F,0xF81F,0xF81F,0xF81F,0xF81F,0xF81F,0xF81F,0xF81F,
    0xF81F,0xF81F,0xF81F,0xF81F,0xF81F,0xF81F,0xF81F,0xF81F,0xF81F,0xF81F,0xF81F,0xF81F,
    0xF81F,0xF81F,0xF81F,0xF81F,0xF81F,0xF81F,0xF81F,0xF81F,0xF81F,0xF81F,0xF81F,0xF81F,
    0xF81F,0xF81F,0xF81F,0xF81F,0xF81F,0xF81F,0xF81F,0xF81F,0xF81F,0xF81F,0xF81F,0xF81F,
    0xF81F,0xF81F,0xF81F,0xF81F,0xF81F,0xF81F,0xF81F,0xF81F,0xF81F,0xF81F,0xF81F,0xF81F,
    0xF81F,0xF81F,0xF81F,0xF81F,0xF81F,0xF81F,0xF81F,0xF81F,0xF81F,0xF81F,0xF81F,0xF81F,
    0xF81F,0xF81F,0xF81F,0xF81F,0xF81F,0xF81F,0xF81F,0xF81F,0xF81F,0xF81F,0xF81F,0xF81F,
    0xF81F,0xF81F,0xF81F,0xF81F,0xF81F,0xF81F,0xF81F,0xF81F,0xF81F,0xF81F,0xF81F,0xF81F,
    0xF81F,0xF81F,0xF81F,0xF81F,0xF81F,0xF81F,0xF81F,0xF81F,0xF81F,0xF81F,0xF81F,0xF81F,
    0xF81F,0xF81F,0xF81F,0xF81F,0xF81F,0xF81F,0xF81F,0xF81F,0xF81F,0xF81F,0xF81F,0xF81F,
    0xF81F,0xF81F,0xF81F,0xF81F,0xF81F,0xF81F,0xF81F,0xF81F,0xF81F,0xF81F,0xF81F,0xF81F,
    0xF81F,0xF81F,0xF81F,0xF81F,0xF81F,0xF81F,0xF81F,0xF81F,0xF81F,0xF81F,0xF81F,0xF81F,
    0xF81F,0xF81F,0xF81F,0xF81F,0xF81F,0xF81F,0xF81F,0xF81F,0xF81F,0xF81F,0xF81F,0xF81F,
    0xF81F,0xF81F,0xF81F,0xF81F,0xF81F,0xF81F,0xF81F,0xF81F,0xF81F,0xF81F,0xF81F,0xF81F,
    0xF81F,0xF81F,0xF81F,0xF81F,0xF81F,0xF81F,0xF81F,0xF81F,0xF81F,0xF81F,0xF81F,0xF81F,
    0xF81F,0xF81F,0xF81F,0xF81F,0xF81F,0xF81F,0xF81F,0xF81F,0xF81F,0xF81F,0xF81F,0xF81F,
    0xF81F,0xF81F,0xF81F,0xF81F,0xF81F,0xF81F,0xF81F,0xF81F,0xF81F,0xF81F,0xF81F,0xF81F,
    0xF81F,0xF81F,0xF81F,0xF81F,0xF81F,0xF81F,0xF81F,0xF81F,0xF81F,0xF81F,0xF81F,0xF81F,
    0xF81F,0xF81F,0xF81F,0xF81F,0xF81F,0xF81F,0xF81F,0xF81F,0xF81F,0xF81F,0xF81F,0xF81F,
    0xF81F,0xF81F,0xF81F,0xF81F,0xF81F,0xF81F,0xF81F,0xF81F,0xF81F,0xF81F,0xF81F,0xF81F,
    0xF81F,0xF81F,0xF81F,0xF81F,0xF81F,0xF81F,0xF81F,0xF81F,0xF81F,0xF81F,0xF81F,0xF81F,
    0xF81F,0xF81F,0xF81F,0xF81F,0xF81F,0xF81F,0xF81F,0xF81F,0xF81F,0xF81F,0xF81F,0xF81F,
    0xF81F,0xF81F,0xF81F,0xF81F,0xF81F,0xF81F,0xF81F,0xF81F,0xF81F,0xF81F,0xF81F,0xF81F,
    0xF81F,0xF81F,0xF81F,0xF81F,0xF81F,0xF81F,0xF81F,0xF81F,0xF81F,0xF81F,0xF81F,0xF81F,
    0xF81F,0xF81F,0xF81F,0xF81F,0xF81F,0xF81F,0xF81F,0xF81F,0xF81F,0xF81F,0xF81F,0xF81F,
    0xF81F,0xF81F,0xF81F,0xF81F,0xF81F,0xF81F,0xF81F,0xF81F,0xF81F,0xF81F,0xF81F,0xF81F,
    0xF81F,0xF81F,0xF81F,0xF81F,0xF81F,0xF81F,0xF81F,0xF81F,0xF81F,0xF81F,0xF81F,0xF81F,
    0xF81F,0xF81F,0xF81F,0xF81F,0xF81F,0xF81F,0xF81F,0xF81F,0xF81F,0xF81F,0xF81F,0xF81F,
    0xF81F,0xF81F,0xF81F,0xF81F,0xF81F,0xF81F,0xF81F,0xF81F,0xF81F,0xF81F,0xF81F,0xF81F,
    0xF81F,0xF81F,0xF81F,0xF81F,0xF81F,0xF81F,0xF81F,0xF81F,0xF81F,0xF81F,0xF81F,0xF81F,
    0xF81F,0xF81F,0xF81F,0xF81F,0xF81F,0xF81F,0xF81F,0xF81F,0xF81F,0xF81F,0xF81F,0xF81F,
    0xF81F,0xF81F,0xF81F,0xF81F,0xF81F,0xF81F,0xF81F,0xF81F,0xF81F,0xF81F,0xF81F,0xF81F,
    0xF81F,0xF81F,0xF81F,0xF81F,0xF81F,0xF81F,0xF81F,0xF81F,0xF81F,0xF81F,0xF81F,0xF81F,
    0xF81F,0xF81F,0xF81F,0xF81F,0xF81F,0xF81F,0xF81F,0xF81F,0xF81F,0xF81F,0xF81F,0xF81F,
    0xF81F,0xF81F,0xF81F,0xF81F,0xF81F,0xF81F,0xF81F,0xF81F,0xF81F,0xF81F,0xF81F,0xF81F,
    0xF81F,0xF81F,0xF81F,0xF81F,0xF81F,0xF81F,0xF81F,0xF81F,0xF81F,0xF81F,0xF81F,0xF81F,
    0xF81F,0xF81F,0xF81F,0xF81F,0xF81F,0xF81F,0xF81F,0xF81F,0xF81F,0xF81F,0xF81F,0xF81F,
    0xF81F,0xF81F,0xF81F,0xF81F,0xF81F,0xF81F,0xF81F,0xF81F,0xF81F,0xF81F,0xF81F,0xF81F,
    0xF81F,0xF81F,0xF81F,0xF81F,0xF81F,0xF81F,0xF81F,0xF81F,0xF81F,0xF81F,0xF81F,0xF81F,
    0xF81F,0xF81F,0xF81F,0xF81F,0xF81F,0xF81F,0xF81F,0xF81F,0xF81F,0xF81F,0xF81F,0xF81F,
    0xF81F,0xF81F,0xF81F,0xF81F,0xF81F,0xF81F,0xF81F,0xF81F,0xF81F,0xF81F,0xF81F,0xF81F,
    0xF81F,0xF81F,0xF81F,0xF81F,0xF81F,0xF81F,0xF81F,0xF81F,0xF81F,0xF81F,0xF81F,0xF81F,
    0xF81F,0xF81F,0xF81F,0xF81F,0xF81F,0xF81F,0xF81F,0xF81F,0xF81F,0xF81F,0xF81F,0xF81F,
    0xF81F,0xF81F,0xF81F,0xF81F,0xF81F,0xF81F,0xF81F,0xF81F,0xF81F,0xF81F,0xF81F,0xF81F,
    0xF81F,0xF81F,0xF81F,0xF81F,0xF81F,0xF81F,0xF81F,0xF81F,0xF81F,0xF81F,0xF81F,0xF81F,
    0xF81F,0xF81F,0xF81F,0xF81F,0xF81F,0xF81F,0xF81F,0xF81F,0xF81F,0xF81F,0xF81F,0xF81F,
    0xF81F,0xF81F,0xF81F,0xF81F,0xF81F,0xF81F,0xF81F,0xF81F,0xF81F,0xF81F,0xF81F,0xF81F,
    0xF81F,0xF81F,0xF81F,0xF81F,0xF81F,0xF81F,0xF81F,0xF81F,0xF81F,0xF81F,0xF81F,0xF81F,
    0xF81F,0xF81F,0xF81F,0xF81F,0xF81F,0xF81F,0xF81F,0xF81F,0xF81F,0xF81F,0xF81F,0xF81F,
    0xF81F,0xF81F,0xF81F,0xF81F,0xF81F,0xF81F,0xF81F,0xF81F,0xF81F,0xF81F,0xF81F,0xF81F,
    0xF81F,0xF81F,0xF81F,0xF81F,0xF81F,0xF81F,0xF81F,0xF81F,0xF81F,0xF81F,0xF81F,0xF81F,
    0xF81F,0xF81F,0xF81F,0xF81F,0xF81F,0xF81F,0xF81F,0xF81F,0xF81F,0xF81F,0xF81F,0xF81F,
    0xF81F,0xF81F,0xF81F,0xF81F,0xF81F,0xF81F,0xF81F,0xF81F,0xF81F,0xF81F,0xF81F,0xF81F,
    0xF81F,0xF81F,0xF81F,0xF81F,0xF81F,0xF81F,0xF81F,0xF81F,0xF81F,0xF81F,0xF81F,0xF81F,
    0xF81F,0xF81F,0xF81F,0xF81F,0xF81F,0xF81F,0xF81F,0xF81F,0xF81F,0xF81F,0xF81F,0xF81F,
    0xF81F,0xF81F,0xF81F,0xF81F,0xF81F,0xF81F,0xF81F,0xF81F,0xF81F,0xF81F,0xF81F,0xF81F,
    0xF81F,0xF81F,0xF81F,0xF81F,0xF81F,0xF81F,0xF81F,0xF81F,0xF81F,0xF81F,0xF81F,0xF81F,
    0xF81F,0xF81F,0xF81F,0xF81F,0xF81F,0xF81F,0xF81F,0xF81F,0xF81F,0xF81F,0xF81F,0xF81F,
    0xF81F,0xF81F,0xF81F,0xF81F,0xF81F,0xF81F,0xF81F,0xF81F,0xF81F,0xF81F,0xF81F,0xF81F,
    0xF81F,0xF81F,0xF81F,0xF81F,0xF81F,0xF81F,0xF81F,0xF81F,0xF81F,0xF81F,0xF81F,0xF81F,
    0xF81F,0xF81F,0xF81F,0xF81F,0xF81F,0xF81F,0xF81F,0xF81F,0xF81F,0xF81F,0xF81F,0xF81F,
    0xF81F,0xF81F,0xF81F,0xF81F,0xF81F,0xF81F,0xF81F,0xF81F,0xF81F,0xF81F,0xF81F,0xF81F,
    0xF81F,0xF81F,0xF81F,0xF81F,0xF81F,0xF81F,0xF81F,0xF81F,0xF81F,0xF81F,0xF81F,0xF81F,
    0xF81F,0xF81F,0xF81F,0xF81F,0xF81F,0xF81F,0xF81F,0xF81F,0xF81F,0xF81F,0xF81F,0xF81F,
    0xF81F,0xF81F,0xF81F,0xF81F,0xF81F,0xF81F,0xF81F,0xF81F,0xF81F,0xF81F,0xF81F,0xF81F,
    0xF81F,0xF81F,0xF81F,0xF81F,0xF81F,0xF81F,0xF81F,0xF81F,0xF81F,0xF81F,0xF81F,0xF81F,
    0xF81F,0xF81F,0xF81F,0xF81F,0xF81F,0xF81F,0xF81F,0xF81F,0xF81F,0xF81F,0xF81F,0xF81F,
    0xF81F,0xF81F,0xF81F,0xF81F,0xF81F,0xF81F,0xF81F,0xF81F,0xF81F,0xF81F,0xF81F,0xF81F,
    0xF81F,0xF81F,0xF81F,0xF81F,0xF81F,0xF81F,0xF81F,0xF81F,0xF81F,0xF81F,0xF81F,0xF81F,
    0xF81F,0xF81F,0xF81F,0xF81F,0xF81F,0xF81F,0xF81F,0xF81F,0xF81F,0xF81F,0xF81F,0xF81F,
    0xF81F,0xF81F,0xF81F,0xF81F,0xF81F,0xF81F,0xF81F,0xF81F,0xF81F,0xF81F,0xF81F,0xF81F,
    0xF81F,0xF81F,0xF81F,0xF81F,0xF81F,0xF81F,0xF81F,0xF81F,0xF81F,0xF81F,0xF81F,0xF81F,
    0xF81F,0xF81F,0xF81F,0xF81F,0xF81F,0xF81F,0xF81F,0xF81F,0xF81F,0xF81F,0xF81F,0xF81F,
    0xF81F,0xF81F,0xF81F,0xF81F,0xF81F,0xF81F,0xF81F,0xF81F,0xF81F,0xF81F,0xF81F,0xF81F,
    0xF81F,0xF81F,0xF81F,0xF81F,0xF81F,0xF81F,0xF81F,0xF81F,0xF81F,0xF81F,0xF81F,0xF81F,
    0xF81F,0xF81F,0xF81F,0xF81F,0xF81F,0xF81F,0xF81F,0xF81F,0xF81F,0xF81F,0xF81F,0xF81F,
    0xF81F,0xF81F,0xF81F,0xF81F,0xF81F,0xF81F,0xF81F,0xF81F,0xF81F,0xF81F,0xF81F,0xF81F,
    0xF81F,0xF81F,0xF81F,0xF81F,0xF81F,0xF81F,0xF81F,0xF81F,0xF81F,0xF81F,0xF81F,0xF81F,
    0xF81F,0xF81F,0xF81F,0xF81F,0xF81F,0xF81F,0xF81F,0xF81F,0xF81F,0xF81F,0xF81F,0xF81F,
    0xF81F,0xF81F,0xF81F,0xF81F,0xF81F,0xF81F,0xF81F,0xF81F,0xF81F,0xF81F,0xF81F,0xF81F,
    0xF81F,0xF81F,0xF81F,0xF81F,0xF81F,0xF81F,0xF81F,0xF81F,0xF81F,0xF81F,0xF81F,0xF81F,
    0xF81F,0xF81F,0xF81F,0xF81F,0xF81F,0xF81F,0xF81F,0xF81F,0xF81F,0xF81F,0xF81F,0xF81F,
    0xF81F,0xF81F,0xF81F,0xF81F,0xF81F,0xF81F,0xF81F,0xF81F,0xF81F,0xF81F,0xF81F,0xF81F,
    0xF81F,0xF81F,0xF81F,0xF81F,0xF81F,0xF81F,0xF81F,0xF81F,0xF81F,0xF81F,0xF81F,0xF81F,
    0xF81F,0xF81F,0xF81F,0xF81F,0xF81F,0xF81F,0xF81F,0xF81F,0xF81F,0xF81F,0xF81F,0xF81F,
    0xF81F,0xF81F,0xF81F,0xF81F,0xF81F,0xF81F,0xF81F,0xF81F,0xF81F,0xF81F,0xF81F,0xF81F,
    0xF81F,0xF81F,0xF81F,0xF81F,0xF81F,0xF81F,0xF81F,0xF81F,0xF81F,0xF81F,0xF81F,0xF81F,
    0xF81F,0xF81F,0xF81F,0xF81F,0xF81F,0xF81F,0xF81F,0xF81F,0xF81F,0xF81F,0xF81F,0xF81F,
    0xF81F,0xF81F,0xF81F,0xF81F,0xF81F,0xF81F,0xF81F,0xF81F,0xED47,0xF547,0xF81F,0xF81F,
    0xF81F,0xF81F,0xF81F,0xF81F,0xF81F,0xF81F,0xF81F,0xF81F,0xF81F,0xF81F,0xF81F,0xF81F,
    0xF81F,0xF81F,0xF81F,0xF81F,0xF81F,0xF81F,0xF81F,0xF81F,0xF81F,0xF81F,0xF81F,0xF81F,
    0xF81F,0xF81F,0xF81F,0xF81F,0xF81F,0xF81F,0xF81F,0xF81F,0xF81F,0xF81F,0xF81F,0xF81F,
    0xF81F,0xF81F,0xF81F,0xF81F,0xF81F,0xF81F,0xF81F,0xF81F,0xF81F,0xF81F,0xF81F,0xF81F,
    0xF81F,0xF81F,0xF81F,0xF81F,0xF81F,0xF81F,0xF81F,0xF81F,0xF81F,0xF81F,0xF81F,0xF81F,
    0xF81F,0xF81F,0xF81F,0xF81F,0xF81F,0xF81F,0xF81F,0xF81F,0xF81F,0xF81F,0xF81F,0xF81F,
    0xF81F,0xF81F,0xF81F,0xF81F,0xF81F,0xF81F,0xF81F,0xF81F,0xF81F,0xF81F,0xF81F,0xF81F,
    0xF81F,0xF81F,0xF81F,0xF81F,0xF81F,0xF81F,0xF81F,0xF81F,0xF81F,0xF81F,0xF81F,0xF81F,
    0xF81F,0xF81F,0xF81F,0xF81F,0xF81F,0xF81F,0xF81F,0xF81F,0xF81F,0xF81F,0xF81F,0xF81F,
    0xF81F,0xF81F,0xF81F,0xF81F,0xF81F,0xF81F,0xF81F,0xF81F,0xF81F,0xF81F,0xF81F,0xF81F,
    0xF81F,0xF81F,0xF81F,0xF81F,0xF81F,0xF81F,0xF81F,0xF81F,0xF81F,0xF81F,0xF81F,0xF81F,
    0xF81F,0xF81F,0xF81F,0xF81F,0xF81F,0xF81F,0xF81F,0xF81F,0xF81F,0xF81F,0xF81F,0xF81F,
    0xF81F,0xF81F,0xF547,0xF547,0xF81F,0xF81F,0xF81F,0xF81F,0xF81F,0xF81F,0xF81F,0xF81F,
    0xF81F,0xF81F,0xF81F,0xF81F,0xF81F,0xF81F,0xF81F,0xF81F,0xF81F,0xF81F,0xF81F,0xF81F,
    0xF81F,0xF81F,0xF81F,0xF81F,0xF81F,0xF81F,0xF81F,0xF81F,0xF81F,0xF81F,0xF81F,0xF81F,
    0xF81F,0xF81F,0xF81F,0xF81F,0xF81F,0xF81F,0xF81F,0xF81F,0xF81F,0xF81F,0xF81F,0xF81F,
    0xF81F,0xF81F,0xF81F,0xF81F,0xF81F,0xF81F,0xF81F,0xF81F,0xF81F,0xF81F,0xF81F,0xF81F,
    0xF81F,0xF81F,0xF81F,0xF81F,0xF81F,0xF81F,0xF81F,0xF81F,0xF81F,0xF81F,0xF81F,0xF81F,
    0xF81F,0xF81F,0xF81F,0xF81F,0xF81F,0xF81F,0xF81F,0xF81F,0xF81F,0xF81F,0xF81F,0xF81F,
    0xF81F,0xF81F,0xF81F,0xF81F,0xF81F,0xF81F,0xF81F,0xF81F,0xF81F,0xF81F,0xF81F,0xF81F,
    0xF81F,0xF81F,0xF81F,0xF81F,0xF81F,0xF81F,0xF81F,0xF81F,0xF81F,0xF81F,0xF81F,0xF81F,
    0xF81F,0xF81F,0xF81F,0xF81F,0xF81F,0xF81F,0xF81F,0xF81F,0xF81F,0xF81F,0xF81F,0xF81F,
    0xF81F,0xF81F,0xF81F,0xF81F,0xF81F,0xF81F,0xF81F,0xF81F,0xF81F,0xF81F,0xF81F,0xF81F,
    0xF81F,0xF81F,0xF81F,0xF81F,0xF81F,0xF81F,0xF81F,0xF81F,0xF81F,0xF81F,0xF81F,0xF81F,
    0xF81F,0xF81F,0xF81F,0xF81F,0xF81F,0xF81F,0xF81F,0xED47,0xF547,0xF547,0xED47,0xF81F,
    0xF81F,0xF81F,0xF81F,0xF81F,0xF81F,0xF81F,0xF81F,0xF81F,0xF81F,0xF81F,0xF81F,0xF81F,
    0xF81F,0xF81F,0xF81F,0xF81F,0xF81F,0xF81F,0xF81F,0xF81F,0xF81F,0xF81F,0xF81F,0xF81F,
    0xF81F,0xF81F,0xF81F,0xF81F,0xF81F,0xF81F,0xF81F,0xF81F,0xF81F,0xF81F,0xF81F,0xF81F,
    0xF81F,0xF81F,0xF81F,0xF81F,0xF81F,0xF81F,0xF81F,0xF81F,0xF81F,0xF81F,0xF81F,0xF81F,
    0xF81F,0xF81F,0xF81F,0xF81F,0xF81F,0xF81F,0xF81F,0xF81F,0xF81F,0xF81F,0xF81F,0xF81F,
    0xF81F,0xF81F,0xF81F,0xF81F,0xF81F,0xF81F,0xF81F,0xF81F,0xF81F,0xF81F,0xF81F,0xF81F,
    0xF81F,0xF81F,0xF81F,0xF81F,0xF81F,0xF81F,0xF81F,0xF81F,0xF81F,0xF81F,0xF81F,0xF81F,
    0xF81F,0xF81F,0xF81F,0xF81F,0xF81F,0xF81F,0xF81F,0xF81F,0xF81F,0xF81F,0xF81F,0xF81F,
    0xF81F,0xF81F,0xF81F,0xF81F,0xF81F,0xF81F,0xF81F,0xF81F,0xF81F,0xF81F,0xF81F,0xF81F,
    0xF81F,0xF81F,0xF81F,0xF81F,0xF81F,0xF81F,0xF81F,0xF81F,0xF81F,0xF81F,0xF81F,0xF81F,
    0xF81F,0xF81F,0xF81F,0xF81F,0xF81F,0xF81F,0xF81F,0xF81F,0xF81F,0xF81F,0xF81F,0xF81F,
    0xF81F,0xF81F,0xF81F,0xF81F,0xF81F,0xF81F,0xF81F,0xF81F,0xF81F,0xF81F,0xF81F,0xF81F,
    0xF81F,0xED47,0xF547,0xF547,0xED47,0xF81F,0xF81F,0xF81F,0xF81F,0xF81F,0xF81F,0xF81F,
    0xF81F,0xF81F,0xF81F,0xF81F,0xF81F,0xF81F,0xF81F,0xF81F,0xF81F,0xF81F,0xF81F,0xF81F,
    0xF81F,0xF81F,0xF81F,0xF81F,0xF81F,0xF81F,0xF81F,0xF81F,0xF81F,0xF81F,0xF81F,0xF81F,
    0xF81F,0xF81F,0xF81F,0xF81F,0xF81F,0xF81F,0xF81F,0xF81F,0xF81F,0xF81F,0xF81F,0xF81F,
    0xF81F,0xF81F,0xF81F,0xF81F,0xF81F,0xF81F,0xF81F,0xF81F,0xF81F,0xF81F,0xF81F,0xF81F,
    0xF81F,0xF81F,0xF81F,0xF81F,0xF81F,0xF81F,0xF81F,0xF81F,0xF81F,0xF81F,0xF81F,0xF81F,
    0xF81F,0xF81F,0xF81F,0xF81F,0xF81F,0xF81F,0xF81F,0xF81F,0xF81F,0xF81F,0xF81F,0xF81F,
    0xF81F,0xF81F,0xF81F,0xF81F,0xF81F,0xF81F,0xF81F,0xF81F,0xF81F,0xF81F,0xF81F,0xF81F,
    0xF81F,0xF81F,0xF81F,0xF81F,0xF81F,0xF81F,0xF81F,0xF81F,0xF81F,0xF81F,0xF81F,0xF81F,
    0xF81F,0xF81F,0xF81F,0xF81F,0xF81F,0xF81F,0xF81F,0xF81F,0xF81F,0xF81F,0xF81F,0xF81F,
    0xF81F,0xF81F,0xF81F,0xF81F,0xF81F,0xF81F,0xF81F,0xF81F,0xF81F,0xF81F,0xF81F,0xF81F,
    0xF81F,0xF81F,0xF81F,0xF81F,0xF81F,0xF81F,0xF81F,0xF81F,0xF81F,0xF81F,0xF81F,0xF81F,
    0xF81F,0xF81F,0xF81F,0xF81F,0xF81F,0xF81F,0xF81F,0xF547,0xF5A7,0xF5A7,0xF547,0xF81F,
    0xF81F,0xF81F,0xF81F,0xF81F,0xF81F,0xF81F,0xF81F,0xF81F,0xF81F,0xF81F,0xF81F,0xF81F,
    0xF81F,0xF81F,0xF81F,0xF81F,0xF81F,0xF81F,0xF81F,0xF81F,0xF81F,0xF81F,0xF81F,0xF81F,
    0xF81F,0xF81F,0xF81F,0xF81F,0xF81F,0xF81F,0xF81F,0xF81F,0xF81F,0xF81F,0xF81F,0xF81F,
    0xF81F,0xF81F,0xF81F,0xF81F,0xF81F,0xF81F,0xF81F,0xF81F,0xF81F,0xF81F,0xF81F,0xF81F,
    0xF81F,0xF81F,0xF81F,0xF81F,0xF81F,0xF81F,0xF81F,0xF81F,0xF81F,0xF81F,0xF81F,0xF81F,
    0xF81F,0xF81F,0xF81F,0xF81F,0xF81F,0xF81F,0xF81F,0xF81F,0xF81F,0xF81F,0xF81F,0xF81F,
    0xF81F,0xF81F,0xF81F,0xF81F,0xF81F,0xF81F,0xF81F,0xF81F,0xF81F,0xF81F,0xF81F,0xF81F,
    0xF81F,0xF81F,0xF81F,0xF81F,0xF81F,0xF81F,0xF81F,0xF81F,0xF81F,0xF81F,0xF81F,0xF81F,
    0xF81F,0xF81F,0xF81F,0xF81F,0xF81F,0xF81F,0xF81F,0xF81F,0xF81F,0xF81F,0xF81F,0xF81F,
    0xF81F,0xF81F,0xF81F,0xF81F,0xF81F,0xF81F,0xF81F,0xF81F,0xF81F,0xF81F,0xF81F,0xF81F,
    0xF81F,0xF81F,0xF81F,0xF81F,0xF81F,0xF81F,0xF81F,0xF81F,0xF81F,0xF81F,0xF81F,0xF81F,
    0xF81F,0xF81F,0xF81F,0xF81F,0xF81F,0xF81F,0xF81F,0xF81F,0xF81F,0xF81F,0xF81F,0xF81F,
    0xF547,0xF547,0xFE28,0xFE28,0xF547,0xF547,0xF81F,0xF81F,0xF81F,0xF81F,0xF81F,0xF81F,
    0xF81F,0xF81F,0xF81F,0xF81F,0xF81F,0xF81F,0xF81F,0xF81F,0xF81F,0xF81F,0xF81F,0xF81F,
    0xF81F,0xF81F,0xF81F,0xF81F,0xF81F,0xF81F,0xF81F,0xF81F,0xF81F,0xF81F,0xF81F,0xF81F,
    0xF81F,0xF81F,0xF81F,0xF81F,0xF81F,0xF81F,0xF81F,0xF81F,0xF81F,0xF81F,0xF81F,0xF81F,
    0xF81F,0xF81F,0xF81F,0xF81F,0xF81F,0xF81F,0xF81F,0xF81F,0xF81F,0xF81F,0xF81F,0xF81F,
    0xF81F,0xF81F,0xF81F,0xF81F,0xF81F,0xF81F,0xF81F,0xF81F,0xF81F,0xF81F,0xF81F,0xF81F,
    0xF81F,0xF81F,0xF81F,0xF81F,0xF81F,0xF81F,0xF81F,0xF81F,0xF81F,0xF81F,0xF81F,0xF81F,
    0xF81F,0xF81F,0xF81F,0xF81F,0xF81F,0xF81F,0xF81F,0xF81F,0xF81F,0xF81F,0xF81F,0xF81F,
    0xF81F,0xF81F,0xF81F,0xF81F,0xF81F,0xF81F,0xF81F,0xF81F,0xF81F,0xF81F,0xF81F,0xF81F,
    0xF81F,0xF81F,0xF81F,0xF81F,0xF81F,0xF81F,0xF81F,0xF81F,0xF81F,0xF81F,0xF81F,0xF81F,
    0xF81F,0xF81F,0xF81F,0xF81F,0xF81F,0xF81F,0xF81F,0xF81F,0xF81F,0xF81F,0xF81F,0xF81F,
    0xF81F,0xF81F,0xF81F,0xF81F,0xF81F,0xF81F,0xF81F,0xF81F,0xF81F,0xF81F,0xF81F,0xF81F,
    0xF81F,0xF81F,0xF81F,0xF81F,0xF81F,0xF81F,0xF547,0xF547,0xFE89,0xFE89,0xF567,0xF547,
    0xF81F,0xF81F,0xF81F,0xF81F,0xF81F,0xF81F,0xF81F,0xF81F,0xF81F,0xF81F,0xF81F,0xF81F,
    0xF81F,0xF81F,0xF81F,0xF81F,0xF81F,0xF81F,0xF81F,0xF81F,0xF81F,0xF81F,0xF81F,0xF81F,
    0xF81F,0xF81F,0xF81F,0xF81F,0xF81F,0xF81F,0xF81F,0xF81F,0xF81F,0xF81F,0xF81F,0xF81F,
    0xF81F,0xF81F,0xF81F,0xF81F,0xF81F,0xF81F,0xF81F,0xF81F,0xF81F,0xF81F,0xF81F,0xF81F,
    0xF81F,0xF81F,0xF81F,0xF81F,0xF81F,0xF81F,0xF81F,0xF81F,0xF81F,0xF81F,0xF81F,0xF81F,
    0xF81F,0xF81F,0xF81F,0xF81F,0xF81F,0xF81F,0xF81F,0xF81F,0xF81F,0xF81F,0xF81F,0xF81F,
    0xF81F,0xF81F,0xF81F,0xF81F,0xF81F,0xF81F,0xF81F,0xF81F,0xF81F,0xF81F,0xF81F,0xF81F,
    0xF81F,0xF81F,0xF81F,0xF81F,0xF81F,0xF81F,0xF81F,0xF81F,0xF81F,0xF81F,0xF81F,0xF81F,
    0xF81F,0xF81F,0xF81F,0xF81F,0xF81F,0xF81F,0xF81F,0xF81F,0xF81F,0xF81F,0xF81F,0xF81F,
    0xF81F,0xF81F,0xF81F,0xF81F,0xF81F,0xF81F,0xF81F,0xF81F,0xF81F,0xF81F,0xF81F,0xF81F,
    0xF81F,0xF81F,0xF81F,0xF81F,0xF81F,0xF81F,0xF81F,0xF81F,0xF81F,0xF81F,0xF81F,0xF81F,
    0xF81F,0xF81F,0xF81F,0xF81F,0xF81F,0xF81F,0xF81F,0xF81F,0xF81F,0xF81F,0xF81F,0xED47,
    0xF547,0xF5C8,0xFE89,0xFE89,0xF5C8,0xF547,0xED47,0xF81F,0xF81F,0xF81F,0xF81F,0xF81F,
    0xF81F,0xF81F,0xF81F,0xF81F,0xF81F,0xF81F,0xF81F,0xF81F,0xF81F,0xF81F,0xF81F,0xF81F,
    0xF81F,0xF81F,0xF81F,0xF81F,0xF81F,0xF81F,0xF81F,0xF81F,0xF81F,0xF81F,0xF81F,0xF81F,
    0xF81F,0xF81F,0xF81F,0xF81F,0xF81F,0xF81F,0xF81F,0xF81F,0xF81F,0xF81F,0xF81F,0xF81F,
    0xF81F,0xF81F,0xF81F,0xF81F,0xF81F,0xF81F,0xF81F,0xF81F,0xF81F,0xF81F,0xF81F,0xF81F,
    0xF81F,0xF81F,0xF81F,0xF81F,0xF81F,0xF81F,0xF81F,0xF81F,0xF81F,0xF81F,0xF81F,0xF81F,
    0xF81F,0xF81F,0xF81F,0xF81F,0xF81F,0xF81F,0xF81F,0xF81F,0xF81F,0xF81F,0xF81F,0xF81F,
    0xF81F,0xF81F,0xF81F,0xF81F,0xF81F,0xF81F,0xF81F,0xF81F,0xF81F,0xF81F,0xF81F,0xF81F,
    0xF81F,0xF81F,0xF81F,0xF81F,0xF81F,0xF81F,0xF81F,0xF81F,0xF81F,0xF81F,0xF81F,0xF81F,
    0xF81F,0xF81F,0xF81F,0xF81F,0xF81F,0xF81F,0xF81F,0xF81F,0xF81F,0xF81F,0xF81F,0xF81F,
    0xF81F,0xF81F,0xF81F,0xF81F,0xF81F,0xF81F,0xF81F,0xF81F,0xF81F,0xF81F,0xF81F,0xF81F,
    0xF81F,0xF81F,0xF81F,0xF81F,0xF81F,0xF81F,0xF81F,0xF81F,0xF81F,0xF81F,0xF81F,0xF81F,
    0xF81F,0xF81F,0xF81F,0xF81F,0xF81F,0xF547,0xF547,0xFE48,0xFE89,0xFE89,0xFE48,0xF547,
    0xF547,0xF81F,0xF81F,0xF81F,0xF81F,0xF81F,0xF81F,0xF81F,0xF81F,0xF81F,0xF81F,0xF81F,
    0xF81F,0xF81F,0xF81F,0xF81F,0xF81F,0xF81F,0xF81F,0xF81F,0xF81F,0xF81F,0xF81F,0xF81F,
    0xF81F,0xF81F,0xF81F,0xF81F,0xF81F,0xF81F,0xF81F,0xF81F,0xF81F,0xF81F,0xF81F,0xF81F,
    0xF81F,0xF81F,0xF81F,0xF81F,0xF81F,0xF81F,0xF81F,0xF81F,0xF81F,0xF81F,0xF81F,0xF81F,
    0xF81F,0xF81F,0xF81F,0xF81F,0xF81F,0xF81F,0xF81F,0xF81F,0xF81F,0xF81F,0xF81F,0xF81F,
    0xF81F,0xF81F,0xF81F,0xF81F,0xF81F,0xF81F,0xF81F,0xF81F,0xF81F,0xF81F,0xF81F,0xF81F,
    0xF81F,0xF81F,0xF81F,0xF81F,0xF81F,0xF81F,0xF81F,0xF81F,0xF81F,0xF81F,0xF81F,0xF81F,
    0xF81F,0xF81F,0xF81F,0xF81F,0xF81F,0xF81F,0xF81F,0xF81F,0xF81F,0xF81F,0xF81F,0xF81F,
    0xF81F,0xF81F,0xF81F,0xF81F,0xF81F,0xF81F,0xF81F,0xF81F,0xF81F,0xF81F,0xF81F,0xF81F,
    0xF81F,0xF81F,0xF81F,0xF81F,0xF81F,0xF81F,0xF81F,0xF81F,0xF81F,0xF81F,0xF81F,0xF81F,
    0xF81F,0xF81F,0xF81F,0xF81F,0xF81F,0xF81F,0xF81F,0xF81F,0xF81F,0xF81F,0xF81F,0xF81F,
    0xF81F,0xF81F,0xF81F,0xF81F,0xF81F,0xF547,0xED47,0xED47,0xF547,0xF547,0xED47,0xF547,
    0xF587,0xFE89,0xFE89,0xFE89,0xFE89,0xF587,0xF547,0xED47,0xF547,0xF547,0xED47,0xED47,
    0xF547,0xF81F,0xF81F,0xF81F,0xF81F,0xF81F,0xF81F,0xF81F,0xF81F,0xF81F,0xF81F,0xF81F,
    0xF81F,0xF81F,0xF81F,0xF81F,0xF81F,0xF81F,0xF81F,0xF81F,0xF81F,0xF81F,0xF81F,0xF81F,
    0xF81F,0xF81F,0xF81F,0xF81F,0xF81F,0xF81F,0xF81F,0xF81F,0xF81F,0xF81F,0xF81F,0xF81F,
    0xF81F,0xF81F,0xF81F,0xF81F,0xF81F,0xF81F,0xF81F,0xF81F,0xF81F,0xF81F,0xF81F,0xF81F,
    0xF81F,0xF81F,0xF81F,0xF81F,0xF81F,0xF81F,0xF81F,0xF81F,0xF81F,0xF81F,0xF81F,0xF81F,
    0xF81F,0xF81F,0xF81F,0xF81F,0xF81F,0xF81F,0xF81F,0xF81F,0xF81F,0xF81F,0xF81F,0xF81F,
    0xF81F,0xF81F,0xF81F,0xF81F,0xF81F,0xF81F,0xF81F,0xF81F,0xF81F,0xF81F,0xF81F,0xF81F,
    0xF81F,0xF81F,0xF81F,0xF81F,0xF81F,0xF81F,0xF81F,0xF81F,0xF81F,0xF81F,0xF81F,0xF81F,
    0xF81F,0xF81F,0xF81F,0xF81F,0xF81F,0xF81F,0xF81F,0xF81F,0xF81F,0xF81F,0xF81F,0xF81F,
    0xF81F,0xF81F,0xF81F,0xF81F,0xF81F,0xF81F,0xF81F,0xF81F,0xF81F,0xF81F,0xF81F,0xF81F,
    0xF81F,0xF81F,0xF81F,0xF81F,0xF81F,0xF81F,0xF547,0xF547,0xF547,0xF547,0xF547,0xF547,
    0xF547,0xF547,0xF547,0xF547,0xF547,0xF547,0xFE08,0xFE89,0xFE89,0xFE89,0xFE89,0xFE08,
    0xF547,0xF547,0xF547,0xF547,0xF547,0xF547,0xF547,0xF547,0xF547,0xF547,0xF547,0xF547,
    0xF81F,0xF81F,0xF81F,0xF81F,0xF81F,0xF81F,0xF81F,0xF81F,0xF81F,0xF81F,0xF81F,0xF81F,
    0xF81F,0xF81F,0xF81F,0xF81F,0xF81F,0xF81F,0xF81F,0xF81F,0xF81F,0xF81F,0xF81F,0xF81F,
    0xF81F,0xF81F,0xF81F,0xF81F,0xF81F,0xF81F,0xF81F,0xF81F,0xF81F,0xF81F,0xF81F,0xF81F,
    0xF81F,0xF81F,0xF81F,0xF81F,0xF81F,0xF81F,0xF81F,0xF81F,0xF81F,0xF81F,0xF81F,0xF81F,
    0xF81F,0xF81F,0xF81F,0xF81F,0xF81F,0xF81F,0xF81F,0xF81F,0xF81F,0xF81F,0xF81F,0xF81F,
    0xF81F,0xF81F,0xF81F,0xF81F,0xF81F,0xF81F,0xF81F,0xF81F,0xF81F,0xF81F,0xF81F,0xF81F,
    0xF81F,0xF81F,0xF81F,0xF81F,0xF81F,0xF81F,0xF81F,0xF81F,0xF81F,0xF81F,0xF81F,0xF81F,
    0xF81F,0xF81F,0xF81F,0xF81F,0xF81F,0xF81F,0xF81F,0xF81F,0xF81F,0xF81F,0xF81F,0xF81F,
    0xF81F,0xF81F,0xF81F,0xF81F,0xF81F,0xF81F,0xF81F,0xF81F,0xF81F,0xF81F,0xF81F,0xF81F,
    0xF81F,0xF81F,0xF81F,0xF81F,0xF81F,0xF81F,0xF81F,0xF81F,0xF81F,0xF81F,0xF81F,0xF81F,
    0xF81F,0xED47,0xF547,0xF547,0xF587,0xFDE8,0xFE08,0xFE08,0xFE28,0xFE28,0xFE48,0xFE68,
    0xFE89,0xFE89,0xFE89,0xFE89,0xFE89,0xFE89,0xFE68,0xFE48,0xFE28,0xFE28,0xFE08,0xFE08,
    0xFDE8,0xF587,0xF547,0xF547,0xED47,0xF81F,0xF81F,0xF81F,0xF81F,0xF81F,0xF81F,0xF81F,
    0xF81F,0xF81F,0xF81F,0xF81F,0xF81F,0xF81F,0xF81F,0xF81F,0xF81F,0xF81F,0xF81F,0xF81F,
    0xF81F,0xF81F,0xF81F,0xF81F,0xF81F,0xF81F,0xF81F,0xF81F,0xF81F,0xF81F,0xF81F,0xF81F,
    0xF81F,0xFE89,0xFE89,0xF81F,0xF81F,0xF81F,0xF81F,0xF81F,0xF81F,0xF81F,0xF81F,0xF81F,
    0xF81F,0xF81F,0xF81F,0xF81F,0xF81F,0xF81F,0xF81F,0xF81F,0xF81F,0xF81F,0xF81F,0xF81F,
    0xF81F,0xF81F,0xF81F,0xF81F,0xF81F,0xF81F,0xF81F,0xF81F,0xF81F,0xF81F,0xF81F,0xF81F,
    0xF81F,0xF81F,0xF81F,0xF81F,0xF81F,0xF81F,0xF81F,0xF81F,0xF81F,0xF81F,0xF81F,0xF81F,
    0xF81F,0xF81F,0xF81F,0xF81F,0xF81F,0xF81F,0xF81F,0xF81F,0xF81F,0xF81F,0xF81F,0xF81F,
    0xF81F,0xF81F,0xF81F,0xF81F,0xF81F,0xF81F,0xF81F,0xF81F,0xF81F,0xF81F,0xF81F,0xF81F,
    0xF81F,0xF81F,0xF81F,0xF81F,0xF81F,0xF81F,0xF81F,0xF81F,0xF81F,0xF81F,0xF81F,0xF81F,
    0xF81F,0xF81F,0xF81F,0xF81F,0xF81F,0xF81F,0xF81F,0xF81F,0xF547,0xF547,0xF547,0xF5E8,
    0xFE89,0xFE89,0xFE89,0xFE89,0xFE89,0xFE89,0xFE89,0xFE89,0xFE89,0xFE89,0xFE89,0xFE89,
    0xFE89,0xFE89,0xFE89,0xFE89,0xFE89,0xFE89,0xFDE8,0xF547,0xF547,0xED47,0xF81F,0xF81F,
    0xF81F,0xF81F,0xF81F,0xF81F,0xF81F,0xF81F,0xF81F,0xF81F,0xF81F,0xF81F,0xF81F,0xF81F,
    0xF81F,0xF81F,0xF81F,0xF81F,0xF81F,0xF81F,0xF81F,0xF81F,0xF81F,0xF81F,0xF81F,0xF81F,
    0xF81F,0xF81F,0xF81F,0xF81F,0xF81F,0xF81F,0xF81F,0xFE89,0xFE89,0xF81F,0xF81F,0xF81F,
    0xF81F,0xF81F,0xF81F,0xF81F,0xF81F,0xF81F,0xF81F,0xF81F,0xF81F,0xF81F,0xF81F,0xF81F,
    0xF81F,0xF81F,0xF81F,0xF81F,0xF81F,0xF81F,0xF81F,0xF81F,0xF81F,0xF81F,0xF81F,0xF81F,
    0xF81F,0xF81F,0xF81F,0xF81F,0xF81F,0xF81F,0xF81F,0xF81F,0xF81F,0xF81F,0xF81F,0xF81F,
    0xF81F,0xF81F,0xF81F,0xF81F,0xF81F,0xF81F,0xF81F,0xF81F,0xF81F,0xF81F,0xF81F,0xF81F,
    0xF81F,0xF81F,0xF81F,0xF81F,0xF81F,0xF81F,0xF81F,0xF81F,0xF81F,0xF81F,0xF81F,0xF81F,
    0xF81F,0xF81F,0xF81F,0xF81F,0xF81F,0xF81F,0xF81F,0xF81F,0xF81F,0xF81F,0xF81F,0xF81F,
    0xF81F,0xF81F,0xF81F,0xF81F,0xF81F,0xF81F,0xF81F,0xF81F,0xF81F,0xF81F,0xF81F,0xF81F,
    0xF81F,0xF81F,0xF81F,0xF81F,0xED47,0xF547,0xF5A7,0xFE89,0xFE89,0xFE89,0xFE89,0xFE89,
    0xFE89,0xFE89,0xFE89,0xFE89,0xFE89,0xFE89,0xFE89,0xFE89,0xFE89,0xFE89,0xFE89,0xF5A7,
    0xF547,0xED47,0xF81F,0xF81F,0xF81F,0xF81F,0xF81F,0xF81F,0xF81F,0xF81F,0xF81F,0xF81F,
    0xF81F,0xF81F,0xF81F,0xF81F,0xF81F,0xF81F,0xF81F,0xF81F,0xF81F,0xF81F,0xF81F,0xF81F,
    0xF81F,0xF81F,0xF81F,0xF81F,0xF81F,0xF81F,0xF81F,0xF81F,0xF81F,0xF81F,0xF81F,0xF81F,
    0xF81F,0xFE89,0xFE89,0xF81F,0xF81F,0xF81F,0xF81F,0xF81F,0xF81F,0xF81F,0xF81F,0xF81F,
    0xF81F,0xF81F,0xF81F,0xF81F,0xF81F,0xF81F,0xF81F,0xF81F,0xF81F,0xF81F,0xF81F,0xF81F,
    0xF81F,0xF81F,0xF81F,0xF81F,0xF81F,0xF81F,0xF81F,0xF81F,0xF81F,0xF81F,0xF81F,0xF81F,
    0xF81F,0xF81F,0xF81F,0xF81F,0xF81F,0xF81F,0xF81F,0xF81F,0xF81F,0xF81F,0xF81F,0xF81F,
    0xF81F,0xF81F,0xF81F,0xF81F,0xF81F,0xF81F,0xF81F,0xF81F,0xF81F,0xFE89,0xFE89,0xF81F,
    0xF81F,0xF81F,0xF81F,0xF81F,0xF81F,0xF81F,0xF81F,0xF81F,0xF81F,0xF81F,0xF81F,0xF81F,
    0xF81F,0xF81F,0xF81F,0xF81F,0xF81F,0xF81F,0xF81F,0xF81F,0xF81F,0xF81F,0xF81F,0xF81F,
    0xF81F,0xF81F,0xF81F,0xF81F,0xF81F,0xF81F,0xF81F,0xF81F,0xF81F,0xF81F,0xF81F,0xED47,
    0xF547,0xF567,0xFE48,0xFE89,0xFE89,0xFE89,0xFE89,0xFE89,0xFE89,0xFE89,0xFE89,0xFE89,
    0xFE89,0xFE89,0xFE89,0xFE69,0xF587,0xF547,0xED47,0xF81F,0xF81F,0xF81F,0xF81F,0xF81F,
    0xF81F,0xF81F,0xF81F,0xF81F,0xF81F,0xF81F,0xF81F,0xF81F,0xF81F,0xF81F,0xF81F,0xF81F,
    0xF81F,0xF81F,0xF81F,0xF81F,0xF81F,0xF81F,0xF81F,0xF81F,0xF81F,0xF81F,0xF81F,0xF81F,
    0xF81F,0xF81F,0xF81F,0xF81F,0xF81F,0xF81F,0xFE89,0xFE89,0xFE89,0xFE89,0xF81F,0xF81F,
    0xF81F,0xF81F,0xF81F,0xF81F,0xF81F,0xF81F,0xF81F,0xF81F,0xF81F,0xF81F,0xF81F,0xF81F,
    0xF81F,0xF81F,0xF81F,0xF81F,0xF81F,0xF81F,0xF81F,0xF81F,0xF81F,0xF81F,0xF81F,0xF81F,
    0xF81F,0xF81F,0xF81F,0xF81F,0xF81F,0xF81F,0xF81F,0xF81F,0xF81F,0xF81F,0xF81F,0xF81F,
    0xF81F,0xF81F,0xF81F,0xF81F,0xF81F,0xF81F,0xF81F,0xF81F,0xF81F,0xF81F,0xF81F,0xF81F,
    0xF81F,0xF81F,0xF81F,0xFE89,0xFE89,0xF81F,0xF81F,0xF81F,0xF81F,0xF81F,0xF81F,0xF81F,
    0xF81F,0xF81F,0xF81F,0xF81F,0xF81F,0xF81F,0xF81F,0xF81F,0xF81F,0xF81F,0xF81F,0xF81F,
    0xF81F,0xF81F,0xF81F,0xF81F,0xF81F,0xF81F,0xF81F,0xF81F,0xF81F,0xF81F,0xF81F,0xF81F,
    0xF81F,0xF81F,0xF81F,0xF81F,0xF81F,0xF81F,0xF547,0xF547,0xF547,0xFE28,0xFE89,0xFE89,
    0xFE89,0xFE89,0xFE89,0xFE89,0xFE89,0xFE89,0xFE89,0xFE89,0xFE28,0xF567,0xF547,0xED47,
    0xF81F,0xF81F,0xF81F,0xF81F,0xF81F,0xF81F,0xF81F,0xF81F,0xF81F,0xF81F,0xF81F,0xF81F,
    0xF81F,0xF81F,0xF81F,0xF81F,0xF81F,0xF81F,0xF81F,0xF81F,0xF81F,0xF81F,0xF81F,0xF81F,
    0xF81F,0xF81F,0xF81F,0xF81F,0xF81F,0xF81F,0xF81F,0xF81F,0xFE89,0xFE89,0xFE89,0xFE89,
    0xFE89,0xFE89,0xFE89,0xFE89,0xFE89,0xFE89,0xFE89,0xFE89,0xF81F,0xF81F,0xF81F,0xF81F,
    0xF81F,0xF81F,0xF81F,0xF81F,0xF81F,0xF81F,0xF81F,0xF81F,0xF81F,0xF81F,0xF81F,0xF81F,
    0xF81F,0xF81F,0xF81F,0xF81F,0xF81F,0xF81F,0xF81F,0xF81F,0xF81F,0xF81F,0xF81F,0xF81F,
    0xF81F,0xF81F,0xF81F,0xF81F,0xF81F,0xF81F,0xF81F,0xF81F,0xF81F,0xF81F,0xF81F,0xF81F,
    0xF81F,0xF81F,0xF81F,0xF81F,0xF81F,0xF81F,0xF81F,0xF81F,0xF81F,0xFE89,0xFE89,0xF81F,
    0xF81F,0xF81F,0xF81F,0xF81F,0xF81F,0xF81F,0xF81F,0xF81F,0xF81F,0xF81F,0xF81F,0xF81F,
    0xF81F,0xF81F,0xF81F,0xF81F,0xF81F,0xF81F,0xF81F,0xF81F,0xF81F,0xF81F,0xF81F,0xF81F,
    0xF81F,0xF81F,0xF81F,0xF81F,0xF81F,0xF81F,0xF81F,0xF81F,0xF81F,0xF81F,0xF81F,0xF81F,
    0xF81F,0xF547,0xF547,0xF547,0xFE28,0xFE89,0xFE89,0xFE89,0xFE89,0xFE89,0xFE89,0xFE89,
    0xFE89,0xFE28,0xF547,0xF547,0xF547,0xF81F,0xF81F,0xF81F,0xF81F,0xF81F,0xF81F,0xF81F,
    0xF81F,0xF81F,0xF81F,0xF81F,0xF81F,0xF81F,0xF81F,0xF81F,0xF81F,0xF81F,0xF81F,0xF81F,
    0xF81F,0xF81F,0xF81F,0xF81F,0xF81F,0xF81F,0xF81F,0xF81F,0xF81F,0xF81F,0xF81F,0xF81F,
    0xF81F,0xF81F,0xF81F,0xF81F,0xFE89,0xFE89,0xFE89,0xFE89,0xFE89,0xFE89,0xFE89,0xFE89,
    0xFE89,0xF81F,0xF81F,0xF81F,0xF81F,0xF81F,0xF81F,0xF81F,0xF81F,0xF81F,0xF81F,0xF81F,
    0xF81F,0xF81F,0xF81F,0xF81F,0xF81F,0xF81F,0xF81F,0xF81F,0xF81F,0xF81F,0xF81F,0xF81F,
    0xF81F,0xF81F,0xF81F,0xF81F,0xF81F,0xF81F,0xF81F,0xF81F,0xF81F,0xF81F,0xF81F,0xF81F,
    0xF81F,0xF81F,0xF81F,0xF81F,0xF81F,0xF81F,0xF81F,0xF81F,0xF81F,0xF81F,0xF81F,0xF81F,
    0xF81F,0xF81F,0xFE89,0xFE89,0xFE89,0xFE89,0xF81F,0xF81F,0xF81F,0xF81F,0xF81F,0xF81F,
    0xF81F,0xF81F,0xF81F,0xF81F,0xF81F,0xF81F,0xF81F,0xF81F,0xF81F,0xF81F,0xF81F,0xF81F,
    0xF81F,0xF81F,0xF81F,0xF81F,0xF81F,0xF81F,0xF81F,0xF81F,0xF81F,0xF81F,0xF81F,0xF81F,
    0xF81F,0xF81F,0xF81F,0xF81F,0xF81F,0xF81F,0xF81F,0xF81F,0xF547,0xF547,0xFE69,0xFE89,
    0xFE89,0xFE89,0xFE89,0xFE89,0xFE89,0xFE89,0xFE89,0xFE69,0xF547,0xF547,0xF81F,0xF81F,
    0xF81F,0xF81F,0xF81F,0xF81F,0xF81F,0xF81F,0xF81F,0xF81F,0xF81F,0xF81F,0xF81F,0xF81F,
    0xF81F,0xF81F,0xF81F,0xF81F,0xF81F,0xF81F,0xF81F,0xF81F,0xF81F,0xF81F,0xF81F,0xF81F,
    0xF81F,0xF81F,0xF81F,0xF81F,0xF81F,0xF81F,0xF81F,0xF81F,0xF81F,0xF81F,0xF81F,0xFE89,
    0xFE89,0xFE89,0xFE89,0xFE89,0xFE89,0xF81F,0xF81F,0xF81F,0xF81F,0xF81F,0xF81F,0xF81F,
    0xF81F,0xF81F,0xF81F,0xF81F,0xF81F,0xF81F,0xF81F,0xF81F,0xF81F,0xF81F,0xF81F,0xF81F,
    0xF81F,0xF81F,0xF81F,0xF81F,0xF81F,0xF81F,0xF81F,0xF81F,0xF81F,0xF81F,0xF81F,0xF81F,
    0xF81F,0xF81F,0xF81F,0xF81F,0xF81F,0xF81F,0xF81F,0xF81F,0xF81F,0xF81F,0xF81F,0xF81F,
    0xF81F,0xF81F,0xF81F,0xF81F,0xFE89,0xFE89,0xFE89,0xFE89,0xFE89,0xFE89,0xFE89,0xFE89,
    0xFE89,0xFE89,0xFE89,0xFE89,0xF81F,0xF81F,0xF81F,0xF81F,0xF81F,0xF81F,0xF81F,0xF81F,
    0xF81F,0xF81F,0xF81F,0xF81F,0xF81F,0xF81F,0xF81F,0xF81F,0xF81F,0xF81F,0xF81F,0xF81F,
    0xF81F,0xF81F,0xF81F,0xF81F,0xF81F,0xF81F,0xF81F,0xF81F,0xF81F,0xF81F,0xF81F,0xF81F,
    0xF81F,0xF81F,0xF547,0xF567,0xFE89,0xFE89,0xFE89,0xFE89,0xFE89,0xFE89,0xFE89,0xFE89,
    0xFE89,0xFE89,0xF567,0xF547,0xF81F,0xF81F,0xF81F,0xF81F,0xF81F,0xF81F,0xF81F,0xF81F,
    0xF81F,0xF81F,0xF81F,0xF81F,0xF81F,0xF81F,0xF81F,0xF81F,0xF81F,0xF81F,0xF81F,0xF81F,
    0xF81F,0xF81F,0xF81F,0xF81F,0xF81F,0xF81F,0xF81F,0xF81F,0xF81F,0xF81F,0xF81F,0xF81F,
    0xF81F,0xF81F,0xF81F,0xF81F,0xF81F,0xFE89,0xFE89,0xFE89,0xFE89,0xFE89,0xFE89,0xF81F,
    0xF81F,0xF81F,0xF81F,0xF81F,0xF81F,0xF81F,0xF81F,0xF81F,0xF81F,0xF81F,0xF81F,0xF81F,
    0xF81F,0xF81F,0xF81F,0xF81F,0xF81F,0xF81F,0xF81F,0xF81F,0xF81F,0xF81F,0xF81F,0xF81F,
    0xF81F,0xF81F,0xF81F,0xF81F,0xF81F,0xF81F,0xF81F,0xF81F,0xF81F,0xF81F,0xF81F,0xF81F,
    0xF81F,0xF81F,0xF81F,0xF81F,0xF81F,0xF81F,0xF81F,0xF81F,0xF81F,0xF81F,0xFE89,0xFE89,
    0xFE89,0xFE89,0xFE89,0xFE89,0xFE89,0xFE89,0xFE89,0xFE89,0xFE89,0xFE89,0xF81F,0xF81F,
    0xF81F,0xF81F,0xF81F,0xF81F,0xF81F,0xF81F,0xF81F,0xF81F,0xF81F,0xF81F,0xF81F,0xF81F,
    0xF81F,0xF81F,0xF81F,0xF81F,0xF81F,0xF81F,0xF81F,0xF81F,0xF81F,0xF81F,0xF81F,0xF81F,
    0xF81F,0xF81F,0xF81F,0xF81F,0xF81F,0xF81F,0xF81F,0xF81F,0xF547,0xF5C8,0xFE89,0xFE89,
    0xFE89,0xFE89,0xFE89,0xFE89,0xFE89,0xFE89,0xFE89,0xFE89,0xF5C8,0xF547,0xF81F,0xF81F,
    0xF81F,0xF81F,0xF81F,0xF81F,0xF81F,0xF81F,0xF81F,0xF81F,0xF81F,0xF81F,0xF81F,0xF81F,
    0xF81F,0xF81F,0xF81F,0xF81F,0xF81F,0xF81F,0xF81F,0xF81F,0xF81F,0xF81F,0xF81F,0xF81F,
    0xF81F,0xF81F,0xF81F,0xF81F,0xF81F,0xF81F,0xF81F,0xF81F,0xF81F,0xF81F,0xF81F,0xFE89,
    0xFE89,0xFE89,0xFE89,0xFE89,0xFE89,0xF81F,0xF81F,0xF81F,0xF81F,0xF81F,0xF81F,0xF81F,
    0xF81F,0xF81F,0xF81F,0xF81F,0xF81F,0xF81F,0xF81F,0xF81F,0xF81F,0xF81F,0xF81F,0xF81F,
    0xF81F,0xF81F,0xF81F,0xF81F,0xF81F,0xF81F,0xF81F,0xF81F,0xF81F,0xF81F,0xF81F,0xF81F,
    0xF81F,0xF81F,0xF81F,0xF81F,0xF81F,0xF81F,0xF81F,0xF81F,0xF81F,0xF81F,0xF81F,0xF81F,
    0xF81F,0xF81F,0xF81F,0xF81F,0xF81F,0xFE89,0xFE89,0xFE89,0xFE89,0xFE89,0xFE89,0xFE89,
    0xFE89,0xFE89,0xFE89,0xF81F,0xF81F,0xF81F,0xF81F,0xF81F,0xF81F,0xF81F,0xF81F,0xF81F,
    0xF81F,0xF81F,0xF81F,0xF81F,0xF81F,0xF81F,0xF81F,0xF81F,0xF81F,0xF81F,0xF81F,0xF81F,
    0xF81F,0xF81F,0xF81F,0xF81F,0xF81F,0xF81F,0xF81F,0xF81F,0xF81F,0xF81F,0xF81F,0xF81F,
    0xF81F,0xED47,0xF547,0xFE28,0xFE89,0xFE89,0xFE89,0xFE48,0xF587,0xF567,0xFE28,0xFE89,
    0xFE89,0xFE89,0xFE08,0xF547,0xED47,0xF81F,0xF81F,0xF81F,0xF81F,0xF81F,0xF81F,0xF81F,
    0xF81F,0xF81F,0xF81F,0xF81F,0xF81F,0xF81F,0xF81F,0xF81F,0xF81F,0xF81F,0xF81F,0xF81F,
    0xF81F,0xF81F,0xF81F,0xF81F,0xF81F,0xF81F,0xF81F,0xF81F,0xF81F,0xF81F,0xF81F,0xF81F,
    0xF81F,0xF81F,0xF81F,0xF81F,0xF81F,0xFE89,0xFE89,0xF81F,0xF81F,0xFE89,0xFE89,0xF81F,
    0xF81F,0xF81F,0xF81F,0xF81F,0xF81F,0xF81F,0xF81F,0xF81F,0xF81F,0xF81F,0xF81F,0xF81F,
    0xF81F,0xF81F,0xF81F,0xF81F,0xF81F,0xF81F,0xF81F,0xF81F,0xF81F,0xF81F,0xF81F,0xF81F,
    0xF81F,0xF81F,0xF81F,0xF81F,0xF81F,0xF81F,0xF81F,0xF81F,0xF81F,0xF81F,0xF81F,0xF81F,
    0xF81F,0xF81F,0xF81F,0xF81F,0xF81F,0xF81F,0xF81F,0xF81F,0xF81F,0xF81F,0xF81F,0xF81F,
    0xFE89,0xFE89,0xFE89,0xFE89,0xFE89,0xFE89,0xFE89,0xFE89,0xF81F,0xF81F,0xF81F,0xF81F,
    0xF81F,0xF81F,0xF81F,0xF81F,0xF81F,0xF81F,0xF81F,0xF81F,0xF81F,0xF81F,0xF81F,0xF81F,
    0xF81F,0xF81F,0xF81F,0xF81F,0xF81F,0xF81F,0xF81F,0xF81F,0xF81F,0xF81F,0xF81F,0xF81F,
    0xF81F,0xF81F,0xF81F,0xF81F,0xF81F,0xF81F,0xF81F,0xF547,0xF547,0xFE69,0xFE89,0xFE89,
    0xF5C8,0xF547,0xF547,0xF547,0xF547,0xF5C8,0xFE89,0xFE89,0xFE69,0xF547,0xF547,0xF81F,
    0xF81F,0xF81F,0xF81F,0xF81F,0xF81F,0xF81F,0xF81F,0xF81F,0xF81F,0xF81F,0xF81F,0xF81F,
    0xF81F,0xF81F,0xF81F,0xF81F,0xF81F,0xF81F,0xF81F,0xF81F,0xF81F,0xF81F,0xF81F,0xF81F,
    0xF81F,0xF81F,0xF81F,0xF81F,0xF81F,0xF81F,0xF81F,0xF81F,0xF81F,0xF81F,0xFE89,0xFE89,
    0xF81F,0xF81F,0xF81F,0xF81F,0xFE89,0xFE89,0xF81F,0xF81F,0xF81F,0xF81F,0xF81F,0xF81F,
    0xF81F,0xF81F,0xF81F,0xF81F,0xF81F,0xF81F,0xF81F,0xF81F,0xF81F,0xF81F,0xF81F,0xF81F,
    0xF81F,0xF81F,0xF81F,0xF81F,0xF81F,0xF81F,0xF81F,0xF81F,0xF81F,0xF81F,0xF81F,0xF81F,
    0xF81F,0xF81F,0xF81F,0xF81F,0xF81F,0xF81F,0xF81F,0xF81F,0xF81F,0xF81F,0xF81F,0xF81F,
    0xF81F,0xF81F,0xF81F,0xF81F,0xF81F,0xF81F,0xF81F,0xFE89,0xFE89,0xFE89,0xFE89,0xFE89,
    0xFE89,0xF81F,0xF81F,0xF81F,0xF81F,0xF81F,0xF81F,0xF81F,0xF81F,0xF81F,0xF81F,0xF81F,
    0xF81F,0xF81F,0xF81F,0xF81F,0xF81F,0xF81F,0xF81F,0xF81F,0xF81F,0xF81F,0xF81F,0xF81F,
    0xF81F,0xF81F,0xF81F,0xF81F,0xF81F,0xF81F,0xF81F,0xF81F,0xF81F,0xF81F,0xF81F,0xF81F,
    0xF81F,0xF547,0xF587,0xFE89,0xFE28,0xF567,0xF547,0xED47,0xAC47,0xAC47,0xED47,0xF547,
    0xF567,0xFE28,0xFE89,0xF587,0xF547,0xF81F,0xF81F,0xF81F,0xF81F,0xF81F,0xF81F,0xF81F,
    0xF81F,0xF81F,0xF81F,0xF81F,0xF81F,0xF81F,0xF81F,0xF81F,0xF81F,0xF81F,0xF81F,0xF81F,
    0xF81F,0xF81F,0xF81F,0xF81F,0xF81F,0xF81F,0xF81F,0xF81F,0xF81F,0xF81F,0xF81F,0xF81F,
    0xF81F,0xF81F,0xF81F,0xF81F,0xF81F,0xF81F,0xF81F,0xF81F,0xF81F,0xF81F,0xF81F,0xF81F,
    0xF81F,0xF81F,0xF81F,0xF81F,0xF81F,0xF81F,0xF81F,0xF81F,0xF81F,0xF81F,0xF81F,0xF81F,
    0xF81F,0xF81F,0xF81F,0xF81F,0xF81F,0xF81F,0xF81F,0xF81F,0xF81F,0xF81F,0xF81F,0xF81F,
    0xF81F,0xF81F,0xF81F,0xF81F,0xF81F,0xF81F,0xF81F,0xF81F,0xF81F,0xF81F,0xF81F,0xF81F,
    0xF81F,0xF81F,0xF81F,0xF81F,0xF81F,0xF81F,0xF81F,0xF81F,0xF81F,0xF81F,0xF81F,0xF81F,
    0xFE89,0xFE89,0xFE89,0xFE89,0xFE89,0xFE89,0xFE89,0xF81F,0xF81F,0xF81F,0xF81F,0xF81F,
    0xF81F,0xF81F,0xF81F,0xF81F,0xF81F,0xF81F,0xF81F,0xF81F,0xF81F,0xF81F,0xF81F,0xF81F,
    0xF81F,0xF81F,0xF81F,0xF81F,0xF81F,0xF81F,0xF81F,0xF81F,0xF81F,0xF81F,0xF81F,0xF81F,
    0xF81F,0xF81F,0xF81F,0xF81F,0xF81F,0x09E8,0x93E7,0xF547,0xF5C8,0xF5C8,0xF547,0xF547,
    0xC4A7,0x3A88,0x09E8,0x09E8,0x3288,0xC487,0xF547,0xF547,0xF5A8,0xF5C8,0xF547,0x93E7,
    0x09E8,0xF81F,0xF81F,0xF81F,0xF81F,0xF81F,0xF81F,0xF81F,0xF81F,0xF81F,0xF81F,0xF81F,
    0xF81F,0xF81F,0xF81F,0xF81F,0xF81F,0xF81F,0xF81F,0xF81F,0xF81F,0xF81F,0xF81F,0xF81F,
    0xF81F,0xF81F,0xF81F,0xF81F,0xF81F,0xF81F,0xF81F,0xF81F,0xF81F,0xF81F,0xF81F,0xF81F,
    0xF81F,0xF81F,0xF81F,0xF81F,0xF81F,0xF81F,0xF81F,0xF81F,0xF81F,0xF81F,0xF81F,0xF81F,
    0xF81F,0xF81F,0xF81F,0xF81F,0xF81F,0xF81F,0xF81F,0xF81F,0xF81F,0xF81F,0xF81F,0xF81F,
    0xF81F,0xF81F,0xF81F,0xF81F,0xF81F,0xF81F,0xF81F,0xF81F,0xF81F,0xF81F,0xF81F,0xF81F,
    0xF81F,0xF81F,0xF81F,0xF81F,0xF81F,0xF81F,0xF81F,0xF81F,0xF81F,0xF81F,0xF81F,0xF81F,
    0xF81F,0xF81F,0xF81F,0xF81F,0xF81F,0xF81F,0xFE89,0xFE89,0xFE89,0x9CA8,0x9468,0xFE89,
    0xFE89,0xD5A9,0x09E8,0xF81F,0xF81F,0xF81F,0xF81F,0xF81F,0xF81F,0xF81F,0xF81F,0xF81F,
    0xF81F,0xF81F,0xF81F,0xF81F,0xF81F,0xF81F,0xF81F,0xF81F,0xF81F,0xF81F,0xF81F,0xF81F,
    0xF81F,0xF81F,0xF81F,0xF81F,0xF81F,0xF81F,0xF81F,0x09E8,0x09E8,0x09E8,0x09E8,0x09E8,
    0xBC87,0xF547,0xF547,0xF547,0xED27,0x7367,0x11E8,0x09E8,0x09E8,0x09E8,0x09E8,0x11E8,
    0x7367,0xED27,0xF547,0xF547,0xF547,0xBC87,0x09E8,0x09E8,0x09E8,0x09E8,0x09E8,0xF81F,
    0xF81F,0xF81F,0xF81F,0xF81F,0xF81F,0xF81F,0xF81F,0xF81F,0xF81F,0xF81F,0xF81F,0xF81F,
    0xF81F,0xF81F,0xF81F,0xF81F,0xF81F,0xF81F,0xF81F,0xF81F,0xF81F,0xF81F,0xF81F,0xF81F,
    0xF81F,0xF81F,0xF81F,0x09E8,0x09E8,0x09E8,0x09E8,0x09E8,0x09E8,0x09E8,0xF81F,0xF81F,
    0xF81F,0xF81F,0xF81F,0xF81F,0xF81F,0xF81F,0xF81F,0xF81F,0xF81F,0xF81F,0xF81F,0xF81F,
    0xF81F,0xF81F,0xF81F,0xF81F,0xF81F,0xF81F,0xF81F,0xF81F,0xF81F,0xF81F,0xF81F,0xF81F,
    0xF81F,0xF81F,0xF81F,0xF81F,0xF81F,0xF81F,0xF81F,0xF81F,0xF81F,0xF81F,0xF81F,0xF81F,
    0xF81F,0xF81F,0xF81F,0xF81F,0xF81F,0xF81F,0xF81F,0xF81F,0xF81F,0xF81F,0xF81F,0xF81F,
    0xFE89,0xE609,0x4B08,0x09E8,0x09E8,0x42E8,0xDDE9,0xFE89,0x2A68,0x09E8,0x09E8,0xF81F,
    0xF81F,0xF81F,0xF81F,0xF81F,0xF81F,0xF81F,0xF81F,0xF81F,0xF81F,0xF81F,0xF81F,0xF81F,
    0xF81F,0xF81F,0xF81F,0xF81F,0xF81F,0xF81F,0xF81F,0xF81F,0xF81F,0xF81F,0x09E8,0x09E8,
    0x09E8,0x09E8,0x09E8,0x09E8,0x09E8,0x1A08,0xED27,0xF547,0xF547,0xBCA8,0x3B8C,0x1B8E,
    0x23CE,0x23EF,0x2430,0x2430,0x23EF,0x23CE,0x1B8E,0x3B8C,0xBCA8,0xF547,0xF547,0xED27,
    0x1A08,0x09E8,0x09E8,0x09E8,0x09E8,0x09E8,0x09E8,0x09E8,0xF81F,0xF81F,0xF81F,0xF81F,
    0xF81F,0xF81F,0xF81F,0xF81F,0xF81F,0xF81F,0xF81F,0xF81F,0xF81F,0xF81F,0xF81F,0xF81F,
    0xF81F,0xF81F,0xF81F,0xF81F,0xF81F,0xF81F,0xF81F,0x09E8,0x09E8,0x09E8,0x09E8,0x09E8,
    0x09E8,0x09E8,0x09E8,0x09E8,0x09E8,0xF81F,0xF81F,0xF81F,0xF81F,0xF81F,0xF81F,0xF81F,
    0xF81F,0xF81F,0xF81F,0xF81F,0xF81F,0xF81F,0xF81F,0xF81F,0xF81F,0xF81F,0xF81F,0xF81F,
    0xF81F,0xF81F,0xF81F,0xF81F,0xF81F,0xF81F,0xF81F,0xF81F,0xF81F,0xF81F,0xF81F,0xF81F,
    0xF81F,0xF81F,0xF81F,0xF81F,0xF81F,0xF81F,0xF81F,0xF81F,0xF81F,0xF81F,0xF81F,0xF81F,
    0xF81F,0xF81F,0xF81F,0xF81F,0xF81F,0xA4C8,0xAD08,0x1A28,0x09E8,0x1B0C,0x2430,0x2C91,
    0x3470,0xA54A,0x73E9,0x09E8,0x09E8,0x09E8,0x09E8,0xF81F,0xF81F,0xF81F,0xF81F,0xF81F,
    0xF81F,0xF81F,0xF81F,0xF81F,0xF81F,0xF81F,0xF81F,0xF81F,0xF81F,0xF81F,0xF81F,0xF81F,
    0xF81F,0xF81F,0x09E8,0x09E8,0x09E8,0x09E8,0x09E8,0x09E8,0x09E8,0x1208,0x1B0C,0x648D,
    0xF547,0xE548,0x8611,0x46D9,0x3ED9,0x3ED9,0x3ED9,0x3ED9,0x3ED9,0x3ED9,0x3ED9,0x3ED9,
    0x3ED9,0x3ED9,0x46D9,0x8611,0xE548,0xF547,0x648D,0x1B0C,0x1208,0x09E8,0x09E8,0x09E8,
    0x09E8,0x09E8,0x09E8,0x09E8,0xF81F,0xF81F,0xF81F,0xF81F,0xF81F,0xF81F,0xF81F,0xF81F,
    0xF81F,0xF81F,0xF81F,0xF81F,0xF81F,0xF81F,0xF81F,0xF81F,0xF81F,0xF81F,0xF81F,0x09E8,
    0x09E8,0x09E8,0x09E8,0x1209,0x1B4D,0x2450,0x2C91,0x2430,0x1AEC,0x09E8,0x09E8,0x09E8,
    0xF81F,0xF81F,0xF81F,0xF81F,0xF81F,0xF81F,0xF81F,0xF81F,0xF81F,0xF81F,0xF81F,0xF81F,
    0xF81F,0xF81F,0xF81F,0xF81F,0xF81F,0xF81F,0xF81F,0xF81F,0xF81F,0xF81F,0xF81F,0xF81F,
    0xF81F,0xF81F,0xF81F,0xF81F,0xF81F,0xF81F,0xF81F,0xF81F,0xF81F,0xF81F,0xF81F,0xF81F,
    0xF81F,0xF81F,0xF81F,0xF81F,0xF81F,0xF81F,0xF81F,0xF81F,0xF81F,0xF81F,0xF81F,0x2A68,
    0x09E8,0x1249,0x3574,0x3ED9,0x3ED9,0x3ED9,0x3ED9,0x3ED9,0x5696,0x2C91,0x1249,0x09E8,
    0x09E8,0x09E8,0xF81F,0xF81F,0xF81F,0xF81F,0xF81F,0xF81F,0xF81F,0xF81F,0xF81F,0xF81F,
    0xF81F,0xF81F,0xF81F,0xF81F,0xF81F,0xF81F,0x09E8,0x09E8,0x09E8,0x09E8,0x09E8,0x09E8,
    0x126A,0x240F,0x3595,0x3E98,0x3ED9,0xA5EE,0xBDAC,0x5697,0x3ED9,0x3ED9,0x3ED9,0x3ED9,
    0x3ED9,0x3ED9,0x3ED9,0x3ED9,0x3ED9,0x3ED9,0x3ED9,0x3ED9,0x3ED9,0x3ED9,0x56B7,0xB5CD,
    0xA5EF,0x3ED9,0x3E98,0x3594,0x240F,0x126A,0x09E8,0x09E8,0x09E8,0x09E8,0x09E8,0x09E8,
    0xF81F,0xF81F,0xF81F,0xF81F,0xF81F,0xF81F,0xF81F,0xF81F,0xF81F,0xF81F,0xF81F,0xF81F,
    0xF81F,0xF81F,0xF81F,0xF81F,0x09E8,0x09E8,0x09E8,0x124A,0x2C91,0x3E98,0x3ED9,0x3ED9,
    0x3ED9,0x3ED9,0x3ED9,0x3574,0x1249,0x09E8,0x09E8,0xF81F,0xF81F,0xF81F,0xF81F,0xF81F,
    0xF81F,0xF81F,0xF81F,0xF81F,0xF81F,0xF81F,0xF81F,0xF81F,0xF81F,0xF81F,0xF81F,0xF81F,
    0xF81F,0xF81F,0xF81F,0xF81F,0xF81F,0xF81F,0xF81F,0xF81F,0xF81F,0xF81F,0xF81F,0xF81F,
    0xF81F,0xF81F,0xF81F,0xF81F,0xF81F,0xF81F,0xF81F,0xF81F,0xF81F,0xF81F,0xF81F,0xF81F,
    0xF81F,0xF81F,0xF81F,0xF81F,0x09E8,0x09E8,0x1208,0x35F6,0x3ED9,0x3ED9,0x3ED9,0x3ED9,
    0x3ED9,0x3ED9,0x3ED9,0x3ED9,0x3E78,0x238E,0x09E8,0x09E8,0x09E8,0xF81F,0xF81F,0xF81F,
    0xF81F,0xF81F,0xF81F,0xF81F,0xF81F,0xF81F,0xF81F,0xF81F,0xF81F,0xF81F,0x09E8,0x09E8,
    0x09E8,0x09E8,0x09E8,0x1229,0x23CE,0x3594,0x3EB9,0x3ED9,0x3ED9,0x3ED9,0x3ED9,0x6675,
    0x3ED9,0x3ED9,0x3ED9,0x3ED9,0x3ED9,0x3ED9,0x3ED9,0x3ED9,0x3ED9,0x3ED9,0x3ED9,0x3ED9,
    0x3ED9,0x3ED9,0x3ED9,0x3ED9,0x3ED9,0x3ED9,0x6675,0x3ED9,0x3ED9,0x3ED9,0x3ED9,0x3EB9,
    0x3594,0x23CE,0x1229,0x09E8,0x09E8,0x09E8,0x09E8,0x09E8,0xF81F,0xF81F,0xF81F,0xF81F,
    0xF81F,0xF81F,0xF81F,0xF81F,0xF81F,0xF81F,0xF81F,0xF81F,0xF81F,0x09E8,0x09E8,0x09E8,
    0x238E,0x3E78,0x3ED9,0x3ED9,0x3ED9,0x3ED9,0x3ED9,0x3ED9,0x3ED9,0x3ED9,0x35F6,0x1208,
    0x09E8,0x09E8,0xF81F,0xF81F,0xF81F,0xF81F,0xF81F,0xF81F,0xF81F,0xF81F,0xF81F,0xF81F,
    0xF81F,0xF81F,0xF81F,0xF81F,0xF81F,0xF81F,0xF81F,0xF81F,0xF81F,0xF81F,0xF81F,0xF81F,
    0xF81F,0xF81F,0xF81F,0xF81F,0xF81F,0xF81F,0xF81F,0xF81F,0xF81F,0xF81F,0xF81F,0xF81F,
    0xF81F,0xF81F,0xF81F,0xF81F,0xF81F,0xF81F,0xF81F,0xF81F,0xF81F,0xF81F,0x09E8,0x09E8,
    0x2430,0x3ED9,0x3ED9,0x3ED9,0x3ED9,0x3ED9,0x3ED9,0x3ED9,0x3ED9,0x3ED9,0x3ED9,0x3ED9,
    0x2CB1,0x09E8,0x09E8,0x09E8,0xF81F,0xF81F,0xF81F,0xF81F,0xF81F,0xF81F,0xF81F,0xF81F,
    0xF81F,0xF81F,0x09E8,0x09E8,0x09E8,0x09E8,0x09E8,0x1249,0x2450,0x3E78,0x3ED9,0x3ED9,
    0x3ED9,0x3ED9,0x3ED9,0x3ED9,0x3ED9,0x3ED9,0x3ED9,0x3ED9,0x3ED9,0x3ED9,0x3ED9,0x3ED9,
    0x3ED9,0x3ED9,0x3ED9,0x3ED9,0x3ED9,0x3ED9,0x3ED9,0x3ED9,0x3ED9,0x3ED9,0x3ED9,0x3ED9,
    0x3ED9,0x3ED9,0x3ED9,0x3ED9,0x3ED9,0x3ED9,0x3ED9,0x3ED9,0x3E78,0x2CB1,0x126A,0x09E8,
    0x09E8,0x09E8,0x09E8,0x09E8,0xF81F,0xF81F,0xF81F,0xF81F,0xF81F,0xF81F,0xF81F,0xF81F,
    0xF81F,0xF81F,0x09E8,0x09E8,0x09E8,0x2CB1,0x3ED9,0x3ED9,0x3ED9,0x3ED9,0x3ED9,0x3ED9,
    0x3ED9,0x3ED9,0x3ED9,0x3ED9,0x3ED9,0x2430,0x09E8,0x09E8,0xF81F,0xF81F,0xF81F,0xF81F,
    0xF81F,0xF81F,0xF81F,0xF81F,0xF81F,0xF81F,0xF81F,0xF81F,0xF81F,0xF81F,0xF81F,0xF81F,
    0xF81F,0xF81F,0xF81F,0xF81F,0xF81F,0xF81F,0xF81F,0xF81F,0xF81F,0xF81F,0xF81F,0xF81F,
    0xF81F,0xF81F,0xF81F,0xF81F,0xF81F,0xF81F,0xF81F,0xF81F,0xF81F,0xF81F,0xF81F,0xF81F,
    0xF81F,0xF81F,0xF81F,0xF81F,0x09E8,0x09E8,0x3616,0x3ED9,0x3ED9,0x3ED9,0x3ED9,0x3ED9,
    0x3ED9,0x3ED9,0x3ED9,0x3ED9,0x3ED9,0x3ED9,0x3ED9,0x2CF2,0x09E8,0x09E8,0x09E8,0xF81F,
    0xF81F,0xF81F,0xF81F,0xF81F,0xF81F,0xF81F,0x09E8,0x09E8,0x09E8,0x09E8,0x09E8,0x126A,
    0x2CD2,0x3EB8,0x3ED9,0x3ED9,0x3ED9,0x3ED9,0x3ED9,0x3ED9,0x3ED9,0x3ED9,0x3ED9,0x3ED9,
    0x3ED9,0x3ED9,0x3ED9,0x3ED9,0x3ED9,0x3ED9,0x3ED9,0x3ED9,0x3ED9,0x3ED9,0x3ED9,0x3ED9,
    0x3ED9,0x3ED9,0x3ED9,0x3ED9,0x3ED9,0x3ED9,0x3ED9,0x3ED9,0x3ED9,0x3ED9,0x3ED9,0x3ED9,
    0x3ED9,0x3ED9,0x3ED9,0x3ED9,0x3E98,0x2CD2,0x126A,0x09E8,0x09E8,0x09E8,0x09E8,0x09E8,
    0xF81F,0xF81F,0xF81F,0xF81F,0xF81F,0xF81F,0xF81F,0x09E8,0x09E8,0x09E8,0x2CF3,0x3ED9,
    0x3ED9,0x3ED9,0x3ED9,0x3ED9,0x3ED9,0x3ED9,0x3ED9,0x3ED9,0x3ED9,0x3ED9,0x3ED9,0x35F6,
    0x09E8,0x09E8,0xF81F,0xF81F,0xF81F,0xF81F,0xF81F,0xF81F,0xF81F,0xF81F,0xF81F,0xF81F,
    0xF81F,0xF81F,0xF81F,0xF81F,0xF81F,0xF81F,0xF81F,0xF81F,0xF81F,0xF81F,0xF81F,0xF81F,
    0xF81F,0xF81F,0xF81F,0xF81F,0xF81F,0xF81F,0xF81F,0xF81F,0xF81F,0xF81F,0xF81F,0xF81F,
    0xF81F,0xF81F,0xF81F,0xF81F,0xF81F,0xF81F,0xF81F,0xF81F,0xF81F,0x09E8,0x09E8,0x124A,
    0x3ED9,0x3ED9,0x3ED9,0x3ED9,0x3ED9,0x3ED9,0x3ED9,0x3ED9,0x3ED9,0x3ED9,0x3ED9,0x3ED9,
    0x3ED9,0x3ED9,0x2450,0x09E8,0x09E8,0x09E8,0xF81F,0xF81F,0xF81F,0xF81F,0xF81F,0x09E8,
    0x09E8,0x09E8,0x09E8,0x1208,0x240F,0x3E98,0x3ED9,0x3ED9,0x3ED9,0x3ED9,0x3ED9,0x3ED9,
    0x3ED9,0x3ED9,0x3ED9,0x3ED9,0x3ED9,0x3ED9,0x3ED9,0x3ED9,0x3ED9,0x3ED9,0x3ED9,0x3ED9,
    0x3ED9,0x3ED9,0x3ED9,0x3ED9,0x3ED9,0x3ED9,0x3ED9,0x3ED9,0x3ED9,0x3ED9,0x3ED9,0x3ED9,
    0x3ED9,0x3ED9,0x3ED9,0x3ED9,0x3ED9,0x3ED9,0x3ED9,0x3ED9,0x3ED9,0x3ED9,0x3ED9,0x3ED9,
    0x3E98,0x2450,0x1208,0x09E8,0x09E8,0x09E8,0x09E8,0xF81F,0xF81F,0xF81F,0xF81F,0xF81F,
    0x09E8,0x09E8,0x09E8,0x2450,0x3ED9,0x3ED9,0x3ED9,0x3ED9,0x3ED9,0x3ED9,0x3ED9,0x3ED9,
    0x3ED9,0x3ED9,0x3ED9,0x3ED9,0x3ED9,0x3ED9,0x1249,0x09E8,0x09E8,0xF81F,0xF81F,0xF81F,
    0xF81F,0xF81F,0xF81F,0xF81F,0xF81F,0xF81F,0xF81F,0xF81F,0xF81F,0xF81F,0xF81F,0xF81F,
    0xF81F,0xF81F,0xF81F,0xF81F,0xF81F,0xF81F,0xF81F,0xF81F,0xF81F,0xF81F,0xF81F,0xF81F,
    0xF81F,0xF81F,0xF81F,0xF81F,0xF81F,0xF81F,0xF81F,0xF81F,0xF81F,0xF81F,0xF81F,0xF81F,
    0xF81F,0xF81F,0xF81F,0x09E8,0x09E8,0x1ACB,0x3ED9,0x3ED9,0x3ED9,0x3ED9,0x3ED9,0x3ED9,
    0x3ED9,0x3ED9,0x3ED9,0x3ED9,0x3ED9,0x3ED9,0x3ED9,0x3ED9,0x3EB9,0x1B4D,0x09E8,0x09E8,
    0xF81F,0xF81F,0xF81F,0xF81F,0x09E8,0x09E8,0x09E8,0x09E8,0x1B4D,0x3E16,0x3ED9,0x3ED9,
    0x3ED9,0x3ED9,0x3ED9,0x3ED9,0x3ED9,0x3ED9,0x3ED9,0x3ED9,0x3ED9,0x3ED9,0x3ED9,0x3ED9,
    0x3ED9,0x3ED9,0x3ED9,0x3ED9,0x3ED9,0x3ED9,0x3ED9,0x3ED9,0x3ED9,0x3ED9,0x3ED9,0x3ED9,
    0x3ED9,0x3ED9,0x3ED9,0x3ED9,0x3ED9,0x3ED9,0x3ED9,0x3ED9,0x3ED9,0x3ED9,0x3ED9,0x3ED9,
    0x3ED9,0x3ED9,0x3ED9,0x3ED9,0x3ED9,0x3ED9,0x3ED9,0x3ED9,0x3E16,0x1B4D,0x09E8,0x09E8,
    0x09E8,0x09E8,0xF81F,0xF81F,0xF81F,0xF81F,0x09E8,0x09E8,0x1B4D,0x3EB9,0x3ED9,0x3ED9,
    0x3ED9,0x3ED9,0x3ED9,0x3ED9,0x3ED9,0x3ED9,0x3ED9,0x3ED9,0x3ED9,0x3ED9,0x3ED9,0x3ED9,
    0x12CB,0x09E8,0x09E8,0xF81F,0xF81F,0xF81F,0xF81F,0xF81F,0xF81F,0xF81F,0xF81F,0xF81F,
    0xF81F,0xF81F,0xF81F,0xF81F,0xF81F,0xF81F,0xF81F,0xF81F,0xF81F,0xF81F,0xF81F,0xF81F,
    0xF81F,0xF81F,0xF81F,0xF81F,0xF81F,0xF81F,0xF81F,0xF81F,0xF81F,0xF81F,0xF81F,0xF81F,
    0xF81F,0xF81F,0xF81F,0xF81F,0xF81F,0xF81F,0xF81F,0xF81F,0xF81F,0x09E8,0x09E8,0x1AEB,
    0x3ED9,0x3ED9,0x3ED9,0x3ED9,0x3ED9,0x3ED9,0x3ED9,0x3ED9,0x3ED9,0x3ED9,0x3ED9,0x3ED9,
    0x3ED9,0x3ED9,0x3ED9,0x3E37,0x1209,0x09E8,0x09E8,0xF81F,0x09E8,0x09E8,0x09E8,0x09E8,
    0x1208,0x2CB1,0x3EB9,0x3ED9,0x3ED9,0x3ED9,0x3ED9,0x3ED9,0x3ED9,0x3ED9,0x3ED9,0x3ED9,
    0x3ED9,0x3ED9,0x3ED9,0x3ED9,0x3ED9,0x3ED9,0x3ED9,0x3ED9,0x3ED9,0x3ED9,0x3ED9,0x3ED9,
    0x3ED9,0x3ED9,0x3ED9,0x3ED9,0x3ED9,0x3ED9,0x3ED9,0x3ED9,0x3ED9,0x3ED9,0x3ED9,0x3ED9,
    0x3ED9,0x3ED9,0x3ED9,0x3ED9,0x3ED9,0x3ED9,0x3ED9,0x3ED9,0x3ED9,0x3ED9,0x3ED9,0x3ED9,
    0x3ED9,0x3ED9,0x3ED9,0x3EB9,0x2CD2,0x1209,0x09E8,0x09E8,0x09E8,0x09E8,0xF81F,0x09E8,
    0x09E8,0x1209,0x3E37,0x3ED9,0x3ED9,0x3ED9,0x3ED9,0x3ED9,0x3ED9,0x3ED9,0x3ED9,0x3ED9,
    0x3ED9,0x3ED9,0x3ED9,0x3ED9,0x3ED9,0x3ED9,0x1ACB,0x09E8,0x09E8,0xF81F,0xF81F,0xF81F,
    0xF81F,0xF81F,0xF81F,0xF81F,0xF81F,0xF81F,0xF81F,0xF81F,0xF81F,0xF81F,0xF81F,0xF81F,
    0xF81F,0xF81F,0xF81F,0xF81F,0xF81F,0xF81F,0xF81F,0xF81F,0xF81F,0xF81F,0xF81F,0xF81F,
    0xF81F,0xF81F,0xF81F,0xF81F,0xF81F,0xF81F,0xF81F,0xF81F,0xF81F,0xF81F,0xF81F,0xF81F,
    0xF81F,0xF81F,0xF81F,0x09E8,0x09E8,0x126A,0x3ED9,0x3ED9,0x3ED9,0x3ED9,0x3ED9,0x3ED9,
    0x3ED9,0x3ED9,0x3ED9,0x3ED9,0x3ED9,0x3ED9,0x3ED9,0x3ED9,0x3ED9,0x3ED9,0x2450,0x09E8,
    0x09E8,0x09E8,0x09E8,0x09E8,0x09E8,0x12AB,0x35D6,0x3ED9,0x3ED9,0x3ED9,0x3ED9,0x3ED9,
    0x3ED9,0x3ED9,0x3ED9,0x3ED9,0x3ED9,0x3ED9,0x3ED9,0x3ED9,0x3ED9,0x3ED9,0x3ED9,0x3ED9,
    0x3ED9,0x3ED9,0x3ED9,0x3ED9,0x3ED9,0x3ED9,0x3ED9,0x3ED9,0x3ED9,0x3ED9,0x3ED9,0x3ED9,
    0x3ED9,0x3ED9,0x3ED9,0x3ED9,0x3ED9,0x3ED9,0x3ED9,0x3ED9,0x3ED9,0x3ED9,0x3ED9,0x3ED9,
    0x3ED9,0x3ED9,0x3ED9,0x3ED9,0x3ED9,0x3ED9,0x3ED9,0x3ED9,0x3ED9,0x3ED9,0x3ED9,0x35F6,
    0x1ACB,0x09E8,0x09E8,0x09E8,0x09E8,0x09E8,0x09E8,0x2471,0x3ED9,0x3ED9,0x3ED9,0x3ED9,
    0x3ED9,0x3ED9,0x3ED9,0x3ED9,0x3ED9,0x3ED9,0x3ED9,0x3ED9,0x3ED9,0x3ED9,0x3ED9,0x3ED9,
    0x126A,0x09E8,0x09E8,0xF81F,0xF81F,0xF81F,0xF81F,0xF81F,0xF81F,0xF81F,0xF81F,0xF81F,
    0xF81F,0xF81F,0xF81F,0xF81F,0xF81F,0xF81F,0xF81F,0xF81F,0xF81F,0xF81F,0xF81F,0xF81F,
    0xF81F,0xF81F,0xF81F,0xF81F,0xF81F,0xF81F,0xF81F,0xF81F,0xF81F,0xF81F,0xF81F,0xF81F,
    0xF81F,0xF81F,0xF81F,0xF81F,0xF81F,0xF81F,0xF81F,0xF81F,0xF81F,0x09E8,0x09E8,0x11E8,
    0x3E78,0x3ED9,0x3ED9,0x3ED9,0x3ED9,0x3ED9,0x3ED9,0x3ED9,0x3ED9,0x3ED9,0x3ED9,0x3ED9,
    0x3ED9,0x3ED9,0x3ED9,0x3ED9,0x3E78,0x1209,0x09E8,0x09E8,0x09E8,0x09E8,0x1B6D,0x3E98,
    0x3ED9,0x3ED9,0x3ED9,0x3ED9,0x3ED9,0x3ED9,0x3ED9,0x3ED9,0x3ED9,0x3ED9,0x3ED9,0x3ED9,
    0x3ED9,0x3ED9,0x3ED9,0x3ED9,0x3ED9,0x3ED9,0x3ED9,0x3ED9,0x3ED9,0x3ED9,0x3ED9,0x3ED9,
    0x3ED9,0x3ED9,0x3ED9,0x3ED9,0x3ED9,0x3ED9,0x3ED9,0x3ED9,0x3ED9,0x3ED9,0x3ED9,0x3ED9,
    0x3ED9,0x3ED9,0x3ED9,0x3ED9,0x3ED9,0x3ED9,0x3ED9,0x3ED9,0x3ED9,0x3ED9,0x3ED9,0x3ED9,
    0x3ED9,0x3ED9,0x3ED9,0x3ED9,0x3ED9,0x3ED9,0x3E98,0x1B6D,0x09E8,0x09E8,0x09E8,0x09E8,
    0x1209,0x3E78,0x3ED9,0x3ED9,0x3ED9,0x3ED9,0x3ED9,0x3ED9,0x3ED9,0x3ED9,0x3ED9,0x3ED9,
    0x3ED9,0x3ED9,0x3ED9,0x3ED9,0x3ED9,0x3E78,0x09E8,0x09E8,0xF81F,0xF81F,0xF81F,0xF81F,
    0xF81F,0xF81F,0xF81F,0xF81F,0xF81F,0xF81F,0xF81F,0xF81F,0xF81F,0xF81F,0xF81F,0xF81F,
    0xF81F,0xF81F,0xF81F,0xF81F,0xF81F,0xF81F,0xF81F,0xF81F,0xF81F,0xF81F,0xF81F,0xF81F,
    0xF81F,0xF81F,0xF81F,0xF81F,0xF81F,0xF81F,0xF81F,0xF81F,0xF81F,0xF81F,0xF81F,0xF81F,
    0xF81F,0xF81F,0xF81F,0xF81F,0x09E8,0x09E8,0x3554,0x3ED9,0x3ED9,0x3ED9,0x3ED9,0x3ED9,
    0x3ED9,0x3ED9,0x3ED9,0x3ED9,0x3ED9,0x3ED9,0x3ED9,0x3ED9,0x3ED9,0x3ED9,0x3E98,0x1269,
    0x09E8,0x09E8,0x09E8,0x240F,0x3EB9,0x3ED9,0x3ED9,0x3ED9,0x3ED9,0x3ED9,0x3ED9,0x3ED9,
    0x3ED9,0x3ED9,0x3ED9,0x3ED9,0x3ED9,0x3ED9,0x3ED9,0x3ED9,0x3ED9,0x3ED9,0x3ED9,0x3ED9,
    0x3ED9,0x3ED9,0x3ED9,0x3ED9,0x3ED9,0x3ED9,0x3ED9,0x3ED9,0x3ED9,0x3ED9,0x3ED9,0x3ED9,
    0x3ED9,0x3ED9,0x3ED9,0x3ED9,0x3ED9,0x3ED9,0x3ED9,0x3ED9,0x3ED9,0x3ED9,0x3ED9,0x3ED9,
    0x3ED9,0x3ED9,0x3ED9,0x3ED9,0x3ED9,0x3ED9,0x3ED9,0x3ED9,0x3ED9,0x3ED9,0x3ED9,0x3ED9,
    0x3ED9,0x3EB9,0x2450,0x09E8,0x09E8,0x09E8,0x1249,0x3E98,0x3ED9,0x3ED9,0x3ED9,0x3ED9,
    0x3ED9,0xA6B1,0xB6AF,0xA6B0,0x7EB4,0x46D9,0x3ED9,0x3ED9,0x3ED9,0x3ED9,0x3ED9,0x3554,
    0x09E8,0x09E8,0xF81F,0xF81F,0xF81F,0xF81F,0xF81F,0xF81F,0xF81F,0xF81F,0xF81F,0xF81F,
    0xF81F,0xF81F,0xF81F,0xF81F,0xF81F,0xF81F,0xF81F,0xF81F,0xF81F,0xF81F,0xF81F,0xF81F,
    0xF81F,0xF81F,0xF81F,0xF81F,0xF81F,0xF81F,0xF81F,0xF81F,0xF81F,0xF81F,0xF81F,0xF81F,
    0xF81F,0xF81F,0xF81F,0xF81F,0xF81F,0xF81F,0xF81F,0xF81F,0xF81F,0xF81F,0x09E8,0x09E8,
    0x23CE,0x3ED9,0x3ED9,0x3ED9,0x3ED9,0x3ED9,0x3ED9,0x3ED9,0x3ED9,0x3ED9,0x3ED9,0x3ED9,
    0x3ED9,0x3ED9,0x3ED9,0x3EB8,0x1B2C,0x09E8,0x09E8,0x09E8,0x2CB1,0x3ED9,0x3ED9,0x3ED9,
    0x3ED9,0x3ED9,0x3ED9,0x3ED9,0x3ED9,0x3ED9,0x3ED9,0x3ED9,0x3ED9,0x3ED9,0x3ED9,0x3ED9,
    0x3ED9,0x3ED9,0x3ED9,0x3ED9,0x3ED9,0x3ED9,0x3ED9,0x3ED9,0x3ED9,0x3ED9,0x3ED9,0x3ED9,
    0x3ED9,0x3ED9,0x3ED9,0x3ED9,0x3ED9,0x3ED9,0x3ED9,0x3ED9,0x3ED9,0x3ED9,0x3ED9,0x3ED9,
    0x3ED9,0x3ED9,0x3ED9,0x3ED9,0x3ED9,0x3ED9,0x3ED9,0x3ED9,0x3ED9,0x3ED9,0x3ED9,0x3ED9,
    0x3ED9,0x3ED9,0x3ED9,0x3ED9,0x3ED9,0x3ED9,0x3ED9,0x3ED9,0x3ED9,0x2CB1,0x09E8,0x09E8,
    0x09E8,0x1B4D,0x3EB8,0x3ED9,0x3ED9,0x3ED9,0x3ED9,0xD68C,0xFE89,0xFE89,0xFE89,0xBEAE,
    0x46D9,0x3ED9,0x3ED9,0x3ED9,0x3ED9,0x23CE,0x09E8,0x09E8,0xF81F,0xF81F,0xF81F,0xF81F,
    0xF81F,0xF81F,0xF81F,0xF81F,0xF81F,0xF81F,0xF81F,0xF81F,0xF81F,0xF81F,0xF81F,0xF81F,
    0xF81F,0xF81F,0xF81F,0xF81F,0xF81F,0xF81F,0xF81F,0xF81F,0xF81F,0xF81F,0xF81F,0xF81F,
    0xF81F,0xF81F,0xF81F,0xF81F,0xF81F,0xF81F,0xF81F,0xF81F,0xF81F,0xF81F,0xF81F,0xF81F,
    0xF81F,0xF81F,0xF81F,0xF81F,0x09E8,0x09E8,0x1209,0x3E78,0x3ED9,0x3ED9,0x3ED9,0x3ED9,
    0x3ED9,0x3ED9,0x3ED9,0x3ED9,0x3ED9,0x3ED9,0x3ED9,0x3ED9,0x3EB9,0x1B6D,0x09E8,0x09E8,
    0x09E8,0x2CB1,0x3ED9,0x3ED9,0x3ED9,0x3ED9,0x3ED9,0x3ED9,0x3ED9,0x3ED9,0x3ED9,0x3ED9,
    0x3ED9,0x3ED9,0x3ED9,0x3ED9,0x3ED9,0x3ED9,0x3ED9,0x3ED9,0x3ED9,0x3ED9,0x3ED9,0x3ED9,
    0x3ED9,0x3ED9,0x3ED9,0x3ED9,0x3ED9,0x3ED9,0x3ED9,0x3ED9,0x3ED9,0x3ED9,0x3ED9,0x3ED9,
    0x3ED9,0x3ED9,0x3ED9,0x3ED9,0x3ED9,0x3ED9,0x3ED9,0x3ED9,0x3ED9,0x3ED9,0x3ED9,0x3ED9,
    0x3ED9,0x3ED9,0x3ED9,0x3ED9,0x3ED9,0x3ED9,0x3ED9,0x3ED9,0x3ED9,0x3ED9,0x3ED9,0x3ED9,
    0x3ED9,0x3ED9,0x3ED9,0x3ED9,0x2CB1,0x09E8,0x09E8,0x09E8,0x1B6D,0x3EB9,0x3ED9,0x3ED9,
    0x3ED9,0xD68C,0xE68B,0xEE8A,0xFE89,0xFE89,0x76B5,0x3ED9,0x3ED9,0x3ED9,0x3E77,0x1209,
    0x09E8,0x09E8,0xF81F,0xF81F,0xF81F,0xF81F,0xF81F,0xF81F,0xF81F,0xF81F,0xF81F,0xF81F,
    0xF81F,0xF81F,0xF81F,0xF81F,0xF81F,0xF81F,0xF81F,0xF81F,0xF81F,0xF81F,0xF81F,0xF81F,
    0xF81F,0xF81F,0xF81F,0xF81F,0xF81F,0xF81F,0xF81F,0xF81F,0xF81F,0xF81F,0xF81F,0xF81F,
    0xF81F,0xF81F,0xF81F,0xF81F,0xF81F,0xF81F,0xF81F,0xF81F,0xF81F,0xF81F,0xF81F,0x09E8,
    0x09E8,0x2470,0x3ED9,0x3ED9,0x3ED9,0x3ED9,0x3ED9,0x3ED9,0x3ED9,0x3ED9,0x3ED9,0x3ED9,
    0x3ED9,0x3ED9,0x2430,0x09E8,0x09E8,0x09E8,0x2C71,0x3ED9,0x3ED9,0x3ED9,0x3ED9,0x3ED9,
    0x3ED9,0x3ED9,0x3ED9,0x3ED9,0x3ED9,0x3ED9,0x3ED9,0x3ED9,0x3ED9,0x3ED9,0x3ED9,0x3ED9,
    0x3ED9,0x3ED9,0x3ED9,0x3ED9,0x3ED9,0x3ED9,0x3ED9,0x3ED9,0x3ED9,0x3ED9,0x3ED9,0x3ED9,
    0x3ED9,0x3ED9,0x3ED9,0x3ED9,0x3ED9,0x3ED9,0x3ED9,0x3ED9,0x3ED9,0x3ED9,0x3ED9,0x3ED9,
    0x3ED9,0x3ED9,0x3ED9,0x3ED9,0x3ED9,0x3ED9,0x3ED9,0x3ED9,0x3ED9,0x3ED9,0x3ED9,0x3ED9,
    0x3ED9,0x3ED9,0x3ED9,0x3ED9,0x3ED9,0x3ED9,0x3ED9,0x3ED9,0x3ED9,0x3ED9,0x3ED9,0x2470,
    0x09E8,0x09E8,0x09E8,0x2450,0x3ED9,0x3ED9,0x3ED9,0xD68C,0x76B4,0x46D9,0x76B4,0xF68A,
    0xA6B1,0x3ED9,0x3ED9,0x3ED9,0x2450,0x09E8,0x09E8,0xF81F,0xF81F,0xF81F,0xF81F,0xF81F,
    0xF81F,0xF81F,0xF81F,0xF81F,0xF81F,0xF81F,0xF81F,0xF81F,0xF81F,0xF81F,0xF81F,0xF81F,
    0xF81F,0xF81F,0xF81F,0xF81F,0xF81F,0xF81F,0xF81F,0xF81F,0xF81F,0xF81F,0xF81F,0xF81F,
    0xF81F,0xF81F,0xF81F,0xF81F,0xF81F,0xF81F,0xF81F,0xF81F,0xF81F,0xF81F,0xF81F,0xF81F,
    0xF81F,0xF81F,0xF81F,0xF81F,0xF81F,0x09E8,0x09E8,0x1209,0x3E37,0x3ED9,0x3ED9,0x3ED9,
    0x3ED9,0x3ED9,0x3ED9,0x3ED9,0x3ED9,0x3ED9,0x3ED9,0x3554,0x09E8,0x09E8,0x09E8,0x2430,
    0x3ED9,0x3ED9,0x3ED9,0x3ED9,0x3ED9,0x3ED9,0x3ED9,0x3ED9,0x3ED9,0x3ED9,0x3ED9,0x3ED9,
    0x3ED9,0x3ED9,0x3ED9,0x3ED9,0x3ED9,0x3ED9,0x3ED9,0x3ED9,0x3ED9,0x3ED9,0x3ED9,0x3ED9,
    0x3ED9,0x3ED9,0x3ED9,0x3ED9,0x3ED9,0x3ED9,0x3ED9,0x3ED9,0x3ED9,0x3ED9,0x3ED9,0x3ED9,
    0x3ED9,0x3ED9,0x3ED9,0x3ED9,0x3ED9,0x3ED9,0x3ED9,0x3ED9,0x3ED9,0x3ED9,0x3ED9,0x3ED9,
    0x3ED9,0x3ED9,0x3ED9,0x3ED9,0x3ED9,0x3ED9,0x3ED9,0x3ED9,0x3ED9,0x3ED9,0x3ED9,0x3ED9,
    0x3ED9,0x3ED9,0x3ED9,0x3ED9,0x3ED9,0x3ED9,0x2410,0x09E8,0x09E8,0x09E8,0x3554,0x3ED9,
    0x3ED9,0xD68C,0x76B4,0x3ED9,0x3ED9,0xAEB0,0xB6AF,0x3ED9,0x3ED9,0x3E37,0x1209,0x09E8,
    0x09E8,0xF81F,0xF81F,0xF81F,0xF81F,0xF81F,0xF81F,0xF81F,0xF81F,0xF81F,0xF81F,0xF81F,
    0xF81F,0xF81F,0xF81F,0xF81F,0xF81F,0xF81F,0xF81F,0xF81F,0xF81F,0xF81F,0xF81F,0xF81F,
    0xF81F,0xF81F,0xF81F,0xF81F,0xF81F,0xF81F,0xF81F,0xF81F,0xF81F,0xF81F,0xF81F,0xF81F,
    0xF81F,0xF81F,0xF81F,0xF81F,0xF81F,0xF81F,0xF81F,0xF81F,0xF81F,0xF81F,0xF81F,0xF81F,
    0x09E8,0x09E8,0x1B4D,0x3EB9,0x3ED9,0x3ED9,0x3ED9,0x3ED9,0x3ED9,0x3ED9,0x3ED9,0x3ED9,
    0x3E16,0x1229,0x09E8,0x09E8,0x1B2C,0x3EB9,0x3ED9,0x3ED9,0x3ED9,0x3ED9,0x3ED9,0x3ED9,
    0x3ED9,0x3ED9,0x3ED9,0x3ED9,0x3ED9,0x4ED9,0x66FA,0x771A,0x7F3B,0x873B,0x8F3B,0x8F3B,
    0x873B,0x7F3B,0x771A,0x66FA,0x4ED9,0x3ED9,0x3ED9,0x3ED9,0x3ED9,0x3ED9,0x3ED9,0x3ED9,
    0x3ED9,0x3ED9,0x3ED9,0x3ED9,0x3ED9,0x3ED9,0x3ED9,0x3ED9,0x3ED9,0x3ED9,0x3ED9,0x3ED9,
    0x3ED9,0x3ED9,0x3ED9,0x3ED9,0x3ED9,0x3ED9,0x3ED9,0x3ED9,0x3ED9,0x3ED9,0x3ED9,0x3ED9,
    0x3ED9,0x3ED9,0x3ED9,0x3ED9,0x3ED9,0x3ED9,0x3ED9,0x3ED9,0x3ED9,0x3ED9,0x3ED9,0x3ED9,
    0x3EB9,0x1B4D,0x09E8,0x09E8,0x1229,0x3E16,0x3ED9,0xD68C,0x76B4,0x3ED9,0x3ED9,0x76B4,
    0x86B3,0x3ED9,0x3EB9,0x1B4D,0x09E8,0x09E8,0xF81F,0xF81F,0xF81F,0xF81F,0xF81F,0xF81F,
    0xF81F,0xF81F,0xF81F,0xF81F,0xF81F,0xF81F,0xF81F,0xF81F,0xF81F,0xF81F,0xF81F,0xF81F,
    0xF81F,0xF81F,0xF81F,0xF81F,0xF81F,0xF81F,0xF81F,0xF81F,0xF81F,0xF81F,0xF81F,0xF81F,
    0xF81F,0xF81F,0xF81F,0xF81F,0xF81F,0xF81F,0xF81F,0xF81F,0xF81F,0xF81F,0xF81F,0xF81F,
    0xF81F,0xF81F,0xF81F,0xF81F,0xF81F,0xF81F,0x09E8,0x09E8,0x09E8,0x2450,0x3ED9,0x3ED9,
    0x3ED9,0x3ED9,0x3ED9,0x3ED9,0x3ED9,0x3EB9,0x1AEB,0x09E8,0x09E8,0x128A,0x3E78,0x3ED9,
    0x3ED9,0x3ED9,0x3ED9,0x3ED9,0x3ED9,0x3ED9,0x3ED9,0x3ED9,0x46D9,0x5EFA,0x7F3B,0x8F5B,
    0x8F5B,0x8F5B,0x8F5B,0x8F5B,0x8F5B,0x8F5B,0x8F5B,0x8F5B,0x8F5B,0x8F5B,0x8F5B,0x7F3B,
    0x5EFA,0x46D9,0x3ED9,0x3ED9,0x3ED9,0x3ED9,0x3ED9,0x3ED9,0x3ED9,0x3ED9,0x3ED9,0x3ED9,
    0x3ED9,0x3ED9,0x3ED9,0x3ED9,0x3ED9,0x3ED9,0x3ED9,0x3ED9,0x3ED9,0x3ED9,0x3ED9,0x3ED9,
    0x3ED9,0x3ED9,0x3ED9,0x3ED9,0x3ED9,0x3ED9,0x3ED9,0x3ED9,0x3ED9,0x3ED9,0x3ED9,0x3ED9,
    0x3ED9,0x3ED9,0x3ED9,0x3ED9,0x3ED9,0x3ED9,0x3ED9,0x3E77,0x128A,0x09E8,0x09E8,0x1AEC,
    0x3EB9,0xD68C,0x76B4,0x3ED9,0x3ED9,0x3ED9,0x3ED9,0x3ED9,0x2450,0x09E8,0x09E8,0x09E8,
    0xF81F,0xF81F,0xF81F,0xF81F,0xF81F,0xF81F,0xF81F,0xF81F,0xF81F,0xF81F,0xF81F,0xF81F,
    0xF81F,0xF81F,0xF81F,0xF81F,0xF81F,0xF81F,0xF81F,0xF81F,0xF81F,0xF81F,0xF81F,0xF81F,
    0xF81F,0xF81F,0xF81F,0xF81F,0xF81F,0xF81F,0xF81F,0xF81F,0xF81F,0xF81F,0xF81F,0xF81F,
    0xF81F,0xF81F,0xF81F,0xF81F,0xF81F,0xF81F,0xF81F,0xF81F,0xF81F,0xF81F,0xF81F,0xF81F,
    0xF81F,0x09E8,0x09E8,0x09E8,0x2CF2,0x3ED9,0x3ED9,0x3ED9,0x3ED9,0x3ED9,0x3ED9,0x2C91,
    0x09E8,0x09E8,0x1208,0x35D5,0x3ED9,0x3ED9,0x3ED9,0x3ED9,0x3ED9,0x3ED9,0x3ED9,0x3ED9,
    0x3ED9,0x56FA,0x873B,0x8F5B,0x8F5B,0x8F5B,0x8F5B,0x8F5B,0x8F5B,0x8F5B,0x8F5B,0x8F5B,
    0x8F5B,0x8F5B,0x8F5B,0x8F5B,0x8F5B,0x8F5B,0x8F5B,0x873B,0x56FA,0x3ED9,0x3ED9,0x3ED9,
    0x3ED9,0x3ED9,0x3ED9,0x3ED9,0x3ED9,0x3ED9,0x3ED9,0x3ED9,0x3ED9,0x3ED9,0x3ED9,0x3ED9,
    0x3ED9,0x3ED9,0x3ED9,0x3ED9,0x3ED9,0x3ED9,0x3ED9,0x3ED9,0x3ED9,0x3ED9,0x3ED9,0x3ED9,
    0x3ED9,0x3ED9,0x3ED9,0x3ED9,0x3ED9,0x3ED9,0x3ED9,0x3ED9,0x3ED9,0x3ED9,0x3ED9,0x3ED9,
    0x3ED9,0x3ED9,0x35D5,0x1208,0x09E8,0x09E8,0x2CB1,0xD68C,0x76B4,0x3ED9,0x3ED9,0x3ED9,
    0x3ED9,0x2CF2,0x09E8,0x09E8,0x09E8,0xF81F,0xF81F,0xF81F,0xF81F,0xF81F,0xF81F,0xF81F,
    0xF81F,0xF81F,0xF81F,0xF81F,0xF81F,0xF81F,0xF81F,0xF81F,0xF81F,0xF81F,0xF81F,0xF81F,
    0xF81F,0xF81F,0xF81F,0xF81F,0xF81F,0xF81F,0xF81F,0xF81F,0xF81F,0xF81F,0xF81F,0xF81F,
    0xF81F,0xF81F,0xF81F,0xF81F,0xF81F,0xF81F,0xF81F,0xF81F,0xF81F,0xF81F,0xF81F,0xF81F,
    0xF81F,0xF81F,0xF81F,0xF81F,0xF81F,0xF81F,0xF81F,0xF81F,0x09E8,0x09E8,0x09E8,0x2CB1,
    0x3ED9,0x3ED9,0x3ED9,0x3ED9,0x3E37,0x1229,0x09E8,0x09E8,0x2C71,0x3ED9,0x3ED9,0x3ED9,
    0x3ED9,0x3ED9,0x3ED9,0x3ED9,0x3ED9,0x3ED9,0x671A,0x8F5B,0x8F5B,0x8F5B,0x8F5B,0x8F5B,
    0x8F5B,0x8F5B,0x8F5B,0x8F5B,0x8F5B,0x8F5B,0x8F5B,0x8F5B,0x8F5B,0x8F5B,0x8F5B,0x8F5B,
    0x8F5B,0x8F5B,0x8F5B,0x6F1A,0x46D9,0x3ED9,0x3ED9,0x3ED9,0x3ED9,0x3ED9,0x3ED9,0x3ED9,
    0x3ED9,0x3ED9,0x3ED9,0x3ED9,0x3ED9,0x3ED9,0x3ED9,0x3ED9,0x3ED9,0x3ED9,0x3ED9,0x3ED9,
    0x3ED9,0x3ED9,0x3ED9,0x3ED9,0x3ED9,0x3ED9,0x3ED9,0x3ED9,0x3ED9,0x3ED9,0x3ED9,0x3ED9,
    0x3ED9,0x3ED9,0x3ED9,0x3ED9,0x3ED9,0x3ED9,0x3ED9,0x3ED9,0x3ED9,0x2470,0x09E8,0x09E8,
    0x1209,0xD66C,0x76B4,0x3ED9,0x3ED9,0x3ED9,0x2C91,0x09E8,0x09E8,0x09E8,0xF81F,0xF81F,
    0xF81F,0xF81F,0xF81F,0xF81F,0xF81F,0xF81F,0xF81F,0xF81F,0xF81F,0xF81F,0xF81F,0xF81F,
    0xF81F,0xF81F,0xF81F,0xF81F,0xF81F,0xF81F,0xF81F,0xF81F,0xF81F,0xF81F,0xF81F,0xF81F,
    0xF81F,0xF81F,0xF81F,0xF81F,0xF81F,0xF81F,0xF81F,0xF81F,0xF81F,0xF81F,0xF81F,0xF81F,
    0xF81F,0xF81F,0xF81F,0xF81F,0xF81F,0xF81F,0xF81F,0xF81F,0xF81F,0xF81F,0xF81F,0xF81F,
    0xF81F,0xF81F,0xF81F,0x09E8,0x09E8,0x09E8,0x1B8E,0x3E77,0x3ED9,0x3ED9,0x1B4D,0x09E8,
    0x09E8,0x12CB,0x3EB8,0x3ED9,0x3ED9,0x3ED9,0x3ED9,0x3ED9,0x3ED9,0x3ED9,0x3ED9,0x771A,
    0x8F5B,0x8F5B,0x8F5B,0x8F5B,0x8F5B,0x8F5B,0x8F5B,0x8F5B,0x8F5B,0x8F5B,0x8F5B,0x8F5B,
    0x8F5B,0x8F5B,0x8F5B,0x8F5B,0x8F5B,0x8F5B,0x8F5B,0x8F5B,0x8F5B,0x8F5B,0x771A,0x3ED9,
    0x3ED9,0x3ED9,0x3ED9,0x3ED9,0x3ED9,0x3ED9,0x3ED9,0x3ED9,0x3ED9,0x3ED9,0x3ED9,0x3ED9,
    0x3ED9,0x3ED9,0x3ED9,0x3ED9,0x3ED9,0x3ED9,0x3ED9,0x3ED9,0x3ED9,0x3ED9,0x3ED9,0x3ED9,
    0x3ED9,0x3ED9,0x3ED9,0x3ED9,0x3ED9,0x3ED9,0x3ED9,0x3ED9,0x3ED9,0x3ED9,0x3ED9,0x3ED9,
    0x3ED9,0x3ED9,0x3ED9,0x3EB8,0x12AB,0x09E8,0x09E8,0xCDEA,0x76B4,0x3ED9,0x3E77,0x1B8E,
    0x09E8,0x09E8,0x09E8,0xF81F,0xF81F,0xF81F,0xF81F,0xF81F,0xF81F,0xF81F,0xF81F,0xF81F,
    0xF81F,0xF81F,0xF81F,0xF81F,0xF81F,0xF81F,0xF81F,0xF81F,0xF81F,0xF81F,0xF81F,0xF81F,
    0xF81F,0xF81F,0xF81F,0xF81F,0xF81F,0xF81F,0xF81F,0xF81F,0xF81F,0xF81F,0xF81F,0xF81F,
    0xF81F,0xF81F,0xF81F,0xF81F,0xF81F,0xF81F,0xF81F,0xF81F,0xF81F,0xF81F,0xF81F,0xF81F,
    0xF81F,0xF81F,0xF81F,0xF81F,0xF81F,0xF81F,0xF81F,0xF81F,0xF81F,0xF81F,0x09E8,0x09E8,
    0x09E8,0x1249,0x2C71,0x3554,0x09E8,0x09E8,0x09E8,0x35B5,0x3ED9,0x3ED9,0x3ED9,0x3ED9,
    0x3ED9,0x3ED9,0x3ED9,0x3ED9,0x66FA,0x8F5B,0x8F5B,0x8F5B,0x8F5B,0x8F5B,0x8F5B,0x8F5B,
    0x8F5B,0x8F5B,0x8F5B,0x8F5B,0x8F5B,0x8F5B,0x8F5B,0x8F5B,0x8F5B,0x8F5B,0x8F5B,0x8F5B,
    0x8F5B,0x8F5B,0x8F5B,0x8F5B,0x8F5B,0x66FA,0x3ED9,0x3ED9,0x3ED9,0x3ED9,0x3ED9,0x3ED9,
    0x3ED9,0x3ED9,0x3ED9,0x3ED9,0x3ED9,0x3ED9,0x3ED9,0x3ED9,0x3ED9,0x3ED9,0x3ED9,0x3ED9,
    0x3ED9,0x3ED9,0x3ED9,0x3ED9,0x3ED9,0x3ED9,0x3ED9,0x3ED9,0x3ED9,0x3ED9,0x3ED9,0x3ED9,
    0x3ED9,0x3ED9,0x3ED9,0x3ED9,0x3ED9,0x3ED9,0x3ED9,0x3ED9,0x3ED9,0x56D7,0x9E2F,0xA4C8,
    0x73E8,0xD5C9,0x6DB1,0x2C71,0x1249,0x09E8,0x09E8,0x09E8,0xF81F,0xF81F,0xF81F,0xF81F,
    0xF81F,0xF81F,0xF81F,0xF81F,0xF81F,0xF81F,0xF81F,0xF81F,0xF81F,0xF81F,0xF81F,0xF81F,
    0xF81F,0xF81F,0xF81F,0xF81F,0xF81F,0xF81F,0xF81F,0xF81F,0xF81F,0xF81F,0xF81F,0xF81F,
    0xF81F,0xF81F,0xF81F,0xF81F,0xF81F,0xF81F,0xF81F,0xF81F,0xF81F,0xF81F,0xF81F,0xF81F,
    0xF81F,0xF81F,0xF81F,0xF81F,0xF81F,0xF81F,0xF81F,0xF81F,0xF81F,0xF81F,0xF81F,0xF81F,
    0xF81F,0xF81F,0xF81F,0xF81F,0xF81F,0x09E8,0x09E8,0x09E8,0x09E8,0x09E8,0x09E8,0x09E8,
    0x23CF,0x3ED9,0x3ED9,0x3ED9,0x3ED9,0x3ED9,0x3ED9,0x3ED9,0x3ED9,0x46D9,0x8F3B,0x8F5B,
    0x8F5B,0x8F5B,0x8F5B,0x8F5B,0x8F5B,0x8F5B,0x8F5B,0x8F5B,0x8F5B,0x8F5B,0x8F5B,0x8F5B,
    0x8F5B,0x8F5B,0x8F5B,0x8F5B,0x8F5B,0x8F5B,0x8F5B,0x8F5B,0x8F5B,0x8F5B,0x8F5B,0x8F3B,
    0x46D9,0x3ED9,0x3ED9,0x3ED9,0x3ED9,0x3ED9,0x3ED9,0x3ED9,0x3ED9,0x3ED9,0x3ED9,0x3ED9,
    0x3ED9,0x3ED9,0x3ED9,0x3ED9,0x3ED9,0x3ED9,0x3ED9,0x3ED9,0x3ED9,0x3ED9,0x3ED9,0x3ED9,
    0x3ED9,0x3ED9,0x3ED9,0x3ED9,0x3ED9,0x3ED9,0x3ED9,0x3ED9,0x3ED9,0x3ED9,0x3ED9,0x3ED9,
    0x3ED9,0x3ED9,0x5EB7,0xF68A,0xFE89,0xFE89,0xFE89,0xFE89,0x5328,0x09E8,0x09E8,0x09E8,
    0x09E8,0xF81F,0xF81F,0xF81F,0xF81F,0xF81F,0xF81F,0xF81F,0xF81F,0xF81F,0xF81F,0xF81F,
    0xF81F,0xF81F,0xF81F,0xF81F,0xF81F,0xF81F,0xF81F,0xF81F,0xF81F,0xF81F,0xF81F,0xF81F,
    0xF81F,0xF81F,0xF81F,0xF81F,0xF81F,0xF81F,0xF81F,0xF81F,0xF81F,0xF81F,0xF81F,0xF81F,
    0xF81F,0xF81F,0xF81F,0xF81F,0xF81F,0xF81F,0xF81F,0xF81F,0xF81F,0xF81F,0xF81F,0xF81F,
    0xF81F,0xF81F,0xF81F,0xF81F,0xF81F,0xF81F,0xF81F,0xF81F,0xF81F,0xF81F,0xF81F,0xF81F,
    0xF81F,0x09E8,0x09E8,0x09E8,0x09E8,0x1208,0x3E37,0x3ED9,0x3ED9,0x3ED9,0x3ED9,0x3ED9,
    0x3ED9,0x3ED9,0x3ED9,0x671A,0x8F5B,0x8F5B,0x8F5B,0x8F5B,0x8F5B,0x8F5B,0x8F5B,0x8F5B,
    0x8F5B,0x8F5B,0x8F5B,0x8F5B,0x8F5B,0x8F5B,0x8F5B,0x8F5B,0x8F5B,0x8F5B,0x8F5B,0x8F5B,
    0x8F5B,0x8F5B,0x8F5B,0x8F5B,0x8F5B,0x8F5B,0x671A,0x3ED9,0x3ED9,0x3ED9,0x3ED9,0x3ED9,
    0x3ED9,0x3ED9,0x3ED9,0x3ED9,0x3ED9,0x3ED9,0x3ED9,0x3ED9,0x3ED9,0x3ED9,0x3ED9,0x3ED9,
    0x3ED9,0x3ED9,0x3ED9,0x3ED9,0x3ED9,0x3ED9,0x3ED9,0x3ED9,0x3ED9,0x3ED9,0x3ED9,0x3ED9,
    0x3ED9,0x3ED9,0x3ED9,0x3ED9,0x3ED9,0x3ED9,0x3ED9,0x3ED9,0xA6B1,0xFE89,0xFE89,0xFE89,
    0xFE89,0xFE89,0x42E8,0x09E8,0x09E8,0xF81F,0xF81F,0xF81F,0xF81F,0xF81F,0xF81F,0xF81F,
    0xF81F,0xF81F,0xF81F,0xF81F,0xF81F,0xF81F,0xF81F,0xF81F,0xF81F,0xF81F,0xF81F,0xF81F,
    0xF81F,0xF81F,0xF81F,0xF81F,0xF81F,0xF81F,0xF81F,0xF81F,0xF81F,0xF81F,0xF81F,0xF81F,
    0xF81F,0xF81F,0xF81F,0xF81F,0xF81F,0xF81F,0xF81F,0xF81F,0xF81F,0xF81F,0xF81F,0xF81F,
    0xF81F,0xF81F,0xF81F,0xF81F,0xF81F,0xF81F,0xF81F,0xF81F,0xF81F,0xF81F,0xF81F,0xF81F,
    0xF81F,0xF81F,0xF81F,0xF81F,0xF81F,0xF81F,0xF81F,0xF81F,0x09E8,0x09E8,0x09E8,0x23EF,
    0x3ED9,0x3ED9,0x3ED9,0x3ED9,0x3ED9,0x3ED9,0x3ED9,0x3ED9,0x3ED9,0x7F3B,0x8F5B,0x8F5B,
    0x8F5B,0x8F5B,0x8F5B,0x8F5B,0x8F5B,0x8F5B,0x8F5B,0x8F5B,0x8F5B,0x8F5B,0x8F5B,0x8F5B,
    0x8F5B,0x8F5B,0x8F5B,0x8F5B,0x8F5B,0x8F5B,0x8F5B,0x8F5B,0x8F5B,0x8F5B,0x8F5B,0x8F5B,
    0x7F3B,0x3ED9,0x3ED9,0x3ED9,0x3ED9,0x3ED9,0x3ED9,0x3ED9,0x3ED9,0x3ED9,0x3ED9,0x3ED9,
    0x3ED9,0x3ED9,0x3ED9,0x3ED9,0x3ED9,0x3ED9,0x3ED9,0x3ED9,0x46D9,0x46D9,0x3ED9,0x3ED9,
    0x3ED9,0x3ED9,0x3ED9,0x3ED9,0x3ED9,0x3ED9,0x3ED9,0x3ED9,0x3ED9,0x3ED9,0x3ED9,0x3ED9,
    0x3ED9,0x3ED9,0xA6B1,0xFE89,0xFE89,0xFE89,0xFE89,0xF669,0x1A28,0x09E8,0xF81F,0xF81F,
    0xF81F,0xF81F,0xF81F,0xF81F,0xF81F,0xF81F,0xF81F,0xF81F,0xF81F,0xF81F,0xF81F,0xF81F,
    0xF81F,0xF81F,0xF81F,0xF81F,0xF81F,0xF81F,0xF81F,0xF81F,0xF81F,0xF81F,0xF81F,0xF81F,
    0xF81F,0xF81F,0xF81F,0xF81F,0xF81F,0xF81F,0xF81F,0xF81F,0xF81F,0xF81F,0xF81F,0xF81F,
    0xF81F,0xF81F,0xF81F,0xF81F,0xF81F,0xF81F,0xF81F,0xF81F,0xF81F,0xF81F,0xF81F,0xF81F,
    0xF81F,0xF81F,0xF81F,0xF81F,0xF81F,0xF81F,0xF81F,0xF81F,0xF81F,0xF81F,0xF81F,0xF81F,
    0xF81F,0xF81F,0x09E8,0x09E8,0x1208,0x3E37,0x3ED9,0x3ED9,0x3ED9,0x3ED9,0x3ED9,0x3ED9,
    0x3ED9,0x3ED9,0x3ED9,0x873B,0x8F5B,0x8F5B,0x8F5B,0x8F5B,0x8F5B,0x8F5B,0x8F5B,0x8F5B,
    0x8F5B,0x8F5B,0xA6D6,0xA6D6,0x8F5B,0x8F5B,0x8F5B,0x8F5B,0x8F5B,0x8F5B,0x8F5B,0x8F5B,
    0x8F5B,0x8F5B,0x8F5B,0x8F5B,0x8F5B,0x8F5B,0x873B,0x3ED9,0x3ED9,0x3ED9,0x3ED9,0x3ED9,
    0x3ED9,0x3ED9,0x3ED9,0x3ED9,0x3ED9,0x3ED9,0x3ED9,0x3ED9,0x3ED9,0x3ED9,0x3ED9,0x3ED9,
    0x3ED9,0x3ED9,0x6E74,0x6E74,0x3ED9,0x3ED9,0x3ED9,0x3ED9,0x3ED9,0x3ED9,0x3ED9,0x3ED9,
    0x3ED9,0x3ED9,0x3ED9,0x3ED9,0x3ED9,0x3ED9,0x3ED9,0x3ED9,0x5EB7,0xEE8A,0xFE89,0xFE89,
    0xFE89,0x63A8,0x09E8,0x09E8,0xF81F,0xF81F,0xF81F,0xF81F,0xF81F,0xF81F,0xF81F,0xF81F,
    0xF81F,0xF81F,0xF81F,0xF81F,0xF81F,0xF81F,0xF81F,0xF81F,0xF81F,0xF81F,0xF81F,0xF81F,
    0xF81F,0xF81F,0xF81F,0xF81F,0xF81F,0xF81F,0xF81F,0xF81F,0xF81F,0xF81F,0xF81F,0xF81F,
    0xF81F,0xF81F,0xF81F,0xF81F,0xF81F,0xF81F,0xF81F,0xF81F,0xF81F,0xF81F,0xF81F,0xF81F,
    0xF81F,0xF81F,0xF81F,0xF81F,0xF81F,0xF81F,0xF81F,0xF81F,0xF81F,0xF81F,0xF81F,0xF81F,
    0xF81F,0xF81F,0xF81F,0xF81F,0xF81F,0xF81F,0xF81F,0x09E8,0x09E8,0x09E8,0x1B8E,0x3ED9,
    0x3ED9,0x3ED9,0x3ED9,0x3ED9,0x3ED9,0x3ED9,0x3ED9,0x3ED9,0x3ED9,0x873B,0x8F5B,0x8F5B,
    0x8F5B,0x8F5B,0x8F5B,0x8F5B,0x8F5B,0x8F5B,0x8F5B,0x8F5B,0xCE0F,0xCE0F,0x8F5B,0x8F5B,
    0x8F5B,0x8F5B,0x8F5B,0x8F5B,0x8F5B,0x8F5B,0x8F5B,0x9F5C,0xAF7C,0xBF9D,0xC7BD,0xD7BE,
    0xD7BE,0xC7BD,0xCFBE,0xCFBD,0xC7BD,0xBFBD,0xB79D,0x9F7C,0x8F5B,0x771A,0x56F9,0x46D9,
    0x3ED9,0x3ED9,0x3ED9,0x3ED9,0x3ED9,0x3ED9,0x3ED9,0x3ED9,0xADCE,0xADCE,0x3ED9,0x3ED9,
    0x3ED9,0x3ED9,0x3ED9,0x3ED9,0x3ED9,0x3ED9,0x3ED9,0x3ED9,0x3ED9,0x3ED9,0x3ED9,0x3ED9,
    0x3ED9,0x3ED9,0x3ED9,0x4ED8,0x7EB3,0x7EB3,0x4EB7,0x1B8D,0x09E8,0x09E8,0x09E8,0xF81F,
    0xF81F,0xF81F,0xF81F,0xF81F,0xF81F,0xF81F,0xF81F,0xF81F,0xF81F,0xF81F,0xF81F,0xF81F,
    0xF81F,0xF81F,0xF81F,0xF81F,0xF81F,0xF81F,0xF81F,0xF81F,0xF81F,0xF81F,0xF81F,0xF81F,
    0xF81F,0xF81F,0xF81F,0xF81F,0xF81F,0xF81F,0xF81F,0xF81F,0xF81F,0xF81F,0xF81F,0xF81F,
    0xF81F,0xF81F,0xF81F,0xF81F,0xF81F,0xF81F,0xF81F,0xF81F,0xF81F,0xF81F,0xF81F,0xF81F,
    0xF81F,0xF81F,0xF81F,0xF81F,0xF81F,0xF81F,0xF81F,0xF81F,0xF81F,0xF81F,0xF81F,0xF81F,
    0xF81F,0x09E8,0x09E8,0x09E8,0x3574,0x3ED9,0x3ED9,0x3ED9,0x3ED9,0x3ED9,0x3ED9,0x3ED9,
    0x3ED9,0x3ED9,0x3ED9,0x7F3B,0x8F5B,0x8F5B,0x8F5B,0x8F5B,0x8F5B,0x8F5B,0x8F5B,0x8F5B,
    0x8F5B,0x973B,0xED68,0xED68,0x973B,0x8F5B,0x8F5B,0x8F5B,0x8F5B,0x975C,0xAF7C,0xC7BD,
    0xDFDE,0xE7DE,0xE7DE,0xE7DE,0xE7DE,0xE7DE,0xDFDE,0xCFBE,0xCFBE,0xCFBE,0xCFBE,0xCFBE,
    0xCFBE,0xCFBE,0xCFBE,0xCFBE,0xCFBE,0xC7BD,0x9F7C,0x6F1A,0x46D9,0x3ED9,0x3ED9,0x3ED9,
    0x3ED9,0x46B8,0xED68,0xED68,0x46B8,0x3ED9,0x3ED9,0x3ED9,0x3ED9,0x3ED9,0x3ED9,0x3ED9,
    0x3ED9,0x3ED9,0x3ED9,0x3ED9,0x3ED9,0x3ED9,0x3ED9,0x3ED9,0x3ED9,0x3ED9,0x3ED9,0x3ED9,
    0x3ED9,0x3554,0x09E8,0x09E8,0x09E8,0xF81F,0xF81F,0xF81F,0xF81F,0xF81F,0xF81F,0xF81F,
    0xF81F,0xF81F,0xF81F,0xF81F,0xF81F,0xF81F,0xF81F,0xF81F,0xF81F,0xF81F,0xF81F,0xF81F,
    0xF81F,0xF81F,0xF81F,0xF81F,0xF81F,0xF81F,0xF81F,0xF81F,0xF81F,0xF81F,0xF81F,0xF81F,
    0xF81F,0xF81F,0xF81F,0xF81F,0xF81F,0xF81F,0xF81F,0xF81F,0xF81F,0xF81F,0xF81F,0xF81F,
    0xF81F,0xF81F,0xF81F,0xF81F,0xF81F,0xF81F,0xF81F,0xF81F,0xF81F,0xF81F,0xF81F,0xF81F,
    0xF81F,0xF81F,0xF81F,0xF81F,0xF81F,0xF81F,0xF81F,0x09E8,0x09E8,0x126A,0x3EB9,0x3ED9,
    0x3ED9,0x3ED9,0x3ED9,0x3ED9,0x3ED9,0x3ED9,0x3ED9,0x3ED9,0x3ED9,0x671A,0x8F5B,0x8F5B,
    0x8F5B,0x8F5B,0x8F5B,0x8F5B,0x8F5B,0x8F5B,0x8F5B,0xB694,0xF547,0xF547,0xB694,0x8F5B,
    0x8F5B,0x9F5C,0xC79D,0xDFDE,0xE7DE,0xE7DE,0xE7DE,0xE7DE,0xE7DE,0xE7DE,0xE7DE,0xE7DE,
    0xD7DE,0xCFBE,0xCFBE,0xCFBE,0xCFBE,0xCFBE,0xCFBE,0xCFBE,0xCFBE,0xCFBE,0xCFBE,0xCFBE,
    0xCFBE,0xCFBE,0xC7BD,0x975C,0x5EFA,0x3ED9,0x3ED9,0x7E32,0xF547,0xF547,0x7E52,0x3ED9,
    0x3ED9,0x3ED9,0x3ED9,0x3ED9,0x3ED9,0x3ED9,0x3ED9,0x3ED9,0x3ED9,0x3ED9,0x3ED9,0x3ED9,
    0x3ED9,0x3ED9,0x3ED9,0x3ED9,0x3ED9,0x3ED9,0x3ED9,0x3EB9,0x126A,0x09E8,0x09E8,0xF81F,
    0xF81F,0xF81F,0xF81F,0xF81F,0xF81F,0xF81F,0xF81F,0xF81F,0xF81F,0xF81F,0xF81F,0xF81F,
    0xF81F,0xF81F,0xF81F,0xF81F,0xF81F,0xF81F,0xF81F,0xF81F,0xF81F,0xF81F,0xF81F,0xF81F,
    0xF81F,0xF81F,0xF81F,0xF81F,0xF81F,0xF81F,0xF81F,0xF81F,0xF81F,0xF81F,0xF81F,0xF81F,
    0xF81F,0xF81F,0xF81F,0xF81F,0xF81F,0xF81F,0xF81F,0xF81F,0xF81F,0xF81F,0xF81F,0xF81F,
    0xF81F,0xF81F,0xF81F,0xF81F,0xF81F,0xF81F,0xF81F,0xF81F,0xF81F,0xF81F,0xF81F,0xF81F,
    0x09E8,0x09E8,0x09E8,0x2450,0x3ED9,0x3ED9,0x3ED9,0x3ED9,0x3ED9,0x3ED9,0x3ED9,0x3ED9,
    0x3ED9,0x3ED9,0x3ED9,0x46D9,0x8F3B,0x8F5B,0x8F5B,0x8F5B,0x8F5B,0x8F5B,0x8F5B,0x8F5B,
    0x8F5B,0xD5CC,0xF567,0xF567,0xD5CC,0xA77C,0xCFBE,0xE7DE,0xE7DE,0xE7DE,0xE7DE,0xE7DE,
    0xE7DE,0xE7DE,0xE7DE,0xE7DE,0xE7DE,0xDFDE,0xCFBE,0xCFBE,0xCFBE,0xCFBE,0xCFBE,0xCFBE,
    0xCFBE,0xCFBE,0xCFBE,0xCFBE,0xCFBE,0xCFBE,0xCFBE,0xCFBE,0xCFBE,0xCFBE,0xCFBE,0xAF9C,
    0x66FA,0xC5AC,0xF567,0xF567,0xC5AC,0x3ED9,0x3ED9,0x3ED9,0x3ED9,0x3ED9,0x3ED9,0x3ED9,
    0x3ED9,0x3ED9,0x3ED9,0x3ED9,0x3ED9,0x3ED9,0x3ED9,0x3ED9,0x3ED9,0x3ED9,0x3ED9,0x3ED9,
    0x3ED9,0x3ED9,0x2430,0x09E8,0x09E8,0x09E8,0xF81F,0xF81F,0xF81F,0xF81F,0xF81F,0xF81F,
    0xF81F,0xF81F,0xF81F,0xF81F,0xF81F,0xF81F,0xF81F,0xF81F,0xF81F,0xF81F,0xF81F,0xF81F,
    0xF81F,0xF81F,0xF81F,0xF81F,0xF81F,0xF81F,0xF81F,0xF81F,0xF81F,0xF81F,0xF81F,0xF81F,
    0xF81F,0xF81F,0xF81F,0xF81F,0xF81F,0xF81F,0xF81F,0xF81F,0xF81F,0xF81F,0xF81F,0xF81F,
    0xF81F,0xF81F,0xF81F,0xF81F,0xF81F,0xF81F,0xF81F,0xF81F,0xF81F,0xF81F,0xF81F,0xF81F,
    0xF81F,0xF81F,0xF81F,0xF81F,0xF81F,0xF81F,0x09E8,0x09E8,0x09E8,0x35B5,0x3ED9,0x3ED9,
    0x3ED9,0x3ED9,0x3ED9,0x3ED9,0x3ED9,0x3ED9,0x3ED9,0x3ED9,0x3ED9,0x3ED9,0x66FA,0x8F5B,
    0x8F5B,0x8F5B,0x8F5B,0x8F5B,0x8F5B,0x8F5B,0x9719,0xED47,0xF5E8,0xF5E8,0xF547,0xE79C,
    0xE7DE,0xE7DE,0xE7DE,0xE7DE,0xE7DE,0xE7DE,0xE7DE,0xE7DE,0xE7DE,0xE7DE,0xE7DE,0xD7DE,
    0xCFBE,0xCFBE,0xCFBE,0xCFBE,0xCFBE,0xCFBE,0xCFBE,0xCFBE,0xCFBE,0xCFBE,0xCFBE,0xCFBE,
    0xCFBE,0xCFBE,0xCFBE,0xCFBE,0xCFBE,0xCFBE,0xCF7B,0xED47,0xF5E8,0xF5E8,0xED47,0x5697,
    0x3ED9,0x3ED9,0x3ED9,0x3ED9,0x3ED9,0x3ED9,0x3ED9,0x3ED9,0x3ED9,0x3ED9,0x3ED9,0x3ED9,
    0x3ED9,0x3ED9,0x3ED9,0x3ED9,0x3ED9,0x3ED9,0x3ED9,0x3ED9,0x3595,0x09E8,0x09E8,0x09E8,
    0xF81F,0xF81F,0xF81F,0xF81F,0xF81F,0xF81F,0xF81F,0xF81F,0xF81F,0xF81F,0xF81F,0xF81F,
    0xF81F,0xF81F,0xF81F,0xF81F,0xF81F,0xF81F,0xF81F,0xF81F,0xF81F,0xF81F,0xF81F,0xF81F,
    0xF81F,0xF81F,0xF81F,0xF81F,0xF81F,0xF81F,0xF81F,0xF81F,0xF81F,0xF81F,0xF81F,0xF81F,
    0xF81F,0xF81F,0xF81F,0xF81F,0xF81F,0xF81F,0xF81F,0xF81F,0xF81F,0xF81F,0xF81F,0xF81F,
    0xF81F,0xF81F,0xF81F,0xF81F,0xF81F,0xF81F,0xF81F,0xF81F,0xF81F,0xF81F,0xF81F,0xF81F,
    0x09E8,0x09E8,0x1229,0x3EB8,0x3ED9,0x3ED9,0x3ED9,0x3ED9,0x3ED9,0x3ED9,0x3ED9,0x3ED9,
    0x3ED9,0x3ED9,0x3ED9,0x3ED9,0x3ED9,0x771A,0x8F5B,0x8F5B,0x8F5B,0x8F5B,0x8F5B,0x8F5B,
    0xBE52,0xF547,0xFE69,0xFE69,0xF547,0xE6B3,0xE7DE,0xE7DE,0xE7DE,0xE7DE,0xE7DE,0xE7DE,
    0xE7DE,0xE7DE,0xE7DE,0xE7DE,0xDFDE,0xCFBE,0xCFBE,0xCFBE,0xCFBE,0xCFBE,0xCFBE,0xCFBE,
    0xCFBE,0xCFBE,0xCFBE,0xCFBE,0xCFBE,0xCFBE,0xCFBE,0xCFBE,0xCFBE,0xCFBE,0xCFBE,0xCFBE,
    0xDE93,0xF547,0xFE69,0xFE69,0xF547,0x9610,0x3ED9,0x3ED9,0x3ED9,0x3ED9,0x3ED9,0x3ED9,
    0x3ED9,0x3ED9,0x3ED9,0x3ED9,0x3ED9,0x3ED9,0x3ED9,0x3ED9,0x3ED9,0x3ED9,0x3ED9,0x3ED9,
    0x3ED9,0x3ED9,0x3EB8,0x1229,0x09E8,0x09E8,0xF81F,0xF81F,0xF81F,0xF81F,0xF81F,0xF81F,
    0xF81F,0xF81F,0xF81F,0xF81F,0xF81F,0xF81F,0xF81F,0xF81F,0xF81F,0xF81F,0xF81F,0xF81F,
    0xF81F,0xF81F,0xF81F,0xF81F,0xF81F,0xF81F,0xF81F,0xF81F,0xF81F,0xF81F,0xF81F,0xF81F,
    0xF81F,0xF81F,0xF81F,0xF81F,0xF81F,0xF81F,0xF81F,0xF81F,0xF81F,0xF81F,0xF81F,0xF81F,
    0xF81F,0xF81F,0xF81F,0xF81F,0xF81F,0xF81F,0xF81F,0xF81F,0xF81F,0xF81F,0xF81F,0xF81F,
    0xF81F,0xF81F,0xF81F,0xF81F,0xF81F,0xF81F,0x09E8,0x09E8,0x1B6D,0x3ED9,0x3ED9,0x3ED9,
    0x3ED9,0x3ED9,0x3ED9,0x3ED9,0x3ED9,0x3ED9,0x3ED9,0x3ED9,0x3ED9,0x3ED9,0x3ED9,0x3ED9,
    0x671A,0x8F5B,0x8F5B,0x8F5B,0x8F5B,0x8F5B,0xE5AA,0xF587,0xFE89,0xFE89,0xF587,0xEDAA,
    0xE7DE,0xE7DE,0xE7DE,0xE7DE,0xE7DE,0xE7DE,0xE7DE,0xE7DE,0xE7DE,0xD7DE,0xCFBE,0xCFBE,
    0xCFBE,0xCFBE,0xCFBE,0xCFBE,0xCFBE,0xCFBE,0xCFBE,0xCFBE,0xCFBE,0xCFBE,0xCFBE,0xCFBE,
    0xCFBE,0xCFBE,0xCFBE,0xCFBE,0xCFBE,0xCFBE,0xEDAB,0xF587,0xFE89,0xFE89,0xF587,0xD58A,
    0x3ED9,0x3ED9,0x3ED9,0x3ED9,0x3ED9,0x3ED9,0x3ED9,0x3ED9,0x3ED9,0x3ED9,0x3ED9,0x3ED9,
    0x3ED9,0x3ED9,0x3ED9,0x3ED9,0x3ED9,0x3ED9,0x3ED9,0x3ED9,0x3ED9,0x1B6D,0x09E8,0x09E8,
    0xF81F,0xF81F,0xF81F,0xF81F,0xF81F,0xF81F,0xF81F,0xF81F,0xF81F,0xF81F,0xF81F,0xF81F,
    0xF81F,0xF81F,0xF81F,0xF81F,0xF81F,0xF81F,0xF81F,0xF81F,0xF81F,0xF81F,0xF81F,0xF81F,
    0xF81F,0xF81F,0xF81F,0xF81F,0xF81F,0xF81F,0xF81F,0xF81F,0xF81F,0xF81F,0xF81F,0xF81F,
    0xF81F,0xF81F,0xF81F,0xF81F,0xF81F,0xF81F,0xF81F,0xF81F,0xF81F,0xF81F,0xF81F,0xF81F,
    0xF81F,0xF81F,0xF81F,0xF81F,0xF81F,0xF81F,0xF81F,0xF81F,0xF81F,0xF81F,0xF81F,0x09E8,
    0x09E8,0x09E8,0x2CB2,0x3ED9,0x3ED9,0x3ED9,0x3ED9,0x3ED9,0x3ED9,0x3ED9,0x3ED9,0x3ED9,
    0x3ED9,0x3ED9,0x46B8,0x5697,0x5696,0x6675,0x6E74,0x7E75,0xA695,0xAE94,0xB673,0xC651,
    0xF547,0xFE08,0xFE89,0xFE89,0xFE08,0xF547,0xEE92,0xE6D5,0xE6F6,0xE717,0xE738,0xE739,
    0xE75A,0xE77B,0xD77B,0xCF9D,0xCFBE,0xCFBE,0xCFBE,0xCFBE,0xCFBE,0xCFBE,0xCFBE,0xCFBE,
    0xCFBE,0xCFBE,0xCF9D,0xCF7B,0xD75A,0xD739,0xD738,0xD717,0xD6F6,0xDED6,0xDED4,0xDE72,
    0xF547,0xFE08,0xFE89,0xFE89,0xFE08,0xF547,0xA610,0x8632,0x7E52,0x7E53,0x6E54,0x6E74,
    0x6675,0x5696,0x5697,0x46B8,0x3ED9,0x3ED9,0x3ED9,0x3ED9,0x3ED9,0x3ED9,0x3ED9,0x3ED9,
    0x3ED9,0x3ED9,0x3ED9,0x2CB1,0x09E8,0x09E8,0x09E8,0xF81F,0xF81F,0xF81F,0xF81F,0xF81F,
    0xF81F,0xF81F,0xF81F,0xF81F,0xF81F,0xF81F,0xF81F,0xF81F,0xF81F,0xF81F,0xF81F,0xF81F,
    0xF81F,0xF81F,0xF81F,0xF81F,0xF81F,0xF81F,0xF81F,0xF81F,0xF81F,0xF81F,0xF81F,0xF81F,
    0xF81F,0xF81F,0xF81F,0xF81F,0xF81F,0xF81F,0xF81F,0xF81F,0xF81F,0xF81F,0xF81F,0xF81F,
    0xF81F,0xF81F,0xF81F,0xF81F,0xF81F,0xF81F,0xF81F,0xF81F,0xF81F,0xF81F,0xF81F,0xF81F,
    0xF81F,0xF81F,0xF81F,0xF81F,0xF81F,0x09E8,0x09E8,0x09E8,0x3595,0x3ED9,0x3ED9,0x3ED9,
    0x3ED9,0x3ED9,0x3ED9,0x3ED9,0x3ED9,0x3ED9,0x3ED9,0x3ED9,0x4EB7,0xBDAC,0xF547,0xF547,
    0xF547,0xF547,0xF547,0xF547,0xF547,0xF547,0xF547,0xFE89,0xFE89,0xFE89,0xFE89,0xF547,
    0xF547,0xF547,0xF547,0xF547,0xF547,0xF547,0xF547,0xF547,0xE5ED,0xCF9C,0xCFBE,0xCFBE,
    0xCFBE,0xCFBE,0xCFBE,0xCFBE,0xCFBE,0xCFBE,0xCFBE,0xCFBE,0xCF9C,0xE5ED,0xF547,0xF547,
    0xF547,0xF547,0xF547,0xF547,0xF547,0xF547,0xF547,0xFE89,0xFE89,0xFE89,0xFE89,0xF547,
    0xF547,0xF547,0xF547,0xF547,0xF547,0xF547,0xF547,0xF547,0xBDAC,0x4EB7,0x3ED9,0x3ED9,
    0x3ED9,0x3ED9,0x3ED9,0x3ED9,0x3ED9,0x3ED9,0x3ED9,0x3ED9,0x3ED9,0x3595,0x09E8,0x09E8,
    0x09E8,0xF81F,0xF81F,0xF81F,0xF81F,0xF81F,0xF81F,0xF81F,0xF81F,0xF81F,0xF81F,0xF81F,
    0xF81F,0xF81F,0xF81F,0xF81F,0xF81F,0xF81F,0xF81F,0xF81F,0xF81F,0xF81F,0xF81F,0xF81F,
    0xF81F,0xF81F,0xF81F,0xF81F,0xF81F,0xF81F,0xF81F,0xF81F,0xF81F,0xF81F,0xF81F,0xF81F,
    0xF81F,0xF81F,0xF81F,0xF81F,0xF81F,0xF81F,0xF81F,0xF81F,0xF81F,0xF81F,0xF81F,0xF81F,
    0xF81F,0xF81F,0xF81F,0xF81F,0xF81F,0xF81F,0xF81F,0xF81F,0xF81F,0xF81F,0xF81F,0x09E8,
    0x09E8,0x09E8,0x3E77,0x3ED9,0x3ED9,0x3ED9,0x3ED9,0x3ED9,0x3ED9,0x3ED9,0x3ED9,0x3ED9,
    0x3ED9,0x3ED9,0x3ED9,0x46B9,0x9DEF,0xF547,0xF567,0xFE28,0xFE48,0xFE69,0xFE69,0xFE69,
    0xFE89,0xFE89,0xFE89,0xFE89,0xFE89,0xFE89,0xFE69,0xFE69,0xFE69,0xFE48,0xFE28,0xF567,
    0xF547,0xDE72,0xCFBD,0xCFBE,0xCFBE,0xCFBE,0xCFBE,0xCFBE,0xCFBE,0xCFBE,0xCFBE,0xCFBE,
    0xCFBE,0xCFBE,0xCFBE,0xCFBD,0xDE72,0xF547,0xF567,0xFE28,0xFE48,0xFE69,0xFE69,0xFE69,
    0xFE89,0xFE89,0xFE89,0xFE89,0xFE89,0xFE89,0xFE69,0xFE69,0xFE69,0xFE48,0xFE28,0xF567,
    0xF547,0x9DEF,0x46B9,0x3ED9,0x3ED9,0x3ED9,0x3ED9,0x3ED9,0x3ED9,0x3ED9,0x3ED9,0x3ED9,
    0x3ED9,0x3ED9,0x3ED9,0x3E57,0x09E8,0x09E8,0x09E8,0xF81F,0xF81F,0xF81F,0xF81F,0xF81F,
    0xF81F,0xF81F,0xF81F,0xF81F,0xF81F,0xF81F,0xF81F,0xF81F,0xF81F,0xF81F,0xF81F,0xF81F,
    0xF81F,0xF81F,0xF81F,0xF81F,0xF81F,0xF81F,0xF81F,0xF81F,0xF81F,0xF81F,0xF81F,0xF81F,
    0xF81F,0xF81F,0xF81F,0xF81F,0xF81F,0xF81F,0xF81F,0xF81F,0xF81F,0xF81F,0xF81F,0xF81F,
    0xF81F,0xF81F,0xF81F,0xF81F,0xF81F,0xF81F,0xF81F,0xF81F,0xF81F,0xF81F,0xF81F,0xF81F,
    0xF81F,0xF81F,0xF81F,0xF81F,0xF81F,0x09E8,0x09E8,0x1249,0x3ED9,0x3ED9,0x3ED9,0x3ED9,
    0x3ED9,0x3ED9,0x3ED9,0x3ED9,0x3ED9,0x3ED9,0x3ED9,0x3ED9,0x3ED9,0x3ED9,0x3ED9,0x7653,
    0xED68,0xED67,0xFE48,0xFE89,0xFE89,0xFE89,0xFE89,0xFE89,0xFE89,0xFE89,0xFE89,0xFE89,
    0xFE89,0xFE89,0xFE89,0xFE48,0xF567,0xED68,0xD6F6,0xCFBE,0xCFBE,0xCFBE,0xCFBE,0xCFBE,
    0xCFBE,0xCFBE,0xCFBE,0xCFBE,0xCFBE,0xCFBE,0xCFBE,0xCFBE,0xCFBE,0xCFBE,0xCFBE,0xD6F7,
    0xED68,0xF567,0xFE48,0xFE89,0xFE89,0xFE89,0xFE89,0xFE89,0xFE89,0xFE89,0xFE89,0xFE89,
    0xFE89,0xFE89,0xFE89,0xFE48,0xED67,0xED47,0x7E53,0x3ED9,0x3ED9,0x3ED9,0x3ED9,0x3ED9,
    0x3ED9,0x3ED9,0x3ED9,0x3ED9,0x3ED9,0x3ED9,0x3ED9,0x3ED9,0x3ED9,0x3ED9,0x1249,0x09E8,
    0x09E8,0xF81F,0xF81F,0xF81F,0xF81F,0xF81F,0xF81F,0xF81F,0xF81F,0xF81F,0xF81F,0xF81F,
    0xF81F,0xF81F,0xF81F,0xF81F,0xF81F,0xF81F,0xF81F,0xF81F,0xF81F,0xF81F,0xF81F,0xF81F,
    0xF81F,0xF81F,0xF81F,0xF81F,0xF81F,0xF81F,0xF81F,0xF81F,0xF81F,0xF81F,0xF81F,0xF81F,
    0xF81F,0xF81F,0xF81F,0xF81F,0xF81F,0xF81F,0xF81F,0xF81F,0xF81F,0xF81F,0xF81F,0xF81F,
    0xF81F,0xF81F,0xF81F,0xF81F,0xF81F,0xF81F,0xF81F,0xF81F,0xF81F,0xF81F,0xF81F,0x09E8,
    0x09E8,0x1B0C,0x3ED9,0x3ED9,0x3ED9,0x3ED9,0x3ED9,0x3ED9,0x3ED9,0x3ED9,0x3ED9,0x3ED9,
    0x3ED9,0x3ED9,0x3ED9,0x3ED9,0x3ED9,0x3ED9,0x5E96,0xD58A,0xF547,0xFDE8,0xFE89,0xFE89,
    0xFE89,0xFE89,0xFE89,0xFE89,0xFE89,0xFE89,0xFE89,0xFE89,0xFE08,0xF547,0xED8A,0xD75A,
    0xCFBE,0xCFBE,0xCFBE,0xCFBE,0xCFBE,0xCFBE,0xCFBE,0xCFBE,0xCFBE,0xCFBE,0xCFBE,0xCFBE,
    0xCFBE,0xCFBE,0xCFBE,0xCFBE,0xCFBE,0xCFBE,0xD75A,0xEDAA,0xF547,0xFDE8,0xFE89,0xFE89,
    0xFE89,0xFE89,0xFE89,0xFE89,0xFE89,0xFE89,0xFE89,0xFE89,0xFE08,0xF547,0xDD69,0x5E96,
    0x3ED9,0x3ED9,0x3ED9,0x3ED9,0x3ED9,0x3ED9,0x3ED9,0x3ED9,0x3ED9,0x3ED9,0x3ED9,0x3ED9,
    0x3ED9,0x3ED9,0x3ED9,0x3ED9,0x1AEC,0x09E8,0x09E8,0xF81F,0xF81F,0xF81F,0xF81F,0xF81F,
    0xF81F,0xF81F,0xF81F,0xF81F,0xF81F,0xF81F,0xF81F,0xF81F,0xF81F,0xF81F,0xF81F,0xF81F,
    0xF81F,0xF81F,0xF81F,0xF81F,0xF81F,0xF81F,0xF81F,0xF81F,0xF81F,0xF81F,0xF81F,0xF81F,
    0xF81F,0xF81F,0xF81F,0xF81F,0xF81F,0xF81F,0xF81F,0xF81F,0xF81F,0xF81F,0xF81F,0xF81F,
    0xF81F,0xF81F,0xF81F,0xF81F,0xF81F,0xF81F,0xF81F,0xF81F,0xF81F,0xF81F,0xF81F,0xF81F,
    0xF81F,0xF81F,0xF81F,0xF81F,0xF81F,0x09E8,0x09E8,0x1B6D,0x3ED9,0x3ED9,0x3ED9,0x3ED9,
    0x3ED9,0x3ED9,0x3ED9,0x3ED9,0x3ED9,0x3ED9,0x3ED9,0x3ED9,0x3ED9,0x3ED9,0x3ED9,0x3ED9,
    0x3ED9,0x9F5B,0xE60E,0xF547,0xF5A8,0xFE89,0xFE89,0xFE89,0xFE89,0xFE89,0xFE89,0xFE89,
    0xFE89,0xF5C8,0xF547,0xE60E,0xCF9C,0xCFBE,0xCFBE,0xCFBE,0xCFBE,0xCFBE,0xCFBE,0xCFBE,
    0xCFBE,0xCFBE,0xCFBE,0xCFBE,0xCFBE,0xCFBE,0xCFBE,0xCFBE,0xCFBE,0xCFBE,0xCFBE,0xCFBE,
    0xCFBE,0xCF9C,0xE60E,0xF547,0xF5A8,0xFE89,0xFE89,0xFE89,0xFE89,0xFE89,0xFE89,0xFE89,
    0xFE89,0xF5C8,0xF547,0xE60E,0x9F3A,0x3ED9,0x3ED9,0x3ED9,0x3ED9,0x3ED9,0x3ED9,0x3ED9,
    0x3ED9,0x3ED9,0x3ED9,0x3ED9,0x3ED9,0x3ED9,0x3ED9,0x3ED9,0x3ED9,0x3ED9,0x1B6D,0x09E8,
    0x09E8,0xF81F,0xF81F,0xF81F,0xF81F,0xF81F,0xF81F,0xF81F,0xF81F,0xF81F,0xF81F,0xF81F,
    0xF81F,0xF81F,0xF81F,0xF81F,0xF81F,0xF81F,0xF81F,0xF81F,0xF81F,0xF81F,0xF81F,0xF81F,
    0xF81F,0xF81F,0xF81F,0xF81F,0xF81F,0xF81F,0xF81F,0xF81F,0xF81F,0xF81F,0xF81F,0xF81F,
    0xF81F,0xF81F,0xF81F,0xF81F,0xF81F,0xF81F,0xF81F,0xF81F,0xF81F,0xF81F,0xF81F,0xF81F,
    0xF81F,0xF81F,0xF81F,0xF81F,0xF81F,0xF81F,0xF81F,0xF81F,0xF81F,0xF81F,0xF81F,0x09E8,
    0x09E8,0x23AE,0x3ED9,0x3ED9,0x3ED9,0x3ED9,0x3ED9,0x3ED9,0x3ED9,0x3ED9,0x3ED9,0x3ED9,
    0x3ED9,0x3ED9,0x3ED9,0x3ED9,0x3ED9,0x3ED9,0x6F1A,0xCFBE,0xCFBD,0xDE71,0xF547,0xFE08,
    0xFE89,0xFE89,0xFE89,0xFE89,0xFE89,0xFE89,0xFE08,0xF547,0xDE71,0xCFBD,0xCFBE,0xCFBE,
    0xCFBE,0xCFBE,0xCFBE,0xCFBE,0xCFBE,0xCFBE,0xCFBE,0xCFBE,0xCFBE,0xCFBE,0xCFBE,0xCFBE,
    0xCFBE,0xCFBE,0xCFBE,0xCFBE,0xCFBE,0xCFBE,0xCFBE,0xCFBE,0xCFBD,0xDE71,0xF547,0xFE08,
    0xFE89,0xFE89,0xFE89,0xFE89,0xFE89,0xFE89,0xFE08,0xF547,0xDE71,0xCFBD,0xCFBE,0x6F1A,
    0x3ED9,0x3ED9,0x3ED9,0x3ED9,0x3ED9,0x3ED9,0x3ED9,0x3ED9,0x3ED9,0x3ED9,0x3ED9,0x3ED9,
    0x3ED9,0x3ED9,0x3ED9,0x3ED9,0x23AE,0x09E8,0x09E8,0xF81F,0xF81F,0xF81F,0xF81F,0xF81F,
    0xF81F,0xF81F,0xF81F,0xF81F,0xF81F,0xF81F,0xF81F,0xF81F,0xF81F,0xF81F,0xF81F,0xF81F,
    0xF81F,0xF81F,0xF81F,0xF81F,0xF81F,0xF81F,0xF81F,0xF81F,0xF81F,0xF81F,0xF81F,0xF81F,
    0xF81F,0xF81F,0xF81F,0xF81F,0xF81F,0xF81F,0xF81F,0xF81F,0xF81F,0xF81F,0xF81F,0xF81F,
    0xF81F,0xF81F,0xF81F,0xF81F,0xF81F,0xF81F,0xF81F,0xF81F,0xF81F,0xF81F,0xF81F,0xF81F,
    0xF81F,0xF81F,0xF81F,0xF81F,0xF81F,0x09E8,0x09E8,0x23EF,0x3ED9,0x3ED9,0x3ED9,0x3ED9,
    0x3ED9,0x3ED9,0x3ED9,0x3ED9,0x3ED9,0x3ED9,0x3ED9,0x3ED9,0x3ED9,0x3ED9,0x3ED9,0x46D9,
    0xBF9D,0xCFBE,0xCFBE,0xDE93,0xF547,0xFE69,0xFE89,0xFE89,0xFE89,0xFE89,0xFE89,0xFE89,
    0xFE69,0xF547,0xDE93,0xCFBE,0xCFBE,0xCFBE,0xCFBE,0xCFBE,0xCFBE,0xCFBE,0xCFBE,0xCFBE,
    0xCFBE,0xCFBE,0xCFBE,0xCFBE,0xCFBE,0xCFBE,0xCFBE,0xCFBE,0xCFBE,0xCFBE,0xCFBE,0xCFBE,
    0xCFBE,0xCFBE,0xCFBE,0xDE93,0xF547,0xFE69,0xFE89,0xFE89,0xFE89,0xFE89,0xFE89,0xFE89,
    0xFE69,0xF547,0xDE93,0xCFBE,0xCFBE,0xBF9D,0x46D9,0x3ED9,0x3ED9,0x3ED9,0x3ED9,0x3ED9,
    0x3ED9,0x3ED9,0x3ED9,0x3ED9,0x3ED9,0x3ED9,0x3ED9,0x3ED9,0x3ED9,0x3ED9,0x23EF,0x09E8,
    0x09E8,0xF81F,0xF81F,0xF81F,0xF81F,0xF81F,0xF81F,0xF81F,0xF81F,0xF81F,0xF81F,0xF81F,
    0xF81F,0xF81F,0xF81F,0xF81F,0xF81F,0xF81F,0xF81F,0xF81F,0xF81F,0xF81F,0xF81F,0xF81F,
    0xF81F,0xF81F,0xF81F,0xF81F,0xF81F,0xF81F,0xF81F,0xF81F,0xF81F,0xF81F,0xF81F,0xF81F,
    0xF81F,0xF81F,0xF81F,0xF81F,0xF81F,0xF81F,0xF81F,0xF81F,0xF81F,0xF81F,0xF81F,0xF81F,
    0xF81F,0xF81F,0xF81F,0xF81F,0xF81F,0xF81F,0xF81F,0xF81F,0xF81F,0xF81F,0xF81F,0x09E8,
    0x09E8,0x2430,0x3ED9,0x3ED9,0x3ED9,0x3ED9,0x3ED9,0x3ED9,0x3ED9,0x3ED9,0x3ED9,0x3ED9,
    0x3ED9,0x3ED9,0x3ED9,0x3ED9,0x3ED9,0x7F3B,0xCFBE,0xCFBE,0xCFBE,0xE5ED,0xF587,0xFE89,
    0xFE89,0xFE89,0xFE69,0xFE69,0xFE89,0xFE89,0xFE89,0xF587,0xE5ED,0xCFBE,0xCFBE,0xCFBE,
    0xCFBE,0xCFBE,0xCFBE,0xCFBE,0xCFBE,0xCFBE,0xCFBE,0xCFBE,0xCFBE,0xCFBE,0xCFBE,0xCFBE,
    0xCFBE,0xCFBE,0xCFBE,0xCFBE,0xCFBE,0xCFBE,0xCFBE,0xCFBE,0xCFBE,0xE5ED,0xF587,0xFE89,
    0xFE89,0xFE89,0xFE69,0xFE69,0xFE89,0xFE89,0xFE89,0xF587,0xE5ED,0xCFBE,0xCFBE,0xCFBE,
    0x7F3B,0x3ED9,0x3ED9,0x3ED9,0x3ED9,0x3ED9,0x3ED9,0x3ED9,0x3ED9,0x3ED9,0x3ED9,0x3ED9,
    0x3ED9,0x3ED9,0x3ED9,0x3ED9,0x2430,0x09E8,0x09E8,0xF81F,0xF81F,0xF81F,0xF81F,0xF81F,
    0xF81F,0xF81F,0xF81F,0xF81F,0xF81F,0xF81F,0xF81F,0xF81F,0xF81F,0xF81F,0xF81F,0xF81F,
    0xF81F,0xF81F,0xF81F,0xF81F,0xF81F,0xF81F,0xF81F,0xF81F,0xF81F,0xF81F,0xF81F,0xF81F,
    0xF81F,0xF81F,0xF81F,0xF81F,0xF81F,0xF81F,0xF81F,0xF81F,0xF81F,0xF81F,0xF81F,0xF81F,
    0xF81F,0xF81F,0xF81F,0xF81F,0xF81F,0xF81F,0xF81F,0xF81F,0xF81F,0xF81F,0xF81F,0xF81F,
    0xF81F,0xF81F,0xF81F,0xF81F,0xF81F,0x09E8,0x09E8,0x2430,0x3ED9,0x3ED9,0x3ED9,0x3ED9,
    0x3ED9,0x3ED9,0x3ED9,0x3ED9,0x3ED9,0x3ED9,0x3ED9,0x3ED9,0x3ED9,0x3ED9,0x46D9,0xBF9D,
    0xCFBE,0xCFBE,0xCF9D,0xED47,0xF5E8,0xFE89,0xFE89,0xFE28,0xF567,0xF567,0xFE28,0xFE89,
    0xFE89,0xF5E8,0xED47,0xCF9D,0xCFBE,0xCFBE,0xCFBE,0xCFBE,0xCFBE,0xCFBE,0xCFBE,0xCFBE,
    0xCFBE,0xCFBE,0xCFBE,0xCFBE,0xCFBE,0xCFBE,0xCFBE,0xCFBE,0xCFBE,0xCFBE,0xCFBE,0xCFBE,
    0xCFBE,0xCFBE,0xCF9D,0xED47,0xF5E8,0xFE89,0xFE89,0xFE28,0xF567,0xF567,0xFE28,0xFE89,
    0xFE89,0xF5E8,0xED47,0xCF9D,0xCFBE,0xCFBE,0xBF9D,0x46D9,0x3ED9,0x3ED9,0x3ED9,0x3ED9,
    0x3ED9,0x3ED9,0x3ED9,0x3ED9,0x3ED9,0x3ED9,0x3ED9,0x3ED9,0x3ED9,0x3ED9,0x2430,0x09E8,
    0x09E8,0xF81F,0xF81F,0xF81F,0xF81F,0xF81F,0xF81F,0xF81F,0xF81F,0xF81F,0xF81F,0xF81F,
    0xF81F,0xF81F,0xF81F,0xF81F,0xF81F,0xF81F,0xF81F,0xF81F,0xF81F,0xF81F,0xF81F,0xF81F,
    0xF81F,0xF81F,0xF81F,0xF81F,0xF81F,0xF81F,0xF81F,0xF81F,0xF81F,0xF81F,0xF81F,0xF81F,
    0xF81F,0xF81F,0xF81F,0xF81F,0xF81F,0xF81F,0xF81F,0xF81F,0xF81F,0xF81F,0xF81F,0xF81F,
    0xF81F,0xF81F,0xF81F,0xF81F,0xF81F,0xF81F,0xF81F,0xF81F,0xF81F,0xF81F,0xF81F,0x09E8,
    0x09E8,0x23EF,0x3ED9,0x3ED9,0x3ED9,0x3ED9,0x3ED9,0x3ED9,0x3ED9,0x3ED9,0x3ED9,0x3ED9,
    0x3ED9,0x3ED9,0x3ED9,0x3ED9,0x6F1A,0xCFBE,0xCFBE,0xCFBE,0xD717,0xF547,0xFE28,0xFE69,
    0xF5C8,0xF547,0xEDAB,0xEDAB,0xF547,0xF5C8,0xFE69,0xFE28,0xF547,0xD717,0xCFBE,0xCFBE,
    0xCFBE,0xCFBE,0xCFBE,0xCFBE,0xCFBE,0xCFBE,0xCFBE,0xCFBE,0xCFBE,0xCFBE,0xCFBE,0xCFBE,
    0xCFBE,0xCFBE,0xCFBE,0xCFBE,0xCFBE,0xCFBE,0xCFBE,0xCFBE,0xD717,0xF547,0xFE28,0xFE69,
    0xF5C8,0xF547,0xEDAB,0xEDAB,0xF547,0xF5C8,0xFE69,0xFE28,0xF547,0xD717,0xCFBE,0xCFBE,
    0xCFBE,0x6F1A,0x3ED9,0x3ED9,0x3ED9,0x3ED9,0x3ED9,0x3ED9,0x3ED9,0x3ED9,0x3ED9,0x3ED9,
    0x3ED9,0x3ED9,0x3ED9,0x3ED9,0x23EF,0x09E8,0x09E8,0xF81F,0xF81F,0xF81F,0xF81F,0xF81F,
    0xF81F,0xF81F,0xF81F,0xF81F,0xF81F,0xF81F,0xF81F,0xF81F,0xF81F,0xF81F,0xF81F,0xF81F,
    0xF81F,0xF81F,0xF81F,0xF81F,0xF81F,0xF81F,0xF81F,0xF81F,0xF81F,0xF81F,0xF81F,0xF81F,
    0xF81F,0xF81F,0xF81F,0xF81F,0xF81F,0xF81F,0xF81F,0xF81F,0xF81F,0xF81F,0xF81F,0xF81F,
    0xF81F,0xF81F,0xF81F,0xF81F,0xF81F,0xF81F,0xF81F,0xF81F,0xF81F,0xF81F,0xF81F,0xF81F,
    0xF81F,0xF81F,0xF81F,0xF81F,0xF81F,0x09E8,0x09E8,0x23AE,0x3ED9,0x3ED9,0x3ED9,0x3ED9,
    0x3ED9,0x3ED9,0x3ED9,0x3ED9,0x3ED9,0x46B9,0x5E58,0x7E18,0x85F8,0x85F8,0xC69A,0xD73C,
    0xCFBD,0xCFBE,0xE650,0xF547,0xFE28,0xF567,0xED47,0xDE71,0xCFBD,0xCFBD,0xDE93,0xED47,
    0xF567,0xFE28,0xF547,0xE651,0xCFBE,0xCFBE,0xCFBE,0xCFBE,0xCFBE,0xCFBE,0xCFBE,0xCFBE,
    0xCFBE,0xCFBE,0xCFBE,0xCFBE,0xCFBE,0xCFBE,0xCFBE,0xCFBE,0xCFBE,0xCFBE,0xCFBE,0xCFBE,
    0xCFBE,0xCFBE,0xE650,0xF547,0xFE28,0xF567,0xED47,0xDE71,0xCFBD,0xCFBD,0xDE93,0xED47,
    0xF567,0xFE28,0xF547,0xE651,0xCFBE,0xCFBD,0xD73C,0xBE9A,0x85F8,0x85F8,0x7E18,0x5E58,
    0x46B9,0x3ED9,0x3ED9,0x3ED9,0x3ED9,0x3ED9,0x3ED9,0x3ED9,0x3ED9,0x3ED9,0x23AE,0x09E8,
    0x09E8,0xF81F,0xF81F,0xF81F,0xF81F,0xF81F,0xF81F,0xF81F,0xF81F,0xF81F,0xF81F,0xF81F,
    0xF81F,0xF81F,0xF81F,0xF81F,0xF81F,0xF81F,0xF81F,0xF81F,0xF81F,0xF81F,0xF81F,0xF81F,
    0xF81F,0xF81F,0xF81F,0xF81F,0xF81F,0xF81F,0xF81F,0xF81F,0xF81F,0xF81F,0xF81F,0xF81F,
    0xF81F,0xF81F,0xF81F,0xF81F,0xF81F,0xF81F,0xF81F,0xF81F,0xF81F,0xF81F,0xF81F,0xF81F,
    0xF81F,0xF81F,0xF81F,0xF81F,0xF81F,0xF81F,0xF81F,0xF81F,0xF81F,0xF81F,0xF81F,0x09E8,
    0x09E8,0x1B6D,0x3ED9,0x3ED9,0x3ED9,0x3ED9,0x3ED9,0x3ED9,0x3ED9,0x4EB9,0x95D8,0xCD17,
    0xDCF7,0xDCF7,0xDCF7,0xDCF7,0xF518,0xF518,0xF558,0xE65B,0xED8B,0xF547,0xF547,0xEDCB,
    0xD759,0xCFBE,0xCFBE,0xCFBE,0xCFBE,0xD759,0xEDCB,0xF547,0xF547,0xED8A,0xCFBE,0xCFBE,
    0xCFBE,0xCFBE,0xCFBE,0xCFBE,0xCFBE,0xCFBE,0xCFBE,0xCFBE,0xCFBE,0xCFBE,0xCFBE,0xCFBE,
    0xCFBE,0xCFBE,0xCFBE,0xCFBE,0xCFBE,0xCFBE,0xCFBE,0xCFBE,0xED8A,0xF547,0xF547,0xEDCB,
    0xD759,0xCFBE,0xCFBE,0xCFBE,0xCFBE,0xD759,0xEDCB,0xF547,0xF547,0xED8B,0xE65A,0xF558,
    0xF518,0xF518,0xDCF7,0xDCF7,0xDCF7,0xDCF7,0xCD17,0x95D8,0x4EB9,0x3ED9,0x3ED9,0x3ED9,
    0x3ED9,0x3ED9,0x3ED9,0x3ED9,0x1B6D,0x09E8,0x09E8,0xF81F,0xF81F,0xF81F,0xF81F,0xF81F,
    0xF81F,0xF81F,0xF81F,0xF81F,0xF81F,0xF81F,0xF81F,0xF81F,0xF81F,0xF81F,0xF81F,0xF81F,
    0xF81F,0xF81F,0xF81F,0xF81F,0xF81F,0xF81F,0xF81F,0xF81F,0xF81F,0xF81F,0xF81F,0xF81F,
    0xF81F,0xF81F,0xF81F,0xF81F,0xF81F,0xF81F,0xF81F,0xF81F,0xF81F,0xF81F,0xF81F,0xF81F,
    0xF81F,0xF81F,0xF81F,0xF81F,0xF81F,0xF81F,0xF81F,0xF81F,0xF81F,0xF81F,0xF81F,0xF81F,
    0xF81F,0xF81F,0xF81F,0xF81F,0xF81F,0x09E8,0x09E8,0x1B0C,0x3ED9,0x3ED9,0x3ED9,0x3ED9,
    0x3ED9,0x3ED9,0x6658,0xCD17,0xDCF7,0xDCF7,0xDCF7,0xDCF7,0xDCF7,0xE4F7,0xF518,0xF518,
    0xF518,0xF517,0xFCB2,0xF52A,0xDE92,0xCFBD,0xCFBE,0xCFBE,0xCFBE,0xCFBE,0xCFBE,0xCFBE,
    0xCFBD,0xDE92,0xED47,0xF547,0xD75A,0xCFBE,0xCFBE,0xCFBE,0xCFBE,0xCFBE,0xCFBE,0xCFBE,
    0xCFBE,0xCFBE,0xCFBE,0xCFBE,0xCFBE,0xCFBE,0xCFBE,0xCFBE,0xCFBE,0xCFBE,0xCFBE,0xCFBE,
    0xCFBE,0xD75A,0xF547,0xED47,0xDE92,0xCFBD,0xCFBE,0xCFBE,0xCFBE,0xCFBE,0xCFBE,0xCFBE,
    0xCFBD,0xDE92,0xF52A,0xFCB2,0xF517,0xF518,0xF518,0xF518,0xE4F7,0xDCF7,0xDCF7,0xDCF7,
    0xDCF7,0xDCF7,0xCD17,0x6678,0x3ED9,0x3ED9,0x3ED9,0x3ED9,0x3ED9,0x3ED9,0x1AEC,0x09E8,
    0x09E8,0xF81F,0xF81F,0xF81F,0xF81F,0xF81F,0xF81F,0xF81F,0xF81F,0xF81F,0xF81F,0xF81F,
    0xF81F,0xF81F,0xF81F,0xF81F,0xF81F,0xF81F,0xF81F,0xF81F,0xF81F,0xF81F,0xF81F,0xF81F,
    0xF81F,0xF81F,0xF81F,0xF81F,0xF81F,0xF81F,0xF81F,0xF81F,0xF81F,0xF81F,0xF81F,0xF81F,
    0xF81F,0xF81F,0xF81F,0xF81F,0xF81F,0xF81F,0xF81F,0xF81F,0xF81F,0xF81F,0xF81F,0xF81F,
    0xF81F,0xF81F,0xF81F,0xF81F,0xF81F,0xF81F,0xF81F,0xF81F,0xF81F,0xF81F,0xF81F,0x09E8,
    0x09E8,0x1249,0x3ED9,0x3ED9,0x3ED9,0x3ED9,0x3ED9,0x5698,0xD517,0xDCF7,0xDCF7,0xDCF7,
    0xDCF7,0xDCF7,0xDCF7,0xE517,0xF518,0xF518,0xF518,0xFCF6,0xFCB4,0xF537,0xD75D,0xCFBE,
    0xCFBE,0xCFBE,0xCFBE,0xCFBE,0xCFBE,0xCFBE,0xCFBE,0xCFBE,0xD75A,0xEDCB,0xDEB4,0xCFBE,
    0xCFBE,0xCFBE,0xCFBE,0xCFBE,0xCFBE,0xCFBE,0xCFBE,0xCFBE,0xCFBE,0xCFBE,0xCFBE,0xCFBE,
    0xCFBE,0xCFBE,0xCFBE,0xCFBE,0xCFBE,0xCFBE,0xCFBE,0xDEB4,0xEDCB,0xD75A,0xCFBE,0xCFBE,
    0xCFBE,0xCFBE,0xCFBE,0xCFBE,0xCFBE,0xCFBE,0xCFBE,0xD75D,0xF537,0xFCB4,0xFCF6,0xF518,
    0xF518,0xF518,0xE517,0xDCF7,0xDCF7,0xDCF7,0xDCF7,0xDCF7,0xDCF7,0xCD17,0x5678,0x3ED9,
    0x3ED9,0x3ED9,0x3ED9,0x3ED9,0x1249,0x09E8,0x09E8,0xF81F,0xF81F,0xF81F,0xF81F,0xF81F,
    0xF81F,0xF81F,0xF81F,0xF81F,0xF81F,0xF81F,0xF81F,0xF81F,0xF81F,0xF81F,0xF81F,0xF81F,
    0xF81F,0xF81F,0xF81F,0xF81F,0xF81F,0xF81F,0xF81F,0xF81F,0xF81F,0xF81F,0xF81F,0xF81F,
    0xF81F,0xF81F,0xF81F,0xF81F,0xF81F,0xF81F,0xF81F,0xF81F,0xF81F,0xF81F,0xF81F,0xF81F,
    0xF81F,0xF81F,0xF81F,0xF81F,0xF81F,0xF81F,0xF81F,0xF81F,0xF81F,0xF81F,0xF81F,0xF81F,
    0xF81F,0xF81F,0xF81F,0xF81F,0xF81F,0x09E8,0x09E8,0x09E8,0x3E77,0x3ED9,0x3ED9,0x3ED9,
    0x3ED9,0xA598,0xDCF7,0xDCF7,0xDCF7,0xDCF7,0xDCF7,0xDCF7,0xDCF7,0xED18,0xF518,0xF518,
    0xF518,0xF517,0xF518,0xF518,0xE61A,0xCFBE,0xCFBE,0xCFBE,0xCFBE,0xCFBE,0xCFBE,0xCFBE,
    0xCFBE,0xCFBE,0xCFBE,0xCFBD,0xD738,0xCFBE,0xCFBE,0xCFBE,0xCFBE,0xCFBE,0xCFBE,0xCFBE,
    0xCFBE,0xCFBE,0xCFBE,0xCFBE,0xCFBE,0xCFBE,0xCFBE,0xCFBE,0xCFBE,0xCFBE,0xCFBE,0xCFBE,
    0xCFBE,0xD738,0xCFBD,0xCFBE,0xCFBE,0xCFBE,0xCFBE,0xCFBE,0xCFBE,0xCFBE,0xCFBE,0xCFBE,
    0xCFBE,0xE61A,0xF518,0xF518,0xF517,0xF518,0xF518,0xF518,0xED18,0xDCF7,0xDCF7,0xDCF7,
    0xDCF7,0xDCF7,0xDCF7,0xDCF7,0xA597,0x3ED9,0x3ED9,0x3ED9,0x3ED9,0x3E57,0x09E8,0x09E8,
    0x09E8,0xF81F,0xF81F,0xF81F,0xF81F,0xF81F,0xF81F,0xF81F,0xF81F,0xF81F,0xF81F,0xF81F,
    0xF81F,0xF81F,0xF81F,0xF81F,0xF81F,0xF81F,0xF81F,0xF81F,0xF81F,0xF81F,0xF81F,0xF81F,
    0xF81F,0xF81F,0xF81F,0xF81F,0xF81F,0xF81F,0xF81F,0xF81F,0xF81F,0xF81F,0xF81F,0xF81F,
    0xF81F,0xF81F,0xF81F,0xF81F,0xF81F,0xF81F,0xF81F,0xF81F,0xF81F,0xF81F,0xF81F,0xF81F,
    0xF81F,0xF81F,0xF81F,0xF81F,0xF81F,0xF81F,0xF81F,0xF81F,0xF81F,0xF81F,0xF81F,0x09E8,
    0x09E8,0x09E8,0x3595,0x3ED9,0x3ED9,0x3ED9,0x3ED9,0xCD17,0xDCF7,0xDCF7,0xDCF7,0xDCF7,
    0xDCF7,0xDCF7,0xDCF7,0xF518,0xF518,0xF518,0xF518,0xF518,0xF518,0xF518,0xF558,0xCFBE,
    0xCFBE,0xCFBE,0xCFBE,0xCFBE,0xCFBE,0xCFBE,0xCFBE,0xCFBE,0xCFBE,0xCFBE,0xCFBE,0xCFBE,
    0xCFBE,0xCFBE,0xCFBE,0xCFBE,0xCFBE,0xCFBE,0xCFBE,0xCFBE,0xCFBE,0xCFBE,0xCFBE,0xCFBE,
    0xCFBE,0xCFBE,0xCFBE,0xCFBE,0xCFBE,0xCFBE,0xCFBE,0xCFBE,0xCFBE,0xCFBE,0xCFBE,0xCFBE,
    0xCFBE,0xCFBE,0xCFBE,0xCFBE,0xCFBE,0xCFBE,0xCFBE,0xF558,0xF518,0xF518,0xF518,0xF518,
    0xF518,0xF518,0xF518,0xDCF7,0xDCF7,0xDCF7,0xDCF7,0xDCF7,0xDCF7,0xDCF7,0xCD17,0x3ED9,
    0x3ED9,0x3ED9,0x3ED9,0x3595,0x09E8,0x09E8,0x09E8,0xF81F,0xF81F,0xF81F,0xF81F,0xF81F,
    0xF81F,0xF81F,0xF81F,0xF81F,0xF81F,0xF81F,0xF81F,0xF81F,0xF81F,0xF81F,0xF81F,0xF81F,
    0xF81F,0xF81F,0xF81F,0xF81F,0xF81F,0xF81F,0xF81F,0xF81F,0xF81F,0xF81F,0xF81F,0xF81F,
    0xF81F,0xF81F,0xF81F,0xF81F,0xF81F,0xF81F,0xF81F,0xF81F,0xF81F,0xF81F,0xF81F,0xF81F,
    0xF81F,0xF81F,0xF81F,0xF81F,0xF81F,0xF81F,0xF81F,0xF81F,0xF81F,0xF81F,0xF81F,0xF81F,
    0xF81F,0xF81F,0xF81F,0xF81F,0xF81F,0x09E8,0x09E8,0x09E8,0x2CB2,0x3ED9,0x3ED9,0x3ED9,
    0x3ED9,0xCD17,0xDCF7,0xDCF7,0xDCF7,0xDCF7,0xDCF7,0xDCF7,0xDCF7,0xF518,0xF518,0xF518,
    0xF518,0xF518,0xF518,0xF518,0xF558,0xCFBE,0xCFBE,0xCFBE,0xCFBE,0xCFBE,0xCFBE,0xCFBE,
    0xCFBE,0xCFBE,0xCFBE,0xCFBE,0xCFBE,0xCFBE,0xCFBE,0xCFBE,0xCFBE,0xCFBE,0xCFBE,0xCFBE,
    0xCFBE,0xCFBE,0xCFBE,0xCFBE,0xCFBE,0xCFBE,0xCFBE,0xCFBE,0xCFBE,0xCFBE,0xCFBE,0xCFBE,
    0xCFBE,0xCFBE,0xCFBE,0xCFBE,0xCFBE,0xCFBE,0xCFBE,0xCFBE,0xCFBE,0xCFBE,0xCFBE,0xCFBE,
    0xCFBE,0xF558,0xF518,0xF518,0xF518,0xF518,0xF518,0xF518,0xF518,0xDCF7,0xDCF7,0xDCF7,
    0xDCF7,0xDCF7,0xDCF7,0xDCF7,0xCD17,0x3ED9,0x3ED9,0x3ED9,0x3ED9,0x2CB1,0x09E8,0x09E8,
    0x09E8,0xF81F,0xF81F,0xF81F,0xF81F,0xF81F,0xF81F,0xF81F,0xF81F,0xF81F,0xF81F,0xF81F,
    0xF81F,0xF81F,0xF81F,0xF81F,0xF81F,0xF81F,0xF81F,0xF81F,0xF81F,0xF81F,0xF81F,0xF81F,
    0xF81F,0xF81F,0xF81F,0xF81F,0xF81F,0xF81F,0xF81F,0xF81F,0xF81F,0xF81F,0xF81F,0xF81F,
    0xF81F,0xF81F,0xF81F,0xF81F,0xF81F,0xF81F,0xF81F,0xF81F,0xF81F,0xF81F,0xF81F,0xF81F,
    0xF81F,0xF81F,0xF81F,0xF81F,0xF81F,0xF81F,0xF81F,0xF81F,0xF81F,0xF81F,0xF81F,0xF81F,
    0x09E8,0x09E8,0x1B6D,0x3ED9,0x3ED9,0x3ED9,0x3ED9,0xA597,0xDCF7,0xDCF7,0xDCF7,0xDCF7,
    0xDCF7,0xDCF7,0xDCF7,0xF518,0xF518,0xF518,0xF518,0xF518,0xF518,0xF518,0xE61A,0xCFBE,
    0xCFBE,0xCFBE,0xCFBE,0xCFBE,0xCFBE,0xCFBE,0xCFBE,0xCFBE,0xCFBE,0xCFBE,0xCFBE,0xCFBE,
    0xCFBE,0xCFBE,0xCFBE,0xCFBE,0xCFBE,0xCFBE,0xCFBE,0xCFBE,0xCFBE,0xCFBE,0xCFBE,0xCFBE,
    0xCFBE,0xCFBE,0xCFBE,0xCFBE,0xCFBE,0xCFBE,0xCFBE,0xCFBE,0xCFBE,0xCFBE,0xCFBE,0xCFBE,
    0xCFBE,0xCFBE,0xCFBE,0xCFBE,0xCFBE,0xCFBE,0xCFBE,0xE61A,0xF518,0xF518,0xF518,0xF518,
    0xF518,0xF518,0xF518,0xDCF7,0xDCF7,0xDCF7,0xDCF7,0xDCF7,0xDCF7,0xDCF7,0xA597,0x3ED9,
    0x3ED9,0x3ED9,0x3ED9,0x1B6D,0x09E8,0x09E8,0xF81F,0xF81F,0xF81F,0xF81F,0xF81F,0xF81F,
    0xF81F,0xF81F,0xF81F,0xF81F,0xF81F,0xF81F,0xF81F,0xF81F,0xF81F,0xF81F,0xF81F,0xF81F,
    0xF81F,0xF81F,0xF81F,0xF81F,0xF81F,0xF81F,0xF81F,0xF81F,0xF81F,0xF81F,0xF81F,0xF81F,
    0xF81F,0xF81F,0xF81F,0xF81F,0xF81F,0xF81F,0xF81F,0xF81F,0xF81F,0xF81F,0xF81F,0xF81F,
    0xF81F,0xF81F,0xF81F,0xF81F,0xF81F,0xF81F,0xF81F,0xF81F,0xF81F,0xF81F,0xF81F,0xF81F,
    0xF81F,0xF81F,0xF81F,0xF81F,0xF81F,0xF81F,0x09E8,0x09E8,0x1229,0x3EB8,0x3ED9,0x3ED9,
    0x3ED9,0x5698,0xD517,0xDCF7,0xDCF7,0xDCF7,0xDCF7,0xDCF7,0xDCF7,0xF518,0xF518,0xF518,
    0xF518,0xF518,0xF518,0xF558,0xD75D,0xCFBE,0xCFBE,0xCFBE,0xCFBE,0xCFBE,0xCFBE,0xCFBE,
    0xCFBE,0xCFBE,0xCFBE,0xCFBE,0xCFBE,0xCFBE,0xCFBE,0xCFBE,0xCFBE,0xCFBE,0xCFBE,0xCFBE,
    0xCFBE,0xCFBE,0xCFBE,0xCFBE,0xCFBE,0xCFBE,0xCFBE,0xCFBE,0xCFBE,0xCFBE,0xCFBE,0xCFBE,
    0xCFBE,0xCFBE,0xCFBE,0xCFBE,0xCFBE,0xCFBE,0xCFBE,0xCFBE,0xCFBE,0xCFBE,0xCFBE,0xCFBE,
    0xCFBE,0xD75D,0xF558,0xF518,0xF518,0xF518,0xF518,0xF518,0xF518,0xDCF7,0xDCF7,0xDCF7,
    0xDCF7,0xDCF7,0xDCF7,0xCD17,0x5698,0x3ED9,0x3ED9,0x3ED9,0x3EB8,0x1229,0x09E8,0x09E8,
    0xF81F,0xF81F,0xF81F,0xF81F,0xF81F,0xF81F,0xF81F,0xF81F,0xF81F,0xF81F,0xF81F,0xF81F,
    0xF81F,0xF81F,0xF81F,0xF81F,0xF81F,0xF81F,0xF81F,0xF81F,0xF81F,0xF81F,0xF81F,0xF81F,
    0xF81F,0xF81F,0xF81F,0xF81F,0xF81F,0xF81F,0xF81F,0xF81F,0xF81F,0xF81F,0xF81F,0xF81F,
    0xF81F,0xF81F,0xF81F,0xF81F,0xF81F,0xF81F,0xF81F,0xF81F,0xF81F,0xF81F,0xF81F,0xF81F,
    0xF81F,0xF81F,0xF81F,0xF81F,0xF81F,0xF81F,0xF81F,0xF81F,0xF81F,0xF81F,0xF81F,0xF81F,
    0x09E8,0x09E8,0x09E8,0x35B5,0x3ED9,0x3ED9,0x3ED9,0x3ED9,0x6678,0xCD17,0xDCF7,0xDCF7,
    0xDCF7,0xDCF7,0xDCF7,0xF518,0xF518,0xF518,0xF518,0xF518,0xF558,0xD73C,0xCFBE,0xCFBE,
    0xCFBE,0xCFBE,0xCFBE,0xCFBE,0xCFBE,0xCFBE,0xCFBE,0xCFBE,0xCFBE,0xCFBE,0xCFBE,0xCFBE,
    0xCFBE,0xCFBE,0xCFBE,0xCFBE,0xCFBE,0xCFBE,0xCFBE,0xCFBE,0xCFBE,0xCFBE,0xCFBE,0xCFBE,
    0xCFBE,0xCFBE,0xCFBE,0xCFBE,0xCFBE,0xCFBE,0xCFBE,0xCFBE,0xCFBE,0xCFBE,0xCFBE,0xCFBE,
    0xCFBE,0xCFBE,0xCFBE,0xCFBE,0xCFBE,0xCFBE,0xCFBE,0xCFBE,0xD73C,0xF558,0xF518,0xF518,
    0xF518,0xF518,0xF518,0xDCF7,0xDCF7,0xDCF7,0xDCF7,0xDCF7,0xCD17,0x5E78,0x3ED9,0x3ED9,
    0x3ED9,0x3ED9,0x3595,0x09E8,0x09E8,0x09E8,0xF81F,0xF81F,0xF81F,0xF81F,0xF81F,0xF81F,
    0xF81F,0xF81F,0xF81F,0xF81F,0xF81F,0xF81F,0xF81F,0xF81F,0xF81F,0xF81F,0xF81F,0xF81F,
    0xF81F,0xF81F,0xF81F,0xF81F,0xF81F,0xF81F,0xF81F,0xF81F,0xF81F,0xF81F,0xF81F,0xF81F,
    0xF81F,0xF81F,0xF81F,0xF81F,0xF81F,0xF81F,0xF81F,0xF81F,0xF81F,0xF81F,0xF81F,0xF81F,
    0xF81F,0xF81F,0xF81F,0xF81F,0xF81F,0xF81F,0xF81F,0xF81F,0xF81F,0xF81F,0xF81F,0xF81F,
    0xF81F,0xF81F,0xF81F,0xF81F,0xF81F,0xF81F,0x09E8,0x09E8,0x09E8,0x2430,0x3ED9,0x3ED9,
    0x3ED9,0x3ED9,0x3ED9,0x4EB9,0x8DD8,0xCD17,0xDCF7,0xDCF7,0xDCF7,0xF518,0xF518,0xF518,
    0xF558,0xE67B,0xCF9D,0xCFBE,0xCFBE,0xCFBE,0xCFBE,0xCFBE,0xCFBE,0xCFBE,0xCFBE,0xCFBE,
    0xCFBE,0xCFBE,0xCFBE,0xCFBE,0xCFBE,0xCFBE,0xCFBE,0xCFBE,0xCFBE,0xCFBE,0xCFBE,0xCFBE,
    0xCFBE,0xCFBE,0xCFBE,0xCFBE,0xCFBE,0xCFBE,0xCFBE,0xCFBE,0xCFBE,0xCFBE,0xCFBE,0xCFBE,
    0xCFBE,0xCFBE,0xCFBE,0xCFBE,0xCFBE,0xCFBE,0xCFBE,0xCFBE,0xCFBE,0xCFBE,0xCFBE,0xCFBE,
    0xCFBE,0xCFBE,0xCFBE,0xCF9D,0xE65A,0xF558,0xF518,0xF518,0xF518,0xDCF7,0xDCF7,0xDCF7,
    0xCD17,0x8DD8,0x46B9,0x3ED9,0x3ED9,0x3ED9,0x3ED9,0x3ED9,0x2430,0x09E8,0x09E8,0x09E8,
    0xF81F,0xF81F,0xF81F,0xF81F,0xF81F,0xF81F,0xF81F,0xF81F,0xF81F,0xF81F,0xF81F,0xF81F,
    0xF81F,0xF81F,0xF81F,0xF81F,0xF81F,0xF81F,0xF81F,0xF81F,0xF81F,0xF81F,0xF81F,0xF81F,
    0xF81F,0xF81F,0xF81F,0xF81F,0xF81F,0xF81F,0xF81F,0xF81F,0xF81F,0xF81F,0xF81F,0xF81F,
    0xF81F,0xF81F,0xF81F,0xF81F,0xF81F,0xF81F,0xF81F,0xF81F,0xF81F,0xF81F,0xF81F,0xF81F,
    0xF81F,0xF81F,0xF81F,0xF81F,0xF81F,0xF81F,0xF81F,0xF81F,0xF81F,0xF81F,0xF81F,0xF81F,
    0xF81F,0x09E8,0x09E8,0x126A,0x3EB9,0x3ED9,0x3ED9,0x3ED9,0x3ED9,0x3ED9,0x3ED9,0x46D9,
    0x5E78,0x7E18,0x85F8,0xC65A,0xDEBB,0xD73C,0xCFBE,0xCFBE,0xCFBE,0xCFBE,0xCFBE,0xCFBE,
    0xCFBE,0xCFBE,0xCFBE,0xCFBE,0xCFBE,0xCFBE,0xCFBE,0xCFBE,0x8575,0x8554,0xC77D,0xCFBE,
    0xCFBE,0xCFBE,0xCFBE,0xCFBE,0xCFBE,0xCFBE,0xCFBE,0xCFBE,0xCFBE,0xCFBE,0xCFBE,0xCFBE,
    0xCFBE,0xCFBE,0xCFBE,0xCFBE,0xCFBE,0xCFBE,0xCFBE,0xC79D,0x8DB6,0x8DB6,0xCFBE,0xCFBE,
    0xCFBE,0xCFBE,0xCFBE,0xCFBE,0xCFBE,0xCFBE,0xCFBE,0xCFBE,0xCFBE,0xCFBE,0xCFBE,0xCFBE,
    0xD73C,0xDEBB,0xC65A,0x85F8,0x7E18,0x5E78,0x46D9,0x3ED9,0x3ED9,0x3ED9,0x3ED9,0x3ED9,
    0x3ED9,0x3EB9,0x126A,0x09E8,0x09E8,0xF81F,0xF81F,0xF81F,0xF81F,0xF81F,0xF81F,0xF81F,
    0xF81F,0xF81F,0xF81F,0xF81F,0xF81F,0xF81F,0xF81F,0xF81F,0xF81F,0xF81F,0xF81F,0xF81F,
    0xF81F,0xF81F,0xF81F,0xF81F,0xF81F,0xF81F,0xF81F,0xF81F,0xF81F,0xF81F,0xF81F,0xF81F,
    0xF81F,0xF81F,0xF81F,0xF81F,0xF81F,0xF81F,0xF81F,0xF81F,0xF81F,0xF81F,0xF81F,0xF81F,
    0xF81F,0xF81F,0xF81F,0xF81F,0xF81F,0xF81F,0xF81F,0xF81F,0xF81F,0xF81F,0xF81F,0xF81F,
    0xF81F,0xF81F,0xF81F,0xF81F,0xF81F,0xF81F,0xF81F,0x09E8,0x09E8,0x09E8,0x3574,0x3ED9,
    0x3ED9,0x3ED9,0x3ED9,0x3ED9,0x3ED9,0x3ED9,0x3ED9,0x3ED9,0x3ED9,0x8F3B,0xCFBE,0xCFBE,
    0xCFBE,0xCFBE,0xCFBE,0xCFBE,0xCFBE,0xCFBE,0xCFBE,0xCFBE,0xCFBE,0xCFBE,0xCFBE,0xCFBE,
    0xCFBE,0xCFBE,0xCFBD,0x4B8E,0x19E8,0x5BEF,0x95B6,0xC75C,0xCFBE,0xCFBE,0xCFBE,0xCFBE,
    0xCFBE,0xCFBE,0xCFBE,0xCFBE,0xCFBE,0xCFBE,0xCFBE,0xCFBE,0xCFBE,0xCFBE,0xC75C,0x8DB6,
    0x5BEF,0x19E8,0x4B8E,0xCFBD,0xCFBE,0xCFBE,0xCFBE,0xCFBE,0xCFBE,0xCFBE,0xCFBE,0xCFBE,
    0xCFBE,0xCFBE,0xCFBE,0xCFBE,0xCFBE,0xCFBE,0xCFBE,0xCFBE,0x8F5B,0x3ED9,0x3ED9,0x3ED9,
    0x3ED9,0x3ED9,0x3ED9,0x3ED9,0x3ED9,0x3ED9,0x3ED9,0x3554,0x09E8,0x09E8,0x09E8,0xF81F,
    0xF81F,0xF81F,0xF81F,0xF81F,0xF81F,0xF81F,0xF81F,0xF81F,0xF81F,0xF81F,0xF81F,0xF81F,
    0xF81F,0xF81F,0xF81F,0xF81F,0xF81F,0xF81F,0xF81F,0xF81F,0xF81F,0xF81F,0xF81F,0xF81F,
    0xF81F,0xF81F,0xF81F,0xF81F,0xF81F,0xF81F,0xF81F,0xF81F,0xF81F,0xF81F,0xF81F,0xF81F,
    0xF81F,0xF81F,0xF81F,0xF81F,0xF81F,0xF81F,0xF81F,0xF81F,0xF81F,0xF81F,0xF81F,0xF81F,
    0xF81F,0xF81F,0xF81F,0xF81F,0xF81F,0xF81F,0xF81F,0xF81F,0xF81F,0xF81F,0xF81F,0xF81F,
    0xF81F,0x09E8,0x09E8,0x09E8,0x1B8E,0x3ED9,0x3ED9,0x3ED9,0x3ED9,0x3ED9,0x3ED9,0x3ED9,
    0x3ED9,0x3ED9,0x3ED9,0x6F1A,0xCFBE,0xCFBE,0xCFBE,0xCFBE,0xCFBE,0xCFBE,0xCFBE,0xCFBE,
    0xCFBE,0xCFBE,0xCFBE,0xCFBE,0xCFBE,0xCFBE,0xCFBE,0xCFBE,0xCFBE,0xC79D,0x434D,0x11A7,
    0x11A7,0x19C7,0x430C,0x6430,0x8554,0x9E38,0xB6DA,0xBF3C,0xC79D,0xC79D,0xBF3C,0xB6DA,
    0x9E38,0x8554,0x6430,0x3B0C,0x11A7,0x11A7,0x11A7,0x4B4D,0xC79D,0xCFBE,0xCFBE,0xCFBE,
    0xCFBE,0xCFBE,0xCFBE,0xCFBE,0xCFBE,0xCFBE,0xCFBE,0xCFBE,0xCFBE,0xCFBE,0xCFBE,0xCFBE,
    0xCFBE,0xCFBE,0x6F1A,0x3ED9,0x3ED9,0x3ED9,0x3ED9,0x3ED9,0x3ED9,0x3ED9,0x3ED9,0x3ED9,
    0x3ED9,0x1B8D,0x09E8,0x09E8,0x09E8,0xF81F,0xF81F,0xF81F,0xF81F,0xF81F,0xF81F,0xF81F,
    0xF81F,0xF81F,0xF81F,0xF81F,0xF81F,0xF81F,0xF81F,0xF81F,0xF81F,0xF81F,0xF81F,0xF81F,
    0xF81F,0xF81F,0xF81F,0xF81F,0xF81F,0xF81F,0xF81F,0xF81F,0xF81F,0xF81F,0xF81F,0xF81F,
    0xF81F,0xF81F,0xF81F,0xF81F,0xF81F,0xF81F,0xF81F,0xF81F,0xF81F,0xF81F,0xF81F,0xF81F,
    0xF81F,0xF81F,0xF81F,0xF81F,0xF81F,0xF81F,0xF81F,0xF81F,0xF81F,0xF81F,0xF81F,0xF81F,
    0xF81F,0xF81F,0xF81F,0xF81F,0xF81F,0xF81F,0xF81F,0xF81F,0x09E8,0x09E8,0x1208,0x3E37,
    0x3ED9,0x3ED9,0x3ED9,0x3ED9,0x3ED9,0x3ED9,0x3ED9,0x3ED9,0x3ED9,0x46D9,0xCFBD,0xCFBE,
    0xCFBE,0xCFBE,0xCFBE,0xCFBE,0xCFBE,0xCFBE,0xCFBE,0xCFBE,0xCFBE,0xCFBE,0xCFBE,0xCFBE,
    0xCFBE,0xCFBE,0xCFBE,0xCFBE,0xC79D,0x4B6D,0x11A7,0x11A7,0x11A7,0x11A7,0x11A7,0x11A7,
    0x11A7,0x11A7,0x11A7,0x11A7,0x11A7,0x11A7,0x11A7,0x11A7,0x11A7,0x11A7,0x11A7,0x11A7,
    0x4B8E,0xC79D,0xCFBE,0xCFBE,0xCFBE,0xCFBE,0xCFBE,0xCFBE,0xCFBE,0xCFBE,0xCFBE,0xCFBE,
    0xCFBE,0xCFBE,0xCFBE,0xCFBE,0xCFBE,0xCFBE,0xCFBE,0xC7BD,0x46D9,0x3ED9,0x3ED9,0x3ED9,
    0x3ED9,0x3ED9,0x3ED9,0x3ED9,0x3ED9,0x3ED9,0x3E37,0x1208,0x09E8,0x09E8,0xF81F,0xF81F,
    0xF81F,0xF81F,0xF81F,0xF81F,0xF81F,0xF81F,0xF81F,0xF81F,0xF81F,0xF81F,0xF81F,0xF81F,
    0xF81F,0xF81F,0xF81F,0xF81F,0xF81F,0xF81F,0xF81F,0xF81F,0xF81F,0xF81F,0xF81F,0xF81F,
    0xF81F,0xF81F,0xF81F,0xF81F,0xF81F,0xF81F,0xF81F,0xF81F,0xF81F,0xF81F,0xF81F,0xF81F,
    0xF81F,0xF81F,0xF81F,0xF81F,0xF81F,0xF81F,0xF81F,0xF81F,0xF81F,0xF81F,0xF81F,0xF81F,
    0xF81F,0xF81F,0xF81F,0xF81F,0xF81F,0xF81F,0xF81F,0xF81F,0xF81F,0xF81F,0xF81F,0xF81F,
    0xF81F,0xF81F,0x09E8,0x09E8,0x09E8,0x23EF,0x3ED9,0x3ED9,0x3ED9,0x3ED9,0x3ED9,0x3ED9,
    0x3ED9,0x3ED9,0x3ED9,0x3ED9,0xA77C,0xCFBE,0xCFBE,0xCFBE,0xCFBE,0xCFBE,0xCFBE,0xCFBE,
    0xCFBE,0xCFBE,0xCFBE,0xCFBE,0xCFBE,0xCFBE,0xCFBE,0xCFBE,0xCFBE,0xCFBE,0xCFBE,0xCFBD,
    0x6451,0x11A7,0x11A7,0x11A7,0x11A7,0x11A7,0x11A7,0x11A7,0x11A7,0x11A7,0x11A7,0x11A7,
    0x11A7,0x11A7,0x11A7,0x11A7,0x11A7,0x6C71,0xCFBD,0xCFBE,0xCFBE,0xCFBE,0xCFBE,0xCFBE,
    0xCFBE,0xCFBE,0xCFBE,0xCFBE,0xCFBE,0xCFBE,0xCFBE,0xCFBE,0xCFBE,0xCFBE,0xCFBE,0xCFBE,
    0xCFBE,0xA77C,0x3ED9,0x3ED9,0x3ED9,0x3ED9,0x3ED9,0x3ED9,0x3ED9,0x3ED9,0x3ED9,0x3ED9,
    0x23CF,0x09E8,0x09E8,0x09E8,0xF81F,0xF81F,0xF81F,0xF81F,0xF81F,0xF81F,0xF81F,0xF81F,
    0xF81F,0xF81F,0xF81F,0xF81F,0xF81F,0xF81F,0xF81F,0xF81F,0xF81F,0xF81F,0xF81F,0xF81F,
    0xF81F,0xF81F,0xF81F,0xF81F,0xF81F,0xF81F,0xF81F,0xF81F,0xF81F,0xF81F,0xF81F,0xF81F,
    0xF81F,0xF81F,0xF81F,0xF81F,0xF81F,0xF81F,0xF81F,0xF81F,0xF81F,0xF81F,0xF81F,0xF81F,
    0xF81F,0xF81F,0xF81F,0xF81F,0xF81F,0xF81F,0xF81F,0xF81F,0xF81F,0xF81F,0xF81F,0xF81F,
    0xF81F,0xF81F,0xF81F,0xF81F,0xF81F,0xF81F,0xF81F,0xF81F,0xF81F,0x09E8,0x09E8,0x1208,
    0x3E37,0x3ED9,0x3ED9,0x3ED9,0x3ED9,0x3ED9,0x3ED9,0x3ED9,0x3ED9,0x3ED9,0x6F1A,0xCFBE,
    0xCFBE,0xCFBE,0xCFBE,0xCFBE,0xCFBE,0xCFBE,0xCFBE,0xCFBE,0xCFBE,0xCFBE,0xCFBE,0xCFBE,
    0xCFBE,0xCFBE,0xCFBE,0xCFBE,0xCFBE,0xCFBE,0xCFBE,0x9E17,0x3A6A,0x628C,0x932F,0xC3B2,
    0xD3F4,0xE435,0xF476,0xF476,0xE435,0xD3F4,0xC3B2,0x932F,0x628C,0x3A6A,0x95D7,0xCFBE,
    0xCFBE,0xCFBE,0xCFBE,0xCFBE,0xCFBE,0xCFBE,0xCFBE,0xCFBE,0xCFBE,0xCFBE,0xCFBE,0xCFBE,
    0xCFBE,0xCFBE,0xCFBE,0xCFBE,0xCFBE,0xCFBE,0xCFBE,0x6F1A,0x3ED9,0x3ED9,0x3ED9,0x3ED9,
    0x3ED9,0x3ED9,0x3ED9,0x3ED9,0x3ED9,0x3E37,0x1208,0x09E8,0x09E8,0xF81F,0xF81F,0xF81F,
    0xF81F,0xF81F,0xF81F,0xF81F,0xF81F,0xF81F,0xF81F,0xF81F,0xF81F,0xF81F,0xF81F,0xF81F,
    0xF81F,0xF81F,0xF81F,0xF81F,0xF81F,0xF81F,0xF81F,0xF81F,0xF81F,0xF81F,0xF81F,0xF81F,
    0xF81F,0xF81F,0xF81F,0xF81F,0xF81F,0xF81F,0xF81F,0xF81F,0xF81F,0xF81F,0xF81F,0xF81F,
    0xF81F,0xF81F,0xF81F,0xF81F,0xF81F,0xF81F,0xF81F,0xF81F,0xF81F,0xF81F,0xF81F,0xF81F,
    0xF81F,0xF81F,0xF81F,0xF81F,0xF81F,0xF81F,0xF81F,0xF81F,0xF81F,0xF81F,0xF81F,0xF81F,
    0xF81F,0xF81F,0xF81F,0x09E8,0x09E8,0x09E8,0x23CF,0x3ED9,0x3ED9,0x3ED9,0x3ED9,0x3ED9,
    0x3ED9,0x3ED9,0x3ED9,0x3ED9,0x46D9,0xBFBD,0xCFBE,0xCFBE,0xCFBE,0xCFBE,0xCFBE,0xCFBE,
    0xCFBE,0xCFBE,0xCFBE,0xCFBE,0xCFBE,0xCFBE,0xCFBE,0xCFBE,0xCFBE,0xCFBE,0xCFBE,0xCFBE,
    0xCFBE,0xCFBE,0xD65A,0xFC76,0xFC76,0xFC76,0xFC76,0xFC76,0xFC76,0xFC76,0xFC76,0xFC76,
    0xFC76,0xFC76,0xFC76,0xDE3A,0xCFBE,0xCFBE,0xCFBE,0xCFBE,0xCFBE,0xCFBE,0xCFBE,0xCFBE,
    0xCFBE,0xCFBE,0xCFBE,0xCFBE,0xCFBE,0xCFBE,0xCFBE,0xCFBE,0xCFBE,0xCFBE,0xCFBE,0xCFBE,
    0xBF9D,0x46D9,0x3ED9,0x3ED9,0x3ED9,0x3ED9,0x3ED9,0x3ED9,0x3ED9,0x3ED9,0x3ED9,0x23AE,
    0x09E8,0x09E8,0x09E8,0xF81F,0xF81F,0xF81F,0xF81F,0xF81F,0xF81F,0xF81F,0xF81F,0xF81F,
    0xF81F,0xF81F,0xF81F,0xF81F,0xF81F,0xF81F,0xF81F,0xF81F,0xF81F,0xF81F,0xF81F,0xF81F,
    0xF81F,0xF81F,0xF81F,0xF81F,0xF81F,0xF81F,0xF81F,0xF81F,0xF81F,0xF81F,0xF81F,0xF81F,
    0xF81F,0xF81F,0xF81F,0xF81F,0xF81F,0xF81F,0xF81F,0xF81F,0xF81F,0xF81F,0xF81F,0xF81F,
    0xF81F,0xF81F,0xF81F,0xF81F,0xF81F,0xF81F,0xF81F,0xF81F,0xF81F,0xF81F,0xF81F,0xF81F,
    0xF81F,0xF81F,0xF81F,0xF81F,0xF81F,0xF81F,0xF81F,0xF81F,0xF81F,0xF81F,0x09E8,0x09E8,
    0x09E8,0x35B5,0x3ED9,0x3ED9,0x3ED9,0x3ED9,0x3ED9,0x3ED9,0x3ED9,0x3ED9,0x3ED9,0x7F3B,
    0xCFBE,0xCFBE,0xCFBE,0xCFBE,0xCFBE,0xCFBE,0xCFBE,0xCFBE,0xCFBE,0xCFBE,0xCFBE,0xCFBE,
    0xCFBE,0xCFBE,0xCFBE,0xCFBE,0xCFBE,0xCFBE,0xCFBE,0xCFBE,0xCFBE,0xD73C,0xED58,0xFC76,
    0xFC76,0xFC76,0xFC76,0xFC76,0xFC76,0xFC76,0xFC76,0xED58,0xD73C,0xCFBE,0xCFBE,0xCFBE,
    0xCFBE,0xCFBE,0xCFBE,0xCFBE,0xCFBE,0xCFBE,0xCFBE,0xCFBE,0xCFBE,0xCFBE,0xCFBE,0xCFBE,
    0xCFBE,0xCFBE,0xCFBE,0xCFBE,0xCFBE,0xCFBE,0x7F3B,0x3ED9,0x3ED9,0x3ED9,0x3ED9,0x3ED9,
    0x3ED9,0x3ED9,0x3ED9,0x3ED9,0x35B5,0x09E8,0x09E8,0x09E8,0xF81F,0xF81F,0xF81F,0xF81F,
    0xF81F,0xF81F,0xF81F,0xF81F,0xF81F,0xF81F,0xF81F,0xF81F,0xF81F,0xF81F,0xF81F,0xF81F,
    0xF81F,0xF81F,0xF81F,0xF81F,0xF81F,0xF81F,0xF81F,0xF81F,0xF81F,0xF81F,0xF81F,0xF81F,
    0xF81F,0xF81F,0xF81F,0xF81F,0xF81F,0xF81F,0xF81F,0xF81F,0xF81F,0xF81F,0xF81F,0xF81F,
    0xF81F,0xF81F,0xF81F,0xF81F,0xF81F,0xF81F,0xF81F,0xF81F,0xF81F,0xF81F,0xF81F,0xF81F,
    0xF81F,0xF81F,0xF81F,0xF81F,0xF81F,0xF81F,0xF81F,0xF81F,0xF81F,0xF81F,0xF81F,0xF81F,
    0xF81F,0xF81F,0xF81F,0xF81F,0x09E8,0x09E8,0x09E8,0x12CB,0x3EB8,0x3ED9,0x3ED9,0x3ED9,
    0x3ED9,0x3ED9,0x3ED9,0x3ED9,0x3ED9,0x46D9,0xB79D,0xCFBE,0xCFBE,0xCFBE,0xCFBE,0xCFBE,
    0xCFBE,0xCFBE,0xCFBE,0xCFBE,0xCFBE,0xCFBE,0xCFBE,0xCFBE,0xCFBE,0xCFBE,0xCFBE,0xCFBE,
    0xCFBE,0xCFBE,0xCFBE,0xCFBE,0xCFBE,0xD6FC,0xEDD9,0xF517,0xFCB7,0xFCB7,0xF518,0xEDD9,
    0xD6FC,0xCFBE,0xCFBE,0xCFBE,0xCFBE,0xCFBE,0xCFBE,0xCFBE,0xCFBE,0xCFBE,0xCFBE,0xCFBE,
    0xCFBE,0xCFBE,0xCFBE,0xCFBE,0xCFBE,0xCFBE,0xCFBE,0xCFBE,0xCFBE,0xCFBE,0xCFBE,0xB79D,
    0x46D9,0x3ED9,0x3ED9,0x3ED9,0x3ED9,0x3ED9,0x3ED9,0x3ED9,0x3ED9,0x3EB8,0x12AB,0x09E8,
    0x09E8,0x09E8,0xF81F,0xF81F,0xF81F,0xF81F,0xF81F,0xF81F,0xF81F,0xF81F,0xF81F,0xF81F,
    0xF81F,0xF81F,0xF81F,0xF81F,0xF81F,0xF81F,0xF81F,0xF81F,0xF81F,0xF81F,0xF81F,0xF81F,
    0xF81F,0xF81F,0xF81F,0xF81F,0xF81F,0xF81F,0xF81F,0xF81F,0xF81F,0xF81F,0xF81F,0xF81F,
    0xF81F,0xF81F,0xF81F,0xF81F,0xF81F,0xF81F,0xF81F,0xF81F,0xF81F,0xF81F,0xF81F,0xF81F,
    0xF81F,0xF81F,0xF81F,0xF81F,0xF81F,0xF81F,0xF81F,0xF81F,0xF81F,0xF81F,0xF81F,0xF81F,
    0xF81F,0xF81F,0xF81F,0xF81F,0xF81F,0xF81F,0xF81F,0xF81F,0xF81F,0xF81F,0xF81F,0x09E8,
    0x09E8,0x09E8,0x2C71,0x3ED9,0x3ED9,0x3ED9,0x3ED9,0x3ED9,0x3ED9,0x3ED9,0x3ED9,0x3ED9,
    0x6F1A,0xCFBE,0xCFBE,0xCFBE,0xCFBE,0xCFBE,0xCFBE,0xCFBE,0xCFBE,0xCFBE,0xCFBE,0xCFBE,
    0xCFBE,0xCFBE,0xCFBE,0xCFBE,0xCFBE,0xCFBE,0xCFBE,0xCFBE,0xCFBE,0xCFBE,0xCFBE,0xCFBE,
    0xCFBE,0xCFBE,0xCFBE,0xCFBE,0xCFBE,0xCFBE,0xCFBE,0xCFBE,0xCFBE,0xCFBE,0xCFBE,0xCFBE,
    0xCFBE,0xCFBE,0xCFBE,0xCFBE,0xCFBE,0xCFBE,0xCFBE,0xCFBE,0xCFBE,0xCFBE,0xCFBE,0xCFBE,
    0xCFBE,0xCFBE,0xCFBE,0xCFBE,0xCFBE,0x671A,0x3ED9,0x3ED9,0x3ED9,0x3ED9,0x3ED9,0x3ED9,
    0x3ED9,0x3ED9,0x3ED9,0x2450,0x09E8,0x09E8,0x09E8,0xF81F,0xF81F,0xF81F,0xF81F,0xF81F,
    0xF81F,0xF81F,0xF81F,0xF81F,0xF81F,0xF81F,0xF81F,0xF81F,0xF81F,0xF81F,0xF81F,0xF81F,
    0xF81F,0xF81F,0xF81F,0xF81F,0xF81F,0xF81F,0xF81F,0xF81F,0xF81F,0xF81F,0xF81F,0xF81F,
    0xF81F,0xF81F,0xF81F,0xF81F,0xF81F,0xF81F,0xF81F,0xF81F,0xF81F,0xF81F,0xF81F,0xF81F,
    0xF81F,0xF81F,0xF81F,0xF81F,0xF81F,0xF81F,0xF81F,0xF81F,0xF81F,0xF81F,0xF81F,0xF81F,
    0xF81F,0xF81F,0xF81F,0xF81F,0xF81F,0xF81F,0xF81F,0xF81F,0xF81F,0xF81F,0xF81F,0xF81F,
    0xF81F,0xF81F,0xF81F,0xF81F,0xF81F,0xF81F,0x09E8,0x09E8,0x1208,0x35D5,0x3ED9,0x3ED9,
    0x3ED9,0x3ED9,0x3ED9,0x3ED9,0x3ED9,0x3ED9,0x3ED9,0x975C,0xCFBE,0xCFBE,0xCFBE,0xCFBE,
    0xCFBE,0xCFBE,0xCFBE,0xCFBE,0xCFBE,0xCFBE,0xCFBE,0xCFBE,0xCFBE,0xCFBE,0xCFBE,0xCFBE,
    0xCFBE,0xCFBE,0xCFBE,0xCFBE,0xCFBE,0xCFBE,0xCFBE,0xCFBE,0xCFBE,0xCFBE,0xCFBE,0xCFBE,
    0xCFBE,0xCFBE,0xCFBE,0xCFBE,0xCFBE,0xCFBE,0xCFBE,0xCFBE,0xCFBE,0xCFBE,0xCFBE,0xCFBE,
    0xCFBE,0xCFBE,0xCFBE,0xCFBE,0xCFBE,0xCFBE,0xCFBE,0xCFBE,0xCFBE,0xCFBE,0x975B,0x3ED9,
    0x3ED9,0x3ED9,0x3ED9,0x3ED9,0x3ED9,0x3ED9,0x3ED9,0x3ED9,0x35D5,0x1208,0x09E8,0x09E8,
    0xF81F,0xF81F,0xF81F,0xF81F,0xF81F,0xF81F,0xF81F,0xF81F,0xF81F,0xF81F,0xF81F,0xF81F,
    0xF81F,0xF81F,0xF81F,0xF81F,0xF81F,0xF81F,0xF81F,0xF81F,0xF81F,0xF81F,0xF81F,0xF81F,
    0xF81F,0xF81F,0xF81F,0xF81F,0xF81F,0xF81F,0xF81F,0xF81F,0xF81F,0xF81F,0xF81F,0xF81F,
    0xF81F,0xF81F,0xF81F,0xF81F,0xF81F,0xF81F,0xF81F,0xF81F,0xF81F,0xF81F,0xF81F,0xF81F,
    0xF81F,0xF81F,0xF81F,0xF81F,0xF81F,0xF81F,0xF81F,0xF81F,0xF81F,0xF81F,0xF81F,0xF81F,
    0xF81F,0xF81F,0xF81F,0xF81F,0xF81F,0xF81F,0xF81F,0xF81F,0xF81F,0xF81F,0xF81F,0xF81F,
    0x09E8,0x09E8,0x09E8,0x128A,0x3E78,0x3ED9,0x3ED9,0x3ED9,0x3ED9,0x3ED9,0x3ED9,0x3ED9,
    0x3ED9,0x46D9,0xB79D,0xCFBE,0xCFBE,0xCFBE,0xCFBE,0xCFBE,0xCFBE,0xCFBE,0xCFBE,0xCFBE,
    0xCFBE,0xCFBE,0xCFBE,0xCFBE,0xCFBE,0xCFBE,0xCFBE,0xCFBE,0xCFBE,0xCFBE,0xCFBE,0xCFBE,
    0xCFBE,0xCFBE,0xCFBE,0xCFBE,0xCFBE,0xCFBE,0xCFBE,0xCFBE,0xCFBE,0xCFBE,0xCFBE,0xCFBE,
    0xCFBE,0xCFBE,0xCFBE,0xCFBE,0xCFBE,0xCFBE,0xCFBE,0xCFBE,0xCFBE,0xCFBE,0xCFBE,0xCFBE,
    0xCFBE,0xCFBE,0xCFBE,0xB79D,0x46D9,0x3ED9,0x3ED9,0x3ED9,0x3ED9,0x3ED9,0x3ED9,0x3ED9,
    0x3ED9,0x3E77,0x128A,0x09E8,0x09E8,0x09E8,0xF81F,0xF81F,0xF81F,0xF81F,0xF81F,0xF81F,
    0xF81F,0xF81F,0xF81F,0xF81F,0xF81F,0xF81F,0xF81F,0xF81F,0xF81F,0xF81F,0xF81F,0xF81F,
    0xF81F,0xF81F,0xF81F,0xF81F,0xF81F,0xF81F,0xF81F,0xF81F,0xF81F,0xF81F,0xF81F,0xF81F,
    0xF81F,0xF81F,0xF81F,0xF81F,0xF81F,0xF81F,0xF81F,0xF81F,0xF81F,0xF81F,0xF81F,0xF81F,
    0xF81F,0xF81F,0xF81F,0xF81F,0xF81F,0xF81F,0xF81F,0xF81F,0xF81F,0xF81F,0xF81F,0xF81F,
    0xF81F,0xF81F,0xF81F,0xF81F,0xF81F,0xF81F,0xF81F,0xF81F,0xF81F,0xF81F,0xF81F,0xF81F,
    0xF81F,0xF81F,0xF81F,0xF81F,0xF81F,0xF81F,0xF81F,0x09E8,0x09E8,0x09E8,0x1B2C,0x3EB9,
    0x3ED9,0x3ED9,0x3ED9,0x3ED9,0x3ED9,0x3ED9,0x3ED9,0x3ED9,0x56F9,0xBFBD,0xCFBE,0xCFBE,
    0xCFBE,0xCFBE,0xCFBE,0xCFBE,0xCFBE,0xCFBE,0xCFBE,0xCFBE,0xCFBE,0xCFBE,0xCFBE,0xCFBE,
    0xCFBE,0xCFBE,0xCFBE,0xCFBE,0xCFBE,0xCFBE,0xCFBE,0xCFBE,0xCFBE,0xCFBE,0xCFBE,0xCFBE,
    0xCFBE,0xCFBE,0xCFBE,0xCFBE,0xCFBE,0xCFBE,0xCFBE,0xCFBE,0xCFBE,0xCFBE,0xCFBE,0xCFBE,
    0xCFBE,0xCFBE,0xCFBE,0xCFBE,0xCFBE,0xCFBE,0xCFBE,0xCFBE,0xC7BD,0x56F9,0x3ED9,0x3ED9,
    0x3ED9,0x3ED9,0x3ED9,0x3ED9,0x3ED9,0x3ED9,0x3EB9,0x1B4D,0x09E8,0x09E8,0x09E8,0xF81F,
    0xF81F,0xF81F,0xF81F,0xF81F,0xF81F,0xF81F,0xF81F,0xF81F,0xF81F,0xF81F,0xF81F,0xF81F,
    0xF81F,0xF81F,0xF81F,0xF81F,0xF81F,0xF81F,0xF81F,0xF81F,0xF81F,0xF81F,0xF81F,0xF81F,
    0xF81F,0xF81F,0xF81F,0xF81F,0xF81F,0xF81F,0xF81F,0xF81F,0xF81F,0xF81F,0xF81F,0xF81F,
    0xF81F,0xF81F,0xF81F,0xF81F,0xF81F,0xF81F,0xF81F,0xF81F,0xF81F,0xF81F,0xF81F,0xF81F,
    0xF81F,0xF81F,0xF81F,0xF81F,0xF81F,0xF81F,0xF81F,0xF81F,0xF81F,0xF81F,0xF81F,0xF81F,
    0xF81F,0xF81F,0xF81F,0xF81F,0xF81F,0xF81F,0xF81F,0xF81F,0xF81F,0xF81F,0xF81F,0xF81F,
    0xF81F,0xF81F,0x09E8,0x09E8,0x09E8,0x2430,0x3ED9,0x3ED9,0x3ED9,0x3ED9,0x3ED9,0x3ED9,
    0x3ED9,0x3ED9,0x3ED9,0x5EFA,0xC7BD,0xCFBE,0xCFBE,0xCFBE,0xCFBE,0xCFBE,0xCFBE,0xCFBE,
    0xCFBE,0xCFBE,0xCFBE,0xCFBE,0xCFBE,0xCFBE,0xCFBE,0xCFBE,0xCFBE,0xCFBE,0xCFBE,0xCFBE,
    0xCFBE,0xCFBE,0xCFBE,0xCFBE,0xCFBE,0xCFBE,0xCFBE,0xCFBE,0xCFBE,0xCFBE,0xCFBE,0xCFBE,
    0xCFBE,0xCFBE,0xCFBE,0xCFBE,0xCFBE,0xCFBE,0xCFBE,0xCFBE,0xCFBE,0xCFBE,0xCFBE,0xCFBE,
    0xCFBE,0xC7BD,0x5EFA,0x3ED9,0x3ED9,0x3ED9,0x3ED9,0x3ED9,0x3ED9,0x3ED9,0x3ED9,0x3ED9,
    0x240F,0x09E8,0x09E8,0x09E8,0xF81F,0xF81F,0xF81F,0xF81F,0xF81F,0xF81F,0xF81F,0xF81F,
    0xF81F,0xF81F,0xF81F,0xF81F,0xF81F,0xF81F,0xF81F,0xF81F,0xF81F,0xF81F,0xF81F,0xF81F,
    0xF81F,0xF81F,0xF81F,0xF81F,0xF81F,0xF81F,0xF81F,0xF81F,0xF81F,0xF81F,0xF81F,0xF81F,
    0xF81F,0xF81F,0xF81F,0xF81F,0xF81F,0xF81F,0xF81F,0xF81F,0xF81F,0xF81F,0xF81F,0xF81F,
    0xF81F,0xF81F,0xF81F,0xF81F,0xF81F,0xF81F,0xF81F,0xF81F,0xF81F,0xF81F,0xF81F,0xF81F,
    0xF81F,0xF81F,0xF81F,0xF81F,0xF81F,0xF81F,0xF81F,0xF81F,0xF81F,0xF81F,0xF81F,0xF81F,
    0xF81F,0xF81F,0xF81F,0xF81F,0xF81F,0xF81F,0xF81F,0xF81F,0x09E8,0x09E8,0x09E8,0x09E8,
    0x2C71,0x3ED9,0x3ED9,0x3ED9,0x3ED9,0x3ED9,0x3ED9,0x3ED9,0x3ED9,0x3ED9,0x5EFA,0xC7BD,
    0xCFBE,0xCFBE,0xCFBE,0xCFBE,0xCFBE,0xCFBE,0xCFBE,0xCFBE,0xCFBE,0xCFBE,0xCFBE,0xCFBE,
    0xCFBE,0xCFBE,0xCFBE,0xCFBE,0xCFBE,0xCFBE,0xCFBE,0xCFBE,0xCFBE,0xCFBE,0xCFBE,0xCFBE,
    0xCFBE,0xCFBE,0xCFBE,0xCFBE,0xCFBE,0xCFBE,0xCFBE,0xCFBE,0xCFBE,0xCFBE,0xCFBE,0xCFBE,
    0xCFBE,0xCFBE,0xCFBE,0xCFBE,0xCFBE,0xCFBE,0xC7BD,0x5EFA,0x3ED9,0x3ED9,0x3ED9,0x3ED9,
    0x3ED9,0x3ED9,0x3ED9,0x3ED9,0x3ED9,0x2450,0x09E8,0x09E8,0x09E8,0xF81F,0xF81F,0xF81F,
    0xF81F,0xF81F,0xF81F,0xF81F,0xF81F,0xF81F,0xF81F,0xF81F,0xF81F,0xF81F,0xF81F,0xF81F,
    0xF81F,0xF81F,0xF81F,0xF81F,0xF81F,0xF81F,0xF81F,0xF81F,0xF81F,0xF81F,0xF81F,0xF81F,
    0xF81F,0xF81F,0xF81F,0xF81F,0xF81F,0xF81F,0xF81F,0xF81F,0xF81F,0xF81F,0xF81F,0xF81F,
    0xF81F,0xF81F,0xF81F,0xF81F,0xF81F,0xF81F,0xF81F,0xF81F,0xF81F,0xF81F,0xF81F,0xF81F,
    0xF81F,0xF81F,0xF81F,0xF81F,0xF81F,0xF81F,0xF81F,0xF81F,0xF81F,0xF81F,0xF81F,0xF81F,
    0xF81F,0xF81F,0xF81F,0xF81F,0xF81F,0xF81F,0xF81F,0xF81F,0xF81F,0xF81F,0xF81F,0xF81F,
    0xF81F,0xF81F,0xF81F,0x09E8,0x09E8,0x09E8,0x09E8,0x2CB1,0x3ED9,0x3ED9,0x3ED9,0x3ED9,
    0x3ED9,0x3ED9,0x3ED9,0x3ED9,0x3ED9,0x5EFA,0xBF9D,0xCFBE,0xCFBE,0xCFBE,0xCFBE,0xCFBE,
    0xCFBE,0xCFBE,0xCFBE,0xCFBE,0xCFBE,0xCFBE,0xCFBE,0xCFBE,0xCFBE,0xCFBE,0xCFBE,0xCFBE,
    0xCFBE,0xCFBE,0xCFBE,0xCFBE,0xCFBE,0xCFBE,0xCFBE,0xCFBE,0xCFBE,0xCFBE,0xCFBE,0xCFBE,
    0xCFBE,0xCFBE,0xCFBE,0xCFBE,0xCFBE,0xCFBE,0xCFBE,0xCFBE,0xCFBE,0xCFBE,0xCFBE,0xBF9D,
    0x56FA,0x3ED9,0x3ED9,0x3ED9,0x3ED9,0x3ED9,0x3ED9,0x3ED9,0x3ED9,0x3ED9,0x2CB1,0x09E8,
    0x09E8,0x09E8,0x09E8,0xF81F,0xF81F,0xF81F,0xF81F,0xF81F,0xF81F,0xF81F,0xF81F,0xF81F,
    0xF81F,0xF81F,0xF81F,0xF81F,0xF81F,0xF81F,0xF81F,0xF81F,0xF81F,0xF81F,0xF81F,0xF81F,
    0xF81F,0xF81F,0xF81F,0xF81F,0xF81F,0xF81F,0xF81F,0xF81F,0xF81F,0xF81F,0xF81F,0xF81F,
    0xF81F,0xF81F,0xF81F,0xF81F,0xF81F,0xF81F,0xF81F,0xF81F,0xF81F,0xF81F,0xF81F,0xF81F,
    0xF81F,0xF81F,0xF81F,0xF81F,0xF81F,0xF81F,0xF81F,0xF81F,0xF81F,0xF81F,0xF81F,0xF81F,
    0xF81F,0xF81F,0xF81F,0xF81F,0xF81F,0xF81F,0xF81F,0xF81F,0xF81F,0xF81F,0xF81F,0xF81F,
    0xF81F,0xF81F,0xF81F,0xF81F,0xF81F,0xF81F,0xF81F,0xF81F,0xF81F,0xF81F,0x09E8,0x09E8,
    0x09E8,0x09E8,0x2CB1,0x3ED9,0x3ED9,0x3ED9,0x3ED9,0x3ED9,0x3ED9,0x3ED9,0x3ED9,0x3ED9,
    0x4ED9,0xA77C,0xCFBE,0xCFBE,0xCFBE,0xCFBE,0xCFBE,0xCFBE,0xCFBE,0xCFBE,0xCFBE,0xCFBE,
    0xCFBE,0xCFBE,0xCFBE,0xCFBE,0xCFBE,0xCFBE,0xCFBE,0xCFBE,0xCFBE,0xCFBE,0xCFBE,0xCFBE,
    0xCFBE,0xCFBE,0xCFBE,0xCFBE,0xCFBE,0xCFBE,0xCFBE,0xCFBE,0xCFBE,0xCFBE,0xCFBE,0xCFBE,
    0xCFBE,0xCFBE,0xCFBE,0xCFBE,0xA77C,0x4ED9,0x3ED9,0x3ED9,0x3ED9,0x3ED9,0x3ED9,0x3ED9,
    0x3ED9,0x3ED9,0x3ED9,0x2CB1,0x09E8,0x09E8,0x09E8,0x09E8,0xF81F,0xF81F,0xF81F,0xF81F,
    0xF81F,0xF81F,0xF81F,0xF81F,0xF81F,0xF81F,0xF81F,0xF81F,0xF81F,0xF81F,0xF81F,0xF81F,
    0xF81F,0xF81F,0xF81F,0xF81F,0xF81F,0xF81F,0xF81F,0xF81F,0xF81F,0xF81F,0xF81F,0xF81F,
    0xF81F,0xF81F,0xF81F,0xF81F,0xF81F,0xF81F,0xF81F,0xF81F,0xF81F,0xF81F,0xF81F,0xF81F,
    0xF81F,0xF81F,0xF81F,0xF81F,0xF81F,0xF81F,0xF81F,0xF81F,0xF81F,0xF81F,0xF81F,0xF81F,
    0xF81F,0xF81F,0xF81F,0xF81F,0xF81F,0xF81F,0xF81F,0xF81F,0xF81F,0xF81F,0xF81F,0xF81F,
    0xF81F,0xF81F,0xF81F,0xF81F,0xF81F,0xF81F,0xF81F,0xF81F,0xF81F,0xF81F,0xF81F,0xF81F,
    0xF81F,0xF81F,0xF81F,0xF81F,0xF81F,0x09E8,0x09E8,0x09E8,0x09E8,0x240F,0x3EB9,0x3ED9,
    0x3ED9,0x3ED9,0x3ED9,0x3ED9,0x3ED9,0x3ED9,0x3ED9,0x46D9,0x7F3B,0xC7BD,0xCFBE,0xCFBE,
    0xCFBE,0xCFBE,0xCFBE,0xCFBE,0xCFBE,0xCFBE,0xCFBE,0xCFBE,0xCFBE,0xCFBE,0xCFBE,0xCFBE,
    0xCFBE,0xCFBE,0xCFBE,0xCFBE,0xCFBE,0xCFBE,0xCFBE,0xCFBE,0xCFBE,0xCFBE,0xCFBE,0xCFBE,
    0xCFBE,0xCFBE,0xCFBE,0xCFBE,0xCFBE,0xCFBE,0xCFBE,0xCFBE,0xC7BD,0x7F3B,0x46D9,0x3ED9,
    0x3ED9,0x3ED9,0x3ED9,0x3ED9,0x3ED9,0x3ED9,0x3ED9,0x3EB9,0x240F,0x09E8,0x09E8,0x09E8,
    0x09E8,0xF81F,0xF81F,0xF81F,0xF81F,0xF81F,0xF81F,0xF81F,0xF81F,0xF81F,0xF81F,0xF81F,
    0xF81F,0xF81F,0xF81F,0xF81F,0xF81F,0xF81F,0xF81F,0xF81F,0xF81F,0xF81F,0xF81F,0xF81F,
    0xF81F,0xF81F,0xF81F,0xF81F,0xF81F,0xF81F,0xF81F,0xF81F,0xF81F,0xF81F,0xF81F,0xF81F,
    0xF81F,0xF81F,0xF81F,0xF81F,0xF81F,0xF81F,0xF81F,0xF81F,0xF81F,0xF81F,0xF81F,0xF81F,
    0xF81F,0xF81F,0xF81F,0xF81F,0xF81F,0xF81F,0xF81F,0xF81F,0xF81F,0xF81F,0xF81F,0xF81F,
    0xF81F,0xF81F,0xF81F,0xF81F,0xF81F,0xF81F,0xF81F,0xF81F,0xF81F,0xF81F,0xF81F,0xF81F,
    0xF81F,0xF81F,0xF81F,0xF81F,0xF81F,0xF81F,0xF81F,0xF81F,0xF81F,0xF81F,0xF81F,0xF81F,
    0x09E8,0x09E8,0x09E8,0x09E8,0x1B6D,0x3E98,0x3ED9,0x3ED9,0x3ED9,0x3ED9,0x3ED9,0x3ED9,
    0x3ED9,0x3ED9,0x3ED9,0x56F9,0xA77C,0xCFBE,0xCFBE,0xCFBE,0xCFBE,0xCFBE,0xCFBE,0xCFBE,
    0xCFBE,0xCFBE,0xCFBE,0xCFBE,0xCFBE,0xCFBE,0xCFBE,0xCFBE,0xCFBE,0xCFBE,0xCFBE,0xCFBE,
    0xCFBE,0xCFBE,0xCFBE,0xCFBE,0xCFBE,0xCFBE,0xCFBE,0xCFBE,0xCFBE,0xCFBE,0xCFBE,0xCFBE,
    0xCFBE,0xA77C,0x56F9,0x3ED9,0x3ED9,0x3ED9,0x3ED9,0x3ED9,0x3ED9,0x3ED9,0x3ED9,0x3ED9,
    0x3E98,0x1B6D,0x09E8,0x09E8,0x09E8,0x09E8,0xF81F,0xF81F,0xF81F,0xF81F,0xF81F,0xF81F,
    0xF81F,0xF81F,0xF81F,0xF81F,0xF81F,0xF81F,0xF81F,0xF81F,0xF81F,0xF81F,0xF81F,0xF81F,
    0xF81F,0xF81F,0xF81F,0xF81F,0xF81F,0xF81F,0xF81F,0xF81F,0xF81F,0xF81F,0xF81F,0xF81F,
    0xF81F,0xF81F,0xF81F,0xF81F,0xF81F,0xF81F,0xF81F,0xF81F,0xF81F,0xF81F,0xF81F,0xF81F,
    0xF81F,0xF81F,0xF81F,0xF81F,0xF81F,0xF81F,0xF81F,0xF81F,0xF81F,0xF81F,0xF81F,0xF81F,
    0xF81F,0xF81F,0xF81F,0xF81F,0xF81F,0xF81F,0xF81F,0xF81F,0xF81F,0xF81F,0xF81F,0xF81F,
    0xF81F,0xF81F,0xF81F,0xF81F,0xF81F,0xF81F,0xF81F,0xF81F,0xF81F,0xF81F,0xF81F,0xF81F,
    0xF81F,0xF81F,0xF81F,0xF81F,0xF81F,0xF81F,0xF81F,0x09E8,0x09E8,0x09E8,0x09E8,0x12AB,
    0x35D6,0x3ED9,0x3ED9,0x3ED9,0x3ED9,0x3ED9,0x3ED9,0x3ED9,0x3ED9,0x3ED9,0x3ED9,0x5EFA,
    0xAF7C,0xCFBE,0xCFBE,0xCFBE,0xCFBE,0xCFBE,0xCFBE,0xCFBE,0xCFBE,0xCFBE,0xCFBE,0xCFBE,
    0xCFBE,0xCFBE,0xCFBE,0xCFBE,0xCFBE,0xCFBE,0xCFBE,0xCFBE,0xCFBE,0xCFBE,0xCFBE,0xCFBE,
    0xCFBE,0xCFBE,0xCFBE,0xCFBE,0xCFBE,0xA77C,0x5EFA,0x3ED9,0x3ED9,0x3ED9,0x3ED9,0x3ED9,
    0x3ED9,0x3ED9,0x3ED9,0x3ED9,0x3ED9,0x35F6,0x12CB,0x09E8,0x09E8,0x09E8,0x09E8,0xF81F,
    0xF81F,0xF81F,0xF81F,0xF81F,0xF81F,0xF81F,0xF81F,0xF81F,0xF81F,0xF81F,0xF81F,0xF81F,
    0xF81F,0xF81F,0xF81F,0xF81F,0xF81F,0xF81F,0xF81F,0xF81F,0xF81F,0xF81F,0xF81F,0xF81F,
    0xF81F,0xF81F,0xF81F,0xF81F,0xF81F,0xF81F,0xF81F,0xF81F,0xF81F,0xF81F,0xF81F,0xF81F,
    0xF81F,0xF81F,0xF81F,0xF81F,0xF81F,0xF81F,0xF81F,0xF81F,0xF81F,0xF81F,0xF81F,0xF81F,
    0xF81F,0xF81F,0xF81F,0xF81F,0xF81F,0xF81F,0xF81F,0xF81F,0xF81F,0xF81F,0xF81F,0xF81F,
    0xF81F,0xF81F,0xF81F,0xF81F,0xF81F,0xF81F,0xF81F,0xF81F,0xF81F,0xF81F,0xF81F,0xF81F,
    0xF81F,0xF81F,0xF81F,0xF81F,0xF81F,0xF81F,0xF81F,0xF81F,0xF81F,0xF81F,0xF81F,0xF81F,
    0xF81F,0xF81F,0x09E8,0x09E8,0x09E8,0x09E8,0x1208,0x2C71,0x3EB9,0x3ED9,0x3ED9,0x3ED9,
    0x3ED9,0x3ED9,0x3ED9,0x3ED9,0x3ED9,0x3ED9,0x3ED9,0x5EFA,0x975C,0xC7BD,0xCFBE,0xCFBE,
    0xCFBE,0xCFBE,0xCFBE,0xCFBE,0xCFBE,0xCFBE,0xCFBE,0xCFBE,0xCFBE,0xCFBE,0xCFBE,0xCFBE,
    0xCFBE,0xCFBE,0xCFBE,0xCFBE,0xCFBE,0xCFBE,0xCFBE,0xCFBE,0xC7BD,0x975C,0x5EFA,0x3ED9,
    0x3ED9,0x3ED9,0x3ED9,0x3ED9,0x3ED9,0x3ED9,0x3ED9,0x3ED9,0x3ED9,0x3EB9,0x2CD2,0x1209,
    0x09E8,0x09E8,0x09E8,0x09E8,0xF81F,0xF81F,0xF81F,0xF81F,0xF81F,0xF81F,0xF81F,0xF81F,
    0xF81F,0xF81F,0xF81F,0xF81F,0xF81F,0xF81F,0xF81F,0xF81F,0xF81F,0xF81F,0xF81F,0xF81F,
    0xF81F,0xF81F,0xF81F,0xF81F,0xF81F,0xF81F,0xF81F,0xF81F,0xF81F,0xF81F,0xF81F,0xF81F,
    0xF81F,0xF81F,0xF81F,0xF81F,0xF81F,0xF81F,0xF81F,0xF81F,0xF81F,0xF81F,0xF81F,0xF81F,
    0xF81F,0xF81F,0xF81F,0xF81F,0xF81F,0xF81F,0xF81F,0xF81F,0xF81F,0xF81F,0xF81F,0xF81F,
    0xF81F,0xF81F,0xF81F,0xF81F,0xF81F,0xF81F,0xF81F,0xF81F,0xF81F,0xF81F,0xF81F,0xF81F,
    0xF81F,0xF81F,0xF81F,0xF81F,0xF81F,0xF81F,0xF81F,0xF81F,0xF81F,0xF81F,0xF81F,0xF81F,
    0xF81F,0xF81F,0xF81F,0xF81F,0xF81F,0xF81F,0xF81F,0xF81F,0xF81F,0xF81F,0x09E8,0x09E8,
    0x09E8,0x09E8,0x1B4D,0x3E16,0x3ED9,0x3ED9,0x3ED9,0x3ED9,0x3ED9,0x3ED9,0x3ED9,0x3ED9,
    0x3ED9,0x3ED9,0x3ED9,0x46D9,0x6F1A,0x9F5C,0xC7BD,0xCFBE,0xCFBE,0xCFBE,0xCFBE,0xCFBE,
    0xCFBE,0xCFBE,0xCFBE,0xCFBE,0xCFBE,0xCFBE,0xCFBE,0xCFBE,0xCFBE,0xCFBE,0xCFBE,0xBFBD,
    0x9F5C,0x6F1A,0x46D9,0x3ED9,0x3ED9,0x3ED9,0x3ED9,0x3ED9,0x3ED9,0x3ED9,0x3ED9,0x3ED9,
    0x3ED9,0x3ED9,0x3E16,0x1B2D,0x09E8,0x09E8,0x09E8,0x09E8,0xF81F,0xF81F,0xF81F,0xF81F,
    0xF81F,0xF81F,0xF81F,0xF81F,0xF81F,0xF81F,0xF81F,0xF81F,0xF81F,0xF81F,0xF81F,0xF81F,
    0xF81F,0xF81F,0xF81F,0xF81F,0xF81F,0xF81F,0xF81F,0xF81F,0xF81F,0xF81F,0xF81F,0xF81F,
    0xF81F,0xF81F,0xF81F,0xF81F,0xF81F,0xF81F,0xF81F,0xF81F,0xF81F,0xF81F,0xF81F,0xF81F,
    0xF81F,0xF81F,0xF81F,0xF81F,0xF81F,0xF81F,0xF81F,0xF81F,0xF81F,0xF81F,0xF81F,0xF81F,
    0xF81F,0xF81F,0xF81F,0xF81F,0xF81F,0xF81F,0xF81F,0xF81F,0xF81F,0xF81F,0xF81F,0xF81F,
    0xF81F,0xF81F,0xF81F,0xF81F,0xF81F,0xF81F,0xF81F,0xF81F,0xF81F,0xF81F,0xF81F,0xF81F,
    0xF81F,0xF81F,0xF81F,0xF81F,0xF81F,0xF81F,0xF81F,0xF81F,0xF81F,0xF81F,0xF81F,0xF81F,
    0xF81F,0xF81F,0xF81F,0xF81F,0xF81F,0x09E8,0x09E8,0x09E8,0x09E8,0x1208,0x240F,0x3E78,
    0x3ED9,0x3ED9,0x3ED9,0x3ED9,0x3ED9,0x3ED9,0x3ED9,0x3ED9,0x3ED9,0x3ED9,0x3ED9,0x3ED9,
    0x3ED9,0x56FA,0x771A,0x8F5B,0x9F7C,0xB79D,0xBF9D,0xC7BD,0xCFBD,0xCFBD,0xC7BD,0xBF9D,
    0xB79D,0x9F7C,0x8F5B,0x771B,0x56FA,0x3ED9,0x3ED9,0x3ED9,0x3ED9,0x3ED9,0x3ED9,0x3ED9,
    0x3ED9,0x3ED9,0x3ED9,0x3ED9,0x3ED9,0x3ED9,0x3E98,0x2450,0x1208,0x09E8,0x09E8,0x09E8,
    0x09E8,0xF81F,0xF81F,0xF81F,0xF81F,0xF81F,0xF81F,0xF81F,0xF81F,0xF81F,0xF81F,0xF81F,
    0xF81F,0xF81F,0xF81F,0xF81F,0xF81F,0xF81F,0xF81F,0xF81F,0xF81F,0xF81F,0xF81F,0xF81F,
    0xF81F,0xF81F,0xF81F,0xF81F,0xF81F,0xF81F,0xF81F,0xF81F,0xF81F,0xF81F,0xF81F,0xF81F,
    0xF81F,0xF81F,0xF81F,0xF81F,0xF81F,0xF81F,0xF81F,0xF81F,0xF81F,0xF81F,0xF81F,0xF81F,
    0xF81F,0xF81F,0xF81F,0xF81F,0xF81F,0xF81F,0xF81F,0xF81F,0xF81F,0xF81F,0xF81F,0xF81F,
    0xF81F,0xF81F,0xF81F,0xF81F,0xF81F,0xF81F,0xF81F,0xF81F,0xF81F,0xF81F,0xF81F,0xF81F,
    0xF81F,0xF81F,0xF81F,0xF81F,0xF81F,0xF81F,0xF81F,0xF81F,0xF81F,0xF81F,0xF81F,0xF81F,
    0xF81F,0xF81F,0xF81F,0xF81F,0xF81F,0xF81F,0xF81F,0xF81F,0xF81F,0xF81F,0xF81F,0xF81F,
    0x09E8,0x09E8,0x09E8,0x09E8,0x09E8,0x126A,0x2CD2,0x3E98,0x3ED9,0x3ED9,0x3ED9,0x3ED9,
    0x3ED9,0x3ED9,0x3ED9,0x3ED9,0x3ED9,0x3ED9,0x3ED9,0x3ED9,0x3ED9,0x3ED9,0x3ED9,0x3ED9,
    0x3ED9,0x3ED9,0x3ED9,0x3ED9,0x3ED9,0x3ED9,0x3ED9,0x3ED9,0x3ED9,0x3ED9,0x3ED9,0x3ED9,
    0x3ED9,0x3ED9,0x3ED9,0x3ED9,0x3ED9,0x3ED9,0x3ED9,0x3ED9,0x3ED9,0x3ED9,0x3E98,0x2CB2,
    0x124A,0x09E8,0x09E8,0x09E8,0x09E8,0x09E8,0xF81F,0xF81F,0xF81F,0xF81F,0xF81F,0xF81F,
    0xF81F,0xF81F,0xF81F,0xF81F,0xF81F,0xF81F,0xF81F,0xF81F,0xF81F,0xF81F,0xF81F,0xF81F,
    0xF81F,0xF81F,0xF81F,0xF81F,0xF81F,0xF81F,0xF81F,0xF81F,0xF81F,0xF81F,0xF81F,0xF81F,
    0xF81F,0xF81F,0xF81F,0xF81F,0xF81F,0xF81F,0xF81F,0xF81F,0xF81F,0xF81F,0xF81F,0xF81F,
    0xF81F,0xF81F,0xF81F,0xF81F,0xF81F,0xF81F,0xF81F,0xF81F,0xF81F,0xF81F,0xF81F,0xF81F,
    0xF81F,0xF81F,0xF81F,0xF81F,0xF81F,0xF81F,0xF81F,0xF81F,0xF81F,0xF81F,0xF81F,0xF81F,
    0xF81F,0xF81F,0xF81F,0xF81F,0xF81F,0xF81F,0xF81F,0xF81F,0xF81F,0xF81F,0xF81F,0xF81F,
    0xF81F,0xF81F,0xF81F,0xF81F,0xF81F,0xF81F,0xF81F,0xF81F,0xF81F,0xF81F,0xF81F,0xF81F,
    0xF81F,0xF81F,0xF81F,0xF81F,0xF81F,0xF81F,0x09E8,0x09E8,0x09E8,0x09E8,0x09E8,0x09E8,
    0x09E8,0x1249,0x2450,0x3E78,0x3ED9,0x3ED9,0x3ED9,0x3ED9,0x3ED9,0x3ED9,0x3ED9,0x3ED9,
    0x3ED9,0x3ED9,0x3ED9,0x3ED9,0x3ED9,0x3ED9,0x3ED9,0x3ED9,0x3ED9,0x3ED9,0x3ED9,0x3ED9,
    0x3ED9,0x3ED9,0x3ED9,0x3ED9,0x3ED9,0x3ED9,0x3ED9,0x3ED9,0x3ED9,0x3ED9,0x3ED9,0x3ED9,
    0x3ED9,0x3ED9,0x3E78,0x2CB1,0x126A,0x09E8,0x09E8,0x09E8,0x09E8,0x09E8,0x09E8,0x09E8,
    0xF81F,0xF81F,0xF81F,0xF81F,0xF81F,0xF81F,0xF81F,0xF81F,0xF81F,0xF81F,0xF81F,0xF81F,
    0xF81F,0xF81F,0xF81F,0xF81F,0xF81F,0xF81F,0xF81F,0xF81F,0xF81F,0xF81F,0xF81F,0xF81F,
    0xF81F,0xF81F,0xF81F,0xF81F,0xF81F,0xF81F,0xF81F,0xF81F,0xF81F,0xF81F,0xF81F,0xF81F,
    0xF81F,0xF81F,0xF81F,0xF81F,0xF81F,0xF81F,0xF81F,0xF81F,0xF81F,0xF81F,0xF81F,0xF81F,
    0xF81F,0xF81F,0xF81F,0xF81F,0xF81F,0xF81F,0xF81F,0xF81F,0xF81F,0xF81F,0xF81F,0xF81F,
    0xF81F,0xF81F,0xF81F,0xF81F,0xF81F,0xF81F,0xF81F,0xF81F,0xF81F,0xF81F,0xF81F,0xF81F,
    0xF81F,0xF81F,0xF81F,0xF81F,0xF81F,0xF81F,0xF81F,0xF81F,0xF81F,0xF81F,0xF81F,0xF81F,
    0xF81F,0xF81F,0xF81F,0xF81F,0xF81F,0xF81F,0xF81F,0xF81F,0xF81F,0xF81F,0xF81F,0x09E8,
    0x09E8,0x1249,0x1C2F,0x1C50,0x1249,0x09E8,0x09E8,0x09E8,0x09E8,0x1229,0x23CE,0x3594,
    0x3EB9,0x3ED9,0x3ED9,0x3ED9,0x3ED9,0x3ED9,0x3ED9,0x3ED9,0x3ED9,0x3ED9,0x3ED9,0x3ED9,
    0x3ED9,0x3ED9,0x3ED9,0x3ED9,0x3ED9,0x3ED9,0x3ED9,0x3ED9,0x3ED9,0x3ED9,0x3ED9,0x3ED9,
    0x3ED9,0x3ED9,0x3ED9,0x3ED9,0x3ED9,0x3EB9,0x3574,0x23CE,0x1229,0x09E8,0x09E8,0x09E8,
    0x09E8,0x1249,0x1C50,0x1C2F,0x1249,0x09E8,0x09E8,0xF81F,0xF81F,0xF81F,0xF81F,0xF81F,
    0xF81F,0xF81F,0xF81F,0xF81F,0xF81F,0xF81F,0xF81F,0xF81F,0xF81F,0xF81F,0xF81F,0xF81F,
    0xF81F,0xF81F,0xF81F,0xF81F,0xF81F,0xF81F,0xF81F,0xF81F,0xF81F,0xF81F,0xF81F,0xF81F,
    0xF81F,0xF81F,0xF81F,0xF81F,0xF81F,0xF81F,0xF81F,0xF81F,0xF81F,0xF81F,0xF81F,0xF81F,
    0xF81F,0xF81F,0xF81F,0xF81F,0xF81F,0xF81F,0xF81F,0xF81F,0xF81F,0xF81F,0xF81F,0xF81F,
    0xF81F,0xF81F,0xF81F,0xF81F,0xF81F,0xF81F,0xF81F,0xF81F,0xF81F,0xF81F,0xF81F,0xF81F,
    0xF81F,0xF81F,0xF81F,0xF81F,0xF81F,0xF81F,0xF81F,0xF81F,0xF81F,0xF81F,0xF81F,0xF81F,
    0xF81F,0xF81F,0xF81F,0xF81F,0xF81F,0xF81F,0xF81F,0xF81F,0xF81F,0xF81F,0xF81F,0xF81F,
    0xF81F,0xF81F,0xF81F,0xF81F,0x09E8,0x09E8,0x134D,0x2594,0x25B5,0x25B5,0x2594,0x1C0F,
    0x1269,0x09E8,0x09E8,0x09E8,0x09E8,0x09E8,0x126A,0x240F,0x3594,0x3E98,0x3ED9,0x3ED9,
    0x3ED9,0x3ED9,0x3ED9,0x3ED9,0x3ED9,0x3ED9,0x3ED9,0x3ED9,0x3ED9,0x3ED9,0x3ED9,0x3ED9,
    0x3ED9,0x3ED9,0x3ED9,0x3ED9,0x3ED9,0x3ED9,0x3ED9,0x3ED9,0x3E98,0x3574,0x240F,0x126A,
    0x09E8,0x09E8,0x09E8,0x09E8,0x09E8,0x126A,0x1C0F,0x2594,0x25B5,0x25B5,0x2594,0x134D,
    0x09E8,0x09E8,0xF81F,0xF81F,0xF81F,0xF81F,0xF81F,0xF81F,0xF81F,0xF81F,0xF81F,0xF81F,
    0xF81F,0xF81F,0xF81F,0xF81F,0xF81F,0xF81F,0xF81F,0xF81F,0xF81F,0xF81F,0xF81F,0xF81F,
    0xF81F,0xF81F,0xF81F,0xF81F,0xF81F,0xF81F,0xF81F,0xF81F,0xF81F,0xF81F,0xF81F,0xF81F,
    0xF81F,0xF81F,0xF81F,0xF81F,0xF81F,0xF81F,0xF81F,0xF81F,0xF81F,0xF81F,0xF81F,0xF81F,
    0xF81F,0xF81F,0xF81F,0xF81F,0xF81F,0xF81F,0xF81F,0xF81F,0xF81F,0xF81F,0xF81F,0xF81F,
    0xF81F,0xF81F,0xF81F,0xF81F,0xF81F,0xF81F,0xF81F,0xF81F,0xF81F,0xF81F,0xF81F,0xF81F,
    0xF81F,0xF81F,0xF81F,0xF81F,0xF81F,0xF81F,0xF81F,0xF81F,0xF81F,0xF81F,0xF81F,0xF81F,
    0xF81F,0xF81F,0xF81F,0xF81F,0xF81F,0xF81F,0xF81F,0xF81F,0xF81F,0x09E8,0x09E8,0x1BAE,
    0x25B5,0x25B5,0x25B5,0x25B5,0x25B5,0x25B5,0x25B4,0x1C50,0x12AA,0x09E8,0x09E8,0x09E8,
    0x09E8,0x09E8,0x09E8,0x1208,0x1B0C,0x2430,0x3533,0x3616,0x3EB8,0x3ED9,0x3ED9,0x3ED9,
    0x3ED9,0x3ED9,0x3ED9,0x3ED9,0x3ED9,0x3ED9,0x3ED9,0x3ED9,0x3ED9,0x3EB8,0x35F6,0x3533,
    0x2430,0x1B0C,0x1208,0x09E8,0x09E8,0x09E8,0x09E8,0x09E8,0x09E8,0x12AA,0x1C70,0x25B4,
    0x25B5,0x25B5,0x25B5,0x25B5,0x25B5,0x25B5,0x138E,0x09E8,0x09E8,0xF81F,0xF81F,0xF81F,
    0xF81F,0xF81F,0xF81F,0xF81F,0xF81F,0xF81F,0xF81F,0xF81F,0xF81F,0xF81F,0xF81F,0xF81F,
    0xF81F,0xF81F,0xF81F,0xF81F,0xF81F,0xF81F,0xF81F,0xF81F,0xF81F,0xF81F,0xF81F,0xF81F,
    0xF81F,0xF81F,0xF81F,0xF81F,0xF81F,0xF81F,0xF81F,0xF81F,0xF81F,0xF81F,0xF81F,0xF81F,
    0xF81F,0xF81F,0xF81F,0xF81F,0xF81F,0xF81F,0xF81F,0xF81F,0xF81F,0xF81F,0xF81F,0xF81F,
    0xF81F,0xF81F,0xF81F,0xF81F,0xF81F,0xF81F,0xF81F,0xF81F,0xF81F,0xF81F,0xF81F,0xF81F,
    0xF81F,0xF81F,0xF81F,0xF81F,0xF81F,0xF81F,0xF81F,0xF81F,0xF81F,0xF81F,0xF81F,0xF81F,
    0xF81F,0xF81F,0xF81F,0xF81F,0xF81F,0xF81F,0xF81F,0xF81F,0xF81F,0xF81F,0xF81F,0xF81F,
    0xF81F,0xF81F,0xF81F,0x09E8,0x12CB,0x25B5,0x25B5,0x25B5,0x25B5,0x25B5,0x25B5,0x25B5,
    0x25B5,0x25B5,0x25B5,0x1CF2,0x138D,0x1249,0x09E8,0x09E8,0x09E8,0x09E8,0x09E8,0x09E8,
    0x09E8,0x09E8,0x11E8,0x128A,0x1B2C,0x1B8E,0x23CE,0x23EF,0x2430,0x2430,0x23EF,0x23CE,
    0x1B8E,0x1B2C,0x128A,0x11E8,0x09E8,0x09E8,0x09E8,0x09E8,0x09E8,0x09E8,0x09E8,0x09E8,
    0x1249,0x138E,0x1CF2,0x25B5,0x25B5,0x25B5,0x25B5,0x25B5,0x25B5,0x25B5,0x25B5,0x25B5,
    0x25B4,0x12CB,0x09E8,0xF81F,0xF81F,0xF81F,0xF81F,0xF81F,0xF81F,0xF81F,0xF81F,0xF81F,
    0xF81F,0xF81F,0xF81F,0xF81F,0xF81F,0xF81F,0xF81F,0xF81F,0xF81F,0xF81F,0xF81F,0xF81F,
    0xF81F,0xF81F,0xF81F,0xF81F,0xF81F,0xF81F,0xF81F,0xF81F,0xF81F,0xF81F,0xF81F,0xF81F,
    0xF81F,0xF81F,0xF81F,0xF81F,0xF81F,0xF81F,0xF81F,0xF81F,0xF81F,0xF81F,0xF81F,0xF81F,
    0xF81F,0xF81F,0xF81F,0xF81F,0xF81F,0xF81F,0xF81F,0xF81F,0xF81F,0xF81F,0xF81F,0xF81F,
    0xF81F,0xF81F,0xF81F,0xF81F,0xF81F,0xF81F,0xF81F,0xF81F,0xF81F,0xF81F,0xF81F,0xF81F,
    0xF81F,0xF81F,0xF81F,0xF81F,0xF81F,0xF81F,0xF81F,0xF81F,0xF81F,0xF81F,0xF81F,0xF81F,
    0xF81F,0xF81F,0xF81F,0xF81F,0xF81F,0xF81F,0xF81F,0xF81F,0x09E8,0x09E8,0x1C91,0x25B5,
    0x25B5,0x25B5,0x25B5,0x25B5,0x25B5,0x25B5,0x25B5,0x25B5,0x25B5,0x25B5,0x25B5,0x25B4,
    0x1CB1,0x138D,0x128A,0x09E8,0x09E8,0x09E8,0x09E8,0x09E8,0x09E8,0x09E8,0x09E8,0x09E8,
    0x09E8,0x09E8,0x09E8,0x09E8,0x09E8,0x09E8,0x09E8,0x09E8,0x09E8,0x09E8,0x09E8,0x09E8,
    0x09E8,0x09E8,0x09E8,0x128A,0x1B8D,0x1CD1,0x25B5,0x25B5,0x25B5,0x25B5,0x25B5,0x25B5,
    0x25B5,0x25B5,0x25B5,0x25B5,0x25B5,0x25B5,0x25B5,0x1C91,0x09E8,0x09E8,0xF81F,0xF81F,
    0xF81F,0xF81F,0xF81F,0xF81F,0xF81F,0xF81F,0xF81F,0xF81F,0xF81F,0xF81F,0xF81F,0xF81F,
    0xF81F,0xF81F,0xF81F,0xF81F,0xF81F,0xF81F,0xF81F,0xF81F,0xF81F,0xF81F,0xF81F,0xF81F,
    0xF81F,0xF81F,0xF81F,0xF81F,0xF81F,0xF81F,0xF81F,0xF81F,0xF81F,0xF81F,0xF81F,0xF81F,
    0xF81F,0xF81F,0xF81F,0xF81F,0xF81F,0xF81F,0xF81F,0xF81F,0xF81F,0xF81F,0xF81F,0xF81F,
    0xF81F,0xF81F,0xF81F,0xF81F,0xF81F,0xF81F,0xF81F,0xF81F,0xF81F,0xF81F,0xF81F,0xF81F,
    0xF81F,0xF81F,0xF81F,0xF81F,0xF81F,0xF81F,0xF81F,0xF81F,0xF81F,0xF81F,0xF81F,0xF81F,
    0xF81F,0xF81F,0xF81F,0xF81F,0xF81F,0xF81F,0xF81F,0xF81F,0xF81F,0xF81F,0xF81F,0xF81F,
    0xF81F,0xF81F,0x09E8,0x09E8,0x2574,0x25B5,0x25B5,0x25B5,0x25B5,0x25B5,0x25B5,0x25B5,
    0x25B5,0x25B5,0x25B5,0x25B5,0x25B5,0x25B5,0x25B5,0x25B5,0x25B5,0x2574,0x1C71,0x138D,
    0x12EB,0x1269,0x09E8,0x09E8,0x09E8,0x09E8,0x09E8,0x09E8,0x09E8,0x09E8,0x09E8,0x09E8,
    0x09E8,0x09E8,0x09E8,0x09E8,0x1269,0x12EB,0x138E,0x1C91,0x2574,0x25B5,0x25B5,0x25B5,
    0x25B5,0x25B5,0x25B5,0x25B5,0x25B5,0x25B5,0x25B5,0x25B5,0x25B5,0x25B5,0x25B5,0x25B5,
    0x25B5,0x2574,0x09E8,0x09E8,0xF81F,0xF81F,0xF81F,0xF81F,0xF81F,0xF81F,0xF81F,0xF81F,
    0xF81F,0xF81F,0xF81F,0xF81F,0xF81F,0xF81F,0xF81F,0xF81F,0xF81F,0xF81F,0xF81F,0xF81F,
    0xF81F,0xF81F,0xF81F,0xF81F,0xF81F,0xF81F,0xF81F,0xF81F,0xF81F,0xF81F,0xF81F,0xF81F,
    0xF81F,0xF81F,0xF81F,0xF81F,0xF81F,0xF81F,0xF81F,0xF81F,0xF81F,0xF81F,0xF81F,0xF81F,
    0xF81F,0xF81F,0xF81F,0xF81F,0xF81F,0xF81F,0xF81F,0xF81F,0xF81F,0xF81F,0xF81F,0xF81F,
    0xF81F,0xF81F,0xF81F,0xF81F,0xF81F,0xF81F,0xF81F,0xF81F,0xF81F,0xF81F,0xF81F,0xF81F,
    0xF81F,0xF81F,0xF81F,0xF81F,0xF81F,0xF81F,0xF81F,0xF81F,0xF81F,0xF81F,0xF81F,0xF81F,
    0xF81F,0xF81F,0xF81F,0xF81F,0xF81F,0xF81F,0xF81F,0xF81F,0x09E8,0x09E8,0x2574,0x25B5,
    0x25B5,0x25B5,0x25B5,0x25B5,0x25B5,0x25B5,0x25B5,0x25B5,0x25B5,0x25B5,0x25B5,0x25B5,
    0x25B5,0x25B5,0x25B5,0x25B5,0x25B5,0x25B5,0x25B5,0x2574,0x09E8,0x09E8,0xF81F,0xF81F,
    0xF81F,0xF81F,0xF81F,0xF81F,0xF81F,0xF81F,0xF81F,0xF81F,0x09C8,0x09E8,0x2574,0x25B5,
    0x25B5,0x25B5,0x25B5,0x25B5,0x25B5,0x25B5,0x25B5,0x25B5,0x25B5,0x25B5,0x25B5,0x25B5,
    0x25B5,0x25B5,0x25B5,0x25B5,0x25B5,0x25B5,0x25B5,0x2574,0x09E8,0x09E8,0xF81F,0xF81F,
    0xF81F,0xF81F,0xF81F,0xF81F,0xF81F,0xF81F,0xF81F,0xF81F,0xF81F,0xF81F,0xF81F,0xF81F,
    0xF81F,0xF81F,0xF81F,0xF81F,0xF81F,0xF81F,0xF81F,0xF81F,0xF81F,0xF81F,0xF81F,0xF81F,
    0xF81F,0xF81F,0xF81F,0xF81F,0xF81F,0xF81F,0xF81F,0xF81F,0xF81F,0xF81F,0xF81F,0xF81F,
    0xF81F,0xF81F,0xF81F,0xF81F,0xF81F,0xF81F,0xF81F,0xF81F,0xF81F,0xF81F,0xF81F,0xF81F,
    0xF81F,0xF81F,0xF81F,0xF81F,0xF81F,0xF81F,0xF81F,0xF81F,0xF81F,0xF81F,0xF81F,0xF81F,
    0xF81F,0xF81F,0xF81F,0xF81F,0xF81F,0xF81F,0xF81F,0xF81F,0xF81F,0xF81F,0xF81F,0xF81F,
    0xF81F,0xF81F,0xF81F,0xF81F,0xF81F,0xF81F,0xF81F,0xF81F,0xF81F,0xF81F,0xF81F,0xF81F,
    0xF81F,0xF81F,0x09E8,0x09E8,0x1C91,0x25B5,0x25B5,0x25B5,0x25B5,0x25B5,0x25B5,0x25B5,
    0x25B5,0x25B5,0x25B5,0x25B5,0x25B5,0x25B5,0x25B5,0x25B5,0x25B5,0x25B5,0x25B5,0x25B5,
    0x25B5,0x1C91,0x09E8,0x09E8,0xF81F,0xF81F,0xF81F,0xF81F,0xF81F,0xF81F,0xF81F,0xF81F,
    0xF81F,0xF81F,0x09E8,0x09E8,0x1C91,0x25B5,0x25B5,0x25B5,0x25B5,0x25B5,0x25B5,0x25B5,
    0x25B5,0x25B5,0x25B5,0x25B5,0x25B5,0x25B5,0x25B5,0x25B5,0x25B5,0x25B5,0x25B5,0x25B5,
    0x25B5,0x1C91,0x09E8,0x09E8,0xF81F,0xF81F,0xF81F,0xF81F,0xF81F,0xF81F,0xF81F,0xF81F,
    0xF81F,0xF81F,0xF81F,0xF81F,0xF81F,0xF81F,0xF81F,0xF81F,0xF81F,0xF81F,0xF81F,0xF81F,
    0xF81F,0xF81F,0xF81F,0xF81F,0xF81F,0xF81F,0xF81F,0xF81F,0xF81F,0xF81F,0xF81F,0xF81F,
    0xF81F,0xF81F,0xF81F,0xF81F,0xF81F,0xF81F,0xF81F,0xF81F,0xF81F,0xF81F,0xF81F,0xF81F,
    0xF81F,0xF81F,0xF81F,0xF81F,0xF81F,0xF81F,0xF81F,0xF81F,0xF81F,0xF81F,0xF81F,0xF81F,
    0xF81F,0xF81F,0xF81F,0xF81F,0xF81F,0xF81F,0xF81F,0xF81F,0xF81F,0xF81F,0xF81F,0xF81F,
    0xF81F,0xF81F,0xF81F,0xF81F,0xF81F,0xF81F,0xF81F,0xF81F,0xF81F,0xF81F,0xF81F,0xF81F,
    0xF81F,0xF81F,0xF81F,0xF81F,0xF81F,0xF81F,0xF81F,0xF81F,0xF81F,0x09E8,0x12CB,0x25B4,
    0x25B5,0x25B5,0x25B5,0x25B5,0x25B5,0x25B5,0x25B5,0x25B5,0x25B5,0x25B5,0x25B5,0x25B5,
    0x25B5,0x25B5,0x25B5,0x25B5,0x25B5,0x25B5,0x25B4,0x12CB,0x09E8,0xF81F,0xF81F,0xF81F,
    0xF81F,0xF81F,0xF81F,0xF81F,0xF81F,0xF81F,0xF81F,0xF81F,0xF81F,0x09E8,0x12CB,0x25B4,
    0x25B5,0x25B5,0x25B5,0x25B5,0x25B5,0x25B5,0x25B5,0x25B5,0x25B5,0x25B5,0x25B5,0x25B5,
    0x25B5,0x25B5,0x25B5,0x25B5,0x25B5,0x25B5,0x25B4,0x12CB,0x09E8,0xF81F,0xF81F,0xF81F,
    0xF81F,0xF81F,0xF81F,0xF81F,0xF81F,0xF81F,0xF81F,0xF81F,0xF81F,0xF81F,0xF81F,0xF81F,
    0xF81F,0xF81F,0xF81F,0xF81F,0xF81F,0xF81F,0xF81F,0xF81F,0xF81F,0xF81F,0xF81F,0xF81F,
    0xF81F,0xF81F,0xF81F,0xF81F,0xF81F,0xF81F,0xF81F,0xF81F,0xF81F,0xF81F,0xF81F,0xF81F,
    0xF81F,0xF81F,0xF81F,0xF81F,0xF81F,0xF81F,0xF81F,0xF81F,0xF81F,0xF81F,0xF81F,0xF81F,
    0xF81F,0xF81F,0xF81F,0xF81F,0xF81F,0xF81F,0xF81F,0xF81F,0xF81F,0xF81F,0xF81F,0xF81F,
    0xF81F,0xF81F,0xF81F,0xF81F,0xF81F,0xF81F,0xF81F,0xF81F,0xF81F,0xF81F,0xF81F,0xF81F,
    0xF81F,0xF81F,0xF81F,0xF81F,0xF81F,0xF81F,0xF81F,0xF81F,0xF81F,0xF81F,0xF81F,0xF81F,
    0xF81F,0xF81F,0xF81F,0x09E8,0x09E8,0x138E,0x25B5,0x25B5,0x25B5,0x25B5,0x25B5,0x25B5,
    0x25B5,0x25B5,0x25B5,0x25B5,0x25B5,0x25B5,0x25B5,0x25B5,0x25B5,0x25B5,0x25B5,0x25B5,
    0x138E,0x09E8,0x09E8,0xF81F,0xF81F,0xF81F,0xF81F,0xF81F,0xF81F,0xF81F,0xF81F,0xF81F,
    0xF81F,0xF81F,0xF81F,0x09E8,0x09E8,0x138E,0x25B5,0x25B5,0x25B5,0x25B5,0x25B5,0x25B5,
    0x25B5,0x25B5,0x25B5,0x25B5,0x25B5,0x25B5,0x25B5,0x25B5,0x25B5,0x25B5,0x25B5,0x25B5,
    0x138E,0x09E8,0x09E8,0xF81F,0xF81F,0xF81F,0xF81F,0xF81F,0xF81F,0xF81F,0xF81F,0xF81F,
    0xF81F,0xF81F,0xF81F,0xF81F,0xF81F,0xF81F,0xF81F,0xF81F,0xF81F,0xF81F,0xF81F,0xF81F,
    0xF81F,0xF81F,0xF81F,0xF81F,0xF81F,0xF81F,0xF81F,0xF81F,0xF81F,0xF81F,0xF81F,0xF81F,
    0xF81F,0xF81F,0xF81F,0xF81F,0xF81F,0xF81F,0xF81F,0xF81F,0xF81F,0xF81F,0xF81F,0xF81F,
    0xF81F,0xF81F,0xF81F,0xF81F,0xF81F,0xF81F,0xF81F,0xF81F,0xF81F,0xF81F,0xF81F,0xF81F,
    0xF81F,0xF81F,0xF81F,0xF81F,0xF81F,0xF81F,0xF81F,0xF81F,0xF81F,0xF81F,0xF81F,0xF81F,
    0xF81F,0xF81F,0xF81F,0xF81F,0xF81F,0xF81F,0xF81F,0xF81F,0xF81F,0xF81F,0xF81F,0xF81F,
    0xF81F,0xF81F,0xF81F,0xF81F,0xF81F,0xF81F,0xF81F,0xF81F,0xF81F,0xF81F,0x09E8,0x09E8,
    0x134D,0x2594,0x25B5,0x25B5,0x25B5,0x25B5,0x25B5,0x25B5,0x25B5,0x25B5,0x25B5,0x25B5,
    0x25B5,0x25B5,0x25B5,0x25B5,0x2594,0x134D,0x09E8,0x09E8,0xF81F,0xF81F,0xF81F,0xF81F,
    0xF81F,0xF81F,0xF81F,0xF81F,0xF81F,0xF81F,0xF81F,0xF81F,0xF81F,0xF81F,0x09E8,0x09E8,
    0x134D,0x2594,0x25B5,0x25B5,0x25B5,0x25B5,0x25B5,0x25B5,0x25B5,0x25B5,0x25B5,0x25B5,
    0x25B5,0x25B5,0x25B5,0x25B5,0x2594,0x134D,0x09E8,0x09E8,0xF81F,0xF81F,0xF81F,0xF81F,
    0xF81F,0xF81F,0xF81F,0xF81F,0xF81F,0xF81F,0xF81F,0xF81F,0xF81F,0xF81F,0xF81F,0xF81F,
    0xF81F,0xF81F,0xF81F,0xF81F,0xF81F,0xF81F,0xF81F,0xF81F,0xF81F,0xF81F,0xF81F,0xF81F,
    0xF81F,0xF81F,0xF81F,0xF81F,0xF81F,0xF81F,0xF81F,0xF81F,0xF81F,0xF81F,0xF81F,0xF81F,
    0xF81F,0xF81F,0xF81F,0xF81F,0xF81F,0xF81F,0xF81F,0xF81F,0xF81F,0xF81F,0xF81F,0xF81F,
    0xF81F,0xF81F,0xF81F,0xF81F,0xF81F,0xF81F,0xF81F,0xF81F,0xF81F,0xF81F,0xF81F,0xF81F,
    0xF81F,0xF81F,0xF81F,0xF81F,0xF81F,0xF81F,0xF81F,0xF81F,0xF81F,0xF81F,0xF81F,0xF81F,
    0xF81F,0xF81F,0xF81F,0xF81F,0xF81F,0xF81F,0xF81F,0xF81F,0xF81F,0xF81F,0xF81F,0xF81F,
    0xF81F,0xF81F,0xF81F,0xF81F,0xF81F,0x09E8,0x09E8,0x1249,0x1C2F,0x2594,0x25B5,0x25B5,
    0x25B5,0x25B5,0x25B5,0x25B5,0x25B5,0x25B5,0x25B5,0x25B5,0x2594,0x1C2F,0x1249,0x09E8,
    0x09E8,0xF81F,0xF81F,0xF81F,0xF81F,0xF81F,0xF81F,0xF81F,0xF81F,0xF81F,0xF81F,0xF81F,
    0xF81F,0xF81F,0xF81F,0xF81F,0xF81F,0x09E8,0x09E8,0x1249,0x1C2F,0x2594,0x25B5,0x25B5,
    0x25B5,0x25B5,0x25B5,0x25B5,0x25B5,0x25B5,0x25B5,0x25B5,0x2594,0x1C2F,0x1249,0x09E8,
    0x09E8,0xF81F,0xF81F,0xF81F,0xF81F,0xF81F,0xF81F,0xF81F,0xF81F,0xF81F,0xF81F,0xF81F,
    0xF81F,0xF81F,0xF81F,0xF81F,0xF81F,0xF81F,0xF81F,0xF81F,0xF81F,0xF81F,0xF81F,0xF81F,
    0xF81F,0xF81F,0xF81F,0xF81F,0xF81F,0xF81F,0xF81F,0xF81F,0xF81F,0xF81F,0xF81F,0xF81F,
    0xF81F,0xF81F,0xF81F,0xF81F,0xF81F,0xF81F,0xF81F,0xF81F,0xF81F,0xF81F,0xF81F,0xF81F,
    0xF81F,0xF81F,0xF81F,0xF81F,0xF81F,0xF81F,0xF81F,0xF81F,0xF81F,0xF81F,0xF81F,0xF81F,
    0xF81F,0xF81F,0xF81F,0xF81F,0xF81F,0xF81F,0xF81F,0xF81F,0xF81F,0xF81F,0xF81F,0xF81F,
    0xF81F,0xF81F,0xF81F,0xF81F,0xF81F,0xF81F,0xF81F,0xF81F,0xF81F,0xF81F,0xF81F,0xF81F,
    0xF81F,0xF81F,0xF81F,0xF81F,0xF81F,0xF81F,0xF81F,0xF81F,0xF81F,0xF81F,0xF81F,0xF81F,
    0x09E8,0x09E8,0x09E8,0x1209,0x134C,0x1C2F,0x1CF2,0x2553,0x2594,0x2594,0x2553,0x1CF2,
    0x1C2F,0x132C,0x1209,0x09E8,0x09E8,0x09E8,0xF81F,0xF81F,0xF81F,0xF81F,0xF81F,0xF81F,
    0xF81F,0xF81F,0xF81F,0xF81F,0xF81F,0xF81F,0xF81F,0xF81F,0xF81F,0xF81F,0xF81F,0xF81F,
    0x09E8,0x09E8,0x09E8,0x1209,0x134C,0x1C2F,0x1CF2,0x2553,0x2594,0x2594,0x2553,0x1CF2,
    0x1C2F,0x132C,0x1209,0x09E8,0x09E8,0x09E8,0xF81F,0xF81F,0xF81F,0xF81F,0xF81F,0xF81F,
    0xF81F,0xF81F,0xF81F,0xF81F,0xF81F,0xF81F,0xF81F,0xF81F,0xF81F,0xF81F,0xF81F,0xF81F,
    0xF81F,0xF81F,0xF81F,0xF81F,0xF81F,0xF81F,0xF81F,0xF81F,0xF81F,0xF81F,0xF81F,0xF81F,
    0xF81F,0xF81F,0xF81F,0xF81F,0xF81F,0xF81F,0xF81F,0xF81F,0xF81F,0xF81F,0xF81F,0xF81F,
    0xF81F,0xF81F,0xF81F,0xF81F,0xF81F,0xF81F,0xF81F,0xF81F,0xF81F,0xF81F,0xF81F,0xF81F,
    0xF81F,0xF81F,0xF81F,0xF81F,0xF81F,0xF81F,0xF81F,0xF81F,0xF81F,0xF81F,0xF81F,0xF81F,
    0xF81F,0xF81F,0xF81F,0xF81F,0xF81F,0xF81F,0xF81F,0xF81F,0xF81F,0xF81F,0xF81F,0xF81F,
    0xF81F,0xF81F,0xF81F,0xF81F,0xF81F,0xF81F,0xF81F,0xF81F,0xF81F,0xF81F,0xF81F,0xF81F,
    0xF81F,0xF81F,0xF81F,0xF81F,0xF81F,0xF81F,0xF81F,0xF81F,0x09E8,0x09E8,0x09E8,0x09E8,
    0x09E8,0x09E8,0x09E8,0x09E8,0x09E8,0x09E8,0x09E8,0x09E8,0x09E8,0x09E8,0xF81F,0xF81F,
    0xF81F,0xF81F,0xF81F,0xF81F,0xF81F,0xF81F,0xF81F,0xF81F,0xF81F,0xF81F,0xF81F,0xF81F,
    0xF81F,0xF81F,0xF81F,0xF81F,0xF81F,0xF81F,0xF81F,0xF81F,0x09E8,0x09E8,0x09E8,0x09E8,
    0x09E8,0x09E8,0x09E8,0x09E8,0x09E8,0x09E8,0x09E8,0x09E8,0x09E8,0x09E8,0xF81F,0xF81F,
    0xF81F,0xF81F,0xF81F,0xF81F,0xF81F,0xF81F,0xF81F,0xF81F,0xF81F,0xF81F,0xF81F,0xF81F,
    0xF81F,0xF81F,0xF81F,0xF81F,0xF81F,0xF81F,0xF81F,0xF81F,0xF81F,0xF81F,0xF81F,0xF81F,
    0xF81F,0xF81F,0xF81F,0xF81F,0xF81F,0xF81F,0xF81F,0xF81F,0xF81F,0xF81F,0xF81F,0xF81F,
    0xF81F,0xF81F,0xF81F,0xF81F,0xF81F,0xF81F,0xF81F,0xF81F,0xF81F,0xF81F,0xF81F,0xF81F,
    0xF81F,0xF81F,0xF81F,0xF81F,0xF81F,0xF81F,0xF81F,0xF81F,0xF81F,0xF81F,0xF81F,0xF81F,
    0xF81F,0xF81F,0xF81F,0xF81F,0xF81F,0xF81F,0xF81F,0xF81F,0xF81F,0xF81F,0xF81F,0xF81F,
    0xF81F,0xF81F,0xF81F,0xF81F,0xF81F,0xF81F,0xF81F,0xF81F,0xF81F,0xF81F,0xF81F,0xF81F,
    0xF81F,0xF81F,0xF81F,0xF81F,0xF81F,0xF81F,0xF81F,0xF81F,0xF81F,0xF81F,0xF81F,0xF81F,
    0xF81F,0xF81F,0xF81F,0xF81F,0xF81F,0x09E8,0x09E8,0x09E8,0x09E8,0x09E8,0x09E8,0x09E8,
    0x09E8,0xF81F,0xF81F,0xF81F,0xF81F,0xF81F,0xF81F,0xF81F,0xF81F,0xF81F,0xF81F,0xF81F,
    0xF81F,0xF81F,0xF81F,0xF81F,0xF81F,0xF81F,0xF81F,0xF81F,0xF81F,0xF81F,0xF81F,0xF81F,
    0xF81F,0xF81F,0xF81F,0xF81F,0xF81F,0x09E8,0x09E8,0x09E8,0x09E8,0x09E8,0x09E8,0x09E8,
    0x09E8,0xF81F,0xF81F,0xF81F,0xF81F,0xF81F,0xF81F,0xF81F,0xF81F,0xF81F,0xF81F,0xF81F,
    0xF81F,0xF81F,0xF81F,0xF81F,0xF81F,0xF81F,0xF81F,0xF81F,0xF81F,0xF81F,0xF81F,0xF81F,
    0xF81F,0xF81F,0xF81F,0xF81F,0xF81F,0xF81F,0xF81F,0xF81F,0xF81F,0xF81F,0xF81F,0xF81F,
    0xF81F,0xF81F,0xF81F,0xF81F,0xF81F,0xF81F,0xF81F,0xF81F,0xF81F,0xF81F,0xF81F,0xF81F,
    0xF81F,0xF81F,0xF81F,0xF81F,0xF81F,0xF81F,0xF81F,0xF81F,0xF81F,0xF81F,0xF81F,0xF81F,
    0xF81F,0xF81F,0xF81F,0xF81F,0xF81F,0xF81F,0xF81F,0xF81F,0xF81F,0xF81F,0xF81F,0xF81F,
    0xF81F,0xF81F,0xF81F,0xF81F,0xF81F,0xF81F,0xF81F,0xF81F,0xF81F,0xF81F,0xF81F,0xF81F,
    0xF81F,0xF81F,0xF81F,0xF81F,0xF81F,0xF81F,0xF81F,0xF81F,0xF81F,0xF81F,0xF81F,0xF81F,
    0xF81F,0xF81F,0xF81F,0xF81F,0xF81F,0xF81F,0xF81F,0xF81F,0xF81F,0xF81F,0xF81F,0xF81F,
    0xF81F,0xF81F,0xF81F,0xF81F,0xF81F,0xF81F,0xF81F,0xF81F,0xF81F,0xF81F,0xF81F,0xF81F,
    0xF81F,0xF81F,0xF81F,0xF81F,0xF81F,0xF81F,0xF81F,0xF81F,0xF81F,0xF81F,0xF81F,0xF81F,
    0xF81F,0xF81F,0xF81F,0xF81F,0xF81F,0xF81F,0xF81F,0xF81F,0xF81F,0xF81F,0xF81F,0xF81F,
    0xF81F,0xF81F,0xF81F,0xF81F,0xF81F,0xF81F,0xF81F,0xF81F,0xF81F,0xF81F,0xF81F,0xF81F,
    0xF81F,0xF81F,0xF81F,0xF81F,0xF81F,0xF81F,0xF81F,0xF81F,0xF81F,0xF81F,0xF81F,0xF81F,
    0xF81F,0xF81F,0xF81F,0xF81F,0xF81F,0xF81F,0xF81F,0xF81F,0xF81F,0xF81F,0xF81F,0xF81F,
    0xF81F,0xF81F,0xF81F,0xF81F,0xF81F,0xF81F,0xF81F,0xF81F,0xF81F,0xF81F,0xF81F,0xF81F,
    0xF81F,0xF81F,0xF81F,0xF81F,0xF81F,0xF81F,0xF81F,0xF81F,0xF81F,0xF81F,0xF81F,0xF81F,
    0xF81F,0xF81F,0xF81F,0xF81F,0xF81F,0xF81F,0xF81F,0xF81F,0xF81F,0xF81F,0xF81F,0xF81F,
    0xF81F,0xF81F,0xF81F,0xF81F,0xF81F,0xF81F,0xF81F,0xF81F,0xF81F,0xF81F,0xF81F,0xF81F,
    0xF81F,0xF81F,0xF81F,0xF81F,0xF81F,0xF81F,0xF81F,0xF81F,0xF81F,0xF81F,0xF81F,0xF81F,
    0xF81F,0xF81F,0xF81F,0xF81F,0xF81F,0xF81F,0xF81F,0xF81F,0xF81F,0xF81F,0xF81F,0xF81F,
    0xF81F,0xF81F,0xF81F,0xF81F,0xF81F,0xF81F,0xF81F,0xF81F,0xF81F,0xF81F,0xF81F,0xF81F,
    0xF81F,0xF81F,0xF81F,0xF81F,0xF81F,0xF81F,0xF81F,0xF81F,0xF81F,0xF81F,0xF81F,0xF81F,
    0xF81F,0xF81F,0xF81F,0xF81F,0xF81F,0xF81F,0xF81F,0xF81F,0xF81F,0xF81F,0xF81F,0xF81F,
    0xF81F,0xF81F,0xF81F,0xF81F,0xF81F,0xF81F,0xF81F,0xF81F,0xF81F,0xF81F,0xF81F,0xF81F,
    0xF81F,0xF81F,0xF81F,0xF81F,0xF81F,0xF81F,0xF81F,0xF81F,0xF81F,0xF81F,0xF81F,0xF81F,
    0xF81F,0xF81F,0xF81F,0xF81F,0xF81F,0xF81F,0xF81F,0xF81F,0xF81F,0xF81F,0xF81F,0xF81F,
    0xF81F,0xF81F,0xF81F,0xF81F,0xF81F,0xF81F,0xF81F,0xF81F,0xF81F,0xF81F,0xF81F,0xF81F,
    0xF81F,0xF81F,0xF81F,0xF81F,0xF81F,0xF81F,0xF81F,0xF81F,0xF81F,0xF81F,0xF81F,0xF81F,
    0xF81F,0xF81F,0xF81F,0xF81F,0xF81F,0xF81F,0xF81F,0xF81F,0xF81F,0xF81F,0xF81F,0xF81F,
    0xF81F,0xF81F,0xF81F,0xF81F,0xF81F,0xF81F,0xF81F,0xF81F,0xF81F,0xF81F,0xF81F,0xF81F,
    0xF81F,0xF81F,0xF81F,0xF81F,0xF81F,0xF81F,0xF81F,0xF81F,0xF81F,0xF81F,0xF81F,0xF81F,
    0xF81F,0xF81F,0xF81F,0xF81F,0xF81F,0xF81F,0xF81F,0xF81F,0xF81F,0xF81F,0xF81F,0xF81F,
    0xF81F,0xF81F,0xF81F,0xF81F,0xF81F,0xF81F,0xF81F,0xF81F,0xF81F,0xF81F,0xF81F,0xF81F,
    0xF81F,0xF81F,0xF81F,0xF81F,0xF81F,0xF81F,0xF81F,0xF81F,0xF81F,0xF81F,0xF81F,0xF81F,
    0xF81F,0xF81F,0xF81F,0xF81F,0xF81F,0xF81F,0xF81F,0xF81F,0xF81F,0xF81F,0xF81F,0xF81F,
    0xF81F,0xF81F,0xF81F,0xF81F,0xF81F,0xF81F,0xF81F,0xF81F,0xF81F,0xF81F,0xF81F,0xF81F,
    0xF81F,0xF81F,0xF81F,0xF81F,0xF81F,0xF81F,0xF81F,0xF81F,0xF81F,0xF81F,0xF81F,0xF81F,
    0xF81F,0xF81F,0xF81F,0xF81F,0xF81F,0xF81F,0xF81F,0xF81F,0xF81F,0xF81F,0xF81F,0xF81F,
    0xF81F,0xF81F,0xF81F,0xF81F,0xF81F,0xF81F,0xF81F,0xF81F,0xF81F,0xF81F,0xF81F,0xF81F,
    0xF81F,0xF81F,0xF81F,0xF81F,0xF81F,0xF81F,0xF81F,0xF81F,0xF81F,0xF81F,0xF81F,0xF81F,
    0xF81F,0xF81F,0xF81F,0xF81F,0xF81F,0xF81F,0xF81F,0xF81F,0xF81F,0xF81F,0xF81F,0xF81F,
    0xF81F,0xF81F,0xF81F,0xF81F,0xF81F,0xF81F,0xF81F,0xF81F,0xF81F,0xF81F,0xF81F,0xF81F,
    0xF81F,0xF81F,0xF81F,0xF81F,0xF81F,0xF81F,0xF81F,0xF81F,0xF81F,0xF81F,0xF81F,0xF81F,
    0xF81F,0xF81F,0xF81F,0xF81F,0xF81F,0xF81F,0xF81F,0xF81F,0xF81F,0xF81F,0xF81F,0xF81F,
    0xF81F,0xF81F,0xF81F,0xF81F,0xF81F,0xF81F,0xF81F,0xF81F,0xF81F,0xF81F,0xF81F,0xF81F,
    0xF81F,0xF81F,0xF81F,0xF81F,0xF81F,0xF81F,0xF81F,0xF81F,0xF81F,0xF81F,0xF81F,0xF81F,
    0xF81F,0xF81F,0xF81F,0xF81F,0xF81F,0xF81F,0xF81F,0xF81F,0xF81F,0xF81F,0xF81F,0xF81F,
    0xF81F,0xF81F,0xF81F,0xF81F,0xF81F,0xF81F,0xF81F,0xF81F,0xF81F,0xF81F,0xF81F,0xF81F,
    0xF81F,0xF81F,0xF81F,0xF81F,0xF81F,0xF81F,0xF81F,0xF81F,0xF81F,0xF81F,0xF81F,0xF81F,
    0xF81F,0xF81F,0xF81F,0xF81F,0xF81F,0xF81F,0xF81F,0xF81F,0xF81F,0xF81F,0xF81F,0xF81F,
    0xF81F,0xF81F,0xF81F,0xF81F,0xF81F,0xF81F,0xF81F,0xF81F,0xF81F,0xF81F,0xF81F,0xF81F,
    0xF81F,0xF81F,0xF81F,0xF81F,0xF81F,0xF81F,0xF81F,0xF81F,0xF81F,0xF81F,0xF81F,0xF81F,
    0xF81F,0xF81F,0xF81F,0xF81F,0xF81F,0xF81F,0xF81F,0xF81F,0xF81F,0xF81F,0xF81F,0xF81F,
    0xF81F,0xF81F,0xF81F,0xF81F,0xF81F,0xF81F,0xF81F,0xF81F,0xF81F,0xF81F,0xF81F,0xF81F,
    0xF81F,0xF81F,0xF81F,0xF81F,0xF81F,0xF81F,0xF81F,0xF81F,0xF81F,0xF81F,0xF81F,0xF81F,
    0xF81F,0xF81F,0xF81F,0xF81F,0xF81F,0xF81F,0xF81F,0xF81F,0xF81F,0xF81F,0xF81F,0xF81F,
    0xF81F,0xF81F,0xF81F,0xF81F,0xF81F,0xF81F,0xF81F,0xF81F,0xF81F,0xF81F,0xF81F,0xF81F,
    0xF81F,0xF81F,0xF81F,0xF81F,0xF81F,0xF81F,0xF81F,0xF81F,0xF81F,0xF81F,0xF81F,0xF81F,
    0xF81F,0xF81F,0xF81F,0xF81F,0xF81F,0xF81F,0xF81F,0xF81F,0xF81F,0xF81F,0xF81F,0xF81F,
    0xF81F,0xF81F,0xF81F,0xF81F,0xF81F,0xF81F,0xF81F,0xF81F,0xF81F,0xF81F,0xF81F,0xF81F,
    0xF81F,0xF81F,0xF81F,0xF81F,0xF81F,0xF81F,0xF81F,0xF81F,0xF81F,0xF81F,0xF81F,0xF81F,
    0xF81F,0xF81F,0xF81F,0xF81F,0xF81F,0xF81F,0xF81F,0xF81F,0xF81F,0xF81F,0xF81F,0xF81F,
    0xF81F,0xF81F,0xF81F,0xF81F,0xF81F,0xF81F,0xF81F,0xF81F,0xF81F,0xF81F,0xF81F,0xF81F,
    0xF81F,0xF81F,0xF81F,0xF81F,0xF81F,0xF81F,0xF81F,0xF81F,0xF81F,0xF81F,0xF81F,0xF81F,
    0xF81F,0xF81F,0xF81F,0xF81F,0xF81F,0xF81F,0xF81F,0xF81F,0xF81F,0xF81F,0xF81F,0xF81F,
    0xF81F,0xF81F,0xF81F,0xF81F,0xF81F,0xF81F,0xF81F,0xF81F,0xF81F,0xF81F,0xF81F,0xF81F,
    0xF81F,0xF81F,0xF81F,0xF81F,0xF81F,0xF81F,0xF81F,0xF81F,0xF81F,0xF81F,0xF81F,0xF81F,
    0xF81F,0xF81F,0xF81F,0xF81F,0xF81F,0xF81F,0xF81F,0xF81F,0xF81F,0xF81F,0xF81F,0xF81F,
    0xF81F,0xF81F,0xF81F,0xF81F,0xF81F,0xF81F,0xF81F,0xF81F,0xF81F,0xF81F,0xF81F,0xF81F,
    0xF81F,0xF81F,0xF81F,0xF81F,0xF81F,0xF81F,0xF81F,0xF81F,0xF81F,0xF81F,0xF81F,0xF81F,
    0xF81F,0xF81F,0xF81F,0xF81F,0xF81F,0xF81F,0xF81F,0xF81F,0xF81F,0xF81F,0xF81F,0xF81F,
    0xF81F,0xF81F,0xF81F,0xF81F,0xF81F,0xF81F,0xF81F,0xF81F,0xF81F,0xF81F,0xF81F,0xF81F,
    0xF81F,0xF81F,0xF81F,0xF81F,0xF81F,0xF81F,0xF81F,0xF81F,0xF81F,0xF81F,0xF81F,0xF81F,
    0xF81F,0xF81F,0xF81F,0xF81F,0xF81F,0xF81F,0xF81F,0xF81F,0xF81F,0xF81F,0xF81F,0xF81F,
    0xF81F,0xF81F,0xF81F,0xF81F,0xF81F,0xF81F,0xF81F,0xF81F,0xF81F,0xF81F,0xF81F,0xF81F,
    0xF81F,0xF81F,0xF81F,0xF81F,0xF81F,0xF81F,0xF81F,0xF81F,0xF81F,0xF81F,0xF81F,0xF81F,
    0xF81F,0xF81F,0xF81F,0xF81F,0xF81F,0xF81F,0xF81F,0xF81F,0xF81F,0xF81F,0xF81F,0xF81F,
    0xF81F,0xF81F,0xF81F,0xF81F,0xF81F,0xF81F,0xF81F,0xF81F,0xF81F,0xF81F,0xF81F,0xF81F,
    0xF81F,0xF81F,0xF81F,0xF81F,0xF81F,0xF81F,0xF81F,0xF81F,0xF81F,0xF81F,0xF81F,0xF81F,
    0xF81F,0xF81F,0xF81F,0xF81F,0xF81F,0xF81F,0xF81F,0xF81F,0xF81F,0xF81F,0xF81F,0xF81F,
    0xF81F,0xF81F,0xF81F,0xF81F,0xF81F,0xF81F,0xF81F,0xF81F,0xF81F,0xF81F,0xF81F,0xF81F,
    0xF81F,0xF81F,0xF81F,0xF81F,0xF81F,0xF81F,0xF81F,0xF81F,0xF81F,0xF81F,0xF81F,0xF81F,
    0xF81F,0xF81F,0xF81F,0xF81F,0xF81F,0xF81F,0xF81F,0xF81F,0xF81F,0xF81F,0xF81F,0xF81F,
    0xF81F,0xF81F,0xF81F,0xF81F,0xF81F,0xF81F,0xF81F,0xF81F,0xF81F,0xF81F,0xF81F,0xF81F,
    0xF81F,0xF81F,0xF81F,0xF81F,0xF81F,0xF81F,0xF81F,0xF81F,0xF81F,0xF81F,0xF81F,0xF81F,
    0xF81F,0xF81F,0xF81F,0xF81F,0xF81F,0xF81F,0xF81F,0xF81F,0xF81F,0xF81F,0xF81F,0xF81F,
    0xF81F,0xF81F,0xF81F,0xF81F,0xF81F,0xF81F,0xF81F,0xF81F,0xF81F,0xF81F,0xF81F,0xF81F,
    0xF81F,0xF81F,0xF81F,0xF81F,0xF81F,0xF81F,0xF81F,0xF81F,0xF81F,0xF81F,0xF81F,0xF81F,
    0xF81F,0xF81F,0xF81F,0xF81F,0xF81F,0xF81F,0xF81F,0xF81F,0xF81F,0xF81F,0xF81F,0xF81F,
    0xF81F,0xF81F,0xF81F,0xF81F,0xF81F,0xF81F,0xF81F,0xF81F,0xF81F,0xF81F,0xF81F,0xF81F,
    0xF81F,0xF81F,0xF81F,0xF81F,0xF81F,0xF81F,0xF81F,0xF81F,0xF81F,0xF81F,0xF81F,0xF81F,
    0xF81F,0xF81F,0xF81F,0xF81F,0xF81F,0xF81F,0xF81F,0xF81F,0xF81F,0xF81F,0xF81F,0xF81F,
    0xF81F,0xF81F,0xF81F,0xF81F,0xF81F,0xF81F,0xF81F,0xF81F,0xF81F,0xF81F,0xF81F,0xF81F,
    0xF81F,0xF81F,0xF81F,0xF81F,0xF81F,0xF81F,0xF81F,0xF81F,0xF81F,0xF81F,0xF81F,0xF81F,
    0xF81F,0xF81F,0xF81F,0xF81F,0xF81F,0xF81F,0xF81F,0xF81F,0xF81F,0xF81F,0xF81F,0xF81F,
    0xF81F,0xF81F,0xF81F,0xF81F,0xF81F,0xF81F,0xF81F,0xF81F,0xF81F,0xF81F,0xF81F,0xF81F,
    0xF81F,0xF81F,0xF81F,0xF81F,0xF81F,0xF81F,0xF81F,0xF81F,0xF81F,0xF81F,0xF81F,0xF81F,
    0xF81F,0xF81F,0xF81F,0xF81F,0xF81F,0xF81F,0xF81F,0xF81F,0xF81F,0xF81F,0xF81F,0xF81F,
    0xF81F,0xF81F,0xF81F,0xF81F,0xF81F,0xF81F,0xF81F,0xF81F,0xF81F,0xF81F,0xF81F,0xF81F,
    0xF81F,0xF81F,0xF81F,0xF81F,0xF81F,0xF81F,0xF81F,0xF81F,0xF81F,0xF81F,0xF81F,0xF81F,
    0xF81F,0xF81F,0xF81F,0xF81F,0xF81F,0xF81F,0xF81F,0xF81F,0xF81F,0xF81F,0xF81F,0xF81F,
    0xF81F,0xF81F,0xF81F,0xF81F,0xF81F,0xF81F,0xF81F,0xF81F,0xF81F,0xF81F,0xF81F,0xF81F,
    0xF81F,0xF81F,0xF81F,0xF81F,0xF81F,0xF81F,0xF81F,0xF81F,0xF81F,0xF81F,0xF81F,0xF81F,
    0xF81F,0xF81F,0xF81F,0xF81F,0xF81F,0xF81F,0xF81F,0xF81F,0xF81F,0xF81F,0xF81F,0xF81F,
    0xF81F,0xF81F,0xF81F,0xF81F,0xF81F,0xF81F,0xF81F,0xF81F,0xF81F,0xF81F,0xF81F,0xF81F,
    0xF81F,0xF81F,0xF81F,0xF81F,0xF81F,0xF81F,0xF81F,0xF81F,0xF81F,0xF81F,0xF81F,0xF81F,
    0xF81F,0xF81F,0xF81F,0xF81F,0xF81F,0xF81F,0xF81F,0xF81F,0xF81F,0xF81F,0xF81F,0xF81F,
    0xF81F,0xF81F,0xF81F,0xF81F,0xF81F,0xF81F,0xF81F,0xF81F,0xF81F,0xF81F,0xF81F,0xF81F,
    0xF81F,0xF81F,0xF81F,0xF81F,0xF81F,0xF81F,0xF81F,0xF81F,0xF81F,0xF81F,0xF81F,0xF81F,
    0xF81F,0xF81F,0xF81F,0xF81F,0xF81F,0xF81F,0xF81F,0xF81F,0xF81F,0xF81F,0xF81F,0xF81F,
    0xF81F,0xF81F,0xF81F,0xF81F,0xF81F,0xF81F,0xF81F,0xF81F,0xF81F,0xF81F,0xF81F,0xF81F,
    0xF81F,0xF81F,0xF81F,0xF81F,0xF81F,0xF81F,0xF81F,0xF81F,0xF81F,0xF81F,0xF81F,0xF81F,
    0xF81F,0xF81F,0xF81F,0xF81F,0xF81F,0xF81F,0xF81F,0xF81F,0xF81F,0xF81F,0xF81F,0xF81F,
    0xF81F,0xF81F,0xF81F,0xF81F,0xF81F,0xF81F,0xF81F,0xF81F,0xF81F,0xF81F,0xF81F,0xF81F,
    0xF81F,0xF81F,0xF81F,0xF81F,0xF81F,0xF81F,0xF81F,0xF81F,0xF81F,0xF81F,0xF81F,0xF81F,
    0xF81F,0xF81F,0xF81F,0xF81F,0xF81F,0xF81F,0xF81F,0xF81F,0xF81F,0xF81F,0xF81F,0xF81F,
    0xF81F,0xF81F,0xF81F,0xF81F,0xF81F,0xF81F,0xF81F,0xF81F,0xF81F,0xF81F,0xF81F,0xF81F,
    0xF81F,0xF81F,0xF81F,0xF81F,0xF81F,0xF81F,0xF81F,0xF81F,0xF81F,0xF81F,0xF81F,0xF81F,
    0xF81F,0xF81F,0xF81F,0xF81F,0xF81F,0xF81F,0xF81F,0xF81F,0xF81F,0xF81F,0xF81F,0xF81F,
    0xF81F,0xF81F,0xF81F,0xF81F,0xF81F,0xF81F,0xF81F,0xF81F,0xF81F,0xF81F,0xF81F,0xF81F,
    0xF81F,0xF81F,0xF81F,0xF81F,0xF81F,0xF81F,0xF81F,0xF81F,0xF81F,0xF81F,0xF81F,0xF81F,
    0xF81F,0xF81F,0xF81F,0xF81F,0xF81F,0xF81F,0xF81F,0xF81F,0xF81F,0xF81F,0xF81F,0xF81F,
    0xF81F,0xF81F,0xF81F,0xF81F,0xF81F,0xF81F,0xF81F,0xF81F,0xF81F,0xF81F,0xF81F,0xF81F,
    0xF81F,0xF81F,0xF81F,0xF81F,0xF81F,0xF81F,0xF81F,0xF81F,0xF81F,0xF81F,0xF81F,0xF81F,
    0xF81F,0xF81F,0xF81F,0xF81F,0xF81F,0xF81F,0xF81F,0xF81F,0xF81F,0xF81F,0xF81F,0xF81F,
    0xF81F,0xF81F,0xF81F,0xF81F,0xF81F,0xF81F,0xF81F,0xF81F,0xF81F,0xF81F,0xF81F,0xF81F,
    0xF81F,0xF81F,0xF81F,0xF81F,0xF81F,0xF81F,0xF81F,0xF81F,0xF81F,0xF81F,0xF81F,0xF81F,
    0xF81F,0xF81F,0xF81F,0xF81F,0xF81F,0xF81F,0xF81F,0xF81F,0xF81F,0xF81F,0xF81F,0xF81F,
    0xF81F,0xF81F,0xF81F,0xF81F,0xF81F,0xF81F,0xF81F,0xF81F,0xF81F,0xF81F,0xF81F,0xF81F,
    0xF81F,0xF81F,0xF81F,0xF81F,0xF81F,0xF81F,0xF81F,0xF81F,0xF81F,0xF81F,0xF81F,0xF81F,
    0xF81F,0xF81F,0xF81F,0xF81F,0xF81F,0xF81F,0xF81F,0xF81F,0xF81F,0xF81F,0xF81F,0xF81F,
    0xF81F,0xF81F,0xF81F,0xF81F,0xF81F,0xF81F,0xF81F,0xF81F,0xF81F,0xF81F,0xF81F,0xF81F,
    0xF81F,0xF81F,0xF81F,0xF81F,0xF81F,0xF81F,0xF81F,0xF81F,0xF81F,0xF81F,0xF81F,0xF81F,
    0xF81F,0xF81F,0xF81F,0xF81F,0xF81F,0xF81F,0xF81F,0xF81F,0xF81F,0xF81F,0xF81F,0xF81F,
    0xF81F,0xF81F,0xF81F,0xF81F,0xF81F,0xF81F,0xF81F,0xF81F,0xF81F,0xF81F,0xF81F,0xF81F,
    0xF81F,0xF81F,0xF81F,0xF81F,0xF81F,0xF81F,0xF81F,0xF81F,0xF81F,0xF81F,0xF81F,0xF81F,
    0xF81F,0xF81F,0xF81F,0xF81F,0xF81F,0xF81F,0xF81F,0xF81F,0xF81F,0xF81F,0xF81F,0xF81F,
    0xF81F,0xF81F,0xF81F,0xF81F,0xF81F,0xF81F,0xF81F,0xF81F,0xF81F,0xF81F,0xF81F,0xF81F,
    0xF81F,0xF81F,0xF81F,0xF81F,0xF81F,0xF81F,0xF81F,0xF81F,0xF81F,0xF81F,0xF81F,0xF81F,
    0xF81F,0xF81F,0xF81F,0xF81F,0xF81F,0xF81F,0xF81F,0xF81F,0xF81F,0xF81F,0xF81F,0xF81F,
    0xF81F,0xF81F,0xF81F,0xF81F,0xF81F,0xF81F,0xF81F,0xF81F,0xF81F,0xF81F,0xF81F,0xF81F,
};
inline const uint16_t img_cheer_1[22500] = {
    0xF81F,0xF81F,0xF81F,0xF81F,0xF81F,0xF81F,0xF81F,0xF81F,0xF81F,0xF81F,0xF81F,0xF81F,
    0xF81F,0xF81F,0xF81F,0xF81F,0xF81F,0xF81F,0xF81F,0xF81F,0xF81F,0xF81F,0xF81F,0xF81F,
    0xF81F,0xF81F,0xF81F,0xF81F,0xF81F,0xF81F,0xF81F,0xF81F,0xF81F,0xF81F,0xF81F,0xF81F,
    0xF81F,0xF81F,0xF81F,0xF81F,0xF81F,0xF81F,0xF81F,0xF81F,0xF81F,0xF81F,0xF81F,0xF81F,
    0xF81F,0xF81F,0xF81F,0xF81F,0xF81F,0xF81F,0xF81F,0xF81F,0xF81F,0xF81F,0xF81F,0xF81F,
    0xF81F,0xF81F,0xF81F,0xF81F,0xF81F,0xF81F,0xF81F,0xF81F,0xF81F,0xF81F,0xF81F,0xF81F,
    0xF81F,0xF81F,0xF81F,0xF81F,0xF81F,0xF81F,0xF81F,0xF81F,0xF81F,0xF81F,0xF81F,0xF81F,
    0xF81F,0xF81F,0xF81F,0xF81F,0xF81F,0xF81F,0xF81F,0xF81F,0xF81F,0xF81F,0xF81F,0xF81F,
    0xF81F,0xF81F,0xF81F,0xF81F,0xF81F,0xF81F,0xF81F,0xF81F,0xF81F,0xF81F,0xF81F,0xF81F,
    0xF81F,0xF81F,0xF81F,0xF81F,0xF81F,0xF81F,0xF81F,0xF81F,0xF81F,0xF81F,0xF81F,0xF81F,
    0xF81F,0xF81F,0xF81F,0xF81F,0xF81F,0xF81F,0xF81F,0xF81F,0xF81F,0xF81F,0xF81F,0xF81F,
    0xF81F,0xF81F,0xF81F,0xF81F,0xF81F,0xF81F,0xF81F,0xF81F,0xF81F,0xF81F,0xF81F,0xF81F,
    0xF81F,0xF81F,0xF81F,0xF81F,0xF81F,0xF81F,0xF81F,0xF81F,0xF81F,0xF81F,0xF81F,0xF81F,
    0xF81F,0xF81F,0xF81F,0xF81F,0xF81F,0xF81F,0xF81F,0xF81F,0xF81F,0xF81F,0xF81F,0xF81F,
    0xF81F,0xF81F,0xF81F,0xF81F,0xF81F,0xF81F,0xF81F,0xF81F,0xF81F,0xF81F,0xF81F,0xF81F,
    0xF81F,0xF81F,0xF81F,0xF81F,0xF81F,0xF81F,0xF81F,0xF81F,0xF81F,0xF81F,0xF81F,0xF81F,
    0xF81F,0xF81F,0xF81F,0xF81F,0xF81F,0xF81F,0xF81F,0xF81F,0xF81F,0xF81F,0xF81F,0xF81F,
    0xF81F,0xF81F,0xF81F,0xF81F,0xF81F,0xF81F,0xF81F,0xF81F,0xF81F,0xF81F,0xF81F,0xF81F,
    0xF81F,0xF81F,0xF81F,0xF81F,0xF81F,0xF81F,0xF81F,0xF81F,0xF81F,0xF81F,0xF81F,0xF81F,
    0xF81F,0xF81F,0xF81F,0xF81F,0xF81F,0xF81F,0xF81F,0xF81F,0xF81F,0xF81F,0xF81F,0xF81F,
    0xF81F,0xF81F,0xF81F,0xF81F,0xF81F,0xF81F,0xF81F,0xF81F,0xF81F,0xF81F,0xF81F,0xF81F,
    0xF81F,0xF81F,0xF81F,0xF81F,0xF81F,0xF81F,0xF81F,0xF81F,0xF81F,0xF81F,0xF81F,0xF81F,
    0xF81F,0xF81F,0xF81F,0xF81F,0xF81F,0xF81F,0xF81F,0xF81F,0xF81F,0xF81F,0xF81F,0xF81F,
    0xF81F,0xF81F,0xF81F,0xF81F,0xF81F,0xF81F,0xF81F,0xF81F,0xF81F,0xF81F,0xF81F,0xF81F,
    0xF81F,0xF81F,0xF81F,0xF81F,0xF81F,0xF81F,0xF81F,0xF81F,0xF81F,0xF81F,0xF81F,0xF81F,
    0xF81F,0xF81F,0xF81F,0xF81F,0xF81F,0xF81F,0xF81F,0xF81F,0xF81F,0xF81F,0xF81F,0xF81F,
    0xF81F,0xF81F,0xF81F,0xF81F,0xF81F,0xF81F,0xF81F,0xF81F,0xF81F,0xF81F,0xF81F,0xF81F,
    0xF81F,0xF81F,0xF81F,0xF81F,0xF81F,0xF81F,0xF81F,0xF81F,0xF81F,0xF81F,0xF81F,0xF81F,
    0xF81F,0xF81F,0xF81F,0xF81F,0xF81F,0xF81F,0xF81F,0xF81F,0xF81F,0xF81F,0xF81F,0xF81F,
    0xF81F,0xF81F,0xF81F,0xF81F,0xF81F,0xF81F,0xF81F,0xF81F,0xF81F,0xF81F,0xF81F,0xF81F,
    0xF81F,0xF81F,0xF81F,0xF81F,0xF81F,0xF81F,0xF81F,0xF81F,0xF81F,0xF81F,0xF81F,0xF81F,
    0xF81F,0xF81F,0xF81F,0xF81F,0xF81F,0xF81F,0xF81F,0xF81F,0xF81F,0xF81F,0xF81F,0xF81F,
    0xF81F,0xF81F,0xF81F,0xF81F,0xF81F,0xF81F,0xF81F,0xF81F,0xF81F,0xF81F,0xF81F,0xF81F,
    0xF81F,0xF81F,0xF81F,0xF81F,0xF81F,0xF81F,0xF81F,0xF81F,0xF81F,0xF81F,0xF81F,0xF81F,
    0xF81F,0xF81F,0xF81F,0xF81F,0xF81F,0xF81F,0xF81F,0xF81F,0xF81F,0xF81F,0xF81F,0xF81F,
    0xF81F,0xF81F,0xF81F,0xF81F,0xF81F,0xF81F,0xF81F,0xF81F,0xF81F,0xF81F,0xF81F,0xF81F,
    0xF81F,0xF81F,0xF81F,0xF81F,0xF81F,0xF81F,0xF81F,0xF81F,0xF81F,0xF81F,0xF81F,0xF81F,
    0xF81F,0xF81F,0xF81F,0xF81F,0xF81F,0xF81F,0xF81F,0xF81F,0xF81F,0xF81F,0xF81F,0xF81F,
    0xF81F,0xF81F,0xF81F,0xF81F,0xF81F,0xF81F,0xF81F,0xF81F,0xF81F,0xF81F,0xF81F,0xF81F,
    0xF81F,0xF81F,0xF81F,0xF81F,0xF81F,0xF81F,0xF81F,0xF81F,0xF81F,0xF81F,0xF81F,0xF81F,
    0xF81F,0xF81F,0xF81F,0xF81F,0xF81F,0xF81F,0xF81F,0xF81F,0xF81F,0xF81F,0xF81F,0xF81F,
    0xF81F,0xF81F,0xF81F,0xF81F,0xF81F,0xF81F,0xF81F,0xF81F,0xF81F,0xF81F,0xF81F,0xF81F,
    0xF81F,0xF81F,0xF81F,0xF81F,0xF81F,0xF81F,0xF81F,0xF81F,0xF81F,0xF81F,0xF81F,0xF81F,
    0xF81F,0xF81F,0xF81F,0xF81F,0xF81F,0xF81F,0xF81F,0xF81F,0xF81F,0xF81F,0xF81F,0xF81F,
    0xF81F,0xF81F,0xF81F,0xF81F,0xF81F,0xF81F,0xF81F,0xF81F,0xF81F,0xF81F,0xF81F,0xF81F,
    0xF81F,0xF81F,0xF81F,0xF81F,0xF81F,0xF81F,0xF81F,0xF81F,0xF81F,0xF81F,0xF81F,0xF81F,
    0xF81F,0xF81F,0xF81F,0xF81F,0xF81F,0xF81F,0xF81F,0xF81F,0xF81F,0xF81F,0xF81F,0xF81F,
    0xF81F,0xF81F,0xF81F,0xF81F,0xF81F,0xF81F,0xF81F,0xF81F,0xF81F,0xF81F,0xF81F,0xF81F,
    0xF81F,0xF81F,0xF81F,0xF81F,0xF81F,0xF81F,0xF81F,0xF81F,0xF81F,0xF81F,0xF81F,0xF81F,
    0xF81F,0xF81F,0xF81F,0xF81F,0xF81F,0xF81F,0xF81F,0xF81F,0xF81F,0xF81F,0xF81F,0xF81F,
    0xF81F,0xF81F,0xF81F,0xF81F,0xF81F,0xF81F,0xF81F,0xF81F,0xF81F,0xF81F,0xF81F,0xF81F,
    0xF81F,0xF81F,0xF81F,0xF81F,0xF81F,0xF81F,0xF81F,0xF81F,0xF81F,0xF81F,0xF81F,0xF81F,
    0xF81F,0xF81F,0xF81F,0xF81F,0xF81F,0xF81F,0xF81F,0xF81F,0xF81F,0xF81F,0xF81F,0xF81F,
    0xF81F,0xF81F,0xF81F,0xF81F,0xF81F,0xF81F,0xF81F,0xF81F,0xF81F,0xF81F,0xF81F,0xF81F,
    0xF81F,0xF81F,0xF81F,0xF81F,0xF81F,0xF81F,0xF81F,0xF81F,0xF81F,0xF81F,0xF81F,0xF81F,
    0xF81F,0xF81F,0xF81F,0xF81F,0xF81F,0xF81F,0xF81F,0xF81F,0xF81F,0xF81F,0xF81F,0xF81F,
    0xF81F,0xF81F,0xF81F,0xF81F,0xF81F,0xF81F,0xF81F,0xF81F,0xF81F,0xF81F,0xF81F,0xF81F,
    0xF81F,0xF81F,0xF81F,0xF81F,0xF81F,0xF81F,0xF81F,0xF81F,0xF81F,0xF81F,0xF81F,0xF81F,
    0xF81F,0xF81F,0xF81F,0xF81F,0xF81F,0xF81F,0xF81F,0xF81F,0xF81F,0xF81F,0xF81F,0xF81F,
    0xF81F,0xF81F,0xF81F,0xF81F,0xF81F,0xF81F,0xF81F,0xF81F,0xF81F,0xF81F,0xF81F,0xF81F,
    0xF81F,0xF81F,0xF81F,0xF81F,0xF81F,0xF81F,0xF81F,0xF81F,0xF81F,0xF81F,0xF81F,0xF81F,
    0xF81F,0xF81F,0xF81F,0xF81F,0xF81F,0xF81F,0xF81F,0xF81F,0xF81F,0xF81F,0xF81F,0xF81F,
    0xF81F,0xF81F,0xF81F,0xF81F,0xF81F,0xF81F,0xF81F,0xF81F,0xF81F,0xF81F,0xF81F,0xF81F,
    0xF81F,0xF81F,0xF81F,0xF81F,0xF81F,0xF81F,0xF81F,0xF81F,0xF81F,0xF81F,0xF81F,0xF81F,
    0xF81F,0xF81F,0xF81F,0xF81F,0xF81F,0xF81F,0xF81F,0xF81F,0xF81F,0xF81F,0xF81F,0xF81F,
    0xF81F,0xF81F,0xF81F,0xF81F,0xF81F,0xF81F,0xF81F,0xF81F,0xF81F,0xF81F,0xF81F,0xF81F,
    0xF81F,0xF81F,0xF81F,0xF81F,0xF81F,0xF81F,0xF81F,0xF81F,0xF81F,0xF81F,0xF81F,0xF81F,
    0xF81F,0xF81F,0xF81F,0xF81F,0xF81F,0xF81F,0xF81F,0xF81F,0xF81F,0xF81F,0xF81F,0xF81F,
    0xF81F,0xF81F,0xF81F,0xF81F,0xF81F,0xF81F,0xF81F,0xF81F,0xF81F,0xF81F,0xF81F,0xF81F,
    0xF81F,0xF81F,0xF81F,0xF81F,0xF81F,0xF81F,0xF81F,0xF81F,0xF81F,0xF81F,0xF81F,0xF81F,
    0xF81F,0xF81F,0xF81F,0xF81F,0xF81F,0xF81F,0xF81F,0xF81F,0xF81F,0xF81F,0xF81F,0xF81F,
    0xF81F,0xF81F,0xF81F,0xF81F,0xF81F,0xF81F,0xF81F,0xF81F,0xF81F,0xF81F,0xF81F,0xF81F,
    0xF81F,0xF81F,0xF81F,0xF81F,0xF81F,0xF81F,0xF81F,0xF81F,0xF81F,0xF81F,0xF81F,0xF81F,
    0xF81F,0xF81F,0xF81F,0xF81F,0xF81F,0xF81F,0xF81F,0xF81F,0xF81F,0xF81F,0xF81F,0xF81F,
    0xF81F,0xF81F,0xF81F,0xF81F,0xF81F,0xF81F,0xF81F,0xF81F,0xF81F,0xF81F,0xF81F,0xF81F,
    0xF81F,0xF81F,0xF81F,0xF81F,0xF81F,0xF81F,0xF81F,0xF81F,0xF81F,0xF81F,0xF81F,0xF81F,
    0xF81F,0xF81F,0xF81F,0xF81F,0xF81F,0xF81F,0xF81F,0xF81F,0xF81F,0xF81F,0xF81F,0xF81F,
    0xF81F,0xF81F,0xF81F,0xF81F,0xF81F,0xF81F,0xF81F,0xF81F,0xF81F,0xF81F,0xF81F,0xF81F,
    0xF81F,0xF81F,0xF81F,0xF81F,0xF81F,0xF81F,0xF81F,0xF81F,0xF81F,0xF81F,0xF81F,0xF81F,
    0xF81F,0xF81F,0xF81F,0xF81F,0xF81F,0xF81F,0xF81F,0xF81F,0xF81F,0xF81F,0xF81F,0xF81F,
    0xF81F,0xF81F,0xF81F,0xF81F,0xF81F,0xF81F,0xF81F,0xF81F,0xF81F,0xF81F,0xF81F,0xF81F,
    0xF81F,0xF81F,0xF81F,0xF81F,0xF81F,0xF81F,0xF81F,0xF81F,0xF81F,0xF81F,0xF81F,0xF81F,
    0xF81F,0xF81F,0xF81F,0xF81F,0xF81F,0xF81F,0xF81F,0xF81F,0xF81F,0xF81F,0xF81F,0xF81F,
    0xF81F,0xF81F,0xF81F,0xF81F,0xF81F,0xF81F,0xF81F,0xF81F,0xF81F,0xF81F,0xF81F,0xF81F,
    0xF81F,0xF81F,0xF81F,0xF81F,0xF81F,0xF81F,0xF81F,0xF81F,0xF81F,0xF81F,0xF81F,0xF81F,
    0xF81F,0xF81F,0xF81F,0xF81F,0xF81F,0xF81F,0xF81F,0xF81F,0xF81F,0xF81F,0xF81F,0xF81F,
    0xF81F,0xF81F,0xF81F,0xF81F,0xF81F,0xF81F,0xF81F,0xF81F,0xF81F,0xF81F,0xF81F,0xF81F,
    0xF81F,0xF81F,0xF81F,0xF81F,0xF81F,0xF81F,0xF81F,0xF81F,0xF81F,0xF81F,0xF81F,0xF81F,
    0xF81F,0xF81F,0xF81F,0xF81F,0xF81F,0xF81F,0xF81F,0xF81F,0xF81F,0xF81F,0xF81F,0xF81F,
    0xF81F,0xF81F,0xF81F,0xF81F,0xF81F,0xF81F,0xF81F,0xF81F,0xF81F,0xF81F,0xF81F,0xF81F,
    0xF81F,0xF81F,0xF81F,0xF81F,0xF81F,0xF81F,0xF81F,0xF81F,0xF81F,0xF81F,0xF81F,0xF81F,
    0xF81F,0xF81F,0xF81F,0xF81F,0xF81F,0xF81F,0xF81F,0xF81F,0xF81F,0xF81F,0xF81F,0xF81F,
    0xF81F,0xF81F,0xF81F,0xF81F,0xF81F,0xF81F,0xF81F,0xF81F,0xF81F,0xF81F,0xF81F,0xF81F,
    0xF81F,0xF81F,0xF81F,0xF81F,0xF81F,0xF81F,0xF81F,0xF81F,0xF81F,0xF81F,0xF81F,0xF81F,
    0xF81F,0xF81F,0xF81F,0xF81F,0xF81F,0xF81F,0xF81F,0xF81F,0xF81F,0xF81F,0xF81F,0xF81F,
    0xF81F,0xF81F,0xF81F,0xF81F,0xF81F,0xF81F,0xF81F,0xF81F,0xF81F,0xF81F,0xF81F,0xF81F,
    0xF81F,0xF81F,0xF81F,0xF81F,0xF81F,0xF81F,0xF81F,0xF81F,0xF81F,0xF81F,0xF81F,0xF81F,
    0xF81F,0xF81F,0xF81F,0xF81F,0xF81F,0xF81F,0xF81F,0xF81F,0xF81F,0xF81F,0xF81F,0xF81F,
    0xF81F,0xF81F,0xF81F,0xF81F,0xF81F,0xF81F,0xF81F,0xF81F,0xF81F,0xF81F,0xF81F,0xF81F,
    0xF81F,0xF81F,0xF81F,0xF81F,0xF81F,0xF81F,0xF81F,0xF81F,0xF81F,0xF81F,0xF81F,0xF81F,
    0xF81F,0xF81F,0xF81F,0xF81F,0xF81F,0xF81F,0xF81F,0xF81F,0xF81F,0xF81F,0xF81F,0xF81F,
    0xF81F,0xF81F,0xF81F,0xF81F,0xF81F,0xF81F,0xF81F,0xF81F,0xF81F,0xF81F,0xF81F,0xF81F,
    0xF81F,0xF81F,0xF81F,0xF81F,0xF81F,0xF81F,0xF81F,0xF81F,0xF81F,0xF81F,0xF81F,0xF81F,
    0xF81F,0xF81F,0xF81F,0xF81F,0xF81F,0xF81F,0xF81F,0xF81F,0xF81F,0xF81F,0xF81F,0xF81F,
    0xF81F,0xF81F,0xF81F,0xF81F,0xF81F,0xF81F,0xF81F,0xF81F,0xF81F,0xF81F,0xF81F,0xF81F,
    0xF81F,0xF81F,0xF81F,0xF81F,0xF81F,0xF81F,0xF81F,0xF81F,0xF81F,0xF81F,0xF81F,0xF81F,
    0xF81F,0xF81F,0xF81F,0xF81F,0xF81F,0xF81F,0xF81F,0xF81F,0xF81F,0xF81F,0xF81F,0xF81F,
    0xF81F,0xF81F,0xF81F,0xF81F,0xF81F,0xF81F,0xF81F,0xF81F,0xF81F,0xF81F,0xF81F,0xF81F,
    0xF81F,0xF81F,0xF81F,0xF81F,0xF81F,0xF81F,0xF81F,0xF81F,0xF81F,0xF81F,0xF81F,0xF81F,
    0xF81F,0xF81F,0xF81F,0xF81F,0xF81F,0xF81F,0xF81F,0xF81F,0xF81F,0xF81F,0xF81F,0xF81F,
    0xF81F,0xF81F,0xF81F,0xF81F,0xF81F,0xF81F,0xF81F,0xF81F,0xF81F,0xF81F,0xF81F,0xF81F,
    0xF81F,0xF81F,0xF81F,0xF81F,0xF81F,0xF81F,0xF81F,0xF81F,0xF81F,0xF81F,0xF81F,0xF81F,
    0xF81F,0xF81F,0xF81F,0xF81F,0xF81F,0xF81F,0xF81F,0xF81F,0xF81F,0xF81F,0xF81F,0xF81F,
    0xF81F,0xF81F,0xF81F,0xF81F,0xF81F,0xF81F,0xF81F,0xF81F,0xF81F,0xF81F,0xF81F,0xF81F,
    0xF81F,0xF81F,0xF81F,0xF81F,0xF81F,0xF81F,0xF81F,0xF81F,0xF81F,0xF81F,0xF81F,0xF81F,
    0xF81F,0xF81F,0xF81F,0xF81F,0xF81F,0xF81F,0xF81F,0xF81F,0xF81F,0xF81F,0xF81F,0xF81F,
    0xF81F,0xF81F,0xF81F,0xF81F,0xF81F,0xF81F,0xF81F,0xF81F,0xF81F,0xF81F,0xF81F,0xF81F,
    0xF81F,0xF81F,0xF81F,0xF81F,0xF81F,0xF81F,0xF81F,0xF81F,0xF81F,0xF81F,0xF81F,0xF81F,
    0xF81F,0xF81F,0xF81F,0xF81F,0xF81F,0xF81F,0xF81F,0xF81F,0xF81F,0xF81F,0xF81F,0xF81F,
    0xF81F,0xF81F,0xF81F,0xF81F,0xF81F,0xF81F,0xF81F,0xF81F,0xF81F,0xF81F,0xF81F,0xF81F,
    0xF81F,0xF81F,0xF81F,0xF81F,0xF81F,0xF81F,0xF81F,0xF81F,0xF81F,0xF81F,0xF81F,0xF81F,
    0xF81F,0xF81F,0xF81F,0xF81F,0xF81F,0xF81F,0xF81F,0xF81F,0xF81F,0xF81F,0xF81F,0xF81F,
    0xF81F,0xF81F,0xF81F,0xF81F,0xF81F,0xF81F,0xF81F,0xF81F,0xF81F,0xF81F,0xF81F,0xF81F,
    0xF81F,0xF81F,0xF81F,0xF81F,0xF81F,0xF81F,0xF81F,0xF81F,0xF81F,0xF81F,0xF81F,0xF81F,
    0xF81F,0xF81F,0xF81F,0xF81F,0xF81F,0xF81F,0xF81F,0xF81F,0xF81F,0xF81F,0xF81F,0xF81F,
    0xF81F,0xF81F,0xF81F,0xF81F,0xF81F,0xF81F,0xF81F,0xF81F,0xF81F,0xF81F,0xF81F,0xF81F,
    0xF81F,0xF81F,0xF81F,0xF81F,0xF81F,0xF81F,0xF81F,0xF81F,0xF81F,0xF81F,0xF81F,0xF81F,
    0xF81F,0xF81F,0xF81F,0xF81F,0xF81F,0xF81F,0xF81F,0xF81F,0xF81F,0xF81F,0xF81F,0xF81F,
    0xF81F,0xF81F,0xF81F,0xF81F,0xF81F,0xF81F,0xF81F,0xF81F,0xF81F,0xF81F,0xF81F,0xF81F,
    0xF81F,0xF81F,0xF81F,0xF81F,0xF81F,0xF81F,0xF81F,0xF81F,0xF81F,0xF81F,0xF81F,0xF81F,
    0xF81F,0xF81F,0xF81F,0xF81F,0xF81F,0xF81F,0xF81F,0xF81F,0xF81F,0xF81F,0xF81F,0xF81F,
    0xF81F,0xF81F,0xF81F,0xF81F,0xF81F,0xF81F,0xF81F,0xF81F,0xF81F,0xF81F,0xF81F,0xF81F,
    0xF81F,0xF81F,0xF81F,0xF81F,0xF81F,0xF81F,0xF81F,0xF81F,0xF81F,0xF81F,0xF81F,0xF81F,
    0xF81F,0xF81F,0xF81F,0xF81F,0xF81F,0xF81F,0xF81F,0xF81F,0xF81F,0xF81F,0xF81F,0xF81F,
    0xF81F,0xF81F,0xF81F,0xF81F,0xF81F,0xF81F,0xF81F,0xF81F,0xF81F,0xF81F,0xF81F,0xF81F,
    0xF81F,0xF81F,0xF81F,0xF81F,0xF81F,0xF81F,0xF81F,0xF81F,0xF81F,0xF81F,0xF81F,0xF81F,
    0xF81F,0xF81F,0xF81F,0xF81F,0xF81F,0xF81F,0xF81F,0xF81F,0xF81F,0xF81F,0xF81F,0xF81F,
    0xF81F,0xF81F,0xF81F,0xF81F,0xF81F,0xF81F,0xF81F,0xF81F,0xF81F,0xF81F,0xF81F,0xF81F,
    0xF81F,0xF81F,0xF81F,0xF81F,0xF81F,0xF81F,0xF81F,0xF81F,0xF81F,0xF81F,0xF81F,0xF81F,
    0xF81F,0xF81F,0xF81F,0xF81F,0xF81F,0xF81F,0xF81F,0xF81F,0xF81F,0xF81F,0xF81F,0xF81F,
    0xF81F,0xF81F,0xF81F,0xF81F,0xF81F,0xF81F,0xF81F,0xF81F,0xF81F,0xF81F,0xF81F,0xF81F,
    0xF81F,0xF81F,0xF81F,0xF81F,0xF81F,0xF81F,0xF81F,0xF81F,0xF81F,0xF81F,0xF81F,0xF81F,
    0xF81F,0xF81F,0xF81F,0xF81F,0xF81F,0xF81F,0xF81F,0xF81F,0xF81F,0xF81F,0xF81F,0xF81F,
    0xF81F,0xF81F,0xF81F,0xF81F,0xF81F,0xF81F,0xF81F,0xF81F,0xF81F,0xF81F,0xF81F,0xF81F,
    0xF81F,0xF81F,0xF81F,0xF81F,0xF81F,0xF81F,0xF81F,0xF81F,0xF81F,0xF81F,0xF81F,0xF81F,
    0xF81F,0xF81F,0xF81F,0xF81F,0xF81F,0xF81F,0xF81F,0xF81F,0xF81F,0xF81F,0xF81F,0xF81F,
    0xF81F,0xF81F,0xF81F,0xF81F,0xF81F,0xF81F,0xF81F,0xF81F,0xF81F,0xF81F,0xF81F,0xF81F,
    0xF81F,0xF81F,0xF81F,0xF81F,0xF81F,0xF81F,0xF81F,0xF81F,0xF81F,0xF81F,0xF81F,0xF81F,
    0xF81F,0xF81F,0xF81F,0xF81F,0xF81F,0xF81F,0xF81F,0xF81F,0xF81F,0xF81F,0xF81F,0xF81F,
    0xF81F,0xF81F,0xF81F,0xF81F,0xF81F,0xF81F,0xF81F,0xF81F,0xF81F,0xF81F,0xF81F,0xF81F,
    0xF81F,0xF81F,0xF81F,0xF81F,0xF81F,0xF81F,0xF81F,0xF81F,0xF81F,0xF81F,0xF81F,0xF81F,
    0xF81F,0xF81F,0xF81F,0xF81F,0xF81F,0xF81F,0xF81F,0xF81F,0xF81F,0xF81F,0xF81F,0xF81F,
    0xF81F,0xF81F,0xF81F,0xF81F,0xF81F,0xF81F,0xF81F,0xF81F,0xF81F,0xF81F,0xF81F,0xF81F,
    0xF81F,0xF81F,0xF81F,0xF81F,0xF81F,0xF81F,0xF81F,0xF81F,0xF81F,0xF81F,0xF81F,0xF81F,
    0xF81F,0xF81F,0xF81F,0xF81F,0xF81F,0xF81F,0xF81F,0xF81F,0xF81F,0xF81F,0xF81F,0xF81F,
    0xF81F,0xF81F,0xF81F,0xF81F,0xF81F,0xF81F,0xF81F,0xF81F,0xF81F,0xF81F,0xF81F,0xF81F,
    0xF81F,0xF81F,0xF81F,0xF81F,0xF81F,0xF81F,0xF81F,0xF81F,0xF81F,0xF81F,0xF81F,0xF81F,
    0xF81F,0xF81F,0xF81F,0xF81F,0xF81F,0xF81F,0xF81F,0xF81F,0xF81F,0xF81F,0xF81F,0xF81F,
    0xF81F,0xF81F,0xF81F,0xF81F,0xF81F,0xF81F,0xF81F,0xF81F,0xF81F,0xF81F,0xF81F,0xF81F,
    0xF81F,0xF81F,0xF81F,0xF81F,0xF81F,0xF81F,0xF81F,0xF81F,0xF81F,0xF81F,0xF81F,0xF81F,
    0xF81F,0xF81F,0xF81F,0xF81F,0xF81F,0xF81F,0xF81F,0xF81F,0xF81F,0xF81F,0xF81F,0xF81F,
    0xF81F,0xF81F,0xF81F,0xF81F,0xF81F,0xF81F,0xF81F,0xF81F,0xF81F,0xF81F,0xF81F,0xF81F,
    0xF81F,0xF81F,0xF81F,0xF81F,0xF81F,0xF81F,0xF81F,0xF81F,0xF81F,0xF81F,0xF81F,0xF81F,
    0xF81F,0xF81F,0xF81F,0xF81F,0xF81F,0xF81F,0xF81F,0xF81F,0xF81F,0xF81F,0xF81F,0xF81F,
    0xF81F,0xF81F,0xF81F,0xF81F,0xF81F,0xF81F,0xF81F,0xF81F,0xF81F,0xF81F,0xF81F,0xF81F,
    0xF81F,0xF81F,0xF81F,0xF81F,0xF81F,0xF81F,0xF81F,0xF81F,0xF81F,0xF81F,0xF81F,0xF81F,
    0xF81F,0xF81F,0xF81F,0xF81F,0xF81F,0xF81F,0xF81F,0xF81F,0xF81F,0xF81F,0xF81F,0xF81F,
    0xF81F,0xF81F,0xF81F,0xF81F,0xF81F,0xF81F,0xF81F,0xF81F,0xF81F,0xF81F,0xF81F,0xF81F,
    0xF81F,0xF81F,0xF81F,0xF81F,0xF81F,0xF81F,0xF81F,0xF81F,0xF81F,0xF81F,0xF81F,0xF81F,
    0xF81F,0xF81F,0xF81F,0xF81F,0xF81F,0xF81F,0xF81F,0xF81F,0xF81F,0xF81F,0xF81F,0xF81F,
    0xF81F,0xF81F,0xF81F,0xF81F,0xF81F,0xF81F,0xF81F,0xF81F,0xF81F,0xF81F,0xF81F,0xF81F,
    0xF81F,0xF81F,0xF81F,0xF81F,0xF81F,0xF81F,0xF81F,0xF81F,0xF81F,0xF81F,0xF81F,0xF81F,
    0xF81F,0xF81F,0xF81F,0xF81F,0xF81F,0xF81F,0xF81F,0xF81F,0xF81F,0xF81F,0xF81F,0xF81F,
    0xF81F,0xF81F,0xF81F,0xF81F,0xF81F,0xF81F,0xF81F,0xF81F,0xF81F,0xF81F,0xF81F,0xF81F,
    0xF81F,0xF81F,0xF81F,0xF81F,0xF81F,0xF81F,0xF81F,0xF81F,0xF81F,0xF81F,0xF81F,0xF81F,
    0xF81F,0xF81F,0xF81F,0xF81F,0xF81F,0xF81F,0xF81F,0xF81F,0xF81F,0xF81F,0xF81F,0xF81F,
    0xF81F,0xF81F,0xF81F,0xF81F,0xF81F,0xF81F,0xF81F,0xF81F,0xF81F,0xF81F,0xF81F,0xF81F,
    0xF81F,0xF81F,0xF81F,0xF81F,0xF81F,0xF81F,0xF81F,0xF81F,0xF81F,0xF81F,0xF81F,0xF81F,
    0xF81F,0xF81F,0xF81F,0xF81F,0xF81F,0xF81F,0xF81F,0xF81F,0xF81F,0xF81F,0xF81F,0xF81F,
    0xF81F,0xF81F,0xF81F,0xF81F,0xF81F,0xF81F,0xF81F,0xF81F,0xF81F,0xF81F,0xF81F,0xF81F,
    0xF81F,0xF81F,0xF81F,0xF81F,0xF81F,0xF81F,0xF81F,0xF81F,0xF81F,0xF81F,0xF81F,0xF81F,
    0xF81F,0xF81F,0xF81F,0xF81F,0xF81F,0xF81F,0xF81F,0xF81F,0xF81F,0xF81F,0xF81F,0xF81F,
    0xF81F,0xF81F,0xF81F,0xF81F,0xF81F,0xF81F,0xF81F,0xF81F,0xF81F,0xF81F,0xF81F,0xF81F,
    0xF81F,0xF81F,0xF81F,0xF81F,0xF81F,0xF81F,0xF81F,0xF81F,0xF81F,0xF81F,0xF81F,0xF81F,
    0xF81F,0xF81F,0xF81F,0xF81F,0xF81F,0xF81F,0xF81F,0xF81F,0xF81F,0xF81F,0xF81F,0xF81F,
    0xF81F,0xF81F,0xF81F,0xF81F,0xF81F,0xF81F,0xF81F,0xF81F,0xF81F,0xF81F,0xF81F,0xF81F,
    0xF81F,0xF81F,0xF81F,0xF81F,0xF81F,0xF81F,0xF81F,0xF81F,0xF81F,0xF81F,0xF81F,0xF81F,
    0xF81F,0xF81F,0xF81F,0xF81F,0xF81F,0xF81F,0xF81F,0xF81F,0xF81F,0xF81F,0xF81F,0xF81F,
    0xF81F,0xF81F,0xF81F,0xF81F,0xF81F,0xF81F,0xF81F,0xF81F,0xF81F,0xF81F,0xF81F,0xF81F,
    0xF81F,0xF81F,0xF81F,0xF81F,0xF81F,0xF81F,0xF81F,0xF81F,0xF81F,0xF81F,0xF81F,0xF81F,
    0xF81F,0xF81F,0xF81F,0xF81F,0xF81F,0xF81F,0xF81F,0xF81F,0xF81F,0xF81F,0xF81F,0xF81F,
    0xF81F,0xF81F,0xF81F,0xF81F,0xF81F,0xF81F,0xF81F,0xF81F,0xF81F,0xF81F,0xF81F,0xF81F,
    0xF81F,0xF81F,0xF81F,0xF81F,0xF81F,0xF81F,0xF81F,0xF81F,0xF81F,0xF81F,0xF81F,0xF81F,
    0xF81F,0xF81F,0xF81F,0xF81F,0xF81F,0xF81F,0xF81F,0xF81F,0xF81F,0xF81F,0xF81F,0xF81F,
    0xF81F,0xF81F,0xF81F,0xF81F,0xF81F,0xF81F,0xF81F,0xF81F,0xF81F,0xF81F,0xF81F,0xF81F,
    0xF81F,0xF81F,0xF81F,0xF81F,0xF81F,0xF81F,0xF81F,0xF81F,0xF81F,0xF81F,0xF81F,0xF81F,
    0xF81F,0xF81F,0xF81F,0xF81F,0xF81F,0xF81F,0xF81F,0xF81F,0xF81F,0xF81F,0xF81F,0xF81F,
    0xF81F,0xF81F,0xF81F,0xF81F,0xF81F,0xF81F,0xF81F,0xF81F,0xF81F,0xF81F,0xF81F,0xF81F,
    0xF81F,0xF81F,0xF81F,0xF81F,0xF81F,0xF81F,0xF81F,0xF81F,0xF81F,0xF81F,0xF81F,0xF81F,
    0xF81F,0xF81F,0xF81F,0xF81F,0xF81F,0xF81F,0xF81F,0xF81F,0xF81F,0xF81F,0xF81F,0xF81F,
    0xF81F,0xF81F,0xF81F,0xF81F,0xF81F,0xF81F,0xF81F,0xF81F,0xF81F,0xF81F,0xF81F,0xF81F,
    0xF81F,0xF81F,0xF81F,0xF81F,0xF81F,0xF81F,0xF81F,0xF81F,0xF81F,0xF81F,0xF81F,0xF81F,
    0xF81F,0xF81F,0xF81F,0xF81F,0xF81F,0xF81F,0xF81F,0xF81F,0xF81F,0xF81F,0xF81F,0xF81F,
    0xF81F,0xF81F,0xF81F,0xF81F,0xF81F,0xF81F,0xF81F,0xF81F,0xF81F,0xF81F,0xF81F,0xF81F,
    0xF81F,0xF81F,0xF81F,0xF81F,0xF81F,0xF81F,0xF81F,0xF81F,0xF81F,0xF81F,0xF81F,0xF81F,
    0xF81F,0xF81F,0xF81F,0xF81F,0xF81F,0xF81F,0xF81F,0xF81F,0xF81F,0xF81F,0xF81F,0xF81F,
    0xF81F,0xF81F,0xED47,0xF547,0xF81F,0xF81F,0xF81F,0xF81F,0xF81F,0xF81F,0xF81F,0xF81F,
    0xF81F,0xF81F,0xF81F,0xF81F,0xF81F,0xF81F,0xF81F,0xF81F,0xF81F,0xF81F,0xF81F,0xF81F,
    0xF81F,0xF81F,0xF81F,0xF81F,0xF81F,0xF81F,0xF81F,0xF81F,0xF81F,0xF81F,0xF81F,0xF81F,
    0xF81F,0xF81F,0xF81F,0xF81F,0xF81F,0xF81F,0xF81F,0xF81F,0xF81F,0xF81F,0xF81F,0xF81F,
    0xF81F,0xF81F,0xF81F,0xF81F,0xF81F,0xF81F,0xF81F,0xF81F,0xF81F,0xF81F,0xF81F,0xF81F,
    0xF81F,0xF81F,0xF81F,0xF81F,0xF81F,0xF81F,0xF81F,0xF81F,0xF81F,0xF81F,0xF81F,0xF81F,
    0xF81F,0xF81F,0xF81F,0xF81F,0xF81F,0xF81F,0xF81F,0xF81F,0xF81F,0xF81F,0xF81F,0xF81F,
    0xF81F,0xF81F,0xF81F,0xF81F,0xF81F,0xF81F,0xF81F,0xF81F,0xF81F,0xF81F,0xF81F,0xF81F,
    0xF81F,0xF81F,0xF81F,0xF81F,0xF81F,0xF81F,0xF81F,0xF81F,0xF81F,0xF81F,0xF81F,0xF81F,
    0xF81F,0xF81F,0xF81F,0xF81F,0xF81F,0xF81F,0xF81F,0xF81F,0xF81F,0xF81F,0xF81F,0xF81F,
    0xF81F,0xF81F,0xF81F,0xF81F,0xF81F,0xF81F,0xF81F,0xF81F,0xF81F,0xF81F,0xF81F,0xF81F,
    0xF81F,0xF81F,0xF81F,0xF81F,0xF81F,0xF81F,0xF81F,0xF81F,0xF81F,0xF81F,0xF81F,0xF81F,
    0xF81F,0xF81F,0xF81F,0xF81F,0xF81F,0xF81F,0xF81F,0xF81F,0xF547,0xF547,0xF81F,0xF81F,
    0xF81F,0xF81F,0xF81F,0xF81F,0xF81F,0xF81F,0xF81F,0xF81F,0xF81F,0xF81F,0xF81F,0xF81F,
    0xF81F,0xF81F,0xF81F,0xF81F,0xF81F,0xF81F,0xF81F,0xF81F,0xF81F,0xF81F,0xF81F,0xF81F,
    0xF81F,0xF81F,0xF81F,0xF81F,0xF81F,0xF81F,0xF81F,0xF81F,0xF81F,0xF81F,0xF81F,0xF81F,
    0xF81F,0xF81F,0xF81F,0xF81F,0xF81F,0xF81F,0xF81F,0xF81F,0xF81F,0xF81F,0xF81F,0xF81F,
    0xF81F,0xF81F,0xF81F,0xF81F,0xF81F,0xF81F,0xF81F,0xF81F,0xF81F,0xF81F,0xF81F,0xF81F,
    0xF81F,0xF81F,0xF81F,0xF81F,0xF81F,0xF81F,0xF81F,0xF81F,0xF81F,0xF81F,0xF81F,0xF81F,
    0xF81F,0xF81F,0xF81F,0xF81F,0xF81F,0xF81F,0xF81F,0xF81F,0xF81F,0xF81F,0xF81F,0xF81F,
    0xF81F,0xF81F,0xF81F,0xF81F,0xF81F,0xF81F,0xF81F,0xF81F,0xF81F,0xF81F,0xF81F,0xF81F,
    0xF81F,0xF81F,0xF81F,0xF81F,0xF81F,0xF81F,0xF81F,0xF81F,0xF81F,0xF81F,0xF81F,0xF81F,
    0xF81F,0xF81F,0xF81F,0xF81F,0xF81F,0xF81F,0xF81F,0xF81F,0xF81F,0xF81F,0xF81F,0xF81F,
    0xF81F,0xF81F,0xF81F,0xF81F,0xF81F,0xF81F,0xF81F,0xF81F,0xF81F,0xF81F,0xF81F,0xF81F,
    0xF81F,0xF81F,0xF81F,0xF81F,0xF81F,0xF81F,0xF81F,0xF81F,0xF81F,0xF81F,0xF81F,0xF81F,
    0xF81F,0xED47,0xF547,0xF547,0xED47,0xF81F,0xF81F,0xF81F,0xF81F,0xF81F,0xF81F,0xF81F,
    0xF81F,0xF81F,0xF81F,0xF81F,0xF81F,0xF81F,0xF81F,0xF81F,0xF81F,0xF81F,0xF81F,0xF81F,
    0xF81F,0xF81F,0xF81F,0xF81F,0xF81F,0xF81F,0xF81F,0xF81F,0xF81F,0xF81F,0xF81F,0xF81F,
    0xF81F,0xF81F,0xF81F,0xF81F,0xF81F,0xF81F,0xF81F,0xF81F,0xF81F,0xF81F,0xF81F,0xF81F,
    0xF81F,0xF81F,0xF81F,0xF81F,0xF81F,0xF81F,0xF81F,0xF81F,0xF81F,0xF81F,0xF81F,0xF81F,
    0xF81F,0xF81F,0xF81F,0xF81F,0xF81F,0xF81F,0xF81F,0xF81F,0xF81F,0xF81F,0xF81F,0xF81F,
    0xF81F,0xF81F,0xF81F,0xF81F,0xF81F,0xF81F,0xF81F,0xF81F,0xF81F,0xF81F,0xF81F,0xF81F,
    0xF81F,0xF81F,0xF81F,0xF81F,0xF81F,0xF81F,0xF81F,0xF81F,0xF81F,0xF81F,0xF81F,0xF81F,
    0xF81F,0xF81F,0xF81F,0xF81F,0xF81F,0xF81F,0xF81F,0xF81F,0xF81F,0xF81F,0xF81F,0xF81F,
    0xF81F,0xF81F,0xF81F,0xF81F,0xF81F,0xF81F,0xF81F,0xF81F,0xF81F,0xF81F,0xF81F,0xF81F,
    0xF81F,0xF81F,0xF81F,0xF81F,0xF81F,0xF81F,0xF81F,0xF81F,0xF81F,0xF81F,0xF81F,0xF81F,
    0xF81F,0xF81F,0xF81F,0xF81F,0xF81F,0xF81F,0xF81F,0xF81F,0xF81F,0xF81F,0xF81F,0xF81F,
    0xF81F,0xF81F,0xF81F,0xF81F,0xF81F,0xF81F,0xF81F,0xED47,0xF547,0xF547,0xED47,0xF81F,
    0xF81F,0xF81F,0xF81F,0xF81F,0xF81F,0xF81F,0xF81F,0xF81F,0xF81F,0xF81F,0xF81F,0xF81F,
    0xF81F,0xF81F,0xF81F,0xF81F,0xF81F,0xF81F,0xF81F,0xF81F,0xF81F,0xF81F,0xF81F,0xF81F,
    0xF81F,0xF81F,0xF81F,0xF81F,0xF81F,0xF81F,0xF81F,0xF81F,0xF81F,0xF81F,0xF81F,0xF81F,
    0xF81F,0xF81F,0xF81F,0xF81F,0xF81F,0xF81F,0xF81F,0xF81F,0xF81F,0xF81F,0xF81F,0xF81F,
    0xF81F,0xF81F,0xF81F,0xF81F,0xF81F,0xF81F,0xF81F,0xF81F,0xF81F,0xF81F,0xF81F,0xF81F,
    0xF81F,0xF81F,0xF81F,0xF81F,0xF81F,0xF81F,0xF81F,0xF81F,0xF81F,0xF81F,0xF81F,0xF81F,
    0xF81F,0xF81F,0xF81F,0xF81F,0xF81F,0xF81F,0xF81F,0xF81F,0xF81F,0xF81F,0xF81F,0xF81F,
    0xF81F,0xF81F,0xF81F,0xF81F,0xF81F,0xF81F,0xF81F,0xF81F,0xF81F,0xF81F,0xF81F,0xF81F,
    0xF81F,0xF81F,0xF81F,0xF81F,0xF81F,0xF81F,0xF81F,0xF81F,0xF81F,0xF81F,0xF81F,0xF81F,
    0xF81F,0xF81F,0xF81F,0xF81F,0xF81F,0xF81F,0xF81F,0xF81F,0xF81F,0xF81F,0xF81F,0xF81F,
    0xF81F,0xF81F,0xF81F,0xF81F,0xF81F,0xF81F,0xF81F,0xF81F,0xF81F,0xF81F,0xF81F,0xF81F,
    0xF81F,0xF81F,0xF81F,0xF81F,0xF81F,0xF81F,0xF81F,0xF81F,0xF81F,0xF81F,0xF81F,0xF81F,
    0xF81F,0xF547,0xF5A7,0xF5A7,0xF547,0xF81F,0xF81F,0xF81F,0xF81F,0xF81F,0xF81F,0xF81F,
    0xF81F,0xF81F,0xF81F,0xF81F,0xF81F,0xF81F,0xF81F,0xF81F,0xF81F,0xF81F,0xF81F,0xF81F,
    0xF81F,0xF81F,0xF81F,0xF81F,0xF81F,0xF81F,0xF81F,0xF81F,0xF81F,0xF81F,0xF81F,0xF81F,
    0xF81F,0xF81F,0xF81F,0xF81F,0xF81F,0xF81F,0xF81F,0xF81F,0xF81F,0xF81F,0xF81F,0xF81F,
    0xF81F,0xF81F,0xF81F,0xF81F,0xF81F,0xF81F,0xF81F,0xF81F,0xF81F,0xF81F,0xF81F,0xF81F,
    0xF81F,0xF81F,0xF81F,0xF81F,0xF81F,0xF81F,0xF81F,0xF81F,0xF81F,0xF81F,0xF81F,0xF81F,
    0xF81F,0xF81F,0xF81F,0xF81F,0xF81F,0xF81F,0xF81F,0xF81F,0xF81F,0xF81F,0xF81F,0xF81F,
    0xF81F,0xF81F,0xF81F,0xF81F,0xF81F,0xF81F,0xF81F,0xF81F,0xF81F,0xF81F,0xF81F,0xF81F,
    0xF81F,0xF81F,0xF81F,0xF81F,0xF81F,0xF81F,0xF81F,0xF81F,0xF81F,0xF81F,0xF81F,0xF81F,
    0xF81F,0xF81F,0xF81F,0xF81F,0xF81F,0xF81F,0xF81F,0xF81F,0xF81F,0xF81F,0xF81F,0xF81F,
    0xF81F,0xF81F,0xF81F,0xF81F,0xF81F,0xF81F,0xF81F,0xF81F,0xF81F,0xF81F,0xF81F,0xF81F,
    0xF81F,0xF81F,0xF81F,0xF81F,0xF81F,0xF81F,0xF81F,0xF81F,0xF81F,0xF81F,0xF81F,0xF81F,
    0xF81F,0xF81F,0xF81F,0xF81F,0xF81F,0xF81F,0xF547,0xF547,0xFE28,0xFE28,0xF547,0xF547,
    0xF81F,0xF81F,0xF81F,0xF81F,0xF81F,0xF81F,0xF81F,0xF81F,0xF81F,0xF81F,0xF81F,0xF81F,
    0xF81F,0xF81F,0xF81F,0xF81F,0xF81F,0xF81F,0xF81F,0xF81F,0xF81F,0xF81F,0xF81F,0xF81F,
    0xF81F,0xF81F,0xF81F,0xF81F,0xF81F,0xF81F,0xF81F,0xF81F,0xF81F,0xF81F,0xF81F,0xF81F,
    0xF81F,0xF81F,0xF81F,0xF81F,0xF81F,0xF81F,0xF81F,0xF81F,0xF81F,0xF81F,0xF81F,0xF81F,
    0xF81F,0xF81F,0xF81F,0xF81F,0xF81F,0xF81F,0xF81F,0xF81F,0xF81F,0xF81F,0xF81F,0xF81F,
    0xF81F,0xF81F,0xF81F,0xF81F,0xF81F,0xF81F,0xF81F,0xF81F,0xF81F,0xF81F,0xF81F,0xF81F,
    0xF81F,0xF81F,0xF81F,0xF81F,0xF81F,0xF81F,0xF81F,0xF81F,0xF81F,0xF81F,0xF81F,0xF81F,
    0xF81F,0xF81F,0xF81F,0xF81F,0xF81F,0xF81F,0xF81F,0xF81F,0xF81F,0xF81F,0xF81F,0xF81F,
    0xF81F,0xF81F,0xF81F,0xF81F,0xF81F,0xF81F,0xF81F,0xF81F,0xF81F,0xF81F,0xF81F,0xF81F,
    0xF81F,0xF81F,0xF81F,0xF81F,0xF81F,0xF81F,0xF81F,0xF81F,0xF81F,0xF81F,0xF81F,0xF81F,
    0xF81F,0xF81F,0xF81F,0xF81F,0xF81F,0xF81F,0xF81F,0xF81F,0xF81F,0xF81F,0xF81F,0xF81F,
    0xF81F,0xF81F,0xF81F,0xF81F,0xF81F,0xF81F,0xF81F,0xF81F,0xF81F,0xF81F,0xF81F,0xF81F,
    0xF547,0xF547,0xFE89,0xFE89,0xF567,0xF547,0xF81F,0xF81F,0xF81F,0xF81F,0xF81F,0xF81F,
    0xF81F,0xF81F,0xF81F,0xF81F,0xF81F,0xF81F,0xF81F,0xF81F,0xF81F,0xF81F,0xF81F,0xF81F,
    0xF81F,0xF81F,0xF81F,0xF81F,0xF81F,0xF81F,0xF81F,0xF81F,0xF81F,0xF81F,0xF81F,0xF81F,
    0xF81F,0xF81F,0xF81F,0xF81F,0xF81F,0xF81F,0xF81F,0xF81F,0xF81F,0xF81F,0xF81F,0xF81F,
    0xF81F,0xF81F,0xF81F,0xF81F,0xF81F,0xF81F,0xF81F,0xF81F,0xF81F,0xF81F,0xF81F,0xF81F,
    0xF81F,0xF81F,0xF81F,0xF81F,0xF81F,0xF81F,0xF81F,0xF81F,0xF81F,0xF81F,0xF81F,0xF81F,
    0xF81F,0xF81F,0xF81F,0xF81F,0xF81F,0xF81F,0xF81F,0xF81F,0xF81F,0xF81F,0xF81F,0xF81F,
    0xF81F,0xF81F,0xF81F,0xF81F,0xF81F,0xF81F,0xF81F,0xF81F,0xF81F,0xF81F,0xF81F,0xF81F,
    0xF81F,0xF81F,0xF81F,0xF81F,0xF81F,0xF81F,0xF81F,0xF81F,0xF81F,0xF81F,0xF81F,0xF81F,
    0xF81F,0xF81F,0xF81F,0xF81F,0xF81F,0xF81F,0xF81F,0xF81F,0xF81F,0xF81F,0xF81F,0xF81F,
    0xF81F,0xF81F,0xF81F,0xF81F,0xF81F,0xF81F,0xF81F,0xF81F,0xF81F,0xF81F,0xF81F,0xF81F,
    0xF81F,0xF81F,0xF81F,0xF81F,0xF81F,0xF81F,0xF81F,0xF81F,0xF81F,0xF81F,0xF81F,0xF81F,
    0xF81F,0xF81F,0xF81F,0xF81F,0xF81F,0xED47,0xF547,0xF5C8,0xFE89,0xFE89,0xF5C8,0xF547,
    0xED47,0xF81F,0xF81F,0xF81F,0xF81F,0xF81F,0xF81F,0xF81F,0xF81F,0xF81F,0xF81F,0xF81F,
    0xF81F,0xF81F,0xF81F,0xF81F,0xF81F,0xF81F,0xF81F,0xF81F,0xF81F,0xF81F,0xF81F,0xF81F,
    0xF81F,0xF81F,0xF81F,0xF81F,0xF81F,0xF81F,0xF81F,0xF81F,0xF81F,0xF81F,0xF81F,0xF81F,
    0xF81F,0xF81F,0xF81F,0xF81F,0xF81F,0xF81F,0xF81F,0xF81F,0xF81F,0xF81F,0xF81F,0xF81F,
    0xF81F,0xF81F,0xF81F,0xF81F,0xF81F,0xF81F,0xF81F,0xF81F,0xF81F,0xF81F,0xF81F,0xF81F,
    0xF81F,0xF81F,0xF81F,0xF81F,0xF81F,0xF81F,0xF81F,0xF81F,0xF81F,0xF81F,0xF81F,0xF81F,
    0xF81F,0xF81F,0xF81F,0xF81F,0xF81F,0xF81F,0xF81F,0xF81F,0xF81F,0xF81F,0xF81F,0xF81F,
    0xF81F,0xF81F,0xF81F,0xF81F,0xF81F,0xF81F,0xF81F,0xF81F,0xF81F,0xF81F,0xF81F,0xF81F,
    0xF81F,0xF81F,0xF81F,0xF81F,0xF81F,0xF81F,0xF81F,0xF81F,0xF81F,0xF81F,0xF81F,0xF81F,
    0xF81F,0xF81F,0xF81F,0xF81F,0xF81F,0xF81F,0xF81F,0xF81F,0xF81F,0xF81F,0xF81F,0xF81F,
    0xF81F,0xF81F,0xF81F,0xF81F,0xF81F,0xF81F,0xF81F,0xF81F,0xF81F,0xF81F,0xF81F,0xF81F,
    0xF81F,0xF81F,0xF81F,0xF81F,0xF81F,0xF81F,0xF81F,0xF81F,0xF81F,0xF81F,0xF81F,0xF547,
    0xF547,0xFE48,0xFE89,0xFE89,0xFE48,0xF547,0xF547,0xF81F,0xF81F,0xF81F,0xF81F,0xF81F,
    0xF81F,0xF81F,0xF81F,0xF81F,0xF81F,0xF81F,0xF81F,0xF81F,0xF81F,0xF81F,0xF81F,0xF81F,
    0xF81F,0xF81F,0xF81F,0xF81F,0xF81F,0xF81F,0xF81F,0xF81F,0xF81F,0xF81F,0xF81F,0xF81F,
    0xF81F,0xF81F,0xF81F,0xF81F,0xF81F,0xF81F,0xF81F,0xF81F,0xF81F,0xF81F,0xF81F,0xF81F,
    0xF81F,0xF81F,0xF81F,0xF81F,0xF81F,0xF81F,0xF81F,0xF81F,0xF81F,0xF81F,0xF81F,0xF81F,
    0xF81F,0xF81F,0xF81F,0xF81F,0xF81F,0xF81F,0xF81F,0xF81F,0xF81F,0xF81F,0xF81F,0xF81F,
    0xF81F,0xF81F,0xF81F,0xF81F,0xF81F,0xF81F,0xF81F,0xF81F,0xF81F,0xF81F,0xF81F,0xF81F,
    0xF81F,0xF81F,0xF81F,0xF81F,0xF81F,0xF81F,0xF81F,0xF81F,0xF81F,0xF81F,0xF81F,0xF81F,
    0xF81F,0xF81F,0xF81F,0xF81F,0xF81F,0xF81F,0xF81F,0xF81F,0xF81F,0xF81F,0xF81F,0xF81F,
    0xF81F,0xF81F,0xF81F,0xF81F,0xF81F,0xF81F,0xF81F,0xF81F,0xF81F,0xF81F,0xF81F,0xF81F,
    0xF81F,0xF81F,0xF81F,0xF81F,0xF81F,0xF81F,0xF81F,0xF81F,0xF81F,0xF81F,0xF81F,0xF81F,
    0xF81F,0xF81F,0xF81F,0xF81F,0xF81F,0xF81F,0xF81F,0xF81F,0xF81F,0xF81F,0xF81F,0xF547,
    0xED47,0xED47,0xF547,0xF547,0xED47,0xF547,0xF587,0xFE89,0xFE89,0xFE89,0xFE89,0xF587,
    0xF547,0xED47,0xF547,0xF547,0xED47,0xED47,0xF547,0xF81F,0xF81F,0xF81F,0xF81F,0xF81F,
    0xF81F,0xF81F,0xF81F,0xF81F,0xF81F,0xF81F,0xF81F,0xF81F,0xF81F,0xF81F,0xF81F,0xF81F,
    0xF81F,0xF81F,0xF81F,0xF81F,0xF81F,0xF81F,0xF81F,0xF81F,0xF81F,0xF81F,0xF81F,0xF81F,
    0xF81F,0xF81F,0xF81F,0xF81F,0xF81F,0xF81F,0xF81F,0xF81F,0xF81F,0xF81F,0xF81F,0xF81F,
    0xF81F,0xF81F,0xF81F,0xF81F,0xF81F,0xF81F,0xF81F,0xF81F,0xF81F,0xF81F,0xF81F,0xF81F,
    0xF81F,0xF81F,0xF81F,0xF81F,0xF81F,0xF81F,0xF81F,0xF81F,0xF81F,0xF81F,0xF81F,0xF81F,
    0xF81F,0xF81F,0xF81F,0xF81F,0xF81F,0xF81F,0xF81F,0xF81F,0xF81F,0xF81F,0xF81F,0xF81F,
    0xF81F,0xF81F,0xF81F,0xF81F,0xF81F,0xF81F,0xF81F,0xF81F,0xF81F,0xF81F,0xF81F,0xF81F,
    0xF81F,0xF81F,0xF81F,0xF81F,0xF81F,0xF81F,0xF81F,0xF81F,0xF81F,0xF81F,0xF81F,0xF81F,
    0xF81F,0xF81F,0xF81F,0xF81F,0xF81F,0xF81F,0xF81F,0xF81F,0xF81F,0xF81F,0xF81F,0xF81F,
    0xF81F,0xF81F,0xF81F,0xF81F,0xF81F,0xF81F,0xF81F,0xF81F,0xF81F,0xF81F,0xF81F,0xF81F,
    0xF547,0xF547,0xF547,0xF547,0xF547,0xF547,0xF547,0xF547,0xF547,0xF547,0xF547,0xF547,
    0xFE08,0xFE89,0xFE89,0xFE89,0xFE89,0xFE08,0xF547,0xF547,0xF547,0xF547,0xF547,0xF547,
    0xF547,0xF547,0xF547,0xF547,0xF547,0xF547,0xF81F,0xF81F,0xF81F,0xF81F,0xF81F,0xF81F,
    0xF81F,0xF81F,0xF81F,0xF81F,0xF81F,0xF81F,0xF81F,0xF81F,0xF81F,0xF81F,0xF81F,0xF81F,
    0xF81F,0xF81F,0xF81F,0xF81F,0xF81F,0xF81F,0xF81F,0xF81F,0xF81F,0xF81F,0xF81F,0xF81F,
    0xF81F,0xF81F,0xF81F,0xF81F,0xF81F,0xF81F,0xF81F,0xF81F,0xF81F,0xF81F,0xF81F,0xF81F,
    0xF81F,0xF81F,0xF81F,0xF81F,0xF81F,0xF81F,0xF81F,0xF81F,0xF81F,0xF81F,0xF81F,0xF81F,
    0xF81F,0xF81F,0xF81F,0xF81F,0xF81F,0xF81F,0xF81F,0xF81F,0xF81F,0xF81F,0xF81F,0xF81F,
    0xF81F,0xF81F,0xF81F,0xF81F,0xF81F,0xF81F,0xF81F,0xF81F,0xF81F,0xF81F,0xF81F,0xF81F,
    0xF81F,0xF81F,0xF81F,0xF81F,0xF81F,0xF81F,0xF81F,0xF81F,0xF81F,0xF81F,0xF81F,0xF81F,
    0xF81F,0xF81F,0xF81F,0xF81F,0xF81F,0xF81F,0xF81F,0xF81F,0xF81F,0xF81F,0xF81F,0xF81F,
    0xF81F,0xF81F,0xF81F,0xF81F,0xF81F,0xF81F,0xF81F,0xF81F,0xF81F,0xF81F,0xF81F,0xF81F,
    0xF81F,0xF81F,0xF81F,0xF81F,0xF81F,0xF81F,0xF81F,0xED47,0xF547,0xF547,0xF587,0xFDE8,
    0xFE08,0xFE08,0xFE28,0xFE28,0xFE48,0xFE68,0xFE89,0xFE89,0xFE89,0xFE89,0xFE89,0xFE89,
    0xFE68,0xFE48,0xFE28,0xFE28,0xFE08,0xFE08,0xFDE8,0xF587,0xF547,0xF547,0xED47,0xF81F,
    0xF81F,0xF81F,0xF81F,0xF81F,0xF81F,0xF81F,0xF81F,0xF81F,0xF81F,0xF81F,0xF81F,0xF81F,
    0xF81F,0xF81F,0xF81F,0xF81F,0xF81F,0xF81F,0xF81F,0xF81F,0xF81F,0xF81F,0xF81F,0xF81F,
    0xF81F,0xF81F,0xF81F,0xF81F,0xF81F,0xF81F,0xF81F,0xF81F,0xF81F,0xF81F,0xF81F,0xF81F,
    0xF81F,0xF81F,0xF81F,0xF81F,0xF81F,0xF81F,0xF81F,0xF81F,0xF81F,0xF81F,0xF81F,0xF81F,
    0xF81F,0xF81F,0xF81F,0xF81F,0xF81F,0xF81F,0xF81F,0xF81F,0xF81F,0xF81F,0xF81F,0xF81F,
    0xF81F,0xF81F,0xF81F,0xF81F,0xF81F,0xF81F,0xF81F,0xF81F,0xF81F,0xF81F,0xF81F,0xF81F,
    0xF81F,0xF81F,0xF81F,0xF81F,0xF81F,0xF81F,0xF81F,0xF81F,0xF81F,0xF81F,0xF81F,0xF81F,
    0xF81F,0xF81F,0xF81F,0xF81F,0xF81F,0xF81F,0xF81F,0xF81F,0xF81F,0xF81F,0xF81F,0xF81F,
    0xF81F,0xF81F,0xF81F,0xF81F,0xF81F,0xF81F,0xF81F,0xF81F,0xF81F,0xF81F,0xF81F,0xF81F,
    0xF81F,0xF81F,0xF81F,0xF81F,0xF81F,0xF81F,0xF81F,0xF81F,0xF81F,0xF81F,0xF81F,0xF81F,
    0xF81F,0xF81F,0xF547,0xF547,0xF547,0xF5E8,0xFE89,0xFE89,0xFE89,0xFE89,0xFE89,0xFE89,
    0xFE89,0xFE89,0xFE89,0xFE89,0xFE89,0xFE89,0xFE89,0xFE89,0xFE89,0xFE89,0xFE89,0xFE89,
    0xFDE8,0xF547,0xF547,0xED47,0xF81F,0xF81F,0xF81F,0xF81F,0xF81F,0xF81F,0xF81F,0xF81F,
    0xF81F,0xF81F,0xF81F,0xF81F,0xF81F,0xF81F,0xF81F,0xF81F,0xF81F,0xF81F,0xF81F,0xF81F,
    0xF81F,0xF81F,0xF81F,0xF81F,0xF81F,0xF81F,0xF81F,0xF81F,0xF81F,0xF81F,0xF81F,0xF81F,
    0xF81F,0xF81F,0xF81F,0xF81F,0xF81F,0xF81F,0xF81F,0xF81F,0xF81F,0xF81F,0xF81F,0xF81F,
    0xF81F,0xF81F,0xF81F,0xF81F,0xF81F,0xF81F,0xF81F,0xF81F,0xF81F,0xF81F,0xF81F,0xF81F,
    0xF81F,0xF81F,0xF81F,0xF81F,0xF81F,0xF81F,0xF81F,0xF81F,0xF81F,0xF81F,0xF81F,0xF81F,
    0xF81F,0xF81F,0xF81F,0xF81F,0xF81F,0xF81F,0xF81F,0xF81F,0xF81F,0xF81F,0xF81F,0xF81F,
    0xF81F,0xF81F,0xF81F,0xF81F,0xF81F,0xF81F,0xF81F,0xF81F,0xF81F,0xF81F,0xF81F,0xF81F,
    0xF81F,0xF81F,0xF81F,0xF81F,0xF81F,0xF81F,0xF81F,0xF81F,0xF81F,0xF81F,0xF81F,0xF81F,
    0xF81F,0xF81F,0xF81F,0xF81F,0xF81F,0xF81F,0xF81F,0xF81F,0xF81F,0xF81F,0xF81F,0xF81F,
    0xF81F,0xF81F,0xF81F,0xF81F,0xF81F,0xF81F,0xF81F,0xF81F,0xF81F,0xF81F,0xED47,0xF547,
    0xF5A7,0xFE89,0xFE89,0xFE89,0xFE89,0xFE89,0xFE89,0xFE89,0xFE89,0xFE89,0xFE89,0xFE89,
    0xFE89,0xFE89,0xFE89,0xFE89,0xFE89,0xF5A7,0xF547,0xED47,0xF81F,0xF81F,0xF81F,0xF81F,
    0xF81F,0xF81F,0xF81F,0xF81F,0xF81F,0xF81F,0xF81F,0xF81F,0xF81F,0xF81F,0xF81F,0xF81F,
    0xF81F,0xF81F,0xF81F,0xF81F,0xF81F,0xF81F,0xF81F,0xF81F,0xF81F,0xF81F,0xF81F,0xF81F,
    0xF81F,0xF81F,0xF81F,0xF81F,0xF81F,0xF81F,0xF81F,0xF81F,0xF81F,0xF81F,0xF81F,0xF81F,
    0xF81F,0xF81F,0xF81F,0xF81F,0xF81F,0xF81F,0xF81F,0xF81F,0xF81F,0xF81F,0xF81F,0xF81F,
    0xF81F,0xF81F,0xF81F,0xF81F,0xF81F,0xF81F,0xF81F,0xF81F,0xF81F,0xF81F,0xF81F,0xF81F,
    0xF81F,0xF81F,0xF81F,0xF81F,0xF81F,0xF81F,0xF81F,0xF81F,0xF81F,0xF81F,0xF81F,0xF81F,
    0xF81F,0xF81F,0xF81F,0xF81F,0xF81F,0xF81F,0xF81F,0xF81F,0xF81F,0xF81F,0xF81F,0xF81F,
    0xF81F,0xF81F,0xF81F,0xF81F,0xF81F,0xF81F,0xF81F,0xF81F,0xF81F,0xF81F,0xF81F,0xF81F,
    0xF81F,0xF81F,0xF81F,0xF81F,0xF81F,0xF81F,0xF81F,0xF81F,0xF81F,0xF81F,0xF81F,0xF81F,
    0xF81F,0xF81F,0xF81F,0xF81F,0xF81F,0xF81F,0xF81F,0xF81F,0xF81F,0xF81F,0xF81F,0xF81F,
    0xF81F,0xF81F,0xF81F,0xF81F,0xF81F,0xED47,0xF547,0xF567,0xFE48,0xFE89,0xFE89,0xFE89,
    0xFE89,0xFE89,0xFE89,0xFE89,0xFE89,0xFE89,0xFE89,0xFE89,0xFE89,0xFE69,0xF587,0xF547,
    0xED47,0xF81F,0xF81F,0xF81F,0xF81F,0xF81F,0xF81F,0xF81F,0xF81F,0xF81F,0xF81F,0xF81F,
    0xF81F,0xF81F,0xF81F,0xF81F,0xF81F,0xF81F,0xF81F,0xF81F,0xF81F,0xF81F,0xF81F,0xF81F,
    0xF81F,0xF81F,0xF81F,0xF81F,0xF81F,0xF81F,0xF81F,0xF81F,0xF81F,0xF81F,0xF81F,0xF81F,
    0xF81F,0xF81F,0xF81F,0xF81F,0xF81F,0xF81F,0xF81F,0xF81F,0xF81F,0xF81F,0xF81F,0xF81F,
    0xF81F,0xF81F,0xF81F,0xF81F,0xF81F,0xF81F,0xF81F,0xF81F,0xF81F,0xF81F,0xF81F,0xF81F,
    0xF81F,0xF81F,0xF81F,0xF81F,0xF81F,0xF81F,0xF81F,0xF81F,0xF81F,0xF81F,0xF81F,0xF81F,
    0xF81F,0xF81F,0xF81F,0xF81F,0xF81F,0xF81F,0xF81F,0xF81F,0xF81F,0xF81F,0xF81F,0xF81F,
    0xF81F,0xF81F,0xF81F,0xF81F,0xF81F,0xF81F,0xF81F,0xF81F,0xF81F,0xF81F,0xF81F,0xF81F,
    0xF81F,0xF81F,0xF81F,0xF81F,0xF81F,0xF81F,0xF81F,0xF81F,0xF81F,0xF81F,0xF81F,0xF81F,
    0xF81F,0xF81F,0xF81F,0xF81F,0xF81F,0xF81F,0xF81F,0xF81F,0xF81F,0xF81F,0xF81F,0xF81F,
    0xF81F,0xF81F,0xF81F,0xF81F,0xF81F,0xF81F,0xF81F,0xF81F,0xF81F,0xF81F,0xF81F,0xF81F,
    0xF547,0xF547,0xF547,0xFE28,0xFE89,0xFE89,0xFE89,0xFE89,0xFE89,0xFE89,0xFE89,0xFE89,
    0xFE89,0xFE89,0xFE28,0xF567,0xF547,0xED47,0xF81F,0xF81F,0xF81F,0xF81F,0xF81F,0xF81F,
    0xF81F,0xF81F,0xF81F,0xF81F,0xF81F,0xF81F,0xF81F,0xF81F,0xF81F,0xF81F,0xF81F,0xF81F,
    0xF81F,0xF81F,0xF81F,0xF81F,0xF81F,0xF81F,0xF81F,0xF81F,0xF81F,0xF81F,0xF81F,0xF81F,
    0xF81F,0xF81F,0xF81F,0xF81F,0xF81F,0xF81F,0xF81F,0xF81F,0xF81F,0xF81F,0xF81F,0xF81F,
    0xF81F,0xF81F,0xF81F,0xF81F,0xF81F,0xF81F,0xF81F,0xF81F,0xF81F,0xF81F,0xF81F,0xF81F,
    0xF81F,0xF81F,0xF81F,0xF81F,0xF81F,0xF81F,0xF81F,0xF81F,0xF81F,0xF81F,0xF81F,0xF81F,
    0xF81F,0xF81F,0xF81F,0xF81F,0xF81F,0xF81F,0xF81F,0xF81F,0xF81F,0xF81F,0xF81F,0xF81F,
    0xF81F,0xF81F,0xF81F,0xF81F,0xF81F,0xF81F,0xF81F,0xF81F,0xF81F,0xF81F,0xF81F,0xF81F,
    0xF81F,0xF81F,0xF81F,0xF81F,0xF81F,0xF81F,0xF81F,0xF81F,0xF81F,0xF81F,0xF81F,0xF81F,
    0xF81F,0xF81F,0xF81F,0xF81F,0xF81F,0xF81F,0xF81F,0xF81F,0xF81F,0xF81F,0xF81F,0xF81F,
    0xF81F,0xF81F,0xF81F,0xF81F,0xF81F,0xF81F,0xF81F,0xF81F,0xF81F,0xF81F,0xF81F,0xF81F,
    0xF81F,0xF81F,0xF81F,0xF81F,0xF81F,0xF81F,0xF81F,0xF547,0xF547,0xF547,0xFE28,0xFE89,
    0xFE89,0xFE89,0xFE89,0xFE89,0xFE89,0xFE89,0xFE89,0xFE28,0xF547,0xF547,0xF547,0xF81F,
    0xF81F,0xF81F,0xF81F,0xF81F,0xF81F,0xF81F,0xF81F,0xF81F,0xF81F,0xF81F,0xF81F,0xF81F,
    0xF81F,0xF81F,0xF81F,0xF81F,0xF81F,0xF81F,0xF81F,0xF81F,0xF81F,0xF81F,0xF81F,0xF81F,
    0xF81F,0xF81F,0xF81F,0xF81F,0xF81F,0xF81F,0xF81F,0xF81F,0xF81F,0xF81F,0xF81F,0xF81F,
    0xF81F,0xF81F,0xF81F,0xF81F,0xF81F,0xF81F,0xF81F,0xF81F,0xF81F,0xF81F,0xF81F,0xF81F,
    0xF81F,0xF81F,0xF81F,0xF81F,0xF81F,0xF81F,0xF81F,0xF81F,0xF81F,0xF81F,0xF81F,0xF81F,
    0xF81F,0xF81F,0xF81F,0xF81F,0xF81F,0xF81F,0xF81F,0xF81F,0xF81F,0xF81F,0xF81F,0xF81F,
    0xF81F,0xF81F,0xF81F,0xF81F,0xF81F,0xF81F,0xF81F,0xF81F,0xF81F,0xF81F,0xF81F,0xF81F,
    0xF81F,0xF81F,0xF81F,0xF81F,0xF81F,0xF81F,0xF81F,0xF81F,0xF81F,0xF81F,0xF81F,0xF81F,
    0xF81F,0xF81F,0xF81F,0xF81F,0xF81F,0xF81F,0xF81F,0xF81F,0xF81F,0xF81F,0xF81F,0xF81F,
    0xF81F,0xF81F,0xF81F,0xF81F,0xF81F,0xF81F,0xF81F,0xF81F,0xF81F,0xF81F,0xF81F,0xF81F,
    0xF81F,0xF81F,0xF81F,0xF81F,0xF81F,0xF81F,0xF81F,0xF81F,0xF81F,0xF81F,0xF81F,0xF81F,
    0xF81F,0xF81F,0xF547,0xF547,0xFE69,0xFE89,0xFE89,0xFE89,0xFE89,0xFE89,0xFE89,0xFE89,
    0xFE89,0xFE69,0xF547,0xF547,0xF81F,0xF81F,0xF81F,0xF81F,0xF81F,0xF81F,0xF81F,0xF81F,
    0xF81F,0xF81F,0xF81F,0xF81F,0xF81F,0xF81F,0xF81F,0xF81F,0xF81F,0xF81F,0xF81F,0xF81F,
    0xF81F,0xF81F,0xF81F,0xF81F,0xF81F,0xF81F,0xF81F,0xF81F,0xF81F,0xF81F,0xF81F,0xF81F,
    0xF81F,0xF81F,0xF81F,0xF81F,0xF81F,0xF81F,0xF81F,0xF81F,0xF81F,0xF81F,0xF81F,0xF81F,
    0xF81F,0xF81F,0xF81F,0xF81F,0xF81F,0xF81F,0xF81F,0xF81F,0xF81F,0xF81F,0xF81F,0xF81F,
    0xF81F,0xF81F,0xF81F,0xF81F,0xF81F,0xF81F,0xF81F,0xF81F,0xF81F,0xF81F,0xF81F,0xF81F,
    0xF81F,0xF81F,0xF81F,0xF81F,0xF81F,0xF81F,0xF81F,0xF81F,0xF81F,0xF81F,0xF81F,0xF81F,
    0xF81F,0xF81F,0xF81F,0xF81F,0xF81F,0xF81F,0xF81F,0xF81F,0xF81F,0xF81F,0xF81F,0xF81F,
    0xF81F,0xF81F,0xF81F,0xF81F,0xF81F,0xF81F,0xF81F,0xF81F,0xF81F,0xF81F,0xF81F,0xF81F,
    0xF81F,0xF81F,0xF81F,0xF81F,0xF81F,0xF81F,0xF81F,0xF81F,0xF81F,0xF81F,0xF81F,0xF81F,
    0xF81F,0xF81F,0xF81F,0xF81F,0xF81F,0xF81F,0xF81F,0xF81F,0xF81F,0xF81F,0xF81F,0xF81F,
    0xF81F,0xF81F,0xF81F,0xF81F,0xF81F,0xF81F,0xF81F,0xF81F,0xF547,0xF567,0xFE89,0xFE89,
    0xFE89,0xFE89,0xFE89,0xFE89,0xFE89,0xFE89,0xFE89,0xFE89,0xF567,0xF547,0xF81F,0xF81F,
    0xF81F,0xF81F,0xF81F,0xF81F,0xF81F,0xF81F,0xF81F,0xF81F,0xF81F,0xF81F,0xF81F,0xF81F,
    0xF81F,0xF81F,0xF81F,0xF81F,0xF81F,0xF81F,0xF81F,0xF81F,0xF81F,0xF81F,0xF81F,0xF81F,
    0xF81F,0xF81F,0xF81F,0xF81F,0xF81F,0xF81F,0xF81F,0xF81F,0xF81F,0xF81F,0xF81F,0xF81F,
    0xF81F,0xF81F,0xF81F,0xF81F,0xF81F,0xF81F,0xF81F,0xF81F,0xF81F,0xF81F,0xF81F,0xF81F,
    0xF81F,0xF81F,0xF81F,0xF81F,0xF81F,0xF81F,0xF81F,0xF81F,0xF81F,0xF81F,0xF81F,0xF81F,
    0xF81F,0xF81F,0xF81F,0xF81F,0xF81F,0xF81F,0xF81F,0xF81F,0xF81F,0xF81F,0xF81F,0xF81F,
    0xF81F,0xF81F,0xF81F,0xF81F,0xF81F,0xF81F,0xF81F,0xF81F,0xF81F,0xF81F,0xF81F,0xF81F,
    0xF81F,0xF81F,0xF81F,0xF81F,0xF81F,0xF81F,0xF81F,0xF81F,0xF81F,0xF81F,0xF81F,0xF81F,
    0xF81F,0xF81F,0xF81F,0xF81F,0xF81F,0xF81F,0xF81F,0xF81F,0xF81F,0xF81F,0xF81F,0xF81F,
    0xF81F,0xF81F,0xF81F,0xF81F,0xF81F,0xF81F,0xF81F,0xF81F,0xF81F,0xF81F,0xF81F,0xF81F,
    0xF81F,0xF81F,0xF81F,0xF81F,0xF81F,0xF81F,0xF81F,0xF81F,0xF81F,0xF81F,0xF81F,0xF81F,
    0xF81F,0xF81F,0xF547,0xF5C8,0xFE89,0xFE89,0xFE89,0xFE89,0xFE89,0xFE89,0xFE89,0xFE89,
    0xFE89,0xFE89,0xF5C8,0xF547,0xF81F,0xF81F,0xF81F,0xF81F,0xF81F,0xF81F,0xF81F,0xF81F,
    0xF81F,0xF81F,0xF81F,0xF81F,0xF81F,0xF81F,0xF81F,0xF81F,0xF81F,0xF81F,0xF81F,0xF81F,
    0xF81F,0xF81F,0xF81F,0xF81F,0xF81F,0xF81F,0xF81F,0xF81F,0xF81F,0xF81F,0xF81F,0xF81F,
    0xF81F,0xF81F,0xF81F,0xF81F,0xF81F,0xF81F,0xF81F,0xF81F,0xF81F,0xF81F,0xF81F,0xF81F,
    0xF81F,0xF81F,0xF81F,0xF81F,0xF81F,0xF81F,0xF81F,0xF81F,0xF81F,0xF81F,0xF81F,0xF81F,
    0xF81F,0xF81F,0xF81F,0xF81F,0xF81F,0xF81F,0xF81F,0xF81F,0xF81F,0xF81F,0xF81F,0xF81F,
    0xF81F,0xF81F,0xF81F,0xF81F,0xF81F,0xF81F,0xF81F,0xF81F,0xF81F,0xF81F,0xF81F,0xF81F,
    0xF81F,0xF81F,0xF81F,0xF81F,0xF81F,0xF81F,0xF81F,0xF81F,0xF81F,0xF81F,0xF81F,0xF81F,
    0xF81F,0xF81F,0xF81F,0xF81F,0xF81F,0xF81F,0xF81F,0xF81F,0xF81F,0xF81F,0xF81F,0xF81F,
    0xF81F,0xF81F,0xF81F,0xF81F,0xF81F,0xF81F,0xF81F,0xF81F,0xF81F,0xF81F,0xF81F,0xF81F,
    0xF81F,0xF81F,0xF81F,0xF81F,0xF81F,0xF81F,0xF81F,0xF81F,0xF81F,0xF81F,0xF81F,0xF81F,
    0xF81F,0xF81F,0xF81F,0xF81F,0xF81F,0xF81F,0xF81F,0xED47,0xF547,0xFE28,0xFE89,0xFE89,
    0xFE89,0xFE48,0xF587,0xF567,0xFE28,0xFE89,0xFE89,0xFE89,0xFE08,0xF547,0xED47,0xF81F,
    0xF81F,0xF81F,0xF81F,0xF81F,0xF81F,0xF81F,0xF81F,0xF81F,0xF81F,0xF81F,0xF81F,0xF81F,
    0xF81F,0xF81F,0xF81F,0xF81F,0xF81F,0xF81F,0xF81F,0xF81F,0xF81F,0xF81F,0xF81F,0xF81F,
    0xF81F,0xF81F,0xF81F,0xF81F,0xF81F,0xF81F,0xF81F,0xF81F,0xF81F,0xF81F,0xF81F,0xFE89,
    0xFE89,0xF81F,0xF81F,0xF81F,0xF81F,0xF81F,0xF81F,0xF81F,0xF81F,0xF81F,0xF81F,0xF81F,
    0xF81F,0xF81F,0xF81F,0xF81F,0xF81F,0xF81F,0xF81F,0xF81F,0xF81F,0xF81F,0xF81F,0xF81F,
    0xF81F,0xF81F,0xF81F,0xF81F,0xF81F,0xF81F,0xF81F,0xF81F,0xF81F,0xF81F,0xF81F,0xF81F,
    0xF81F,0xF81F,0xF81F,0xF81F,0xF81F,0xF81F,0xF81F,0xF81F,0xF81F,0xF81F,0xF81F,0xF81F,
    0xF81F,0xF81F,0xF81F,0xF81F,0xF81F,0xF81F,0xF81F,0xF81F,0xF81F,0xF81F,0xF81F,0xF81F,
    0xF81F,0xF81F,0xF81F,0xF81F,0xF81F,0xF81F,0xF81F,0xF81F,0xF81F,0xF81F,0xF81F,0xF81F,
    0xF81F,0xF81F,0xF81F,0xF81F,0xF81F,0xF81F,0xF81F,0xF81F,0xF81F,0xF81F,0xF81F,0xF81F,
    0xF81F,0xF81F,0xF81F,0xF81F,0xF81F,0xF81F,0xF81F,0xF81F,0xF81F,0xF81F,0xF81F,0xF81F,
    0xF81F,0xF547,0xF547,0xFE69,0xFE89,0xFE89,0xF5C8,0xF547,0xF547,0xF547,0xF547,0xF5C8,
    0xFE89,0xFE89,0xFE69,0xF547,0xF547,0xF81F,0xF81F,0xF81F,0xF81F,0xF81F,0xF81F,0xF81F,
    0xF81F,0xF81F,0xF81F,0xF81F,0xF81F,0xF81F,0xF81F,0xF81F,0xF81F,0xF81F,0xF81F,0xF81F,
    0xF81F,0xF81F,0xF81F,0xF81F,0xF81F,0xF81F,0xF81F,0xF81F,0xF81F,0xF81F,0xF81F,0xF81F,
    0xF81F,0xF81F,0xF81F,0xF81F,0xF81F,0xFE89,0xFE89,0xF81F,0xF81F,0xF81F,0xF81F,0xF81F,
    0xF81F,0xF81F,0xF81F,0xF81F,0xF81F,0xF81F,0xF81F,0xF81F,0xF81F,0xF81F,0xF81F,0xF81F,
    0xF81F,0xF81F,0xF81F,0xF81F,0xF81F,0xF81F,0xF81F,0xF81F,0xF81F,0xF81F,0xF81F,0xF81F,
    0xF81F,0xF81F,0xF81F,0xF81F,0xF81F,0xF81F,0xF81F,0xF81F,0xF81F,0xF81F,0xF81F,0xF81F,
    0xF81F,0xF81F,0xF81F,0xF81F,0xF81F,0xF81F,0xF81F,0xF81F,0xF81F,0xF81F,0xF81F,0xF81F,
    0xF81F,0xF81F,0xF81F,0xF81F,0xF81F,0xF81F,0xF81F,0xF81F,0xF81F,0xF81F,0xF81F,0xF81F,
    0xF81F,0xF81F,0xF81F,0xF81F,0xF81F,0xF81F,0xF81F,0xF81F,0xF81F,0xF81F,0xF81F,0xF81F,
    0xF81F,0xF81F,0xF81F,0xF81F,0xF81F,0xF81F,0xF81F,0xF81F,0xF81F,0xF81F,0xF81F,0xF81F,
    0xF81F,0xF81F,0xF81F,0xF81F,0xF81F,0xF81F,0xF81F,0xF547,0xF587,0xFE89,0xFE28,0xF567,
    0xF547,0xED47,0xAC47,0xAC47,0xED47,0xF547,0xF567,0xFE28,0xFE89,0xF587,0xF547,0xF81F,
    0xF81F,0xF81F,0xF81F,0xF81F,0xF81F,0xF81F,0xF81F,0xF81F,0xF81F,0xF81F,0xF81F,0xF81F,
    0xF81F,0xF81F,0xF81F,0xF81F,0xF81F,0xF81F,0xF81F,0xF81F,0xF81F,0xF81F,0xF81F,0xF81F,
    0xF81F,0xF81F,0xF81F,0xF81F,0xF81F,0xF81F,0xF81F,0xF81F,0xF81F,0xF81F,0xF81F,0xFE89,
    0xFE89,0xF81F,0xF81F,0xF81F,0xF81F,0xF81F,0xF81F,0xF81F,0xF81F,0xF81F,0xF81F,0xF81F,
    0xF81F,0xF81F,0xF81F,0xF81F,0xF81F,0xF81F,0xF81F,0xF81F,0xF81F,0xF81F,0xF81F,0xF81F,
    0xF81F,0xF81F,0xF81F,0xF81F,0xF81F,0xF81F,0xF81F,0xF81F,0xF81F,0xF81F,0xF81F,0xF81F,
    0xF81F,0xF81F,0xF81F,0xF81F,0xF81F,0xF81F,0xF81F,0xF81F,0xF81F,0xF81F,0xF81F,0xF81F,
    0xF81F,0xF81F,0xF81F,0xF81F,0xF81F,0xF81F,0xF81F,0xF81F,0xF81F,0xF81F,0xF81F,0xF81F,
    0xF81F,0xF81F,0xF81F,0xF81F,0xF81F,0xF81F,0xF81F,0xF81F,0xF81F,0xF81F,0xF81F,0xF81F,
    0xF81F,0xF81F,0xF81F,0xF81F,0xF81F,0xF81F,0xF81F,0xF81F,0xF81F,0xF81F,0xF81F,0xF81F,
    0xF81F,0xF81F,0xF81F,0xF81F,0xF81F,0xF81F,0xF81F,0xF81F,0xF81F,0xF81F,0xF81F,0x09E8,
    0x93E7,0xF547,0xF5C8,0xF5C8,0xF547,0xF547,0xC4A7,0x3A88,0x09E8,0x09E8,0x3288,0xC487,
    0xF547,0xF547,0xF5A8,0xF5C8,0xF547,0x93E7,0x09E8,0xF81F,0xF81F,0xF81F,0xF81F,0xF81F,
    0xF81F,0xF81F,0xF81F,0xF81F,0xF81F,0xF81F,0xF81F,0xF81F,0xF81F,0xF81F,0xF81F,0xF81F,
    0xF81F,0xF81F,0xF81F,0xF81F,0xF81F,0xF81F,0xF81F,0xF81F,0xF81F,0xF81F,0xF81F,0xF81F,
    0xF81F,0xF81F,0xF81F,0xF81F,0xFE89,0xFE89,0xFE89,0xFE89,0xF81F,0xF81F,0xF81F,0xF81F,
    0xF81F,0xF81F,0xF81F,0xF81F,0xF81F,0xF81F,0xF81F,0xF81F,0xF81F,0xF81F,0xF81F,0xF81F,
    0xF81F,0xF81F,0xF81F,0xF81F,0xF81F,0xF81F,0xF81F,0xF81F,0xF81F,0xF81F,0xF81F,0xF81F,
    0xF81F,0xF81F,0xF81F,0xF81F,0xF81F,0xF81F,0xF81F,0xF81F,0xF81F,0xF81F,0xF81F,0xF81F,
    0xF81F,0xF81F,0xF81F,0xF81F,0xF81F,0xF81F,0xF81F,0xF81F,0xF81F,0xF81F,0xF81F,0xF81F,
    0xF81F,0xF81F,0xF81F,0xF81F,0xF81F,0xF81F,0xF81F,0xF81F,0xF81F,0xF81F,0xF81F,0xF81F,
    0xF81F,0xF81F,0xF81F,0xF81F,0xF81F,0xF81F,0xF81F,0xF81F,0xF81F,0xF81F,0xF81F,0xF81F,
    0xF81F,0xF81F,0xF81F,0xF81F,0xF81F,0xF81F,0xF81F,0xF81F,0xF81F,0xF81F,0xF81F,0xF81F,
    0xF81F,0x09E8,0x09E8,0x09E8,0x09E8,0x09E8,0xBC87,0xF547,0xF547,0xF547,0xED27,0x7367,
    0x11E8,0x09E8,0x09E8,0x09E8,0x09E8,0x11E8,0x7367,0xED27,0xF547,0xF547,0xF547,0xBC87,
    0x09E8,0x09E8,0x09E8,0x09E8,0x09E8,0xF81F,0xF81F,0xF81F,0xF81F,0xF81F,0xF81F,0xF81F,
    0xF81F,0xF81F,0xF81F,0xF81F,0xF81F,0xF81F,0xF81F,0xF81F,0xF81F,0xF81F,0xF81F,0xF81F,
    0xF81F,0xF81F,0xF81F,0xF81F,0xF81F,0xF81F,0xF81F,0xF81F,0xF81F,0xF81F,0xFE89,0xFE89,
    0xFE89,0xFE89,0xF81F,0xF81F,0xF81F,0xF81F,0xF81F,0xF81F,0xF81F,0xF81F,0xF81F,0xF81F,
    0xF81F,0xF81F,0xF81F,0xF81F,0xF81F,0xF81F,0xF81F,0xF81F,0xF81F,0xF81F,0xF81F,0xF81F,
    0xF81F,0xF81F,0xF81F,0xF81F,0xF81F,0xF81F,0xF81F,0xF81F,0xF81F,0xF81F,0xF81F,0xF81F,
    0xF81F,0xF81F,0xF81F,0xF81F,0xF81F,0xF81F,0xF81F,0xF81F,0xF81F,0xF81F,0xF81F,0xF81F,
    0xF81F,0xF81F,0xF81F,0xF81F,0xF81F,0xF81F,0xF81F,0xF81F,0xF81F,0xF81F,0xF81F,0xF81F,
    0xF81F,0xF81F,0xF81F,0xF81F,0xF81F,0xF81F,0xF81F,0xF81F,0xF81F,0xF81F,0xF81F,0xF81F,
    0xF81F,0xF81F,0xF81F,0xF81F,0xF81F,0xF81F,0xF81F,0xF81F,0xF81F,0xF81F,0xF81F,0xF81F,
    0xF81F,0xF81F,0xF81F,0xF81F,0x09E8,0x09E8,0x09E8,0x09E8,0x09E8,0x09E8,0x09E8,0x1A08,
    0xED27,0xF547,0xF547,0xBCA8,0x3B8C,0x1B8E,0x23CE,0x23EF,0x2430,0x2430,0x23EF,0x23CE,
    0x1B8E,0x3B8C,0xBCA8,0xF547,0xF547,0xED27,0x1A08,0x09E8,0x09E8,0x09E8,0x09E8,0x09E8,
    0x09E8,0x09E8,0xF81F,0xF81F,0xF81F,0xF81F,0xF81F,0xF81F,0xF81F,0xF81F,0xF81F,0xF81F,
    0xF81F,0xF81F,0xF81F,0xF81F,0xF81F,0xF81F,0xF81F,0xF81F,0xF81F,0xF81F,0xFE89,0xFE89,
    0xFE89,0xFE89,0xFE89,0xFE89,0xFE89,0xFE89,0xFE89,0xFE89,0xFE89,0xFE89,0xFE89,0xFE89,
    0xFE89,0xFE89,0xF81F,0xF81F,0xF81F,0xF81F,0xF81F,0xF81F,0xF81F,0xF81F,0xF81F,0xF81F,
    0xF81F,0xF81F,0xF81F,0xF81F,0xF81F,0xF81F,0xF81F,0xF81F,0xF81F,0xF81F,0xF81F,0xF81F,
    0xF81F,0xF81F,0xF81F,0xF81F,0xF81F,0xF81F,0xF81F,0xF81F,0xF81F,0xF81F,0xF81F,0xF81F,
    0xF81F,0xF81F,0xF81F,0xF81F,0xF81F,0xF81F,0xF81F,0xF81F,0xF81F,0xF81F,0xF81F,0xF81F,
    0xF81F,0xF81F,0xF81F,0xF81F,0xF81F,0xF81F,0xF81F,0xF81F,0xF81F,0xF81F,0xF81F,0xF81F,
    0xF81F,0xF81F,0xF81F,0xF81F,0xF81F,0xF81F,0xF81F,0xF81F,0xF81F,0xF81F,0xF81F,0xF81F,
    0xF81F,0xF81F,0xF81F,0xF81F,0xF81F,0xF81F,0xF81F,0xF81F,0x09E8,0x09E8,0x09E8,0x09E8,
    0x09E8,0x09E8,0x09E8,0x1208,0x1B0C,0x648D,0xF547,0xE548,0x8611,0x46D9,0x3ED9,0x3ED9,
    0x3ED9,0x3ED9,0x3ED9,0x3ED9,0x3ED9,0x3ED9,0x3ED9,0x3ED9,0x46D9,0x8611,0xE548,0xF547,
    0x648D,0x1B0C,0x1208,0x09E8,0x09E8,0x09E8,0x09E8,0x09E8,0x09E8,0x09E8,0xF81F,0xF81F,
    0xF81F,0xF81F,0xF81F,0xF81F,0xF81F,0xF81F,0xF81F,0xF81F,0xF81F,0xF81F,0xF81F,0xF81F,
    0xF81F,0xF81F,0xF81F,0xF81F,0xF81F,0xFE89,0xFE89,0xFE89,0xFE89,0xFE89,0xFE89,0xFE89,
    0xFE89,0xFE89,0xFE89,0xFE89,0xFE89,0xFE89,0xFE89,0xF81F,0xF81F,0xF81F,0xF81F,0xF81F,
    0xF81F,0xF81F,0xF81F,0xF81F,0xF81F,0xF81F,0xF81F,0xF81F,0xF81F,0xF81F,0xF81F,0xF81F,
    0xF81F,0xF81F,0xF81F,0xF81F,0xF81F,0xF81F,0xF81F,0xF81F,0xF81F,0xF81F,0xF81F,0xF81F,
    0xF81F,0xF81F,0xF81F,0xF81F,0xF81F,0xF81F,0xF81F,0xF81F,0xF81F,0xF81F,0xF81F,0xF81F,
    0xF81F,0xF81F,0xF81F,0xF81F,0xF81F,0xF81F,0xF81F,0xF81F,0xF81F,0xF81F,0xF81F,0xF81F,
    0xF81F,0xF81F,0xF81F,0xF81F,0xF81F,0xF81F,0xF81F,0xF81F,0xF81F,0xF81F,0xF81F,0xF81F,
    0xF81F,0xF81F,0xF81F,0xF81F,0xF81F,0xF81F,0xF81F,0xF81F,0xF81F,0xF81F,0xF81F,0xF81F,
    0x09E8,0x09E8,0x09E8,0x09E8,0x09E8,0x09E8,0x126A,0x240F,0x3595,0x3E98,0x3ED9,0xA5EE,
    0xBDAC,0x5697,0x3ED9,0x3ED9,0x3ED9,0x3ED9,0x3ED9,0x3ED9,0x3ED9,0x3ED9,0x3ED9,0x3ED9,
    0x3ED9,0x3ED9,0x3ED9,0x3ED9,0x56B7,0xB5CD,0xA5EF,0x3ED9,0x3E98,0x3594,0x240F,0x126A,
    0x09E8,0x09E8,0x09E8,0x09E8,0x09E8,0x09E8,0xF81F,0xF81F,0xF81F,0xF81F,0xF81F,0xF81F,
    0xF81F,0xF81F,0xF81F,0xF81F,0xF81F,0xF81F,0xF81F,0xF81F,0xF81F,0xF81F,0xF81F,0xF81F,
    0xFE89,0xFE89,0xFE89,0xFE89,0xFE89,0xFE89,0xFE89,0xFE89,0xFE89,0xFE89,0xFE89,0x9488,
    0x11E8,0xF81F,0xF81F,0xF81F,0xF81F,0xF81F,0xF81F,0xF81F,0xF81F,0xF81F,0xF81F,0xF81F,
    0xF81F,0xF81F,0xF81F,0xF81F,0xF81F,0xF81F,0xF81F,0xF81F,0xF81F,0xF81F,0xF81F,0xF81F,
    0xF81F,0xF81F,0xF81F,0xF81F,0xF81F,0xF81F,0xF81F,0xF81F,0xF81F,0xF81F,0xF81F,0xF81F,
    0xF81F,0xF81F,0xF81F,0xF81F,0xF81F,0xF81F,0xF81F,0xF81F,0xF81F,0xF81F,0xF81F,0xF81F,
    0xF81F,0xF81F,0xF81F,0xF81F,0xF81F,0xF81F,0xF81F,0xF81F,0xF81F,0xF81F,0xF81F,0xF81F,
    0xF81F,0xF81F,0xF81F,0xF81F,0xF81F,0xF81F,0xF81F,0xF81F,0xF81F,0xF81F,0xF81F,0xF81F,
    0xF81F,0xF81F,0xF81F,0xF81F,0x09E8,0x09E8,0x09E8,0x09E8,0x09E8,0x1229,0x23CE,0x3594,
    0x3EB9,0x3ED9,0x3ED9,0x3ED9,0x3ED9,0x6675,0x3ED9,0x3ED9,0x3ED9,0x3ED9,0x3ED9,0x3ED9,
    0x3ED9,0x3ED9,0x3ED9,0x3ED9,0x3ED9,0x3ED9,0x3ED9,0x3ED9,0x3ED9,0x3ED9,0x3ED9,0x3ED9,
    0x6675,0x3ED9,0x3ED9,0x3ED9,0x3ED9,0x3EB9,0x3594,0x23CE,0x1229,0x09E8,0x09E8,0x09E8,
    0x09E8,0x09E8,0xF81F,0xF81F,0xF81F,0xF81F,0xF81F,0xF81F,0xF81F,0xF81F,0xF81F,0xF81F,
    0xF81F,0xF81F,0xF81F,0xF81F,0xF81F,0xF81F,0xF81F,0x8448,0xEE29,0xFE89,0xFE89,0xFE89,
    0xFE89,0xFE89,0xFE89,0xF649,0x5B89,0x09E8,0x09E8,0x09E8,0x09E8,0xF81F,0xF81F,0xF81F,
    0xF81F,0xF81F,0xF81F,0xF81F,0xF81F,0xF81F,0xF81F,0xF81F,0xF81F,0xF81F,0xF81F,0xF81F,
    0xF81F,0xF81F,0xF81F,0xF81F,0xF81F,0xF81F,0xF81F,0xF81F,0xF81F,0xF81F,0xF81F,0xF81F,
    0xF81F,0xF81F,0xF81F,0xF81F,0xF81F,0xF81F,0xF81F,0xF81F,0xF81F,0xF81F,0xF81F,0xF81F,
    0xF81F,0xF81F,0xF81F,0xF81F,0xF81F,0xF81F,0xF81F,0xF81F,0xF81F,0xF81F,0xF81F,0xF81F,
    0xF81F,0xF81F,0xF81F,0xF81F,0xF81F,0xF81F,0xF81F,0xF81F,0xF81F,0xF81F,0xF81F,0xF81F,
    0xF81F,0xF81F,0xF81F,0xF81F,0xF81F,0xF81F,0xF81F,0xF81F,0x09E8,0x09E8,0x09E8,0x09E8,
    0x09E8,0x1249,0x2450,0x3E78,0x3ED9,0x3ED9,0x3ED9,0x3ED9,0x3ED9,0x3ED9,0x3ED9,0x3ED9,
    0x3ED9,0x3ED9,0x3ED9,0x3ED9,0x3ED9,0x3ED9,0x3ED9,0x3ED9,0x3ED9,0x3ED9,0x3ED9,0x3ED9,
    0x3ED9,0x3ED9,0x3ED9,0x3ED9,0x3ED9,0x3ED9,0x3ED9,0x3ED9,0x3ED9,0x3ED9,0x3ED9,0x3ED9,
    0x3ED9,0x3ED9,0x3E78,0x2CB1,0x126A,0x09E8,0x09E8,0x09E8,0x09E8,0x09E8,0xF81F,0xF81F,
    0xF81F,0xF81F,0xF81F,0xF81F,0xF81F,0xF81F,0xF81F,0xF81F,0xF81F,0xF81F,0xF81F,0xF81F,
    0x09E8,0x09E8,0x9468,0xFE89,0xFE89,0xFE89,0xFE89,0xFE89,0xFE89,0xAEB0,0x3E98,0x2CF3,
    0x124A,0x09E8,0x09E8,0xF81F,0xF81F,0xF81F,0xF81F,0xF81F,0xF81F,0xF81F,0xF81F,0xF81F,
    0xF81F,0xF81F,0xF81F,0xF81F,0xF81F,0xF81F,0xF81F,0xF81F,0xF81F,0xF81F,0xF81F,0xF81F,
    0xF81F,0xF81F,0xF81F,0xF81F,0xF81F,0xF81F,0xF81F,0xF81F,0xF81F,0xF81F,0xF81F,0xF81F,
    0xF81F,0xF81F,0xF81F,0xF81F,0xF81F,0xF81F,0xF81F,0xF81F,0xF81F,0xF81F,0xF81F,0xF81F,
    0xF81F,0xF81F,0xF81F,0xF81F,0xF81F,0xF81F,0xF81F,0xF81F,0xF81F,0xF81F,0xF81F,0xF81F,
    0xF81F,0xF81F,0xF81F,0xF81F,0xF81F,0xF81F,0xF81F,0xF81F,0xF81F,0xF81F,0xF81F,0xF81F,
    0x09E8,0x09E8,0x09E8,0x09E8,0x09E8,0x126A,0x2CD2,0x3EB8,0x3ED9,0x3ED9,0x3ED9,0x3ED9,
    0x3ED9,0x3ED9,0x3ED9,0x3ED9,0x3ED9,0x3ED9,0x3ED9,0x3ED9,0x3ED9,0x3ED9,0x3ED9,0x3ED9,
    0x3ED9,0x3ED9,0x3ED9,0x3ED9,0x3ED9,0x3ED9,0x3ED9,0x3ED9,0x3ED9,0x3ED9,0x3ED9,0x3ED9,
    0x3ED9,0x3ED9,0x3ED9,0x3ED9,0x3ED9,0x3ED9,0x3ED9,0x3ED9,0x3ED9,0x3ED9,0x3E98,0x2CD2,
    0x126A,0x09E8,0x09E8,0x09E8,0x09E8,0x09E8,0xF81F,0xF81F,0xF81F,0xF81F,0xF81F,0xF81F,
    0xF81F,0xF81F,0xF81F,0xF81F,0xF81F,0x09E8,0x09E8,0x09E8,0xDDE9,0xFE89,0xFE89,0xFE89,
    0xFE89,0xFE89,0xFE89,0xE68B,0x3ED9,0x3ED9,0x3E37,0x126A,0x09E8,0x09E8,0xF81F,0xF81F,
    0xF81F,0xF81F,0xF81F,0xF81F,0xF81F,0xF81F,0xF81F,0xF81F,0xF81F,0xF81F,0xF81F,0xF81F,
    0xF81F,0xF81F,0xF81F,0xF81F,0xF81F,0xF81F,0xF81F,0xF81F,0xF81F,0xF81F,0xF81F,0xF81F,
    0xF81F,0xF81F,0xF81F,0xF81F,0xF81F,0xF81F,0xF81F,0xF81F,0xF81F,0xF81F,0xF81F,0xF81F,
    0xF81F,0xF81F,0xF81F,0xF81F,0xF81F,0xF81F,0xF81F,0xF81F,0xF81F,0xF81F,0xF81F,0xF81F,
    0xF81F,0xF81F,0xF81F,0xF81F,0xF81F,0xF81F,0xF81F,0xF81F,0xF81F,0xF81F,0xF81F,0xF81F,
    0xF81F,0xF81F,0xF81F,0xF81F,0xF81F,0x09E8,0x09E8,0x09E8,0x09E8,0x1208,0x240F,0x3E98,
    0x3ED9,0x3ED9,0x3ED9,0x3ED9,0x3ED9,0x3ED9,0x3ED9,0x3ED9,0x3ED9,0x3ED9,0x3ED9,0x3ED9,
    0x3ED9,0x3ED9,0x3ED9,0x3ED9,0x3ED9,0x3ED9,0x3ED9,0x3ED9,0x3ED9,0x3ED9,0x3ED9,0x3ED9,
    0x3ED9,0x3ED9,0x3ED9,0x3ED9,0x3ED9,0x3ED9,0x3ED9,0x3ED9,0x3ED9,0x3ED9,0x3ED9,0x3ED9,
    0x3ED9,0x3ED9,0x3ED9,0x3ED9,0x3ED9,0x3ED9,0x3E98,0x2450,0x1208,0x09E8,0x09E8,0x09E8,
    0x09E8,0xF81F,0xF81F,0xF81F,0xF81F,0xF81F,0xF81F,0xF81F,0xF81F,0xF81F,0x09E8,0x09E8,
    0x09E8,0x3BED,0xFE89,0xFE89,0xFE89,0xEE8B,0xEE8B,0xFE89,0xFE89,0xFE89,0x5EB6,0x3ED9,
    0x3ED9,0x3574,0x09E8,0x09E8,0xF81F,0xF81F,0xF81F,0xF81F,0xF81F,0xF81F,0xF81F,0xF81F,
    0xF81F,0xF81F,0xF81F,0xF81F,0xF81F,0xF81F,0xF81F,0xF81F,0xF81F,0xF81F,0xF81F,0xF81F,
    0xF81F,0xF81F,0xF81F,0xF81F,0xF81F,0xF81F,0xF81F,0xF81F,0xF81F,0xF81F,0xF81F,0xF81F,
    0xF81F,0xF81F,0xF81F,0xF81F,0xF81F,0xF81F,0xF81F,0xF81F,0xF81F,0xF81F,0xF81F,0xF81F,
    0xF81F,0xF81F,0xF81F,0xF81F,0xF81F,0xF81F,0xF81F,0xF81F,0xF81F,0xF81F,0xF81F,0xF81F,
    0xF81F,0xF81F,0xF81F,0xF81F,0xF81F,0xF81F,0xF81F,0xF81F,0xF81F,0xF81F,0x09E8,0x09E8,
    0x09E8,0x09E8,0x1B4D,0x3E16,0x3ED9,0x3ED9,0x3ED9,0x3ED9,0x3ED9,0x3ED9,0x3ED9,0x3ED9,
    0x3ED9,0x3ED9,0x3ED9,0x3ED9,0x3ED9,0x3ED9,0x3ED9,0x3ED9,0x3ED9,0x3ED9,0x3ED9,0x3ED9,
    0x3ED9,0x3ED9,0x3ED9,0x3ED9,0x3ED9,0x3ED9,0x3ED9,0x3ED9,0x3ED9,0x3ED9,0x3ED9,0x3ED9,
    0x3ED9,0x3ED9,0x3ED9,0x3ED9,0x3ED9,0x3ED9,0x3ED9,0x3ED9,0x3ED9,0x3ED9,0x3ED9,0x3ED9,
    0x3ED9,0x3ED9,0x3E16,0x1B4D,0x09E8,0x09E8,0x09E8,0x09E8,0xF81F,0xF81F,0xF81F,0xF81F,
    0xF81F,0xF81F,0xF81F,0x09E8,0x09E8,0x09E8,0x2430,0x96B1,0xFE89,0xFE89,0xBEAE,0x4ED8,
    0x4EB8,0xB6AF,0xFE89,0xFE89,0x96B2,0x3ED9,0x3ED9,0x3ED9,0x12AB,0x09E8,0x09E8,0xF81F,
    0xF81F,0xF81F,0xF81F,0xF81F,0xF81F,0xF81F,0xF81F,0xF81F,0xF81F,0xF81F,0xF81F,0xF81F,
    0xF81F,0xF81F,0xF81F,0xF81F,0xF81F,0xF81F,0xF81F,0xF81F,0xF81F,0xF81F,0xF81F,0xF81F,
    0xF81F,0xF81F,0xF81F,0xF81F,0xF81F,0xF81F,0xF81F,0xF81F,0xF81F,0xF81F,0xF81F,0xF81F,
    0xF81F,0xF81F,0xF81F,0xF81F,0xF81F,0xF81F,0xF81F,0xF81F,0xF81F,0xF81F,0xF81F,0xF81F,
    0xF81F,0xF81F,0xF81F,0xF81F,0xF81F,0xF81F,0xF81F,0xF81F,0xF81F,0xF81F,0xF81F,0xF81F,
    0xF81F,0xF81F,0x09E8,0x09E8,0x09E8,0x09E8,0x1208,0x2CB1,0x3EB9,0x3ED9,0x3ED9,0x3ED9,
    0x3ED9,0x3ED9,0x3ED9,0x3ED9,0x3ED9,0x3ED9,0x3ED9,0x3ED9,0x3ED9,0x3ED9,0x3ED9,0x3ED9,
    0x3ED9,0x3ED9,0x3ED9,0x3ED9,0x3ED9,0x3ED9,0x3ED9,0x3ED9,0x3ED9,0x3ED9,0x3ED9,0x3ED9,
    0x3ED9,0x3ED9,0x3ED9,0x3ED9,0x3ED9,0x3ED9,0x3ED9,0x3ED9,0x3ED9,0x3ED9,0x3ED9,0x3ED9,
    0x3ED9,0x3ED9,0x3ED9,0x3ED9,0x3ED9,0x3ED9,0x3ED9,0x3ED9,0x3ED9,0x3EB9,0x2CD2,0x1209,
    0x09E8,0x09E8,0x09E8,0x09E8,0xF81F,0xF81F,0xF81F,0xF81F,0x09E8,0x09E8,0x09E8,0x240F,
    0x3ED9,0xD68D,0xF68A,0x86B3,0x3ED9,0x3ED9,0x3ED9,0x3ED9,0x7EB3,0xF68A,0xCE8D,0x3ED9,
    0x3ED9,0x3ED9,0x23EF,0x09E8,0x09E8,0xF81F,0xF81F,0xF81F,0xF81F,0xF81F,0xF81F,0xF81F,
    0xF81F,0xF81F,0xF81F,0xF81F,0xF81F,0xF81F,0xF81F,0xF81F,0xF81F,0xF81F,0xF81F,0xF81F,
    0xF81F,0xF81F,0xF81F,0xF81F,0xF81F,0xF81F,0xF81F,0xF81F,0xF81F,0xF81F,0xF81F,0xF81F,
    0xF81F,0xF81F,0xF81F,0xF81F,0xF81F,0xF81F,0xF81F,0xF81F,0xF81F,0xF81F,0xF81F,0xF81F,
    0xF81F,0xF81F,0xF81F,0xF81F,0xF81F,0xF81F,0xF81F,0xF81F,0xF81F,0xF81F,0xF81F,0xF81F,
    0xF81F,0xF81F,0xF81F,0xF81F,0xF81F,0xF81F,0xF81F,0x09E8,0x09E8,0x09E8,0x09E8,0x12AB,
    0x35D6,0x3ED9,0x3ED9,0x3ED9,0x3ED9,0x3ED9,0x3ED9,0x3ED9,0x3ED9,0x3ED9,0x3ED9,0x3ED9,
    0x3ED9,0x3ED9,0x3ED9,0x3ED9,0x3ED9,0x3ED9,0x3ED9,0x3ED9,0x3ED9,0x3ED9,0x3ED9,0x3ED9,
    0x3ED9,0x3ED9,0x3ED9,0x3ED9,0x3ED9,0x3ED9,0x3ED9,0x3ED9,0x3ED9,0x3ED9,0x3ED9,0x3ED9,
    0x3ED9,0x3ED9,0x3ED9,0x3ED9,0x3ED9,0x3ED9,0x3ED9,0x3ED9,0x3ED9,0x3ED9,0x3ED9,0x3ED9,
    0x3ED9,0x3ED9,0x3ED9,0x3ED9,0x3ED9,0x35F6,0x1ACB,0x09E8,0x09E8,0x09E8,0x09E8,0xF81F,
    0xF81F,0xF81F,0x09E8,0x09E8,0x1B4D,0x3EB9,0x4ED8,0xCEAD,0x56B7,0x3ED9,0x3ED9,0x3ED9,
    0x3ED9,0x3ED9,0x3ED9,0x56D7,0xC6AE,0x4ED8,0x3ED9,0x3ED9,0x2C71,0x09E8,0x09E8,0xF81F,
    0xF81F,0xF81F,0xF81F,0xF81F,0xF81F,0xF81F,0xF81F,0xF81F,0xF81F,0xF81F,0xF81F,0xF81F,
    0xF81F,0xF81F,0xF81F,0xF81F,0xF81F,0xF81F,0xF81F,0xF81F,0xF81F,0xF81F,0xF81F,0xF81F,
    0xF81F,0xF81F,0xF81F,0xF81F,0xF81F,0xF81F,0xF81F,0xF81F,0xF81F,0xF81F,0xF81F,0xF81F,
    0xF81F,0xF81F,0xF81F,0xF81F,0xF81F,0xF81F,0xF81F,0xF81F,0xF81F,0xF81F,0xF81F,0xF81F,
    0xF81F,0xF81F,0xF81F,0xF81F,0xF81F,0xF81F,0xF81F,0xF81F,0xF81F,0xF81F,0xF81F,0xF81F,
    0x09E8,0x09E8,0x09E8,0x09E8,0x1B6D,0x3E98,0x3ED9,0x3ED9,0x3ED9,0x3ED9,0x3ED9,0x3ED9,
    0x3ED9,0x3ED9,0x3ED9,0x3ED9,0x3ED9,0x3ED9,0x3ED9,0x3ED9,0x3ED9,0x3ED9,0x3ED9,0x3ED9,
    0x3ED9,0x3ED9,0x3ED9,0x3ED9,0x3ED9,0x3ED9,0x3ED9,0x3ED9,0x3ED9,0x3ED9,0x3ED9,0x3ED9,
    0x3ED9,0x3ED9,0x3ED9,0x3ED9,0x3ED9,0x3ED9,0x3ED9,0x3ED9,0x3ED9,0x3ED9,0x3ED9,0x3ED9,
    0x3ED9,0x3ED9,0x3ED9,0x3ED9,0x3ED9,0x3ED9,0x3ED9,0x3ED9,0x3ED9,0x3ED9,0x3ED9,0x3ED9,
    0x3E98,0x1B6D,0x09E8,0x09E8,0x09E8,0x09E8,0xF81F,0x09E8,0x09E8,0x126A,0x3E57,0x3ED9,
    0x46D8,0x46D9,0x3ED9,0x3ED9,0x3ED9,0x3ED9,0x3ED9,0x3ED9,0x3ED9,0x3ED9,0x46D9,0x46D8,
    0x3ED9,0x3ED9,0x2C71,0x09E8,0x09E8,0xF81F,0xF81F,0xF81F,0xF81F,0xF81F,0xF81F,0xF81F,
    0xF81F,0xF81F,0xF81F,0xF81F,0xF81F,0xF81F,0xF81F,0xF81F,0xF81F,0xF81F,0xF81F,0xF81F,
    0xF81F,0xF81F,0xF81F,0xF81F,0xF81F,0xF81F,0xF81F,0xF81F,0xF81F,0xF81F,0xF81F,0xF81F,
    0xF81F,0xF81F,0xF81F,0xF81F,0xF81F,0xF81F,0xF81F,0xF81F,0xF81F,0xF81F,0xF81F,0xF81F,
    0xF81F,0xF81F,0xF81F,0xF81F,0xF81F,0xF81F,0xF81F,0xF81F,0xF81F,0xF81F,0xF81F,0xF81F,
    0xF81F,0xF81F,0xF81F,0xF81F,0xF81F,0x09E8,0x09E8,0x09E8,0x09E8,0x240F,0x3EB9,0x3ED9,
    0x3ED9,0x3ED9,0x3ED9,0x3ED9,0x3ED9,0x3ED9,0x3ED9,0x3ED9,0x3ED9,0x3ED9,0x3ED9,0x3ED9,
    0x3ED9,0x3ED9,0x3ED9,0x3ED9,0x3ED9,0x3ED9,0x3ED9,0x3ED9,0x3ED9,0x3ED9,0x3ED9,0x3ED9,
    0x3ED9,0x3ED9,0x3ED9,0x3ED9,0x3ED9,0x3ED9,0x3ED9,0x3ED9,0x3ED9,0x3ED9,0x3ED9,0x3ED9,
    0x3ED9,0x3ED9,0x3ED9,0x3ED9,0x3ED9,0x3ED9,0x3ED9,0x3ED9,0x3ED9,0x3ED9,0x3ED9,0x3ED9,
    0x3ED9,0x3ED9,0x3ED9,0x3ED9,0x3ED9,0x3ED9,0x3ED9,0x3EB9,0x2450,0x09E8,0x09E8,0x09E8,
    0x09E8,0x09E8,0x09E8,0x2D13,0x3ED9,0x3ED9,0x3ED9,0x3ED9,0x3ED9,0x3ED9,0x3ED9,0x3ED9,
    0x3ED9,0x3ED9,0x3ED9,0x3ED9,0x3ED9,0x3ED9,0x3ED9,0x3ED9,0x240F,0x09E8,0x09E8,0xF81F,
    0xF81F,0xF81F,0xF81F,0xF81F,0xF81F,0xF81F,0xF81F,0xF81F,0xF81F,0xF81F,0xF81F,0xF81F,
    0xF81F,0xF81F,0xF81F,0xF81F,0xF81F,0xF81F,0xF81F,0xF81F,0xF81F,0xF81F,0xF81F,0xF81F,
    0xF81F,0xF81F,0xF81F,0xF81F,0xF81F,0xF81F,0xF81F,0xF81F,0xF81F,0xF81F,0xF81F,0xF81F,
    0xF81F,0xF81F,0xF81F,0xF81F,0xF81F,0xF81F,0xF81F,0xF81F,0xF81F,0xF81F,0xF81F,0xF81F,
    0xF81F,0xF81F,0xF81F,0xF81F,0xF81F,0xF81F,0xF81F,0xF81F,0xF81F,0xF81F,0x09E8,0x09E8,
    0x09E8,0x09E8,0x2CB1,0x3ED9,0x3ED9,0x3ED9,0x3ED9,0x3ED9,0x3ED9,0x3ED9,0x3ED9,0x3ED9,
    0x3ED9,0x3ED9,0x3ED9,0x3ED9,0x3ED9,0x3ED9,0x3ED9,0x3ED9,0x3ED9,0x3ED9,0x3ED9,0x3ED9,
    0x3ED9,0x3ED9,0x3ED9,0x3ED9,0x3ED9,0x3ED9,0x3ED9,0x3ED9,0x3ED9,0x3ED9,0x3ED9,0x3ED9,
    0x3ED9,0x3ED9,0x3ED9,0x3ED9,0x3ED9,0x3ED9,0x3ED9,0x3ED9,0x3ED9,0x3ED9,0x3ED9,0x3ED9,
    0x3ED9,0x3ED9,0x3ED9,0x3ED9,0x3ED9,0x3ED9,0x3ED9,0x3ED9,0x3ED9,0x3ED9,0x3ED9,0x3ED9,
    0x3ED9,0x3ED9,0x3ED9,0x2CB1,0x09E8,0x09E8,0x09E8,0x09E8,0x12CB,0x3EB9,0x3ED9,0x3ED9,
    0x3ED9,0x3ED9,0x3ED9,0x3ED9,0x3ED9,0x3ED9,0x3ED9,0x3ED9,0x3ED9,0x3ED9,0x3ED9,0x3ED9,
    0x3ED9,0x3ED9,0x1B0C,0x09E8,0x09E8,0xF81F,0xF81F,0xF81F,0xF81F,0xF81F,0xF81F,0xF81F,
    0xF81F,0xF81F,0xF81F,0xF81F,0xF81F,0xF81F,0xF81F,0xF81F,0xF81F,0xF81F,0xF81F,0xF81F,
    0xF81F,0xF81F,0xF81F,0xF81F,0xF81F,0xF81F,0xF81F,0xF81F,0xF81F,0xF81F,0xF81F,0xF81F,
    0xF81F,0xF81F,0xF81F,0xF81F,0xF81F,0xF81F,0xF81F,0xF81F,0xF81F,0xF81F,0xF81F,0xF81F,
    0xF81F,0xF81F,0xF81F,0xF81F,0xF81F,0xF81F,0xF81F,0xF81F,0xF81F,0xF81F,0xF81F,0xF81F,
    0xF81F,0xF81F,0xF81F,0x09E8,0x09E8,0x09E8,0x09E8,0x2CB1,0x3ED9,0x3ED9,0x3ED9,0x3ED9,
    0x3ED9,0x3ED9,0x3ED9,0x3ED9,0x3ED9,0x3ED9,0x3ED9,0x3ED9,0x3ED9,0x3ED9,0x3ED9,0x3ED9,
    0x3ED9,0x3ED9,0x3ED9,0x3ED9,0x3ED9,0x3ED9,0x3ED9,0x3ED9,0x3ED9,0x3ED9,0x3ED9,0x3ED9,
    0x3ED9,0x3ED9,0x3ED9,0x3ED9,0x3ED9,0x3ED9,0x3ED9,0x3ED9,0x3ED9,0x3ED9,0x3ED9,0x3ED9,
    0x3ED9,0x3ED9,0x3ED9,0x3ED9,0x3ED9,0x3ED9,0x3ED9,0x3ED9,0x3ED9,0x3ED9,0x3ED9,0x3ED9,
    0x3ED9,0x3ED9,0x3ED9,0x3ED9,0x3ED9,0x3ED9,0x3ED9,0x3ED9,0x3ED9,0x3ED9,0x2CB1,0x09E8,
    0x09E8,0x09E8,0x1AEB,0x3EB9,0x3ED9,0x3ED9,0x3ED9,0x3ED9,0x3ED9,0x3ED9,0x3ED9,0x3ED9,
    0x3ED9,0x3ED9,0x3ED9,0x3ED9,0x3ED9,0x3ED9,0x3ED9,0x3E78,0x1208,0x09E8,0x09E8,0xF81F,
    0xF81F,0xF81F,0xF81F,0xF81F,0xF81F,0xF81F,0xF81F,0xF81F,0xF81F,0xF81F,0xF81F,0xF81F,
    0xF81F,0xF81F,0xF81F,0xF81F,0xF81F,0xF81F,0xF81F,0xF81F,0xF81F,0xF81F,0xF81F,0xF81F,
    0xF81F,0xF81F,0xF81F,0xF81F,0xF81F,0xF81F,0xF81F,0xF81F,0xF81F,0xF81F,0xF81F,0xF81F,
    0xF81F,0xF81F,0xF81F,0xF81F,0xF81F,0xF81F,0xF81F,0xF81F,0xF81F,0xF81F,0xF81F,0xFE89,
    0xFE89,0xF81F,0xF81F,0xF81F,0xF81F,0xF81F,0xF81F,0xF81F,0x09E8,0x09E8,0x09E8,0x09E8,
    0x2C71,0x3ED9,0x3ED9,0x3ED9,0x3ED9,0x3ED9,0x3ED9,0x3ED9,0x3ED9,0x3ED9,0x3ED9,0x3ED9,
    0x3ED9,0x3ED9,0x3ED9,0x3ED9,0x3ED9,0x3ED9,0x3ED9,0x3ED9,0x3ED9,0x3ED9,0x3ED9,0x3ED9,
    0x3ED9,0x3ED9,0x3ED9,0x3ED9,0x3ED9,0x3ED9,0x3ED9,0x3ED9,0x3ED9,0x3ED9,0x3ED9,0x3ED9,
    0x3ED9,0x3ED9,0x3ED9,0x3ED9,0x3ED9,0x3ED9,0x3ED9,0x3ED9,0x3ED9,0x3ED9,0x3ED9,0x3ED9,
    0x3ED9,0x3ED9,0x3ED9,0x3ED9,0x3ED9,0x3ED9,0x3ED9,0x3ED9,0x3ED9,0x3ED9,0x3ED9,0x3ED9,
    0x3ED9,0x3ED9,0x3ED9,0x3ED9,0x3ED9,0x2470,0x09E8,0x09E8,0x09E8,0x2450,0x3ED9,0x3ED9,
    0x3ED9,0x3ED9,0x3ED9,0x3ED9,0x3ED9,0x3ED9,0x3ED9,0x3ED9,0x3ED9,0x3ED9,0x3ED9,0x3ED9,
    0x3ED9,0x2CF2,0x09E8,0x09E8,0xF81F,0xF81F,0xF81F,0xF81F,0xF81F,0xF81F,0xF81F,0xF81F,
    0xF81F,0xF81F,0xF81F,0xF81F,0xF81F,0xF81F,0xF81F,0xF81F,0xF81F,0xF81F,0xF81F,0xF81F,
    0xF81F,0xF81F,0xF81F,0xF81F,0xF81F,0xF81F,0xF81F,0xF81F,0xF81F,0xF81F,0xF81F,0xF81F,
    0xF81F,0xF81F,0xF81F,0xF81F,0xF81F,0xF81F,0xF81F,0xF81F,0xF81F,0xF81F,0xF81F,0xF81F,
    0xF81F,0xF81F,0xF81F,0xF81F,0xF81F,0xFE89,0xFE89,0xF81F,0xF81F,0xF81F,0xF81F,0xF81F,
    0xF81F,0xF81F,0x09E8,0x09E8,0x09E8,0x2430,0x3ED9,0x3ED9,0x3ED9,0x3ED9,0x3ED9,0x3ED9,
    0x3ED9,0x3ED9,0x3ED9,0x3ED9,0x3ED9,0x3ED9,0x3ED9,0x3ED9,0x3ED9,0x3ED9,0x3ED9,0x3ED9,
    0x3ED9,0x3ED9,0x3ED9,0x3ED9,0x3ED9,0x3ED9,0x3ED9,0x3ED9,0x3ED9,0x3ED9,0x3ED9,0x3ED9,
    0x3ED9,0x3ED9,0x3ED9,0x3ED9,0x3ED9,0x3ED9,0x3ED9,0x3ED9,0x3ED9,0x3ED9,0x3ED9,0x3ED9,
    0x3ED9,0x3ED9,0x3ED9,0x3ED9,0x3ED9,0x3ED9,0x3ED9,0x3ED9,0x3ED9,0x3ED9,0x3ED9,0x3ED9,
    0x3ED9,0x3ED9,0x3ED9,0x3ED9,0x3ED9,0x3ED9,0x3ED9,0x3ED9,0x3ED9,0x3ED9,0x3ED9,0x3ED9,
    0x2410,0x09E8,0x09E8,0x09E8,0x3554,0x3ED9,0x3ED9,0x3ED9,0x3ED9,0x3ED9,0x3ED9,0x3ED9,
    0x3ED9,0x3ED9,0x3ED9,0x3ED9,0x3ED9,0x3ED9,0x3EB9,0x12AB,0x09E8,0x09E8,0xF81F,0xF81F,
    0xF81F,0xF81F,0xF81F,0xF81F,0xF81F,0xF81F,0xF81F,0xF81F,0xF81F,0xF81F,0xF81F,0xF81F,
    0xF81F,0xF81F,0xF81F,0xF81F,0xF81F,0xF81F,0xF81F,0xF81F,0xF81F,0xF81F,0xF81F,0xF81F,
    0xF81F,0xF81F,0xF81F,0xF81F,0xF81F,0xF81F,0xF81F,0xF81F,0xF81F,0xF81F,0xF81F,0xF81F,
    0xF81F,0xF81F,0xF81F,0xF81F,0xF81F,0xF81F,0xF81F,0xF81F,0xF81F,0xF81F,0xF81F,0xFE89,
    0xFE89,0xF81F,0xF81F,0xF81F,0xF81F,0xF81F,0xF81F,0x09E8,0x09E8,0x09E8,0x1B2C,0x3EB9,
    0x3ED9,0x3ED9,0x3ED9,0x3ED9,0x3ED9,0x3ED9,0x3ED9,0x3ED9,0x3ED9,0x3ED9,0x3ED9,0x4ED9,
    0x66FA,0x771A,0x7F3B,0x873B,0x8F3B,0x8F3B,0x873B,0x7F3B,0x771A,0x66FA,0x4ED9,0x3ED9,
    0x3ED9,0x3ED9,0x3ED9,0x3ED9,0x3ED9,0x3ED9,0x3ED9,0x3ED9,0x3ED9,0x3ED9,0x3ED9,0x3ED9,
    0x3ED9,0x3ED9,0x3ED9,0x3ED9,0x3ED9,0x3ED9,0x3ED9,0x3ED9,0x3ED9,0x3ED9,0x3ED9,0x3ED9,
    0x3ED9,0x3ED9,0x3ED9,0x3ED9,0x3ED9,0x3ED9,0x3ED9,0x3ED9,0x3ED9,0x3ED9,0x3ED9,0x3ED9,
    0x3ED9,0x3ED9,0x3ED9,0x3ED9,0x3ED9,0x3ED9,0x3EB9,0x1B4D,0x09E8,0x09E8,0x1229,0x3E16,
    0x3ED9,0x3ED9,0x3ED9,0x3ED9,0x3ED9,0x3ED9,0x3ED9,0x3ED9,0x3ED9,0x3ED9,0x3ED9,0x3ED9,
    0x2CF3,0x09E8,0x09E8,0xF81F,0xF81F,0xF81F,0xF81F,0xF81F,0xF81F,0xF81F,0xF81F,0xF81F,
    0xF81F,0xF81F,0xF81F,0xF81F,0xF81F,0xF81F,0xF81F,0xF81F,0xF81F,0xF81F,0xF81F,0xF81F,
    0xF81F,0xF81F,0xF81F,0xF81F,0xF81F,0xF81F,0xF81F,0xF81F,0xF81F,0xF81F,0xF81F,0xF81F,
    0xF81F,0xF81F,0xF81F,0xF81F,0xF81F,0xF81F,0xF81F,0xF81F,0xF81F,0xF81F,0xF81F,0xF81F,
    0xF81F,0xFE89,0xFE89,0xFE89,0xFE89,0xFE89,0xFE89,0xFE89,0xFE89,0xFE89,0xFE89,0xF81F,
    0x09E8,0x09E8,0x09E8,0x128A,0x3E78,0x3ED9,0x3ED9,0x3ED9,0x3ED9,0x3ED9,0x3ED9,0x3ED9,
    0x3ED9,0x3ED9,0x46D9,0x5EFA,0x7F3B,0x8F5B,0x8F5B,0x8F5B,0x8F5B,0x8F5B,0x8F5B,0x8F5B,
    0x8F5B,0x8F5B,0x8F5B,0x8F5B,0x8F5B,0x7F3B,0x5EFA,0x46D9,0x3ED9,0x3ED9,0x3ED9,0x3ED9,
    0x3ED9,0x3ED9,0x3ED9,0x3ED9,0x3ED9,0x3ED9,0x3ED9,0x3ED9,0x3ED9,0x3ED9,0x3ED9,0x3ED9,
    0x3ED9,0x3ED9,0x3ED9,0x3ED9,0x3ED9,0x3ED9,0x3ED9,0x3ED9,0x3ED9,0x3ED9,0x3ED9,0x3ED9,
    0x3ED9,0x3ED9,0x3ED9,0x3ED9,0x3ED9,0x3ED9,0x3ED9,0x3ED9,0x3ED9,0x3ED9,0x3ED9,0x3ED9,
    0x3ED9,0x3E77,0x128A,0x09E8,0x09E8,0x1AEC,0x3EB9,0x3ED9,0x3ED9,0x3ED9,0x3ED9,0x3ED9,
    0x3ED9,0x3ED9,0x3ED9,0x3ED9,0x3ED9,0x3E57,0x124A,0x09E8,0x09E8,0xF81F,0xF81F,0xF81F,
    0xF81F,0xF81F,0xF81F,0xF81F,0xF81F,0xF81F,0xF81F,0xF81F,0xF81F,0xF81F,0xF81F,0xF81F,
    0xF81F,0xF81F,0xF81F,0xF81F,0xF81F,0xF81F,0xF81F,0xF81F,0xF81F,0xF81F,0xF81F,0xF81F,
    0xF81F,0xF81F,0xF81F,0xF81F,0xF81F,0xF81F,0xF81F,0xF81F,0xF81F,0xF81F,0xF81F,0xF81F,
    0xF81F,0xF81F,0xF81F,0xF81F,0xF81F,0xF81F,0xF81F,0xF81F,0xFE89,0xFE89,0xFE89,0xFE89,
    0xFE89,0xFE89,0xFE89,0xFE89,0xF81F,0xF81F,0x09E8,0x09E8,0x1208,0x35D5,0x3ED9,0x3ED9,
    0x3ED9,0x3ED9,0x3ED9,0x3ED9,0x3ED9,0x3ED9,0x3ED9,0x56FA,0x873B,0x8F5B,0x8F5B,0x8F5B,
    0x8F5B,0x8F5B,0x8F5B,0x8F5B,0x8F5B,0x8F5B,0x8F5B,0x8F5B,0x8F5B,0x8F5B,0x8F5B,0x8F5B,
    0x8F5B,0x873B,0x56FA,0x3ED9,0x3ED9,0x3ED9,0x3ED9,0x3ED9,0x3ED9,0x3ED9,0x3ED9,0x3ED9,
    0x3ED9,0x3ED9,0x3ED9,0x3ED9,0x3ED9,0x3ED9,0x3ED9,0x3ED9,0x3ED9,0x3ED9,0x3ED9,0x3ED9,
    0x3ED9,0x3ED9,0x3ED9,0x3ED9,0x3ED9,0x3ED9,0x3ED9,0x3ED9,0x3ED9,0x3ED9,0x3ED9,0x3ED9,
    0x3ED9,0x3ED9,0x3ED9,0x3ED9,0x3ED9,0x3ED9,0x3ED9,0x3ED9,0x35D5,0x1208,0x09E8,0x09E8,
    0x2CB1,0x3ED9,0x3ED9,0x3ED9,0x3ED9,0x3ED9,0x3ED9,0x3ED9,0x3ED9,0x3ED9,0x3EB9,0x1B4D,
    0x09E8,0x09E8,0xF81F,0xF81F,0xF81F,0xF81F,0xF81F,0xF81F,0xF81F,0xF81F,0xF81F,0xF81F,
    0xF81F,0xF81F,0xF81F,0xF81F,0xF81F,0xF81F,0xF81F,0xF81F,0xF81F,0xF81F,0xF81F,0xF81F,
    0xF81F,0xF81F,0xF81F,0xF81F,0xF81F,0xF81F,0xF81F,0xF81F,0xF81F,0xF81F,0xF81F,0xF81F,
    0xF81F,0xF81F,0xF81F,0xF81F,0xF81F,0xF81F,0xF81F,0xF81F,0xF81F,0xF81F,0xF81F,0xF81F,
    0xF81F,0xF81F,0xF81F,0xFE89,0xFE89,0xFE89,0xFE89,0xFE89,0xFE89,0xF81F,0xF81F,0x09E8,
    0x09E8,0x09E8,0x2C71,0x3ED9,0x3ED9,0x3ED9,0x3ED9,0x3ED9,0x3ED9,0x3ED9,0x3ED9,0x3ED9,
    0x671A,0x8F5B,0x8F5B,0x8F5B,0x8F5B,0x8F5B,0x8F5B,0x8F5B,0x8F5B,0x8F5B,0x8F5B,0x8F5B,
    0x8F5B,0x8F5B,0x8F5B,0x8F5B,0x8F5B,0x8F5B,0x8F5B,0x8F5B,0x8F5B,0x6F1A,0x46D9,0x3ED9,
    0x3ED9,0x3ED9,0x3ED9,0x3ED9,0x3ED9,0x3ED9,0x3ED9,0x3ED9,0x3ED9,0x3ED9,0x3ED9,0x3ED9,
    0x3ED9,0x3ED9,0x3ED9,0x3ED9,0x3ED9,0x3ED9,0x3ED9,0x3ED9,0x3ED9,0x3ED9,0x3ED9,0x3ED9,
    0x3ED9,0x3ED9,0x3ED9,0x3ED9,0x3ED9,0x3ED9,0x3ED9,0x3ED9,0x3ED9,0x3ED9,0x3ED9,0x3ED9,
    0x3ED9,0x3ED9,0x3ED9,0x2470,0x09E8,0x09E8,0x1209,0x3E37,0x3ED9,0x3ED9,0x3ED9,0x3ED9,
    0x3ED9,0x3ED9,0x3ED9,0x3ED9,0x240F,0x09E8,0x09E8,0x09E8,0xF81F,0xF81F,0xF81F,0xF81F,
    0xF81F,0xF81F,0xF81F,0xF81F,0xF81F,0xF81F,0xF81F,0xF81F,0xF81F,0xF81F,0xF81F,0xF81F,
    0xF81F,0xF81F,0xF81F,0xF81F,0xF81F,0xF81F,0xF81F,0xF81F,0xF81F,0xF81F,0xF81F,0xF81F,
    0xF81F,0xF81F,0xF81F,0xF81F,0xF81F,0xF81F,0xF81F,0xF81F,0xF81F,0xF81F,0xF81F,0xF81F,
    0xF81F,0xF81F,0xF81F,0xF81F,0xF81F,0xF81F,0xF81F,0xF81F,0xF81F,0xFE89,0xFE89,0xFE89,
    0xFE89,0xFE89,0xFE89,0xF81F,0x09E8,0x09E8,0x09E8,0x12CB,0x3EB8,0x3ED9,0x3ED9,0x3ED9,
    0x3ED9,0x3ED9,0x3ED9,0x3ED9,0x3ED9,0x771A,0x8F5B,0x8F5B,0x8F5B,0x8F5B,0x8F5B,0x8F5B,
    0x8F5B,0x8F5B,0x8F5B,0x8F5B,0x8F5B,0x8F5B,0x8F5B,0x8F5B,0x8F5B,0x8F5B,0x8F5B,0x8F5B,
    0x8F5B,0x8F5B,0x8F5B,0x8F5B,0x771A,0x3ED9,0x3ED9,0x3ED9,0x3ED9,0x3ED9,0x3ED9,0x3ED9,
    0x3ED9,0x3ED9,0x3ED9,0x3ED9,0x3ED9,0x3ED9,0x3ED9,0x3ED9,0x3ED9,0x3ED9,0x3ED9,0x3ED9,
    0x3ED9,0x3ED9,0x3ED9,0x3ED9,0x3ED9,0x3ED9,0x3ED9,0x3ED9,0x3ED9,0x3ED9,0x3ED9,0x3ED9,
    0x3ED9,0x3ED9,0x3ED9,0x3ED9,0x3ED9,0x3ED9,0x3ED9,0x3ED9,0x3ED9,0x3EB8,0x12AB,0x09E8,
    0x09E8,0x1B6D,0x3ED9,0x3ED9,0x3ED9,0x3ED9,0x3ED9,0x3ED9,0x3EB9,0x2430,0x09E8,0x09E8,
    0x09E8,0xF81F,0xF81F,0xF81F,0xF81F,0xF81F,0xF81F,0xF81F,0xF81F,0xF81F,0xF81F,0xF81F,
    0xF81F,0xF81F,0xF81F,0xF81F,0xF81F,0xF81F,0xF81F,0xF81F,0xF81F,0xF81F,0xF81F,0xF81F,
    0xF81F,0xF81F,0xF81F,0xF81F,0xF81F,0xF81F,0xF81F,0xF81F,0xF81F,0xF81F,0xF81F,0xF81F,
    0xF81F,0xF81F,0xF81F,0xF81F,0xF81F,0xF81F,0xF81F,0xF81F,0xF81F,0xF81F,0xF81F,0xF81F,
    0xF81F,0xF81F,0xF81F,0xFE89,0xFE89,0xFE89,0xFE89,0xFE89,0xFE89,0xF81F,0x09E8,0x09E8,
    0x09E8,0x35B5,0x3ED9,0x3ED9,0x3ED9,0x3ED9,0x3ED9,0x3ED9,0x3ED9,0x3ED9,0x66FA,0x8F5B,
    0x8F5B,0x8F5B,0x8F5B,0x8F5B,0x8F5B,0x8F5B,0x8F5B,0x8F5B,0x8F5B,0x8F5B,0x8F5B,0x8F5B,
    0x8F5B,0x8F5B,0x8F5B,0x8F5B,0x8F5B,0x8F5B,0x8F5B,0x8F5B,0x8F5B,0x8F5B,0x8F5B,0x66FA,
    0x3ED9,0x3ED9,0x3ED9,0x3ED9,0x3ED9,0x3ED9,0x3ED9,0x3ED9,0x3ED9,0x3ED9,0x3ED9,0x3ED9,
    0x3ED9,0x3ED9,0x3ED9,0x3ED9,0x3ED9,0x3ED9,0x3ED9,0x3ED9,0x3ED9,0x3ED9,0x3ED9,0x3ED9,
    0x3ED9,0x3ED9,0x3ED9,0x3ED9,0x3ED9,0x3ED9,0x3ED9,0x3ED9,0x3ED9,0x3ED9,0x3ED9,0x3ED9,
    0x3ED9,0x3ED9,0x3ED9,0x3ED9,0x35B5,0x09E8,0x09E8,0x09E8,0x3595,0x3ED9,0x3ED9,0x3ED9,
    0x3ED9,0x3E78,0x1B6D,0x09E8,0x09E8,0x09E8,0xF81F,0xF81F,0xF81F,0xF81F,0xF81F,0xF81F,
    0xF81F,0xF81F,0xF81F,0xF81F,0xF81F,0xF81F,0xF81F,0xF81F,0xF81F,0xF81F,0xF81F,0xF81F,
    0xF81F,0xF81F,0xF81F,0xF81F,0xF81F,0xF81F,0xF81F,0xF81F,0xF81F,0xF81F,0xF81F,0xF81F,
    0xF81F,0xF81F,0xF81F,0xF81F,0xF81F,0xF81F,0xF81F,0xF81F,0xF81F,0xF81F,0xF81F,0xF81F,
    0xF81F,0xF81F,0xF81F,0xF81F,0xF81F,0xF81F,0xF81F,0xF81F,0xF81F,0xFE89,0xF81F,0xF81F,
    0xF81F,0xF81F,0xFE89,0x32A8,0x09E8,0x09E8,0x23CF,0x3ED9,0x3ED9,0x3ED9,0x3ED9,0x3ED9,
    0x3ED9,0x3ED9,0x3ED9,0x46D9,0x8F3B,0x8F5B,0x8F5B,0x8F5B,0x8F5B,0x8F5B,0x8F5B,0x8F5B,
    0x8F5B,0x8F5B,0x8F5B,0x8F5B,0x8F5B,0x8F5B,0x8F5B,0x8F5B,0x8F5B,0x8F5B,0x8F5B,0x8F5B,
    0x8F5B,0x8F5B,0x8F5B,0x8F5B,0x8F5B,0x8F3B,0x46D9,0x3ED9,0x3ED9,0x3ED9,0x3ED9,0x3ED9,
    0x3ED9,0x3ED9,0x3ED9,0x3ED9,0x3ED9,0x3ED9,0x3ED9,0x3ED9,0x3ED9,0x3ED9,0x3ED9,0x3ED9,
    0x3ED9,0x3ED9,0x3ED9,0x3ED9,0x3ED9,0x3ED9,0x3ED9,0x3ED9,0x3ED9,0x3ED9,0x3ED9,0x3ED9,
    0x3ED9,0x3ED9,0x3ED9,0x3ED9,0x3ED9,0x3ED9,0x3ED9,0x3ED9,0x3ED9,0x3ED9,0x3ED9,0x23CE,
    0x09E8,0x09E8,0x1B2C,0x3ED9,0x3ED9,0x3ED9,0x2D33,0x128A,0x09E8,0x09E8,0x09E8,0xF81F,
    0xF81F,0xF81F,0xF81F,0xF81F,0xF81F,0xF81F,0xF81F,0xF81F,0xF81F,0xF81F,0xF81F,0xF81F,
    0xF81F,0xF81F,0xF81F,0xF81F,0xF81F,0xF81F,0xF81F,0xF81F,0xF81F,0xF81F,0xF81F,0xF81F,
    0xF81F,0xF81F,0xF81F,0xF81F,0xF81F,0xF81F,0xF81F,0xF81F,0xF81F,0xF81F,0xF81F,0xF81F,
    0xF81F,0xF81F,0xF81F,0xF81F,0xF81F,0xF81F,0xF81F,0xF81F,0xF81F,0xF81F,0xF81F,0xF81F,
    0xF81F,0xF81F,0xF81F,0xF81F,0xF81F,0xF81F,0xF81F,0xF81F,0xF81F,0x4B08,0x09E8,0x1208,
    0x3E37,0x3ED9,0x3ED9,0x3ED9,0x3ED9,0x3ED9,0x3ED9,0x3ED9,0x3ED9,0x671A,0x8F5B,0x8F5B,
    0x8F5B,0x8F5B,0x8F5B,0x8F5B,0x8F5B,0x8F5B,0x8F5B,0x8F5B,0x8F5B,0x8F5B,0x8F5B,0x8F5B,
    0x8F5B,0x8F5B,0x8F5B,0x8F5B,0x8F5B,0x8F5B,0x8F5B,0x8F5B,0x8F5B,0x8F5B,0x8F5B,0x8F5B,
    0x671A,0x3ED9,0x3ED9,0x3ED9,0x3ED9,0x3ED9,0x3ED9,0x3ED9,0x3ED9,0x3ED9,0x3ED9,0x3ED9,
    0x3ED9,0x3ED9,0x3ED9,0x3ED9,0x3ED9,0x3ED9,0x3ED9,0x3ED9,0x3ED9,0x3ED9,0x3ED9,0x3ED9,
    0x3ED9,0x3ED9,0x3ED9,0x3ED9,0x3ED9,0x3ED9,0x3ED9,0x3ED9,0x3ED9,0x3ED9,0x3ED9,0x3ED9,
    0x3ED9,0x3ED9,0x3ED9,0x3ED9,0x3ED9,0x3E37,0x1208,0x09E8,0x09E8,0x3554,0x2CD2,0x1AEC,
    0x09E8,0x09E8,0x09E8,0x09E8,0xF81F,0xF81F,0xF81F,0xF81F,0xF81F,0xF81F,0xF81F,0xF81F,
    0xF81F,0xF81F,0xF81F,0xF81F,0xF81F,0xF81F,0xF81F,0xF81F,0xF81F,0xF81F,0xF81F,0xF81F,
    0xF81F,0xF81F,0xF81F,0xF81F,0xF81F,0xF81F,0xF81F,0xF81F,0xF81F,0xF81F,0xF81F,0xF81F,
    0xF81F,0xF81F,0xF81F,0xF81F,0xF81F,0xF81F,0xF81F,0xF81F,0xF81F,0xF81F,0xF81F,0xF81F,
    0xF81F,0xF81F,0xF81F,0xF81F,0xF81F,0xF81F,0xF81F,0xF81F,0xF81F,0xF81F,0xF81F,0xF81F,
    0xF81F,0xF81F,0x09E8,0x09E8,0x09E8,0x23EF,0x3ED9,0x3ED9,0x3ED9,0x3ED9,0x3ED9,0x3ED9,
    0x3ED9,0x3ED9,0x3ED9,0x7F3B,0x8F5B,0x8F5B,0x8F5B,0x8F5B,0x8F5B,0x8F5B,0x8F5B,0x8F5B,
    0x8F5B,0x8F5B,0x8F5B,0x8F5B,0x8F5B,0x8F5B,0x8F5B,0x8F5B,0x8F5B,0x8F5B,0x8F5B,0x8F5B,
    0x8F5B,0x8F5B,0x8F5B,0x8F5B,0x8F5B,0x8F5B,0x7F3B,0x3ED9,0x3ED9,0x3ED9,0x3ED9,0x3ED9,
    0x3ED9,0x3ED9,0x3ED9,0x3ED9,0x3ED9,0x3ED9,0x3ED9,0x3ED9,0x3ED9,0x3ED9,0x3ED9,0x3ED9,
    0x3ED9,0x3ED9,0x3ED9,0x3ED9,0x3ED9,0x3ED9,0x3ED9,0x3ED9,0x3ED9,0x3ED9,0x3ED9,0x3ED9,
    0x3ED9,0x3ED9,0x3ED9,0x3ED9,0x3ED9,0x3ED9,0x3ED9,0x3ED9,0x3ED9,0x3ED9,0x3ED9,0x3ED9,
    0x23CF,0x09E8,0x09E8,0x09E8,0x09E8,0x09E8,0x09E8,0x09E8,0xF81F,0xF81F,0xF81F,0xF81F,
    0xF81F,0xF81F,0xF81F,0xF81F,0xF81F,0xF81F,0xF81F,0xF81F,0xF81F,0xF81F,0xF81F,0xF81F,
    0xF81F,0xF81F,0xF81F,0xF81F,0xF81F,0xF81F,0xF81F,0xF81F,0xF81F,0xF81F,0xF81F,0xF81F,
    0xF81F,0xF81F,0xF81F,0xF81F,0xF81F,0xF81F,0xF81F,0xF81F,0xF81F,0xF81F,0xF81F,0xF81F,
    0xF81F,0xF81F,0xF81F,0xF81F,0xF81F,0xF81F,0xF81F,0xF81F,0xF81F,0xF81F,0xF81F,0xF81F,
    0xF81F,0xF81F,0xF81F,0xF81F,0xF81F,0xF81F,0xF81F,0xF81F,0x09E8,0x09E8,0x1208,0x3E37,
    0x3ED9,0x3ED9,0x3ED9,0x3ED9,0x3ED9,0x3ED9,0x3ED9,0x3ED9,0x3ED9,0x873B,0x8F5B,0x8F5B,
    0x8F5B,0x8F5B,0x8F5B,0x8F5B,0x8F5B,0x8F5B,0x8F5B,0x8F5B,0x8F5B,0x8F5B,0x8F5B,0x8F5B,
    0x8F5B,0x8F5B,0x8F5B,0x8F5B,0x8F5B,0x8F5B,0x8F5B,0x8F5B,0x8F5B,0x8F5B,0x8F5B,0x8F5B,
    0x873B,0x3ED9,0x3ED9,0x3ED9,0x3ED9,0x3ED9,0x3ED9,0x3ED9,0x3ED9,0x3ED9,0x3ED9,0x3ED9,
    0x3ED9,0x3ED9,0x3ED9,0x3ED9,0x3ED9,0x3ED9,0x3ED9,0x3ED9,0x3ED9,0x3ED9,0x3ED9,0x3ED9,
    0x3ED9,0x3ED9,0x3ED9,0x3ED9,0x3ED9,0x3ED9,0x3ED9,0x3ED9,0x3ED9,0x3ED9,0x3ED9,0x3ED9,
    0x3ED9,0x3ED9,0x3ED9,0x3ED9,0x3ED9,0x3ED9,0x3E37,0x1208,0x09E8,0x09E8,0x09E8,0x09E8,
    0xF81F,0xF81F,0xF81F,0xF81F,0xF81F,0xF81F,0xF81F,0xF81F,0xF81F,0xF81F,0xF81F,0xF81F,
    0xF81F,0xF81F,0xF81F,0xF81F,0xF81F,0xF81F,0xF81F,0xF81F,0xF81F,0xF81F,0xF81F,0xF81F,
    0xF81F,0xF81F,0xF81F,0xF81F,0xF81F,0xF81F,0xF81F,0xF81F,0xF81F,0xF81F,0xF81F,0xF81F,
    0xF81F,0xF81F,0xF81F,0xF81F,0xF81F,0xF81F,0xF81F,0xF81F,0xF81F,0xF81F,0xF81F,0xF81F,
    0xF81F,0xF81F,0xF81F,0xF81F,0xF81F,0xF81F,0xF81F,0xF81F,0xF81F,0xF81F,0xF81F,0xF81F,
    0xF81F,0x09E8,0x09E8,0x09E8,0x1B8E,0x3ED9,0x3ED9,0x3ED9,0x3ED9,0x3ED9,0x3ED9,0x3ED9,
    0x3ED9,0x3ED9,0x3ED9,0x873B,0x8F5B,0x8F5B,0x8F5B,0x8F5B,0x8F5B,0x8F5B,0x8F5B,0x8F5B,
    0x8F5B,0x8F5B,0x8F5B,0x8F5B,0x8F5B,0x8F5B,0x8F5B,0x8F5B,0x8F5B,0x8F5B,0x8F5B,0x8F5B,
    0x8F5B,0x9F5C,0xAF7C,0xBF9D,0xC7BD,0xD7BE,0xD7BE,0xC7BD,0xCFBE,0xCFBD,0xC7BD,0xBFBD,
    0xB79D,0x9F7C,0x8F5B,0x771A,0x56F9,0x46D9,0x3ED9,0x3ED9,0x3ED9,0x3ED9,0x3ED9,0x3ED9,
    0x3ED9,0x3ED9,0x3ED9,0x3ED9,0x3ED9,0x3ED9,0x3ED9,0x3ED9,0x3ED9,0x3ED9,0x3ED9,0x3ED9,
    0x3ED9,0x3ED9,0x3ED9,0x3ED9,0x3ED9,0x3ED9,0x3ED9,0x3ED9,0x3ED9,0x3ED9,0x3ED9,0x3ED9,
    0x3ED9,0x1B8D,0x09E8,0x09E8,0x09E8,0xF81F,0xF81F,0xF81F,0xF81F,0xF81F,0xF81F,0xF81F,
    0xF81F,0xF81F,0xF81F,0xF81F,0xF81F,0xF81F,0xF81F,0xF81F,0xF81F,0xF81F,0xF81F,0xF81F,
    0xF81F,0xF81F,0xF81F,0xF81F,0xF81F,0xF81F,0xF81F,0xF81F,0xF81F,0xF81F,0xF81F,0xF81F,
    0xF81F,0xF81F,0xF81F,0xF81F,0xF81F,0xF81F,0xF81F,0xF81F,0xF81F,0xF81F,0xF81F,0xF81F,
    0xF81F,0xF81F,0xF81F,0xF81F,0xF81F,0xF81F,0xF81F,0xF81F,0xF81F,0xF81F,0xF81F,0xF81F,
    0xF81F,0xF81F,0xF81F,0xF81F,0xF81F,0xF81F,0xF81F,0x09E8,0x09E8,0x09E8,0x3574,0x3ED9,
    0x3ED9,0x3ED9,0x3ED9,0x3ED9,0x3ED9,0x3ED9,0x3ED9,0x3ED9,0x3ED9,0x7F3B,0x8F5B,0x8F5B,
    0x8F5B,0x8F5B,0x8F5B,0x8F5B,0x8F5B,0x8F5B,0x8F5B,0x8F5B,0x8F5B,0x8F5B,0x8F5B,0x8F5B,
    0x8F5B,0x8F5B,0x8F5B,0x975C,0xAF7C,0xC7BD,0xDFDE,0xE7DE,0xE7DE,0xE7DE,0xE7DE,0xE7DE,
    0xDFDE,0xCFBE,0xCFBE,0xCFBE,0xCFBE,0xCFBE,0xCFBE,0xCFBE,0xCFBE,0xCFBE,0xCFBE,0xC7BD,
    0x9F7C,0x6F1A,0x46D9,0x3ED9,0x3ED9,0x3ED9,0x3ED9,0x3ED9,0x3ED9,0x3ED9,0x3ED9,0x3ED9,
    0x3ED9,0x3ED9,0x3ED9,0x3ED9,0x3ED9,0x3ED9,0x3ED9,0x3ED9,0x3ED9,0x3ED9,0x3ED9,0x3ED9,
    0x3ED9,0x3ED9,0x3ED9,0x3ED9,0x3ED9,0x3ED9,0x3ED9,0x3554,0x09E8,0x09E8,0x09E8,0xF81F,
    0xF81F,0xF81F,0xF81F,0xF81F,0xF81F,0xF81F,0xF81F,0xF81F,0xF81F,0xF81F,0xF81F,0xF81F,
    0xF81F,0xF81F,0xF81F,0xF81F,0xF81F,0xF81F,0xF81F,0xF81F,0xF81F,0xF81F,0xF81F,0xF81F,
    0xF81F,0xF81F,0xF81F,0xF81F,0xF81F,0xF81F,0xF81F,0xF81F,0xF81F,0xF81F,0xF81F,0xF81F,
    0xF81F,0xF81F,0xF81F,0xF81F,0xF81F,0xF81F,0xF81F,0xF81F,0xF81F,0xF81F,0xF81F,0xF81F,
    0xF81F,0xF81F,0xF81F,0xF81F,0xF81F,0xF81F,0xF81F,0xF81F,0xF81F,0xF81F,0xF81F,0xF81F,
    0xF81F,0x09E8,0x09E8,0x126A,0x3EB9,0x3ED9,0x3ED9,0x3ED9,0x3ED9,0x3ED9,0x3ED9,0x3ED9,
    0x3ED9,0x3ED9,0x3ED9,0x671A,0x8F5B,0x8F5B,0x8F5B,0x8F5B,0x8F5B,0x8F5B,0x8F5B,0x8F5B,
    0x8F5B,0x8F5B,0x8F5B,0x8F5B,0x8F5B,0x8F5B,0x8F5B,0x9F5C,0xC79D,0xDFDE,0xE7DE,0xE7DE,
    0xE7DE,0xE7DE,0xE7DE,0xE7DE,0xE7DE,0xE7DE,0xD7DE,0xCFBE,0xCFBE,0xCFBE,0xCFBE,0xCFBE,
    0xCFBE,0xCFBE,0xCFBE,0xCFBE,0xCFBE,0xCFBE,0xCFBE,0xCFBE,0xC7BD,0x975C,0x5EFA,0x3ED9,
    0x3ED9,0x3ED9,0x3ED9,0x3ED9,0x3ED9,0x3ED9,0x3ED9,0x3ED9,0x3ED9,0x3ED9,0x3ED9,0x3ED9,
    0x3ED9,0x3ED9,0x3ED9,0x3ED9,0x3ED9,0x3ED9,0x3ED9,0x3ED9,0x3ED9,0x3ED9,0x3ED9,0x3ED9,
    0x3ED9,0x3EB9,0x126A,0x09E8,0x09E8,0xF81F,0xF81F,0xF81F,0xF81F,0xF81F,0xF81F,0xF81F,
    0xF81F,0xF81F,0xF81F,0xF81F,0xF81F,0xF81F,0xF81F,0xF81F,0xF81F,0xF81F,0xF81F,0xF81F,
    0xF81F,0xF81F,0xF81F,0xF81F,0xF81F,0xF81F,0xF81F,0xF81F,0xF81F,0xF81F,0xF81F,0xF81F,
    0xF81F,0xF81F,0xF81F,0xF81F,0xF81F,0xF81F,0xF81F,0xF81F,0xF81F,0xF81F,0xF81F,0xF81F,
    0xF81F,0xF81F,0xF81F,0xF81F,0xF81F,0xF81F,0xF81F,0xF81F,0xF81F,0xF81F,0xF81F,0xF81F,
    0xF81F,0xF81F,0xF81F,0xF81F,0xF81F,0xF81F,0x09E8,0x09E8,0x09E8,0x2450,0x3ED9,0x3ED9,
    0x3ED9,0x3ED9,0x3ED9,0x3ED9,0x3ED9,0x3ED9,0x3ED9,0x3ED9,0x3ED9,0x46D9,0x8F3B,0x8F5B,
    0x8F5B,0x8F5B,0x8F5B,0x8F5B,0x8F5B,0x8F5B,0x8F5B,0x8F5B,0x8F5B,0x8F5B,0x8F5B,0xA77C,
    0xCFBE,0xE7DE,0xE7DE,0xE7DE,0xE7DE,0xE7DE,0xE7DE,0xE7DE,0xE7DE,0xE7DE,0xE7DE,0xDFDE,
    0xCFBE,0xCFBE,0xCFBE,0xCFBE,0xCFBE,0xCFBE,0xCFBE,0xCFBE,0xCFBE,0xCFBE,0xCFBE,0xCFBE,
    0xCFBE,0xCFBE,0xCFBE,0xCFBE,0xCFBE,0xAF9C,0x66FA,0x3ED9,0x3ED9,0x3ED9,0x3ED9,0x3ED9,
    0x3ED9,0x3ED9,0x3ED9,0x3ED9,0x3ED9,0x3ED9,0x3ED9,0x3ED9,0x3ED9,0x3ED9,0x3ED9,0x3ED9,
    0x3ED9,0x3ED9,0x3ED9,0x3ED9,0x3ED9,0x3ED9,0x3ED9,0x3ED9,0x2430,0x09E8,0x09E8,0x09E8,
    0xF81F,0xF81F,0xF81F,0xF81F,0xF81F,0xF81F,0xF81F,0xF81F,0xF81F,0xF81F,0xF81F,0xF81F,
    0xF81F,0xF81F,0xF81F,0xF81F,0xF81F,0xF81F,0xF81F,0xF81F,0xF81F,0xF81F,0xF81F,0xF81F,
    0xF81F,0xF81F,0xF81F,0xF81F,0xF81F,0xF81F,0xF81F,0xF81F,0xF81F,0xF81F,0xF81F,0xF81F,
    0xF81F,0xF81F,0xF81F,0xF81F,0xF81F,0xF81F,0xF81F,0xF81F,0xF81F,0xF81F,0xF81F,0xF81F,
    0xF81F,0xF81F,0xF81F,0xF81F,0xF81F,0xF81F,0xF81F,0xF81F,0xF81F,0xF81F,0xF81F,0xF81F,
    0x09E8,0x09E8,0x09E8,0x35B5,0x3ED9,0x3ED9,0x3ED9,0x3ED9,0x3ED9,0x3ED9,0x3ED9,0x3ED9,
    0x3ED9,0x3ED9,0x3ED9,0x3ED9,0x66FA,0x8F5B,0x8F5B,0x8F5B,0x8F5B,0x8F5B,0x8F5B,0x8F5B,
    0x8F5B,0x8F5B,0x8F5B,0x975C,0xCFBD,0xE7DE,0xE7DE,0xE7DE,0xE7DE,0xE7DE,0xE7DE,0xE7DE,
    0xE7DE,0xE7DE,0xE7DE,0xE7DE,0xE7DE,0xD7DE,0xCFBE,0xCFBE,0xCFBE,0xCFBE,0xCFBE,0xCFBE,
    0xCFBE,0xCFBE,0xCFBE,0xCFBE,0xCFBE,0xCFBE,0xCFBE,0xCFBE,0xCFBE,0xCFBE,0xCFBE,0xCFBE,
    0xCFBE,0xA77C,0x56F9,0x3ED9,0x3ED9,0x3ED9,0x3ED9,0x3ED9,0x3ED9,0x3ED9,0x3ED9,0x3ED9,
    0x3ED9,0x3ED9,0x3ED9,0x3ED9,0x3ED9,0x3ED9,0x3ED9,0x3ED9,0x3ED9,0x3ED9,0x3ED9,0x3ED9,
    0x3ED9,0x3ED9,0x3595,0x09E8,0x09E8,0x09E8,0xF81F,0xF81F,0xF81F,0xF81F,0xF81F,0xF81F,
    0xF81F,0xF81F,0xF81F,0xF81F,0xF81F,0xF81F,0xF81F,0xF81F,0xF81F,0xF81F,0xF81F,0xF81F,
    0xF81F,0xF81F,0xF81F,0xF81F,0xF81F,0xF81F,0xF81F,0xF81F,0xF81F,0xF81F,0xF81F,0xF81F,
    0xF81F,0xF81F,0xF81F,0xF81F,0xF81F,0xF81F,0xF81F,0xF81F,0xF81F,0xF81F,0xF81F,0xF81F,
    0xF81F,0xF81F,0xF81F,0xF81F,0xF81F,0xF81F,0xF81F,0xF81F,0xF81F,0xF81F,0xF81F,0xF81F,
    0xF81F,0xF81F,0xF81F,0xF81F,0xF81F,0xF81F,0x09E8,0x09E8,0x1229,0x3EB8,0x3ED9,0x3ED9,
    0x3ED9,0x3ED9,0x3ED9,0x3ED9,0x3ED9,0x3ED9,0x3ED9,0x3ED9,0x3ED9,0x3ED9,0x3ED9,0x771A,
    0x8F5B,0x8F5B,0x8F5B,0x8F5B,0x8F5B,0x8F5B,0x8F5B,0x8F5B,0xB79D,0xDFDE,0xE7DE,0xE7DE,
    0xE7DE,0xE7DE,0xE7DE,0xE7DE,0xE7DE,0xE7DE,0xE7DE,0xE7DE,0xE7DE,0xE7DE,0xDFDE,0xCFBE,
    0xCFBE,0xCFBE,0xCFBE,0xCFBE,0xCFBE,0xCFBE,0xCFBE,0xCFBE,0xCFBE,0xCFBE,0xCFBE,0xCFBE,
    0xCFBE,0xCFBE,0xCFBE,0xCFBE,0xCFBE,0xCFBE,0xCFBE,0xCFBE,0xC7BD,0x7F3B,0x46D9,0x3ED9,
    0x3ED9,0x3ED9,0x3ED9,0x3ED9,0x3ED9,0x3ED9,0x3ED9,0x3ED9,0x3ED9,0x3ED9,0x3ED9,0x3ED9,
    0x3ED9,0x3ED9,0x3ED9,0x3ED9,0x3ED9,0x3ED9,0x3ED9,0x3ED9,0x3EB8,0x1229,0x09E8,0x09E8,
    0xF81F,0xF81F,0xF81F,0xF81F,0xF81F,0xF81F,0xF81F,0xF81F,0xF81F,0xF81F,0xF81F,0xF81F,
    0xF81F,0xF81F,0xF81F,0xF81F,0xF81F,0xF81F,0xF81F,0xF81F,0xF81F,0xF81F,0xF81F,0xF81F,
    0xF81F,0xF81F,0xF81F,0xF81F,0xF81F,0xF81F,0xF81F,0xF81F,0xF81F,0xF81F,0xF81F,0xF81F,
    0xF81F,0xF81F,0xF81F,0xF81F,0xF81F,0xF81F,0xF81F,0xF81F,0xF81F,0xF81F,0xF81F,0xF81F,
    0xF81F,0xF81F,0xF81F,0xF81F,0xF81F,0xF81F,0xF81F,0xF81F,0xF81F,0xF81F,0xF81F,0xF81F,
    0x09E8,0x09E8,0x1B6D,0x3ED9,0x3ED9,0x3ED9,0x3ED9,0x3ED9,0x3ED9,0x3ED9,0x3ED9,0x3ED9,
    0x3ED9,0x3ED9,0x3ED9,0x3ED9,0x3ED9,0x3ED9,0x671A,0x8F5B,0x8F5B,0x8F5B,0x8F5B,0x8F5B,
    0x975C,0xCFBD,0xE7DE,0xE7DE,0xE7DE,0xE7DE,0xE7DE,0xE7DE,0xE7DE,0xE7DE,0xE7DE,0xE7DE,
    0xE7DE,0xE7DE,0xE7DE,0xD7DE,0xCFBE,0xCFBE,0xCFBE,0xCFBE,0xCFBE,0xCFBE,0xCFBE,0xCFBE,
    0xCFBE,0xCFBE,0xCFBE,0xCFBE,0xCFBE,0xCFBE,0xCFBE,0xCFBE,0xCFBE,0xCFBE,0xCFBE,0xCFBE,
    0xCFBE,0xCFBE,0xCFBE,0xCFBE,0xAF7C,0x4ED9,0x3ED9,0x3ED9,0x3ED9,0x3ED9,0x3ED9,0x3ED9,
    0x3ED9,0x3ED9,0x3ED9,0x3ED9,0x3ED9,0x3ED9,0x3ED9,0x3ED9,0x3ED9,0x3ED9,0x3ED9,0x3ED9,
    0x3ED9,0x3ED9,0x3ED9,0x1B6D,0x09E8,0x09E8,0xF81F,0xF81F,0xF81F,0xF81F,0xF81F,0xF81F,
    0xF81F,0xF81F,0xF81F,0xF81F,0xF81F,0xF81F,0xF81F,0xF81F,0xF81F,0xF81F,0xF81F,0xF81F,
    0xF81F,0xF81F,0xF81F,0xF81F,0xF81F,0xF81F,0xF81F,0xF81F,0xF81F,0xF81F,0xF81F,0xF81F,
    0xF81F,0xF81F,0xF81F,0xF81F,0xF81F,0xF81F,0xF81F,0xF81F,0xF81F,0xF81F,0xF81F,0xF81F,
    0xF81F,0xF81F,0xF81F,0xF81F,0xF81F,0xF81F,0xF81F,0xF81F,0xF81F,0xF81F,0xF81F,0xF81F,
    0xF81F,0xF81F,0xF81F,0xF81F,0xF81F,0x09E8,0x09E8,0x09E8,0x2CB2,0x3ED9,0x3ED9,0x3ED9,
    0x3ED9,0x3ED9,0x3ED9,0x3ED9,0x3ED9,0x3ED9,0x3ED9,0x3ED9,0x3ED9,0x3ED9,0x3ED9,0x3ED9,
    0x3ED9,0x56FA,0x873B,0x8F5B,0x8F5B,0x9F5C,0xD7BE,0xCF3C,0xB679,0xB679,0xCF3C,0xE7DE,
    0xE7DE,0xE7DE,0xE7DE,0xE7DE,0xE7DE,0xE7DE,0xE7DE,0xDFDE,0xD7BE,0xCFBE,0xCFBE,0xCFBE,
    0xCFBE,0xCFBE,0xCFBE,0xCFBE,0xCFBE,0xCFBE,0xCFBE,0xCFBE,0xCFBE,0xCFBE,0xCFBE,0xCFBE,
    0xCFBE,0xCFBE,0xCFBE,0xCFBE,0xCFBE,0xCFBE,0xCFBE,0xBF1B,0xA679,0xA679,0xB71B,0xBF9D,
    0x5EFA,0x3ED9,0x3ED9,0x3ED9,0x3ED9,0x3ED9,0x3ED9,0x3ED9,0x3ED9,0x3ED9,0x3ED9,0x3ED9,
    0x3ED9,0x3ED9,0x3ED9,0x3ED9,0x3ED9,0x3ED9,0x3ED9,0x3ED9,0x3ED9,0x2CB1,0x09E8,0x09E8,
    0x09E8,0xF81F,0xF81F,0xF81F,0xF81F,0xF81F,0xF81F,0xF81F,0xF81F,0xF81F,0xF81F,0xF81F,
    0xF81F,0xF81F,0xF81F,0xF81F,0xF81F,0xF81F,0xF81F,0xF81F,0xF81F,0xF81F,0xF81F,0xF81F,
    0xF81F,0xF81F,0xF81F,0xF81F,0xF81F,0xF81F,0xF81F,0xF81F,0xF81F,0xF81F,0xF81F,0xF81F,
    0xF81F,0xF81F,0xF81F,0xF81F,0xF81F,0xF81F,0xF81F,0xF81F,0xF81F,0xF81F,0xF81F,0xF81F,
    0xF81F,0xF81F,0xF81F,0xF81F,0xF81F,0xF81F,0xF81F,0xF81F,0xF81F,0xF81F,0xF81F,0x09E8,
    0x09E8,0x09E8,0x3595,0x3ED9,0x3ED9,0x3ED9,0x3ED9,0x3ED9,0x3ED9,0x3ED9,0x3ED9,0x3ED9,
    0x3ED9,0x3ED9,0x3ED9,0x3ED9,0x3ED9,0x3ED9,0x3ED9,0x3ED9,0x46D9,0x5EFA,0x8699,0x6C71,
    0x2A49,0x11A7,0x11A7,0x11A7,0x11A7,0x2A49,0x6C71,0xC71B,0xE7DE,0xE7DE,0xE7DE,0xDFDE,
    0xD7BE,0xCFBE,0xCFBE,0xCFBE,0xCFBE,0xCFBE,0xCFBE,0xCFBE,0xCFBE,0xCFBE,0xCFBE,0xCFBE,
    0xCFBE,0xCFBE,0xCFBE,0xCFBE,0xCFBE,0xCFBE,0xCFBE,0xCFBE,0xCFBE,0xCFBE,0xB6FA,0x6451,
    0x2A49,0x11A7,0x11A7,0x11A7,0x11A7,0x2A49,0x6451,0x5637,0x3ED9,0x3ED9,0x3ED9,0x3ED9,
    0x3ED9,0x3ED9,0x3ED9,0x3ED9,0x3ED9,0x3ED9,0x3ED9,0x3ED9,0x3ED9,0x3ED9,0x3ED9,0x3ED9,
    0x3ED9,0x3ED9,0x3ED9,0x3595,0x09E8,0x09E8,0x09E8,0xF81F,0xF81F,0xF81F,0xF81F,0xF81F,
    0xF81F,0xF81F,0xF81F,0xF81F,0xF81F,0xF81F,0xF81F,0xF81F,0xF81F,0xF81F,0xF81F,0xF81F,
    0xF81F,0xF81F,0xF81F,0xF81F,0xF81F,0xF81F,0xF81F,0xF81F,0xF81F,0xF81F,0xF81F,0xF81F,
    0xF81F,0xF81F,0xF81F,0xF81F,0xF81F,0xF81F,0xF81F,0xF81F,0xF81F,0xF81F,0xF81F,0xF81F,
    0xF81F,0xF81F,0xF81F,0xF81F,0xF81F,0xF81F,0xF81F,0xF81F,0xF81F,0xF81F,0xF81F,0xF81F,
    0xF81F,0xF81F,0xF81F,0xF81F,0xF81F,0x09E8,0x09E8,0x09E8,0x3E77,0x3ED9,0x3ED9,0x3ED9,
    0x3ED9,0x3ED9,0x3ED9,0x3ED9,0x3ED9,0x3ED9,0x3ED9,0x3ED9,0x3ED9,0x3ED9,0x3ED9,0x3ED9,
    0x3ED9,0x3ED9,0x3EB8,0x340F,0x19C7,0x11A7,0x11A7,0x11A7,0x11A7,0x11A7,0x11A7,0x11A7,
    0x11A7,0x19C7,0x6C71,0xD7BD,0xCFBE,0xCFBE,0xCFBE,0xCFBE,0xCFBE,0xCFBE,0xCFBE,0xCFBE,
    0xCFBE,0xCFBE,0xCFBE,0xCFBE,0xCFBE,0xCFBE,0xCFBE,0xCFBE,0xCFBE,0xCFBE,0xCFBE,0xCFBE,
    0xCFBE,0xCFBE,0xC79D,0x6C71,0x19C7,0x11A7,0x11A7,0x11A7,0x11A7,0x11A7,0x11A7,0x11A7,
    0x11A7,0x19C7,0x340F,0x3EB8,0x3ED9,0x3ED9,0x3ED9,0x3ED9,0x3ED9,0x3ED9,0x3ED9,0x3ED9,
    0x3ED9,0x3ED9,0x3ED9,0x3ED9,0x3ED9,0x3ED9,0x3ED9,0x3ED9,0x3ED9,0x3E57,0x09E8,0x09E8,
    0x09E8,0xF81F,0xF81F,0xF81F,0xF81F,0xF81F,0xF81F,0xF81F,0xF81F,0xF81F,0xF81F,0xF81F,
    0xF81F,0xF81F,0xF81F,0xF81F,0xF81F,0xF81F,0xF81F,0xF81F,0xF81F,0xF81F,0xF81F,0xF81F,
    0xF81F,0xF81F,0xF81F,0xF81F,0xF81F,0xF81F,0xF81F,0xF81F,0xF81F,0xF81F,0xF81F,0xF81F,
    0xF81F,0xF81F,0xF81F,0xF81F,0xF81F,0xF81F,0xF81F,0xF81F,0xF81F,0xF81F,0xF81F,0xF81F,
    0xF81F,0xF81F,0xF81F,0xF81F,0xF81F,0xF81F,0xF81F,0xF81F,0xF81F,0xF81F,0xF81F,0x09E8,
    0x09E8,0x1249,0x3ED9,0x3ED9,0x3ED9,0x3ED9,0x3ED9,0x3ED9,0x3ED9,0x3ED9,0x3ED9,0x3ED9,
    0x3ED9,0x3ED9,0x3ED9,0x3ED9,0x3ED9,0x3ED9,0x3ED9,0x3E37,0x22CB,0x11A7,0x11A7,0x11A7,
    0x11A7,0x11A7,0x11A7,0x11A7,0x11A7,0x11A7,0x11A7,0x11A7,0x11A7,0x3AEB,0xB6FB,0xCFBE,
    0xCFBE,0xCFBE,0xCFBE,0xCFBE,0xCFBE,0xCFBE,0xCFBE,0xCFBE,0xCFBE,0xCFBE,0xCFBE,0xCFBE,
    0xCFBE,0xCFBE,0xCFBE,0xCFBE,0xCFBE,0xCFBE,0xCFBE,0xB71B,0x3B0C,0x11A7,0x11A7,0x11A7,
    0x11A7,0x11A7,0x11A7,0x11A7,0x11A7,0x11A7,0x11A7,0x11A7,0x11A7,0x22AA,0x3E36,0x3ED9,
    0x3ED9,0x3ED9,0x3ED9,0x3ED9,0x3ED9,0x3ED9,0x3ED9,0x3ED9,0x3ED9,0x3ED9,0x3ED9,0x3ED9,
    0x3ED9,0x3ED9,0x3ED9,0x3ED9,0x1249,0x09E8,0x09E8,0xF81F,0xF81F,0xF81F,0xF81F,0xF81F,
    0xF81F,0xF81F,0xF81F,0xF81F,0xF81F,0xF81F,0xF81F,0xF81F,0xF81F,0xF81F,0xF81F,0xF81F,
    0xF81F,0xF81F,0xF81F,0xF81F,0xF81F,0xF81F,0xF81F,0xF81F,0xF81F,0xF81F,0xF81F,0xF81F,
    0xF81F,0xF81F,0xF81F,0xF81F,0xF81F,0xF81F,0xF81F,0xF81F,0xF81F,0xF81F,0xF81F,0xF81F,
    0xF81F,0xF81F,0xF81F,0xF81F,0xF81F,0xF81F,0xF81F,0xF81F,0xF81F,0xF81F,0xF81F,0xF81F,
    0xF81F,0xF81F,0xF81F,0xF81F,0x09E8,0x09E8,0x09E8,0x1B0C,0x3ED9,0x3ED9,0x3ED9,0x3ED9,
    0x3ED9,0x3ED9,0x3ED9,0x3ED9,0x3ED9,0x3ED9,0x3ED9,0x3ED9,0x3ED9,0x3ED9,0x3ED9,0x3ED9,
    0x35D5,0x1A08,0x11A7,0x11A7,0x11A7,0x11A7,0x32CB,0x74F3,0x95F7,0x95F7,0x74D3,0x32CB,
    0x11A7,0x11A7,0x11A7,0x11A7,0x2228,0xAE99,0xCFBE,0xCFBE,0xCFBE,0xCFBE,0xCFBE,0xCFBE,
    0xCFBE,0xCFBE,0xCFBE,0xCFBE,0xCFBE,0xCFBE,0xCFBE,0xCFBE,0xCFBE,0xCFBE,0xCFBE,0xCFBE,
    0xAE99,0x2228,0x11A7,0x11A7,0x11A7,0x11A7,0x32CB,0x74F3,0x95F7,0x95F7,0x74D3,0x32CB,
    0x11A7,0x11A7,0x11A7,0x11A7,0x1A08,0x35D5,0x3ED9,0x3ED9,0x3ED9,0x3ED9,0x3ED9,0x3ED9,
    0x3ED9,0x3ED9,0x3ED9,0x3ED9,0x3ED9,0x3ED9,0x3ED9,0x3ED9,0x3ED9,0x3ED9,0x1AEC,0x09E8,
    0x09E8,0xF81F,0xF81F,0xF81F,0xF81F,0xF81F,0xF81F,0xF81F,0xF81F,0xF81F,0xF81F,0xF81F,
    0xF81F,0xF81F,0xF81F,0xF81F,0xF81F,0xF81F,0xF81F,0xF81F,0xF81F,0xF81F,0xF81F,0xF81F,
    0xF81F,0xF81F,0xF81F,0xF81F,0xF81F,0xF81F,0xF81F,0xF81F,0xF81F,0xF81F,0xF81F,0xF81F,
    0xF81F,0xF81F,0xF81F,0xF81F,0xF81F,0xF81F,0xF81F,0xF81F,0xF81F,0xF81F,0xF81F,0xF81F,
    0xF81F,0xF81F,0xF81F,0xF81F,0xF81F,0xF81F,0xF81F,0xF81F,0xF81F,0x09E8,0x09E8,0x09E8,
    0x09E8,0x1B6D,0x3ED9,0x3ED9,0x3ED9,0x3ED9,0x3ED9,0x3ED9,0x3ED9,0x3ED9,0x3ED9,0x3ED9,
    0x3ED9,0x3ED9,0x3ED9,0x3ED9,0x3ED9,0x3E16,0x1A08,0x11A7,0x11A7,0x11A7,0x2208,0x8DB6,
    0xCFBD,0xCFBE,0xCFBE,0xCFBE,0xCFBE,0xCFBD,0x8DB6,0x2208,0x11A7,0x11A7,0x11A7,0x2229,
    0xB6DA,0xCFBE,0xCFBE,0xCFBE,0xCFBE,0xCFBE,0xCFBE,0xCFBE,0xCFBE,0xCFBE,0xCFBE,0xCFBE,
    0xCFBE,0xCFBE,0xCFBE,0xCFBE,0xCFBE,0xB6DA,0x2229,0x11A7,0x11A7,0x11A7,0x2208,0x8DB6,
    0xCFBD,0xCFBE,0xCFBE,0xCFBE,0xCFBE,0xCFBD,0x8DB6,0x2208,0x11A7,0x11A7,0x11A7,0x1A08,
    0x3E16,0x3ED9,0x3ED9,0x3ED9,0x3ED9,0x3ED9,0x3ED9,0x3ED9,0x3ED9,0x3ED9,0x3ED9,0x3ED9,
    0x3ED9,0x3ED9,0x3ED9,0x3ED9,0x1B6D,0x09E8,0x09E8,0xF81F,0xF81F,0xF81F,0xF81F,0xF81F,
    0xF81F,0xF81F,0xF81F,0xF81F,0xF81F,0xF81F,0xF81F,0xF81F,0xF81F,0xF81F,0xF81F,0xF81F,
    0xF81F,0xF81F,0xF81F,0xF81F,0xF81F,0xF81F,0xF81F,0xF81F,0xF81F,0xF81F,0xF81F,0xF81F,
    0xF81F,0xF81F,0xF81F,0xF81F,0xF81F,0xF81F,0xF81F,0xF81F,0xF81F,0xF81F,0xF81F,0xF81F,
    0xF81F,0xF81F,0xF81F,0xF81F,0xF81F,0xF81F,0xF81F,0xF81F,0xF81F,0xF81F,0xF81F,0xF81F,
    0xF81F,0xF81F,0x09E8,0x09E8,0x09E8,0x09E8,0x09E8,0x23AE,0x3ED9,0x3ED9,0x3ED9,0x3ED9,
    0x3ED9,0x3ED9,0x3ED9,0x3ED9,0x3ED9,0x3ED9,0x3ED9,0x3ED9,0x3ED9,0x3ED9,0x3E37,0x1A49,
    0x11A7,0x11A7,0x11A7,0x3ACB,0xB6FB,0xCFBE,0xCFBE,0xCFBE,0xCFBE,0xCFBE,0xCFBE,0xCFBE,
    0xCFBE,0xB6FB,0x3ACB,0x11A7,0x11A7,0x11A7,0x2A69,0xB71B,0xCFBE,0xCFBE,0xCFBE,0xCFBE,
    0xCFBE,0xCFBE,0xCFBE,0xCFBE,0xCFBE,0xCFBE,0xCFBE,0xCFBE,0xCFBE,0xCFBE,0xB71B,0x2A69,
    0x11A7,0x11A7,0x11A7,0x3ACB,0xB6FB,0xCFBE,0xCFBE,0xCFBE,0xCFBE,0xCFBE,0xCFBE,0xCFBE,
    0xCFBE,0xB6FB,0x3ACB,0x11A7,0x11A7,0x11A7,0x1A49,0x3E37,0x3ED9,0x3ED9,0x3ED9,0x3ED9,
    0x3ED9,0x3ED9,0x3ED9,0x3ED9,0x3ED9,0x3ED9,0x3ED9,0x3ED9,0x3ED9,0x3ED9,0x23AE,0x09E8,
    0x09E8,0xF81F,0xF81F,0xF81F,0xF81F,0xF81F,0xF81F,0xF81F,0xF81F,0xF81F,0xF81F,0xF81F,
    0xF81F,0xF81F,0xF81F,0xF81F,0xF81F,0xF81F,0xF81F,0xF81F,0xF81F,0xF81F,0xF81F,0xF81F,
    0xF81F,0xF81F,0xF81F,0xF81F,0xF81F,0xF81F,0xF81F,0xF81F,0xF81F,0xF81F,0xF81F,0xF81F,
    0xF81F,0xF81F,0xF81F,0xF81F,0xF81F,0xF81F,0xF81F,0xF81F,0xF81F,0xF81F,0xF81F,0xF81F,
    0xF81F,0xF81F,0xF81F,0xF81F,0xF81F,0xF81F,0xF81F,0x09E8,0x09E8,0x09E8,0x1B4D,0x09E8,
    0x09E8,0x23EF,0x3ED9,0x3ED9,0x3ED9,0x3ED9,0x3ED9,0x3ED9,0x3ED9,0x3ED9,0x3ED9,0x3ED9,
    0x3ED9,0x3ED9,0x3ED9,0x3ED9,0x238D,0x11A7,0x11A7,0x11A7,0x3ACB,0xC75C,0xCFBE,0xCFBE,
    0xCFBE,0xCFBE,0xCFBE,0xCFBE,0xCFBE,0xCFBE,0xCFBE,0xCFBE,0xC75C,0x3ACB,0x11A7,0x11A7,
    0x11A7,0x5BEF,0xCFBE,0xCFBE,0xCFBE,0xCFBE,0xCFBE,0xCFBE,0xCFBE,0xCFBE,0xCFBE,0xCFBE,
    0xCFBE,0xCFBE,0xCFBE,0xCFBE,0x5BEF,0x11A7,0x11A7,0x11A7,0x3ACB,0xC75C,0xCFBE,0xCFBE,
    0xCFBE,0xCFBE,0xCFBE,0xCFBE,0xCFBE,0xCFBE,0xCFBE,0xCFBE,0xC75C,0x3ACB,0x11A7,0x11A7,
    0x11A7,0x238D,0x3ED9,0x3ED9,0x3ED9,0x3ED9,0x3ED9,0x3ED9,0x3ED9,0x3ED9,0x3ED9,0x3ED9,
    0x3ED9,0x3ED9,0x3ED9,0x3ED9,0x23EF,0x09E8,0x09E8,0xF81F,0xF81F,0xF81F,0xF81F,0xF81F,
    0xF81F,0xF81F,0xF81F,0xF81F,0xF81F,0xF81F,0xF81F,0xF81F,0xF81F,0xF81F,0xF81F,0xF81F,
    0xF81F,0xF81F,0xF81F,0xF81F,0xF81F,0xF81F,0xF81F,0xF81F,0xF81F,0xF81F,0xF81F,0xF81F,
    0xF81F,0xF81F,0xF81F,0xF81F,0xF81F,0xF81F,0xF81F,0xF81F,0xF81F,0xF81F,0xF81F,0xF81F,
    0xF81F,0xF81F,0xF81F,0xF81F,0xF81F,0xF81F,0xF81F,0xF81F,0xF81F,0xF81F,0xF81F,0xF81F,
    0xF81F,0x09E8,0x09E8,0x1B4D,0x2C71,0x09E8,0x09E8,0x2430,0x3ED9,0x3ED9,0x3ED9,0x3ED9,
    0x3ED9,0x3ED9,0x3ED9,0x3ED9,0x3ED9,0x3ED9,0x3ED9,0x3ED9,0x3ED9,0x3ED9,0x238D,0x11A7,
    0x11A7,0x328A,0xBF3C,0xCFBE,0xCFBE,0xCFBE,0xCFBE,0xCFBE,0xCFBE,0xCFBE,0xCFBE,0xCFBE,
    0xCFBE,0xCFBE,0xCFBE,0xBF3C,0x328A,0x11A7,0x11A7,0x5BEF,0xCFBE,0xCFBE,0xCFBE,0xCFBE,
    0xCFBE,0xCFBE,0xCFBE,0xCFBE,0xCFBE,0xCFBE,0xCFBE,0xCFBE,0xCFBE,0xCFBE,0x5BEF,0x11A7,
    0x11A7,0x328A,0xBF3C,0xCFBE,0xCFBE,0xCFBE,0xCFBE,0xCFBE,0xCFBE,0xCFBE,0xCFBE,0xCFBE,
    0xCFBE,0xCFBE,0xCFBE,0xBF3C,0x328A,0x11A7,0x11A7,0x238D,0x3ED9,0x3ED9,0x3ED9,0x3ED9,
    0x3ED9,0x3ED9,0x3ED9,0x3ED9,0x3ED9,0x3ED9,0x3ED9,0x3ED9,0x3ED9,0x3ED9,0x2430,0x09E8,
    0x09E8,0xF81F,0xF81F,0xF81F,0xF81F,0xF81F,0xF81F,0xF81F,0xF81F,0xF81F,0xF81F,0xF81F,
    0xF81F,0xF81F,0xF81F,0xF81F,0xF81F,0xF81F,0xF81F,0xF81F,0xF81F,0xF81F,0xF81F,0xF81F,
    0xF81F,0xF81F,0xF81F,0xF81F,0xF81F,0xF81F,0xF81F,0xF81F,0xF81F,0xF81F,0xF81F,0xF81F,
    0xF81F,0xF81F,0xF81F,0xF81F,0xF81F,0xF81F,0xF81F,0xF81F,0xF81F,0xF81F,0xF81F,0xF81F,
    0xF81F,0xF81F,0xF81F,0xF81F,0xF81F,0xF81F,0x09E8,0x09E8,0x1209,0x3E16,0x2C71,0x09E8,
    0x09E8,0x2430,0x3ED9,0x3ED9,0x3ED9,0x3ED9,0x3ED9,0x3ED9,0x3ED9,0x3ED9,0x3ED9,0x3ED9,
    0x3ED9,0x3ED9,0x3ED9,0x3ED9,0x3E57,0x53CF,0x5BEF,0xBF1B,0xCFBE,0xCFBE,0xCFBE,0xCFBE,
    0xCFBE,0xCFBE,0xCFBE,0xCFBE,0xCFBE,0xCFBE,0xCFBE,0xCFBE,0xCFBE,0xCFBE,0xBF1B,0x5BEF,
    0x5BEF,0xBF1B,0xCFBE,0xCFBE,0xCFBE,0xCFBE,0xCFBE,0xCFBE,0xCFBE,0xCFBE,0xCFBE,0xCFBE,
    0xCFBE,0xCFBE,0xCFBE,0xCFBE,0xBF1B,0x5BEF,0x5BEF,0xBF1B,0xCFBE,0xCFBE,0xCFBE,0xCFBE,
    0xCFBE,0xCFBE,0xCFBE,0xCFBE,0xCFBE,0xCFBE,0xCFBE,0xCFBE,0xCFBE,0xCFBE,0xBF1B,0x5BEF,
    0x53CF,0x3E57,0x3ED9,0x3ED9,0x3ED9,0x3ED9,0x3ED9,0x3ED9,0x3ED9,0x3ED9,0x3ED9,0x3ED9,
    0x3ED9,0x3ED9,0x3ED9,0x3ED9,0x2430,0x09E8,0x09E8,0xF81F,0xF81F,0xF81F,0xF81F,0xF81F,
    0xF81F,0xF81F,0xF81F,0xF81F,0xF81F,0xF81F,0xF81F,0xF81F,0xF81F,0xF81F,0xF81F,0xF81F,
    0xF81F,0xF81F,0xF81F,0xF81F,0xF81F,0xF81F,0xF81F,0xF81F,0xF81F,0xF81F,0xF81F,0xF81F,
    0xF81F,0xF81F,0xF81F,0xF81F,0xF81F,0xF81F,0xF81F,0xF81F,0xF81F,0xF81F,0xF81F,0xF81F,
    0xF81F,0xF81F,0xF81F,0xF81F,0xF81F,0xF81F,0xF81F,0xF81F,0xF81F,0xF81F,0xF81F,0xF81F,
    0x09E8,0x09E8,0x2430,0x3ED9,0x2CB2,0x09E8,0x09E8,0x23EF,0x3ED9,0x3ED9,0x3ED9,0x3ED9,
    0x3ED9,0x3ED9,0x3ED9,0x3ED9,0x3ED9,0x3ED9,0x3ED9,0x3ED9,0x3ED9,0x3ED9,0x6F1A,0xCFBE,
    0xCFBE,0xCFBE,0xCFBE,0xCFBE,0xCFBE,0xCFBE,0xCFBE,0xCFBE,0xCFBE,0xCFBE,0xCFBE,0xCFBE,
    0xCFBE,0xCFBE,0xCFBE,0xCFBE,0xCFBE,0xCFBE,0xCFBE,0xCFBE,0xCFBE,0xCFBE,0xCFBE,0xCFBE,
    0xCFBE,0xCFBE,0xCFBE,0xCFBE,0xCFBE,0xCFBE,0xCFBE,0xCFBE,0xCFBE,0xCFBE,0xCFBE,0xCFBE,
    0xCFBE,0xCFBE,0xCFBE,0xCFBE,0xCFBE,0xCFBE,0xCFBE,0xCFBE,0xCFBE,0xCFBE,0xCFBE,0xCFBE,
    0xCFBE,0xCFBE,0xCFBE,0xCFBE,0xCFBE,0xCFBE,0xCFBE,0x6F1A,0x3ED9,0x3ED9,0x3ED9,0x3ED9,
    0x3ED9,0x3ED9,0x3ED9,0x3ED9,0x3ED9,0x3ED9,0x3ED9,0x3ED9,0x3ED9,0x3ED9,0x23EF,0x09E8,
    0x09E8,0xF81F,0xF81F,0xF81F,0xF81F,0xF81F,0xF81F,0xF81F,0xF81F,0xF81F,0xF81F,0xF81F,
    0xF81F,0xF81F,0xF81F,0xF81F,0xF81F,0xF81F,0xF81F,0xF81F,0xF81F,0xF81F,0xF81F,0xF81F,
    0xF81F,0xF81F,0xF81F,0xF81F,0xF81F,0xF81F,0xF81F,0xF81F,0xF81F,0xF81F,0xF81F,0xF81F,
    0xF81F,0xF81F,0xF81F,0xF81F,0xF81F,0xF81F,0xF81F,0xF81F,0xF81F,0xF81F,0xF81F,0xF81F,
    0xF81F,0xF81F,0xF81F,0xF81F,0xF81F,0x09E8,0x09E8,0x1208,0x3E37,0x3ED9,0x2CF2,0x09E8,
    0x09E8,0x23AE,0x3ED9,0x3ED9,0x3ED9,0x3ED9,0x3ED9,0x3ED9,0x3ED9,0x3ED9,0x3ED9,0x46B9,
    0x5E58,0x7E18,0x85F8,0x85F8,0xC69A,0xD73C,0xCFBD,0xCFBE,0xCFBE,0xCFBE,0xCFBE,0xCFBE,
    0xCFBE,0xCFBE,0xCFBE,0xCFBE,0xCFBE,0xCFBE,0xCFBE,0xCFBE,0xCFBE,0xCFBE,0xCFBE,0xCFBE,
    0xCFBE,0xCFBE,0xCFBE,0xCFBE,0xCFBE,0xCFBE,0xCFBE,0xCFBE,0xCFBE,0xCFBE,0xCFBE,0xCFBE,
    0xCFBE,0xCFBE,0xCFBE,0xCFBE,0xCFBE,0xCFBE,0xCFBE,0xCFBE,0xCFBE,0xCFBE,0xCFBE,0xCFBE,
    0xCFBE,0xCFBE,0xCFBE,0xCFBE,0xCFBE,0xCFBE,0xCFBE,0xCFBE,0xCFBE,0xCFBE,0xCFBE,0xCFBD,
    0xD73C,0xBE9A,0x85F8,0x85F8,0x7E18,0x5E58,0x46B9,0x3ED9,0x3ED9,0x3ED9,0x3ED9,0x3ED9,
    0x3ED9,0x3ED9,0x3ED9,0x3ED9,0x23AE,0x09E8,0x09E8,0xF81F,0xF81F,0xF81F,0xF81F,0xF81F,
    0xF81F,0xF81F,0xF81F,0xF81F,0xF81F,0xF81F,0xF81F,0xF81F,0xF81F,0xF81F,0xF81F,0xF81F,
    0xF81F,0xF81F,0xF81F,0xF81F,0xF81F,0xF81F,0xF81F,0xF81F,0xF81F,0xF81F,0xF81F,0xF81F,
    0xF81F,0xF81F,0xF81F,0xF81F,0xF81F,0xF81F,0xF81F,0xF81F,0xF81F,0xF81F,0xF81F,0xF81F,
    0xF81F,0xF81F,0xF81F,0xF81F,0xF81F,0xF81F,0xF81F,0xF81F,0xF81F,0xF81F,0xF81F,0x09E8,
    0x09E8,0x1B6D,0x3ED9,0x3ED9,0x3533,0x09E8,0x09E8,0x1B6D,0x3ED9,0x3ED9,0x3ED9,0x3ED9,
    0x3ED9,0x3ED9,0x3ED9,0x4EB9,0x95D8,0xCD17,0xDCF7,0xDCF7,0xDCF7,0xDCF7,0xF518,0xF518,
    0xF558,0xE65B,0xCF9D,0xCFBE,0xCFBE,0xCFBE,0xCFBE,0xCFBE,0xCFBE,0xCFBE,0xCFBE,0xCFBE,
    0xCFBE,0xCFBE,0xCFBE,0xCFBE,0xCFBE,0xCFBE,0xCFBE,0xCFBE,0xCFBE,0xCFBE,0xCFBE,0xCFBE,
    0xCFBE,0xCFBE,0xCFBE,0xCFBE,0xCFBE,0xCFBE,0xCFBE,0xCFBE,0xCFBE,0xCFBE,0xCFBE,0xCFBE,
    0xCFBE,0xCFBE,0xCFBE,0xCFBE,0xCFBE,0xCFBE,0xCFBE,0xCFBE,0xCFBE,0xCFBE,0xCFBE,0xCFBE,
    0xCFBE,0xCFBE,0xCFBE,0xCF9D,0xE65A,0xF558,0xF518,0xF518,0xDCF7,0xDCF7,0xDCF7,0xDCF7,
    0xCD17,0x95D8,0x4EB9,0x3ED9,0x3ED9,0x3ED9,0x3ED9,0x3ED9,0x3ED9,0x3ED9,0x1B6D,0x09E8,
    0x09E8,0xF81F,0xF81F,0xF81F,0xF81F,0xF81F,0xF81F,0xF81F,0xF81F,0xF81F,0xF81F,0xF81F,
    0xF81F,0xF81F,0xF81F,0xF81F,0xF81F,0xF81F,0xF81F,0xF81F,0xF81F,0xF81F,0xF81F,0xF81F,
    0xF81F,0xF81F,0xF81F,0xF81F,0xF81F,0xF81F,0xF81F,0xF81F,0xF81F,0xF81F,0xF81F,0xF81F,
    0xF81F,0xF81F,0xF81F,0xF81F,0xF81F,0xF81F,0xF81F,0xF81F,0xF81F,0xF81F,0xF81F,0xF81F,
    0xF81F,0xF81F,0xF81F,0xF81F,0xF81F,0x09E8,0x09E8,0x2CF2,0x3ED9,0x3ED9,0x3594,0x09E8,
    0x09E8,0x1B0C,0x3ED9,0x3ED9,0x3ED9,0x3ED9,0x3ED9,0x3ED9,0x6658,0xCD17,0xDCF7,0xDCF7,
    0xDCF7,0xDCF7,0xDCF7,0xE4F7,0xF518,0xF518,0xF518,0xF518,0xF558,0xD73C,0xCFBE,0xCFBE,
    0xCFBE,0xCFBE,0xCFBE,0xCFBE,0xCFBE,0xCFBE,0xCFBE,0xCFBE,0xCFBE,0xCFBE,0xCFBE,0xCFBE,
    0xCFBE,0xCFBE,0xCFBE,0xCFBE,0xCFBE,0xCFBE,0xCFBE,0xCFBE,0xCFBE,0xCFBE,0xCFBE,0xCFBE,
    0xCFBE,0xCFBE,0xCFBE,0xCFBE,0xCFBE,0xCFBE,0xCFBE,0xCFBE,0xCFBE,0xCFBE,0xCFBE,0xCFBE,
    0xCFBE,0xCFBE,0xCFBE,0xCFBE,0xCFBE,0xCFBE,0xCFBE,0xCFBE,0xD73C,0xF578,0xF518,0xF518,
    0xF518,0xF518,0xE4F7,0xDCF7,0xDCF7,0xDCF7,0xDCF7,0xDCF7,0xCD17,0x6678,0x3ED9,0x3ED9,
    0x3ED9,0x3ED9,0x3ED9,0x3ED9,0x1AEC,0x09E8,0x09E8,0xF81F,0xF81F,0xF81F,0xF81F,0xF81F,
    0xF81F,0xF81F,0xF81F,0xF81F,0xF81F,0xF81F,0xF81F,0xF81F,0xF81F,0xF81F,0xF81F,0xF81F,
    0xF81F,0xF81F,0xF81F,0xF81F,0xF81F,0xF81F,0xF81F,0xF81F,0xF81F,0xF81F,0xF81F,0xF81F,
    0xF81F,0xF81F,0xF81F,0xF81F,0xF81F,0xF81F,0xF81F,0xF81F,0xF81F,0xF81F,0xF81F,0xF81F,
    0xF81F,0xF81F,0xF81F,0xF81F,0xF81F,0xF81F,0xF81F,0xF81F,0xF81F,0xF81F,0xF81F,0x09E8,
    0x09E8,0x3E57,0x3ED9,0x3ED9,0x3E37,0x09E8,0x09E8,0x1249,0x3ED9,0x3ED9,0x3ED9,0x3ED9,
    0x3ED9,0x5698,0xD517,0xDCF7,0xDCF7,0xDCF7,0xDCF7,0xDCF7,0xDCF7,0xE517,0xF518,0xF518,
    0xF518,0xF518,0xF518,0xF558,0xD75D,0xCFBE,0xCFBE,0xCFBE,0xCFBE,0xCFBE,0xCFBE,0xCFBE,
    0xCFBE,0xCFBE,0xCFBE,0xCFBE,0xCFBE,0xCFBE,0xCFBE,0xCFBE,0xCFBE,0xCFBE,0xCFBE,0xCFBE,
    0xCFBE,0xCFBE,0xCFBE,0xCFBE,0xCFBE,0xCFBE,0xCFBE,0xCFBE,0xCFBE,0xCFBE,0xCFBE,0xCFBE,
    0xCFBE,0xCFBE,0xCFBE,0xCFBE,0xCFBE,0xCFBE,0xCFBE,0xCFBE,0xCFBE,0xCFBE,0xCFBE,0xCFBE,
    0xCFBE,0xD75D,0xF558,0xF518,0xF518,0xF518,0xF518,0xF518,0xE517,0xDCF7,0xDCF7,0xDCF7,
    0xDCF7,0xDCF7,0xDCF7,0xCD17,0x5678,0x3ED9,0x3ED9,0x3ED9,0x3ED9,0x3ED9,0x1249,0x09E8,
    0x09E8,0xF81F,0xF81F,0xF81F,0xF81F,0xF81F,0xF81F,0xF81F,0xF81F,0xF81F,0xF81F,0xF81F,
    0xF81F,0xF81F,0xF81F,0xF81F,0xF81F,0xF81F,0xF81F,0xF81F,0xF81F,0xF81F,0xF81F,0xF81F,
    0xF81F,0xF81F,0xF81F,0xF81F,0xF81F,0xF81F,0xF81F,0xF81F,0xF81F,0xF81F,0xF81F,0xF81F,
    0xF81F,0xF81F,0xF81F,0xF81F,0xF81F,0xF81F,0xF81F,0xF81F,0xF81F,0xF81F,0xF81F,0xF81F,
    0xF81F,0xF81F,0xF81F,0xF81F,0x09E8,0x09E8,0x1249,0x3ED9,0x3ED9,0x3ED9,0x3EB9,0x1229,
    0x09E8,0x09E8,0x3E77,0x3ED9,0x3ED9,0x3ED9,0x3ED9,0xA598,0xDCF7,0xDCF7,0xDCF7,0xDCF7,
    0xDCF7,0xDCF7,0xDCF7,0xED18,0xF518,0xF518,0xF518,0xF518,0xF518,0xF518,0xE61A,0xCFBE,
    0xCFBE,0xCFBE,0xCFBE,0xCFBE,0xCFBE,0xCFBE,0xCFBE,0xCFBE,0xCFBE,0xCFBE,0xCFBE,0xCFBE,
    0xCFBE,0xCFBE,0xCFBE,0xCFBE,0xCFBE,0xCFBE,0xCFBE,0xCFBE,0xCFBE,0xCFBE,0xCFBE,0xCFBE,
    0xCFBE,0xCFBE,0xCFBE,0xCFBE,0xCFBE,0xCFBE,0xCFBE,0xCFBE,0xCFBE,0xCFBE,0xCFBE,0xCFBE,
    0xCFBE,0xCFBE,0xCFBE,0xCFBE,0xCFBE,0xCFBE,0xCFBE,0xE61A,0xF518,0xF518,0xF518,0xF518,
    0xF518,0xF518,0xED18,0xDCF7,0xDCF7,0xDCF7,0xDCF7,0xDCF7,0xDCF7,0xDCF7,0xA597,0x3ED9,
    0x3ED9,0x3ED9,0x3ED9,0x3E57,0x09E8,0x09E8,0x09E8,0xF81F,0xF81F,0xF81F,0xF81F,0xF81F,
    0xF81F,0xF81F,0xF81F,0xF81F,0xF81F,0xF81F,0xF81F,0xF81F,0xF81F,0xF81F,0xF81F,0xF81F,
    0xF81F,0xF81F,0xF81F,0xF81F,0xF81F,0xF81F,0xF81F,0xF81F,0xF81F,0xF81F,0xF81F,0xF81F,
    0xF81F,0xF81F,0xF81F,0xF81F,0xF81F,0xF81F,0xF81F,0xF81F,0xF81F,0xF81F,0xF81F,0xF81F,
    0xF81F,0xF81F,0xF81F,0xF81F,0xF81F,0xF81F,0xF81F,0xF81F,0xF81F,0xF81F,0x09E8,0x09E8,
    0x1AEC,0x3ED9,0x3ED9,0x3ED9,0x3ED9,0x1AEB,0x09E8,0x09E8,0x3595,0x3ED9,0x3ED9,0x3ED9,
    0x3ED9,0xCD17,0xDCF7,0xDCF7,0xDCF7,0xDCF7,0xDCF7,0xDCF7,0xDCF7,0xF518,0xF518,0xF518,
    0xF518,0xF518,0xF518,0xF518,0xF558,0xCFBE,0xCFBE,0xCFBE,0xCFBE,0xCFBE,0xCFBE,0xCFBE,
    0xCFBE,0xCFBE,0xCFBE,0xCFBE,0xCFBE,0xCFBE,0xCFBE,0xCFBE,0xCFBE,0xCFBE,0xCFBE,0xCFBE,
    0xCFBE,0xCFBE,0xCFBE,0xCFBE,0xCFBE,0xCFBE,0xCFBE,0xCFBE,0xCFBE,0xCFBE,0xCFBE,0xCFBE,
    0xCFBE,0xCFBE,0xCFBE,0xCFBE,0xCFBE,0xCFBE,0xCFBE,0xCFBE,0xCFBE,0xCFBE,0xCFBE,0xCFBE,
    0xCFBE,0xF558,0xF518,0xF518,0xF518,0xF518,0xF518,0xF518,0xF518,0xDCF7,0xDCF7,0xDCF7,
    0xDCF7,0xDCF7,0xDCF7,0xDCF7,0xCD17,0x3ED9,0x3ED9,0x3ED9,0x3ED9,0x3595,0x09E8,0x09E8,
    0x09E8,0xF81F,0xF81F,0xF81F,0xF81F,0xF81F,0xF81F,0xF81F,0xF81F,0xF81F,0xF81F,0xF81F,
    0xF81F,0xF81F,0xF81F,0xF81F,0xF81F,0xF81F,0xF81F,0xF81F,0xF81F,0xF81F,0xF81F,0xF81F,
    0xF81F,0xF81F,0xF81F,0xF81F,0xF81F,0xF81F,0xF81F,0xF81F,0xF81F,0xF81F,0xF81F,0xF81F,
    0xF81F,0xF81F,0xF81F,0xF81F,0xF81F,0xF81F,0xF81F,0xF81F,0xF81F,0xF81F,0xF81F,0xF81F,
    0xF81F,0xF81F,0xF81F,0xF81F,0x09E8,0x09E8,0x1B2D,0x3ED9,0x3ED9,0x3ED9,0x3ED9,0x23AE,
    0x09E8,0x09E8,0x2CB2,0x3ED9,0x3ED9,0x3ED9,0x3ED9,0xCD17,0xDCF7,0xDCF7,0xDCF7,0xDCF7,
    0xDCF7,0xDCF7,0xDCF7,0xF518,0xF518,0xF518,0xF518,0xF518,0xF518,0xF518,0xF558,0xCFBE,
    0xCFBE,0xCFBE,0xCFBE,0xCFBE,0xCFBE,0xCFBE,0xCFBE,0xCFBE,0xCFBE,0xCFBE,0xCFBE,0xCFBE,
    0xCFBE,0xCFBE,0xCFBE,0xCFBE,0xCFBE,0xCFBE,0xCFBE,0xCFBE,0xCFBE,0xCFBE,0xCFBE,0xCFBE,
    0xCFBE,0xCFBE,0xCFBE,0xCFBE,0xCFBE,0xCFBE,0xCFBE,0xCFBE,0xCFBE,0xCFBE,0xCFBE,0xCFBE,
    0xCFBE,0xCFBE,0xCFBE,0xCFBE,0xCFBE,0xCFBE,0xCFBE,0xF558,0xF518,0xF518,0xF518,0xF518,
    0xF518,0xF518,0xF518,0xDCF7,0xDCF7,0xDCF7,0xDCF7,0xDCF7,0xDCF7,0xDCF7,0xCD17,0x3ED9,
    0x3ED9,0x3ED9,0x3ED9,0x2CB1,0x09E8,0x09E8,0x09E8,0xF81F,0xF81F,0xF81F,0xF81F,0xF81F,
    0xF81F,0xF81F,0xF81F,0xF81F,0xF81F,0xF81F,0xF81F,0xF81F,0xF81F,0xF81F,0xF81F,0xF81F,
    0xF81F,0xF81F,0xF81F,0xF81F,0xF81F,0xF81F,0xF81F,0xF81F,0xF81F,0xF81F,0xF81F,0xF81F,
    0xF81F,0xF81F,0xF81F,0xF81F,0xF81F,0xF81F,0xF81F,0xF81F,0xF81F,0xF81F,0xF81F,0xF81F,
    0xF81F,0xF81F,0xF81F,0xF81F,0xF81F,0xF81F,0xF81F,0xF81F,0xF81F,0xF81F,0x09E8,0x09E8,
    0x1B2C,0x3ED9,0x3ED9,0x3ED9,0x3ED9,0x2CB2,0x09E8,0x09E8,0x1B6D,0x3ED9,0x3ED9,0x3ED9,
    0x3ED9,0xA597,0xDCF7,0xDCF7,0xDCF7,0xDCF7,0xDCF7,0xDCF7,0xDCF7,0xF518,0xF518,0xF518,
    0xF518,0xF518,0xF518,0xF518,0xE61A,0xCFBE,0xCFBE,0xCFBE,0xCFBE,0xCFBE,0xCFBE,0xCFBE,
    0xCFBE,0xCFBE,0xCFBE,0xCFBE,0xCFBE,0xCFBE,0xCFBE,0xCFBE,0xCFBE,0xCFBE,0xCFBE,0xCFBE,
    0xCFBE,0xCFBE,0xCFBE,0xCFBE,0xCFBE,0xCFBE,0xCFBE,0xCFBE,0xCFBE,0xCFBE,0xCFBE,0xCFBE,
    0xCFBE,0xCFBE,0xCFBE,0xCFBE,0xCFBE,0xCFBE,0xCFBE,0xCFBE,0xCFBE,0xCFBE,0xCFBE,0xCFBE,
    0xCFBE,0xE61A,0xF518,0xF518,0xF518,0xF518,0xF518,0xF518,0xF518,0xDCF7,0xDCF7,0xDCF7,
    0xDCF7,0xDCF7,0xDCF7,0xDCF7,0xA597,0x3ED9,0x3ED9,0x3ED9,0x3ED9,0x1B6D,0x09E8,0x09E8,
    0xF81F,0xF81F,0xF81F,0xF81F,0xF81F,0xF81F,0xF81F,0xF81F,0xF81F,0xF81F,0xF81F,0xF81F,
    0xF81F,0xF81F,0xF81F,0xF81F,0xF81F,0xF81F,0xF81F,0xF81F,0xF81F,0xF81F,0xF81F,0xF81F,
    0xF81F,0xF81F,0xF81F,0xF81F,0xF81F,0xF81F,0xF81F,0xF81F,0xF81F,0xF81F,0xF81F,0xF81F,
    0xF81F,0xF81F,0xF81F,0xF81F,0xF81F,0xF81F,0xF81F,0xF81F,0xF81F,0xF81F,0xF81F,0xF81F,
    0xF81F,0xF81F,0xF81F,0xF81F,0x09E8,0x09E8,0x1ACB,0x3ED9,0x3ED9,0x3ED9,0x3ED9,0x3E16,
    0x09E8,0x09E8,0x1229,0x3EB8,0x3ED9,0x3ED9,0x3ED9,0x5698,0xD517,0xDCF7,0xDCF7,0xDCF7,
    0xDCF7,0xDCF7,0xDCF7,0xF518,0xF518,0xF518,0xF518,0xF518,0xF518,0xF558,0xD75D,0xCFBE,
    0xCFBE,0xCFBE,0xCFBE,0xCFBE,0xCFBE,0xCFBE,0xCFBE,0xCFBE,0xCFBE,0xCFBE,0xCFBE,0xCFBE,
    0xCFBE,0xCFBE,0xCFBE,0xCFBE,0xCFBE,0xCFBE,0xCFBE,0xCFBE,0xCFBE,0xCFBE,0xCFBE,0xCFBE,
    0xCFBE,0xCFBE,0xCFBE,0xCFBE,0xCFBE,0xCFBE,0xCFBE,0xCFBE,0xCFBE,0xCFBE,0xCFBE,0xCFBE,
    0xCFBE,0xCFBE,0xCFBE,0xCFBE,0xCFBE,0xCFBE,0xCFBE,0xD75D,0xF558,0xF518,0xF518,0xF518,
    0xF518,0xF518,0xF518,0xDCF7,0xDCF7,0xDCF7,0xDCF7,0xDCF7,0xDCF7,0xCD17,0x5698,0x3ED9,
    0x3ED9,0x3ED9,0x3EB8,0x1229,0x09E8,0x09E8,0xF81F,0xF81F,0xF81F,0xF81F,0xF81F,0xF81F,
    0xF81F,0xF81F,0xF81F,0xF81F,0xF81F,0xF81F,0xF81F,0xF81F,0xF81F,0xF81F,0xF81F,0xF81F,
    0xF81F,0xF81F,0xF81F,0xF81F,0xF81F,0xF81F,0xF81F,0xF81F,0xF81F,0xF81F,0xF81F,0xF81F,
    0xF81F,0xF81F,0xF81F,0xF81F,0xF81F,0xF81F,0xF81F,0xF81F,0xF81F,0xF81F,0xF81F,0xF81F,
    0xF81F,0xF81F,0xF81F,0xF81F,0xF81F,0xF81F,0xF81F,0xF81F,0xF81F,0xF81F,0x09E8,0x09E8,
    0x1209,0x3EB9,0x3ED9,0x3ED9,0x3ED9,0x3ED9,0x128A,0x09E8,0x09E8,0x35B5,0x3ED9,0x3ED9,
    0x3ED9,0x3ED9,0x6678,0xCD17,0xDCF7,0xDCF7,0xDCF7,0xDCF7,0xDCF7,0xF518,0xF518,0xF518,
    0xF518,0xF518,0xF558,0xD73C,0xCFBE,0xCFBE,0xCFBE,0xCFBE,0xCFBE,0xCFBE,0xCFBE,0xCFBE,
    0xCFBE,0xCFBE,0xCFBE,0xCFBE,0xCFBE,0xCFBE,0xCFBE,0xCFBE,0xCFBE,0xCFBE,0xCFBE,0xCFBE,
    0xCFBE,0xCFBE,0xCFBE,0xCFBE,0xCFBE,0xCFBE,0xCFBE,0xCFBE,0xCFBE,0xCFBE,0xCFBE,0xCFBE,
    0xCFBE,0xCFBE,0xCFBE,0xCFBE,0xCFBE,0xCFBE,0xCFBE,0xCFBE,0xCFBE,0xCFBE,0xCFBE,0xCFBE,
    0xCFBE,0xCFBE,0xD73C,0xF558,0xF518,0xF518,0xF518,0xF518,0xF518,0xDCF7,0xDCF7,0xDCF7,
    0xDCF7,0xDCF7,0xCD17,0x5E78,0x3ED9,0x3ED9,0x3ED9,0x3ED9,0x3595,0x09E8,0x09E8,0x09E8,
    0xF81F,0xF81F,0xF81F,0xF81F,0xF81F,0xF81F,0xF81F,0xF81F,0xF81F,0xF81F,0xF81F,0xF81F,
    0xF81F,0xF81F,0xF81F,0xF81F,0xF81F,0xF81F,0xF81F,0xF81F,0xF81F,0xF81F,0xF81F,0xF81F,
    0xF81F,0xF81F,0xF81F,0xF81F,0xF81F,0xF81F,0xF81F,0xF81F,0xF81F,0xF81F,0xF81F,0xF81F,
    0xF81F,0xF81F,0xF81F,0xF81F,0xF81F,0xF81F,0xF81F,0xF81F,0xF81F,0xF81F,0xF81F,0xF81F,
    0xF81F,0xF81F,0xF81F,0xF81F,0xF81F,0x09E8,0x09E8,0x35B5,0x3ED9,0x3ED9,0x3ED9,0x3ED9,
    0x23CF,0x09E8,0x09E8,0x2430,0x3ED9,0x3ED9,0x3ED9,0x3ED9,0x3ED9,0x4EB9,0x8DD8,0xCD17,
    0xDCF7,0xDCF7,0xDCF7,0xF518,0xF518,0xF518,0xF558,0xE67B,0xCF9D,0xCFBE,0xCFBE,0xCFBE,
    0xCFBE,0xCFBE,0xCFBE,0xCFBE,0xCFBE,0xCFBE,0xCFBE,0xCFBE,0xCFBE,0xCFBE,0xCFBE,0xCFBE,
    0xCFBE,0xCFBE,0xCFBE,0xCFBE,0xCFBE,0xCFBE,0xCFBE,0xCFBE,0xCFBE,0xCFBE,0xCFBE,0xCFBE,
    0xCFBE,0xCFBE,0xCFBE,0xCFBE,0xCFBE,0xCFBE,0xCFBE,0xCFBE,0xCFBE,0xCFBE,0xCFBE,0xCFBE,
    0xCFBE,0xCFBE,0xCFBE,0xCFBE,0xCFBE,0xCFBE,0xCFBE,0xCFBE,0xCFBE,0xCF9D,0xE65A,0xF558,
    0xF518,0xF518,0xF518,0xDCF7,0xDCF7,0xDCF7,0xCD17,0x8DD8,0x46B9,0x3ED9,0x3ED9,0x3ED9,
    0x3ED9,0x3ED9,0x2430,0x09E8,0x09E8,0x09E8,0xF81F,0xF81F,0xF81F,0xF81F,0xF81F,0xF81F,
    0xF81F,0xF81F,0xF81F,0xF81F,0xF81F,0xF81F,0xF81F,0xF81F,0xF81F,0xF81F,0xF81F,0xF81F,
    0xF81F,0xF81F,0xF81F,0xF81F,0xF81F,0xF81F,0xF81F,0xF81F,0xF81F,0xF81F,0xF81F,0xF81F,
    0xF81F,0xF81F,0xF81F,0xF81F,0xF81F,0xF81F,0xF81F,0xF81F,0xF81F,0xF81F,0xF81F,0xF81F,
    0xF81F,0xF81F,0xF81F,0xF81F,0xF81F,0xF81F,0xF81F,0xF81F,0xF81F,0xF81F,0xF81F,0x09E8,
    0x09E8,0x23EF,0x3ED9,0x3ED9,0x3ED9,0x3ED9,0x3554,0x09E8,0x09E8,0x126A,0x3EB9,0x3ED9,
    0x3ED9,0x3ED9,0x3ED9,0x3ED9,0x3ED9,0x46D9,0x5E78,0x7E18,0x85F8,0xC65A,0xDEBB,0xD73C,
    0xCFBE,0xCFBE,0xCFBE,0xCFBE,0xCFBE,0xCFBE,0xCFBE,0xCFBE,0xCFBE,0xCFBE,0xCFBE,0xCFBE,
    0xCFBE,0xCFBE,0x8575,0x8554,0xC77D,0xCFBE,0xCFBE,0xCFBE,0xCFBE,0xCFBE,0xCFBE,0xCFBE,
    0xCFBE,0xCFBE,0xCFBE,0xCFBE,0xCFBE,0xCFBE,0xCFBE,0xCFBE,0xCFBE,0xCFBE,0xCFBE,0xCFBE,
    0xCFBE,0xC79D,0x8DB6,0x8DB6,0xCFBE,0xCFBE,0xCFBE,0xCFBE,0xCFBE,0xCFBE,0xCFBE,0xCFBE,
    0xCFBE,0xCFBE,0xCFBE,0xCFBE,0xCFBE,0xCFBE,0xD73C,0xDEBB,0xC65A,0x85F8,0x7E18,0x5E78,
    0x46D9,0x3ED9,0x3ED9,0x3ED9,0x3ED9,0x3ED9,0x3ED9,0x3EB9,0x126A,0x09E8,0x09E8,0xF81F,
    0xF81F,0xF81F,0xF81F,0xF81F,0xF81F,0xF81F,0xF81F,0xF81F,0xF81F,0xF81F,0xF81F,0xF81F,
    0xF81F,0xF81F,0xF81F,0xF81F,0xF81F,0xF81F,0xF81F,0xF81F,0xF81F,0xF81F,0xF81F,0xF81F,
    0xF81F,0xF81F,0xF81F,0xF81F,0xF81F,0xF81F,0xF81F,0xF81F,0xF81F,0xF81F,0xF81F,0xF81F,
    0xF81F,0xF81F,0xF81F,0xF81F,0xF81F,0xF81F,0xF81F,0xF81F,0xF81F,0xF81F,0xF81F,0xF81F,
    0xF81F,0xF81F,0xF81F,0xF81F,0xF81F,0x09E8,0x09E8,0x1209,0x3E16,0x3ED9,0x3ED9,0x3ED9,
    0x3EB8,0x124A,0x09E8,0x09E8,0x3574,0x3ED9,0x3ED9,0x3ED9,0x3ED9,0x3ED9,0x3ED9,0x3ED9,
    0x3ED9,0x3ED9,0x3ED9,0x8F3B,0xCFBE,0xCFBE,0xCFBE,0xCFBE,0xCFBE,0xCFBE,0xCFBE,0xCFBE,
    0xCFBE,0xCFBE,0xCFBE,0xCFBE,0xCFBE,0xCFBE,0xCFBE,0xCFBE,0xCFBD,0x4B8E,0x19E8,0x5BEF,
    0x95B6,0xC75C,0xCFBE,0xCFBE,0xCFBE,0xCFBE,0xCFBE,0xCFBE,0xCFBE,0xCFBE,0xCFBE,0xCFBE,
    0xCFBE,0xCFBE,0xCFBE,0xCFBE,0xC75C,0x8DB6,0x5BEF,0x19E8,0x4B8E,0xCFBD,0xCFBE,0xCFBE,
    0xCFBE,0xCFBE,0xCFBE,0xCFBE,0xCFBE,0xCFBE,0xCFBE,0xCFBE,0xCFBE,0xCFBE,0xCFBE,0xCFBE,
    0xCFBE,0xCFBE,0x8F5B,0x3ED9,0x3ED9,0x3ED9,0x3ED9,0x3ED9,0x3ED9,0x3ED9,0x3ED9,0x3ED9,
    0x3ED9,0x3554,0x09E8,0x09E8,0x09E8,0xF81F,0xF81F,0xF81F,0xF81F,0xF81F,0xF81F,0xF81F,
    0xF81F,0xF81F,0xF81F,0xF81F,0xF81F,0xF81F,0xF81F,0xF81F,0xF81F,0xF81F,0xF81F,0xF81F,
    0xF81F,0xF81F,0xF81F,0xF81F,0xF81F,0xF81F,0xF81F,0xF81F,0xF81F,0xF81F,0xF81F,0xF81F,
    0xF81F,0xF81F,0xF81F,0xF81F,0xF81F,0xF81F,0xF81F,0xF81F,0xF81F,0xF81F,0xF81F,0xF81F,
    0xF81F,0xF81F,0xF81F,0xF81F,0xF81F,0xF81F,0xF81F,0xF81F,0xF81F,0xF81F,0xF81F,0xF81F,
    0x09E8,0x09E8,0x1AEC,0x3E78,0x3ED9,0x3ED9,0x3ED9,0x2410,0x09E8,0x09E8,0x1B8E,0x3ED9,
    0x3ED9,0x3ED9,0x3ED9,0x3ED9,0x3ED9,0x3ED9,0x3ED9,0x3ED9,0x3ED9,0x6F1A,0xCFBE,0xCFBE,
    0xCFBE,0xCFBE,0xCFBE,0xCFBE,0xCFBE,0xCFBE,0xCFBE,0xCFBE,0xCFBE,0xCFBE,0xCFBE,0xCFBE,
    0xCFBE,0xCFBE,0xCFBE,0xC79D,0x434D,0x11A7,0x11A7,0x19C7,0x430C,0x6430,0x8554,0x9E38,
    0xB6DA,0xBF3C,0xC79D,0xC79D,0xBF3C,0xB6DA,0x9E38,0x8554,0x6430,0x3B0C,0x11A7,0x11A7,
    0x11A7,0x4B4D,0xC79D,0xCFBE,0xCFBE,0xCFBE,0xCFBE,0xCFBE,0xCFBE,0xCFBE,0xCFBE,0xCFBE,
    0xCFBE,0xCFBE,0xCFBE,0xCFBE,0xCFBE,0xCFBE,0xCFBE,0xCFBE,0x6F1A,0x3ED9,0x3ED9,0x3ED9,
    0x3ED9,0x3ED9,0x3ED9,0x3ED9,0x3ED9,0x3ED9,0x3ED9,0x1B8D,0x09E8,0x09E8,0x09E8,0xF81F,
    0xF81F,0xF81F,0xF81F,0xF81F,0xF81F,0xF81F,0xF81F,0xF81F,0xF81F,0xF81F,0xF81F,0xF81F,
    0xF81F,0xF81F,0xF81F,0xF81F,0xF81F,0xF81F,0xF81F,0xF81F,0xF81F,0xF81F,0xF81F,0xF81F,
    0xF81F,0xF81F,0xF81F,0xF81F,0xF81F,0xF81F,0xF81F,0xF81F,0xF81F,0xF81F,0xF81F,0xF81F,
    0xF81F,0xF81F,0xF81F,0xF81F,0xF81F,0xF81F,0xF81F,0xF81F,0xF81F,0xF81F,0xF81F,0xF81F,
    0xF81F,0xF81F,0xF81F,0xF81F,0xF81F,0xF81F,0x09E8,0x09E8,0x09E8,0x1ACB,0x35B5,0x3ED9,
    0x3ED9,0x35F6,0x09E8,0x09E8,0x1208,0x3E37,0x3ED9,0x3ED9,0x3ED9,0x3ED9,0x3ED9,0x3ED9,
    0x3ED9,0x3ED9,0x3ED9,0x46D9,0xCFBD,0xCFBE,0xCFBE,0xCFBE,0xCFBE,0xCFBE,0xCFBE,0xCFBE,
    0xCFBE,0xCFBE,0xCFBE,0xCFBE,0xCFBE,0xCFBE,0xCFBE,0xCFBE,0xCFBE,0xCFBE,0xC79D,0x4B6D,
    0x11A7,0x11A7,0x11A7,0x11A7,0x11A7,0x11A7,0x11A7,0x11A7,0x11A7,0x11A7,0x11A7,0x11A7,
    0x11A7,0x11A7,0x11A7,0x11A7,0x11A7,0x11A7,0x4B8E,0xC79D,0xCFBE,0xCFBE,0xCFBE,0xCFBE,
    0xCFBE,0xCFBE,0xCFBE,0xCFBE,0xCFBE,0xCFBE,0xCFBE,0xCFBE,0xCFBE,0xCFBE,0xCFBE,0xCFBE,
    0xCFBE,0xC7BD,0x46D9,0x3ED9,0x3ED9,0x3ED9,0x3ED9,0x3ED9,0x3ED9,0x3ED9,0x3ED9,0x3ED9,
    0x3E37,0x1208,0x09E8,0x09E8,0xF81F,0xF81F,0xF81F,0xF81F,0xF81F,0xF81F,0xF81F,0xF81F,
    0xF81F,0xF81F,0xF81F,0xF81F,0xF81F,0xF81F,0xF81F,0xF81F,0xF81F,0xF81F,0xF81F,0xF81F,
    0xF81F,0xF81F,0xF81F,0xF81F,0xF81F,0xF81F,0xF81F,0xF81F,0xF81F,0xF81F,0xF81F,0xF81F,
    0xF81F,0xF81F,0xF81F,0xF81F,0xF81F,0xF81F,0xF81F,0xF81F,0xF81F,0xF81F,0xF81F,0xF81F,
    0xF81F,0xF81F,0xF81F,0xF81F,0xF81F,0xF81F,0xF81F,0xF81F,0xF81F,0xF81F,0xF81F,0xF81F,
    0xF81F,0x09E8,0x09E8,0x09E8,0x09E8,0x12AA,0x1B6D,0x1B2C,0x0A08,0x09E8,0x09E8,0x23EF,
    0x3ED9,0x3ED9,0x3ED9,0x3ED9,0x3ED9,0x3ED9,0x3ED9,0x3ED9,0x3ED9,0x3ED9,0xA77C,0xCFBE,
    0xCFBE,0xCFBE,0xCFBE,0xCFBE,0xCFBE,0xCFBE,0xCFBE,0xCFBE,0xCFBE,0xCFBE,0xCFBE,0xCFBE,
    0xCFBE,0xCFBE,0xCFBE,0xCFBE,0xCFBE,0xCFBD,0x6451,0x11A7,0x11A7,0x11A7,0x11A7,0x11A7,
    0x11A7,0x11A7,0x11A7,0x11A7,0x11A7,0x11A7,0x11A7,0x11A7,0x11A7,0x11A7,0x11A7,0x6C71,
    0xCFBD,0xCFBE,0xCFBE,0xCFBE,0xCFBE,0xCFBE,0xCFBE,0xCFBE,0xCFBE,0xCFBE,0xCFBE,0xCFBE,
    0xCFBE,0xCFBE,0xCFBE,0xCFBE,0xCFBE,0xCFBE,0xCFBE,0xA77C,0x3ED9,0x3ED9,0x3ED9,0x3ED9,
    0x3ED9,0x3ED9,0x3ED9,0x3ED9,0x3ED9,0x3ED9,0x23CF,0x09E8,0x09E8,0x09E8,0xF81F,0xF81F,
    0xF81F,0xF81F,0xF81F,0xF81F,0xF81F,0xF81F,0xF81F,0xF81F,0xF81F,0xF81F,0xF81F,0xF81F,
    0xF81F,0xF81F,0xF81F,0xF81F,0xF81F,0xF81F,0xF81F,0xF81F,0xF81F,0xF81F,0xF81F,0xF81F,
    0xF81F,0xF81F,0xF81F,0xF81F,0xF81F,0xF81F,0xF81F,0xF81F,0xF81F,0xF81F,0xF81F,0xF81F,
    0xF81F,0xF81F,0xF81F,0xF81F,0xF81F,0xF81F,0xF81F,0xF81F,0xF81F,0xF81F,0xF81F,0xF81F,
    0xF81F,0xF81F,0xF81F,0xF81F,0xF81F,0xF81F,0xF81F,0xF81F,0x09E8,0x09E8,0x09E8,0x09E8,
    0x09E8,0x09E8,0x09E8,0x09E8,0x09E8,0x1208,0x3E37,0x3ED9,0x3ED9,0x3ED9,0x3ED9,0x3ED9,
    0x3ED9,0x3ED9,0x3ED9,0x3ED9,0x6F1A,0xCFBE,0xCFBE,0xCFBE,0xCFBE,0xCFBE,0xCFBE,0xCFBE,
    0xCFBE,0xCFBE,0xCFBE,0xCFBE,0xCFBE,0xCFBE,0xCFBE,0xCFBE,0xCFBE,0xCFBE,0xCFBE,0xCFBE,
    0xCFBE,0x9E17,0x3A6A,0x628C,0x932F,0xC3B2,0xD3F4,0xE435,0xF476,0xF476,0xE435,0xD3F4,
    0xC3B2,0x932F,0x628C,0x3A6A,0x95D7,0xCFBE,0xCFBE,0xCFBE,0xCFBE,0xCFBE,0xCFBE,0xCFBE,
    0xCFBE,0xCFBE,0xCFBE,0xCFBE,0xCFBE,0xCFBE,0xCFBE,0xCFBE,0xCFBE,0xCFBE,0xCFBE,0xCFBE,
    0xCFBE,0x6F1A,0x3ED9,0x3ED9,0x3ED9,0x3ED9,0x3ED9,0x3ED9,0x3ED9,0x3ED9,0x3ED9,0x3E37,
    0x1208,0x09E8,0x09E8,0xF81F,0xF81F,0xF81F,0xF81F,0xF81F,0xF81F,0xF81F,0xF81F,0xF81F,
    0xF81F,0xF81F,0xF81F,0xF81F,0xF81F,0xF81F,0xF81F,0xF81F,0xF81F,0xF81F,0xF81F,0xF81F,
    0xF81F,0xF81F,0xF81F,0xF81F,0xF81F,0xF81F,0xF81F,0xF81F,0xF81F,0xF81F,0xF81F,0xF81F,
    0xF81F,0xF81F,0xF81F,0xF81F,0xF81F,0xF81F,0xF81F,0xF81F,0xF81F,0xF81F,0xF81F,0xF81F,
    0xF81F,0xF81F,0xF81F,0xF81F,0xF81F,0xF81F,0xF81F,0xF81F,0xF81F,0xF81F,0xF81F,0xF81F,
    0xF81F,0xF81F,0xF81F,0xF81F,0xF81F,0x09E8,0x09E8,0x09E8,0x09E8,0x09E8,0x09E8,0x09E8,
    0x23CF,0x3ED9,0x3ED9,0x3ED9,0x3ED9,0x3ED9,0x3ED9,0x3ED9,0x3ED9,0x3ED9,0x46D9,0xBFBD,
    0xCFBE,0xCFBE,0xCFBE,0xCFBE,0xCFBE,0xCFBE,0xCFBE,0xCFBE,0xCFBE,0xCFBE,0xCFBE,0xCFBE,
    0xCFBE,0xCFBE,0xCFBE,0xCFBE,0xCFBE,0xCFBE,0xCFBE,0xCFBE,0xD65A,0xFC76,0xFC76,0xFC76,
    0xFC76,0xFC76,0xFC76,0xFC76,0xFC76,0xFC76,0xFC76,0xFC76,0xFC76,0xDE3A,0xCFBE,0xCFBE,
    0xCFBE,0xCFBE,0xCFBE,0xCFBE,0xCFBE,0xCFBE,0xCFBE,0xCFBE,0xCFBE,0xCFBE,0xCFBE,0xCFBE,
    0xCFBE,0xCFBE,0xCFBE,0xCFBE,0xCFBE,0xCFBE,0xBF9D,0x46D9,0x3ED9,0x3ED9,0x3ED9,0x3ED9,
    0x3ED9,0x3ED9,0x3ED9,0x3ED9,0x3ED9,0x23AE,0x09E8,0x09E8,0x09E8,0xF81F,0xF81F,0xF81F,
    0xF81F,0xF81F,0xF81F,0xF81F,0xF81F,0xF81F,0xF81F,0xF81F,0xF81F,0xF81F,0xF81F,0xF81F,
    0xF81F,0xF81F,0xF81F,0xF81F,0xF81F,0xF81F,0xF81F,0xF81F,0xF81F,0xF81F,0xF81F,0xF81F,
    0xF81F,0xF81F,0xF81F,0xF81F,0xF81F,0xF81F,0xF81F,0xF81F,0xF81F,0xF81F,0xF81F,0xF81F,
    0xF81F,0xF81F,0xF81F,0xF81F,0xF81F,0xF81F,0xF81F,0xF81F,0xF81F,0xF81F,0xF81F,0xF81F,
    0xF81F,0xF81F,0xF81F,0xF81F,0xF81F,0xF81F,0xF81F,0xF81F,0xF81F,0xF81F,0xF81F,0xF81F,
    0xF81F,0xF81F,0xF81F,0xF81F,0x09E8,0x09E8,0x09E8,0x35B5,0x3ED9,0x3ED9,0x3ED9,0x3ED9,
    0x3ED9,0x3ED9,0x3ED9,0x3ED9,0x3ED9,0x7F3B,0xCFBE,0xCFBE,0xCFBE,0xCFBE,0xCFBE,0xCFBE,
    0xCFBE,0xCFBE,0xCFBE,0xCFBE,0xCFBE,0xCFBE,0xCFBE,0xCFBE,0xCFBE,0xCFBE,0xCFBE,0xCFBE,
    0xCFBE,0xCFBE,0xCFBE,0xD73C,0xED58,0xFC76,0xFC76,0xFC76,0xFC76,0xFC76,0xFC76,0xFC76,
    0xFC76,0xED58,0xD73C,0xCFBE,0xCFBE,0xCFBE,0xCFBE,0xCFBE,0xCFBE,0xCFBE,0xCFBE,0xCFBE,
    0xCFBE,0xCFBE,0xCFBE,0xCFBE,0xCFBE,0xCFBE,0xCFBE,0xCFBE,0xCFBE,0xCFBE,0xCFBE,0xCFBE,
    0x7F3B,0x3ED9,0x3ED9,0x3ED9,0x3ED9,0x3ED9,0x3ED9,0x3ED9,0x3ED9,0x3ED9,0x35B5,0x09E8,
    0x09E8,0x09E8,0xF81F,0xF81F,0xF81F,0xF81F,0xF81F,0xF81F,0xF81F,0xF81F,0xF81F,0xF81F,
    0xF81F,0xF81F,0xF81F,0xF81F,0xF81F,0xF81F,0xF81F,0xF81F,0xF81F,0xF81F,0xF81F,0xF81F,
    0xF81F,0xF81F,0xF81F,0xF81F,0xF81F,0xF81F,0xF81F,0xF81F,0xF81F,0xF81F,0xF81F,0xF81F,
    0xF81F,0xF81F,0xF81F,0xF81F,0xF81F,0xF81F,0xF81F,0xF81F,0xF81F,0xF81F,0xF81F,0xF81F,
    0xF81F,0xF81F,0xF81F,0xF81F,0xF81F,0xF81F,0xF81F,0xF81F,0xF81F,0xF81F,0xF81F,0xF81F,
    0xF81F,0xF81F,0xF81F,0xF81F,0xF81F,0xF81F,0xF81F,0xF81F,0xF81F,0xF81F,0x09E8,0x09E8,
    0x09E8,0x12CB,0x3EB8,0x3ED9,0x3ED9,0x3ED9,0x3ED9,0x3ED9,0x3ED9,0x3ED9,0x3ED9,0x46D9,
    0xB79D,0xCFBE,0xCFBE,0xCFBE,0xCFBE,0xCFBE,0xCFBE,0xCFBE,0xCFBE,0xCFBE,0xCFBE,0xCFBE,
    0xCFBE,0xCFBE,0xCFBE,0xCFBE,0xCFBE,0xCFBE,0xCFBE,0xCFBE,0xCFBE,0xCFBE,0xCFBE,0xD6FC,
    0xEDD9,0xF517,0xFCB7,0xFCB7,0xF518,0xEDD9,0xD6FC,0xCFBE,0xCFBE,0xCFBE,0xCFBE,0xCFBE,
    0xCFBE,0xCFBE,0xCFBE,0xCFBE,0xCFBE,0xCFBE,0xCFBE,0xCFBE,0xCFBE,0xCFBE,0xCFBE,0xCFBE,
    0xCFBE,0xCFBE,0xCFBE,0xCFBE,0xCFBE,0xB79D,0x46D9,0x3ED9,0x3ED9,0x3ED9,0x3ED9,0x3ED9,
    0x3ED9,0x3ED9,0x3ED9,0x3EB8,0x12AB,0x09E8,0x09E8,0x09E8,0xF81F,0xF81F,0xF81F,0xF81F,
    0xF81F,0xF81F,0xF81F,0xF81F,0xF81F,0xF81F,0xF81F,0xF81F,0xF81F,0xF81F,0xF81F,0xF81F,
    0xF81F,0xF81F,0xF81F,0xF81F,0xF81F,0xF81F,0xF81F,0xF81F,0xF81F,0xF81F,0xF81F,0xF81F,
    0xF81F,0xF81F,0xF81F,0xF81F,0xF81F,0xF81F,0xF81F,0xF81F,0xF81F,0xF81F,0xF81F,0xF81F,
    0xF81F,0xF81F,0xF81F,0xF81F,0xF81F,0xF81F,0xF81F,0xF81F,0xF81F,0xF81F,0xF81F,0xF81F,
    0xF81F,0xF81F,0xF81F,0xF81F,0xF81F,0xF81F,0xF81F,0xF81F,0xF81F,0xF81F,0xF81F,0xF81F,
    0xF81F,0xF81F,0xF81F,0xF81F,0xF81F,0x09E8,0x09E8,0x09E8,0x2C71,0x3ED9,0x3ED9,0x3ED9,
    0x3ED9,0x3ED9,0x3ED9,0x3ED9,0x3ED9,0x3ED9,0x6F1A,0xCFBE,0xCFBE,0xCFBE,0xCFBE,0xCFBE,
    0xCFBE,0xCFBE,0xCFBE,0xCFBE,0xCFBE,0xCFBE,0xCFBE,0xCFBE,0xCFBE,0xCFBE,0xCFBE,0xCFBE,
    0xCFBE,0xCFBE,0xCFBE,0xCFBE,0xCFBE,0xCFBE,0xCFBE,0xCFBE,0xCFBE,0xCFBE,0xCFBE,0xCFBE,
    0xCFBE,0xCFBE,0xCFBE,0xCFBE,0xCFBE,0xCFBE,0xCFBE,0xCFBE,0xCFBE,0xCFBE,0xCFBE,0xCFBE,
    0xCFBE,0xCFBE,0xCFBE,0xCFBE,0xCFBE,0xCFBE,0xCFBE,0xCFBE,0xCFBE,0xCFBE,0xCFBE,0x671A,
    0x3ED9,0x3ED9,0x3ED9,0x3ED9,0x3ED9,0x3ED9,0x3ED9,0x3ED9,0x3ED9,0x2450,0x09E8,0x09E8,
    0x09E8,0xF81F,0xF81F,0xF81F,0xF81F,0xF81F,0xF81F,0xF81F,0xF81F,0xF81F,0xF81F,0xF81F,
    0xF81F,0xF81F,0xF81F,0xF81F,0xF81F,0xF81F,0xF81F,0xF81F,0xF81F,0xF81F,0xF81F,0xF81F,
    0xF81F,0xF81F,0xF81F,0xF81F,0xF81F,0xF81F,0xF81F,0xF81F,0xF81F,0xF81F,0xF81F,0xF81F,
    0xF81F,0xF81F,0xF81F,0xF81F,0xF81F,0xF81F,0xF81F,0xF81F,0xF81F,0xF81F,0xF81F,0xF81F,
    0xF81F,0xF81F,0xF81F,0xF81F,0xF81F,0xF81F,0xF81F,0xF81F,0xF81F,0xF81F,0xF81F,0xF81F,
    0xF81F,0xF81F,0xF81F,0xF81F,0xF81F,0xF81F,0xF81F,0xF81F,0xF81F,0xF81F,0xF81F,0xF81F,
    0x09E8,0x09E8,0x1208,0x35D5,0x3ED9,0x3ED9,0x3ED9,0x3ED9,0x3ED9,0x3ED9,0x3ED9,0x3ED9,
    0x3ED9,0x975C,0xCFBE,0xCFBE,0xCFBE,0xCFBE,0xCFBE,0xCFBE,0xCFBE,0xCFBE,0xCFBE,0xCFBE,
    0xCFBE,0xCFBE,0xCFBE,0xCFBE,0xCFBE,0xCFBE,0xCFBE,0xCFBE,0xCFBE,0xCFBE,0xCFBE,0xCFBE,
    0xCFBE,0xCFBE,0xCFBE,0xCFBE,0xCFBE,0xCFBE,0xCFBE,0xCFBE,0xCFBE,0xCFBE,0xCFBE,0xCFBE,
    0xCFBE,0xCFBE,0xCFBE,0xCFBE,0xCFBE,0xCFBE,0xCFBE,0xCFBE,0xCFBE,0xCFBE,0xCFBE,0xCFBE,
    0xCFBE,0xCFBE,0xCFBE,0xCFBE,0x975B,0x3ED9,0x3ED9,0x3ED9,0x3ED9,0x3ED9,0x3ED9,0x3ED9,
    0x3ED9,0x3ED9,0x35D5,0x1208,0x09E8,0x09E8,0xF81F,0xF81F,0xF81F,0xF81F,0xF81F,0xF81F,
    0xF81F,0xF81F,0xF81F,0xF81F,0xF81F,0xF81F,0xF81F,0xF81F,0xF81F,0xF81F,0xF81F,0xF81F,
    0xF81F,0xF81F,0xF81F,0xF81F,0xF81F,0xF81F,0xF81F,0xF81F,0xF81F,0xF81F,0xF81F,0xF81F,
    0xF81F,0xF81F,0xF81F,0xF81F,0xF81F,0xF81F,0xF81F,0xF81F,0xF81F,0xF81F,0xF81F,0xF81F,
    0xF81F,0xF81F,0xF81F,0xF81F,0xF81F,0xF81F,0xF81F,0xF81F,0xF81F,0xF81F,0xF81F,0xF81F,
    0xF81F,0xF81F,0xF81F,0xF81F,0xF81F,0xF81F,0xF81F,0xF81F,0xF81F,0xF81F,0xF81F,0xF81F,
    0xF81F,0xF81F,0xF81F,0xF81F,0xF81F,0xF81F,0x09E8,0x09E8,0x09E8,0x128A,0x3E78,0x3ED9,
    0x3ED9,0x3ED9,0x3ED9,0x3ED9,0x3ED9,0x3ED9,0x3ED9,0x46D9,0xB79D,0xCFBE,0xCFBE,0xCFBE,
    0xCFBE,0xCFBE,0xCFBE,0xCFBE,0xCFBE,0xCFBE,0xCFBE,0xCFBE,0xCFBE,0xCFBE,0xCFBE,0xCFBE,
    0xCFBE,0xCFBE,0xCFBE,0xCFBE,0xCFBE,0xCFBE,0xCFBE,0xCFBE,0xCFBE,0xCFBE,0xCFBE,0xCFBE,
    0xCFBE,0xCFBE,0xCFBE,0xCFBE,0xCFBE,0xCFBE,0xCFBE,0xCFBE,0xCFBE,0xCFBE,0xCFBE,0xCFBE,
    0xCFBE,0xCFBE,0xCFBE,0xCFBE,0xCFBE,0xCFBE,0xCFBE,0xCFBE,0xCFBE,0xB79D,0x46D9,0x3ED9,
    0x3ED9,0x3ED9,0x3ED9,0x3ED9,0x3ED9,0x3ED9,0x3ED9,0x3E77,0x128A,0x09E8,0x09E8,0x09E8,
    0xF81F,0xF81F,0xF81F,0xF81F,0xF81F,0xF81F,0xF81F,0xF81F,0xF81F,0xF81F,0xF81F,0xF81F,
    0xF81F,0xF81F,0xF81F,0xF81F,0xF81F,0xF81F,0xF81F,0xF81F,0xF81F,0xF81F,0xF81F,0xF81F,
    0xF81F,0xF81F,0xF81F,0xF81F,0xF81F,0xF81F,0xF81F,0xF81F,0xF81F,0xF81F,0xF81F,0xF81F,
    0xF81F,0xF81F,0xF81F,0xF81F,0xF81F,0xF81F,0xF81F,0xF81F,0xF81F,0xF81F,0xF81F,0xF81F,
    0xF81F,0xF81F,0xF81F,0xF81F,0xF81F,0xF81F,0xF81F,0xF81F,0xF81F,0xF81F,0xF81F,0xF81F,
    0xF81F,0xF81F,0xF81F,0xF81F,0xF81F,0xF81F,0xF81F,0xF81F,0xF81F,0xF81F,0xF81F,0xF81F,
    0xF81F,0x09E8,0x09E8,0x09E8,0x1B2C,0x3EB9,0x3ED9,0x3ED9,0x3ED9,0x3ED9,0x3ED9,0x3ED9,
    0x3ED9,0x3ED9,0x56F9,0xBFBD,0xCFBE,0xCFBE,0xCFBE,0xCFBE,0xCFBE,0xCFBE,0xCFBE,0xCFBE,
    0xCFBE,0xCFBE,0xCFBE,0xCFBE,0xCFBE,0xCFBE,0xCFBE,0xCFBE,0xCFBE,0xCFBE,0xCFBE,0xCFBE,
    0xCFBE,0xCFBE,0xCFBE,0xCFBE,0xCFBE,0xCFBE,0xCFBE,0xCFBE,0xCFBE,0xCFBE,0xCFBE,0xCFBE,
    0xCFBE,0xCFBE,0xCFBE,0xCFBE,0xCFBE,0xCFBE,0xCFBE,0xCFBE,0xCFBE,0xCFBE,0xCFBE,0xCFBE,
    0xCFBE,0xCFBE,0xC7BD,0x56F9,0x3ED9,0x3ED9,0x3ED9,0x3ED9,0x3ED9,0x3ED9,0x3ED9,0x3ED9,
    0x3EB9,0x1B4D,0x09E8,0x09E8,0x09E8,0xF81F,0xF81F,0xF81F,0xF81F,0xF81F,0xF81F,0xF81F,
    0xF81F,0xF81F,0xF81F,0xF81F,0xF81F,0xF81F,0xF81F,0xF81F,0xF81F,0xF81F,0xF81F,0xF81F,
    0xF81F,0xF81F,0xF81F,0xF81F,0xF81F,0xF81F,0xF81F,0xF81F,0xF81F,0xF81F,0xF81F,0xF81F,
    0xF81F,0xF81F,0xF81F,0xF81F,0xF81F,0xF81F,0xF81F,0xF81F,0xF81F,0xF81F,0xF81F,0xF81F,
    0xF81F,0xF81F,0xF81F,0xF81F,0xF81F,0xF81F,0xF81F,0xF81F,0xF81F,0xF81F,0xF81F,0xF81F,
    0xF81F,0xF81F,0xF81F,0xF81F,0xF81F,0xF81F,0xF81F,0xF81F,0xF81F,0xF81F,0xF81F,0xF81F,
    0xF81F,0xF81F,0xF81F,0xF81F,0xF81F,0xF81F,0xF81F,0xF81F,0x09E8,0x09E8,0x09E8,0x2430,
    0x3ED9,0x3ED9,0x3ED9,0x3ED9,0x3ED9,0x3ED9,0x3ED9,0x3ED9,0x3ED9,0x5EFA,0xC7BD,0xCFBE,
    0xCFBE,0xCFBE,0xCFBE,0xCFBE,0xCFBE,0xCFBE,0xCFBE,0xCFBE,0xCFBE,0xCFBE,0xCFBE,0xCFBE,
    0xCFBE,0xCFBE,0xCFBE,0xCFBE,0xCFBE,0xCFBE,0xCFBE,0xCFBE,0xCFBE,0xCFBE,0xCFBE,0xCFBE,
    0xCFBE,0xCFBE,0xCFBE,0xCFBE,0xCFBE,0xCFBE,0xCFBE,0xCFBE,0xCFBE,0xCFBE,0xCFBE,0xCFBE,
    0xCFBE,0xCFBE,0xCFBE,0xCFBE,0xCFBE,0xCFBE,0xCFBE,0xC7BD,0x5EFA,0x3ED9,0x3ED9,0x3ED9,
    0x3ED9,0x3ED9,0x3ED9,0x3ED9,0x3ED9,0x3ED9,0x240F,0x09E8,0x09E8,0x09E8,0xF81F,0xF81F,
    0xF81F,0xF81F,0xF81F,0xF81F,0xF81F,0xF81F,0xF81F,0xF81F,0xF81F,0xF81F,0xF81F,0xF81F,
    0xF81F,0xF81F,0xF81F,0xF81F,0xF81F,0xF81F,0xF81F,0xF81F,0xF81F,0xF81F,0xF81F,0xF81F,
    0xF81F,0xF81F,0xF81F,0xF81F,0xF81F,0xF81F,0xF81F,0xF81F,0xF81F,0xF81F,0xF81F,0xF81F,
    0xF81F,0xF81F,0xF81F,0xF81F,0xF81F,0xF81F,0xF81F,0xF81F,0xF81F,0xF81F,0xF81F,0xF81F,
    0xF81F,0xF81F,0xF81F,0xF81F,0xF81F,0xF81F,0xF81F,0xF81F,0xF81F,0xF81F,0xF81F,0xF81F,
    0xF81F,0xF81F,0xF81F,0xF81F,0xF81F,0xF81F,0xF81F,0xF81F,0xF81F,0xF81F,0xF81F,0xF81F,
    0xF81F,0xF81F,0x09E8,0x09E8,0x09E8,0x09E8,0x2C71,0x3ED9,0x3ED9,0x3ED9,0x3ED9,0x3ED9,
    0x3ED9,0x3ED9,0x3ED9,0x3ED9,0x5EFA,0xC7BD,0xCFBE,0xCFBE,0xCFBE,0xCFBE,0xCFBE,0xCFBE,
    0xCFBE,0xCFBE,0xCFBE,0xCFBE,0xCFBE,0xCFBE,0xCFBE,0xCFBE,0xCFBE,0xCFBE,0xCFBE,0xCFBE,
    0xCFBE,0xCFBE,0xCFBE,0xCFBE,0xCFBE,0xCFBE,0xCFBE,0xCFBE,0xCFBE,0xCFBE,0xCFBE,0xCFBE,
    0xCFBE,0xCFBE,0xCFBE,0xCFBE,0xCFBE,0xCFBE,0xCFBE,0xCFBE,0xCFBE,0xCFBE,0xCFBE,0xCFBE,
    0xC7BD,0x5EFA,0x3ED9,0x3ED9,0x3ED9,0x3ED9,0x3ED9,0x3ED9,0x3ED9,0x3ED9,0x3ED9,0x2450,
    0x09E8,0x09E8,0x09E8,0xF81F,0xF81F,0xF81F,0xF81F,0xF81F,0xF81F,0xF81F,0xF81F,0xF81F,
    0xF81F,0xF81F,0xF81F,0xF81F,0xF81F,0xF81F,0xF81F,0xF81F,0xF81F,0xF81F,0xF81F,0xF81F,
    0xF81F,0xF81F,0xF81F,0xF81F,0xF81F,0xF81F,0xF81F,0xF81F,0xF81F,0xF81F,0xF81F,0xF81F,
    0xF81F,0xF81F,0xF81F,0xF81F,0xF81F,0xF81F,0xF81F,0xF81F,0xF81F,0xF81F,0xF81F,0xF81F,
    0xF81F,0xF81F,0xF81F,0xF81F,0xF81F,0xF81F,0xF81F,0xF81F,0xF81F,0xF81F,0xF81F,0xF81F,
    0xF81F,0xF81F,0xF81F,0xF81F,0xF81F,0xF81F,0xF81F,0xF81F,0xF81F,0xF81F,0xF81F,0xF81F,
    0xF81F,0xF81F,0xF81F,0xF81F,0xF81F,0xF81F,0xF81F,0xF81F,0xF81F,0x09E8,0x09E8,0x09E8,
    0x09E8,0x2CB1,0x3ED9,0x3ED9,0x3ED9,0x3ED9,0x3ED9,0x3ED9,0x3ED9,0x3ED9,0x3ED9,0x5EFA,
    0xBF9D,0xCFBE,0xCFBE,0xCFBE,0xCFBE,0xCFBE,0xCFBE,0xCFBE,0xCFBE,0xCFBE,0xCFBE,0xCFBE,
    0xCFBE,0xCFBE,0xCFBE,0xCFBE,0xCFBE,0xCFBE,0xCFBE,0xCFBE,0xCFBE,0xCFBE,0xCFBE,0xCFBE,
    0xCFBE,0xCFBE,0xCFBE,0xCFBE,0xCFBE,0xCFBE,0xCFBE,0xCFBE,0xCFBE,0xCFBE,0xCFBE,0xCFBE,
    0xCFBE,0xCFBE,0xCFBE,0xCFBE,0xCFBE,0xBF9D,0x56FA,0x3ED9,0x3ED9,0x3ED9,0x3ED9,0x3ED9,
    0x3ED9,0x3ED9,0x3ED9,0x3ED9,0x2CB1,0x09E8,0x09E8,0x09E8,0x09E8,0xF81F,0xF81F,0xF81F,
    0xF81F,0xF81F,0xF81F,0xF81F,0xF81F,0xF81F,0xF81F,0xF81F,0xF81F,0xF81F,0xF81F,0xF81F,
    0xF81F,0xF81F,0xF81F,0xF81F,0xF81F,0xF81F,0xF81F,0xF81F,0xF81F,0xF81F,0xF81F,0xF81F,
    0xF81F,0xF81F,0xF81F,0xF81F,0xF81F,0xF81F,0xF81F,0xF81F,0xF81F,0xF81F,0xF81F,0xF81F,
    0xF81F,0xF81F,0xF81F,0xF81F,0xF81F,0xF81F,0xF81F,0xF81F,0xF81F,0xF81F,0xF81F,0xF81F,
    0xF81F,0xF81F,0xF81F,0xF81F,0xF81F,0xF81F,0xF81F,0xF81F,0xF81F,0xF81F,0xF81F,0xF81F,
    0xF81F,0xF81F,0xF81F,0xF81F,0xF81F,0xF81F,0xF81F,0xF81F,0xF81F,0xF81F,0xF81F,0xF81F,
    0xF81F,0xF81F,0xF81F,0xF81F,0x09E8,0x09E8,0x09E8,0x09E8,0x2CB1,0x3ED9,0x3ED9,0x3ED9,
    0x3ED9,0x3ED9,0x3ED9,0x3ED9,0x3ED9,0x3ED9,0x4ED9,0xA77C,0xCFBE,0xCFBE,0xCFBE,0xCFBE,
    0xCFBE,0xCFBE,0xCFBE,0xCFBE,0xCFBE,0xCFBE,0xCFBE,0xCFBE,0xCFBE,0xCFBE,0xCFBE,0xCFBE,
    0xCFBE,0xCFBE,0xCFBE,0xCFBE,0xCFBE,0xCFBE,0xCFBE,0xCFBE,0xCFBE,0xCFBE,0xCFBE,0xCFBE,
    0xCFBE,0xCFBE,0xCFBE,0xCFBE,0xCFBE,0xCFBE,0xCFBE,0xCFBE,0xCFBE,0xCFBE,0xA77C,0x4ED9,
    0x3ED9,0x3ED9,0x3ED9,0x3ED9,0x3ED9,0x3ED9,0x3ED9,0x3ED9,0x3ED9,0x2CB1,0x09E8,0x09E8,
    0x09E8,0x09E8,0xF81F,0xF81F,0xF81F,0xF81F,0xF81F,0xF81F,0xF81F,0xF81F,0xF81F,0xF81F,
    0xF81F,0xF81F,0xF81F,0xF81F,0xF81F,0xF81F,0xF81F,0xF81F,0xF81F,0xF81F,0xF81F,0xF81F,
    0xF81F,0xF81F,0xF81F,0xF81F,0xF81F,0xF81F,0xF81F,0xF81F,0xF81F,0xF81F,0xF81F,0xF81F,
    0xF81F,0xF81F,0xF81F,0xF81F,0xF81F,0xF81F,0xF81F,0xF81F,0xF81F,0xF81F,0xF81F,0xF81F,
    0xF81F,0xF81F,0xF81F,0xF81F,0xF81F,0xF81F,0xF81F,0xF81F,0xF81F,0xF81F,0xF81F,0xF81F,
    0xF81F,0xF81F,0xF81F,0xF81F,0xF81F,0xF81F,0xF81F,0xF81F,0xF81F,0xF81F,0xF81F,0xF81F,
    0xF81F,0xF81F,0xF81F,0xF81F,0xF81F,0xF81F,0xF81F,0xF81F,0xF81F,0xF81F,0xF81F,0x09E8,
    0x09E8,0x09E8,0x09E8,0x240F,0x3EB9,0x3ED9,0x3ED9,0x3ED9,0x3ED9,0x3ED9,0x3ED9,0x3ED9,
    0x3ED9,0x46D9,0x7F3B,0xC7BD,0xCFBE,0xCFBE,0xCFBE,0xCFBE,0xCFBE,0xCFBE,0xCFBE,0xCFBE,
    0xCFBE,0xCFBE,0xCFBE,0xCFBE,0xCFBE,0xCFBE,0xCFBE,0xCFBE,0xCFBE,0xCFBE,0xCFBE,0xCFBE,
    0xCFBE,0xCFBE,0xCFBE,0xCFBE,0xCFBE,0xCFBE,0xCFBE,0xCFBE,0xCFBE,0xCFBE,0xCFBE,0xCFBE,
    0xCFBE,0xCFBE,0xC7BD,0x7F3B,0x46D9,0x3ED9,0x3ED9,0x3ED9,0x3ED9,0x3ED9,0x3ED9,0x3ED9,
    0x3ED9,0x3EB9,0x240F,0x09E8,0x09E8,0x09E8,0x09E8,0xF81F,0xF81F,0xF81F,0xF81F,0xF81F,
    0xF81F,0xF81F,0xF81F,0xF81F,0xF81F,0xF81F,0xF81F,0xF81F,0xF81F,0xF81F,0xF81F,0xF81F,
    0xF81F,0xF81F,0xF81F,0xF81F,0xF81F,0xF81F,0xF81F,0xF81F,0xF81F,0xF81F,0xF81F,0xF81F,
    0xF81F,0xF81F,0xF81F,0xF81F,0xF81F,0xF81F,0xF81F,0xF81F,0xF81F,0xF81F,0xF81F,0xF81F,
    0xF81F,0xF81F,0xF81F,0xF81F,0xF81F,0xF81F,0xF81F,0xF81F,0xF81F,0xF81F,0xF81F,0xF81F,
    0xF81F,0xF81F,0xF81F,0xF81F,0xF81F,0xF81F,0xF81F,0xF81F,0xF81F,0xF81F,0xF81F,0xF81F,
    0xF81F,0xF81F,0xF81F,0xF81F,0xF81F,0xF81F,0xF81F,0xF81F,0xF81F,0xF81F,0xF81F,0xF81F,
    0xF81F,0xF81F,0xF81F,0xF81F,0xF81F,0xF81F,0x09E8,0x09E8,0x09E8,0x09E8,0x1B6D,0x3E98,
    0x3ED9,0x3ED9,0x3ED9,0x3ED9,0x3ED9,0x3ED9,0x3ED9,0x3ED9,0x3ED9,0x56F9,0xA77C,0xCFBE,
    0xCFBE,0xCFBE,0xCFBE,0xCFBE,0xCFBE,0xCFBE,0xCFBE,0xCFBE,0xCFBE,0xCFBE,0xCFBE,0xCFBE,
    0xCFBE,0xCFBE,0xCFBE,0xCFBE,0xCFBE,0xCFBE,0xCFBE,0xCFBE,0xCFBE,0xCFBE,0xCFBE,0xCFBE,
    0xCFBE,0xCFBE,0xCFBE,0xCFBE,0xCFBE,0xCFBE,0xCFBE,0xA77C,0x56F9,0x3ED9,0x3ED9,0x3ED9,
    0x3ED9,0x3ED9,0x3ED9,0x3ED9,0x3ED9,0x3ED9,0x3E98,0x1B6D,0x09E8,0x09E8,0x09E8,0x09E8,
    0xF81F,0xF81F,0xF81F,0xF81F,0xF81F,0xF81F,0xF81F,0xF81F,0xF81F,0xF81F,0xF81F,0xF81F,
    0xF81F,0xF81F,0xF81F,0xF81F,0xF81F,0xF81F,0xF81F,0xF81F,0xF81F,0xF81F,0xF81F,0xF81F,
    0xF81F,0xF81F,0xF81F,0xF81F,0xF81F,0xF81F,0xF81F,0xF81F,0xF81F,0xF81F,0xF81F,0xF81F,
    0xF81F,0xF81F,0xF81F,0xF81F,0xF81F,0xF81F,0xF81F,0xF81F,0xF81F,0xF81F,0xF81F,0xF81F,
    0xF81F,0xF81F,0xF81F,0xF81F,0xF81F,0xF81F,0xF81F,0xF81F,0xF81F,0xF81F,0xF81F,0xF81F,
    0xF81F,0xF81F,0xF81F,0xF81F,0xF81F,0xF81F,0xF81F,0xF81F,0xF81F,0xF81F,0xF81F,0xF81F,
    0xF81F,0xF81F,0xF81F,0xF81F,0xF81F,0xF81F,0xF81F,0xF81F,0xF81F,0xF81F,0xF81F,0xF81F,
    0xF81F,0x09E8,0x09E8,0x09E8,0x09E8,0x12AB,0x35D6,0x3ED9,0x3ED9,0x3ED9,0x3ED9,0x3ED9,
    0x3ED9,0x3ED9,0x3ED9,0x3ED9,0x3ED9,0x5EFA,0xAF7C,0xCFBE,0xCFBE,0xCFBE,0xCFBE,0xCFBE,
    0xCFBE,0xCFBE,0xCFBE,0xCFBE,0xCFBE,0xCFBE,0xCFBE,0xCFBE,0xCFBE,0xCFBE,0xCFBE,0xCFBE,
    0xCFBE,0xCFBE,0xCFBE,0xCFBE,0xCFBE,0xCFBE,0xCFBE,0xCFBE,0xCFBE,0xCFBE,0xCFBE,0xA77C,
    0x5EFA,0x3ED9,0x3ED9,0x3ED9,0x3ED9,0x3ED9,0x3ED9,0x3ED9,0x3ED9,0x3ED9,0x3ED9,0x35F6,
    0x12CB,0x09E8,0x09E8,0x09E8,0x09E8,0xF81F,0xF81F,0xF81F,0xF81F,0xF81F,0xF81F,0xF81F,
    0xF81F,0xF81F,0xF81F,0xF81F,0xF81F,0xF81F,0xF81F,0xF81F,0xF81F,0xF81F,0xF81F,0xF81F,
    0xF81F,0xF81F,0xF81F,0xF81F,0xF81F,0xF81F,0xF81F,0xF81F,0xF81F,0xF81F,0xF81F,0xF81F,
    0xF81F,0xF81F,0xF81F,0xF81F,0xF81F,0xF81F,0xF81F,0xF81F,0xF81F,0xF81F,0xF81F,0xF81F,
    0xF81F,0xF81F,0xF81F,0xF81F,0xF81F,0xF81F,0xF81F,0xF81F,0xF81F,0xF81F,0xF81F,0xF81F,
    0xF81F,0xF81F,0xF81F,0xF81F,0xF81F,0xF81F,0xF81F,0xF81F,0xF81F,0xF81F,0xF81F,0xF81F,
    0xF81F,0xF81F,0xF81F,0xF81F,0xF81F,0xF81F,0xF81F,0xF81F,0xF81F,0xF81F,0xF81F,0xF81F,
    0xF81F,0xF81F,0xF81F,0xF81F,0xF81F,0xF81F,0xF81F,0xF81F,0x09E8,0x09E8,0x09E8,0x09E8,
    0x1208,0x2C71,0x3EB9,0x3ED9,0x3ED9,0x3ED9,0x3ED9,0x3ED9,0x3ED9,0x3ED9,0x3ED9,0x3ED9,
    0x3ED9,0x5EFA,0x975C,0xC7BD,0xCFBE,0xCFBE,0xCFBE,0xCFBE,0xCFBE,0xCFBE,0xCFBE,0xCFBE,
    0xCFBE,0xCFBE,0xCFBE,0xCFBE,0xCFBE,0xCFBE,0xCFBE,0xCFBE,0xCFBE,0xCFBE,0xCFBE,0xCFBE,
    0xCFBE,0xCFBE,0xC7BD,0x975C,0x5EFA,0x3ED9,0x3ED9,0x3ED9,0x3ED9,0x3ED9,0x3ED9,0x3ED9,
    0x3ED9,0x3ED9,0x3ED9,0x3EB9,0x2CD2,0x1209,0x09E8,0x09E8,0x09E8,0x09E8,0xF81F,0xF81F,
    0xF81F,0xF81F,0xF81F,0xF81F,0xF81F,0xF81F,0xF81F,0xF81F,0xF81F,0xF81F,0xF81F,0xF81F,
    0xF81F,0xF81F,0xF81F,0xF81F,0xF81F,0xF81F,0xF81F,0xF81F,0xF81F,0xF81F,0xF81F,0xF81F,
    0xF81F,0xF81F,0xF81F,0xF81F,0xF81F,0xF81F,0xF81F,0xF81F,0xF81F,0xF81F,0xF81F,0xF81F,
    0xF81F,0xF81F,0xF81F,0xF81F,0xF81F,0xF81F,0xF81F,0xF81F,0xF81F,0xF81F,0xF81F,0xF81F,
    0xF81F,0xF81F,0xF81F,0xF81F,0xF81F,0xF81F,0xF81F,0xF81F,0xF81F,0xF81F,0xF81F,0xF81F,
    0xF81F,0xF81F,0xF81F,0xF81F,0xF81F,0xF81F,0xF81F,0xF81F,0xF81F,0xF81F,0xF81F,0xF81F,
    0xF81F,0xF81F,0xF81F,0xF81F,0xF81F,0xF81F,0xF81F,0xF81F,0xF81F,0xF81F,0xF81F,0xF81F,
    0xF81F,0xF81F,0xF81F,0xF81F,0x09E8,0x09E8,0x09E8,0x09E8,0x1B4D,0x3E16,0x3ED9,0x3ED9,
    0x3ED9,0x3ED9,0x3ED9,0x3ED9,0x3ED9,0x3ED9,0x3ED9,0x3ED9,0x3ED9,0x46D9,0x6F1A,0x9F5C,
    0xC7BD,0xCFBE,0xCFBE,0xCFBE,0xCFBE,0xCFBE,0xCFBE,0xCFBE,0xCFBE,0xCFBE,0xCFBE,0xCFBE,
    0xCFBE,0xCFBE,0xCFBE,0xCFBE,0xCFBE,0xBFBD,0x9F5C,0x6F1A,0x46D9,0x3ED9,0x3ED9,0x3ED9,
    0x3ED9,0x3ED9,0x3ED9,0x3ED9,0x3ED9,0x3ED9,0x3ED9,0x3ED9,0x3E16,0x1B2D,0x09E8,0x09E8,
    0x09E8,0x09E8,0xF81F,0xF81F,0xF81F,0xF81F,0xF81F,0xF81F,0xF81F,0xF81F,0xF81F,0xF81F,
    0xF81F,0xF81F,0xF81F,0xF81F,0xF81F,0xF81F,0xF81F,0xF81F,0xF81F,0xF81F,0xF81F,0xF81F,
    0xF81F,0xF81F,0xF81F,0xF81F,0xF81F,0xF81F,0xF81F,0xF81F,0xF81F,0xF81F,0xF81F,0xF81F,
    0xF81F,0xF81F,0xF81F,0xF81F,0xF81F,0xF81F,0xF81F,0xF81F,0xF81F,0xF81F,0xF81F,0xF81F,
    0xF81F,0xF81F,0xF81F,0xF81F,0xF81F,0xF81F,0xF81F,0xF81F,0xF81F,0xF81F,0xF81F,0xF81F,
    0xF81F,0xF81F,0xF81F,0xF81F,0xF81F,0xF81F,0xF81F,0xF81F,0xF81F,0xF81F,0xF81F,0xF81F,
    0xF81F,0xF81F,0xF81F,0xF81F,0xF81F,0xF81F,0xF81F,0xF81F,0xF81F,0xF81F,0xF81F,0xF81F,
    0xF81F,0xF81F,0xF81F,0xF81F,0xF81F,0xF81F,0xF81F,0xF81F,0xF81F,0xF81F,0xF81F,0x09E8,
    0x09E8,0x09E8,0x09E8,0x1208,0x240F,0x3E78,0x3ED9,0x3ED9,0x3ED9,0x3ED9,0x3ED9,0x3ED9,
    0x3ED9,0x3ED9,0x3ED9,0x3ED9,0x3ED9,0x3ED9,0x3ED9,0x56FA,0x771A,0x8F5B,0x9F7C,0xB79D,
    0xBF9D,0xC7BD,0xCFBD,0xCFBD,0xC7BD,0xBF9D,0xB79D,0x9F7C,0x8F5B,0x771B,0x56FA,0x3ED9,
    0x3ED9,0x3ED9,0x3ED9,0x3ED9,0x3ED9,0x3ED9,0x3ED9,0x3ED9,0x3ED9,0x3ED9,0x3ED9,0x3ED9,
    0x3E98,0x2450,0x1208,0x09E8,0x09E8,0x09E8,0x09E8,0xF81F,0xF81F,0xF81F,0xF81F,0xF81F,
    0xF81F,0xF81F,0xF81F,0xF81F,0xF81F,0xF81F,0xF81F,0xF81F,0xF81F,0xF81F,0xF81F,0xF81F,
    0xF81F,0xF81F,0xF81F,0xF81F,0xF81F,0xF81F,0xF81F,0xF81F,0xF81F,0xF81F,0xF81F,0xF81F,
    0xF81F,0xF81F,0xF81F,0xF81F,0xF81F,0xF81F,0xF81F,0xF81F,0xF81F,0xF81F,0xF81F,0xF81F,
    0xF81F,0xF81F,0xF81F,0xF81F,0xF81F,0xF81F,0xF81F,0xF81F,0xF81F,0xF81F,0xF81F,0xF81F,
    0xF81F,0xF81F,0xF81F,0xF81F,0xF81F,0xF81F,0xF81F,0xF81F,0xF81F,0xF81F,0xF81F,0xF81F,
    0xF81F,0xF81F,0xF81F,0xF81F,0xF81F,0xF81F,0xF81F,0xF81F,0xF81F,0xF81F,0xF81F,0xF81F,
    0xF81F,0xF81F,0xF81F,0xF81F,0xF81F,0xF81F,0xF81F,0xF81F,0xF81F,0xF81F,0xF81F,0xF81F,
    0xF81F,0xF81F,0xF81F,0xF81F,0xF81F,0xF81F,0x09E8,0x09E8,0x09E8,0x09E8,0x09E8,0x126A,
    0x2CD2,0x3E98,0x3ED9,0x3ED9,0x3ED9,0x3ED9,0x3ED9,0x3ED9,0x3ED9,0x3ED9,0x3ED9,0x3ED9,
    0x3ED9,0x3ED9,0x3ED9,0x3ED9,0x3ED9,0x3ED9,0x3ED9,0x3ED9,0x3ED9,0x3ED9,0x3ED9,0x3ED9,
    0x3ED9,0x3ED9,0x3ED9,0x3ED9,0x3ED9,0x3ED9,0x3ED9,0x3ED9,0x3ED9,0x3ED9,0x3ED9,0x3ED9,
    0x3ED9,0x3ED9,0x3ED9,0x3ED9,0x3E98,0x2CB2,0x124A,0x09E8,0x09E8,0x09E8,0x09E8,0x09E8,
    0xF81F,0xF81F,0xF81F,0xF81F,0xF81F,0xF81F,0xF81F,0xF81F,0xF81F,0xF81F,0xF81F,0xF81F,
    0xF81F,0xF81F,0xF81F,0xF81F,0xF81F,0xF81F,0xF81F,0xF81F,0xF81F,0xF81F,0xF81F,0xF81F,
    0xF81F,0xF81F,0xF81F,0xF81F,0xF81F,0xF81F,0xF81F,0xF81F,0xF81F,0xF81F,0xF81F,0xF81F,
    0xF81F,0xF81F,0xF81F,0xF81F,0xF81F,0xF81F,0xF81F,0xF81F,0xF81F,0xF81F,0xF81F,0xF81F,
    0xF81F,0xF81F,0xF81F,0xF81F,0xF81F,0xF81F,0xF81F,0xF81F,0xF81F,0xF81F,0xF81F,0xF81F,
    0xF81F,0xF81F,0xF81F,0xF81F,0xF81F,0xF81F,0xF81F,0xF81F,0xF81F,0xF81F,0xF81F,0xF81F,
    0xF81F,0xF81F,0xF81F,0xF81F,0xF81F,0xF81F,0xF81F,0xF81F,0xF81F,0xF81F,0xF81F,0xF81F,
    0xF81F,0xF81F,0xF81F,0xF81F,0xF81F,0xF81F,0xF81F,0xF81F,0xF81F,0xF81F,0xF81F,0xF81F,
    0x09E8,0x09E8,0x09E8,0x09E8,0x09E8,0x09E8,0x09E8,0x1249,0x2450,0x3E78,0x3ED9,0x3ED9,
    0x3ED9,0x3ED9,0x3ED9,0x3ED9,0x3ED9,0x3ED9,0x3ED9,0x3ED9,0x3ED9,0x3ED9,0x3ED9,0x3ED9,
    0x3ED9,0x3ED9,0x3ED9,0x3ED9,0x3ED9,0x3ED9,0x3ED9,0x3ED9,0x3ED9,0x3ED9,0x3ED9,0x3ED9,
    0x3ED9,0x3ED9,0x3ED9,0x3ED9,0x3ED9,0x3ED9,0x3ED9,0x3ED9,0x3E78,0x2CB1,0x126A,0x09E8,
    0x09E8,0x09E8,0x09E8,0x09E8,0x09E8,0x09E8,0xF81F,0xF81F,0xF81F,0xF81F,0xF81F,0xF81F,
    0xF81F,0xF81F,0xF81F,0xF81F,0xF81F,0xF81F,0xF81F,0xF81F,0xF81F,0xF81F,0xF81F,0xF81F,
    0xF81F,0xF81F,0xF81F,0xF81F,0xF81F,0xF81F,0xF81F,0xF81F,0xF81F,0xF81F,0xF81F,0xF81F,
    0xF81F,0xF81F,0xF81F,0xF81F,0xF81F,0xF81F,0xF81F,0xF81F,0xF81F,0xF81F,0xF81F,0xF81F,
    0xF81F,0xF81F,0xF81F,0xF81F,0xF81F,0xF81F,0xF81F,0xF81F,0xF81F,0xF81F,0xF81F,0xF81F,
    0xF81F,0xF81F,0xF81F,0xF81F,0xF81F,0xF81F,0xF81F,0xF81F,0xF81F,0xF81F,0xF81F,0xF81F,
    0xF81F,0xF81F,0xF81F,0xF81F,0xF81F,0xF81F,0xF81F,0xF81F,0xF81F,0xF81F,0xF81F,0xF81F,
    0xF81F,0xF81F,0xF81F,0xF81F,0xF81F,0xF81F,0xF81F,0xF81F,0xF81F,0xF81F,0xF81F,0xF81F,
    0xF81F,0xF81F,0xF81F,0xF81F,0xF81F,0x09E8,0x09E8,0x1249,0x1C2F,0x1C50,0x1249,0x09E8,
    0x09E8,0x09E8,0x09E8,0x1229,0x23CE,0x3594,0x3EB9,0x3ED9,0x3ED9,0x3ED9,0x3ED9,0x3ED9,
    0x3ED9,0x3ED9,0x3ED9,0x3ED9,0x3ED9,0x3ED9,0x3ED9,0x3ED9,0x3ED9,0x3ED9,0x3ED9,0x3ED9,
    0x3ED9,0x3ED9,0x3ED9,0x3ED9,0x3ED9,0x3ED9,0x3ED9,0x3ED9,0x3ED9,0x3ED9,0x3ED9,0x3EB9,
    0x3574,0x23CE,0x1229,0x09E8,0x09E8,0x09E8,0x09E8,0x1249,0x1C50,0x1C2F,0x1249,0x09E8,
    0x09E8,0xF81F,0xF81F,0xF81F,0xF81F,0xF81F,0xF81F,0xF81F,0xF81F,0xF81F,0xF81F,0xF81F,
    0xF81F,0xF81F,0xF81F,0xF81F,0xF81F,0xF81F,0xF81F,0xF81F,0xF81F,0xF81F,0xF81F,0xF81F,
    0xF81F,0xF81F,0xF81F,0xF81F,0xF81F,0xF81F,0xF81F,0xF81F,0xF81F,0xF81F,0xF81F,0xF81F,
    0xF81F,0xF81F,0xF81F,0xF81F,0xF81F,0xF81F,0xF81F,0xF81F,0xF81F,0xF81F,0xF81F,0xF81F,
    0xF81F,0xF81F,0xF81F,0xF81F,0xF81F,0xF81F,0xF81F,0xF81F,0xF81F,0xF81F,0xF81F,0xF81F,
    0xF81F,0xF81F,0xF81F,0xF81F,0xF81F,0xF81F,0xF81F,0xF81F,0xF81F,0xF81F,0xF81F,0xF81F,
    0xF81F,0xF81F,0xF81F,0xF81F,0xF81F,0xF81F,0xF81F,0xF81F,0xF81F,0xF81F,0xF81F,0xF81F,
    0xF81F,0xF81F,0xF81F,0xF81F,0xF81F,0xF81F,0xF81F,0xF81F,0xF81F,0xF81F,0x09E8,0x09E8,
    0x134D,0x2594,0x25B5,0x25B5,0x2594,0x1C0F,0x1269,0x09E8,0x09E8,0x09E8,0x09E8,0x09E8,
    0x126A,0x240F,0x3594,0x3E98,0x3ED9,0x3ED9,0x3ED9,0x3ED9,0x3ED9,0x3ED9,0x3ED9,0x3ED9,
    0x3ED9,0x3ED9,0x3ED9,0x3ED9,0x3ED9,0x3ED9,0x3ED9,0x3ED9,0x3ED9,0x3ED9,0x3ED9,0x3ED9,
    0x3ED9,0x3ED9,0x3E98,0x3574,0x240F,0x126A,0x09E8,0x09E8,0x09E8,0x09E8,0x09E8,0x126A,
    0x1C0F,0x2594,0x25B5,0x25B5,0x2594,0x134D,0x09E8,0x09E8,0xF81F,0xF81F,0xF81F,0xF81F,
    0xF81F,0xF81F,0xF81F,0xF81F,0xF81F,0xF81F,0xF81F,0xF81F,0xF81F,0xF81F,0xF81F,0xF81F,
    0xF81F,0xF81F,0xF81F,0xF81F,0xF81F,0xF81F,0xF81F,0xF81F,0xF81F,0xF81F,0xF81F,0xF81F,
    0xF81F,0xF81F,0xF81F,0xF81F,0xF81F,0xF81F,0xF81F,0xF81F,0xF81F,0xF81F,0xF81F,0xF81F,
    0xF81F,0xF81F,0xF81F,0xF81F,0xF81F,0xF81F,0xF81F,0xF81F,0xF81F,0xF81F,0xF81F,0xF81F,
    0xF81F,0xF81F,0xF81F,0xF81F,0xF81F,0xF81F,0xF81F,0xF81F,0xF81F,0xF81F,0xF81F,0xF81F,
    0xF81F,0xF81F,0xF81F,0xF81F,0xF81F,0xF81F,0xF81F,0xF81F,0xF81F,0xF81F,0xF81F,0xF81F,
    0xF81F,0xF81F,0xF81F,0xF81F,0xF81F,0xF81F,0xF81F,0xF81F,0xF81F,0xF81F,0xF81F,0xF81F,
    0xF81F,0xF81F,0xF81F,0x09E8,0x09E8,0x1BAE,0x25B5,0x25B5,0x25B5,0x25B5,0x25B5,0x25B5,
    0x25B4,0x1C50,0x12AA,0x09E8,0x09E8,0x09E8,0x09E8,0x09E8,0x09E8,0x1208,0x1B0C,0x2430,
    0x3533,0x3616,0x3EB8,0x3ED9,0x3ED9,0x3ED9,0x3ED9,0x3ED9,0x3ED9,0x3ED9,0x3ED9,0x3ED9,
    0x3ED9,0x3ED9,0x3ED9,0x3EB8,0x35F6,0x3533,0x2430,0x1B0C,0x1208,0x09E8,0x09E8,0x09E8,
    0x09E8,0x09E8,0x09E8,0x12AA,0x1C70,0x25B4,0x25B5,0x25B5,0x25B5,0x25B5,0x25B5,0x25B5,
    0x138E,0x09E8,0x09E8,0xF81F,0xF81F,0xF81F,0xF81F,0xF81F,0xF81F,0xF81F,0xF81F,0xF81F,
    0xF81F,0xF81F,0xF81F,0xF81F,0xF81F,0xF81F,0xF81F,0xF81F,0xF81F,0xF81F,0xF81F,0xF81F,
    0xF81F,0xF81F,0xF81F,0xF81F,0xF81F,0xF81F,0xF81F,0xF81F,0xF81F,0xF81F,0xF81F,0xF81F,
    0xF81F,0xF81F,0xF81F,0xF81F,0xF81F,0xF81F,0xF81F,0xF81F,0xF81F,0xF81F,0xF81F,0xF81F,
    0xF81F,0xF81F,0xF81F,0xF81F,0xF81F,0xF81F,0xF81F,0xF81F,0xF81F,0xF81F,0xF81F,0xF81F,
    0xF81F,0xF81F,0xF81F,0xF81F,0xF81F,0xF81F,0xF81F,0xF81F,0xF81F,0xF81F,0xF81F,0xF81F,
    0xF81F,0xF81F,0xF81F,0xF81F,0xF81F,0xF81F,0xF81F,0xF81F,0xF81F,0xF81F,0xF81F,0xF81F,
    0xF81F,0xF81F,0xF81F,0xF81F,0xF81F,0xF81F,0xF81F,0xF81F,0xF81F,0x09E8,0x12CB,0x25B5,
    0x25B5,0x25B5,0x25B5,0x25B5,0x25B5,0x25B5,0x25B5,0x25B5,0x25B5,0x1CF2,0x138D,0x1249,
    0x09E8,0x09E8,0x09E8,0x09E8,0x09E8,0x09E8,0x09E8,0x09E8,0x11E8,0x128A,0x1B2C,0x1B8E,
    0x23CE,0x23EF,0x2430,0x2430,0x23EF,0x23CE,0x1B8E,0x1B2C,0x128A,0x11E8,0x09E8,0x09E8,
    0x09E8,0x09E8,0x09E8,0x09E8,0x09E8,0x09E8,0x1249,0x138E,0x1CF2,0x25B5,0x25B5,0x25B5,
    0x25B5,0x25B5,0x25B5,0x25B5,0x25B5,0x25B5,0x25B4,0x12CB,0x09E8,0xF81F,0xF81F,0xF81F,
    0xF81F,0xF81F,0xF81F,0xF81F,0xF81F,0xF81F,0xF81F,0xF81F,0xF81F,0xF81F,0xF81F,0xF81F,
    0xF81F,0xF81F,0xF81F,0xF81F,0xF81F,0xF81F,0xF81F,0xF81F,0xF81F,0xF81F,0xF81F,0xF81F,
    0xF81F,0xF81F,0xF81F,0xF81F,0xF81F,0xF81F,0xF81F,0xF81F,0xF81F,0xF81F,0xF81F,0xF81F,
    0xF81F,0xF81F,0xF81F,0xF81F,0xF81F,0xF81F,0xF81F,0xF81F,0xF81F,0xF81F,0xF81F,0xF81F,
    0xF81F,0xF81F,0xF81F,0xF81F,0xF81F,0xF81F,0xF81F,0xF81F,0xF81F,0xF81F,0xF81F,0xF81F,
    0xF81F,0xF81F,0xF81F,0xF81F,0xF81F,0xF81F,0xF81F,0xF81F,0xF81F,0xF81F,0xF81F,0xF81F,
    0xF81F,0xF81F,0xF81F,0xF81F,0xF81F,0xF81F,0xF81F,0xF81F,0xF81F,0xF81F,0xF81F,0xF81F,
    0xF81F,0xF81F,0x09E8,0x09E8,0x1C91,0x25B5,0x25B5,0x25B5,0x25B5,0x25B5,0x25B5,0x25B5,
    0x25B5,0x25B5,0x25B5,0x25B5,0x25B5,0x25B4,0x1CB1,0x138D,0x128A,0x09E8,0x09E8,0x09E8,
    0x09E8,0x09E8,0x09E8,0x09E8,0x09E8,0x09E8,0x09E8,0x09E8,0x09E8,0x09E8,0x09E8,0x09E8,
    0x09E8,0x09E8,0x09E8,0x09E8,0x09E8,0x09E8,0x09E8,0x09E8,0x09E8,0x128A,0x1B8D,0x1CD1,
    0x25B5,0x25B5,0x25B5,0x25B5,0x25B5,0x25B5,0x25B5,0x25B5,0x25B5,0x25B5,0x25B5,0x25B5,
    0x25B5,0x1C91,0x09E8,0x09E8,0xF81F,0xF81F,0xF81F,0xF81F,0xF81F,0xF81F,0xF81F,0xF81F,
    0xF81F,0xF81F,0xF81F,0xF81F,0xF81F,0xF81F,0xF81F,0xF81F,0xF81F,0xF81F,0xF81F,0xF81F,
    0xF81F,0xF81F,0xF81F,0xF81F,0xF81F,0xF81F,0xF81F,0xF81F,0xF81F,0xF81F,0xF81F,0xF81F,
    0xF81F,0xF81F,0xF81F,0xF81F,0xF81F,0xF81F,0xF81F,0xF81F,0xF81F,0xF81F,0xF81F,0xF81F,
    0xF81F,0xF81F,0xF81F,0xF81F,0xF81F,0xF81F,0xF81F,0xF81F,0xF81F,0xF81F,0xF81F,0xF81F,
    0xF81F,0xF81F,0xF81F,0xF81F,0xF81F,0xF81F,0xF81F,0xF81F,0xF81F,0xF81F,0xF81F,0xF81F,
    0xF81F,0xF81F,0xF81F,0xF81F,0xF81F,0xF81F,0xF81F,0xF81F,0xF81F,0xF81F,0xF81F,0xF81F,
    0xF81F,0xF81F,0xF81F,0xF81F,0xF81F,0xF81F,0xF81F,0xF81F,0x09E8,0x09E8,0x2574,0x25B5,
    0x25B5,0x25B5,0x25B5,0x25B5,0x25B5,0x25B5,0x25B5,0x25B5,0x25B5,0x25B5,0x25B5,0x25B5,
    0x25B5,0x25B5,0x25B5,0x2574,0x1C71,0x138D,0x12EB,0x1269,0x09E8,0x09E8,0x09E8,0x09E8,
    0x09E8,0x09E8,0x09E8,0x09E8,0x09E8,0x09E8,0x09E8,0x09E8,0x09E8,0x09E8,0x1269,0x12EB,
    0x138E,0x1C91,0x2574,0x25B5,0x25B5,0x25B5,0x25B5,0x25B5,0x25B5,0x25B5,0x25B5,0x25B5,
    0x25B5,0x25B5,0x25B5,0x25B5,0x25B5,0x25B5,0x25B5,0x2574,0x09E8,0x09E8,0xF81F,0xF81F,
    0xF81F,0xF81F,0xF81F,0xF81F,0xF81F,0xF81F,0xF81F,0xF81F,0xF81F,0xF81F,0xF81F,0xF81F,
    0xF81F,0xF81F,0xF81F,0xF81F,0xF81F,0xF81F,0xF81F,0xF81F,0xF81F,0xF81F,0xF81F,0xF81F,
    0xF81F,0xF81F,0xF81F,0xF81F,0xF81F,0xF81F,0xF81F,0xF81F,0xF81F,0xF81F,0xF81F,0xF81F,
    0xF81F,0xF81F,0xF81F,0xF81F,0xF81F,0xF81F,0xF81F,0xF81F,0xF81F,0xF81F,0xF81F,0xF81F,
    0xF81F,0xF81F,0xF81F,0xF81F,0xF81F,0xF81F,0xF81F,0xF81F,0xF81F,0xF81F,0xF81F,0xF81F,
    0xF81F,0xF81F,0xF81F,0xF81F,0xF81F,0xF81F,0xF81F,0xF81F,0xF81F,0xF81F,0xF81F,0xF81F,
    0xF81F,0xF81F,0xF81F,0xF81F,0xF81F,0xF81F,0xF81F,0xF81F,0xF81F,0xF81F,0xF81F,0xF81F,
    0xF81F,0xF81F,0x09E8,0x09E8,0x2574,0x25B5,0x25B5,0x25B5,0x25B5,0x25B5,0x25B5,0x25B5,
    0x25B5,0x25B5,0x25B5,0x25B5,0x25B5,0x25B5,0x25B5,0x25B5,0x25B5,0x25B5,0x25B5,0x25B5,
    0x25B5,0x2574,0x09E8,0x09E8,0xF81F,0xF81F,0xF81F,0xF81F,0xF81F,0xF81F,0xF81F,0xF81F,
    0xF81F,0xF81F,0x09C8,0x09E8,0x2574,0x25B5,0x25B5,0x25B5,0x25B5,0x25B5,0x25B5,0x25B5,
    0x25B5,0x25B5,0x25B5,0x25B5,0x25B5,0x25B5,0x25B5,0x25B5,0x25B5,0x25B5,0x25B5,0x25B5,
    0x25B5,0x2574,0x09E8,0x09E8,0xF81F,0xF81F,0xF81F,0xF81F,0xF81F,0xF81F,0xF81F,0xF81F,
    0xF81F,0xF81F,0xF81F,0xF81F,0xF81F,0xF81F,0xF81F,0xF81F,0xF81F,0xF81F,0xF81F,0xF81F,
    0xF81F,0xF81F,0xF81F,0xF81F,0xF81F,0xF81F,0xF81F,0xF81F,0xF81F,0xF81F,0xF81F,0xF81F,
    0xF81F,0xF81F,0xF81F,0xF81F,0xF81F,0xF81F,0xF81F,0xF81F,0xF81F,0xF81F,0xF81F,0xF81F,
    0xF81F,0xF81F,0xF81F,0xF81F,0xF81F,0xF81F,0xF81F,0xF81F,0xF81F,0xF81F,0xF81F,0xF81F,
    0xF81F,0xF81F,0xF81F,0xF81F,0xF81F,0xF81F,0xF81F,0xF81F,0xF81F,0xF81F,0xF81F,0xF81F,
    0xF81F,0xF81F,0xF81F,0xF81F,0xF81F,0xF81F,0xF81F,0xF81F,0xF81F,0xF81F,0xF81F,0xF81F,
    0xF81F,0xF81F,0xF81F,0xF81F,0xF81F,0xF81F,0xF81F,0xF81F,0x09E8,0x09E8,0x1C91,0x25B5,
    0x25B5,0x25B5,0x25B5,0x25B5,0x25B5,0x25B5,0x25B5,0x25B5,0x25B5,0x25B5,0x25B5,0x25B5,
    0x25B5,0x25B5,0x25B5,0x25B5,0x25B5,0x25B5,0x25B5,0x1C91,0x09E8,0x09E8,0xF81F,0xF81F,
    0xF81F,0xF81F,0xF81F,0xF81F,0xF81F,0xF81F,0xF81F,0xF81F,0x09E8,0x09E8,0x1C91,0x25B5,
    0x25B5,0x25B5,0x25B5,0x25B5,0x25B5,0x25B5,0x25B5,0x25B5,0x25B5,0x25B5,0x25B5,0x25B5,
    0x25B5,0x25B5,0x25B5,0x25B5,0x25B5,0x25B5,0x25B5,0x1C91,0x09E8,0x09E8,0xF81F,0xF81F,
    0xF81F,0xF81F,0xF81F,0xF81F,0xF81F,0xF81F,0xF81F,0xF81F,0xF81F,0xF81F,0xF81F,0xF81F,
    0xF81F,0xF81F,0xF81F,0xF81F,0xF81F,0xF81F,0xF81F,0xF81F,0xF81F,0xF81F,0xF81F,0xF81F,
    0xF81F,0xF81F,0xF81F,0xF81F,0xF81F,0xF81F,0xF81F,0xF81F,0xF81F,0xF81F,0xF81F,0xF81F,
    0xF81F,0xF81F,0xF81F,0xF81F,0xF81F,0xF81F,0xF81F,0xF81F,0xF81F,0xF81F,0xF81F,0xF81F,
    0xF81F,0xF81F,0xF81F,0xF81F,0xF81F,0xF81F,0xF81F,0xF81F,0xF81F,0xF81F,0xF81F,0xF81F,
    0xF81F,0xF81F,0xF81F,0xF81F,0xF81F,0xF81F,0xF81F,0xF81F,0xF81F,0xF81F,0xF81F,0xF81F,
    0xF81F,0xF81F,0xF81F,0xF81F,0xF81F,0xF81F,0xF81F,0xF81F,0xF81F,0xF81F,0xF81F,0xF81F,
    0xF81F,0xF81F,0xF81F,0x09E8,0x12CB,0x25B4,0x25B5,0x25B5,0x25B5,0x25B5,0x25B5,0x25B5,
    0x25B5,0x25B5,0x25B5,0x25B5,0x25B5,0x25B5,0x25B5,0x25B5,0x25B5,0x25B5,0x25B5,0x25B5,
    0x25B4,0x12CB,0x09E8,0xF81F,0xF81F,0xF81F,0xF81F,0xF81F,0xF81F,0xF81F,0xF81F,0xF81F,
    0xF81F,0xF81F,0xF81F,0x09E8,0x12CB,0x25B4,0x25B5,0x25B5,0x25B5,0x25B5,0x25B5,0x25B5,
    0x25B5,0x25B5,0x25B5,0x25B5,0x25B5,0x25B5,0x25B5,0x25B5,0x25B5,0x25B5,0x25B5,0x25B5,
    0x25B4,0x12CB,0x09E8,0xF81F,0xF81F,0xF81F,0xF81F,0xF81F,0xF81F,0xF81F,0xF81F,0xF81F,
    0xF81F,0xF81F,0xF81F,0xF81F,0xF81F,0xF81F,0xF81F,0xF81F,0xF81F,0xF81F,0xF81F,0xF81F,
    0xF81F,0xF81F,0xF81F,0xF81F,0xF81F,0xF81F,0xF81F,0xF81F,0xF81F,0xF81F,0xF81F,0xF81F,
    0xF81F,0xF81F,0xF81F,0xF81F,0xF81F,0xF81F,0xF81F,0xF81F,0xF81F,0xF81F,0xF81F,0xF81F,
    0xF81F,0xF81F,0xF81F,0xF81F,0xF81F,0xF81F,0xF81F,0xF81F,0xF81F,0xF81F,0xF81F,0xF81F,
    0xF81F,0xF81F,0xF81F,0xF81F,0xF81F,0xF81F,0xF81F,0xF81F,0xF81F,0xF81F,0xF81F,0xF81F,
    0xF81F,0xF81F,0xF81F,0xF81F,0xF81F,0xF81F,0xF81F,0xF81F,0xF81F,0xF81F,0xF81F,0xF81F,
    0xF81F,0xF81F,0xF81F,0xF81F,0xF81F,0xF81F,0xF81F,0xF81F,0xF81F,0x09E8,0x09E8,0x138E,
    0x25B5,0x25B5,0x25B5,0x25B5,0x25B5,0x25B5,0x25B5,0x25B5,0x25B5,0x25B5,0x25B5,0x25B5,
    0x25B5,0x25B5,0x25B5,0x25B5,0x25B5,0x25B5,0x138E,0x09E8,0x09E8,0xF81F,0xF81F,0xF81F,
    0xF81F,0xF81F,0xF81F,0xF81F,0xF81F,0xF81F,0xF81F,0xF81F,0xF81F,0x09E8,0x09E8,0x138E,
    0x25B5,0x25B5,0x25B5,0x25B5,0x25B5,0x25B5,0x25B5,0x25B5,0x25B5,0x25B5,0x25B5,0x25B5,
    0x25B5,0x25B5,0x25B5,0x25B5,0x25B5,0x25B5,0x138E,0x09E8,0x09E8,0xF81F,0xF81F,0xF81F,
    0xF81F,0xF81F,0xF81F,0xF81F,0xF81F,0xF81F,0xF81F,0xF81F,0xF81F,0xF81F,0xF81F,0xF81F,
    0xF81F,0xF81F,0xF81F,0xF81F,0xF81F,0xF81F,0xF81F,0xF81F,0xF81F,0xF81F,0xF81F,0xF81F,
    0xF81F,0xF81F,0xF81F,0xF81F,0xF81F,0xF81F,0xF81F,0xF81F,0xF81F,0xF81F,0xF81F,0xF81F,
    0xF81F,0xF81F,0xF81F,0xF81F,0xF81F,0xF81F,0xF81F,0xF81F,0xF81F,0xF81F,0xF81F,0xF81F,
    0xF81F,0xF81F,0xF81F,0xF81F,0xF81F,0xF81F,0xF81F,0xF81F,0xF81F,0xF81F,0xF81F,0xF81F,
    0xF81F,0xF81F,0xF81F,0xF81F,0xF81F,0xF81F,0xF81F,0xF81F,0xF81F,0xF81F,0xF81F,0xF81F,
    0xF81F,0xF81F,0xF81F,0xF81F,0xF81F,0xF81F,0xF81F,0xF81F,0xF81F,0xF81F,0xF81F,0xF81F,
    0xF81F,0xF81F,0xF81F,0xF81F,0x09E8,0x09E8,0x134D,0x2594,0x25B5,0x25B5,0x25B5,0x25B5,
    0x25B5,0x25B5,0x25B5,0x25B5,0x25B5,0x25B5,0x25B5,0x25B5,0x25B5,0x25B5,0x2594,0x134D,
    0x09E8,0x09E8,0xF81F,0xF81F,0xF81F,0xF81F,0xF81F,0xF81F,0xF81F,0xF81F,0xF81F,0xF81F,
    0xF81F,0xF81F,0xF81F,0xF81F,0x09E8,0x09E8,0x134D,0x2594,0x25B5,0x25B5,0x25B5,0x25B5,
    0x25B5,0x25B5,0x25B5,0x25B5,0x25B5,0x25B5,0x25B5,0x25B5,0x25B5,0x25B5,0x2594,0x134D,
    0x09E8,0x09E8,0xF81F,0xF81F,0xF81F,0xF81F,0xF81F,0xF81F,0xF81F,0xF81F,0xF81F,0xF81F,
    0xF81F,0xF81F,0xF81F,0xF81F,0xF81F,0xF81F,0xF81F,0xF81F,0xF81F,0xF81F,0xF81F,0xF81F,
    0xF81F,0xF81F,0xF81F,0xF81F,0xF81F,0xF81F,0xF81F,0xF81F,0xF81F,0xF81F,0xF81F,0xF81F,
    0xF81F,0xF81F,0xF81F,0xF81F,0xF81F,0xF81F,0xF81F,0xF81F,0xF81F,0xF81F,0xF81F,0xF81F,
    0xF81F,0xF81F,0xF81F,0xF81F,0xF81F,0xF81F,0xF81F,0xF81F,0xF81F,0xF81F,0xF81F,0xF81F,
    0xF81F,0xF81F,0xF81F,0xF81F,0xF81F,0xF81F,0xF81F,0xF81F,0xF81F,0xF81F,0xF81F,0xF81F,
    0xF81F,0xF81F,0xF81F,0xF81F,0xF81F,0xF81F,0xF81F,0xF81F,0xF81F,0xF81F,0xF81F,0xF81F,
    0xF81F,0xF81F,0xF81F,0xF81F,0xF81F,0xF81F,0xF81F,0xF81F,0xF81F,0xF81F,0xF81F,0x09E8,
    0x09E8,0x1249,0x1C2F,0x2594,0x25B5,0x25B5,0x25B5,0x25B5,0x25B5,0x25B5,0x25B5,0x25B5,
    0x25B5,0x25B5,0x2594,0x1C2F,0x1249,0x09E8,0x09E8,0xF81F,0xF81F,0xF81F,0xF81F,0xF81F,
    0xF81F,0xF81F,0xF81F,0xF81F,0xF81F,0xF81F,0xF81F,0xF81F,0xF81F,0xF81F,0xF81F,0x09E8,
    0x09E8,0x1249,0x1C2F,0x2594,0x25B5,0x25B5,0x25B5,0x25B5,0x25B5,0x25B5,0x25B5,0x25B5,
    0x25B5,0x25B5,0x2594,0x1C2F,0x1249,0x09E8,0x09E8,0xF81F,0xF81F,0xF81F,0xF81F,0xF81F,
    0xF81F,0xF81F,0xF81F,0xF81F,0xF81F,0xF81F,0xF81F,0xF81F,0xF81F,0xF81F,0xF81F,0xF81F,
    0xF81F,0xF81F,0xF81F,0xF81F,0xF81F,0xF81F,0xF81F,0xF81F,0xF81F,0xF81F,0xF81F,0xF81F,
    0xF81F,0xF81F,0xF81F,0xF81F,0xF81F,0xF81F,0xF81F,0xF81F,0xF81F,0xF81F,0xF81F,0xF81F,
    0xF81F,0xF81F,0xF81F,0xF81F,0xF81F,0xF81F,0xF81F,0xF81F,0xF81F,0xF81F,0xF81F,0xF81F,
    0xF81F,0xF81F,0xF81F,0xF81F,0xF81F,0xF81F,0xF81F,0xF81F,0xF81F,0xF81F,0xF81F,0xF81F,
    0xF81F,0xF81F,0xF81F,0xF81F,0xF81F,0xF81F,0xF81F,0xF81F,0xF81F,0xF81F,0xF81F,0xF81F,
    0xF81F,0xF81F,0xF81F,0xF81F,0xF81F,0xF81F,0xF81F,0xF81F,0xF81F,0xF81F,0xF81F,0xF81F,
    0xF81F,0xF81F,0xF81F,0xF81F,0xF81F,0xF81F,0x09E8,0x09E8,0x09E8,0x1209,0x134C,0x1C2F,
    0x1CF2,0x2553,0x2594,0x2594,0x2553,0x1CF2,0x1C2F,0x132C,0x1209,0x09E8,0x09E8,0x09E8,
    0xF81F,0xF81F,0xF81F,0xF81F,0xF81F,0xF81F,0xF81F,0xF81F,0xF81F,0xF81F,0xF81F,0xF81F,
    0xF81F,0xF81F,0xF81F,0xF81F,0xF81F,0xF81F,0x09E8,0x09E8,0x09E8,0x1209,0x134C,0x1C2F,
    0x1CF2,0x2553,0x2594,0x2594,0x2553,0x1CF2,0x1C2F,0x132C,0x1209,0x09E8,0x09E8,0x09E8,
    0xF81F,0xF81F,0xF81F,0xF81F,0xF81F,0xF81F,0xF81F,0xF81F,0xF81F,0xF81F,0xF81F,0xF81F,
    0xF81F,0xF81F,0xF81F,0xF81F,0xF81F,0xF81F,0xF81F,0xF81F,0xF81F,0xF81F,0xF81F,0xF81F,
    0xF81F,0xF81F,0xF81F,0xF81F,0xF81F,0xF81F,0xF81F,0xF81F,0xF81F,0xF81F,0xF81F,0xF81F,
    0xF81F,0xF81F,0xF81F,0xF81F,0xF81F,0xF81F,0xF81F,0xF81F,0xF81F,0xF81F,0xF81F,0xF81F,
    0xF81F,0xF81F,0xF81F,0xF81F,0xF81F,0xF81F,0xF81F,0xF81F,0xF81F,0xF81F,0xF81F,0xF81F,
    0xF81F,0xF81F,0xF81F,0xF81F,0xF81F,0xF81F,0xF81F,0xF81F,0xF81F,0xF81F,0xF81F,0xF81F,
    0xF81F,0xF81F,0xF81F,0xF81F,0xF81F,0xF81F,0xF81F,0xF81F,0xF81F,0xF81F,0xF81F,0xF81F,
    0xF81F,0xF81F,0xF81F,0xF81F,0xF81F,0xF81F,0xF81F,0xF81F,0xF81F,0xF81F,0xF81F,0xF81F,
    0xF81F,0xF81F,0x09E8,0x09E8,0x09E8,0x09E8,0x09E8,0x09E8,0x09E8,0x09E8,0x09E8,0x09E8,
    0x09E8,0x09E8,0x09E8,0x09E8,0xF81F,0xF81F,0xF81F,0xF81F,0xF81F,0xF81F,0xF81F,0xF81F,
    0xF81F,0xF81F,0xF81F,0xF81F,0xF81F,0xF81F,0xF81F,0xF81F,0xF81F,0xF81F,0xF81F,0xF81F,
    0xF81F,0xF81F,0x09E8,0x09E8,0x09E8,0x09E8,0x09E8,0x09E8,0x09E8,0x09E8,0x09E8,0x09E8,
    0x09E8,0x09E8,0x09E8,0x09E8,0xF81F,0xF81F,0xF81F,0xF81F,0xF81F,0xF81F,0xF81F,0xF81F,
    0xF81F,0xF81F,0xF81F,0xF81F,0xF81F,0xF81F,0xF81F,0xF81F,0xF81F,0xF81F,0xF81F,0xF81F,
    0xF81F,0xF81F,0xF81F,0xF81F,0xF81F,0xF81F,0xF81F,0xF81F,0xF81F,0xF81F,0xF81F,0xF81F,
    0xF81F,0xF81F,0xF81F,0xF81F,0xF81F,0xF81F,0xF81F,0xF81F,0xF81F,0xF81F,0xF81F,0xF81F,
    0xF81F,0xF81F,0xF81F,0xF81F,0xF81F,0xF81F,0xF81F,0xF81F,0xF81F,0xF81F,0xF81F,0xF81F,
    0xF81F,0xF81F,0xF81F,0xF81F,0xF81F,0xF81F,0xF81F,0xF81F,0xF81F,0xF81F,0xF81F,0xF81F,
    0xF81F,0xF81F,0xF81F,0xF81F,0xF81F,0xF81F,0xF81F,0xF81F,0xF81F,0xF81F,0xF81F,0xF81F,
    0xF81F,0xF81F,0xF81F,0xF81F,0xF81F,0xF81F,0xF81F,0xF81F,0xF81F,0xF81F,0xF81F,0xF81F,
    0xF81F,0xF81F,0xF81F,0xF81F,0xF81F,0xF81F,0xF81F,0xF81F,0xF81F,0xF81F,0xF81F,0x09E8,
    0x09E8,0x09E8,0x09E8,0x09E8,0x09E8,0x09E8,0x09E8,0xF81F,0xF81F,0xF81F,0xF81F,0xF81F,
    0xF81F,0xF81F,0xF81F,0xF81F,0xF81F,0xF81F,0xF81F,0xF81F,0xF81F,0xF81F,0xF81F,0xF81F,
    0xF81F,0xF81F,0xF81F,0xF81F,0xF81F,0xF81F,0xF81F,0xF81F,0xF81F,0xF81F,0xF81F,0x09E8,
    0x09E8,0x09E8,0x09E8,0x09E8,0x09E8,0x09E8,0x09E8,0xF81F,0xF81F,0xF81F,0xF81F,0xF81F,
    0xF81F,0xF81F,0xF81F,0xF81F,0xF81F,0xF81F,0xF81F,0xF81F,0xF81F,0xF81F,0xF81F,0xF81F,
    0xF81F,0xF81F,0xF81F,0xF81F,0xF81F,0xF81F,0xF81F,0xF81F,0xF81F,0xF81F,0xF81F,0xF81F,
    0xF81F,0xF81F,0xF81F,0xF81F,0xF81F,0xF81F,0xF81F,0xF81F,0xF81F,0xF81F,0xF81F,0xF81F,
    0xF81F,0xF81F,0xF81F,0xF81F,0xF81F,0xF81F,0xF81F,0xF81F,0xF81F,0xF81F,0xF81F,0xF81F,
    0xF81F,0xF81F,0xF81F,0xF81F,0xF81F,0xF81F,0xF81F,0xF81F,0xF81F,0xF81F,0xF81F,0xF81F,
    0xF81F,0xF81F,0xF81F,0xF81F,0xF81F,0xF81F,0xF81F,0xF81F,0xF81F,0xF81F,0xF81F,0xF81F,
    0xF81F,0xF81F,0xF81F,0xF81F,0xF81F,0xF81F,0xF81F,0xF81F,0xF81F,0xF81F,0xF81F,0xF81F,
    0xF81F,0xF81F,0xF81F,0xF81F,0xF81F,0xF81F,0xF81F,0xF81F,0xF81F,0xF81F,0xF81F,0xF81F,
    0xF81F,0xF81F,0xF81F,0xF81F,0xF81F,0xF81F,0xF81F,0xF81F,0xF81F,0xF81F,0xF81F,0xF81F,
    0xF81F,0xF81F,0xF81F,0xF81F,0xF81F,0xF81F,0xF81F,0xF81F,0xF81F,0xF81F,0xF81F,0xF81F,
    0xF81F,0xF81F,0xF81F,0xF81F,0xF81F,0xF81F,0xF81F,0xF81F,0xF81F,0xF81F,0xF81F,0xF81F,
    0xF81F,0xF81F,0xF81F,0xF81F,0xF81F,0xF81F,0xF81F,0xF81F,0xF81F,0xF81F,0xF81F,0xF81F,
    0xF81F,0xF81F,0xF81F,0xF81F,0xF81F,0xF81F,0xF81F,0xF81F,0xF81F,0xF81F,0xF81F,0xF81F,
    0xF81F,0xF81F,0xF81F,0xF81F,0xF81F,0xF81F,0xF81F,0xF81F,0xF81F,0xF81F,0xF81F,0xF81F,
    0xF81F,0xF81F,0xF81F,0xF81F,0xF81F,0xF81F,0xF81F,0xF81F,0xF81F,0xF81F,0xF81F,0xF81F,
    0xF81F,0xF81F,0xF81F,0xF81F,0xF81F,0xF81F,0xF81F,0xF81F,0xF81F,0xF81F,0xF81F,0xF81F,
    0xF81F,0xF81F,0xF81F,0xF81F,0xF81F,0xF81F,0xF81F,0xF81F,0xF81F,0xF81F,0xF81F,0xF81F,
    0xF81F,0xF81F,0xF81F,0xF81F,0xF81F,0xF81F,0xF81F,0xF81F,0xF81F,0xF81F,0xF81F,0xF81F,
    0xF81F,0xF81F,0xF81F,0xF81F,0xF81F,0xF81F,0xF81F,0xF81F,0xF81F,0xF81F,0xF81F,0xF81F,
    0xF81F,0xF81F,0xF81F,0xF81F,0xF81F,0xF81F,0xF81F,0xF81F,0xF81F,0xF81F,0xF81F,0xF81F,
    0xF81F,0xF81F,0xF81F,0xF81F,0xF81F,0xF81F,0xF81F,0xF81F,0xF81F,0xF81F,0xF81F,0xF81F,
    0xF81F,0xF81F,0xF81F,0xF81F,0xF81F,0xF81F,0xF81F,0xF81F,0xF81F,0xF81F,0xF81F,0xF81F,
    0xF81F,0xF81F,0xF81F,0xF81F,0xF81F,0xF81F,0xF81F,0xF81F,0xF81F,0xF81F,0xF81F,0xF81F,
    0xF81F,0xF81F,0xF81F,0xF81F,0xF81F,0xF81F,0xF81F,0xF81F,0xF81F,0xF81F,0xF81F,0xF81F,
    0xF81F,0xF81F,0xF81F,0xF81F,0xF81F,0xF81F,0xF81F,0xF81F,0xF81F,0xF81F,0xF81F,0xF81F,
    0xF81F,0xF81F,0xF81F,0xF81F,0xF81F,0xF81F,0xF81F,0xF81F,0xF81F,0xF81F,0xF81F,0xF81F,
    0xF81F,0xF81F,0xF81F,0xF81F,0xF81F,0xF81F,0xF81F,0xF81F,0xF81F,0xF81F,0xF81F,0xF81F,
    0xF81F,0xF81F,0xF81F,0xF81F,0xF81F,0xF81F,0xF81F,0xF81F,0xF81F,0xF81F,0xF81F,0xF81F,
    0xF81F,0xF81F,0xF81F,0xF81F,0xF81F,0xF81F,0xF81F,0xF81F,0xF81F,0xF81F,0xF81F,0xF81F,
    0xF81F,0xF81F,0xF81F,0xF81F,0xF81F,0xF81F,0xF81F,0xF81F,0xF81F,0xF81F,0xF81F,0xF81F,
    0xF81F,0xF81F,0xF81F,0xF81F,0xF81F,0xF81F,0xF81F,0xF81F,0xF81F,0xF81F,0xF81F,0xF81F,
    0xF81F,0xF81F,0xF81F,0xF81F,0xF81F,0xF81F,0xF81F,0xF81F,0xF81F,0xF81F,0xF81F,0xF81F,
    0xF81F,0xF81F,0xF81F,0xF81F,0xF81F,0xF81F,0xF81F,0xF81F,0xF81F,0xF81F,0xF81F,0xF81F,
    0xF81F,0xF81F,0xF81F,0xF81F,0xF81F,0xF81F,0xF81F,0xF81F,0xF81F,0xF81F,0xF81F,0xF81F,
    0xF81F,0xF81F,0xF81F,0xF81F,0xF81F,0xF81F,0xF81F,0xF81F,0xF81F,0xF81F,0xF81F,0xF81F,
    0xF81F,0xF81F,0xF81F,0xF81F,0xF81F,0xF81F,0xF81F,0xF81F,0xF81F,0xF81F,0xF81F,0xF81F,
    0xF81F,0xF81F,0xF81F,0xF81F,0xF81F,0xF81F,0xF81F,0xF81F,0xF81F,0xF81F,0xF81F,0xF81F,
    0xF81F,0xF81F,0xF81F,0xF81F,0xF81F,0xF81F,0xF81F,0xF81F,0xF81F,0xF81F,0xF81F,0xF81F,
    0xF81F,0xF81F,0xF81F,0xF81F,0xF81F,0xF81F,0xF81F,0xF81F,0xF81F,0xF81F,0xF81F,0xF81F,
    0xF81F,0xF81F,0xF81F,0xF81F,0xF81F,0xF81F,0xF81F,0xF81F,0xF81F,0xF81F,0xF81F,0xF81F,
    0xF81F,0xF81F,0xF81F,0xF81F,0xF81F,0xF81F,0xF81F,0xF81F,0xF81F,0xF81F,0xF81F,0xF81F,
    0xF81F,0xF81F,0xF81F,0xF81F,0xF81F,0xF81F,0xF81F,0xF81F,0xF81F,0xF81F,0xF81F,0xF81F,
    0xF81F,0xF81F,0xF81F,0xF81F,0xF81F,0xF81F,0xF81F,0xF81F,0xF81F,0xF81F,0xF81F,0xF81F,
    0xF81F,0xF81F,0xF81F,0xF81F,0xF81F,0xF81F,0xF81F,0xF81F,0xF81F,0xF81F,0xF81F,0xF81F,
    0xF81F,0xF81F,0xF81F,0xF81F,0xF81F,0xF81F,0xF81F,0xF81F,0xF81F,0xF81F,0xF81F,0xF81F,
    0xF81F,0xF81F,0xF81F,0xF81F,0xF81F,0xF81F,0xF81F,0xF81F,0xF81F,0xF81F,0xF81F,0xF81F,
    0xF81F,0xF81F,0xF81F,0xF81F,0xF81F,0xF81F,0xF81F,0xF81F,0xF81F,0xF81F,0xF81F,0xF81F,
    0xF81F,0xF81F,0xF81F,0xF81F,0xF81F,0xF81F,0xF81F,0xF81F,0xF81F,0xF81F,0xF81F,0xF81F,
    0xF81F,0xF81F,0xF81F,0xF81F,0xF81F,0xF81F,0xF81F,0xF81F,0xF81F,0xF81F,0xF81F,0xF81F,
    0xF81F,0xF81F,0xF81F,0xF81F,0xF81F,0xF81F,0xF81F,0xF81F,0xF81F,0xF81F,0xF81F,0xF81F,
    0xF81F,0xF81F,0xF81F,0xF81F,0xF81F,0xF81F,0xF81F,0xF81F,0xF81F,0xF81F,0xF81F,0xF81F,
    0xF81F,0xF81F,0xF81F,0xF81F,0xF81F,0xF81F,0xF81F,0xF81F,0xF81F,0xF81F,0xF81F,0xF81F,
    0xF81F,0xF81F,0xF81F,0xF81F,0xF81F,0xF81F,0xF81F,0xF81F,0xF81F,0xF81F,0xF81F,0xF81F,
    0xF81F,0xF81F,0xF81F,0xF81F,0xF81F,0xF81F,0xF81F,0xF81F,0xF81F,0xF81F,0xF81F,0xF81F,
    0xF81F,0xF81F,0xF81F,0xF81F,0xF81F,0xF81F,0xF81F,0xF81F,0xF81F,0xF81F,0xF81F,0xF81F,
    0xF81F,0xF81F,0xF81F,0xF81F,0xF81F,0xF81F,0xF81F,0xF81F,0xF81F,0xF81F,0xF81F,0xF81F,
    0xF81F,0xF81F,0xF81F,0xF81F,0xF81F,0xF81F,0xF81F,0xF81F,0xF81F,0xF81F,0xF81F,0xF81F,
    0xF81F,0xF81F,0xF81F,0xF81F,0xF81F,0xF81F,0xF81F,0xF81F,0xF81F,0xF81F,0xF81F,0xF81F,
    0xF81F,0xF81F,0xF81F,0xF81F,0xF81F,0xF81F,0xF81F,0xF81F,0xF81F,0xF81F,0xF81F,0xF81F,
    0xF81F,0xF81F,0xF81F,0xF81F,0xF81F,0xF81F,0xF81F,0xF81F,0xF81F,0xF81F,0xF81F,0xF81F,
    0xF81F,0xF81F,0xF81F,0xF81F,0xF81F,0xF81F,0xF81F,0xF81F,0xF81F,0xF81F,0xF81F,0xF81F,
    0xF81F,0xF81F,0xF81F,0xF81F,0xF81F,0xF81F,0xF81F,0xF81F,0xF81F,0xF81F,0xF81F,0xF81F,
    0xF81F,0xF81F,0xF81F,0xF81F,0xF81F,0xF81F,0xF81F,0xF81F,0xF81F,0xF81F,0xF81F,0xF81F,
    0xF81F,0xF81F,0xF81F,0xF81F,0xF81F,0xF81F,0xF81F,0xF81F,0xF81F,0xF81F,0xF81F,0xF81F,
    0xF81F,0xF81F,0xF81F,0xF81F,0xF81F,0xF81F,0xF81F,0xF81F,0xF81F,0xF81F,0xF81F,0xF81F,
    0xF81F,0xF81F,0xF81F,0xF81F,0xF81F,0xF81F,0xF81F,0xF81F,0xF81F,0xF81F,0xF81F,0xF81F,
    0xF81F,0xF81F,0xF81F,0xF81F,0xF81F,0xF81F,0xF81F,0xF81F,0xF81F,0xF81F,0xF81F,0xF81F,
    0xF81F,0xF81F,0xF81F,0xF81F,0xF81F,0xF81F,0xF81F,0xF81F,0xF81F,0xF81F,0xF81F,0xF81F,
    0xF81F,0xF81F,0xF81F,0xF81F,0xF81F,0xF81F,0xF81F,0xF81F,0xF81F,0xF81F,0xF81F,0xF81F,
    0xF81F,0xF81F,0xF81F,0xF81F,0xF81F,0xF81F,0xF81F,0xF81F,0xF81F,0xF81F,0xF81F,0xF81F,
    0xF81F,0xF81F,0xF81F,0xF81F,0xF81F,0xF81F,0xF81F,0xF81F,0xF81F,0xF81F,0xF81F,0xF81F,
    0xF81F,0xF81F,0xF81F,0xF81F,0xF81F,0xF81F,0xF81F,0xF81F,0xF81F,0xF81F,0xF81F,0xF81F,
    0xF81F,0xF81F,0xF81F,0xF81F,0xF81F,0xF81F,0xF81F,0xF81F,0xF81F,0xF81F,0xF81F,0xF81F,
    0xF81F,0xF81F,0xF81F,0xF81F,0xF81F,0xF81F,0xF81F,0xF81F,0xF81F,0xF81F,0xF81F,0xF81F,
    0xF81F,0xF81F,0xF81F,0xF81F,0xF81F,0xF81F,0xF81F,0xF81F,0xF81F,0xF81F,0xF81F,0xF81F,
    0xF81F,0xF81F,0xF81F,0xF81F,0xF81F,0xF81F,0xF81F,0xF81F,0xF81F,0xF81F,0xF81F,0xF81F,
    0xF81F,0xF81F,0xF81F,0xF81F,0xF81F,0xF81F,0xF81F,0xF81F,0xF81F,0xF81F,0xF81F,0xF81F,
    0xF81F,0xF81F,0xF81F,0xF81F,0xF81F,0xF81F,0xF81F,0xF81F,0xF81F,0xF81F,0xF81F,0xF81F,
    0xF81F,0xF81F,0xF81F,0xF81F,0xF81F,0xF81F,0xF81F,0xF81F,0xF81F,0xF81F,0xF81F,0xF81F,
    0xF81F,0xF81F,0xF81F,0xF81F,0xF81F,0xF81F,0xF81F,0xF81F,0xF81F,0xF81F,0xF81F,0xF81F,
    0xF81F,0xF81F,0xF81F,0xF81F,0xF81F,0xF81F,0xF81F,0xF81F,0xF81F,0xF81F,0xF81F,0xF81F,
    0xF81F,0xF81F,0xF81F,0xF81F,0xF81F,0xF81F,0xF81F,0xF81F,0xF81F,0xF81F,0xF81F,0xF81F,
    0xF81F,0xF81F,0xF81F,0xF81F,0xF81F,0xF81F,0xF81F,0xF81F,0xF81F,0xF81F,0xF81F,0xF81F,
    0xF81F,0xF81F,0xF81F,0xF81F,0xF81F,0xF81F,0xF81F,0xF81F,0xF81F,0xF81F,0xF81F,0xF81F,
    0xF81F,0xF81F,0xF81F,0xF81F,0xF81F,0xF81F,0xF81F,0xF81F,0xF81F,0xF81F,0xF81F,0xF81F,
    0xF81F,0xF81F,0xF81F,0xF81F,0xF81F,0xF81F,0xF81F,0xF81F,0xF81F,0xF81F,0xF81F,0xF81F,
    0xF81F,0xF81F,0xF81F,0xF81F,0xF81F,0xF81F,0xF81F,0xF81F,0xF81F,0xF81F,0xF81F,0xF81F,
    0xF81F,0xF81F,0xF81F,0xF81F,0xF81F,0xF81F,0xF81F,0xF81F,0xF81F,0xF81F,0xF81F,0xF81F,
    0xF81F,0xF81F,0xF81F,0xF81F,0xF81F,0xF81F,0xF81F,0xF81F,0xF81F,0xF81F,0xF81F,0xF81F,
    0xF81F,0xF81F,0xF81F,0xF81F,0xF81F,0xF81F,0xF81F,0xF81F,0xF81F,0xF81F,0xF81F,0xF81F,
    0xF81F,0xF81F,0xF81F,0xF81F,0xF81F,0xF81F,0xF81F,0xF81F,0xF81F,0xF81F,0xF81F,0xF81F,
    0xF81F,0xF81F,0xF81F,0xF81F,0xF81F,0xF81F,0xF81F,0xF81F,0xF81F,0xF81F,0xF81F,0xF81F,
    0xF81F,0xF81F,0xF81F,0xF81F,0xF81F,0xF81F,0xF81F,0xF81F,0xF81F,0xF81F,0xF81F,0xF81F,
    0xF81F,0xF81F,0xF81F,0xF81F,0xF81F,0xF81F,0xF81F,0xF81F,0xF81F,0xF81F,0xF81F,0xF81F,
    0xF81F,0xF81F,0xF81F,0xF81F,0xF81F,0xF81F,0xF81F,0xF81F,0xF81F,0xF81F,0xF81F,0xF81F,
    0xF81F,0xF81F,0xF81F,0xF81F,0xF81F,0xF81F,0xF81F,0xF81F,0xF81F,0xF81F,0xF81F,0xF81F,
    0xF81F,0xF81F,0xF81F,0xF81F,0xF81F,0xF81F,0xF81F,0xF81F,0xF81F,0xF81F,0xF81F,0xF81F,
    0xF81F,0xF81F,0xF81F,0xF81F,0xF81F,0xF81F,0xF81F,0xF81F,0xF81F,0xF81F,0xF81F,0xF81F,
    0xF81F,0xF81F,0xF81F,0xF81F,0xF81F,0xF81F,0xF81F,0xF81F,0xF81F,0xF81F,0xF81F,0xF81F,
    0xF81F,0xF81F,0xF81F,0xF81F,0xF81F,0xF81F,0xF81F,0xF81F,0xF81F,0xF81F,0xF81F,0xF81F,
    0xF81F,0xF81F,0xF81F,0xF81F,0xF81F,0xF81F,0xF81F,0xF81F,0xF81F,0xF81F,0xF81F,0xF81F,
    0xF81F,0xF81F,0xF81F,0xF81F,0xF81F,0xF81F,0xF81F,0xF81F,0xF81F,0xF81F,0xF81F,0xF81F,
    0xF81F,0xF81F,0xF81F,0xF81F,0xF81F,0xF81F,0xF81F,0xF81F,0xF81F,0xF81F,0xF81F,0xF81F,
    0xF81F,0xF81F,0xF81F,0xF81F,0xF81F,0xF81F,0xF81F,0xF81F,0xF81F,0xF81F,0xF81F,0xF81F,
    0xF81F,0xF81F,0xF81F,0xF81F,0xF81F,0xF81F,0xF81F,0xF81F,0xF81F,0xF81F,0xF81F,0xF81F,
    0xF81F,0xF81F,0xF81F,0xF81F,0xF81F,0xF81F,0xF81F,0xF81F,0xF81F,0xF81F,0xF81F,0xF81F,
    0xF81F,0xF81F,0xF81F,0xF81F,0xF81F,0xF81F,0xF81F,0xF81F,0xF81F,0xF81F,0xF81F,0xF81F,
    0xF81F,0xF81F,0xF81F,0xF81F,0xF81F,0xF81F,0xF81F,0xF81F,0xF81F,0xF81F,0xF81F,0xF81F,
    0xF81F,0xF81F,0xF81F,0xF81F,0xF81F,0xF81F,0xF81F,0xF81F,0xF81F,0xF81F,0xF81F,0xF81F,
    0xF81F,0xF81F,0xF81F,0xF81F,0xF81F,0xF81F,0xF81F,0xF81F,0xF81F,0xF81F,0xF81F,0xF81F,
    0xF81F,0xF81F,0xF81F,0xF81F,0xF81F,0xF81F,0xF81F,0xF81F,0xF81F,0xF81F,0xF81F,0xF81F,
    0xF81F,0xF81F,0xF81F,0xF81F,0xF81F,0xF81F,0xF81F,0xF81F,0xF81F,0xF81F,0xF81F,0xF81F,
    0xF81F,0xF81F,0xF81F,0xF81F,0xF81F,0xF81F,0xF81F,0xF81F,0xF81F,0xF81F,0xF81F,0xF81F,
    0xF81F,0xF81F,0xF81F,0xF81F,0xF81F,0xF81F,0xF81F,0xF81F,0xF81F,0xF81F,0xF81F,0xF81F,
    0xF81F,0xF81F,0xF81F,0xF81F,0xF81F,0xF81F,0xF81F,0xF81F,0xF81F,0xF81F,0xF81F,0xF81F,
    0xF81F,0xF81F,0xF81F,0xF81F,0xF81F,0xF81F,0xF81F,0xF81F,0xF81F,0xF81F,0xF81F,0xF81F,
    0xF81F,0xF81F,0xF81F,0xF81F,0xF81F,0xF81F,0xF81F,0xF81F,0xF81F,0xF81F,0xF81F,0xF81F,
    0xF81F,0xF81F,0xF81F,0xF81F,0xF81F,0xF81F,0xF81F,0xF81F,0xF81F,0xF81F,0xF81F,0xF81F,
    0xF81F,0xF81F,0xF81F,0xF81F,0xF81F,0xF81F,0xF81F,0xF81F,0xF81F,0xF81F,0xF81F,0xF81F,
    0xF81F,0xF81F,0xF81F,0xF81F,0xF81F,0xF81F,0xF81F,0xF81F,0xF81F,0xF81F,0xF81F,0xF81F,
    0xF81F,0xF81F,0xF81F,0xF81F,0xF81F,0xF81F,0xF81F,0xF81F,0xF81F,0xF81F,0xF81F,0xF81F,
    0xF81F,0xF81F,0xF81F,0xF81F,0xF81F,0xF81F,0xF81F,0xF81F,0xF81F,0xF81F,0xF81F,0xF81F,
    0xF81F,0xF81F,0xF81F,0xF81F,0xF81F,0xF81F,0xF81F,0xF81F,0xF81F,0xF81F,0xF81F,0xF81F,
    0xF81F,0xF81F,0xF81F,0xF81F,0xF81F,0xF81F,0xF81F,0xF81F,0xF81F,0xF81F,0xF81F,0xF81F,
    0xF81F,0xF81F,0xF81F,0xF81F,0xF81F,0xF81F,0xF81F,0xF81F,0xF81F,0xF81F,0xF81F,0xF81F,
    0xF81F,0xF81F,0xF81F,0xF81F,0xF81F,0xF81F,0xF81F,0xF81F,0xF81F,0xF81F,0xF81F,0xF81F,
    0xF81F,0xF81F,0xF81F,0xF81F,0xF81F,0xF81F,0xF81F,0xF81F,0xF81F,0xF81F,0xF81F,0xF81F,
    0xF81F,0xF81F,0xF81F,0xF81F,0xF81F,0xF81F,0xF81F,0xF81F,0xF81F,0xF81F,0xF81F,0xF81F,
    0xF81F,0xF81F,0xF81F,0xF81F,0xF81F,0xF81F,0xF81F,0xF81F,0xF81F,0xF81F,0xF81F,0xF81F,
    0xF81F,0xF81F,0xF81F,0xF81F,0xF81F,0xF81F,0xF81F,0xF81F,0xF81F,0xF81F,0xF81F,0xF81F,
    0xF81F,0xF81F,0xF81F,0xF81F,0xF81F,0xF81F,0xF81F,0xF81F,0xF81F,0xF81F,0xF81F,0xF81F,
    0xF81F,0xF81F,0xF81F,0xF81F,0xF81F,0xF81F,0xF81F,0xF81F,0xF81F,0xF81F,0xF81F,0xF81F,
    0xF81F,0xF81F,0xF81F,0xF81F,0xF81F,0xF81F,0xF81F,0xF81F,0xF81F,0xF81F,0xF81F,0xF81F,
    0xF81F,0xF81F,0xF81F,0xF81F,0xF81F,0xF81F,0xF81F,0xF81F,0xF81F,0xF81F,0xF81F,0xF81F,
    0xF81F,0xF81F,0xF81F,0xF81F,0xF81F,0xF81F,0xF81F,0xF81F,0xF81F,0xF81F,0xF81F,0xF81F,
    0xF81F,0xF81F,0xF81F,0xF81F,0xF81F,0xF81F,0xF81F,0xF81F,0xF81F,0xF81F,0xF81F,0xF81F,
    0xF81F,0xF81F,0xF81F,0xF81F,0xF81F,0xF81F,0xF81F,0xF81F,0xF81F,0xF81F,0xF81F,0xF81F,
    0xF81F,0xF81F,0xF81F,0xF81F,0xF81F,0xF81F,0xF81F,0xF81F,0xF81F,0xF81F,0xF81F,0xF81F,
    0xF81F,0xF81F,0xF81F,0xF81F,0xF81F,0xF81F,0xF81F,0xF81F,0xF81F,0xF81F,0xF81F,0xF81F,
    0xF81F,0xF81F,0xF81F,0xF81F,0xF81F,0xF81F,0xF81F,0xF81F,0xF81F,0xF81F,0xF81F,0xF81F,
    0xF81F,0xF81F,0xF81F,0xF81F,0xF81F,0xF81F,0xF81F,0xF81F,0xF81F,0xF81F,0xF81F,0xF81F,
    0xF81F,0xF81F,0xF81F,0xF81F,0xF81F,0xF81F,0xF81F,0xF81F,0xF81F,0xF81F,0xF81F,0xF81F,
    0xF81F,0xF81F,0xF81F,0xF81F,0xF81F,0xF81F,0xF81F,0xF81F,0xF81F,0xF81F,0xF81F,0xF81F,
    0xF81F,0xF81F,0xF81F,0xF81F,0xF81F,0xF81F,0xF81F,0xF81F,0xF81F,0xF81F,0xF81F,0xF81F,
    0xF81F,0xF81F,0xF81F,0xF81F,0xF81F,0xF81F,0xF81F,0xF81F,0xF81F,0xF81F,0xF81F,0xF81F,
    0xF81F,0xF81F,0xF81F,0xF81F,0xF81F,0xF81F,0xF81F,0xF81F,0xF81F,0xF81F,0xF81F,0xF81F,
    0xF81F,0xF81F,0xF81F,0xF81F,0xF81F,0xF81F,0xF81F,0xF81F,0xF81F,0xF81F,0xF81F,0xF81F,
    0xF81F,0xF81F,0xF81F,0xF81F,0xF81F,0xF81F,0xF81F,0xF81F,0xF81F,0xF81F,0xF81F,0xF81F,
    0xF81F,0xF81F,0xF81F,0xF81F,0xF81F,0xF81F,0xF81F,0xF81F,0xF81F,0xF81F,0xF81F,0xF81F,
    0xF81F,0xF81F,0xF81F,0xF81F,0xF81F,0xF81F,0xF81F,0xF81F,0xF81F,0xF81F,0xF81F,0xF81F,
    0xF81F,0xF81F,0xF81F,0xF81F,0xF81F,0xF81F,0xF81F,0xF81F,0xF81F,0xF81F,0xF81F,0xF81F,
    0xF81F,0xF81F,0xF81F,0xF81F,0xF81F,0xF81F,0xF81F,0xF81F,0xF81F,0xF81F,0xF81F,0xF81F,
    0xF81F,0xF81F,0xF81F,0xF81F,0xF81F,0xF81F,0xF81F,0xF81F,0xF81F,0xF81F,0xF81F,0xF81F,
    0xF81F,0xF81F,0xF81F,0xF81F,0xF81F,0xF81F,0xF81F,0xF81F,0xF81F,0xF81F,0xF81F,0xF81F,
    0xF81F,0xF81F,0xF81F,0xF81F,0xF81F,0xF81F,0xF81F,0xF81F,0xF81F,0xF81F,0xF81F,0xF81F,
    0xF81F,0xF81F,0xF81F,0xF81F,0xF81F,0xF81F,0xF81F,0xF81F,0xF81F,0xF81F,0xF81F,0xF81F,
    0xF81F,0xF81F,0xF81F,0xF81F,0xF81F,0xF81F,0xF81F,0xF81F,0xF81F,0xF81F,0xF81F,0xF81F,
    0xF81F,0xF81F,0xF81F,0xF81F,0xF81F,0xF81F,0xF81F,0xF81F,0xF81F,0xF81F,0xF81F,0xF81F,
    0xF81F,0xF81F,0xF81F,0xF81F,0xF81F,0xF81F,0xF81F,0xF81F,0xF81F,0xF81F,0xF81F,0xF81F,
    0xF81F,0xF81F,0xF81F,0xF81F,0xF81F,0xF81F,0xF81F,0xF81F,0xF81F,0xF81F,0xF81F,0xF81F,
    0xF81F,0xF81F,0xF81F,0xF81F,0xF81F,0xF81F,0xF81F,0xF81F,0xF81F,0xF81F,0xF81F,0xF81F,
    0xF81F,0xF81F,0xF81F,0xF81F,0xF81F,0xF81F,0xF81F,0xF81F,0xF81F,0xF81F,0xF81F,0xF81F,
    0xF81F,0xF81F,0xF81F,0xF81F,0xF81F,0xF81F,0xF81F,0xF81F,0xF81F,0xF81F,0xF81F,0xF81F,
    0xF81F,0xF81F,0xF81F,0xF81F,0xF81F,0xF81F,0xF81F,0xF81F,0xF81F,0xF81F,0xF81F,0xF81F,
    0xF81F,0xF81F,0xF81F,0xF81F,0xF81F,0xF81F,0xF81F,0xF81F,0xF81F,0xF81F,0xF81F,0xF81F,
    0xF81F,0xF81F,0xF81F,0xF81F,0xF81F,0xF81F,0xF81F,0xF81F,0xF81F,0xF81F,0xF81F,0xF81F,
    0xF81F,0xF81F,0xF81F,0xF81F,0xF81F,0xF81F,0xF81F,0xF81F,0xF81F,0xF81F,0xF81F,0xF81F,
    0xF81F,0xF81F,0xF81F,0xF81F,0xF81F,0xF81F,0xF81F,0xF81F,0xF81F,0xF81F,0xF81F,0xF81F,
    0xF81F,0xF81F,0xF81F,0xF81F,0xF81F,0xF81F,0xF81F,0xF81F,0xF81F,0xF81F,0xF81F,0xF81F,
    0xF81F,0xF81F,0xF81F,0xF81F,0xF81F,0xF81F,0xF81F,0xF81F,0xF81F,0xF81F,0xF81F,0xF81F,
    0xF81F,0xF81F,0xF81F,0xF81F,0xF81F,0xF81F,0xF81F,0xF81F,0xF81F,0xF81F,0xF81F,0xF81F,
    0xF81F,0xF81F,0xF81F,0xF81F,0xF81F,0xF81F,0xF81F,0xF81F,0xF81F,0xF81F,0xF81F,0xF81F,
    0xF81F,0xF81F,0xF81F,0xF81F,0xF81F,0xF81F,0xF81F,0xF81F,0xF81F,0xF81F,0xF81F,0xF81F,
    0xF81F,0xF81F,0xF81F,0xF81F,0xF81F,0xF81F,0xF81F,0xF81F,0xF81F,0xF81F,0xF81F,0xF81F,
    0xF81F,0xF81F,0xF81F,0xF81F,0xF81F,0xF81F,0xF81F,0xF81F,0xF81F,0xF81F,0xF81F,0xF81F,
    0xF81F,0xF81F,0xF81F,0xF81F,0xF81F,0xF81F,0xF81F,0xF81F,0xF81F,0xF81F,0xF81F,0xF81F,
    0xF81F,0xF81F,0xF81F,0xF81F,0xF81F,0xF81F,0xF81F,0xF81F,0xF81F,0xF81F,0xF81F,0xF81F,
    0xF81F,0xF81F,0xF81F,0xF81F,0xF81F,0xF81F,0xF81F,0xF81F,0xF81F,0xF81F,0xF81F,0xF81F,
    0xF81F,0xF81F,0xF81F,0xF81F,0xF81F,0xF81F,0xF81F,0xF81F,0xF81F,0xF81F,0xF81F,0xF81F,
};
inline const uint16_t* const img_cheer_frames[2] = { img_cheer_0, img_cheer_1 };
