// 由 tools/build_assets.py 自動產生（來源 web/demo-assets），請勿手改。
#pragma once
#include <cstdint>

constexpr int IMG_EMO_FAIL_W = 150;
constexpr int IMG_EMO_FAIL_H = 150;
inline const uint16_t img_emo_fail[22500] = {
    0xF81F,0xF81F,0xF81F,0xF81F,0xF81F,0xF81F,0xF81F,0xF81F,0xF81F,0xF81F,0xF81F,0xF81F,
    0xF81F,0xF81F,0xF81F,0xF81F,0xF81F,0xF81F,0xF81F,0xF81F,0xF81F,0xF81F,0xF81F,0xF81F,
    0xF81F,0xF81F,0xF81F,0xF81F,0xF81F,0xF81F,0xF81F,0xF81F,0xF81F,0xF81F,0xF81F,0xF81F,
    0xF81F,0xF81F,0xF81F,0xF81F,0xF81F,0xF81F,0xF81F,0xF81F,0xF81F,0xF81F,0xF81F,0xF81F,
    0xF81F,0xF81F,0xF81F,0xF81F,0xF81F,0xF81F,0xF81F,0xF81F,0xF81F,0xF81F,0xF81F,0xF81F,
    0xF81F,0xF81F,0xF81F,0xF81F,0xF81F,0xF81F,0xF81F,0xF81F,0xF81F,0xF81F,0xF81F,0xF81F,
    0xF81F,0xF81F,0xF81F,0xF81F,0xF81F,0xF81F,0xF81F,0xF81F,0xF81F,0xF81F,0xF81F,0xF81F,
    0xF81F,0xF81F,0xF81F,0xF81F,0xF81F,0xF81F,0xF81F,0xF81F,0xF81F,0xF81F,0xF81F,0xF81F,
    0xF81F,0xF81F,0xF81F,0xF81F,0xF81F,0xF81F,0xF81F,0xF81F,0xF81F,0xF81F,0xF81F,0xF81F,
    0xF81F,0xF81F,0xF81F,0xF81F,0xF81F,0xF81F,0xF81F,0xF81F,0xF81F,0xF81F,0xF81F,0xF81F,
    0xF81F,0xF81F,0xF81F,0xF81F,0xF81F,0xF81F,0xF81F,0xF81F,0xF81F,0xF81F,0xF81F,0xF81F,
    0xF81F,0xF81F,0xF81F,0xF81F,0xF81F,0xF81F,0xF81F,0xF81F,0xF81F,0xF81F,0xF81F,0xF81F,
    0xF81F,0xF81F,0xF81F,0xF81F,0xF81F,0xF81F,0xF81F,0xF81F,0xF81F,0xF81F,0xF81F,0xF81F,
    0xF81F,0xF81F,0xF81F,0xF81F,0xF81F,0xF81F,0xF81F,0xF81F,0xF81F,0xF81F,0xF81F,0xF81F,
    0xF81F,0xF81F,0xF81F,0xF81F,0xF81F,0xF81F,0xF81F,0xF81F,0xF81F,0xF81F,0xF81F,0xF81F,
    0xF81F,0xF81F,0xF81F,0xF81F,0xF81F,0xF81F,0xF81F,0xF81F,0xF81F,0xF81F,0xF81F,0xF81F,
    0xF81F,0xF81F,0xF81F,0xF81F,0xF81F,0xF81F,0xF81F,0xF81F,0xF81F,0xF81F,0xF81F,0xF81F,
    0xF81F,0xF81F,0xF81F,0xF81F,0xF81F,0xF81F,0xF81F,0xF81F,0xF81F,0xF81F,0xF81F,0xF81F,
    0xF81F,0xF81F,0xF81F,0xF81F,0xF81F,0xF81F,0xF81F,0xF81F,0xF81F,0xF81F,0xF81F,0xF81F,
    0xF81F,0xF81F,0xF81F,0xF81F,0xF81F,0xF81F,0xF81F,0xF81F,0xF81F,0xF81F,0xF81F,0xF81F,
    0xF81F,0xF81F,0xF81F,0xF81F,0xF81F,0xF81F,0xF81F,0xF81F,0xF81F,0xF81F,0xF81F,0xF81F,
    0xF81F,0xF81F,0xF81F,0xF81F,0xF81F,0xF81F,0xF81F,0xF81F,0xF81F,0xF81F,0xF81F,0xF81F,
    0xF81F,0xF81F,0xF81F,0xF81F,0xF81F,0xF81F,0xF81F,0xF81F,0xF81F,0xF81F,0xF81F,0xF81F,
    0xF81F,0xF81F,0xF81F,0xF81F,0xF81F,0xF81F,0xF81F,0xF81F,0xF81F,0xF81F,0xF81F,0xF81F,
    0xF81F,0xF81F,0xF81F,0xF81F,0xF81F,0xF81F,0xF81F,0xF81F,0xF81F,0xF81F,0xF81F,0xF81F,
    0xF81F,0xF81F,0xF81F,0xF81F,0xF81F,0xF81F,0xF81F,0xF81F,0xF81F,0xF81F,0xF81F,0xF81F,
    0xF81F,0xF81F,0xF81F,0xF81F,0xF81F,0xF81F,0xF81F,0xF81F,0xF81F,0xF81F,0xF81F,0xF81F,
    0xF81F,0xF81F,0xF81F,0xF81F,0xF81F,0xF81F,0xF81F,0xF81F,0xF81F,0xF81F,0xF81F,0xF81F,
    0xF81F,0xF81F,0xF81F,0xF81F,0xF81F,0xF81F,0xF81F,0xF81F,0xF81F,0xF81F,0xF81F,0xF81F,
    0xF81F,0xF81F,0xF81F,0xF81F,0xF81F,0xF81F,0xF81F,0xF81F,0xF81F,0xF81F,0xF81F,0xF81F,
    0xF81F,0xF81F,0xF81F,0xF81F,0xF81F,0xF81F,0xF81F,0xF81F,0xF81F,0xF81F,0xF81F,0xF81F,
    0xF81F,0xF81F,0xF81F,0xF81F,0xF81F,0xF81F,0xF81F,0xF81F,0xF81F,0xF81F,0xF81F,0xF81F,
    0xF81F,0xF81F,0xF81F,0xF81F,0xF81F,0xF81F,0xF81F,0xF81F,0xF81F,0xF81F,0xF81F,0xF81F,
    0xF81F,0xF81F,0xF81F,0xF81F,0xF81F,0xF81F,0xF81F,0xF81F,0xF81F,0xF81F,0xF81F,0xF81F,
    0xF81F,0xF81F,0xF81F,0xF81F,0xF81F,0xF81F,0xF81F,0xF81F,0xF81F,0xF81F,0xF81F,0xF81F,
    0xF81F,0xF81F,0xF81F,0xF81F,0xF81F,0xF81F,0xF81F,0xF81F,0xF81F,0xF81F,0xF81F,0xF81F,
    0xF81F,0xF81F,0xF81F,0xF81F,0xF81F,0xF81F,0xF81F,0xF81F,0xF81F,0xF81F,0xF81F,0xF81F,
    0xF81F,0xF81F,0xF81F,0xF81F,0xF81F,0xF81F,0xF81F,0xF81F,0xF81F,0xF81F,0xF81F,0xF81F,
    0xF81F,0xF81F,0xF81F,0xF81F,0xF81F,0xF81F,0xF81F,0xF81F,0xF81F,0xF81F,0xF81F,0xF81F,
    0xF81F,0xF81F,0xF81F,0xF81F,0xF81F,0xF81F,0xF81F,0xF81F,0xF81F,0xF81F,0xF81F,0xF81F,
    0xF81F,0xF81F,0xF81F,0xF81F,0xF81F,0xF81F,0xF81F,0xF81F,0xF81F,0xF81F,0xF81F,0xF81F,
    0xF81F,0xF81F,0xF81F,0xF81F,0xF81F,0xF81F,0xF81F,0xF81F,0xF81F,0xF81F,0xF81F,0xF81F,
    0xF81F,0xF81F,0xF81F,0xF81F,0xF81F,0xF81F,0xF81F,0xF81F,0xF81F,0xF81F,0xF81F,0xF81F,
    0xF81F,0xF81F,0xF81F,0xF81F,0xF81F,0xF81F,0xF81F,0xF81F,0xF81F,0xF81F,0xF81F,0xF81F,
    0xF81F,0xF81F,0xF81F,0xF81F,0xF81F,0xF81F,0xF81F,0xF81F,0xF81F,0xF81F,0xF81F,0xF81F,
    0xF81F,0xF81F,0xF81F,0xF81F,0xF81F,0xF81F,0xF81F,0xF81F,0xF81F,0xF81F,0xF81F,0xF81F,
    0xF81F,0xF81F,0xF81F,0xF81F,0xF81F,0xF81F,0xF81F,0xF81F,0xF81F,0xF81F,0xF81F,0xF81F,
    0xF81F,0xF81F,0xF81F,0xF81F,0xF81F,0xF81F,0xF81F,0xF81F,0xF81F,0xF81F,0xF81F,0xF81F,
    0xF81F,0xF81F,0xF81F,0xF81F,0xF81F,0xF81F,0xF81F,0xF81F,0xF81F,0xF81F,0xF81F,0xF81F,
    0xF81F,0xF81F,0xF81F,0xF81F,0xF81F,0xF81F,0xF81F,0xF81F,0xF81F,0xF81F,0xF81F,0xF81F,
    0xF81F,0xF81F,0xF81F,0xF81F,0xF81F,0xF81F,0xF81F,0xF81F,0xF81F,0xF81F,0xF81F,0xF81F,
    0xF81F,0xF81F,0xF81F,0xF81F,0xF81F,0xF81F,0xF81F,0xF81F,0xF81F,0xF81F,0xF81F,0xF81F,
    0xF81F,0xF81F,0xF81F,0xF81F,0xF81F,0xF81F,0xF81F,0xF81F,0xF81F,0xF81F,0xF81F,0xF81F,
    0xF81F,0xF81F,0xF81F,0xF81F,0xF81F,0xF81F,0xF81F,0xF81F,0xF81F,0xF81F,0xF81F,0xF81F,
    0xF81F,0xF81F,0xF81F,0xF81F,0xF81F,0xF81F,0xF81F,0xF81F,0xF81F,0xF81F,0xF81F,0xF81F,
    0xF81F,0xF81F,0xF81F,0xF81F,0xF81F,0xF81F,0xF81F,0xF81F,0xF81F,0xF81F,0xF81F,0xF81F,
    0xF81F,0xF81F,0xF81F,0xF81F,0xF81F,0xF81F,0xF81F,0xF81F,0xF81F,0xF81F,0xF81F,0xF81F,
    0xF81F,0xF81F,0xF81F,0xF81F,0xF81F,0xF81F,0xF81F,0xF81F,0xF81F,0xF81F,0xF81F,0xF81F,
    0xF81F,0xF81F,0xF81F,0xF81F,0xF81F,0xF81F,0xF81F,0xF81F,0xF81F,0xF81F,0xF81F,0xF81F,
    0xF81F,0xF81F,0xF81F,0xF81F,0xF81F,0xF81F,0xF81F,0xF81F,0xF81F,0xF81F,0xF81F,0xF81F,
    0xF81F,0xF81F,0xF81F,0xF81F,0xF81F,0xF81F,0xF81F,0xF81F,0xF81F,0xF81F,0xF81F,0xF81F,
    0xF81F,0xF81F,0xF81F,0xF81F,0xF81F,0xF81F,0xF81F,0xF81F,0xF81F,0xF81F,0xF81F,0xF81F,
    0xF81F,0xF81F,0xF81F,0xF81F,0xF81F,0xF81F,0xF81F,0xF81F,0xF81F,0xF81F,0xF81F,0xF81F,
    0xF81F,0xF81F,0xF81F,0xF81F,0xF81F,0xF81F,0xF81F,0xF81F,0xF81F,0xF81F,0xF81F,0xF81F,
    0xF81F,0xF81F,0xF81F,0xF81F,0xF81F,0xF81F,0xF81F,0xF81F,0xF81F,0xF81F,0xF81F,0xF81F,
    0xF81F,0xF81F,0xF81F,0xF81F,0xF81F,0xF81F,0xF81F,0xF81F,0xF81F,0xF81F,0xF81F,0xF81F,
    0xF81F,0xF81F,0xF81F,0xF81F,0xF81F,0xF81F,0xF81F,0xF81F,0xF81F,0xF81F,0xF81F,0xF81F,
    0xF81F,0xF81F,0xF81F,0xF81F,0xF81F,0xF81F,0xF81F,0xF81F,0xF81F,0xF81F,0xF81F,0xF81F,
    0xF81F,0xF81F,0xF81F,0xF81F,0xF81F,0xF81F,0xF81F,0xF81F,0xF81F,0xF81F,0xF81F,0xF81F,
    0xF81F,0xF81F,0xF81F,0xF81F,0xF81F,0xF81F,0xF81F,0xF81F,0xF81F,0xF81F,0xF81F,0xF81F,
    0xF81F,0xF81F,0xF81F,0xF81F,0xF81F,0xF81F,0xF81F,0xF81F,0xF81F,0xF81F,0xF81F,0xF81F,
    0xF81F,0xF81F,0xF81F,0xF81F,0xF81F,0xF81F,0xF81F,0xF81F,0xF81F,0xF81F,0xF81F,0xF81F,
    0xF81F,0xF81F,0xF81F,0xF81F,0xF81F,0xF81F,0xF81F,0xF81F,0xF81F,0xF81F,0xF81F,0xF81F,
    0xF81F,0xF81F,0xF81F,0xF81F,0xF81F,0xF81F,0xF81F,0xF81F,0xF81F,0xF81F,0xF81F,0xF81F,
    0xF81F,0xF81F,0xF81F,0xF81F,0xF81F,0xF81F,0xF81F,0xF81F,0xF81F,0xF81F,0xF81F,0xF81F,
    0xF81F,0xF81F,0xF81F,0xF81F,0xF81F,0xF81F,0xF81F,0xF81F,0xF81F,0xF81F,0xF81F,0xF81F,
    0xF81F,0xF81F,0xF81F,0xF81F,0xF81F,0xF81F,0xF81F,0xF81F,0xF81F,0xF81F,0xF81F,0xF81F,
    0xF81F,0xF81F,0xF81F,0xF81F,0xF81F,0xF81F,0xF81F,0xF81F,0xF81F,0xF81F,0xF81F,0xF81F,
    0xF81F,0xF81F,0xF81F,0xF81F,0xF81F,0xF81F,0xF81F,0xF81F,0xF81F,0xF81F,0xF81F,0xF81F,
    0xF81F,0xF81F,0xF81F,0xF81F,0xF81F,0xF81F,0xF81F,0xF81F,0xF81F,0xF81F,0xF81F,0xF81F,
    0xF81F,0xF81F,0xF81F,0xF81F,0xF81F,0xF81F,0xF81F,0xF81F,0xF81F,0xF81F,0xF81F,0xF81F,
    0xF81F,0xF81F,0xF81F,0xF81F,0xF81F,0xF81F,0xF81F,0xF81F,0xF81F,0xF81F,0xF81F,0xF81F,
    0xF81F,0xF81F,0xF81F,0xF81F,0xF81F,0xF81F,0xF81F,0xF81F,0xF81F,0xF81F,0xF81F,0xF81F,
    0xF81F,0xF81F,0xF81F,0xF81F,0xF81F,0xF81F,0xF81F,0xF81F,0xF81F,0xF81F,0xF81F,0xF81F,
    0xF81F,0xF81F,0xF81F,0xF81F,0xF81F,0xF81F,0xF81F,0xF81F,0xF81F,0xF81F,0xF81F,0xF81F,
    0xF81F,0xF81F,0xF81F,0xF81F,0xF81F,0xF81F,0xF81F,0xF81F,0xF81F,0xF81F,0xF81F,0xF81F,
    0xF81F,0xF81F,0xF81F,0xF81F,0xF81F,0xF81F,0xF81F,0xF81F,0xF81F,0xF81F,0xF81F,0xF81F,
    0xF81F,0xF81F,0xF81F,0xF81F,0xF81F,0xF81F,0xF81F,0xF81F,0xF81F,0xF81F,0xF81F,0xF81F,
    0xF81F,0xF81F,0xF81F,0xF81F,0xF81F,0xF81F,0xF81F,0xF81F,0xF81F,0xF81F,0xF81F,0xF81F,
    0xF81F,0xF81F,0xF81F,0xF81F,0xF81F,0xF81F,0xF81F,0xF81F,0xF81F,0xF81F,0xF81F,0xF81F,
    0xF81F,0xF81F,0xF81F,0xF81F,0xF81F,0xF81F,0xF81F,0xF81F,0xF81F,0xF81F,0xF81F,0xF81F,
    0xF81F,0xF81F,0xF81F,0xF81F,0xF81F,0xF81F,0xF81F,0xF81F,0xF81F,0xF81F,0xF81F,0xF81F,
    0xF81F,0xF81F,0xF81F,0xF81F,0xF81F,0xF81F,0xF81F,0xF81F,0xF81F,0xF81F,0xF81F,0xF81F,
    0xF81F,0xF81F,0xF81F,0xF81F,0xF81F,0xF81F,0xF81F,0xF81F,0xF81F,0xF81F,0xF81F,0xF81F,
    0xF81F,0xF81F,0xF81F,0xF81F,0xF81F,0xF81F,0xF81F,0xF81F,0xF81F,0xF81F,0xF81F,0xF81F,
    0xF81F,0xF81F,0xF81F,0xF81F,0xF81F,0xF81F,0xF81F,0xF81F,0xF81F,0xF81F,0xF81F,0xF81F,
    0xF81F,0xF81F,0xF81F,0xF81F,0xF81F,0xF81F,0xF81F,0xF81F,0xF81F,0xF81F,0xF81F,0xF81F,
    0xF81F,0xF81F,0xF81F,0xF81F,0xF81F,0xF81F,0xF81F,0xF81F,0xF81F,0xF81F,0xF81F,0xF81F,
    0xF81F,0xF81F,0xF81F,0xF81F,0xF81F,0xF81F,0xF81F,0xF81F,0xF81F,0xF81F,0xF81F,0xF81F,
    0xF81F,0xF81F,0xF81F,0xF81F,0xF81F,0xF81F,0xF81F,0xF81F,0xF81F,0xF81F,0xF81F,0xF81F,
    0xF81F,0xF81F,0xF81F,0xF81F,0xF81F,0xF81F,0xF81F,0xF81F,0xF81F,0xF81F,0xF81F,0xF81F,
    0xF81F,0xF81F,0xF81F,0xF81F,0xF81F,0xF81F,0xF81F,0xF81F,0xF81F,0xF81F,0xF81F,0xF81F,
    0xF81F,0xF81F,0xF81F,0xF81F,0xF81F,0xF81F,0xF81F,0xF81F,0xF81F,0xF81F,0xF81F,0xF81F,
    0xF81F,0xF81F,0xF81F,0xF81F,0xF81F,0xF81F,0xF81F,0xF81F,0xF81F,0xF81F,0xF81F,0xF81F,
    0xF81F,0xF81F,0xF81F,0xF81F,0xF81F,0xF81F,0xF81F,0xF81F,0xF81F,0xF81F,0xF81F,0xF81F,
    0xF81F,0xF81F,0xF81F,0xF81F,0xF81F,0xF81F,0xF81F,0xF81F,0xF81F,0xF81F,0xF81F,0xF81F,
    0xF81F,0xF81F,0xF81F,0xF81F,0xF81F,0xF81F,0xF81F,0xF81F,0xF81F,0xF81F,0xF81F,0xF81F,
    0xF81F,0xF81F,0xF81F,0xF81F,0xF81F,0xF81F,0xF81F,0xF81F,0xF81F,0xF81F,0xF81F,0xF81F,
    0xF81F,0xF81F,0xF81F,0xF81F,0xF81F,0xF81F,0xF81F,0xF81F,0xF81F,0xF81F,0xF81F,0xF81F,
    0xF81F,0xF81F,0xF81F,0xF81F,0xF81F,0xF81F,0xF81F,0xF81F,0xF81F,0xF81F,0xF81F,0xF81F,
    0xF81F,0xF81F,0xF81F,0xF81F,0xF81F,0xF81F,0xF81F,0xF81F,0xF81F,0xF81F,0xF81F,0xF81F,
    0xF81F,0xF81F,0xF81F,0xF81F,0xF81F,0xF81F,0xF81F,0xF81F,0xF81F,0xF81F,0xF81F,0xF81F,
    0xF81F,0xF81F,0xF81F,0xF81F,0xF81F,0xF81F,0xF81F,0xF81F,0xF81F,0xF81F,0xF81F,0xF81F,
    0xF81F,0xF81F,0xF81F,0xF81F,0xF81F,0xF81F,0xF81F,0xF81F,0xF81F,0xF81F,0xF81F,0xF81F,
    0xF81F,0xF81F,0xF81F,0xF81F,0xF81F,0xF81F,0xF81F,0xF81F,0xF81F,0xF81F,0xF81F,0xF81F,
    0xF81F,0xF81F,0xF81F,0xF81F,0xF81F,0xF81F,0xF81F,0xF81F,0xF81F,0xF81F,0xF81F,0xF81F,
    0xF81F,0xF81F,0xF81F,0xF81F,0xF81F,0xF81F,0xF81F,0xF81F,0xF81F,0xF81F,0xF81F,0xF81F,
    0xF81F,0xF81F,0xF81F,0xF81F,0xF81F,0xF81F,0xF81F,0xF81F,0xF81F,0xF81F,0xF81F,0xF81F,
    0xF81F,0xF81F,0xF81F,0xF81F,0xF81F,0xF81F,0xF81F,0xF81F,0xF81F,0xF81F,0xF81F,0xF81F,
    0xF81F,0xF81F,0xF81F,0xF81F,0xF81F,0xF81F,0xF81F,0xF81F,0xF81F,0xF81F,0xF81F,0xF81F,
    0xF81F,0xF81F,0xF81F,0xF81F,0xF81F,0xF81F,0xF81F,0xF81F,0xF81F,0xF81F,0xF81F,0xF81F,
    0xF81F,0xF81F,0xF81F,0xF81F,0xF81F,0xF81F,0xF81F,0xF81F,0xF81F,0xF81F,0xF81F,0xF81F,
    0xF81F,0xF81F,0xF81F,0xF81F,0xF81F,0xF81F,0xF81F,0xF81F,0xF81F,0xF81F,0xF81F,0xF81F,
    0xF81F,0xF81F,0xF81F,0xF81F,0xF81F,0xF81F,0xF81F,0xF81F,0xF81F,0xF81F,0xF81F,0xF81F,
    0xF81F,0xF81F,0xF81F,0xF81F,0xF81F,0xF81F,0xF81F,0xF81F,0xF81F,0xF81F,0xF81F,0xF81F,
    0xF81F,0xF81F,0xF81F,0xF81F,0xF81F,0xF81F,0xF81F,0xF81F,0xF81F,0xF81F,0xF81F,0xF81F,
    0xF81F,0xF81F,0xF81F,0xF81F,0xF81F,0xF81F,0xF81F,0xF81F,0xF81F,0xF81F,0xF81F,0xF81F,
    0xF81F,0xF81F,0xF81F,0xF81F,0xF81F,0xF81F,0xF81F,0xF81F,0xF81F,0xF81F,0xF81F,0xF81F,
    0xF81F,0xF81F,0xF81F,0xF81F,0xF81F,0xF81F,0xF81F,0xF81F,0xF81F,0xF81F,0xF81F,0xF81F,
    0xF81F,0xF81F,0xF81F,0xF81F,0xF81F,0xF81F,0xF81F,0xF81F,0xF81F,0xF81F,0xF81F,0xF81F,
    0xF81F,0xF81F,0xF81F,0xF81F,0xF81F,0xF81F,0xF81F,0xF81F,0xF81F,0xF81F,0xF81F,0xF81F,
    0xF81F,0xF81F,0xF81F,0xF81F,0xF81F,0xF81F,0xF81F,0xF81F,0xF81F,0xF81F,0xF81F,0xF81F,
    0xF81F,0xF81F,0xF81F,0xF81F,0xF81F,0xF81F,0xF81F,0xF81F,0xF81F,0xF81F,0xF81F,0xF81F,
    0xF81F,0xF81F,0xF81F,0xF81F,0xF81F,0xF81F,0xF81F,0xF81F,0xF81F,0xF81F,0xF81F,0xF81F,
    0xF81F,0xF81F,0xF81F,0xF81F,0xF81F,0xF81F,0xF81F,0xF81F,0xF81F,0xF81F,0xF81F,0xF81F,
    0xF81F,0xF81F,0xF81F,0xF81F,0xF81F,0xF81F,0xF81F,0xF81F,0xF81F,0xF81F,0xF81F,0xF81F,
    0xF81F,0xF81F,0xF81F,0xF81F,0xF81F,0xF81F,0xF81F,0xF81F,0xF81F,0xF81F,0xF81F,0xF81F,
    0xF81F,0xF81F,0xF81F,0xF81F,0xF81F,0xF81F,0xF81F,0xF81F,0xF81F,0xF81F,0xF81F,0xF81F,
    0xF81F,0xF81F,0xF81F,0xF81F,0xF81F,0xF81F,0xF81F,0xF81F,0xF81F,0xF81F,0xF81F,0xF81F,
    0xF81F,0xF81F,0xF81F,0xF81F,0xF81F,0xF81F,0xF81F,0xF81F,0xF81F,0xF81F,0xF81F,0xF81F,
    0xF81F,0xF81F,0xF81F,0xF81F,0xF81F,0xF81F,0xF81F,0xF81F,0xF81F,0xF81F,0xF81F,0xF81F,
    0xF81F,0xF81F,0xF81F,0xF81F,0xF81F,0xF81F,0xF81F,0xF81F,0xF81F,0xF81F,0xF81F,0xF81F,
    0xF81F,0xF81F,0xF81F,0xF81F,0xF81F,0xF81F,0xF81F,0xF81F,0xF81F,0xF81F,0xF81F,0xF81F,
    0xF81F,0xF81F,0xF81F,0xF81F,0xF81F,0xF81F,0xF81F,0xF81F,0xF81F,0xF81F,0xF81F,0xF81F,
    0xF81F,0xF81F,0xF81F,0xF81F,0xF81F,0xF81F,0xF81F,0xF81F,0xF81F,0xF81F,0xF81F,0xF81F,
    0xF81F,0xF81F,0xF81F,0xF81F,0xF81F,0xF81F,0xF81F,0xF81F,0xF81F,0xF81F,0xF81F,0xF81F,
    0xF81F,0xF81F,0xF81F,0xF81F,0xF81F,0xF81F,0xF81F,0xF81F,0xF81F,0xF81F,0xF81F,0xF81F,
    0xF81F,0xF81F,0xF81F,0xF81F,0xF81F,0xF81F,0xF81F,0xF81F,0xF81F,0xF81F,0xF81F,0xF81F,
    0xF81F,0xF81F,0xF81F,0xF81F,0xF81F,0xF81F,0xF81F,0xF81F,0xF81F,0xF81F,0xF81F,0xF81F,
    0xF81F,0xF81F,0xF81F,0xF81F,0xF81F,0xF81F,0xF81F,0xF81F,0xF81F,0xF81F,0xF81F,0xF81F,
    0xF81F,0xF81F,0xF81F,0xF81F,0xF81F,0xF81F,0xF81F,0xF81F,0xF81F,0xF81F,0xF81F,0xF81F,
    0xF81F,0xF81F,0xF81F,0xF81F,0xF81F,0xF81F,0xF81F,0xF81F,0xF81F,0xF81F,0xF81F,0xF81F,
    0xF81F,0xF81F,0xF81F,0xF81F,0xF81F,0xF81F,0xF81F,0xF81F,0xF81F,0xF81F,0xF81F,0xF81F,
    0xF81F,0xF81F,0xF81F,0xF81F,0xF81F,0xF81F,0xF81F,0xF81F,0xF81F,0xF81F,0xF81F,0xF81F,
    0xF81F,0xF81F,0xF81F,0xF81F,0xF81F,0xF81F,0xF81F,0xF81F,0xF81F,0xF81F,0xF81F,0xF81F,
    0xF81F,0xF81F,0xF81F,0xF81F,0xF81F,0xF81F,0xF81F,0xF81F,0xF81F,0xF81F,0xF81F,0xF81F,
    0xF81F,0xF81F,0xF81F,0xF81F,0xF81F,0xF81F,0xF81F,0xF81F,0xF81F,0xF81F,0xF81F,0xF81F,
    0xF81F,0xF81F,0xF81F,0xF81F,0xF81F,0xF81F,0xF81F,0xF81F,0xF81F,0xF81F,0xF81F,0xF81F,
    0xF81F,0xF81F,0xF81F,0xF81F,0xF81F,0xF81F,0xF81F,0xF81F,0xF81F,0xF81F,0xF81F,0xF81F,
    0xF81F,0xF81F,0xF81F,0xF81F,0xF81F,0xF81F,0xF81F,0xF81F,0xF81F,0xF81F,0xF81F,0xF81F,
    0xF81F,0xF81F,0xF81F,0xF81F,0xF81F,0xF81F,0xF81F,0xF81F,0xF81F,0xF81F,0xF81F,0xF81F,
    0xF81F,0xF81F,0xF81F,0xF81F,0xF81F,0xF81F,0xF81F,0xF81F,0xF81F,0xF81F,0xF81F,0xF81F,
    0xF81F,0xF81F,0xF81F,0xF81F,0xF81F,0xF81F,0xF81F,0xF81F,0xF81F,0xF81F,0xF81F,0xF81F,
    0xF81F,0xF81F,0xF81F,0xF81F,0xF81F,0xF81F,0xF81F,0xF81F,0xF81F,0xF81F,0xF81F,0xF81F,
    0xF81F,0xF81F,0xF81F,0xF81F,0xF81F,0xF81F,0xF81F,0xF81F,0xF81F,0xF81F,0xF81F,0xF81F,
    0xF81F,0xF81F,0xF81F,0xF81F,0xF81F,0xF81F,0xF81F,0xF81F,0xF81F,0x7D7A,0x7D9A,0xF81F,
    0xF81F,0xF81F,0xF81F,0xF81F,0xF81F,0xF81F,0xF81F,0xF81F,0xF81F,0xF81F,0xF81F,0xF81F,
    0xF81F,0xF81F,0xF81F,0xF81F,0xF81F,0xF81F,0xF81F,0xF81F,0xF81F,0xF81F,0xF81F,0xF81F,
    0xF81F,0xF81F,0xF81F,0xF81F,0xF81F,0xF81F,0xF81F,0xF81F,0x7D7A,0x7D9A,0xF81F,0xF81F,
    0xF81F,0xF81F,0xF81F,0xF81F,0xF81F,0xF81F,0xF81F,0xF81F,0xF81F,0xF81F,0xF81F,0xF81F,
    0xF81F,0xF81F,0xF81F,0xF81F,0xF81F,0xF81F,0xF81F,0xF81F,0xF81F,0xF81F,0xF81F,0xF81F,
    0xF81F,0xF81F,0xF81F,0xF81F,0xF81F,0xF81F,0xF81F,0x7D7A,0x7D9A,0xF81F,0xF81F,0xF81F,
    0xF81F,0xF81F,0xF81F,0xF81F,0xF81F,0xF81F,0xF81F,0xF81F,0xF81F,0xF81F,0xF81F,0xF81F,
    0xF81F,0xF81F,0xF81F,0xF81F,0xF81F,0xF81F,0xF81F,0xF81F,0xF81F,0xF81F,0xF81F,0xF81F,
    0xF81F,0xF81F,0xF81F,0xF81F,0xF81F,0xF81F,0xF81F,0xF81F,0xF81F,0xF81F,0xF81F,0xF81F,
    0xF81F,0xF81F,0xF81F,0xF81F,0xF81F,0xF81F,0xF81F,0xF81F,0xF81F,0xF81F,0xF81F,0xF81F,
    0xF81F,0xF81F,0xF81F,0xF81F,0xF81F,0xF81F,0xF81F,0xF81F,0xF81F,0xF81F,0xF81F,0xF81F,
    0xF81F,0xF81F,0xF81F,0xF81F,0xF81F,0xF81F,0xF81F,0xF81F,0xF81F,0xF81F,0xF81F,0xF81F,
    0xF81F,0xF81F,0xF81F,0x7D99,0x7D79,0xF81F,0xF81F,0xF81F,0xF81F,0xF81F,0xF81F,0xF81F,
    0xF81F,0xF81F,0xF81F,0xF81F,0xF81F,0xF81F,0xF81F,0xF81F,0xF81F,0xF81F,0xF81F,0xF81F,
    0xF81F,0xF81F,0xF81F,0xF81F,0xF81F,0xF81F,0xF81F,0xF81F,0xF81F,0xF81F,0xF81F,0xF81F,
    0xF81F,0xF81F,0x7D99,0x7D79,0xF81F,0xF81F,0xF81F,0xF81F,0xF81F,0xF81F,0xF81F,0xF81F,
    0xF81F,0xF81F,0xF81F,0xF81F,0xF81F,0xF81F,0xF81F,0xF81F,0xF81F,0xF81F,0xF81F,0xF81F,
    0xF81F,0xF81F,0xF81F,0xF81F,0xF81F,0xF81F,0xF81F,0xF81F,0xF81F,0xF81F,0xF81F,0xF81F,
    0xF81F,0x7D99,0x7D79,0xF81F,0xF81F,0xF81F,0xF81F,0xF81F,0xF81F,0xF81F,0xF81F,0xF81F,
    0xF81F,0xF81F,0xF81F,0xF81F,0xF81F,0xF81F,0xF81F,0xF81F,0xF81F,0xF81F,0xF81F,0xF81F,
    0xF81F,0xF81F,0xF81F,0xF81F,0xF81F,0xF81F,0xF81F,0xF81F,0xF81F,0xF81F,0xF81F,0xF81F,
    0xF81F,0xF81F,0xF81F,0xF81F,0xF81F,0xF81F,0xF81F,0xF81F,0xF81F,0xF81F,0xF81F,0xF81F,
    0xF81F,0xF81F,0xF81F,0xF81F,0xF81F,0xF81F,0xF81F,0xF81F,0xF81F,0xF81F,0xF81F,0xF81F,
    0xF81F,0xF81F,0xF81F,0xF81F,0xF81F,0xF81F,0xF81F,0xF81F,0xF81F,0xF81F,0xF81F,0xF81F,
    0xF81F,0xF81F,0xF81F,0xF81F,0xF81F,0xF81F,0xF81F,0xF81F,0xF81F,0x7D99,0xF81F,0xF81F,
    0xF81F,0xF81F,0xF81F,0xF81F,0xF81F,0xF81F,0xF81F,0xF81F,0xF81F,0xF81F,0xF81F,0xF81F,
    0xF81F,0xF81F,0xF81F,0xF81F,0xF81F,0xF81F,0xF81F,0xF81F,0xF81F,0xF81F,0xF81F,0xF81F,
    0xF81F,0xF81F,0xF81F,0xF81F,0xF81F,0xF81F,0xF81F,0xF81F,0x7D99,0xF81F,0xF81F,0xF81F,
    0xF81F,0xF81F,0xF81F,0xF81F,0xF81F,0xF81F,0xF81F,0xF81F,0xF81F,0xF81F,0xF81F,0xF81F,
    0xF81F,0xF81F,0xF81F,0xF81F,0xF81F,0xF81F,0xF81F,0xF81F,0xF81F,0xF81F,0xF81F,0xF81F,
    0xF81F,0xF81F,0xF81F,0xF81F,0xF81F,0xF81F,0xF81F,0x7D99,0xF81F,0xF81F,0xF81F,0xF81F,
    0xF81F,0xF81F,0xF81F,0xF81F,0xF81F,0xF81F,0xF81F,0xF81F,0xF81F,0xF81F,0xF81F,0xF81F,
    0xF81F,0xF81F,0xF81F,0xF81F,0xF81F,0xF81F,0xF81F,0xF81F,0xF81F,0xF81F,0xF81F,0xF81F,
    0xF81F,0xF81F,0xF81F,0xF81F,0xF81F,0xF81F,0xF81F,0xF81F,0xF81F,0xF81F,0xF81F,0xF81F,
    0xF81F,0xF81F,0xF81F,0xF81F,0xF81F,0xF81F,0xF81F,0xF81F,0xF81F,0xF81F,0xF81F,0xF81F,
    0xF81F,0xF81F,0xF81F,0xF81F,0xF81F,0xF81F,0xF81F,0xF81F,0xF81F,0xF81F,0xF81F,0xF81F,
    0xF81F,0xF81F,0xF81F,0xF81F,0xF81F,0xF81F,0xF81F,0xF81F,0xF81F,0xF81F,0xF81F,0xF81F,
    0xF81F,0xF81F,0x7D7A,0x7D99,0xF81F,0xF81F,0xF81F,0xF81F,0xF81F,0xF81F,0xF81F,0xF81F,
    0xF81F,0xF81F,0xF81F,0xF81F,0xF81F,0xF81F,0xF81F,0xF81F,0xF81F,0xF81F,0xF81F,0xF81F,
    0xF81F,0xF81F,0xF81F,0xF81F,0xF81F,0xF81F,0xF81F,0xF81F,0xF81F,0xF81F,0xF81F,0xF81F,
    0xF81F,0x7D7A,0x7D99,0xF81F,0xF81F,0xF81F,0xF81F,0xF81F,0xF81F,0xF81F,0xF81F,0xF81F,
    0xF81F,0xF81F,0xF81F,0xF81F,0xF81F,0xF81F,0xF81F,0xF81F,0xF81F,0xF81F,0xF81F,0xF81F,
    0xF81F,0xF81F,0xF81F,0xF81F,0xF81F,0xF81F,0xF81F,0xF81F,0xF81F,0xF81F,0xF81F,0xF81F,
    0x7D7A,0x7D99,0xF81F,0xF81F,0xF81F,0xF81F,0xF81F,0xF81F,0xF81F,0xF81F,0xF81F,0xF81F,
    0xF81F,0xF81F,0xF81F,0xF81F,0xF81F,0xF81F,0xF81F,0xF81F,0xF81F,0xF81F,0xF81F,0xF81F,
    0xF81F,0xF81F,0xF81F,0xF81F,0xF81F,0xF81F,0xF81F,0xF81F,0xF81F,0xF81F,0xF81F,0xF81F,
    0xF81F,0xF81F,0xF81F,0xF81F,0xF81F,0xF81F,0xF81F,0xF81F,0xF81F,0xF81F,0xF81F,0xF81F,
    0xF81F,0xF81F,0xF81F,0xF81F,0xF81F,0xF81F,0xF81F,0xF81F,0xF81F,0xF81F,0xF81F,0xF81F,
    0xF81F,0xF81F,0xF81F,0xF81F,0xF81F,0xF81F,0xF81F,0xF81F,0xF81F,0xF81F,0xF81F,0xF81F,
    0xF81F,0xF81F,0xF81F,0xF81F,0xF81F,0xF81F,0xF81F,0xF81F,0x7D99,0x7D99,0xF81F,0xF81F,
    0xF81F,0xF81F,0xF81F,0xF81F,0xF81F,0xF81F,0xF81F,0xF81F,0xF81F,0xF81F,0xF81F,0xF81F,
    0xF81F,0xF81F,0xF81F,0xF81F,0xF81F,0xF81F,0xF81F,0xF81F,0xF81F,0xF81F,0xF81F,0xF81F,
    0xF81F,0xF81F,0xF81F,0xF81F,0xF81F,0xF81F,0xF81F,0x7D99,0x7D99,0xF81F,0xF81F,0xF81F,
    0xF81F,0xF81F,0xF81F,0xF81F,0xF81F,0xF81F,0xF81F,0xF81F,0xF81F,0xF81F,0xF81F,0xF81F,
    0xF81F,0xF81F,0xF81F,0xF81F,0xF81F,0xF81F,0xF81F,0xF81F,0xF81F,0xF81F,0xF81F,0xF81F,
    0xF81F,0xF81F,0xF81F,0xF81F,0xF81F,0xF81F,0x7D99,0x7D99,0xF81F,0xF81F,0xF81F,0xF81F,
    0xF81F,0xF81F,0xF81F,0xF81F,0xF81F,0xF81F,0xF81F,0xF81F,0xF81F,0xF81F,0xF81F,0xF81F,
    0xF81F,0xF81F,0xF81F,0xF81F,0xF81F,0xF81F,0xF81F,0xF81F,0xF81F,0xF81F,0xF81F,0xF81F,
    0xF81F,0xF81F,0xF81F,0xF81F,0xF81F,0xF81F,0xF81F,0xF81F,0xF81F,0xF81F,0xF81F,0xF81F,
    0xF81F,0xF81F,0xF81F,0xF81F,0xF81F,0xF81F,0xF81F,0xF81F,0xF81F,0xF81F,0xF81F,0xF81F,
    0xF81F,0xF81F,0xF81F,0xF81F,0xF81F,0xF81F,0xF81F,0xF81F,0xF81F,0xF81F,0xF81F,0xF81F,
    0xF81F,0xF81F,0xF81F,0xF81F,0xF81F,0xF81F,0xF81F,0xF81F,0xF81F,0xF81F,0xF81F,0xF81F,
    0xF81F,0xF81F,0x7D99,0xF81F,0xF81F,0xF81F,0xF81F,0xF81F,0xF81F,0xF81F,0xF81F,0xF81F,
    0xF81F,0xF81F,0xF81F,0xF81F,0xF81F,0xF81F,0xF81F,0xF81F,0xF81F,0xF81F,0xF81F,0xF81F,
    0xF81F,0xF81F,0xF81F,0xF81F,0xF81F,0xF81F,0xF81F,0xF81F,0xF81F,0xF81F,0xF81F,0xF81F,
    0xF81F,0x7D99,0xF81F,0xF81F,0xF81F,0xF81F,0xF81F,0xF81F,0xF81F,0xF81F,0xF81F,0xF81F,
    0xF81F,0xF81F,0xF81F,0xF81F,0xF81F,0xF81F,0xF81F,0xF81F,0xF81F,0xF81F,0xF81F,0xF81F,
    0xF81F,0xF81F,0xF81F,0xF81F,0xF81F,0xF81F,0xF81F,0xF81F,0xF81F,0xF81F,0xF81F,0xF81F,
    0x7D99,0xF81F,0xF81F,0xF81F,0xF81F,0xF81F,0xF81F,0xF81F,0xF81F,0xF81F,0xF81F,0xF81F,
    0xF81F,0xF81F,0xF81F,0xF81F,0xF81F,0xF81F,0xF81F,0xF81F,0xF81F,0xF81F,0xF81F,0xF81F,
    0xF81F,0xF81F,0xF81F,0xF81F,0xF81F,0xF81F,0xF81F,0xF81F,0xF81F,0xF81F,0xF81F,0xF81F,
    0xF81F,0xF81F,0xF81F,0xF81F,0xF81F,0xF81F,0xF81F,0xF81F,0xF81F,0xF81F,0xF81F,0xF81F,
    0xF81F,0xF81F,0xF81F,0xF81F,0xF81F,0xF81F,0xF81F,0xF81F,0xF81F,0xF81F,0xF81F,0xF81F,
    0xF81F,0xF81F,0xF81F,0xF81F,0xF81F,0xF81F,0xF81F,0xF81F,0xF81F,0xF81F,0xF81F,0xF81F,
    0xF81F,0xF81F,0xF81F,0xF81F,0xF81F,0xF81F,0xF81F,0x7D7A,0x7D99,0xF81F,0xF81F,0xF81F,
    0xF81F,0xF81F,0xF81F,0xF81F,0xF81F,0xF81F,0xF81F,0xF81F,0xF81F,0xF81F,0xF81F,0xF81F,
    0xF81F,0xF81F,0xF81F,0xF81F,0xF81F,0xF81F,0xF81F,0xF81F,0xF81F,0xF81F,0xF81F,0xF81F,
    0xF81F,0xF81F,0xF81F,0xF81F,0xF81F,0xF81F,0x7D7A,0x7D99,0xF81F,0xF81F,0xF81F,0xF81F,
    0xF81F,0xF81F,0xF81F,0xF81F,0xF81F,0xF81F,0xF81F,0xF81F,0xF81F,0xF81F,0xF81F,0xF81F,
    0xF81F,0xF81F,0xF81F,0xF81F,0xF81F,0xF81F,0xF81F,0xF81F,0xF81F,0xF81F,0xF81F,0xF81F,
    0xF81F,0xF81F,0xF81F,0xF81F,0xF81F,0x7D7A,0x7D99,0xF81F,0xF81F,0xF81F,0xF81F,0xF81F,
    0xF81F,0xF81F,0xF81F,0xF81F,0xF81F,0xF81F,0xF81F,0xF81F,0xF81F,0xF81F,0xF81F,0xF81F,
    0xF81F,0xF81F,0xF81F,0xF81F,0xF81F,0xF81F,0xF81F,0xF81F,0xF81F,0xF81F,0xF81F,0xF81F,
    0xF81F,0xF81F,0xF81F,0xF81F,0xF81F,0xF81F,0xF81F,0xF81F,0xF81F,0xF81F,0xF81F,0xF81F,
    0xF81F,0xF81F,0xF81F,0xF81F,0xF81F,0xF81F,0xF81F,0xF81F,0xF81F,0xF81F,0xF81F,0xF81F,
    0xF81F,0xF81F,0xF81F,0xF81F,0xF81F,0xF81F,0xF81F,0xF81F,0xF81F,0xF81F,0xF81F,0xF81F,
    0xF81F,0xF81F,0xF81F,0xF81F,0xF81F,0xF81F,0xF81F,0xF81F,0xF81F,0xF81F,0xF81F,0xF81F,
    0xF81F,0x7D99,0x7D99,0xF81F,0xF81F,0xF81F,0xF81F,0xF81F,0xF81F,0xF81F,0xF81F,0xF81F,
    0xF81F,0xF81F,0xF81F,0xF81F,0xF81F,0xF81F,0xF81F,0xF81F,0xF81F,0xF81F,0xF81F,0xF81F,
    0xF81F,0xF81F,0xF81F,0xF81F,0xF81F,0xF81F,0xF81F,0xF81F,0xF81F,0xF81F,0xF81F,0xF81F,
    0x7D99,0x7D99,0xF81F,0xF81F,0xF81F,0xF81F,0xF81F,0xF81F,0xF81F,0xF81F,0xF81F,0xF81F,
    0xF81F,0xF81F,0xF81F,0xF81F,0xF81F,0xF81F,0xF81F,0xF81F,0xF81F,0xF81F,0xF81F,0xF81F,
    0xF81F,0xF81F,0xF81F,0xF81F,0xF81F,0xF81F,0xF81F,0xF81F,0xF81F,0xF81F,0xF81F,0x7D99,
    0x7D99,0xF81F,0xF81F,0xF81F,0xF81F,0xF81F,0xF81F,0xF81F,0xF81F,0xF81F,0xF81F,0xF81F,
    0xF81F,0xF81F,0xF81F,0xF81F,0xF81F,0xF81F,0xF81F,0xF81F,0xF81F,0xF81F,0xF81F,0xF81F,
    0xF81F,0xF81F,0xF81F,0xF81F,0xF81F,0xF81F,0xF81F,0xF81F,0xF81F,0xF81F,0xF81F,0xF81F,
    0xF81F,0xF81F,0xF81F,0xF81F,0xF81F,0xF81F,0xF81F,0xF81F,0xF81F,0xF81F,0xF81F,0xF81F,
    0xF81F,0xF81F,0xF81F,0xF81F,0xF81F,0xF81F,0xF81F,0xF81F,0xF81F,0xF81F,0xF81F,0xF81F,
    0xF81F,0xF81F,0xF81F,0xF81F,0xF81F,0xF81F,0xF81F,0xF81F,0xF81F,0xF81F,0xF81F,0xF81F,
    0xF81F,0xF81F,0xF81F,0xF81F,0xF81F,0xF81F,0xF81F,0x7D99,0xF81F,0xF81F,0xF81F,0xF81F,
    0xF81F,0xF81F,0xF81F,0xF81F,0xF81F,0xF81F,0xF81F,0xF81F,0xF81F,0xF81F,0xF81F,0xF81F,
    0xF81F,0xF81F,0xF81F,0xF81F,0xF81F,0xF81F,0xF81F,0xF81F,0xF81F,0xF81F,0xF81F,0xF81F,
    0xF81F,0xF81F,0xF81F,0xF81F,0xF81F,0xF81F,0x7D99,0xF81F,0xF81F,0xF81F,0xF81F,0xF81F,
    0xF81F,0xF81F,0xF81F,0xF81F,0xF81F,0xF81F,0xF81F,0xF81F,0xF81F,0xF81F,0xF81F,0xF81F,
    0xF81F,0xF81F,0xF81F,0xF81F,0xF81F,0xF81F,0xF81F,0xF81F,0xF81F,0xF81F,0xF81F,0xF81F,
    0xF81F,0xF81F,0xF81F,0xF81F,0xF81F,0x7D99,0xF81F,0xF81F,0xF81F,0xF81F,0xF81F,0xF81F,
    0xF81F,0xF81F,0xF81F,0xF81F,0xF81F,0xF81F,0xF81F,0xF81F,0xF81F,0xF81F,0xF81F,0xF81F,
    0xF81F,0xF81F,0xF81F,0xF81F,0xF81F,0xF81F,0xF81F,0xF81F,0xF81F,0xF81F,0xF81F,0xF81F,
    0xF81F,0xF81F,0xF81F,0xF81F,0xF81F,0xF81F,0xF81F,0xF81F,0xF81F,0xF81F,0xF81F,0xF81F,
    0xF81F,0xF81F,0xF81F,0xF81F,0xF81F,0xF81F,0xF81F,0xF81F,0xF81F,0xF81F,0xF81F,0xF81F,
    0xF81F,0xF81F,0xF81F,0xF81F,0xF81F,0xF81F,0xF81F,0xF81F,0xF81F,0xF81F,0xF81F,0xF81F,
    0xF81F,0xF81F,0xF81F,0xF81F,0xF81F,0xF81F,0xF81F,0xF81F,0xF81F,0xF81F,0xF81F,0xF81F,
    0x7D7A,0x7D99,0xF81F,0xF81F,0xF81F,0xF81F,0xF81F,0xF81F,0xF81F,0xF81F,0xF81F,0xF81F,
    0xF81F,0xF81F,0xF81F,0xF81F,0xF81F,0xF81F,0xF81F,0xF81F,0xF81F,0xF81F,0xF81F,0xF81F,
    0xF81F,0xF81F,0xF81F,0xF81F,0xF81F,0xF81F,0xF81F,0xF81F,0xF81F,0xF81F,0xF81F,0x7D7A,
    0x7D99,0xF81F,0xF81F,0xF81F,0xF81F,0xF81F,0xF81F,0xF81F,0xF81F,0xF81F,0xF81F,0xF81F,
    0xF81F,0xF81F,0xF81F,0xF81F,0xF81F,0xF81F,0xF81F,0xF81F,0xF81F,0xF81F,0xF81F,0xF81F,
    0xF81F,0xF81F,0xF81F,0xF81F,0xF81F,0xF81F,0xF81F,0xF81F,0xF81F,0xF81F,0x7D7A,0x7D99,
    0xF81F,0xF81F,0xF81F,0xF81F,0xF81F,0xF81F,0xF81F,0xF81F,0xF81F,0xF81F,0xF81F,0xF81F,
    0xF81F,0xF81F,0xF81F,0xF81F,0xF81F,0xF81F,0xF81F,0xF81F,0xF81F,0xF81F,0xF81F,0xF81F,
    0xF81F,0xF81F,0xF81F,0xF81F,0xF81F,0xF81F,0xF81F,0xF81F,0xF81F,0xF81F,0xF81F,0xF81F,
    0xF81F,0xF81F,0xF81F,0xF81F,0xF81F,0xF81F,0xF81F,0xF81F,0xF81F,0xF81F,0xF81F,0xF81F,
    0xF81F,0xF81F,0xF81F,0xF81F,0xF81F,0xF81F,0xF81F,0xF81F,0xF81F,0xF81F,0xF81F,0xF81F,
    0xF81F,0xF81F,0xF81F,0xF81F,0xF81F,0xF81F,0xF81F,0xF81F,0xF81F,0xF81F,0xF81F,0xF81F,
    0xF81F,0xF81F,0xF81F,0xF81F,0xF81F,0xF81F,0x7D99,0x7D99,0xF81F,0xF81F,0xF81F,0xF81F,
    0xF81F,0xF81F,0xF81F,0xF81F,0xF81F,0xF81F,0xF81F,0xF81F,0xF81F,0xF81F,0xF81F,0xF81F,
    0xF81F,0xF81F,0xF81F,0xF81F,0xF81F,0xF81F,0xF81F,0xF81F,0xF81F,0xF81F,0xF81F,0xF81F,
    0xF81F,0xF81F,0xF81F,0xF81F,0xF81F,0x7D99,0x7D99,0xF81F,0xF81F,0xF81F,0xF81F,0xF81F,
    0xF81F,0xF81F,0xF81F,0xF81F,0xF81F,0xF81F,0xF81F,0xF81F,0xF81F,0xF81F,0xF81F,0xF81F,
    0xF81F,0xF81F,0xF81F,0xF81F,0xF81F,0xF81F,0xF81F,0xF81F,0xF81F,0xF81F,0xF81F,0xF81F,
    0xF81F,0xF81F,0xF81F,0xF81F,0x7D99,0x7D99,0xF81F,0xF81F,0xF81F,0xF81F,0xF81F,0xF81F,
    0xF81F,0xF81F,0xF81F,0xF81F,0xF81F,0xF81F,0xF81F,0xF81F,0xF81F,0xF81F,0xF81F,0xF81F,
    0xF81F,0xF81F,0xF81F,0xF81F,0xF81F,0xF81F,0xF81F,0xF81F,0xF81F,0xF81F,0xF81F,0xF81F,
    0xF81F,0xF81F,0xF81F,0xF81F,0xF81F,0xF81F,0xF81F,0xF81F,0xF81F,0xF81F,0xF81F,0xF81F,
    0xF81F,0xF81F,0xF81F,0xF81F,0xF81F,0xF81F,0xF81F,0xF81F,0xF81F,0xF81F,0xF81F,0xF81F,
    0xF81F,0xF81F,0xF81F,0xF81F,0xF81F,0xF81F,0xF81F,0xF81F,0xF81F,0xF81F,0xF81F,0xF81F,
    0xF81F,0xF81F,0xF81F,0xF81F,0xF81F,0xF81F,0xF81F,0xF81F,0xF81F,0xF81F,0xF81F,0xF81F,
    0x7D99,0xF81F,0xF81F,0xF81F,0xF81F,0xF81F,0xF81F,0xF81F,0xF81F,0xF81F,0xF81F,0xF81F,
    0xF81F,0xF81F,0xF81F,0xF81F,0xF81F,0xF81F,0xF81F,0xF81F,0xF81F,0xF81F,0xF81F,0xF81F,
    0xF81F,0xF81F,0xF81F,0xF81F,0xF81F,0xF81F,0xF81F,0xF81F,0xF81F,0xF81F,0xF81F,0x7D99,
    0xF81F,0xF81F,0xF81F,0xF81F,0xF81F,0xF81F,0xF81F,0xF81F,0xF81F,0xF81F,0xF81F,0xF81F,
    0xF81F,0xF81F,0xF81F,0xF81F,0xF81F,0xF81F,0xF81F,0xF81F,0xF81F,0xF81F,0xF81F,0xF81F,
    0xF81F,0xF81F,0xF81F,0xF81F,0xF81F,0xF81F,0xF81F,0xF81F,0xF81F,0xF81F,0x7D99,0xF81F,
    0xF81F,0xF81F,0xF81F,0xF81F,0xF81F,0xF81F,0xF81F,0xF81F,0xF81F,0xF81F,0xF81F,0xF81F,
    0xF81F,0xF81F,0xF81F,0xF81F,0xF81F,0xF81F,0xF81F,0xF81F,0xF81F,0xF81F,0xF81F,0xF81F,
    0xF81F,0xF81F,0xF81F,0xF81F,0xF81F,0xF81F,0xF81F,0xF81F,0xF81F,0xF81F,0xF81F,0xF81F,
    0xF81F,0xF81F,0xF81F,0xF81F,0xF81F,0xF81F,0xF81F,0xF81F,0xF81F,0xF81F,0xF81F,0xF81F,
    0xF81F,0xF81F,0xF81F,0xF81F,0xF81F,0xF81F,0xF81F,0xF81F,0xF81F,0xF81F,0xF81F,0xF81F,
    0xF81F,0xF81F,0xF81F,0xF81F,0xF81F,0xF81F,0xF81F,0xF81F,0xF81F,0xF81F,0xF81F,0xF81F,
    0xF81F,0xF81F,0xF81F,0xF81F,0xF81F,0x7D79,0x7D99,0xF81F,0xF81F,0xF81F,0xF81F,0xF81F,
    0xF81F,0xF81F,0xF81F,0xF81F,0xF81F,0xF81F,0xF81F,0xF81F,0xF81F,0xF81F,0xF81F,0xF81F,
    0xF81F,0xF81F,0xF81F,0xF81F,0xF81F,0xF81F,0xF81F,0xF81F,0xF81F,0xF81F,0xF81F,0xF81F,
    0xF81F,0xF81F,0xF81F,0xF81F,0x7D79,0x7D99,0xF81F,0xF81F,0xF81F,0xF81F,0xF81F,0xF81F,
    0xF81F,0xF81F,0xF81F,0xF81F,0xF81F,0xF81F,0xF81F,0xF81F,0xF81F,0xF81F,0xF81F,0xF81F,
    0xF81F,0xF81F,0xF81F,0xF81F,0xF81F,0xF81F,0xF81F,0xF81F,0xF81F,0xF81F,0xF81F,0xF81F,
    0xF81F,0xF81F,0xF81F,0x7D79,0x7D99,0xF81F,0xF81F,0xF81F,0xF81F,0xF81F,0xF81F,0xF81F,
    0xF81F,0xF81F,0xF81F,0xF81F,0xF81F,0xF81F,0xF81F,0xF81F,0xF81F,0xF81F,0xF81F,0xF81F,
    0xF81F,0xF81F,0xF81F,0xF81F,0xF81F,0xF81F,0xF81F,0xF81F,0xF81F,0xF81F,0xF81F,0xF81F,
    0xF81F,0xF81F,0xF81F,0xF81F,0xF81F,0xF81F,0xF81F,0xF81F,0xF81F,0xF81F,0xF81F,0xF81F,
    0xF81F,0xF81F,0xF81F,0xF81F,0xF81F,0xF81F,0xF81F,0xF81F,0xF81F,0xF81F,0xF81F,0xF81F,
    0xF81F,0xF81F,0xF81F,0xF81F,0xF81F,0xF81F,0xF81F,0xF81F,0xF81F,0xF81F,0xF81F,0xF81F,
    0xF81F,0xF81F,0xF81F,0xF81F,0xF81F,0xF81F,0xF81F,0xF81F,0xF81F,0xF81F,0xF81F,0x7D9A,
    0x7D7A,0xF81F,0xF81F,0xF81F,0xF81F,0xF81F,0xF81F,0xF81F,0xF81F,0xF81F,0xF81F,0xF81F,
    0xF81F,0xF81F,0xF81F,0xF81F,0xF81F,0xF81F,0xF81F,0xF81F,0xF81F,0xF81F,0xF81F,0xF81F,
    0xF81F,0xF81F,0xF81F,0xF81F,0xF81F,0xF81F,0xF81F,0xF81F,0xF81F,0xF81F,0x7D9A,0x7D7A,
    0xF81F,0xF81F,0xF81F,0xF81F,0xF81F,0xF81F,0xF81F,0xF81F,0xF81F,0xF81F,0xF81F,0xF81F,
    0xF81F,0xF81F,0xF81F,0xF81F,0xF81F,0xF81F,0xF81F,0xF81F,0xF81F,0xF81F,0xF81F,0xF81F,
    0xF81F,0xF81F,0xF81F,0xF81F,0xF81F,0xF81F,0xF81F,0xF81F,0xF81F,0x7D9A,0x7D7A,0xF81F,
    0xF81F,0xF81F,0xF81F,0xF81F,0xF81F,0xF81F,0xF81F,0xF81F,0xF81F,0xF81F,0xF81F,0xF81F,
    0xF81F,0xF81F,0xF81F,0xF81F,0xF81F,0xF81F,0xF81F,0xF81F,0xF81F,0xF81F,0xF81F,0xF81F,
    0xF81F,0xF81F,0xF81F,0xF81F,0xF81F,0xF81F,0xF81F,0xF81F,0xF81F,0xF81F,0xF81F,0xF81F,
    0xF81F,0xF81F,0xF81F,0xF81F,0xF81F,0xF81F,0xF81F,0xF81F,0xF81F,0xF81F,0xF81F,0xF81F,
    0xF81F,0xF81F,0xF81F,0xF81F,0xF81F,0xF81F,0xF81F,0xF81F,0xF81F,0xF81F,0xF81F,0xF81F,
    0xF81F,0xF81F,0xF81F,0xF81F,0xF81F,0xF81F,0xF81F,0xF81F,0xF81F,0xF81F,0xF81F,0xF81F,
    0xF81F,0xF81F,0xF81F,0xF81F,0xF81F,0xF81F,0xF81F,0xF81F,0xF81F,0xF81F,0xF81F,0xF81F,
    0xF81F,0xF81F,0xF81F,0xF81F,0xF81F,0xF81F,0xF81F,0xF81F,0xF81F,0xF81F,0xF81F,0xF81F,
    0xF81F,0xF81F,0xF81F,0xF81F,0xF81F,0xF81F,0xF81F,0xF81F,0xF81F,0xF81F,0xF81F,0xF81F,
    0xF81F,0xF81F,0xF81F,0xF81F,0xF81F,0xF81F,0xF81F,0xF81F,0xF81F,0xF81F,0xF81F,0xF81F,
    0xF81F,0xF81F,0xF81F,0xF81F,0xF81F,0xF81F,0xF81F,0xF81F,0xF81F,0xF81F,0xF81F,0xF81F,
    0xF81F,0xF81F,0xF81F,0xF81F,0xF81F,0xF81F,0xF81F,0xF81F,0xF81F,0xF81F,0xF81F,0xF81F,
    0xF81F,0xF81F,0xF81F,0xF81F,0xF81F,0xF81F,0xF81F,0xF81F,0xF81F,0xF81F,0xF81F,0xF81F,
    0xF81F,0xF81F,0xF81F,0xF81F,0xF81F,0xF81F,0xF81F,0xF81F,0xF81F,0xF81F,0xF81F,0xF81F,
    0xF81F,0xF81F,0xF81F,0xF81F,0xF81F,0xF81F,0xF81F,0xF81F,0xF81F,0xF81F,0xF81F,0xF81F,
    0xF81F,0xF81F,0xF81F,0xF81F,0xF81F,0xF81F,0xF81F,0xF81F,0xF81F,0xF81F,0xF81F,0xF81F,
    0xF81F,0xF81F,0xF81F,0xF81F,0xF81F,0xF81F,0xF81F,0xF81F,0xF81F,0xF81F,0xF81F,0xF81F,
    0xF81F,0xF81F,0xF81F,0xF81F,0xF81F,0xF81F,0xF81F,0xF81F,0xF81F,0xF81F,0xF81F,0xF81F,
    0xF81F,0xF81F,0xF81F,0xF81F,0xF81F,0xF81F,0xF81F,0xF81F,0xF81F,0xF81F,0xF81F,0xF81F,
    0xF81F,0xF81F,0xF81F,0xF81F,0xF81F,0xF81F,0xF81F,0xF81F,0xF81F,0xF81F,0xF81F,0xF81F,
    0xF81F,0xF81F,0xF81F,0xF81F,0xF81F,0xF81F,0xF81F,0xF81F,0xF81F,0xF81F,0xF81F,0xF81F,
    0xF81F,0xF81F,0xF81F,0xF81F,0xF81F,0xF81F,0xF81F,0xF81F,0xF81F,0xF81F,0xF81F,0xF81F,
    0xF81F,0xF81F,0xF81F,0xF81F,0xF81F,0xF81F,0xF81F,0xF81F,0xF81F,0xF81F,0xF81F,0xF81F,
    0xF81F,0xF81F,0xF81F,0xF81F,0xF81F,0xF81F,0xF81F,0xF81F,0xF81F,0xF81F,0xF81F,0xF81F,
    0xF81F,0xF81F,0xF81F,0xF81F,0xF81F,0xF81F,0xF81F,0xF81F,0xF81F,0xF81F,0xF81F,0xF81F,
    0xF81F,0xF81F,0xF81F,0xF81F,0xF81F,0xF81F,0xF81F,0xF81F,0xF81F,0xF81F,0xF81F,0xF81F,
    0xF81F,0xF81F,0xF81F,0xF81F,0xF81F,0xF81F,0xF81F,0xF81F,0xF81F,0xF81F,0xF81F,0xF81F,
    0xF81F,0xF81F,0xF81F,0xF81F,0xF81F,0xF81F,0xF81F,0xF81F,0xF81F,0xF81F,0xF81F,0xF81F,
    0xF81F,0xF81F,0xF81F,0xF81F,0xF81F,0xF81F,0xF81F,0xF81F,0xF81F,0xF81F,0xF81F,0xF81F,
    0xF81F,0xF81F,0xF81F,0xF81F,0xF81F,0xF81F,0xF81F,0xF81F,0xF81F,0xF81F,0xF81F,0xF81F,
    0xF81F,0xF81F,0xF81F,0xF81F,0xF81F,0xF81F,0xF81F,0xF81F,0xF81F,0xF81F,0xF81F,0xF81F,
    0xF81F,0xF81F,0xF81F,0xF81F,0xF81F,0xF81F,0xF81F,0xF81F,0xF81F,0xF81F,0xF81F,0xF81F,
    0xF81F,0xF81F,0xF81F,0xF81F,0xF81F,0xF81F,0xF81F,0xF81F,0xF81F,0xF81F,0xF81F,0xF81F,
    0xF81F,0xF81F,0xF81F,0xF81F,0xF81F,0xF81F,0xF81F,0xF81F,0xF81F,0xF81F,0xF81F,0xF81F,
    0xF81F,0xF81F,0xF81F,0xF81F,0xF81F,0xF81F,0xF81F,0xF81F,0xF81F,0xF81F,0xF81F,0xF81F,
    0xF81F,0xF81F,0xF81F,0xF81F,0xF81F,0xF81F,0xF81F,0xF81F,0xF81F,0xF81F,0xF81F,0xF81F,
    0xF81F,0xF81F,0xF81F,0xF81F,0xF81F,0xF81F,0xF81F,0xF81F,0xF81F,0xF81F,0xF81F,0xF81F,
    0xF81F,0xF81F,0xF81F,0xF81F,0xF81F,0xF81F,0xF81F,0xF81F,0xF81F,0xF81F,0xF81F,0xF81F,
    0xF81F,0xF81F,0xF81F,0xF81F,0xF81F,0xF81F,0xF81F,0xF81F,0xF81F,0xF81F,0xF81F,0xF81F,
    0xF81F,0xF81F,0xF81F,0xF81F,0xF81F,0xF81F,0xF81F,0xF81F,0xF81F,0xF81F,0xF81F,0xF81F,
    0xF81F,0xF81F,0xF81F,0xF81F,0xF81F,0xF81F,0xF81F,0xF81F,0xF81F,0xF81F,0xF81F,0xF81F,
    0xF81F,0xF81F,0xF81F,0xF81F,0xF81F,0xF81F,0xF81F,0xF81F,0xF81F,0xF81F,0xF81F,0xF81F,
    0xF81F,0xF81F,0xF81F,0xF81F,0xF81F,0xF81F,0xF81F,0xF81F,0xF81F,0xF81F,0xF81F,0xF81F,
    0xF81F,0xF81F,0xF81F,0xF81F,0xF81F,0xF81F,0xF81F,0xF81F,0xF81F,0xF81F,0xF81F,0xF81F,
    0xF81F,0xF81F,0xF81F,0xF81F,0xF81F,0xF81F,0xF81F,0xF81F,0xF81F,0xF81F,0xF81F,0xF81F,
    0xF81F,0xF81F,0xF81F,0xF81F,0xF81F,0xF81F,0xF81F,0xF81F,0xF81F,0xF81F,0xF81F,0xF81F,
    0xF81F,0xF81F,0xF81F,0xF81F,0xF81F,0xF81F,0xF81F,0xF81F,0xF81F,0xF81F,0xF81F,0xF81F,
    0xF81F,0xF81F,0xF81F,0xF81F,0xF81F,0xF81F,0xF81F,0xF81F,0xF81F,0xF81F,0xF81F,0xF81F,
    0xF81F,0xF81F,0xF81F,0xF81F,0xF81F,0xF81F,0xF81F,0xF81F,0xF81F,0xF81F,0xF81F,0xF81F,
    0xF81F,0xF81F,0xF81F,0xF81F,0xF81F,0xF81F,0xF81F,0xF81F,0xF81F,0xF81F,0xF81F,0xF81F,
    0xF81F,0xF81F,0xF81F,0xF81F,0xF81F,0xF81F,0xF81F,0xF81F,0xF81F,0xF81F,0xF81F,0xF81F,
    0xF81F,0xF81F,0xF81F,0xF81F,0xF81F,0xF81F,0xF81F,0xF81F,0xF81F,0xF81F,0xF81F,0xF81F,
    0xF81F,0xF81F,0xF81F,0xF81F,0xF81F,0xF81F,0xF81F,0xF81F,0xF81F,0xF81F,0xF81F,0xF81F,
    0xF81F,0xF81F,0xF81F,0xF81F,0xF81F,0xF81F,0xF81F,0xF81F,0xF81F,0xF81F,0xF81F,0xF81F,
    0xF81F,0xF81F,0xF81F,0xF81F,0xF81F,0xF81F,0xF81F,0xF81F,0xF81F,0xF81F,0xF81F,0xF81F,
    0xF81F,0xF81F,0xF81F,0xF81F,0xF81F,0xF81F,0xF81F,0xF81F,0xF81F,0xF81F,0xF81F,0xF81F,
    0xF81F,0xF81F,0xF81F,0xF81F,0xF81F,0xF81F,0xF81F,0xF81F,0xF81F,0xF81F,0xF81F,0xF81F,
    0xF81F,0xF81F,0xF81F,0xF81F,0xF81F,0xF81F,0xF81F,0xF81F,0xF81F,0xF81F,0xF81F,0xF81F,
    0xF81F,0xF81F,0xF81F,0xF81F,0xF81F,0xF81F,0xF81F,0xF81F,0xF81F,0xF81F,0xF81F,0xF81F,
    0xF81F,0xF81F,0xF81F,0xF81F,0xF81F,0xF81F,0xF81F,0xF81F,0xF81F,0xF81F,0xF81F,0xF81F,
    0xF81F,0xF81F,0xF81F,0xF81F,0xF81F,0xF81F,0xF81F,0xF81F,0xF81F,0xF81F,0xF81F,0xF81F,
    0xF81F,0xF81F,0xF81F,0xF81F,0xF81F,0xF81F,0xF81F,0xF81F,0xF81F,0xF81F,0xF81F,0xF81F,
    0xF81F,0xF81F,0xF81F,0xF81F,0xF81F,0xF81F,0xF81F,0xF81F,0xF81F,0xF81F,0xF81F,0xF81F,
    0xF81F,0xF81F,0xF81F,0xF81F,0xF81F,0xF81F,0xF81F,0xF81F,0xF81F,0xF81F,0xF81F,0xF81F,
    0xF81F,0xF81F,0xF81F,0xF81F,0xF81F,0xF81F,0xF81F,0xF81F,0xF81F,0xF81F,0xF81F,0xF81F,
    0xF81F,0xF81F,0xF81F,0xF81F,0xF81F,0xF81F,0xF81F,0xF81F,0xF81F,0xF81F,0xF81F,0xF81F,
    0xF81F,0xF81F,0xF81F,0xF81F,0xF81F,0xF81F,0xF81F,0xF81F,0xF81F,0xF81F,0xF81F,0xF81F,
    0xF81F,0xF81F,0xF81F,0xF81F,0xF81F,0xF81F,0xF81F,0xF81F,0xF81F,0xF81F,0xF81F,0xF81F,
    0xF81F,0xF81F,0xF81F,0xF81F,0xF81F,0xF81F,0xF81F,0xF81F,0xF81F,0xF81F,0xF81F,0xF81F,
    0xF81F,0xF81F,0xF81F,0xF81F,0xF81F,0xF81F,0xF81F,0xF81F,0xF81F,0xF81F,0xF81F,0xF81F,
    0xF81F,0xF81F,0xF81F,0xF81F,0xF81F,0xF81F,0xF81F,0xF81F,0xF81F,0xF81F,0xF81F,0xF81F,
    0xF81F,0xF81F,0xF81F,0xF81F,0xF81F,0xF81F,0xF81F,0xF81F,0xF81F,0xF81F,0xF81F,0xF81F,
    0xF81F,0xF81F,0xF81F,0xF81F,0xF81F,0xF81F,0xF81F,0xF81F,0xF81F,0xF81F,0xF81F,0xF81F,
    0xF81F,0xF81F,0xF81F,0xF81F,0xF81F,0xF81F,0xF81F,0xF81F,0xF81F,0xF81F,0xF81F,0xF81F,
    0xF81F,0xF81F,0xF81F,0xF81F,0xF81F,0xF81F,0xF81F,0xF81F,0xF81F,0xF81F,0xF81F,0xF81F,
    0xF81F,0xF81F,0xF81F,0xF81F,0xF81F,0xF81F,0xF81F,0xF81F,0xF81F,0xF81F,0xF81F,0xF81F,
    0xF81F,0xF81F,0xF81F,0xF81F,0xF81F,0xF81F,0xF81F,0xF81F,0xF81F,0xF81F,0xF81F,0xF81F,
    0xF81F,0xF81F,0xF81F,0xF81F,0xF81F,0xF81F,0xF81F,0xF81F,0xF81F,0xF81F,0xF81F,0xF81F,
    0xF81F,0xF81F,0xF81F,0xF81F,0xF81F,0xF81F,0xF81F,0xF81F,0xF81F,0xF81F,0xF81F,0xF81F,
    0xF81F,0xF81F,0xF81F,0xF81F,0xF81F,0xF81F,0xF81F,0xF81F,0xF81F,0xF81F,0xF81F,0xF81F,
    0xF81F,0xF81F,0xF81F,0xF81F,0xF81F,0xF81F,0xF81F,0xF81F,0xF81F,0xF81F,0xF81F,0xF81F,
    0xF81F,0xF81F,0xF81F,0xF81F,0xF81F,0xF81F,0xF81F,0xF81F,0xF81F,0xF81F,0xF81F,0xF81F,
    0xF81F,0xF81F,0xF81F,0xF81F,0xF81F,0xF81F,0xF81F,0xF81F,0xF81F,0xF81F,0xF81F,0xF81F,
    0xF81F,0xF81F,0xF81F,0xF81F,0xF81F,0xF81F,0xF81F,0xF81F,0xF81F,0xF81F,0xF81F,0xF81F,
    0xF81F,0xF81F,0xF81F,0xF81F,0xF81F,0xF81F,0xF81F,0xF81F,0xF81F,0xF81F,0xF81F,0xF81F,
    0xF81F,0xF81F,0xF81F,0xF81F,0xF81F,0xF81F,0xF81F,0xF81F,0xF81F,0xF81F,0xF81F,0xF81F,
    0xF81F,0xF81F,0xF81F,0xF81F,0xF81F,0xF81F,0xF81F,0xF81F,0xF81F,0xF81F,0xF81F,0xF81F,
    0xF81F,0xF81F,0xF81F,0xF81F,0xF81F,0xF81F,0xF81F,0xF81F,0xF81F,0xF81F,0xF81F,0xF81F,
    0xF81F,0xF81F,0xF81F,0xF81F,0xF81F,0xF81F,0xF81F,0xF81F,0xF81F,0xF81F,0xF81F,0xF81F,
    0xF81F,0xF81F,0xF81F,0xF81F,0xF81F,0xF81F,0xF81F,0xF81F,0xF81F,0xF81F,0xF81F,0xF81F,
    0xF81F,0xF81F,0xF81F,0xF81F,0xF81F,0xF81F,0xF81F,0xF81F,0xF81F,0xF81F,0xF81F,0xF81F,
    0xF81F,0xF81F,0xF81F,0xF81F,0xF81F,0xF81F,0xF81F,0xF81F,0xF81F,0xF81F,0xF81F,0xF81F,
    0xF81F,0xF81F,0xF81F,0xF81F,0xF81F,0xF81F,0xF81F,0xF81F,0xF81F,0xF81F,0xF81F,0xF81F,
    0xF81F,0xF81F,0xF81F,0xF81F,0xF81F,0xF81F,0xF81F,0xF81F,0xF81F,0xF81F,0xF81F,0xF81F,
    0xF81F,0xF81F,0xF81F,0xF81F,0xF81F,0xF81F,0xF81F,0xF81F,0xF81F,0xF81F,0xF81F,0xF81F,
    0xF81F,0xF81F,0xF81F,0xF81F,0xF81F,0xF81F,0xF81F,0xF81F,0xF81F,0xF81F,0xF81F,0xF81F,
    0xF81F,0xF81F,0xF81F,0xF81F,0xF81F,0xF81F,0xF81F,0xF81F,0xF81F,0xF81F,0xF81F,0xF81F,
    0xF81F,0xF81F,0xF81F,0xF81F,0xF81F,0xF81F,0xF81F,0xF81F,0xF81F,0xF81F,0xF81F,0xF81F,
    0xF81F,0xF81F,0xF81F,0xF81F,0xF81F,0xF81F,0xF81F,0xF81F,0xF81F,0xF81F,0xF81F,0xF81F,
    0xF81F,0xF81F,0xF81F,0xF81F,0xF81F,0xF81F,0xF81F,0xF81F,0xF81F,0xF81F,0xF81F,0xF81F,
    0xF81F,0xF81F,0xF81F,0xF81F,0xF81F,0xF81F,0xF81F,0xF81F,0xF81F,0xF81F,0xF81F,0xF81F,
    0xF81F,0xF81F,0xF81F,0xF81F,0xF81F,0xF81F,0xF81F,0xF81F,0xF81F,0xF81F,0xF81F,0xF81F,
    0xF81F,0xF81F,0xF81F,0xF81F,0xF81F,0xF81F,0xF81F,0xF81F,0xF81F,0xF81F,0xF81F,0xF81F,
    0xF81F,0xF81F,0xF81F,0xF81F,0xF81F,0xF81F,0xF81F,0xF81F,0xF81F,0xF81F,0xF81F,0xF81F,
    0xF81F,0xF81F,0xF81F,0xF81F,0xF81F,0xF81F,0xF81F,0xF81F,0xF81F,0xF81F,0xF81F,0xF81F,
    0xF81F,0xF81F,0xF81F,0xF81F,0xF81F,0xF81F,0xF81F,0xF81F,0xF81F,0xF81F,0xF81F,0xF81F,
    0xF81F,0xF81F,0xF81F,0xF81F,0xF81F,0xF81F,0xF81F,0xF81F,0xF81F,0xF81F,0xF81F,0xF81F,
    0xF81F,0xF81F,0xF81F,0xF81F,0xF81F,0xF81F,0xF81F,0xF81F,0xF81F,0xF81F,0xF81F,0xF81F,
    0xF81F,0xF81F,0xF81F,0xF81F,0xF81F,0xF81F,0xF81F,0xF81F,0xF81F,0xF81F,0xF81F,0xF81F,
    0xF81F,0xF81F,0xF81F,0xF81F,0xF81F,0xF81F,0xF81F,0xF81F,0xF81F,0xF81F,0xF81F,0xF81F,
    0xF81F,0xF81F,0xF81F,0xF81F,0xF81F,0xF81F,0xF81F,0xF81F,0xF81F,0xF81F,0xF81F,0xF81F,
    0xF81F,0xF81F,0xF81F,0xF81F,0xF81F,0xF81F,0xF81F,0xF81F,0xF81F,0xF81F,0xF81F,0xF81F,
    0xF81F,0xF81F,0xF81F,0xF81F,0xF81F,0xF81F,0xF81F,0xF81F,0xF81F,0xF81F,0xF81F,0xF81F,
    0xF81F,0xF81F,0xF81F,0xF81F,0xF81F,0xF81F,0xF81F,0xF81F,0xF81F,0xF81F,0xF81F,0xF81F,
    0xF81F,0xF81F,0xF81F,0xF81F,0xF81F,0xF81F,0xF81F,0xF81F,0xF81F,0xF81F,0xF81F,0xF81F,
    0xF81F,0xF81F,0xF81F,0xF81F,0xF81F,0xF81F,0xF81F,0xF81F,0xF81F,0xF81F,0xF81F,0xF81F,
    0xF81F,0xF81F,0xF81F,0xF81F,0xF81F,0xF81F,0xF81F,0xF81F,0xF81F,0xF81F,0xF81F,0xF81F,
    0xF81F,0xF81F,0xF81F,0xF81F,0xF81F,0xF81F,0xF81F,0xF81F,0xF81F,0xF81F,0xF81F,0xF81F,
    0xF81F,0xF81F,0xF81F,0xF81F,0xF81F,0xF81F,0xF81F,0xF81F,0xF81F,0xF81F,0xF81F,0xF81F,
    0xF81F,0xF81F,0xF81F,0xF81F,0xF81F,0xF81F,0xF81F,0xF81F,0xF81F,0xF81F,0xF81F,0xF81F,
    0xF81F,0xF81F,0xF81F,0xF81F,0xF81F,0xF81F,0xF81F,0xF81F,0xF81F,0xF81F,0xF81F,0xF81F,
    0xF81F,0xF81F,0xF81F,0xF81F,0xF81F,0xF81F,0xF81F,0xF81F,0xF81F,0xF81F,0xF81F,0xF81F,
    0xF81F,0xF81F,0xF81F,0xF81F,0xF81F,0xF81F,0xF81F,0xF81F,0xF81F,0xF81F,0xF81F,0xF81F,
    0xF81F,0xF81F,0xF81F,0xF81F,0xF81F,0xF81F,0xF81F,0xF81F,0xF81F,0xF81F,0xF81F,0xF81F,
    0xF81F,0xF81F,0xF81F,0xF81F,0xF81F,0xF81F,0xF81F,0xF81F,0xF81F,0xF81F,0xF81F,0xF81F,
    0xF81F,0xF81F,0xF81F,0xF81F,0xF81F,0xF81F,0xF81F,0xF81F,0xF81F,0xF81F,0xF81F,0xF81F,
    0xF81F,0xF81F,0xF81F,0xF81F,0xF81F,0xF81F,0xF81F,0xF81F,0xF81F,0xF81F,0xF81F,0xF81F,
    0xF81F,0xF81F,0xF81F,0xF81F,0xF81F,0xF81F,0xF81F,0xF81F,0xF81F,0xF81F,0xF81F,0xF81F,
    0xF81F,0xF81F,0xF81F,0xF81F,0xF81F,0xF81F,0xF81F,0xF81F,0xF81F,0xF81F,0xF81F,0xF81F,
    0xF81F,0xF81F,0xF81F,0xF81F,0xF81F,0xF81F,0xF81F,0xF81F,0xF81F,0xF81F,0xF81F,0xF81F,
    0xF81F,0xF81F,0xF81F,0xF81F,0xF81F,0xF81F,0xF81F,0xF81F,0xF81F,0xF81F,0xF81F,0xF81F,
    0xF81F,0xF81F,0xF81F,0xF81F,0xF81F,0xF81F,0xF81F,0xF81F,0xF81F,0xF81F,0xF81F,0xF81F,
    0xF81F,0xF81F,0xF81F,0xF81F,0xF81F,0xF81F,0xF81F,0xF81F,0xF81F,0xF81F,0xF81F,0xF81F,
    0xF81F,0xF81F,0xF81F,0xF81F,0xF81F,0xF81F,0xF81F,0xF81F,0xF81F,0xF81F,0xF81F,0xF81F,
    0xF81F,0xF81F,0xF81F,0xF81F,0xF81F,0xF81F,0xF81F,0xF81F,0xF81F,0xF81F,0xF81F,0xF81F,
    0xF81F,0xF81F,0xF81F,0xF81F,0xF81F,0xF81F,0xF81F,0xF81F,0xF81F,0xF81F,0xF81F,0xF81F,
    0xF81F,0xF81F,0xF81F,0xF81F,0xF81F,0xF81F,0xF81F,0xF81F,0xF81F,0xF81F,0xF81F,0xF81F,
    0xF81F,0xF81F,0xF81F,0xF81F,0xF81F,0xF81F,0xF81F,0xF81F,0xF81F,0xF81F,0xF81F,0xF81F,
    0xF81F,0xF81F,0xF81F,0xF81F,0xF81F,0xF81F,0xF81F,0xF81F,0xF81F,0xF81F,0xF81F,0xF81F,
    0xF81F,0xF81F,0xF81F,0xF81F,0xF81F,0xF81F,0xF81F,0xF81F,0xF81F,0xF81F,0xF81F,0xF81F,
    0xF81F,0xF81F,0xF81F,0xF81F,0xF81F,0xF81F,0xF81F,0xF81F,0xF81F,0xF81F,0xF81F,0xF81F,
    0xF81F,0xF81F,0xF81F,0xF81F,0xF81F,0xF81F,0xF81F,0xF81F,0xF81F,0xF81F,0xF81F,0xF81F,
    0xF81F,0xF81F,0xF81F,0xF81F,0xF81F,0xF81F,0xF81F,0xF81F,0xF81F,0xF81F,0xF81F,0xF81F,
    0xF81F,0xF81F,0xF81F,0xF81F,0xF81F,0xF81F,0xF81F,0xF81F,0xF81F,0xF81F,0xF81F,0xF81F,
    0xF81F,0xF81F,0xF81F,0xF81F,0xF81F,0xF81F,0xF81F,0xF81F,0xF81F,0xF81F,0xF81F,0xF81F,
    0xF81F,0xF81F,0xF81F,0xF81F,0xF81F,0xF81F,0xF81F,0xF81F,0xF81F,0xF81F,0xF81F,0xF81F,
    0xF81F,0xF81F,0xF81F,0xF81F,0xF81F,0xF81F,0xF81F,0xF81F,0xF81F,0xF81F,0xF81F,0xF81F,
    0xF81F,0xF81F,0xF81F,0xF81F,0xF81F,0xF81F,0xF81F,0xF81F,0xF81F,0xF81F,0xF81F,0xF81F,
    0xF81F,0xF81F,0xF81F,0xF81F,0xF81F,0xF81F,0xF81F,0xF81F,0xF81F,0xF81F,0xF81F,0xF81F,
    0xF81F,0xF81F,0xF81F,0xF81F,0xF81F,0xF81F,0xF81F,0xF81F,0xF81F,0xF81F,0xF81F,0xF81F,
    0xF81F,0xF81F,0xF81F,0xF81F,0xF81F,0xF81F,0xF81F,0xF81F,0xF81F,0xF81F,0xF81F,0xF81F,
    0xF81F,0xF81F,0xF81F,0xF81F,0xF81F,0xF81F,0xF81F,0xF81F,0xF81F,0xF81F,0xF81F,0xF81F,
    0xF81F,0xF81F,0xF81F,0xF81F,0xF81F,0xF81F,0xF81F,0xF81F,0xF81F,0xF81F,0xF81F,0xF81F,
    0xF81F,0xF81F,0xF81F,0xF81F,0xF81F,0xF81F,0xF81F,0xF81F,0xF81F,0xF81F,0xF81F,0xF81F,
    0xF81F,0xF81F,0xF81F,0xF81F,0xF81F,0xF81F,0xF81F,0xF81F,0xF81F,0xF81F,0xF81F,0xF81F,
    0xF81F,0xF81F,0xF81F,0xF81F,0xF81F,0xF81F,0xF81F,0xF81F,0xF81F,0xF81F,0xF81F,0xF81F,
    0xF81F,0xF81F,0xF81F,0xF81F,0xF81F,0xF81F,0xF81F,0xF81F,0xF81F,0xF81F,0xF81F,0xF81F,
    0xF81F,0xF81F,0xF81F,0xF81F,0xF81F,0xF81F,0xF81F,0xF81F,0xF81F,0xF81F,0xF81F,0xF81F,
    0xF81F,0xF81F,0xF81F,0xF81F,0xF81F,0xF81F,0xF81F,0xF81F,0xF81F,0xF81F,0xF81F,0xF81F,
    0xF81F,0xF81F,0xF81F,0xF81F,0xF81F,0xF81F,0xF81F,0xF81F,0xF81F,0xF81F,0xF81F,0xF81F,
    0xF81F,0xF81F,0xF81F,0xF81F,0xF81F,0xF81F,0xF81F,0xF81F,0xF81F,0xF81F,0xF81F,0xF81F,
    0xF81F,0xF81F,0xF81F,0xF81F,0xF81F,0xF81F,0xF81F,0xF81F,0xF81F,0xF81F,0xF81F,0xF81F,
    0xF81F,0xF81F,0xF81F,0xF81F,0xF81F,0xF81F,0xF81F,0xF81F,0xF81F,0xF81F,0xF81F,0xF81F,
    0xF81F,0xF81F,0xF81F,0xF81F,0xF81F,0xF81F,0xF81F,0xF81F,0xF81F,0xF81F,0xF81F,0xF81F,
    0xF81F,0xF81F,0xF81F,0xF81F,0xF81F,0xF81F,0xF81F,0xF81F,0xF81F,0xF81F,0xF81F,0xF81F,
    0xF81F,0xF81F,0xF81F,0xF81F,0xF81F,0xF81F,0xF81F,0xF81F,0xF81F,0xF81F,0xF81F,0xF81F,
    0xF81F,0xF81F,0xF81F,0xF81F,0xF81F,0xF81F,0xF81F,0xF81F,0xF81F,0xF81F,0xF81F,0xF81F,
    0xF81F,0xF81F,0xF81F,0xF81F,0xF81F,0xF81F,0xF81F,0xF81F,0xF81F,0xF81F,0xF81F,0xF81F,
    0xF81F,0xF81F,0xF81F,0xF81F,0xF81F,0xF81F,0xF81F,0xF81F,0xF81F,0xF81F,0xF81F,0xF81F,
    0xF81F,0xF81F,0xF81F,0xF81F,0xF81F,0xF81F,0xF81F,0xF81F,0xF81F,0xF81F,0xF81F,0xF81F,
    0xF81F,0xF81F,0xF81F,0xF81F,0xF81F,0xF81F,0xF81F,0xF81F,0xF81F,0xF81F,0xF81F,0xF81F,
    0xF81F,0xF81F,0xF81F,0xF81F,0xF81F,0xF81F,0xF81F,0xF81F,0xF81F,0xF81F,0xF81F,0xF81F,
    0xF81F,0xF81F,0xF81F,0xF81F,0xF81F,0xF81F,0xF81F,0xF81F,0xF81F,0xF81F,0xF81F,0xF81F,
    0xF81F,0xF81F,0xF81F,0xF81F,0xF81F,0xF81F,0xF81F,0xF81F,0xF81F,0xF81F,0xF81F,0xF81F,
    0xF81F,0xF81F,0xF81F,0xF81F,0xF81F,0xF81F,0xF81F,0xF81F,0xF81F,0xF81F,0xF81F,0xF81F,
    0xF81F,0xF81F,0xF81F,0xF81F,0xF81F,0xF81F,0xF81F,0xF81F,0xF81F,0xF81F,0xF81F,0xF81F,
    0xF81F,0xF81F,0xF81F,0xF81F,0xF81F,0xF81F,0xF81F,0xF81F,0xF81F,0xF81F,0xF81F,0xF81F,
    0xF81F,0xF81F,0xF81F,0xF81F,0xF81F,0xF81F,0xF81F,0xF81F,0xF81F,0xF81F,0xF81F,0xF81F,
    0xF81F,0xF81F,0xF81F,0xF81F,0xF81F,0xF81F,0xF81F,0xF81F,0xF81F,0xF81F,0xF81F,0xF81F,
    0xF81F,0xF81F,0xF81F,0xF81F,0xF81F,0xF81F,0xF81F,0xF81F,0xF81F,0xF81F,0xF81F,0xF81F,
    0xF81F,0xF81F,0xF81F,0xF81F,0xF81F,0xF81F,0xF81F,0xF81F,0xF81F,0xF81F,0xF81F,0xF81F,
    0xF81F,0xF81F,0xF81F,0xF81F,0xF81F,0xF81F,0xF81F,0xF81F,0xF81F,0xF81F,0xF81F,0xF81F,
    0xF81F,0xF81F,0xF81F,0xF81F,0xF81F,0xF81F,0xF81F,0xF81F,0xF81F,0xF81F,0xF81F,0xF81F,
    0xF81F,0xF81F,0xF81F,0xF81F,0xF81F,0xF81F,0xF81F,0xF81F,0xF81F,0xF81F,0xF81F,0xF81F,
    0xF81F,0xF81F,0xF81F,0xF81F,0xF81F,0xF81F,0xF81F,0xF81F,0xF81F,0xF81F,0xF81F,0xF81F,
    0xF81F,0xF81F,0xF81F,0xF81F,0xF81F,0xF81F,0xF81F,0xF81F,0xF81F,0xF81F,0xF81F,0xF81F,
    0xF81F,0xF81F,0xF81F,0xF81F,0xF81F,0xF81F,0xF81F,0xF81F,0xF81F,0xF81F,0xF81F,0xF81F,
    0xF81F,0xF81F,0xF81F,0xF81F,0xF81F,0xF81F,0xF81F,0xF81F,0xF81F,0xF81F,0xF81F,0xF81F,
    0xF81F,0xF81F,0xF81F,0xF81F,0xF81F,0xF81F,0xF81F,0xF81F,0xF81F,0xF81F,0xF81F,0xF81F,
    0xF81F,0xF81F,0xF81F,0xF81F,0xF81F,0xF81F,0xF81F,0xF81F,0xF81F,0xF81F,0xF81F,0xF81F,
    0xF81F,0xF81F,0xF81F,0xF81F,0xF81F,0xF81F,0xF81F,0xF81F,0xF81F,0xF81F,0xF81F,0xF81F,
    0xF81F,0xF81F,0xF81F,0xF81F,0xF81F,0xF81F,0xF81F,0xF81F,0xF81F,0xF81F,0xF81F,0xF81F,
    0xF81F,0xF81F,0xF81F,0xF81F,0xF81F,0xF81F,0xF81F,0xF81F,0xF81F,0xF81F,0xF81F,0xF81F,
    0xF81F,0xF81F,0xF81F,0xF81F,0xF81F,0xF81F,0xF81F,0xF81F,0xF81F,0xF81F,0xF81F,0xF81F,
    0xF81F,0xF81F,0xF81F,0xF81F,0xF81F,0xF81F,0xF81F,0xF81F,0xF81F,0xF81F,0xF81F,0xF81F,
    0xF81F,0xF81F,0xF81F,0xF81F,0xF81F,0xF81F,0xF81F,0xF81F,0xF81F,0xF81F,0xF81F,0xF81F,
    0xF81F,0xF81F,0xF81F,0xF81F,0xF81F,0x09E8,0x09E8,0x09E8,0x09E8,0x09E8,0x09E8,0x09E8,
    0x09E8,0x09E8,0x09E8,0x09E8,0x09E8,0x09E8,0x09E8,0x09E8,0x09E8,0x09E8,0x09E8,0x09E8,
    0x09E8,0xF81F,0xF81F,0xF81F,0xF81F,0xF81F,0xF81F,0xF81F,0xF81F,0xF81F,0xF81F,0xF81F,
    0xF81F,0xF81F,0xF81F,0xF81F,0xF81F,0xF81F,0xF81F,0xF81F,0xF81F,0xF81F,0xF81F,0xF81F,
    0xF81F,0xF81F,0xF81F,0xF81F,0xF81F,0xF81F,0xF81F,0xF81F,0xF81F,0xF81F,0xF81F,0xF81F,
    0xF81F,0xF81F,0xF81F,0xF81F,0xF81F,0xF81F,0xF81F,0xF81F,0xF81F,0xF81F,0xF81F,0xF81F,
    0xF81F,0xF81F,0xF81F,0xF81F,0xF81F,0xF81F,0xF81F,0xF81F,0xF81F,0xF81F,0xF81F,0xF81F,
    0xF81F,0xF81F,0xF81F,0xF81F,0xF81F,0xF81F,0xF81F,0xF81F,0xF81F,0xF81F,0xF81F,0xF81F,
    0xF81F,0xF81F,0xF81F,0xF81F,0xF81F,0xF81F,0xF81F,0xF81F,0xF81F,0xF81F,0xF81F,0xF81F,
    0xF81F,0xF81F,0xF81F,0xF81F,0xF81F,0xF81F,0xF81F,0xF81F,0xF81F,0xF81F,0xF81F,0xF81F,
    0xF81F,0xF81F,0xF81F,0xF81F,0xF81F,0xF81F,0xF81F,0xF81F,0xF81F,0xF81F,0xF81F,0xF81F,
    0xF81F,0xF81F,0xF81F,0xF81F,0xF81F,0xF81F,0xF81F,0xF81F,0xF81F,0xF81F,0xF81F,0xF81F,
    0xF81F,0xF81F,0xF81F,0xF81F,0xF81F,0xF81F,0xF81F,0x09E8,0x09E8,0x09E8,0x09E8,0x09E8,
    0x09E8,0x09E8,0x09E8,0x09E8,0x09E8,0x09E8,0x09E8,0x09E8,0x09E8,0x09E8,0x09E8,0x09E8,
    0x09E8,0x09E8,0x09E8,0x09E8,0x09E8,0x09E8,0x09E8,0x09E8,0x09E8,0x09E8,0x09E8,0xF81F,
    0xF81F,0xF81F,0xF81F,0xF81F,0xF81F,0xF81F,0xF81F,0xF81F,0xF81F,0xF81F,0xF81F,0xF81F,
    0xF81F,0xF81F,0xF81F,0xF81F,0xF81F,0xF81F,0xF81F,0xF81F,0xF81F,0xF81F,0xF81F,0xF81F,
    0xF81F,0xF81F,0xF81F,0xF81F,0xF81F,0xF81F,0xF81F,0xF81F,0xF81F,0xF81F,0xF81F,0xF81F,
    0xF81F,0xF81F,0xF81F,0xF81F,0xF81F,0xF81F,0xF81F,0xF81F,0xF81F,0xF81F,0xF81F,0xF81F,
    0xF81F,0xF81F,0xF81F,0xF81F,0xF81F,0xF81F,0xF81F,0xF81F,0xF81F,0xF81F,0xF81F,0xF81F,
    0xF81F,0xF81F,0xF81F,0xF81F,0xF81F,0xF81F,0xF81F,0xF81F,0xF81F,0xF81F,0xF81F,0xF81F,
    0xF81F,0xF81F,0xF81F,0xF81F,0xF81F,0xF81F,0xF81F,0xF81F,0xF81F,0xF81F,0xF81F,0xF81F,
    0xF81F,0xF81F,0xF81F,0xF81F,0xF81F,0xF81F,0xF81F,0xF81F,0xF81F,0xF81F,0xF81F,0xF81F,
    0xF81F,0xF81F,0xF81F,0xF81F,0xF81F,0xF81F,0xF81F,0xF81F,0xF81F,0xF81F,0xF81F,0xF81F,
    0xF81F,0xF81F,0xF81F,0xF81F,0xF81F,0xF81F,0xF81F,0xF81F,0xF81F,0xF81F,0x09E8,0x09E8,
    0x09E8,0x09E8,0x09E8,0x09E8,0x09E8,0x09E8,0x09E8,0x09E8,0x11E8,0x1A6A,0x2AEC,0x2B2D,
    0x336D,0x3B8E,0x3BAE,0x3BAE,0x3B8E,0x336D,0x2B2D,0x2AEC,0x1A6A,0x11E8,0x09E8,0x09E8,
    0x09E8,0x09E8,0x09E8,0x09E8,0x09E8,0x09E8,0x09E8,0x09E8,0xF81F,0xF81F,0xF81F,0xF81F,
    0xF81F,0xF81F,0xF81F,0xF81F,0xF81F,0xF81F,0xF81F,0xF81F,0xF81F,0xF81F,0xF81F,0xF81F,
    0xF81F,0xF81F,0xF81F,0xF81F,0xF81F,0xF81F,0xF81F,0xF81F,0xF81F,0xF81F,0xF81F,0xF81F,
    0xF81F,0xF81F,0xF81F,0xF81F,0xF81F,0xF81F,0xF81F,0xF81F,0xF81F,0xF81F,0xF81F,0xF81F,
    0xF81F,0xF81F,0xF81F,0xF81F,0xF81F,0xF81F,0xF81F,0xF81F,0xF81F,0xF81F,0xF81F,0xF81F,
    0xF81F,0xF81F,0xF81F,0xF81F,0xF81F,0xF81F,0xF81F,0xF81F,0xF81F,0xF81F,0xF81F,0xF81F,
    0xF81F,0xF81F,0xF81F,0xF81F,0xF81F,0xF81F,0xF81F,0xF81F,0xF81F,0xF81F,0xF81F,0xF81F,
    0xF81F,0xF81F,0xF81F,0xF81F,0xF81F,0xF81F,0xF81F,0xF81F,0xF81F,0xF81F,0xF81F,0xF81F,
    0xF81F,0xF81F,0xF81F,0xF81F,0xF81F,0xF81F,0xF81F,0xF81F,0xF81F,0xF81F,0xF81F,0xF81F,
    0xF81F,0xF81F,0xF81F,0xF81F,0xF81F,0xF81F,0xF81F,0xF81F,0xF81F,0xF81F,0xF81F,0xF81F,
    0xF81F,0xF81F,0x09E8,0x09E8,0x09E8,0x09E8,0x09E8,0x09E8,0x09E8,0x1208,0x22CB,0x3BCF,
    0x5491,0x6533,0x6DB5,0x6DB6,0x6DB6,0x6DB6,0x6DB6,0x6DB6,0x6DB6,0x6DB6,0x6DB6,0x6DB6,
    0x6DB6,0x6DB6,0x6DB6,0x6DB5,0x6533,0x5491,0x3BCE,0x22CB,0x1208,0x09E8,0x09E8,0x09E8,
    0x09E8,0x09E8,0x09E8,0x09E8,0xF81F,0xF81F,0xF81F,0xF81F,0xF81F,0xF81F,0xF81F,0xF81F,
    0xF81F,0xF81F,0xF81F,0xF81F,0xF81F,0xF81F,0xF81F,0xF81F,0xF81F,0xF81F,0xF81F,0xF81F,
    0xF81F,0xF81F,0xF81F,0xF81F,0xF81F,0xF81F,0xF81F,0xF81F,0xF81F,0xF81F,0xF81F,0xF81F,
    0xF81F,0xF81F,0xF81F,0xF81F,0xF81F,0xF81F,0xF81F,0xF81F,0xF81F,0xF81F,0xF81F,0xF81F,
    0xF81F,0xF81F,0xF81F,0xF81F,0xF81F,0xF81F,0xF81F,0xF81F,0xF81F,0xF81F,0xF81F,0xF81F,
    0xF81F,0xF81F,0xF81F,0xF81F,0xF81F,0xF81F,0xF81F,0xF81F,0xF81F,0xF81F,0xF81F,0xF81F,
    0xF81F,0xF81F,0xF81F,0xF81F,0xF81F,0xF81F,0xF81F,0xF81F,0xF81F,0xF81F,0xF81F,0xF81F,
    0xF81F,0xF81F,0xF81F,0xF81F,0xF81F,0xF81F,0xF81F,0xF81F,0xF81F,0xF81F,0xF81F,0xF81F,
    0xF81F,0xF81F,0xF81F,0xF81F,0xF81F,0xF81F,0xF81F,0xF81F,0xF81F,0xF81F,0xF81F,0xF81F,
    0xF81F,0xF81F,0xF81F,0xF81F,0xF81F,0xF81F,0x09E8,0x09E8,0x09E8,0x09E8,0x09E8,0x09E8,
    0x1A49,0x3B8E,0x54D2,0x6D95,0x6DB6,0x6DB6,0x6DB6,0x6DB6,0x6DB6,0x6DB6,0x6DB6,0x6DB6,
    0x6DB6,0x6DB6,0x6DB6,0x6DB6,0x6DB6,0x6DB6,0x6DB6,0x6DB6,0x6DB6,0x6DB6,0x6DB6,0x6DB6,
    0x6DB6,0x6DB6,0x6D95,0x54D2,0x3B8E,0x1A49,0x09E8,0x09E8,0x09E8,0x09E8,0x09E8,0x09E8,
    0xF81F,0xF81F,0xF81F,0xF81F,0xF81F,0xF81F,0xF81F,0xF81F,0xF81F,0xF81F,0xF81F,0xF81F,
    0xF81F,0xF81F,0xF81F,0xF81F,0xF81F,0xF81F,0xF81F,0xF81F,0xF81F,0xF81F,0xF81F,0xF81F,
    0xF81F,0xF81F,0xF81F,0xF81F,0xF81F,0xF81F,0xF81F,0xF81F,0xF81F,0xF81F,0xF81F,0xF81F,
    0xF81F,0xF81F,0xF81F,0xF81F,0xF81F,0xF81F,0xF81F,0xF81F,0xF81F,0xF81F,0xF81F,0xF81F,
    0xF81F,0xF81F,0xF81F,0xF81F,0xF81F,0xF81F,0xF81F,0xF81F,0xF81F,0xF81F,0xF81F,0xF81F,
    0xF81F,0xF81F,0xF81F,0xF81F,0xF81F,0xF81F,0xF81F,0xF81F,0xF81F,0xF81F,0xF81F,0xF81F,
    0xF81F,0xF81F,0xF81F,0xF81F,0xF81F,0xF81F,0xF81F,0xF81F,0xF81F,0xF81F,0xF81F,0xF81F,
    0xF81F,0xF81F,0xF81F,0xF81F,0xF81F,0xF81F,0xF81F,0xF81F,0xF81F,0xF81F,0xF81F,0xF81F,
    0xF81F,0xF81F,0xF81F,0xF81F,0xF81F,0xF81F,0xF81F,0xF81F,0xF81F,0xF81F,0x09E8,0x09E8,
    0x09E8,0x09E8,0x09E8,0x1209,0x336D,0x54D2,0x6DB6,0x6DB6,0x6DB6,0x6DB6,0x6DB6,0x6DB6,
    0x6DB6,0x6DB6,0x6DB6,0x6DB6,0x6DB6,0x6DB6,0x6DB6,0x6DB6,0x6DB6,0x6DB6,0x6DB6,0x6DB6,
    0x6DB6,0x6DB6,0x6DB6,0x6DB6,0x6DB6,0x6DB6,0x6DB6,0x6DB6,0x6DB6,0x6DB6,0x6DB6,0x6DB5,
    0x54D2,0x336D,0x1209,0x09E8,0x09E8,0x09E8,0x09E8,0x09E8,0xF81F,0xF81F,0xF81F,0xF81F,
    0xF81F,0xF81F,0xF81F,0xF81F,0xF81F,0xF81F,0xF81F,0xF81F,0xF81F,0xF81F,0xF81F,0xF81F,
    0xF81F,0xF81F,0xF81F,0xF81F,0xF81F,0xF81F,0xF81F,0xF81F,0xF81F,0xF81F,0xF81F,0xF81F,
    0xF81F,0xF81F,0xF81F,0xF81F,0xF81F,0xF81F,0xF81F,0xF81F,0xF81F,0xF81F,0xF81F,0xF81F,
    0xF81F,0xF81F,0xF81F,0xF81F,0xF81F,0xF81F,0xF81F,0xF81F,0xF81F,0xF81F,0xF81F,0xF81F,
    0xF81F,0xF81F,0xF81F,0xF81F,0xF81F,0xF81F,0xF81F,0xF81F,0xF81F,0xF81F,0xF81F,0xF81F,
    0xF81F,0xF81F,0xF81F,0xF81F,0xF81F,0xF81F,0xF81F,0xF81F,0xF81F,0xF81F,0xF81F,0xF81F,
    0xF81F,0xF81F,0xF81F,0xF81F,0xF81F,0xF81F,0xF81F,0xF81F,0xF81F,0xF81F,0xF81F,0xF81F,
    0xF81F,0xF81F,0xF81F,0xF81F,0xF81F,0xF81F,0xF81F,0xF81F,0xF81F,0xF81F,0xF81F,0xF81F,
    0xF81F,0xF81F,0x09E8,0x09E8,0x09E8,0x09E8,0x09E8,0x1A49,0x3BCF,0x6D75,0x6DB6,0x6DB6,
    0x6DB6,0x6DB6,0x6DB6,0x6DB6,0x6DB6,0x6DB6,0x6DB6,0x6DB6,0x6DB6,0x6DB6,0x6DB6,0x6DB6,
    0x6DB6,0x6DB6,0x6DB6,0x6DB6,0x6DB6,0x6DB6,0x6DB6,0x6DB6,0x6DB6,0x6DB6,0x6DB6,0x6DB6,
    0x6DB6,0x6DB6,0x6DB6,0x6DB6,0x6DB6,0x6DB6,0x6DB6,0x6DB6,0x6D95,0x4410,0x1A49,0x09E8,
    0x09E8,0x09E8,0x09E8,0x09E8,0xF81F,0xF81F,0xF81F,0xF81F,0xF81F,0xF81F,0xF81F,0xF81F,
    0xF81F,0xF81F,0xF81F,0xF81F,0xF81F,0xF81F,0xF81F,0xF81F,0xF81F,0xF81F,0xF81F,0xF81F,
    0xF81F,0xF81F,0xF81F,0xF81F,0xF81F,0xF81F,0xF81F,0xF81F,0xF81F,0xF81F,0xF81F,0xF81F,
    0xF81F,0xF81F,0xF81F,0xF81F,0xF81F,0xF81F,0xF81F,0xF81F,0xF81F,0xF81F,0xF81F,0xF81F,
    0xF81F,0xF81F,0xF81F,0xF81F,0xF81F,0xF81F,0xF81F,0xF81F,0xF81F,0xF81F,0xF81F,0xF81F,
    0xF81F,0xF81F,0xF81F,0xF81F,0xF81F,0xF81F,0xF81F,0xF81F,0xF81F,0xF81F,0xF81F,0xF81F,
    0xF81F,0xF81F,0xF81F,0xF81F,0xF81F,0xF81F,0xF81F,0xF81F,0xF81F,0xF81F,0xF81F,0xF81F,
    0xF81F,0xF81F,0xF81F,0xF81F,0xF81F,0xF81F,0xF81F,0xF81F,0xF81F,0xF81F,0xF81F,0xF81F,
    0xF81F,0xF81F,0xF81F,0xF81F,0xF81F,0xF81F,0x09E8,0x09E8,0x09E8,0x09E8,0x09E8,0x1A49,
    0x4C30,0x6DB5,0x6DB6,0x6DB6,0x6DB6,0x6DB6,0x6DB6,0x6DB6,0x6DB6,0x6DB6,0x6DB6,0x6DB6,
    0x6DB6,0x6DB6,0x6DB6,0x6DB6,0x6DB6,0x6DB6,0x6DB6,0x6DB6,0x6DB6,0x6DB6,0x6DB6,0x6DB6,
    0x6DB6,0x6DB6,0x6DB6,0x6DB6,0x6DB6,0x6DB6,0x6DB6,0x6DB6,0x6DB6,0x6DB6,0x6DB6,0x6DB6,
    0x6DB6,0x6DB6,0x6DB6,0x6DB6,0x6D95,0x4C30,0x1A49,0x09E8,0x09E8,0x09E8,0x09E8,0x09E8,
    0xF81F,0xF81F,0xF81F,0xF81F,0xF81F,0xF81F,0xF81F,0xF81F,0xF81F,0xF81F,0xF81F,0xF81F,
    0xF81F,0xF81F,0xF81F,0xF81F,0xF81F,0xF81F,0xF81F,0xF81F,0xF81F,0xF81F,0xF81F,0xF81F,
    0xF81F,0xF81F,0xF81F,0xF81F,0xF81F,0xF81F,0xF81F,0xF81F,0xF81F,0xF81F,0xF81F,0xF81F,
    0xF81F,0xF81F,0xF81F,0xF81F,0xF81F,0xF81F,0xF81F,0xF81F,0xF81F,0xF81F,0xF81F,0xF81F,
    0xF81F,0xF81F,0xF81F,0xF81F,0xF81F,0xF81F,0xF81F,0xF81F,0xF81F,0xF81F,0xF81F,0xF81F,
    0xF81F,0xF81F,0xF81F,0xF81F,0xF81F,0xF81F,0xF81F,0xF81F,0xF81F,0xF81F,0xF81F,0xF81F,
    0xF81F,0xF81F,0xF81F,0xF81F,0xF81F,0xF81F,0xF81F,0xF81F,0xF81F,0xF81F,0xF81F,0xF81F,
    0xF81F,0xF81F,0xF81F,0xF81F,0xF81F,0xF81F,0xF81F,0xF81F,0xF81F,0xF81F,0xF81F,0x09E8,
    0x09E8,0x09E8,0x09E8,0x1208,0x3B8E,0x6D95,0x6DB6,0x6DB6,0x6DB6,0x6DB6,0x6DB6,0x6DB6,
    0x6DB6,0x6DB6,0x6DB6,0x6DB6,0x6DB6,0x6DB6,0x6DB6,0x6DB6,0x6DB6,0x6DB6,0x6DB6,0x6DB6,
    0x6DB6,0x6DB6,0x6DB6,0x6DB6,0x6DB6,0x6DB6,0x6DB6,0x6DB6,0x6DB6,0x6DB6,0x6DB6,0x6DB6,
    0x6DB6,0x6DB6,0x6DB6,0x6DB6,0x6DB6,0x6DB6,0x6DB6,0x6DB6,0x6DB6,0x6DB6,0x6DB6,0x6DB6,
    0x6D95,0x3BCF,0x1208,0x09E8,0x09E8,0x09E8,0x09E8,0xF81F,0xF81F,0xF81F,0xF81F,0xF81F,
    0xF81F,0xF81F,0xF81F,0xF81F,0xF81F,0xF81F,0xF81F,0xF81F,0xF81F,0xF81F,0xF81F,0xF81F,
    0xF81F,0xF81F,0xF81F,0xF81F,0xF81F,0xF81F,0xF81F,0xF81F,0xF81F,0xF81F,0xF81F,0xF81F,
    0xF81F,0xF81F,0xF81F,0xF81F,0xF81F,0xF81F,0xF81F,0xF81F,0xF81F,0xF81F,0xF81F,0xF81F,
    0xF81F,0xF81F,0xF81F,0xF81F,0xF81F,0xF81F,0xF81F,0xF81F,0xF81F,0xF81F,0xF81F,0xF81F,
    0xF81F,0xF81F,0xF81F,0xF81F,0xF81F,0xF81F,0xF81F,0xF81F,0xF81F,0xF81F,0xF81F,0xF81F,
    0xF81F,0xF81F,0xF81F,0xF81F,0xF81F,0xF81F,0xF81F,0xF81F,0xF81F,0xF81F,0xF81F,0xF81F,
    0xF81F,0xF81F,0xF81F,0xF81F,0xF81F,0xF81F,0xF81F,0xF81F,0xF81F,0xF81F,0xF81F,0xF81F,
    0xF81F,0xF81F,0xF81F,0xF81F,0x09E8,0x09E8,0x09E8,0x09E8,0x2B0C,0x6534,0x6DB6,0x6DB6,
    0x6DB6,0x6DB6,0x6DB6,0x6DB6,0x6DB6,0x6DB6,0x6DB6,0x6DB6,0x6DB6,0x6DB6,0x6DB6,0x6DB6,
    0x6DB6,0x6DB6,0x6DB6,0x6DB6,0x6DB6,0x6DB6,0x6DB6,0x6DB6,0x6DB6,0x6DB6,0x6DB6,0x6DB6,
    0x6DB6,0x6DB6,0x6DB6,0x6DB6,0x6DB6,0x6DB6,0x6DB6,0x6DB6,0x6DB6,0x6DB6,0x6DB6,0x6DB6,
    0x6DB6,0x6DB6,0x6DB6,0x6DB6,0x6DB6,0x6DB6,0x6DB6,0x6DB6,0x6534,0x2B0C,0x09E8,0x09E8,
    0x09E8,0x09E8,0xF81F,0xF81F,0xF81F,0xF81F,0xF81F,0xF81F,0xF81F,0xF81F,0xF81F,0xF81F,
    0xF81F,0xF81F,0xF81F,0xF81F,0xF81F,0xF81F,0xF81F,0xF81F,0xF81F,0xF81F,0xF81F,0xF81F,
    0xF81F,0xF81F,0xF81F,0xF81F,0xF81F,0xF81F,0xF81F,0xF81F,0xF81F,0xF81F,0xF81F,0xF81F,
    0xF81F,0xF81F,0xF81F,0xF81F,0xF81F,0xF81F,0xF81F,0xF81F,0xF81F,0xF81F,0xF81F,0xF81F,
    0xF81F,0xF81F,0xF81F,0xF81F,0xF81F,0xF81F,0xF81F,0xF81F,0xF81F,0xF81F,0xF81F,0xF81F,
    0xF81F,0xF81F,0xF81F,0xF81F,0xF81F,0xF81F,0xF81F,0xF81F,0xF81F,0xF81F,0xF81F,0xF81F,
    0xF81F,0xF81F,0xF81F,0xF81F,0xF81F,0xF81F,0xF81F,0xF81F,0xF81F,0xF81F,0xF81F,0xF81F,
    0xF81F,0xF81F,0xF81F,0xF81F,0xF81F,0xF81F,0xF81F,0xF81F,0x09E8,0x09E8,0x09E8,0x09E8,
    0x1208,0x4410,0x6DB5,0x6DB6,0x6DB6,0x6DB6,0x6DB6,0x6DB6,0x6DB6,0x6DB6,0x6DB6,0x6DB6,
    0x6DB6,0x6DB6,0x6DB6,0x6DB6,0x6DB6,0x6DB6,0x6DB6,0x6DB6,0x6DB6,0x6DB6,0x6DB6,0x6DB6,
    0x6DB6,0x6DB6,0x6DB6,0x6DB6,0x6DB6,0x6DB6,0x6DB6,0x6DB6,0x6DB6,0x6DB6,0x6DB6,0x6DB6,
    0x6DB6,0x6DB6,0x6DB6,0x6DB6,0x6DB6,0x6DB6,0x6DB6,0x6DB6,0x6DB6,0x6DB6,0x6DB6,0x6DB6,
    0x6DB6,0x6DB6,0x6DB6,0x6DB5,0x4C30,0x1208,0x09E8,0x09E8,0x09E8,0x09E8,0xF81F,0xF81F,
    0xF81F,0xF81F,0xF81F,0xF81F,0xF81F,0xF81F,0xF81F,0xF81F,0xF81F,0xF81F,0xF81F,0xF81F,
    0xF81F,0xF81F,0xF81F,0xF81F,0xF81F,0xF81F,0xF81F,0xF81F,0xF81F,0xF81F,0xF81F,0xF81F,
    0xF81F,0xF81F,0xF81F,0xF81F,0xF81F,0xF81F,0xF81F,0xF81F,0xF81F,0xF81F,0xF81F,0xF81F,
    0xF81F,0xF81F,0xF81F,0xF81F,0xF81F,0xF81F,0xF81F,0xF81F,0xF81F,0xF81F,0xF81F,0xF81F,
    0xF81F,0xF81F,0xF81F,0xF81F,0xF81F,0xF81F,0xF81F,0xF81F,0xF81F,0xF81F,0xF81F,0xF81F,
    0xF81F,0xF81F,0xF81F,0xF81F,0xF81F,0xF81F,0xF81F,0xF81F,0xF81F,0xF81F,0xF81F,0xF81F,
    0xF81F,0xF81F,0xF81F,0xF81F,0xF81F,0xF81F,0xF81F,0xF81F,0xF81F,0xF81F,0xF81F,0xF81F,
    0xF81F,0x09E8,0x09E8,0x09E8,0x09E8,0x1A8A,0x5D13,0x6DB6,0x6DB6,0x6DB6,0x6DB6,0x6DB6,
    0x6DB6,0x6DB6,0x6DB6,0x6DB6,0x6DB6,0x6DB6,0x6DB6,0x6DB6,0x6DB6,0x6DB6,0x6DB6,0x6DB6,
    0x6DB6,0x6DB6,0x6DB6,0x6DB6,0x6DB6,0x6DB6,0x6DB6,0x6DB6,0x6DB6,0x6DB6,0x6DB6,0x6DB6,
    0x6DB6,0x6DB6,0x6DB6,0x6DB6,0x6DB6,0x6DB6,0x6DB6,0x6DB6,0x6DB6,0x6DB6,0x6DB6,0x6DB6,
    0x6DB6,0x6DB6,0x6DB6,0x6DB6,0x6DB6,0x6DB6,0x6DB6,0x6DB6,0x6DB6,0x6DB6,0x6DB6,0x5D33,
    0x22AA,0x09E8,0x09E8,0x09E8,0x09E8,0xF81F,0xF81F,0xF81F,0xF81F,0xF81F,0xF81F,0xF81F,
    0xF81F,0xF81F,0xF81F,0xF81F,0xF81F,0xF81F,0xF81F,0xF81F,0xF81F,0xF81F,0xF81F,0xF81F,
    0xF81F,0xF81F,0xF81F,0xF81F,0xF81F,0xF81F,0xF81F,0xF81F,0xF81F,0xF81F,0xF81F,0xF81F,
    0xF81F,0xF81F,0xF81F,0xF81F,0xF81F,0xF81F,0xF81F,0xF81F,0xF81F,0xF81F,0xF81F,0xF81F,
    0xF81F,0xF81F,0xF81F,0xF81F,0xF81F,0xF81F,0xF81F,0xF81F,0xF81F,0xF81F,0xF81F,0xF81F,
    0xF81F,0xF81F,0xF81F,0xF81F,0xF81F,0xF81F,0xF81F,0xF81F,0xF81F,0xF81F,0xF81F,0xF81F,
    0xF81F,0xF81F,0xF81F,0xF81F,0xF81F,0xF81F,0xF81F,0xF81F,0xF81F,0xF81F,0xF81F,0xF81F,
    0xF81F,0xF81F,0xF81F,0xF81F,0xF81F,0xF81F,0x09E8,0x09E8,0x09E8,0x09E8,0x2B2C,0x6D95,
    0x6DB6,0x6DB6,0x6DB6,0x6DB6,0x6DB6,0x6DB6,0x6DB6,0x6DB6,0x6DB6,0x6DB6,0x6DB6,0x6DB6,
    0x6DB6,0x6DB6,0x6DB6,0x6DB6,0x6DB6,0x6DB6,0x6DB6,0x6DB6,0x6DB6,0x6DB6,0x6DB6,0x6DB6,
    0x6DB6,0x6DB6,0x6DB6,0x6DB6,0x6DB6,0x6DB6,0x6DB6,0x6DB6,0x6DB6,0x6DB6,0x6DB6,0x6DB6,
    0x6DB6,0x6DB6,0x6DB6,0x6DB6,0x6DB6,0x6DB6,0x6DB6,0x6DB6,0x6DB6,0x6DB6,0x6DB6,0x6DB6,
    0x6DB6,0x6DB6,0x6DB6,0x6DB6,0x6DB6,0x6DB6,0x6D95,0x2B0C,0x09E8,0x09E8,0x09E8,0x09E8,
    0xF81F,0xF81F,0xF81F,0xF81F,0xF81F,0xF81F,0xF81F,0xF81F,0xF81F,0xF81F,0xF81F,0xF81F,
    0xF81F,0xF81F,0xF81F,0xF81F,0xF81F,0xF81F,0xF81F,0xF81F,0xF81F,0xF81F,0xF81F,0xF81F,
    0xF81F,0xF81F,0xF81F,0xF81F,0xF81F,0xF81F,0xF81F,0xF81F,0xF81F,0xF81F,0xF81F,0xF81F,
    0xF81F,0xF81F,0xF81F,0xF81F,0xF81F,0xF81F,0xF81F,0xF81F,0xF81F,0xF81F,0xF81F,0xF81F,
    0xF81F,0xF81F,0xF81F,0xF81F,0xF81F,0xF81F,0xF81F,0xF81F,0xF81F,0xF81F,0xF81F,0xF81F,
    0xF81F,0xF81F,0xF81F,0xF81F,0xF81F,0xF81F,0xF81F,0xF81F,0xF81F,0xF81F,0xF81F,0xF81F,
    0xF81F,0xF81F,0xF81F,0xF81F,0xF81F,0xF81F,0xF81F,0xF81F,0xF81F,0xF81F,0xF81F,0x09E8,
    0x09E8,0x09E8,0x09E8,0x3B8E,0x6DB6,0x6DB6,0x6DB6,0x6DB6,0x6DB6,0x6DB6,0x6DB6,0x6DB6,
    0x6DB6,0x6DB6,0x6DB6,0x6DB6,0x6DB6,0x6DB6,0x6DB6,0x6DB6,0x6DB6,0x6DB6,0x6DB6,0x6DB6,
    0x6DB6,0x6DB6,0x6DB6,0x6DB6,0x6DB6,0x6DB6,0x6DB6,0x6DB6,0x6DB6,0x6DB6,0x6DB6,0x6DB6,
    0x6DB6,0x6DB6,0x6DB6,0x6DB6,0x6DB6,0x6DB6,0x6DB6,0x6DB6,0x6DB6,0x6DB6,0x6DB6,0x6DB6,
    0x6DB6,0x6DB6,0x6DB6,0x6DB6,0x6DB6,0x6DB6,0x6DB6,0x6DB6,0x6DB6,0x6DB6,0x6DB6,0x6DB6,
    0x6DB6,0x6DB5,0x3BCF,0x09E8,0x09E8,0x09E8,0x09E8,0xF81F,0xF81F,0xF81F,0xF81F,0xF81F,
    0xF81F,0xF81F,0xF81F,0xF81F,0xF81F,0xF81F,0xF81F,0xF81F,0xF81F,0xF81F,0xF81F,0xF81F,
    0xF81F,0xF81F,0xF81F,0xF81F,0xF81F,0xF81F,0xF81F,0xF81F,0xF81F,0xF81F,0xF81F,0xF81F,
    0xF81F,0xF81F,0xF81F,0xF81F,0xF81F,0xF81F,0xF81F,0xF81F,0xF81F,0xF81F,0xF81F,0xF81F,
    0xF81F,0xF81F,0xF81F,0xF81F,0xF81F,0xF81F,0xF81F,0xF81F,0xF81F,0xF81F,0xF81F,0xF81F,
    0xF81F,0xF81F,0xF81F,0xF81F,0xF81F,0xF81F,0xF81F,0xF81F,0xF81F,0xF81F,0xF81F,0xF81F,
    0xF81F,0xF81F,0xF81F,0xF81F,0xF81F,0xF81F,0xF81F,0xF81F,0xF81F,0xF81F,0xF81F,0xF81F,
    0xF81F,0xF81F,0xF81F,0xF81F,0x09E8,0x09E8,0x09E8,0x09E8,0x4410,0x6DB6,0x6DB6,0x6DB6,
    0x6DB6,0x6DB6,0x6DB6,0x6DB6,0x6DB6,0x6DB6,0x6DB6,0x6DB6,0x6DB6,0x6DB6,0x6DB6,0x6DB6,
    0x6DB6,0x6DB6,0x6DB6,0x6DB6,0x6DB6,0x6DB6,0x6DB6,0x6DB6,0x6DB6,0x6DB6,0x6DB6,0x6DB6,
    0x6DB6,0x6DB6,0x6DB6,0x6DB6,0x6DB6,0x6DB6,0x6DB6,0x6DB6,0x6DB6,0x6DB6,0x6DB6,0x6DB6,
    0x6DB6,0x6DB6,0x6DB6,0x6DB6,0x6DB6,0x6DB6,0x6DB6,0x6DB6,0x6DB6,0x6DB6,0x6DB6,0x6DB6,
    0x6DB6,0x6DB6,0x6DB6,0x6DB6,0x6DB6,0x6DB6,0x6DB6,0x6DB6,0x6DB6,0x4410,0x09E8,0x09E8,
    0x09E8,0x09E8,0xF81F,0xF81F,0xF81F,0xF81F,0xF81F,0xF81F,0xF81F,0xF81F,0xF81F,0xF81F,
    0xF81F,0xF81F,0xF81F,0xF81F,0xF81F,0xF81F,0xF81F,0xF81F,0xF81F,0xF81F,0xF81F,0xF81F,
    0xF81F,0xF81F,0xF81F,0xF81F,0xF81F,0xF81F,0xF81F,0xF81F,0xF81F,0xF81F,0xF81F,0xF81F,
    0xF81F,0xF81F,0xF81F,0xF81F,0xF81F,0xF81F,0xF81F,0xF81F,0xF81F,0xF81F,0xF81F,0xF81F,
    0xF81F,0xF81F,0xF81F,0xF81F,0xF81F,0xF81F,0xF81F,0xF81F,0xF81F,0xF81F,0xF81F,0xF81F,
    0xF81F,0xF81F,0xF81F,0xF81F,0xF81F,0xF81F,0xF81F,0xF81F,0xF81F,0xF81F,0xF81F,0xF81F,
    0xF81F,0xF81F,0xF81F,0xF81F,0xF81F,0xF81F,0xF81F,0xF81F,0xF81F,0x09E8,0x09E8,0x09E8,
    0x09E8,0x4410,0x6DB6,0x6DB6,0x6DB6,0x6DB6,0x6DB6,0x6DB6,0x6DB6,0x6DB6,0x6DB6,0x6DB6,
    0x6DB6,0x6DB6,0x6DB6,0x6DB6,0x6DB6,0x6DB6,0x6DB6,0x6DB6,0x6DB6,0x6DB6,0x6DB6,0x6DB6,
    0x6DB6,0x6DB6,0x6DB6,0x6DB6,0x6DB6,0x6DB6,0x6DB6,0x6DB6,0x6DB6,0x6DB6,0x6DB6,0x6DB6,
    0x6DB6,0x6DB6,0x6DB6,0x6DB6,0x6DB6,0x6DB6,0x6DB6,0x6DB6,0x6DB6,0x6DB6,0x6DB6,0x6DB6,
    0x6DB6,0x6DB6,0x6DB6,0x6DB6,0x6DB6,0x6DB6,0x6DB6,0x6DB6,0x6DB6,0x6DB6,0x6DB6,0x6DB6,
    0x6DB6,0x6DB6,0x6DB6,0x6DB6,0x4410,0x09E8,0x09E8,0x09E8,0x09E8,0xF81F,0xF81F,0xF81F,
    0xF81F,0xF81F,0xF81F,0xF81F,0xF81F,0xF81F,0xF81F,0xF81F,0xF81F,0xF81F,0xF81F,0xF81F,
    0xF81F,0xF81F,0xF81F,0xF81F,0xF81F,0xF81F,0xF81F,0xF81F,0xF81F,0xF81F,0xF81F,0xF81F,
    0xF81F,0xF81F,0xF81F,0xF81F,0xF81F,0xF81F,0xF81F,0xF81F,0xF81F,0xF81F,0xF81F,0xF81F,
    0xF81F,0xF81F,0xF81F,0xF81F,0xF81F,0xF81F,0xF81F,0xF81F,0xF81F,0xF81F,0xF81F,0xF81F,
    0xF81F,0xF81F,0xF81F,0xF81F,0xF81F,0xF81F,0xF81F,0xF81F,0xF81F,0xF81F,0xF81F,0xF81F,
    0xF81F,0xF81F,0xF81F,0xF81F,0xF81F,0xF81F,0xF81F,0xF81F,0xF81F,0xF81F,0xF81F,0xF81F,
    0xF81F,0xF81F,0x09E8,0x09E8,0x09E8,0x09E8,0x43EF,0x6DB6,0x6DB6,0x6DB6,0x6DB6,0x6DB6,
    0x6DB6,0x6DB6,0x6DB6,0x6DB6,0x6DB6,0x6DB6,0x6DB6,0x6DB6,0x6DB6,0x6DB6,0x6DB6,0x6DB6,
    0x6DB6,0x6DB6,0x6DB6,0x6DB6,0x6DB6,0x6DB6,0x6DB6,0x6DB6,0x6DB6,0x6DB6,0x6DB6,0x6DB6,
    0x6DB6,0x6DB6,0x6DB6,0x6DB6,0x6DB6,0x6DB6,0x6DB6,0x6DB6,0x6DB6,0x6DB6,0x6DB6,0x6DB6,
    0x6DB6,0x6DB6,0x6DB6,0x6DB6,0x6DB6,0x6DB6,0x6DB6,0x6DB6,0x6DB6,0x6DB6,0x6DB6,0x6DB6,
    0x6DB6,0x6DB6,0x6DB6,0x6DB6,0x6DB6,0x6DB6,0x6DB6,0x6DB6,0x6DB6,0x6DB6,0x6DB6,0x43CF,
    0x09E8,0x09E8,0x09E8,0x09E8,0xF81F,0xF81F,0xF81F,0xF81F,0xF81F,0xF81F,0xF81F,0xF81F,
    0xF81F,0xF81F,0xF81F,0xF81F,0xF81F,0xF81F,0xF81F,0xF81F,0xF81F,0xF81F,0xF81F,0xF81F,
    0xF81F,0xF81F,0xF81F,0xF81F,0xF81F,0xF81F,0xF81F,0xF81F,0xF81F,0xF81F,0xF81F,0xF81F,
    0xF81F,0xF81F,0xF81F,0xF81F,0xF81F,0xF81F,0xF81F,0xF81F,0xF81F,0xF81F,0xF81F,0xF81F,
    0xF81F,0xF81F,0xF81F,0xF81F,0xF81F,0xF81F,0xF81F,0xF81F,0xF81F,0xF81F,0xF81F,0xF81F,
    0xF81F,0xF81F,0xF81F,0xF81F,0xF81F,0xF81F,0xF81F,0xF81F,0xF81F,0xF81F,0xF81F,0xF81F,
    0xF81F,0xF81F,0xF81F,0xF81F,0xF81F,0xF81F,0xF81F,0xF81F,0x09E8,0x09E8,0x09E8,0x3BAE,
    0x6DB6,0x6DB6,0x6DB6,0x6DB6,0x6DB6,0x6DB6,0x6DB6,0x6DB6,0x6DB6,0x6DB6,0x6DB6,0x6DB6,
    0x6DB6,0x6DB6,0x6DB6,0x6DB6,0x6DB6,0x6DB6,0x6DB6,0x6DB6,0x6DB6,0x6DB6,0x6DB6,0x6DB6,
    0x6DB6,0x6DB6,0x6DB6,0x6DB6,0x6DB6,0x6DB6,0x6DB6,0x6DB6,0x6DB6,0x6DB6,0x6DB6,0x6DB6,
    0x6DB6,0x6DB6,0x6DB6,0x6DB6,0x6DB6,0x6DB6,0x6DB6,0x6DB6,0x6DB6,0x6DB6,0x6DB6,0x6DB6,
    0x6DB6,0x6DB6,0x6DB6,0x6DB6,0x6DB6,0x6DB6,0x6DB6,0x6DB6,0x6DB6,0x6DB6,0x6DB6,0x6DB6,
    0x6DB6,0x6DB6,0x6DB6,0x6DB6,0x6DB6,0x6DB6,0x3BAE,0x09E8,0x09E8,0x09E8,0xF81F,0xF81F,
    0xF81F,0xF81F,0xF81F,0xF81F,0xF81F,0xF81F,0xF81F,0xF81F,0xF81F,0xF81F,0xF81F,0xF81F,
    0xF81F,0xF81F,0xF81F,0xF81F,0xF81F,0xF81F,0xF81F,0xF81F,0xF81F,0xF81F,0xF81F,0xF81F,
    0xF81F,0xF81F,0xF81F,0xF81F,0xF81F,0xF81F,0xF81F,0xF81F,0xF81F,0xF81F,0xF81F,0xF81F,
    0xF81F,0xF81F,0xF81F,0xF81F,0xF81F,0xF81F,0xF81F,0xF81F,0xF81F,0xF81F,0xF81F,0xF81F,
    0xF81F,0xF81F,0xF81F,0xF81F,0xF81F,0xF81F,0xF81F,0xF81F,0xF81F,0xF81F,0xF81F,0xF81F,
    0xF81F,0xF81F,0xF81F,0xF81F,0xF81F,0xF81F,0xF81F,0xF81F,0xF81F,0xF81F,0xF81F,0xF81F,
    0xF81F,0x09E8,0x09E8,0x09E8,0x2AEC,0x6DB5,0x6DB6,0x6DB6,0x6DB6,0x6DB6,0x6DB6,0x6DB6,
    0x6DB6,0x6DB6,0x6DB6,0x6DB6,0x6DB6,0x7DF6,0x8E17,0x9658,0x9E79,0xA699,0xA699,0xA699,
    0xA699,0x9E79,0x9658,0x8E17,0x7DF6,0x6DB6,0x6DB6,0x6DB6,0x6DB6,0x6DB6,0x6DB6,0x6DB6,
    0x6DB6,0x6DB6,0x6DB6,0x6DB6,0x6DB6,0x6DB6,0x6DB6,0x6DB6,0x6DB6,0x6DB6,0x6DB6,0x6DB6,
    0x6DB6,0x6DB6,0x6DB6,0x6DB6,0x6DB6,0x6DB6,0x6DB6,0x6DB6,0x6DB6,0x6DB6,0x6DB6,0x6DB6,
    0x6DB6,0x6DB6,0x6DB6,0x6DB6,0x6DB6,0x6DB6,0x6DB6,0x6DB6,0x6DB6,0x6DB6,0x6DB6,0x6DB6,
    0x6DB6,0x2B0C,0x09E8,0x09E8,0x09E8,0xF81F,0xF81F,0xF81F,0xF81F,0xF81F,0xF81F,0xF81F,
    0xF81F,0xF81F,0xF81F,0xF81F,0xF81F,0xF81F,0xF81F,0xF81F,0xF81F,0xF81F,0xF81F,0xF81F,
    0xF81F,0xF81F,0xF81F,0xF81F,0xF81F,0xF81F,0xF81F,0xF81F,0xF81F,0xF81F,0xF81F,0xF81F,
    0xF81F,0xF81F,0xF81F,0xF81F,0xF81F,0xF81F,0xF81F,0xF81F,0xF81F,0xF81F,0xF81F,0xF81F,
    0xF81F,0xF81F,0xF81F,0xF81F,0xF81F,0xF81F,0xF81F,0xF81F,0xF81F,0xF81F,0xF81F,0xF81F,
    0xF81F,0xF81F,0xF81F,0xF81F,0xF81F,0xF81F,0xF81F,0xF81F,0xF81F,0xF81F,0xF81F,0xF81F,
    0xF81F,0xF81F,0xF81F,0xF81F,0xF81F,0xF81F,0x09E8,0x09E8,0x09E8,0x1A6A,0x6D75,0x6DB6,
    0x6DB6,0x6DB6,0x6DB6,0x6DB6,0x6DB6,0x6DB6,0x6DB6,0x6DB6,0x75D6,0x8617,0x9E79,0xAEBA,
    0xAEBA,0xAEBA,0xAEBA,0xAEBA,0xAEBA,0xAEBA,0xAEBA,0xAEBA,0xAEBA,0xAEBA,0xAEBA,0x9E79,
    0x8617,0x75D6,0x6DB6,0x6DB6,0x6DB6,0x6DB6,0x6DB6,0x6DB6,0x6DB6,0x6DB6,0x6DB6,0x6DB6,
    0x6DB6,0x6DB6,0x6DB6,0x6DB6,0x6DB6,0x6DB6,0x6DB6,0x6DB6,0x6DB6,0x6DB6,0x6DB6,0x6DB6,
    0x6DB6,0x6DB6,0x6DB6,0x6DB6,0x6DB6,0x6DB6,0x6DB6,0x6DB6,0x6DB6,0x6DB6,0x6DB6,0x6DB6,
    0x6DB6,0x6DB6,0x6DB6,0x6DB6,0x6DB6,0x6DB6,0x6DB6,0x6D75,0x1A6A,0x09E8,0x09E8,0x09E8,
    0xF81F,0xF81F,0xF81F,0xF81F,0xF81F,0xF81F,0xF81F,0xF81F,0xF81F,0xF81F,0xF81F,0xF81F,
    0xF81F,0xF81F,0xF81F,0xF81F,0xF81F,0xF81F,0xF81F,0xF81F,0xF81F,0xF81F,0xF81F,0xF81F,
    0xF81F,0xF81F,0xF81F,0xF81F,0xF81F,0xF81F,0xF81F,0xF81F,0xF81F,0xF81F,0xF81F,0xF81F,
    0xF81F,0xF81F,0xF81F,0xF81F,0xF81F,0xF81F,0xF81F,0xF81F,0xF81F,0xF81F,0xF81F,0xF81F,
    0xF81F,0xF81F,0xF81F,0xF81F,0xF81F,0xF81F,0xF81F,0xF81F,0xF81F,0xF81F,0xF81F,0xF81F,
    0xF81F,0xF81F,0xF81F,0xF81F,0xF81F,0xF81F,0xF81F,0xF81F,0xF81F,0xF81F,0xF81F,0xF81F,
    0x09E8,0x09E8,0x1208,0x5D13,0x6DB6,0x6DB6,0x6DB6,0x6DB6,0x6DB6,0x6DB6,0x6DB6,0x6DB6,
    0x6DB6,0x8617,0xA699,0xAEBA,0xAEBA,0xAEBA,0xAEBA,0xAEBA,0xAEBA,0xAEBA,0xAEBA,0xAEBA,
    0xAEBA,0xAEBA,0xAEBA,0xAEBA,0xAEBA,0xAEBA,0xAEBA,0xA699,0x8617,0x6DB6,0x6DB6,0x6DB6,
    0x6DB6,0x6DB6,0x6DB6,0x6DB6,0x6DB6,0x6DB6,0x6DB6,0x6DB6,0x6DB6,0x6DB6,0x6DB6,0x6DB6,
    0x6DB6,0x6DB6,0x6DB6,0x6DB6,0x6DB6,0x6DB6,0x6DB6,0x6DB6,0x6DB6,0x6DB6,0x6DB6,0x6DB6,
    0x6DB6,0x6DB6,0x6DB6,0x6DB6,0x6DB6,0x6DB6,0x6DB6,0x6DB6,0x6DB6,0x6DB6,0x6DB6,0x6DB6,
    0x6DB6,0x6DB6,0x5CF3,0x1208,0x09E8,0x09E8,0xF81F,0xF81F,0xF81F,0xF81F,0xF81F,0xF81F,
    0xF81F,0xF81F,0xF81F,0xF81F,0xF81F,0xF81F,0xF81F,0xF81F,0xF81F,0xF81F,0xF81F,0xF81F,
    0xF81F,0xF81F,0xF81F,0xF81F,0xF81F,0xF81F,0xF81F,0xF81F,0xF81F,0xF81F,0xF81F,0xF81F,
    0xF81F,0xF81F,0xF81F,0xF81F,0xF81F,0xF81F,0xF81F,0xF81F,0xF81F,0xF81F,0xF81F,0xF81F,
    0xF81F,0xF81F,0xF81F,0xF81F,0xF81F,0xF81F,0xF81F,0xF81F,0xF81F,0xF81F,0xF81F,0xF81F,
    0xF81F,0xF81F,0xF81F,0xF81F,0xF81F,0xF81F,0xF81F,0xF81F,0xF81F,0xF81F,0xF81F,0xF81F,
    0xF81F,0xF81F,0xF81F,0xF81F,0xF81F,0x09E8,0x09E8,0x09E8,0x43EF,0x6DB6,0x6DB6,0x6DB6,
    0x6DB6,0x6DB6,0x6DB6,0x6DB6,0x6DB6,0x6DB6,0x8E38,0xAEBA,0xAEBA,0xAEBA,0xAEBA,0xAEBA,
    0xAEBA,0xAEBA,0xAEBA,0xAEBA,0xAEBA,0xAEBA,0xAEBA,0xAEBA,0xAEBA,0xAEBA,0xAEBA,0xAEBA,
    0xAEBA,0xAEBA,0xAEBA,0x9638,0x75B6,0x6DB6,0x6DB6,0x6DB6,0x6DB6,0x6DB6,0x6DB6,0x6DB6,
    0x6DB6,0x6DB6,0x6DB6,0x6DB6,0x6DB6,0x6DB6,0x6DB6,0x6DB6,0x6DB6,0x6DB6,0x6DB6,0x6DB6,
    0x6DB6,0x6DB6,0x6DB6,0x6DB6,0x6DB6,0x6DB6,0x6DB6,0x6DB6,0x6DB6,0x6DB6,0x6DB6,0x6DB6,
    0x6DB6,0x6DB6,0x6DB6,0x6DB6,0x6DB6,0x6DB6,0x6DB6,0x6DB6,0x6DB6,0x43CF,0x09E8,0x09E8,
    0x09E8,0xF81F,0xF81F,0xF81F,0xF81F,0xF81F,0xF81F,0xF81F,0xF81F,0xF81F,0xF81F,0xF81F,
    0xF81F,0xF81F,0xF81F,0xF81F,0xF81F,0xF81F,0xF81F,0xF81F,0xF81F,0xF81F,0xF81F,0xF81F,
    0xF81F,0xF81F,0xF81F,0xF81F,0xF81F,0xF81F,0xF81F,0xF81F,0xF81F,0xF81F,0xF81F,0xF81F,
    0xF81F,0xF81F,0xF81F,0xF81F,0xF81F,0xF81F,0xF81F,0xF81F,0xF81F,0xF81F,0xF81F,0xF81F,
    0xF81F,0xF81F,0xF81F,0xF81F,0xF81F,0xF81F,0xF81F,0xF81F,0xF81F,0xF81F,0xF81F,0xF81F,
    0xF81F,0xF81F,0xF81F,0xF81F,0xF81F,0xF81F,0xF81F,0xF81F,0xF81F,0xF81F,0x09E8,0x09E8,
    0x09E8,0x228A,0x6DB5,0x6DB6,0x6DB6,0x6DB6,0x6DB6,0x6DB6,0x6DB6,0x6DB6,0x6DB6,0x9658,
    0xAEBA,0xAEBA,0xAEBA,0xAEBA,0xAEBA,0xAEBA,0xAEBA,0xAEBA,0xAEBA,0xAEBA,0xAEBA,0xAEBA,
    0xAEBA,0xAEBA,0xAEBA,0xAEBA,0xAEBA,0xAEBA,0xAEBA,0xAEBA,0xAEBA,0xAEBA,0x9658,0x6DB6,
    0x6DB6,0x6DB6,0x6DB6,0x6DB6,0x6DB6,0x6DB6,0x6DB6,0x6DB6,0x6DB6,0x6DB6,0x6DB6,0x6DB6,
    0x6DB6,0x6DB6,0x6DB6,0x6DB6,0x6DB6,0x6DB6,0x6DB6,0x6DB6,0x6DB6,0x6DB6,0x6DB6,0x6DB6,
    0x6DB6,0x6DB6,0x6DB6,0x6DB6,0x6DB6,0x6DB6,0x6DB6,0x6DB6,0x6DB6,0x6DB6,0x6DB6,0x6DB6,
    0x6DB6,0x6DB6,0x6DB6,0x6DB5,0x1A8A,0x09E8,0x09E8,0x09E8,0xF81F,0xF81F,0xF81F,0xF81F,
    0xF81F,0xF81F,0xF81F,0xF81F,0xF81F,0xF81F,0xF81F,0xF81F,0xF81F,0xF81F,0xF81F,0xF81F,
    0xF81F,0xF81F,0xF81F,0xF81F,0xF81F,0xF81F,0xF81F,0xF81F,0xF81F,0xF81F,0xF81F,0xF81F,
    0xF81F,0xF81F,0xF81F,0xF81F,0xF81F,0xF81F,0xF81F,0xF81F,0xF81F,0xF81F,0xF81F,0xF81F,
    0xF81F,0xF81F,0xF81F,0xF81F,0xF81F,0xF81F,0xF81F,0xF81F,0xF81F,0xF81F,0xF81F,0xF81F,
    0xF81F,0xF81F,0xF81F,0xF81F,0xF81F,0xF81F,0xF81F,0xF81F,0xF81F,0xF81F,0xF81F,0xF81F,
    0xF81F,0xF81F,0xF81F,0xF81F,0x09E8,0x09E8,0x11E8,0x5CF3,0x6DB6,0x6DB6,0x6DB6,0x6DB6,
    0x6DB6,0x6DB6,0x6DB6,0x6DB6,0x8E37,0xAEBA,0xAEBA,0xAEBA,0xAEBA,0xAEBA,0xAEBA,0xAEBA,
    0xAEBA,0xAEBA,0xAEBA,0xAEBA,0xAEBA,0xAEBA,0xAEBA,0xAEBA,0xAEBA,0xAEBA,0xAEBA,0xAEBA,
    0xAEBA,0xAEBA,0xAEBA,0xAEBA,0xAEBA,0x8E17,0x6DB6,0x6DB6,0x6DB6,0x6DB6,0x6DB6,0x6DB6,
    0x6DB6,0x6DB6,0x6DB6,0x6DB6,0x6DB6,0x6DB6,0x6DB6,0x6DB6,0x6DB6,0x6DB6,0x6DB6,0x6DB6,
    0x6DB6,0x6DB6,0x6DB6,0x6DB6,0x6DB6,0x6DB6,0x6DB6,0x6DB6,0x6DB6,0x6DB6,0x6DB6,0x6DB6,
    0x6DB6,0x6DB6,0x6DB6,0x6DB6,0x6DB6,0x6DB6,0x6DB6,0x6DB6,0x6DB6,0x6DB6,0x5CF3,0x11E8,
    0x09E8,0x09E8,0xF81F,0xF81F,0xF81F,0xF81F,0xF81F,0xF81F,0xF81F,0xF81F,0xF81F,0xF81F,
    0xF81F,0xF81F,0xF81F,0xF81F,0xF81F,0xF81F,0xF81F,0xF81F,0xF81F,0xF81F,0xF81F,0xF81F,
    0xF81F,0xF81F,0xF81F,0xF81F,0xF81F,0xF81F,0xF81F,0xF81F,0xF81F,0xF81F,0xF81F,0xF81F,
    0xF81F,0xF81F,0xF81F,0xF81F,0xF81F,0xF81F,0xF81F,0xF81F,0xF81F,0xF81F,0xF81F,0xF81F,
    0xF81F,0xF81F,0xF81F,0xF81F,0xF81F,0xF81F,0xF81F,0xF81F,0xF81F,0xF81F,0xF81F,0xF81F,
    0xF81F,0xF81F,0xF81F,0xF81F,0xF81F,0xF81F,0xF81F,0xF81F,0xF81F,0x09E8,0x09E8,0x09E8,
    0x336D,0x6DB6,0x6DB6,0x6DB6,0x6DB6,0x6DB6,0x6DB6,0x6DB6,0x6DB6,0x75D6,0xA699,0xAEBA,
    0xAEBA,0xAEBA,0xAEBA,0xAEBA,0xAEBA,0xAEBA,0xAEBA,0xAEBA,0xAEBA,0xAEBA,0xAEBA,0xAEBA,
    0xAEBA,0xAEBA,0xAEBA,0xAEBA,0xAEBA,0xAEBA,0xAEBA,0xAEBA,0xAEBA,0xAEBA,0xAEBA,0xA699,
    0x75D6,0x6DB6,0x6DB6,0x6DB6,0x6DB6,0x6DB6,0x6DB6,0x6DB6,0x6DB6,0x6DB6,0x6DB6,0x6DB6,
    0x6DB6,0x6DB6,0x6DB6,0x6DB6,0x6DB6,0x6DB6,0x6DB6,0x6DB6,0x6DB6,0x6DB6,0x6DB6,0x6DB6,
    0x6DB6,0x6DB6,0x6DB6,0x6DB6,0x6DB6,0x6DB6,0x6DB6,0x6DB6,0x6DB6,0x6DB6,0x6DB6,0x6DB6,
    0x6DB6,0x6DB6,0x6DB6,0x6DB6,0x6DB6,0x336D,0x09E8,0x09E8,0x09E8,0xF81F,0xF81F,0xF81F,
    0xF81F,0xF81F,0xF81F,0xF81F,0xF81F,0xF81F,0xF81F,0xF81F,0xF81F,0xF81F,0xF81F,0xF81F,
    0xF81F,0xF81F,0xF81F,0xF81F,0xF81F,0xF81F,0xF81F,0xF81F,0xF81F,0xF81F,0xF81F,0xF81F,
    0xF81F,0xF81F,0xF81F,0xF81F,0xF81F,0xF81F,0xF81F,0xF81F,0xF81F,0xF81F,0xF81F,0xF81F,
    0xF81F,0xF81F,0xF81F,0xF81F,0xF81F,0xF81F,0xF81F,0xF81F,0xF81F,0xF81F,0xF81F,0xF81F,
    0xF81F,0xF81F,0xF81F,0xF81F,0xF81F,0xF81F,0xF81F,0xF81F,0xF81F,0xF81F,0xF81F,0xF81F,
    0xF81F,0xF81F,0xF81F,0x09E8,0x09E8,0x1208,0x6554,0x6DB6,0x6DB6,0x6DB6,0x6DB6,0x6DB6,
    0x6DB6,0x6DB6,0x6DB6,0x8E38,0xAEBA,0xAEBA,0xAEBA,0xAEBA,0xAEBA,0xAEBA,0xAEBA,0xAEBA,
    0xAEBA,0xAEBA,0xAEBA,0xAEBA,0xAEBA,0xAEBA,0xAEBA,0xAEBA,0xAEBA,0xAEBA,0xAEBA,0xAEBA,
    0xAEBA,0xAEBA,0xAEBA,0xAEBA,0xAEBA,0xAEBA,0x8E38,0x6DB6,0x6DB6,0x6DB6,0x6DB6,0x6DB6,
    0x6DB6,0x6DB6,0x6DB6,0x6DB6,0x6DB6,0x6DB6,0x6DB6,0x6DB6,0x6DB6,0x6DB6,0x6DB6,0x6DB6,
    0x6DB6,0x6DB6,0x6DB6,0x6DB6,0x6DB6,0x6DB6,0x6DB6,0x6DB6,0x6DB6,0x6DB6,0x6DB6,0x6DB6,
    0x6DB6,0x6DB6,0x6DB6,0x6DB6,0x6DB6,0x6DB6,0x6DB6,0x6DB6,0x6DB6,0x6DB6,0x6DB6,0x6554,
    0x1208,0x09E8,0x09E8,0xF81F,0xF81F,0xF81F,0xF81F,0xF81F,0xF81F,0xF81F,0xF81F,0xF81F,
    0xF81F,0xF81F,0xF81F,0xF81F,0xF81F,0xF81F,0xF81F,0xF81F,0xF81F,0xF81F,0xF81F,0xF81F,
    0xF81F,0xF81F,0xF81F,0xF81F,0xF81F,0xF81F,0xF81F,0xF81F,0xF81F,0xF81F,0xF81F,0xF81F,
    0xF81F,0xF81F,0xF81F,0xF81F,0xF81F,0xF81F,0xF81F,0xF81F,0xF81F,0xF81F,0xF81F,0xF81F,
    0xF81F,0xF81F,0xF81F,0xF81F,0xF81F,0xF81F,0xF81F,0xF81F,0xF81F,0xF81F,0xF81F,0xF81F,
    0xF81F,0xF81F,0xF81F,0xF81F,0xF81F,0xF81F,0xF81F,0xF81F,0x09E8,0x09E8,0x09E8,0x336E,
    0x6DB6,0x6DB6,0x6DB6,0x6DB6,0x6DB6,0x6DB6,0x6DB6,0x6DB6,0x6DB6,0x9E79,0xAEBA,0xAEBA,
    0xAEBA,0xAEBA,0xAEBA,0xAEBA,0xAEBA,0xA679,0x8575,0x74F3,0x6492,0x6492,0x74F3,0x8575,
    0xA679,0xAEBA,0xAEBA,0xAEBA,0xAEBA,0xAEBA,0xAEBA,0xAEBA,0xAEBA,0xAEBA,0xAEBA,0xAEBA,
    0x9E79,0x6DB6,0x6DB6,0x6DB6,0x6DB6,0x6DB6,0x6DB6,0x6DB6,0x6DB6,0x6DB6,0x6DB6,0x6DB6,
    0x6DB6,0x6DB6,0x6DB6,0x6DB6,0x6DB6,0x6D95,0x5CD2,0x4C71,0x4410,0x4410,0x4C71,0x5CD2,
    0x6D95,0x6DB6,0x6DB6,0x6DB6,0x6DB6,0x6DB6,0x6DB6,0x6DB6,0x6DB6,0x6DB6,0x6DB6,0x6DB6,
    0x6DB6,0x6DB6,0x6DB6,0x6DB6,0x6DB6,0x6DB6,0x336D,0x09E8,0x09E8,0x09E8,0xF81F,0xF81F,
    0xF81F,0xF81F,0xF81F,0xF81F,0xF81F,0xF81F,0xF81F,0xF81F,0xF81F,0xF81F,0xF81F,0xF81F,
    0xF81F,0xF81F,0xF81F,0xF81F,0xF81F,0xF81F,0xF81F,0xF81F,0xF81F,0xF81F,0xF81F,0xF81F,
    0xF81F,0xF81F,0xF81F,0xF81F,0xF81F,0xF81F,0xF81F,0xF81F,0xF81F,0xF81F,0xF81F,0xF81F,
    0xF81F,0xF81F,0xF81F,0xF81F,0xF81F,0xF81F,0xF81F,0xF81F,0xF81F,0xF81F,0xF81F,0xF81F,
    0xF81F,0xF81F,0xF81F,0xF81F,0xF81F,0xF81F,0xF81F,0xF81F,0xF81F,0xF81F,0xF81F,0xF81F,
    0xF81F,0xF81F,0x09E8,0x09E8,0x1208,0x6554,0x6DB6,0x6DB6,0x6DB6,0x6DB6,0x6DB6,0x6DB6,
    0x6DB6,0x6DB6,0x6DB6,0xA699,0xAEBA,0xAEBA,0xAEBA,0xAEBA,0xAEBA,0x7D34,0x436E,0x1209,
    0x09E8,0x09E8,0x09E8,0x09E8,0x09E8,0x09E8,0x1209,0x436E,0x7D34,0xAEBA,0xAEBA,0xAEBA,
    0xAEBA,0xAEBA,0xAEBA,0xAEBA,0xAEBA,0xAEBA,0xA699,0x6DB6,0x6DB6,0x6DB6,0x6DB6,0x6DB6,
    0x6DB6,0x6DB6,0x6DB6,0x6DB6,0x6DB6,0x6DB6,0x6DB6,0x6DB6,0x6DB6,0x5491,0x2B2C,0x1209,
    0x09E8,0x09E8,0x09E8,0x09E8,0x09E8,0x09E8,0x1209,0x2B2C,0x5492,0x6DB6,0x6DB6,0x6DB6,
    0x6DB6,0x6DB6,0x6DB6,0x6DB6,0x6DB6,0x6DB6,0x6DB6,0x6DB6,0x6DB6,0x6DB6,0x6DB6,0x6DB6,
    0x6554,0x1208,0x09E8,0x09E8,0xF81F,0xF81F,0xF81F,0xF81F,0xF81F,0xF81F,0xF81F,0xF81F,
    0xF81F,0xF81F,0xF81F,0xF81F,0xF81F,0xF81F,0xF81F,0xF81F,0xF81F,0xF81F,0xF81F,0xF81F,
    0xF81F,0xF81F,0xF81F,0xF81F,0xF81F,0xF81F,0xF81F,0xF81F,0xF81F,0xF81F,0xF81F,0xF81F,
    0xF81F,0xF81F,0xF81F,0xF81F,0xF81F,0xF81F,0xF81F,0xF81F,0xF81F,0xF81F,0xF81F,0xF81F,
    0xF81F,0xF81F,0xF81F,0xF81F,0xF81F,0xF81F,0xF81F,0xF81F,0xF81F,0xF81F,0xF81F,0xF81F,
    0xF81F,0xF81F,0xF81F,0xF81F,0xF81F,0xF81F,0xF81F,0x09E8,0x09E8,0x09E8,0x332D,0x6DB6,
    0x6DB6,0x6DB6,0x6DB6,0x6DB6,0x6DB6,0x6DB6,0x6DB6,0x6DB6,0x6DB6,0xA699,0xAEBA,0xAEBA,
    0xAEBA,0x8D96,0x330C,0x09E8,0x09E8,0x11E8,0x3B2D,0x6410,0x7C92,0x7C92,0x6410,0x3B0D,
    0x11E8,0x09E8,0x09E8,0x330C,0x8DB6,0xAEBA,0xAEBA,0xB6DA,0xBF1B,0xCF3C,0xD77D,0xDF9D,
    0xDF9D,0xCF7D,0xD79D,0xD79D,0xCF7D,0xCF5C,0xBF3C,0xB6FB,0xA6BA,0x9678,0x7E17,0x75B6,
    0x6DB6,0x5CF3,0x22CB,0x09E8,0x09E8,0x11E8,0x3B2D,0x6410,0x7C92,0x7C92,0x6410,0x3B0D,
    0x11E8,0x09E8,0x09E8,0x22CB,0x5CF3,0x6DB6,0x6DB6,0x6DB6,0x6DB6,0x6DB6,0x6DB6,0x6DB6,
    0x6DB6,0x6DB6,0x6DB6,0x6DB6,0x6DB6,0x6DB6,0x6DB6,0x2B2C,0x09E8,0x09E8,0x09E8,0xF81F,
    0xF81F,0xF81F,0xF81F,0xF81F,0xF81F,0xF81F,0xF81F,0xF81F,0xF81F,0xF81F,0xF81F,0xF81F,
    0xF81F,0xF81F,0xF81F,0xF81F,0xF81F,0xF81F,0xF81F,0xF81F,0xF81F,0xF81F,0xF81F,0xF81F,
    0xF81F,0xF81F,0xF81F,0xF81F,0xF81F,0xF81F,0xF81F,0xF81F,0xF81F,0xF81F,0xF81F,0xF81F,
    0xF81F,0xF81F,0xF81F,0xF81F,0xF81F,0xF81F,0xF81F,0xF81F,0xF81F,0xF81F,0xF81F,0xF81F,
    0xF81F,0xF81F,0xF81F,0xF81F,0xF81F,0xF81F,0xF81F,0xF81F,0xF81F,0xF81F,0xF81F,0xF81F,
    0xF81F,0x09E8,0x09E8,0x09E8,0x54B2,0x6DB6,0x6DB6,0x6DB6,0x6DB6,0x6DB6,0x6DB6,0x6DB6,
    0x6DB6,0x6DB6,0x6DB6,0x9E79,0xAEBA,0xAEBA,0x6CB2,0x1208,0x09E8,0x226A,0x9555,0xE75D,
    0xFFFF,0xFFFF,0xFFFF,0xFFFF,0xFFFF,0xFFFF,0xE75D,0x9555,0x226A,0x09E8,0x1208,0x8534,
    0xE7BE,0xE7BE,0xE7BE,0xE7BE,0xE7BE,0xE7BE,0xE7BE,0xD79D,0xD79D,0xD79D,0xD79D,0xD79D,
    0xD79D,0xD79D,0xD79D,0xD79D,0xD79D,0xCF7D,0x6CF3,0x1208,0x09E8,0x226A,0x9555,0xE75D,
    0xFFFF,0xFFFF,0xFFFF,0xFFFF,0xFFFF,0xFFFF,0xE75D,0x9555,0x226A,0x09E8,0x1208,0x4C30,
    0x6DB6,0x6DB6,0x6DB6,0x6DB6,0x6DB6,0x6DB6,0x6DB6,0x6DB6,0x6DB6,0x6DB6,0x6DB6,0x6DB6,
    0x6DB6,0x54B2,0x09E8,0x09E8,0x09E8,0xF81F,0xF81F,0xF81F,0xF81F,0xF81F,0xF81F,0xF81F,
    0xF81F,0xF81F,0xF81F,0xF81F,0xF81F,0xF81F,0xF81F,0xF81F,0xF81F,0xF81F,0xF81F,0xF81F,
    0xF81F,0xF81F,0xF81F,0xF81F,0xF81F,0xF81F,0xF81F,0xF81F,0xF81F,0xF81F,0xF81F,0xF81F,
    0xF81F,0xF81F,0xF81F,0xF81F,0xF81F,0xF81F,0xF81F,0xF81F,0xF81F,0xF81F,0xF81F,0xF81F,
    0xF81F,0xF81F,0xF81F,0xF81F,0xF81F,0xF81F,0xF81F,0xF81F,0xF81F,0xF81F,0xF81F,0xF81F,
    0xF81F,0xF81F,0xF81F,0xF81F,0xF81F,0xF81F,0xF81F,0x09E8,0x09E8,0x1A49,0x6DB6,0x6DB6,
    0x6DB6,0x6DB6,0x6DB6,0x6DB6,0x6DB6,0x6DB6,0x6DB6,0x6DB6,0x6DB6,0x8E38,0xAEBA,0x5410,
    0x09E8,0x11E8,0x7CB3,0xF7BE,0xFFFF,0xFFFF,0xFFFF,0xFFFF,0xFFFF,0xFFFF,0xFFFF,0xFFFF,
    0xFFFF,0xFFFF,0xF7BE,0x7CB2,0x11E8,0x09E8,0x7492,0xE7BE,0xE7BE,0xE7BE,0xE7BE,0xE7BE,
    0xDFBE,0xD79D,0xD79D,0xD79D,0xD79D,0xD79D,0xD79D,0xD79D,0xD79D,0xD79D,0xD79D,0x6C72,
    0x09E8,0x11E8,0x7CB3,0xF7BE,0xFFFF,0xDFBF,0xEFDF,0xFFFF,0xFFFF,0xFFFF,0xFFFF,0xFFFF,
    0xFFFF,0xFFFF,0xF7BE,0x7CB2,0x11E8,0x09E8,0x3BAE,0x6DB6,0x6DB6,0x6DB6,0x6DB6,0x6DB6,
    0x6DB6,0x6DB6,0x6DB6,0x6DB6,0x6DB6,0x6DB6,0x6DB6,0x6DB5,0x1A49,0x09E8,0x09E8,0xF81F,
    0xF81F,0xF81F,0xF81F,0xF81F,0xF81F,0xF81F,0xF81F,0xF81F,0xF81F,0xF81F,0xF81F,0xF81F,
    0xF81F,0xF81F,0xF81F,0xF81F,0xF81F,0xF81F,0xF81F,0xF81F,0xF81F,0xF81F,0xF81F,0xF81F,
    0xF81F,0xF81F,0xF81F,0xF81F,0xF81F,0xF81F,0xF81F,0xF81F,0xF81F,0xF81F,0xF81F,0xF81F,
    0xF81F,0xF81F,0xF81F,0xF81F,0xF81F,0xF81F,0xF81F,0xF81F,0xF81F,0xF81F,0xF81F,0xF81F,
    0xF81F,0xF81F,0xF81F,0xF81F,0xF81F,0xF81F,0xF81F,0xF81F,0xF81F,0xF81F,0xF81F,0xF81F,
    0x09E8,0x09E8,0x09E8,0x3BCF,0x6DB6,0x6DB6,0x6DB6,0x6DB6,0x6DB6,0x6DB6,0x6DB6,0x6DB6,
    0x6DB6,0x6DB6,0x6DB6,0x75D6,0x6CB2,0x09E8,0x1209,0xADF7,0xFFFF,0xFFFF,0xFFFF,0xFFFF,
    0xFFFF,0xFFFF,0xFFFF,0xFFFF,0xFFFF,0xFFFF,0xFFFF,0xFFFF,0xFFFF,0xFFFF,0xADD7,0x1209,
    0x09E8,0x8D55,0xE7BE,0xE7BE,0xE7BE,0xE7BE,0xD79D,0xD79D,0xD79D,0xD79D,0xD79D,0xD79D,
    0xD79D,0xD79D,0xD79D,0xD79D,0x8534,0x09E8,0x1209,0xADF7,0xFFFF,0xFFFF,0xFFFF,0x9EFF,
    0xCF7F,0xFFFF,0xFFFF,0xFFFF,0xFFFF,0xFFFF,0xFFFF,0xFFFF,0xFFFF,0xFFFF,0xADD7,0x1209,
    0x09E8,0x4C30,0x6DB6,0x6DB6,0x6DB6,0x6DB6,0x6DB6,0x6DB6,0x6DB6,0x6DB6,0x6DB6,0x6DB6,
    0x6DB6,0x6DB6,0x3BAE,0x09E8,0x09E8,0x09E8,0xF81F,0xF81F,0xF81F,0xF81F,0xF81F,0xF81F,
    0xF81F,0xF81F,0xF81F,0xF81F,0xF81F,0xF81F,0xF81F,0xF81F,0xF81F,0xF81F,0xF81F,0xF81F,
    0xF81F,0xF81F,0xF81F,0xF81F,0xF81F,0xF81F,0xF81F,0xF81F,0xF81F,0xF81F,0xF81F,0xF81F,
    0xF81F,0xF81F,0xF81F,0xF81F,0xF81F,0xF81F,0xF81F,0xF81F,0xF81F,0xF81F,0xF81F,0xF81F,
    0xF81F,0xF81F,0xF81F,0xF81F,0xF81F,0xF81F,0xF81F,0xF81F,0xF81F,0xF81F,0xF81F,0xF81F,
    0xF81F,0xF81F,0xF81F,0xF81F,0xF81F,0xF81F,0x09E8,0x09E8,0x09E8,0x5CF3,0x6DB6,0x6DB6,
    0x6DB6,0x6DB6,0x6DB6,0x6DB6,0x6DB6,0x6DB6,0x6DB6,0x6DB6,0x6DB6,0x5CF3,0x1208,0x11E8,
    0xADF7,0xFFFF,0xFFFF,0xFFFF,0xFFFF,0xFFFF,0xFFFF,0xFFFF,0xFFFF,0xFFFF,0xFFFF,0xFFFF,
    0xFFFF,0xFFFF,0xFFFF,0xFFFF,0xFFFF,0xADD7,0x11E8,0x1208,0xBE99,0xE7BE,0xE7BE,0xDF9D,
    0xD79D,0xD79D,0xD79D,0xD79D,0xD79D,0xD79D,0xD79D,0xD79D,0xD79D,0xAE58,0x1208,0x11E8,
    0xADF7,0xFFFF,0xFFFF,0xFFFF,0xE7BF,0x7EBF,0xA71F,0xFFFF,0xFFFF,0xFFFF,0xFFFF,0xFFFF,
    0xFFFF,0xFFFF,0xFFFF,0xFFFF,0xFFFF,0xADD7,0x11E8,0x1208,0x5CF3,0x6DB6,0x6DB6,0x6DB6,
    0x6DB6,0x6DB6,0x6DB6,0x6DB6,0x6DB6,0x6DB6,0x6DB6,0x6DB6,0x5CD2,0x09E8,0x09E8,0x09E8,
    0xF81F,0xF81F,0xF81F,0xF81F,0xF81F,0xF81F,0xF81F,0xF81F,0xF81F,0xF81F,0xF81F,0xF81F,
    0xF81F,0xF81F,0xF81F,0xF81F,0xF81F,0xF81F,0xF81F,0xF81F,0xF81F,0xF81F,0xF81F,0xF81F,
    0xF81F,0xF81F,0xF81F,0xF81F,0xF81F,0xF81F,0xF81F,0xF81F,0xF81F,0xF81F,0xF81F,0xF81F,
    0xF81F,0xF81F,0xF81F,0xF81F,0xF81F,0xF81F,0xF81F,0xF81F,0xF81F,0xF81F,0xF81F,0xF81F,
    0xF81F,0xF81F,0xF81F,0xF81F,0xF81F,0xF81F,0xF81F,0xF81F,0xF81F,0xF81F,0xF81F,0xF81F,
    0x09E8,0x09E8,0x1229,0x6DB5,0x6DB6,0x6DB6,0x6DB6,0x6DB6,0x6DB6,0x6DB6,0x6DB6,0x6DB6,
    0x6DB6,0x6DB6,0x6DB6,0x22CB,0x09E8,0x7CB3,0xFFFF,0xFFFF,0xFFFF,0xFFFF,0xFFFF,0xFFFF,
    0xFFFF,0xFFFF,0xFFFF,0xFFFF,0xFFFF,0xFFFF,0xFFFF,0xFFFF,0xFFFF,0xFFFF,0xFFFF,0xFFFF,
    0x7CB3,0x09E8,0x434D,0xE7BE,0xDFBE,0xD79D,0xD79D,0xD79D,0xD79D,0xD79D,0xD79D,0xD79D,
    0xD79D,0xD79D,0xD79D,0x3B4D,0x09E8,0x7CB3,0xFFFF,0xFFFF,0xFFFF,0xFFFF,0xAF3F,0x7EBF,
    0x8EDF,0xFFFF,0xFFFF,0xFFFF,0xFFFF,0xFFFF,0xFFFF,0xFFFF,0xFFFF,0xFFFF,0xFFFF,0xFFFF,
    0x7CB3,0x09E8,0x22CB,0x6DB6,0x6DB6,0x6DB6,0x6DB6,0x6DB6,0x6DB6,0x6DB6,0x6DB6,0x6DB6,
    0x6DB6,0x6DB6,0x6DB5,0x1229,0x09E8,0x09E8,0xF81F,0xF81F,0xF81F,0xF81F,0xF81F,0xF81F,
    0xF81F,0xF81F,0xF81F,0xF81F,0xF81F,0xF81F,0xF81F,0xF81F,0xF81F,0xF81F,0xF81F,0xF81F,
    0xF81F,0xF81F,0xF81F,0xF81F,0xF81F,0xF81F,0xF81F,0xF81F,0xF81F,0xF81F,0xF81F,0xF81F,
    0xF81F,0xF81F,0xF81F,0xF81F,0xF81F,0xF81F,0xF81F,0xF81F,0xF81F,0xF81F,0xF81F,0xF81F,
    0xF81F,0xF81F,0xF81F,0xF81F,0xF81F,0xF81F,0xF81F,0xF81F,0xF81F,0xF81F,0xF81F,0xF81F,
    0xF81F,0xF81F,0xF81F,0xF81F,0xF81F,0xF81F,0x09E8,0x09E8,0x2B2C,0x6DB6,0x6DB6,0x6DB6,
    0x6DB6,0x6DB6,0x6DB6,0x6DB6,0x6DB6,0x6DB6,0x6DB6,0x6DB6,0x5491,0x09E8,0x226A,0xF7BE,
    0xFFFF,0xFFFF,0xFFFF,0xFFFF,0xFFFF,0xEF7D,0x84B3,0x42CB,0x19E8,0x19E8,0x42CB,0x84B3,
    0xEF7D,0xFFFF,0xFFFF,0xFFFF,0xFFFF,0xFFFF,0xF7BE,0x226A,0x09E8,0xA5F7,0xD79D,0xD79D,
    0xD79D,0xD79D,0xD79D,0xD79D,0xD79D,0xD79D,0xD79D,0xD79D,0x9DD7,0x09E8,0x226A,0xF7BE,
    0xFFFF,0xFFFF,0xFFFF,0xFFFF,0x86BF,0x7EBF,0x7EBF,0x430D,0x19E8,0x19E8,0x42CB,0x84B3,
    0xEF7D,0xFFFF,0xFFFF,0xFFFF,0xFFFF,0xFFFF,0xF7BE,0x226A,0x09E8,0x5492,0x6DB6,0x6DB6,
    0x6DB6,0x6DB6,0x6DB6,0x6DB6,0x6DB6,0x6DB6,0x6DB6,0x6DB6,0x6DB6,0x2B0C,0x09E8,0x09E8,
    0xF81F,0xF81F,0xF81F,0xF81F,0xF81F,0xF81F,0xF81F,0xF81F,0xF81F,0xF81F,0xF81F,0xF81F,
    0xF81F,0xF81F,0xF81F,0xF81F,0xF81F,0xF81F,0xF81F,0xF81F,0xF81F,0xF81F,0xF81F,0xF81F,
    0xF81F,0xF81F,0xF81F,0xF81F,0xF81F,0xF81F,0xF81F,0xF81F,0xF81F,0xF81F,0xF81F,0xF81F,
    0xF81F,0xF81F,0xF81F,0xF81F,0xF81F,0xF81F,0xF81F,0xF81F,0xF81F,0xF81F,0xF81F,0xF81F,
    0xF81F,0xF81F,0xF81F,0xF81F,0xF81F,0xF81F,0xF81F,0xF81F,0xF81F,0xF81F,0xF81F,0x09E8,
    0x09E8,0x09E8,0x4410,0x6DB6,0x6DB6,0x6DB6,0x6DB6,0x6DB6,0x6DB6,0x6DB6,0x6DB6,0x6DB6,
    0x6DB6,0x6DB6,0x2B2C,0x09E8,0x9555,0xFFFF,0xFFFF,0xFFFF,0xFFFF,0xFFFF,0xB5D7,0x3AAB,
    0x8CD3,0x8CD3,0x326A,0x11A7,0x11A7,0x11A7,0x21E8,0xB5F7,0xFFFF,0xFFFF,0xFFFF,0xFFFF,
    0xFFFF,0x9555,0x09E8,0x53CF,0xD79D,0xD79D,0xD79D,0xD79D,0xD79D,0xD79D,0xD79D,0xD79D,
    0xD79D,0xD79D,0x4BAF,0x09E8,0x9555,0xFFFF,0xFFFF,0xFFFF,0xFFFF,0xDF9F,0x7EBF,0x7EBF,
    0x7EBF,0x8D35,0x326A,0x11A7,0x11A7,0x11A7,0x21E8,0xB5F7,0xFFFF,0xFFFF,0xFFFF,0xFFFF,
    0xFFFF,0x9555,0x09E8,0x2B2C,0x6DB6,0x6DB6,0x6DB6,0x6DB6,0x6DB6,0x6DB6,0x6DB6,0x6DB6,
    0x6DB6,0x6DB6,0x6DB6,0x4410,0x09E8,0x09E8,0x09E8,0xF81F,0xF81F,0xF81F,0xF81F,0xF81F,
    0xF81F,0xF81F,0xF81F,0xF81F,0xF81F,0xF81F,0xF81F,0xF81F,0xF81F,0xF81F,0xF81F,0xF81F,
    0xF81F,0xF81F,0xF81F,0xF81F,0xF81F,0xF81F,0xF81F,0xF81F,0xF81F,0xF81F,0xF81F,0xF81F,
    0xF81F,0xF81F,0xF81F,0xF81F,0xF81F,0xF81F,0xF81F,0xF81F,0xF81F,0xF81F,0xF81F,0xF81F,
    0xF81F,0xF81F,0xF81F,0xF81F,0xF81F,0xF81F,0xF81F,0xF81F,0xF81F,0xF81F,0xF81F,0xF81F,
    0xF81F,0xF81F,0xF81F,0xF81F,0xF81F,0x09E8,0x09E8,0x09E8,0x5CD2,0x6DB6,0x6DB6,0x6DB6,
    0x6DB6,0x6DB6,0x6DB6,0x6DB6,0x6DB6,0x6DB6,0x6DB6,0x6D95,0x1209,0x11E8,0xE75D,0xFFFF,
    0xFFFF,0xFFFF,0xFFFF,0xB5D7,0x326A,0xF79E,0xFFFF,0xFFFF,0xF79E,0x326A,0x11A7,0x11A7,
    0x11A7,0x11A7,0xB5F7,0xFFFF,0xFFFF,0xFFFF,0xFFFF,0xE75D,0x11E8,0x1A29,0xCF5C,0xD79D,
    0xD79D,0xD79D,0xD79D,0xD79D,0xD79D,0xD79D,0xD79D,0xCF5C,0x1229,0x11E8,0xE75D,0xFFFF,
    0xFFFF,0xFFFF,0xFFFF,0x9E5B,0x7EBF,0x7EBF,0x7EBF,0xDFBF,0xF79E,0x326A,0x11A7,0x11A7,
    0x11A7,0x11A7,0xB5F7,0xFFFF,0xFFFF,0xFFFF,0xFFFF,0xE75D,0x11E8,0x1209,0x6D95,0x6DB6,
    0x6DB6,0x6DB6,0x6DB6,0x6DB6,0x6DB6,0x6DB6,0x6DB6,0x6DB6,0x6DB6,0x54D2,0x09E8,0x09E8,
    0x09E8,0xF81F,0xF81F,0xF81F,0xF81F,0xF81F,0xF81F,0xF81F,0xF81F,0xF81F,0xF81F,0xF81F,
    0xF81F,0xF81F,0xF81F,0xF81F,0xF81F,0xF81F,0xF81F,0xF81F,0xF81F,0xF81F,0xF81F,0xF81F,
    0xF81F,0xF81F,0xF81F,0xF81F,0xF81F,0xF81F,0xF81F,0xF81F,0xF81F,0xF81F,0xF81F,0xF81F,
    0xF81F,0xF81F,0xF81F,0xF81F,0xF81F,0xF81F,0xF81F,0xF81F,0xF81F,0xF81F,0xF81F,0xF81F,
    0xF81F,0xF81F,0xF81F,0xF81F,0xF81F,0xF81F,0xF81F,0xF81F,0xF81F,0xF81F,0xF81F,0x09E8,
    0x09E8,0x09E8,0x6574,0x6DB6,0x6DB6,0x6DB6,0x6DB6,0x6DB6,0x6DB6,0x6DB6,0x6DB6,0x6DB6,
    0x6DB6,0x5CD2,0x09E8,0x432D,0xFFFF,0xFFFF,0xFFFF,0xFFFF,0xEF7D,0x21E8,0x8CD3,0xFFFF,
    0xFFFF,0xFFFF,0xFFFF,0x8CD3,0x11A7,0x11A7,0x11A7,0x11A7,0x21E8,0xEF7D,0xFFFF,0xFFFF,
    0xFFFF,0xFFFF,0x3B0D,0x09E8,0xA638,0xD79D,0xD79D,0xD79D,0xD79D,0xD79D,0xD79D,0xD79D,
    0xD79D,0xA638,0x09E8,0x432D,0xFFFF,0xFFFF,0xFFFF,0xFFFF,0xEF7D,0x5D17,0x7EBF,0x7EBF,
    0x7EBF,0xDFBF,0xFFFF,0x8CD3,0x11A7,0x11A7,0x11A7,0x11A7,0x21E8,0xEF7D,0xFFFF,0xFFFF,
    0xFFFF,0xFFFF,0x3B0D,0x09E8,0x5CD2,0x6DB6,0x6DB6,0x6DB6,0x6DB6,0x6DB6,0x6DB6,0x6DB6,
    0x6DB6,0x6DB6,0x6DB6,0x6554,0x09E8,0x09E8,0x09E8,0xF81F,0xF81F,0xF81F,0xF81F,0xF81F,
    0xF81F,0xF81F,0xF81F,0xF81F,0xF81F,0xF81F,0xF81F,0xF81F,0xF81F,0xF81F,0xF81F,0xF81F,
    0xF81F,0xF81F,0xF81F,0xF81F,0xF81F,0xF81F,0xF81F,0xF81F,0xF81F,0xF81F,0xF81F,0xF81F,
    0xF81F,0xF81F,0xF81F,0xF81F,0xF81F,0xF81F,0xF81F,0xF81F,0xF81F,0xF81F,0xF81F,0xF81F,
    0xF81F,0xF81F,0xF81F,0xF81F,0xF81F,0xF81F,0xF81F,0xF81F,0xF81F,0xF81F,0xF81F,0xF81F,
    0xF81F,0xF81F,0xF81F,0xF81F,0xF81F,0x09E8,0x09E8,0x1229,0x6DB6,0x6DB6,0x6DB6,0x6DB6,
    0x6DB6,0x6DB6,0x6DB6,0x6DB6,0x6DB6,0x6DB6,0x6DB6,0x4C71,0x09E8,0x6410,0xFFFF,0xFFFF,
    0xFFFF,0xFFFF,0x84B3,0x11A7,0x8CD3,0xFFFF,0xFFFF,0xFFFF,0xFFFF,0x8CD3,0x11A7,0x11A7,
    0x11A7,0x11A7,0x11A7,0x84D3,0xFFFF,0xFFFF,0xFFFF,0xFFFF,0x6410,0x09E8,0x8D96,0xD79D,
    0xD79D,0xD79D,0xD79D,0xD79D,0xD79D,0xD79D,0xD79D,0x8D96,0x09E8,0x6410,0xFFFF,0xFFFF,
    0xFFFF,0xFFFF,0x84B3,0x6579,0x7EBF,0x7EBF,0x7EBF,0xE7BF,0xFFFF,0x8CD3,0x11A7,0x11A7,
    0x11A7,0x11A7,0x11A7,0x84D3,0xFFFF,0xFFFF,0xFFFF,0xFFFF,0x6410,0x09E8,0x4C71,0x6DB6,
    0x6DB6,0x6DB6,0x6DB6,0x6DB6,0x6DB6,0x6DB6,0x6DB6,0x6DB6,0x6DB6,0x6DB6,0x1229,0x09E8,
    0x09E8,0xF81F,0xF81F,0xF81F,0xF81F,0xF81F,0xF81F,0xF81F,0xF81F,0xF81F,0xF81F,0xF81F,
    0xF81F,0xF81F,0xF81F,0xF81F,0xF81F,0xF81F,0xF81F,0xF81F,0xF81F,0xF81F,0xF81F,0xF81F,
    0xF81F,0xF81F,0xF81F,0xF81F,0xF81F,0xF81F,0xF81F,0xF81F,0xF81F,0xF81F,0xF81F,0xF81F,
    0xF81F,0xF81F,0xF81F,0xF81F,0xF81F,0xF81F,0xF81F,0xF81F,0xF81F,0xF81F,0xF81F,0xF81F,
    0xF81F,0xF81F,0xF81F,0xF81F,0xF81F,0xF81F,0xF81F,0xF81F,0xF81F,0xF81F,0xF81F,0x09E8,
    0x09E8,0x22CB,0x6DB6,0x6DB6,0x6DB6,0x6DB6,0x6DB6,0x6DB6,0x6DB6,0x6DB6,0x6DB6,0x6DB6,
    0x6DB6,0x440F,0x09E8,0x7CB3,0xFFFF,0xFFFF,0xFFFF,0xFFFF,0x3ACB,0x11A7,0x326A,0xF79E,
    0xFFFF,0xFFFF,0xEF9E,0x3269,0x11A7,0x11A7,0x11A7,0x11A7,0x11A7,0x42CB,0xFFFF,0xFFFF,
    0xFFFF,0xFFFF,0x7CB3,0x09E8,0x7D14,0xD79D,0xD79D,0xD79D,0xD79D,0xD79D,0xD79D,0xD79D,
    0xD79D,0x7CF3,0x09E8,0x7CB3,0xFFFF,0xFFFF,0xFFFF,0xFFFF,0x3ACB,0x6579,0x7EBF,0x7EBF,
    0x7EBF,0xF7FF,0xEF9E,0x3269,0x11A7,0x11A7,0x11A7,0x11A7,0x11A7,0x42CB,0xFFFF,0xFFFF,
    0xFFFF,0xFFFF,0x7CB3,0x09E8,0x440F,0x6DB6,0x6DB6,0x6DB6,0x6DB6,0x6DB6,0x6DB6,0x6DB6,
    0x6DB6,0x6DB6,0x6DB6,0x6DB6,0x22CB,0x09E8,0x09E8,0xF81F,0xF81F,0xF81F,0xF81F,0xF81F,
    0xF81F,0xF81F,0xF81F,0xF81F,0xF81F,0xF81F,0xF81F,0xF81F,0xF81F,0xF81F,0xF81F,0xF81F,
    0xF81F,0xF81F,0xF81F,0xF81F,0xF81F,0xF81F,0xF81F,0xF81F,0xF81F,0xF81F,0xF81F,0xF81F,
    0xF81F,0xF81F,0xF81F,0xF81F,0xF81F,0xF81F,0xF81F,0xF81F,0xF81F,0xF81F,0xF81F,0xF81F,
    0xF81F,0xF81F,0xF81F,0xF81F,0xF81F,0xF81F,0xF81F,0xF81F,0xF81F,0xF81F,0xF81F,0xF81F,
    0xF81F,0xF81F,0xF81F,0xF81F,0xF81F,0x09E8,0x09E8,0x2B2C,0x6DB6,0x6DB6,0x6DB6,0x6DB6,
    0x6DB6,0x6DB6,0x6DB6,0x6DB6,0x6DB6,0x6DB6,0x6DB6,0x440F,0x09E8,0x7CB3,0xFFFF,0xFFFF,
    0xFFFF,0xFFFF,0x19E8,0x11A7,0x11A7,0x326A,0x8CD3,0x8CD3,0x3269,0x11A7,0x11A7,0x11A7,
    0x11A7,0x11A7,0x11A7,0x21E8,0xFFFF,0xFFFF,0xFFFF,0xFFFF,0x7CB2,0x09E8,0x7D14,0xD79D,
    0xD79D,0xD79D,0xD79D,0xD79D,0xD79D,0xD79D,0xD79D,0x7D14,0x09E8,0x7CB3,0xFFFF,0xFFFF,
    0xFFFF,0xFFFF,0x19E8,0x5CF7,0x7EBF,0x7EBF,0x867E,0x8CD3,0x3269,0x11A7,0x11A7,0x11A7,
    0x11A7,0x11A7,0x11A7,0x21E8,0xFFFF,0xFFFF,0xFFFF,0xFFFF,0x7CB2,0x09E8,0x440F,0x6DB6,
    0x6DB6,0x6DB6,0x6DB6,0x6DB6,0x6DB6,0x6DB6,0x6DB6,0x6DB6,0x6DB6,0x6DB6,0x2B0C,0x09E8,
    0x09E8,0xF81F,0xF81F,0xF81F,0xF81F,0xF81F,0xF81F,0xF81F,0xF81F,0xF81F,0xF81F,0xF81F,
    0xF81F,0xF81F,0xF81F,0xF81F,0xF81F,0xF81F,0xF81F,0xF81F,0xF81F,0xF81F,0xF81F,0xF81F,
    0xF81F,0xF81F,0xF81F,0xF81F,0xF81F,0xF81F,0xF81F,0xF81F,0xF81F,0xF81F,0xF81F,0xF81F,
    0xF81F,0xF81F,0xF81F,0xF81F,0xF81F,0xF81F,0xF81F,0xF81F,0xF81F,0xF81F,0xF81F,0xF81F,
    0xF81F,0xF81F,0xF81F,0xF81F,0xF81F,0xF81F,0xF81F,0xF81F,0xF81F,0xF81F,0xF81F,0x09E8,
    0x09E8,0x334D,0x6DB6,0x6DB6,0x6DB6,0x6DB6,0x6DB6,0x6DB6,0x6DB6,0x6DB6,0x6DB6,0x6DB6,
    0x6DB6,0x4C71,0x09E8,0x6410,0xFFFF,0xFFFF,0xFFFF,0xFFFF,0x21E8,0x11A7,0x11A7,0x11A7,
    0x11A7,0x11A7,0x11A7,0x11A7,0x11A7,0x11A7,0x11A7,0x11A7,0x11A7,0x21E8,0xFFFF,0xFFFF,
    0xFFFF,0xFFFF,0x63F0,0x09E8,0x8D96,0xD79D,0xD79D,0xD79D,0xD79D,0xD79D,0xD79D,0xD79D,
    0xD79D,0x8D96,0x09E8,0x6410,0xFFFF,0xFFFF,0xFFFF,0xFFFF,0x21E8,0x4C13,0x7EBF,0x7EBF,
    0x5CD6,0x11A7,0x11A7,0x11A7,0x11A7,0x11A7,0x11A7,0x11A7,0x11A7,0x21E8,0xFFFF,0xFFFF,
    0xFFFF,0xFFFF,0x63F0,0x09E8,0x4C71,0x6DB6,0x6DB6,0x6DB6,0x6DB6,0x6DB6,0x6DB6,0x6DB6,
    0x6DB6,0x6DB6,0x6DB6,0x6DB6,0x334D,0x09E8,0x09E8,0xF81F,0xF81F,0xF81F,0xF81F,0xF81F,
    0xF81F,0xF81F,0xF81F,0xF81F,0xF81F,0xF81F,0xF81F,0xF81F,0xF81F,0xF81F,0xF81F,0xF81F,
    0xF81F,0xF81F,0xF81F,0xF81F,0xF81F,0xF81F,0xF81F,0xF81F,0xF81F,0xF81F,0xF81F,0xF81F,
    0xF81F,0xF81F,0xF81F,0xF81F,0xF81F,0xF81F,0xF81F,0xF81F,0xF81F,0xF81F,0xF81F,0xF81F,
    0xF81F,0xF81F,0xF81F,0xF81F,0xF81F,0xF81F,0xF81F,0xF81F,0xF81F,0xF81F,0xF81F,0xF81F,
    0xF81F,0xF81F,0xF81F,0xF81F,0x09E8,0x09E8,0x09E8,0x3B8E,0x6DB6,0x6DB6,0x6DB6,0x6DB6,
    0x6DB6,0x6DB6,0x6DB6,0x6DB6,0x6DB6,0x6DB6,0x6DB6,0x5CD2,0x09E8,0x3B2D,0xFFFF,0xFFFF,
    0xFFFF,0xFFFF,0x42CB,0x11A7,0x11A7,0x11A7,0x11A7,0x11A7,0x11A7,0x11A7,0x11A7,0x11A7,
    0x11A7,0x11A7,0x11A7,0x42CB,0xFFFF,0xFFFF,0xFFFF,0xFFFF,0x3B0C,0x09E8,0xA638,0xD79D,
    0xD79D,0xD79D,0xD79D,0xD79D,0xD79D,0xD79D,0xD79D,0xA638,0x09E8,0x3B2D,0xFFFF,0xFFFF,
    0xFFFF,0xFFFF,0x42CB,0x2AAC,0x7EBF,0x7EBF,0x32ED,0x11A7,0x11A7,0x11A7,0x11A7,0x11A7,
    0x11A7,0x11A7,0x11A7,0x42CB,0xFFFF,0xFFFF,0xFFFF,0xFFFF,0x3B0C,0x09E8,0x5CD2,0x6DB6,
    0x6DB6,0x6DB6,0x6DB6,0x6DB6,0x6DB6,0x6DB6,0x6DB6,0x6DB6,0x6DB6,0x6DB6,0x3B8E,0x09E8,
    0x09E8,0x09E8,0xF81F,0xF81F,0xF81F,0xF81F,0xF81F,0xF81F,0xF81F,0xF81F,0xF81F,0xF81F,
    0xF81F,0xF81F,0xF81F,0xF81F,0xF81F,0xF81F,0xF81F,0xF81F,0xF81F,0xF81F,0xF81F,0xF81F,
    0xF81F,0xF81F,0xF81F,0xF81F,0xF81F,0xF81F,0xF81F,0xF81F,0xF81F,0xF81F,0xF81F,0xF81F,
    0xF81F,0xF81F,0xF81F,0xF81F,0xF81F,0xF81F,0xF81F,0xF81F,0xF81F,0xF81F,0xF81F,0xF81F,
    0xF81F,0xF81F,0xF81F,0xF81F,0xF81F,0xF81F,0xF81F,0xF81F,0xF81F,0x09E8,0x09E8,0x09E8,
    0x09E8,0x3BAE,0x6DB6,0x6DB6,0x6DB6,0x6DB6,0x6DB6,0x6DB6,0x6DB6,0x6DB6,0x6DB6,0x6DB6,
    0x6DB6,0x6DB5,0x1209,0x11E8,0xE75D,0xFFFF,0xFFFF,0xFFFF,0x84B3,0x11A7,0x11A7,0x11A7,
    0x11A7,0x11A7,0x11A7,0x11A7,0x11A7,0x11A7,0x11A7,0x11A7,0x11A7,0x8CD3,0xFFFF,0xFFFF,
    0xFFFF,0xE75D,0x11E8,0x1A29,0xCF5C,0xD79D,0xD79D,0xD79D,0xD79D,0xD79D,0xD79D,0xD79D,
    0xD79D,0xCF7D,0x1A29,0x11E8,0xE75D,0xFFFF,0xFFFF,0xFFFF,0x84B3,0x11A7,0x6DBB,0x6DDB,
    0x11A7,0x11A7,0x11A7,0x11A7,0x11A7,0x11A7,0x11A7,0x11A7,0x11A7,0x8CD3,0xFFFF,0xFFFF,
    0xFFFF,0xE75D,0x11E8,0x1209,0x6D95,0x6DB6,0x6DB6,0x6DB6,0x6DB6,0x6DB6,0x6DB6,0x6DB6,
    0x6DB6,0x6DB6,0x6DB6,0x6DB6,0x3BAE,0x09E8,0x09E8,0x09E8,0x09E8,0xF81F,0xF81F,0xF81F,
    0xF81F,0xF81F,0xF81F,0xF81F,0xF81F,0xF81F,0xF81F,0xF81F,0xF81F,0xF81F,0xF81F,0xF81F,
    0xF81F,0xF81F,0xF81F,0xF81F,0xF81F,0xF81F,0xF81F,0xF81F,0xF81F,0xF81F,0xF81F,0xF81F,
    0xF81F,0xF81F,0xF81F,0xF81F,0xF81F,0xF81F,0xF81F,0xF81F,0xF81F,0xF81F,0xF81F,0xF81F,
    0xF81F,0xF81F,0xF81F,0xF81F,0xF81F,0xF81F,0xF81F,0xF81F,0xF81F,0xF81F,0xF81F,0xF81F,
    0xF81F,0xF81F,0xF81F,0x09E8,0x09E8,0x09E8,0x09E8,0x3BAE,0x6DB6,0x6DB6,0x6DB6,0x6DB6,
    0x6DB6,0x6DB6,0x6DB6,0x6DB6,0x6DB6,0x6DB6,0x6DB6,0x6DB6,0x2B2C,0x09E8,0x9555,0xFFFF,
    0xFFFF,0xFFFF,0xEF7D,0x21E8,0x11A7,0x11A7,0x11A7,0x11A7,0x11A7,0x11A7,0x11A7,0x11A7,
    0x11A7,0x11A7,0x2208,0xEF7D,0xFFFF,0xFFFF,0xFFFF,0x9555,0x09E8,0x53CF,0xD79D,0xD79D,
    0xD79D,0xD79D,0xD79D,0xD79D,0xD79D,0xD79D,0xD79D,0xD79D,0x4BAF,0x09E8,0x9555,0xFFFF,
    0xFFFF,0xFFFF,0xEF7D,0x21E8,0x330D,0x330E,0x11A7,0x11A7,0x11A7,0x11A7,0x11A7,0x11A7,
    0x11A7,0x11A7,0x2208,0xEF7D,0xFFFF,0xFFFF,0xFFFF,0x9555,0x09E8,0x2B2D,0x6DB6,0x6DB6,
    0x6DB6,0x6DB6,0x6DB6,0x6DB6,0x6DB6,0x6DB6,0x6DB6,0x6DB6,0x6DB6,0x6DB6,0x3BAE,0x09E8,
    0x09E8,0x09E8,0x09E8,0xF81F,0xF81F,0xF81F,0xF81F,0xF81F,0xF81F,0xF81F,0xF81F,0xF81F,
    0xF81F,0xF81F,0xF81F,0xF81F,0xF81F,0xF81F,0xF81F,0xF81F,0xF81F,0xF81F,0xF81F,0xF81F,
    0xF81F,0xF81F,0xF81F,0xF81F,0xF81F,0xF81F,0xF81F,0xF81F,0xF81F,0xF81F,0xF81F,0xF81F,
    0xF81F,0xF81F,0xF81F,0xF81F,0xF81F,0xF81F,0xF81F,0xF81F,0xF81F,0xF81F,0xF81F,0xF81F,
    0xF81F,0xF81F,0xF81F,0xF81F,0xF81F,0xF81F,0xF81F,0xF81F,0x09E8,0x09E8,0x1229,0x09E8,
    0x09E8,0x3B8E,0x6DB6,0x6DB6,0x6DB6,0x6DB6,0x6DB6,0x6DB6,0x6DB6,0x6DB6,0x6DB6,0x6DB6,
    0x6DB6,0x6DB6,0x5492,0x09E8,0x226A,0xF7BE,0xFFFF,0xFFFF,0xFFFF,0xB5F7,0x11A7,0x11A7,
    0x11A7,0x11A7,0x11A7,0x11A7,0x11A7,0x11A7,0x11A7,0x11A7,0xB5F7,0xFFFF,0xFFFF,0xFFFF,
    0xF7BE,0x226A,0x09E8,0x9DF7,0xD79D,0xD79D,0xD79D,0xD79D,0xD79D,0xD79D,0xD79D,0xD79D,
    0xD79D,0xD79D,0x9DD7,0x09E8,0x226A,0xF7BE,0xFFFF,0xFFFF,0xFFFF,0xB5F7,0x11A7,0x11A7,
    0x11A7,0x11A7,0x11A7,0x11A7,0x11A7,0x11A7,0x11A7,0x11A7,0xB5F7,0xFFFF,0xFFFF,0xFFFF,
    0xF7BE,0x226A,0x09E8,0x54B2,0x6DB6,0x6DB6,0x6DB6,0x6DB6,0x6DB6,0x6DB6,0x6DB6,0x6DB6,
    0x6DB6,0x6DB6,0x6DB6,0x6DB6,0x3B8E,0x09E8,0x09E8,0x1229,0x09E8,0x09E8,0xF81F,0xF81F,
    0xF81F,0xF81F,0xF81F,0xF81F,0xF81F,0xF81F,0xF81F,0xF81F,0xF81F,0xF81F,0xF81F,0xF81F,
    0xF81F,0xF81F,0xF81F,0xF81F,0xF81F,0xF81F,0xF81F,0xF81F,0xF81F,0xF81F,0xF81F,0xF81F,
    0xF81F,0xF81F,0xF81F,0xF81F,0xF81F,0xF81F,0xF81F,0xF81F,0xF81F,0xF81F,0xF81F,0xF81F,
    0xF81F,0xF81F,0xF81F,0xF81F,0xF81F,0xF81F,0xF81F,0xF81F,0xF81F,0xF81F,0xF81F,0xF81F,
    0xF81F,0xF81F,0x09E8,0x09E8,0x3B8E,0x09E8,0x09E8,0x334D,0x6DB6,0x6DB6,0x6DB6,0x6DB6,
    0x6DB6,0x6DB6,0x6DB6,0x6DB6,0x6DB6,0x6DB6,0x6DB6,0x6DB6,0x6DB6,0x22CB,0x09E8,0x7CB3,
    0xFFFF,0xFFFF,0xFFFF,0xFFFF,0xB5F7,0x21E8,0x11A7,0x11A7,0x11A7,0x11A7,0x11A7,0x11A7,
    0x2208,0xB5F7,0xFFFF,0xFFFF,0xFFFF,0xFFFF,0x7C92,0x09E8,0x3B4D,0xD79D,0xD79D,0xD79D,
    0xD79D,0xD79D,0xD79D,0xD79D,0xD79D,0xD79D,0xD79D,0xD79D,0xD79D,0x3B4D,0x09E8,0x7CB3,
    0xFFFF,0xFFFF,0xFFFF,0xFFFF,0xB5F7,0x21E8,0x11A7,0x11A7,0x11A7,0x11A7,0x11A7,0x11A7,
    0x2208,0xB5F7,0xFFFF,0xFFFF,0xFFFF,0xFFFF,0x7C92,0x09E8,0x22CB,0x6DB6,0x6DB6,0x6DB6,
    0x6DB6,0x6DB6,0x6DB6,0x6DB6,0x6DB6,0x6DB6,0x6DB6,0x6DB6,0x6DB6,0x6DB6,0x334D,0x09E8,
    0x09E8,0x338E,0x09E8,0x09E8,0xF81F,0xF81F,0xF81F,0xF81F,0xF81F,0xF81F,0xF81F,0xF81F,
    0xF81F,0xF81F,0xF81F,0xF81F,0xF81F,0xF81F,0xF81F,0xF81F,0xF81F,0xF81F,0xF81F,0xF81F,
    0xF81F,0xF81F,0xF81F,0xF81F,0xF81F,0xF81F,0xF81F,0xF81F,0xF81F,0xF81F,0xF81F,0xF81F,
    0xF81F,0xF81F,0xF81F,0xF81F,0xF81F,0xF81F,0xF81F,0xF81F,0xF81F,0xF81F,0xF81F,0xF81F,
    0xF81F,0xF81F,0xF81F,0xF81F,0xF81F,0xF81F,0xF81F,0x09E8,0x09E8,0x1229,0x4C71,0x09E8,
    0x09E8,0x2B2C,0x6DB6,0x6DB6,0x6DB6,0x6DB6,0x6DB6,0x6DB6,0x6DB6,0x6DB6,0x6DB6,0x6DB6,
    0x6DB6,0x6DB6,0x6DB6,0x5D13,0x1208,0x11E8,0xADD7,0xFFFF,0xFFFF,0xFFFF,0xFFFF,0xEF7D,
    0x84D3,0x42EB,0x19E8,0x19E8,0x42EB,0x8CD3,0xEF7D,0xFFFF,0xFFFF,0xFFFF,0xFFFF,0xADD7,
    0x09E8,0x1208,0xAE79,0xD79D,0xD79D,0xD79D,0xD79D,0xD79D,0xD79D,0xD79D,0xD79D,0xD79D,
    0xD79D,0xD79D,0xD79D,0xAE79,0x1208,0x11E8,0xADD7,0xFFFF,0xFFFF,0xFFFF,0xFFFF,0xEF7D,
    0x84D3,0x42EB,0x19E8,0x19E8,0x42EB,0x8CD3,0xEF7D,0xFFFF,0xFFFF,0xFFFF,0xFFFF,0xADD7,
    0x09E8,0x1208,0x6513,0x6DB6,0x6DB6,0x6DB6,0x6DB6,0x6DB6,0x6DB6,0x6DB6,0x6DB6,0x6DB6,
    0x6DB6,0x6DB6,0x6DB6,0x6DB6,0x2B0C,0x09E8,0x09E8,0x5471,0x1229,0x09E8,0x09E8,0xF81F,
    0xF81F,0xF81F,0xF81F,0xF81F,0xF81F,0xF81F,0xF81F,0xF81F,0xF81F,0xF81F,0xF81F,0xF81F,
    0xF81F,0xF81F,0xF81F,0xF81F,0xF81F,0xF81F,0xF81F,0xF81F,0xF81F,0xF81F,0xF81F,0xF81F,
    0xF81F,0xF81F,0xF81F,0xF81F,0xF81F,0xF81F,0xF81F,0xF81F,0xF81F,0xF81F,0xF81F,0xF81F,
    0xF81F,0xF81F,0xF81F,0xF81F,0xF81F,0xF81F,0xF81F,0xF81F,0xF81F,0xF81F,0xF81F,0xF81F,
    0xF81F,0x09E8,0x09E8,0x336D,0x54D2,0x09E8,0x09E8,0x22CB,0x6DB6,0x6DB6,0x6DB6,0x6DB6,
    0x6DB6,0x6DB6,0x6DB6,0x6DB6,0x6DB6,0x6DB6,0x6DB6,0x6DB6,0x6DB6,0x8E58,0x8555,0x09E8,
    0x1209,0xADD7,0xFFFF,0xFFFF,0xFFFF,0xFFFF,0xFFFF,0xFFFF,0xFFFF,0xFFFF,0xFFFF,0xFFFF,
    0xFFFF,0xFFFF,0xFFFF,0xFFFF,0xADD7,0x1209,0x09E8,0x8555,0xD79D,0xD79D,0xD79D,0xD79D,
    0xD79D,0xD79D,0xD79D,0xD79D,0xD79D,0xD79D,0xD79D,0xD79D,0xD79D,0xD79D,0x8555,0x09E8,
    0x1209,0xADD7,0xFFFF,0xFFFF,0xFFFF,0xFFFF,0xFFFF,0xFFFF,0xFFFF,0xFFFF,0xFFFF,0xFFFF,
    0xFFFF,0xFFFF,0xFFFF,0xFFFF,0xADD7,0x1209,0x09E8,0x8555,0x8E58,0x6DB6,0x6DB6,0x6DB6,
    0x6DB6,0x6DB6,0x6DB6,0x6DB6,0x6DB6,0x6DB6,0x6DB6,0x6DB6,0x6DB6,0x6DB6,0x22CB,0x09E8,
    0x09E8,0x5CD2,0x336D,0x09E8,0x09E8,0xF81F,0xF81F,0xF81F,0xF81F,0xF81F,0xF81F,0xF81F,
    0xF81F,0xF81F,0xF81F,0xF81F,0xF81F,0xF81F,0xF81F,0xF81F,0xF81F,0xF81F,0xF81F,0xF81F,
    0xF81F,0xF81F,0xF81F,0xF81F,0xF81F,0xF81F,0xF81F,0xF81F,0xF81F,0xF81F,0xF81F,0xF81F,
    0xF81F,0xF81F,0xF81F,0xF81F,0xF81F,0xF81F,0xF81F,0xF81F,0xF81F,0xF81F,0xF81F,0xF81F,
    0xF81F,0xF81F,0xF81F,0xF81F,0xF81F,0xF81F,0xF81F,0x09E8,0x09E8,0x4C30,0x6554,0x09E8,
    0x09E8,0x1229,0x6DB6,0x6DB6,0x6DB6,0x6DB6,0x6DB6,0x6DB6,0x6DB6,0x6DB6,0x6DB6,0x6DB6,
    0x6DB6,0x6DB6,0x6DB6,0xA6BA,0xD79D,0x6C92,0x09E8,0x11E8,0x7CB3,0xF7BE,0xFFFF,0xFFFF,
    0xFFFF,0xFFFF,0xFFFF,0xFFFF,0xFFFF,0xFFFF,0xFFFF,0xFFFF,0xF7BE,0x7C92,0x09E8,0x09E8,
    0x6C92,0xB75E,0xC77D,0xD79D,0xD79D,0xD79D,0xD79D,0xD79D,0xD79D,0xD79D,0xD79D,0xD79D,
    0xD79D,0xD79D,0xD79D,0xD79D,0xD79D,0x6C92,0x09E8,0x11E8,0x7CB3,0xF7BE,0xFFFF,0xFFFF,
    0xFFFF,0xFFFF,0xFFFF,0xFFFF,0xFFFF,0xFFFF,0xFFFF,0xFFFF,0xF7BE,0x7C92,0x09E8,0x09E8,
    0x6C92,0xD79D,0xA6B9,0x6DB6,0x6DB6,0x6DB6,0x6DB6,0x6DB6,0x6DB6,0x6DB6,0x6DB6,0x6DB6,
    0x6DB6,0x6DB6,0x6DB6,0x6DB6,0x1229,0x09E8,0x09E8,0x6554,0x4C30,0x09E8,0x09E8,0xF81F,
    0xF81F,0xF81F,0xF81F,0xF81F,0xF81F,0xF81F,0xF81F,0xF81F,0xF81F,0xF81F,0xF81F,0xF81F,
    0xF81F,0xF81F,0xF81F,0xF81F,0xF81F,0xF81F,0xF81F,0xF81F,0xF81F,0xF81F,0xF81F,0xF81F,
    0xF81F,0xF81F,0xF81F,0xF81F,0xF81F,0xF81F,0xF81F,0xF81F,0xF81F,0xF81F,0xF81F,0xF81F,
    0xF81F,0xF81F,0xF81F,0xF81F,0xF81F,0xF81F,0xF81F,0xF81F,0xF81F,0xF81F,0xF81F,0xF81F,
    0xF81F,0x09E8,0x09E8,0x5CF3,0x6DB5,0x1229,0x09E8,0x09E8,0x6574,0x6DB6,0x6DB6,0x6DB6,
    0x6DB6,0x6DB6,0x6DB6,0x6DB6,0x6DB6,0x6DB6,0x6DB6,0x6DB6,0x6DB6,0xB71B,0xD79D,0xD79D,
    0x8554,0x1208,0x09E8,0x226A,0x9555,0xE75D,0xFFFF,0xFFFF,0xFFFF,0xFFFF,0xFFFF,0xFFFF,
    0xE75D,0x9555,0x226A,0x09E8,0x1208,0x8555,0xCF7D,0x86BF,0xA71E,0xD79D,0xD79D,0xD79D,
    0xD79D,0xD79D,0xD79D,0xD79D,0xD79D,0xD79D,0xD79D,0xD79D,0xD79D,0xD79D,0xD79D,0xD79D,
    0x8554,0x1208,0x09E8,0x226A,0x9555,0xE75D,0xFFFF,0xFFFF,0xFFFF,0xFFFF,0xFFFF,0xFFFF,
    0xE75D,0x9555,0x226A,0x09E8,0x1208,0x8555,0xD79D,0xD79D,0xB6FB,0x6DB6,0x6DB6,0x6DB6,
    0x6DB6,0x6DB6,0x6DB6,0x6DB6,0x6DB6,0x6DB6,0x6DB6,0x6DB6,0x6DB6,0x6554,0x09E8,0x09E8,
    0x1229,0x6DB6,0x5CD2,0x09E8,0x09E8,0xF81F,0xF81F,0xF81F,0xF81F,0xF81F,0xF81F,0xF81F,
    0xF81F,0xF81F,0xF81F,0xF81F,0xF81F,0xF81F,0xF81F,0xF81F,0xF81F,0xF81F,0xF81F,0xF81F,
    0xF81F,0xF81F,0xF81F,0xF81F,0xF81F,0xF81F,0xF81F,0xF81F,0xF81F,0xF81F,0xF81F,0xF81F,
    0xF81F,0xF81F,0xF81F,0xF81F,0xF81F,0xF81F,0xF81F,0xF81F,0xF81F,0xF81F,0xF81F,0xF81F,
    0xF81F,0xF81F,0xF81F,0xF81F,0xF81F,0xF81F,0xF81F,0x09E8,0x09E8,0x6533,0x6DB6,0x22AB,
    0x09E8,0x09E8,0x5CD2,0x6DB6,0x6DB6,0x6DB6,0x6DB6,0x6DB6,0x6DB6,0x6DB6,0x6DB6,0x6DB6,
    0x6DB6,0x6DB6,0x6DB6,0xC75C,0xD79D,0xD79D,0xD79D,0xAE79,0x3B4D,0x09E8,0x09E8,0x11E8,
    0x3B0C,0x6410,0x7C92,0x7C92,0x6410,0x3B0C,0x11E8,0x09E8,0x09E8,0x3B4D,0xAE79,0xD79D,
    0xAF1E,0x7EBF,0x8EDF,0xD79D,0xD79D,0xD79D,0xD79D,0xD79D,0xD79D,0xD79D,0xD79D,0xD79D,
    0xD79D,0xD79D,0xD79D,0xD79D,0xD79D,0xD79D,0xD79D,0xAE79,0x3B4D,0x09E8,0x09E8,0x11E8,
    0x3B0C,0x6410,0x7C92,0x7C92,0x6410,0x3B0C,0x11E8,0x09E8,0x09E8,0x3B4D,0xAE79,0xD79D,
    0xD79D,0xD79D,0xC75C,0x6DB6,0x6DB6,0x6DB6,0x6DB6,0x6DB6,0x6DB6,0x6DB6,0x6DB6,0x6DB6,
    0x6DB6,0x6DB6,0x6DB6,0x54D2,0x09E8,0x09E8,0x22CB,0x6DB6,0x5D13,0x09E8,0x09E8,0xF81F,
    0xF81F,0xF81F,0xF81F,0xF81F,0xF81F,0xF81F,0xF81F,0xF81F,0xF81F,0xF81F,0xF81F,0xF81F,
    0xF81F,0xF81F,0xF81F,0xF81F,0xF81F,0xF81F,0xF81F,0xF81F,0xF81F,0xF81F,0xF81F,0xF81F,
    0xF81F,0xF81F,0xF81F,0xF81F,0xF81F,0xF81F,0xF81F,0xF81F,0xF81F,0xF81F,0xF81F,0xF81F,
    0xF81F,0xF81F,0xF81F,0xF81F,0xF81F,0xF81F,0xF81F,0xF81F,0xF81F,0xF81F,0xF81F,0xF81F,
    0xF81F,0x09E8,0x09E8,0x6554,0x6DB6,0x334D,0x09E8,0x09E8,0x4410,0x6DB6,0x6DB6,0x6DB6,
    0x6DB6,0x6DB6,0x6DB6,0x6DB6,0x6DB6,0x6DB6,0x6DB6,0x6DB6,0x6DB6,0xCF7D,0xD79D,0xD79D,
    0xD79D,0xD79D,0xD79D,0x9DF7,0x53CF,0x1A29,0x09E8,0x09E8,0x09E8,0x09E8,0x09E8,0x09E8,
    0x1A29,0x53CF,0x9DF7,0xD79D,0xD79D,0xD79D,0x86BF,0x7EBF,0x7EBF,0xCF7D,0xD79D,0xD79D,
    0xD79D,0xD79D,0xD79D,0xD79D,0xD79D,0xD79D,0xD79D,0xD79D,0xD79D,0xD79D,0xD79D,0xD79D,
    0xD79D,0xD79D,0xD79D,0x9DF7,0x53CF,0x1A29,0x09E8,0x09E8,0x09E8,0x09E8,0x09E8,0x09E8,
    0x1A29,0x53CF,0x9DF7,0xD79D,0xD79D,0xD79D,0xD79D,0xD79D,0xCF7C,0x6DB6,0x6DB6,0x6DB6,
    0x6DB6,0x6DB6,0x6DB6,0x6DB6,0x6DB6,0x6DB6,0x6DB6,0x6DB6,0x6DB6,0x4410,0x09E8,0x09E8,
    0x334D,0x6DB6,0x6534,0x09E8,0x09E8,0xF81F,0xF81F,0xF81F,0xF81F,0xF81F,0xF81F,0xF81F,
    0xF81F,0xF81F,0xF81F,0xF81F,0xF81F,0xF81F,0xF81F,0xF81F,0xF81F,0xF81F,0xF81F,0xF81F,
    0xF81F,0xF81F,0xF81F,0xF81F,0xF81F,0xF81F,0xF81F,0xF81F,0xF81F,0xF81F,0xF81F,0xF81F,
    0xF81F,0xF81F,0xF81F,0xF81F,0xF81F,0xF81F,0xF81F,0xF81F,0xF81F,0xF81F,0xF81F,0xF81F,
    0xF81F,0xF81F,0xF81F,0xF81F,0xF81F,0xF81F,0xF81F,0x09E8,0x09E8,0x5D13,0x6DB6,0x4430,
    0x09E8,0x09E8,0x2B0C,0x6DB6,0x6DB6,0x6DB6,0x6DB6,0x6DB6,0x6DB6,0x6DB6,0x6DB6,0x6DB6,
    0x6DB6,0x6DB6,0x6DB6,0xD79D,0xD79D,0xD79D,0xD79D,0xD79D,0xD79D,0xD79D,0xD79D,0xCF5C,
    0xA638,0x8D96,0x7D14,0x7D14,0x8D96,0xA638,0xCF7D,0xD79D,0xD79D,0xD79D,0xD79D,0xB75E,
    0x7EBF,0x7EBF,0x7EBF,0xC75E,0xD79D,0xD79D,0xD79D,0xD79D,0xD79D,0xD79D,0xD79D,0xD79D,
    0xD79D,0xD79D,0xD79D,0xD79D,0xD79D,0xD79D,0xD79D,0xD79D,0xD79D,0xD79D,0xD79D,0xCF5C,
    0xA638,0x8D96,0x7D14,0x7D14,0x8D96,0xA638,0xCF7D,0xD79D,0xD79D,0xD79D,0xD79D,0xD79D,
    0xD79D,0xD79D,0xD79D,0x6DB6,0x6DB6,0x6DB6,0x6DB6,0x6DB6,0x6DB6,0x6DB6,0x6DB6,0x6DB6,
    0x6DB6,0x6DB6,0x6DB6,0x2B0C,0x09E8,0x09E8,0x4C30,0x6DB6,0x5D13,0x09E8,0x09E8,0xF81F,
    0xF81F,0xF81F,0xF81F,0xF81F,0xF81F,0xF81F,0xF81F,0xF81F,0xF81F,0xF81F,0xF81F,0xF81F,
    0xF81F,0xF81F,0xF81F,0xF81F,0xF81F,0xF81F,0xF81F,0xF81F,0xF81F,0xF81F,0xF81F,0xF81F,
    0xF81F,0xF81F,0xF81F,0xF81F,0xF81F,0xF81F,0xF81F,0xF81F,0xF81F,0xF81F,0xF81F,0xF81F,
    0xF81F,0xF81F,0xF81F,0xF81F,0xF81F,0xF81F,0xF81F,0xF81F,0xF81F,0xF81F,0xF81F,0xF81F,
    0xF81F,0x09E8,0x09E8,0x54B2,0x6DB6,0x6534,0x09E8,0x09E8,0x1229,0x6DB5,0x6DB6,0x6DB6,
    0x6DB6,0x6DB6,0x6DB6,0x6DB6,0x6DB6,0x6DB6,0x6DB6,0x6DB6,0x6DB6,0xD79D,0xD79D,0xD79D,
    0xD79D,0xD79D,0xD79D,0xD79D,0xD79D,0xD79D,0xD79D,0xD79D,0xD79D,0xD79D,0xD79D,0xD79D,
    0xD79D,0xD79D,0xD79D,0xD79D,0xD79D,0xA71E,0x7EBF,0x7EBF,0x7EBF,0xBF5E,0xD79D,0xD79D,
    0xD79D,0xD79D,0xD79D,0xD79D,0xD79D,0xD79D,0xD79D,0xD79D,0xD79D,0xD79D,0xD79D,0xD79D,
    0xD79D,0xD79D,0xD79D,0xD79D,0xD79D,0xD79D,0xD79D,0xD79D,0xD79D,0xD79D,0xD79D,0xD79D,
    0xD79D,0xD79D,0xD79D,0xD79D,0xD79D,0xD79D,0xD79D,0xD79D,0xD79D,0x6DB6,0x6DB6,0x6DB6,
    0x6DB6,0x6DB6,0x6DB6,0x6DB6,0x6DB6,0x6DB6,0x6DB6,0x6DB6,0x6DB5,0x1229,0x09E8,0x09E8,
    0x6534,0x6DB6,0x54B2,0x09E8,0x09E8,0xF81F,0xF81F,0xF81F,0xF81F,0xF81F,0xF81F,0xF81F,
    0xF81F,0xF81F,0xF81F,0xF81F,0xF81F,0xF81F,0xF81F,0xF81F,0xF81F,0xF81F,0xF81F,0xF81F,
    0xF81F,0xF81F,0xF81F,0xF81F,0xF81F,0xF81F,0xF81F,0xF81F,0xF81F,0xF81F,0xF81F,0xF81F,
    0xF81F,0xF81F,0xF81F,0xF81F,0xF81F,0xF81F,0xF81F,0xF81F,0xF81F,0xF81F,0xF81F,0xF81F,
    0xF81F,0xF81F,0xF81F,0xF81F,0xF81F,0xF81F,0xF81F,0x09E8,0x09E8,0x4430,0x6DB6,0x6DB6,
    0x1A6A,0x09E8,0x09E8,0x5CF3,0x6DB6,0x6DB6,0x6DB6,0x6DB6,0x6DB6,0x6DB6,0x6DB6,0x6DB6,
    0x6DB6,0x6DB6,0x6DB6,0xCF7D,0xD79D,0xD79D,0xD79D,0xD79D,0xD79D,0xD79D,0xD79D,0xD79D,
    0xD79D,0xD79D,0xD79D,0xD79D,0xD79D,0xD79D,0xD79D,0xD79D,0xD79D,0xD79D,0xD79D,0x96DF,
    0x7E9F,0x6D9A,0x761D,0xC75E,0xD79D,0xD79D,0xD79D,0xD79D,0xD79D,0xD79D,0xD79D,0xCF7D,
    0xAE58,0xBEFB,0xD79D,0xD79D,0xD79D,0xD79D,0xD79D,0xD79D,0xD79D,0xD79D,0xD79D,0xD79D,
    0xD79D,0xD79D,0xD79D,0xD79D,0xD79D,0xD79D,0xD79D,0xD79D,0xD79D,0xD79D,0xD79D,0xD79D,
    0xD79D,0xD79D,0xCF7C,0x6DB6,0x6DB6,0x6DB6,0x6DB6,0x6DB6,0x6DB6,0x6DB6,0x6DB6,0x6DB6,
    0x6DB6,0x6DB6,0x5CD2,0x09E8,0x09E8,0x1A6A,0x6DB6,0x6DB6,0x4430,0x09E8,0x09E8,0xF81F,
    0xF81F,0xF81F,0xF81F,0xF81F,0xF81F,0xF81F,0xF81F,0xF81F,0xF81F,0xF81F,0xF81F,0xF81F,
    0xF81F,0xF81F,0xF81F,0xF81F,0xF81F,0xF81F,0xF81F,0xF81F,0xF81F,0xF81F,0xF81F,0xF81F,
    0xF81F,0xF81F,0xF81F,0xF81F,0xF81F,0xF81F,0xF81F,0xF81F,0xF81F,0xF81F,0xF81F,0xF81F,
    0xF81F,0xF81F,0xF81F,0xF81F,0xF81F,0xF81F,0xF81F,0xF81F,0xF81F,0xF81F,0xF81F,0xF81F,
    0xF81F,0x09E8,0x09E8,0x334D,0x6DB6,0x6DB6,0x336D,0x09E8,0x09E8,0x3BCE,0x6DB6,0x6DB6,
    0x6DB6,0x6DB6,0x6DB6,0x6DB6,0x6DB6,0x6DB6,0x6DB6,0x6DB6,0x6DB6,0xC75C,0xD79D,0xD79D,
    0xD79D,0xD79D,0xD79D,0xD79D,0xD79D,0xD79D,0xD79D,0xD79D,0xD79D,0xD79D,0xD79D,0xD79D,
    0xD79D,0xD79D,0xD79D,0xD79D,0xD79D,0x6D37,0x1A29,0x11A7,0x11A7,0x6C51,0xD79D,0xD79D,
    0xD79D,0xD79D,0xD79D,0xD79D,0x9DB6,0x2A49,0x11A7,0x11A7,0x6C51,0xD79D,0xD79D,0xD79D,
    0xD79D,0xD79D,0xD79D,0xD79D,0xD79D,0xD79D,0xD79D,0xD79D,0xD79D,0xD79D,0xD79D,0xD79D,
    0xD79D,0xD79D,0xD79D,0xD79D,0xD79D,0xD79D,0xD79D,0xD79D,0xC75C,0x6DB6,0x6DB6,0x6DB6,
    0x6DB6,0x6DB6,0x6DB6,0x6DB6,0x6DB6,0x6DB6,0x6DB6,0x6DB6,0x3BAE,0x09E8,0x09E8,0x336D,
    0x6DB6,0x6DB6,0x332D,0x09E8,0x09E8,0xF81F,0xF81F,0xF81F,0xF81F,0xF81F,0xF81F,0xF81F,
    0xF81F,0xF81F,0xF81F,0xF81F,0xF81F,0xF81F,0xF81F,0xF81F,0xF81F,0xF81F,0xF81F,0xF81F,
    0xF81F,0xF81F,0xF81F,0xF81F,0xF81F,0xF81F,0xF81F,0xF81F,0xF81F,0xF81F,0xF81F,0xF81F,
    0xF81F,0xF81F,0xF81F,0xF81F,0xF81F,0xF81F,0xF81F,0xF81F,0xF81F,0xF81F,0xF81F,0xF81F,
    0xF81F,0xF81F,0xF81F,0xF81F,0xF81F,0xF81F,0xF81F,0x09E8,0x09E8,0x1A49,0x6DB5,0x6DB6,
    0x5491,0x09E8,0x09E8,0x1A49,0x6DB5,0x6DB6,0x6DB6,0x6DB6,0x6DB6,0x6DB6,0x6DB6,0x6DB6,
    0x6DB6,0x6DB6,0x6DB6,0xB71B,0xD79D,0xD79D,0xD79D,0xD79D,0xD79D,0xD79D,0xD79D,0xD79D,
    0xD79D,0xD79D,0xD79D,0xD79D,0xD79D,0xD79D,0xD79D,0xD79D,0xD79D,0xD79D,0x7CF3,0x11A7,
    0x11A7,0x11A7,0x11A7,0x11A7,0xA638,0xD79D,0xD79D,0xD79D,0xD79D,0x7CF3,0x11A7,0x11A7,
    0x11A7,0x11A7,0x11A7,0xA638,0xD79D,0xD79D,0xD79D,0xD79D,0xD79D,0xD79D,0xD79D,0xD79D,
    0xD79D,0xD79D,0xD79D,0xD79D,0xD79D,0xD79D,0xD79D,0xD79D,0xD79D,0xD79D,0xD79D,0xD79D,
    0xD79D,0xD79D,0xB6FB,0x6DB6,0x6DB6,0x6DB6,0x6DB6,0x6DB6,0x6DB6,0x6DB6,0x6DB6,0x6DB6,
    0x6DB6,0x6DB5,0x1A49,0x09E8,0x09E8,0x5492,0x6DB6,0x6DB6,0x1A49,0x09E8,0x09E8,0xF81F,
    0xF81F,0xF81F,0xF81F,0xF81F,0xF81F,0xF81F,0xF81F,0xF81F,0xF81F,0xF81F,0xF81F,0xF81F,
    0xF81F,0xF81F,0xF81F,0xF81F,0xF81F,0xF81F,0xF81F,0xF81F,0xF81F,0xF81F,0xF81F,0xF81F,
    0xF81F,0xF81F,0xF81F,0xF81F,0xF81F,0xF81F,0xF81F,0xF81F,0xF81F,0xF81F,0xF81F,0xF81F,
    0xF81F,0xF81F,0xF81F,0xF81F,0xF81F,0xF81F,0xF81F,0xF81F,0xF81F,0xF81F,0xF81F,0xF81F,
    0xF81F,0xF81F,0x09E8,0x09E8,0x54B2,0x6DB6,0x6DB5,0x1A49,0x09E8,0x09E8,0x54B2,0x6DB6,
    0x6DB6,0x6DB6,0x6DB6,0x6DB6,0x6DB6,0x6DB6,0x6DB6,0x6DB6,0x6DB6,0xA6BA,0xD79D,0xD79D,
    0xD79D,0xD79D,0xD79D,0xD79D,0xD79D,0xD79D,0xD79D,0xD79D,0xD79D,0xD79D,0xD79D,0xD79D,
    0xD79D,0xD79D,0xD79D,0x8534,0x11A7,0x11A7,0x11C7,0x43F2,0x11A7,0x11A7,0x6430,0xD79D,
    0xD79D,0xD79D,0x8534,0x11A7,0x11A7,0x19C7,0x6C51,0x11A7,0x11A7,0x6430,0xD79D,0xD79D,
    0xD79D,0xD79D,0xD79D,0xD79D,0xD79D,0xD79D,0xD79D,0xD79D,0xD79D,0xD79D,0xD79D,0xD79D,
    0xD79D,0xD79D,0xD79D,0xD79D,0xD79D,0xD79D,0xD79D,0xD79D,0xA6B9,0x6DB6,0x6DB6,0x6DB6,
    0x6DB6,0x6DB6,0x6DB6,0x6DB6,0x6DB6,0x6DB6,0x6DB6,0x54B2,0x09E8,0x09E8,0x1A49,0x6DB5,
    0x6DB6,0x54B2,0x09E8,0x09E8,0xF81F,0xF81F,0xF81F,0xF81F,0xF81F,0xF81F,0xF81F,0xF81F,
    0xF81F,0xF81F,0xF81F,0xF81F,0xF81F,0xF81F,0xF81F,0xF81F,0xF81F,0xF81F,0xF81F,0xF81F,
    0xF81F,0xF81F,0xF81F,0xF81F,0xF81F,0xF81F,0xF81F,0xF81F,0xF81F,0xF81F,0xF81F,0xF81F,
    0xF81F,0xF81F,0xF81F,0xF81F,0xF81F,0xF81F,0xF81F,0xF81F,0xF81F,0xF81F,0xF81F,0xF81F,
    0xF81F,0xF81F,0xF81F,0xF81F,0xF81F,0xF81F,0xF81F,0xF81F,0x09E8,0x09E8,0x2B2C,0x6DB6,
    0x6DB6,0x3BAE,0x09E8,0x09E8,0x332D,0x6DB6,0x6DB6,0x6DB6,0x6DB6,0x6DB6,0x6DB6,0x6DB6,
    0x6DB6,0x6DB6,0x6DB6,0x8E58,0xD79D,0xD79D,0xD79D,0xD79D,0xD79D,0xD79D,0xD79D,0xD79D,
    0xD79D,0xD79D,0xD79D,0xD79D,0xD79D,0xD79D,0xD79D,0xD79D,0xB6BA,0x11A7,0x11A7,0x19C7,
    0x6D79,0x86BF,0x2A49,0x11A7,0x432C,0xD79D,0xD79D,0x9DB6,0x11A7,0x11A7,0x19C7,0xA617,
    0xD79D,0x2A49,0x11A7,0x432C,0xD79D,0xD79D,0xD79D,0xD79D,0xD79D,0xD79D,0xD79D,0xD79D,
    0xD79D,0xD79D,0xD79D,0xD79D,0xD79D,0xD79D,0xD79D,0xD79D,0xD79D,0xD79D,0xD79D,0xD79D,
    0xD79D,0xD79D,0x8E58,0x6DB6,0x6DB6,0x6DB6,0x6DB6,0x6DB6,0x6DB6,0x6DB6,0x6DB6,0x6DB6,
    0x6DB6,0x2B2C,0x09E8,0x09E8,0x3BAE,0x6DB6,0x6DB6,0x2B0C,0x09E8,0x09E8,0xF81F,0xF81F,
    0xF81F,0xF81F,0xF81F,0xF81F,0xF81F,0xF81F,0xF81F,0xF81F,0xF81F,0xF81F,0xF81F,0xF81F,
    0xF81F,0xF81F,0xF81F,0xF81F,0xF81F,0xF81F,0xF81F,0xF81F,0xF81F,0xF81F,0xF81F,0xF81F,
    0xF81F,0xF81F,0xF81F,0xF81F,0xF81F,0xF81F,0xF81F,0xF81F,0xF81F,0xF81F,0xF81F,0xF81F,
    0xF81F,0xF81F,0xF81F,0xF81F,0xF81F,0xF81F,0xF81F,0xF81F,0xF81F,0xF81F,0xF81F,0xF81F,
    0xF81F,0xF81F,0x09E8,0x09E8,0x11E8,0x5CF3,0x6DB6,0x5D13,0x09E8,0x09E8,0x1208,0x6554,
    0x6DB6,0x6DB6,0x6DB6,0x6DB6,0x6DB6,0x6DB6,0x6DB6,0x6DB6,0x6DB6,0x75D6,0xD79D,0xD79D,
    0xD79D,0xD79D,0xD79D,0xD79D,0xD79D,0xD79D,0xD79D,0xD79D,0xD79D,0xD79D,0xD79D,0xD79D,
    0xD79D,0xD79D,0xB6BA,0x11A7,0x11A7,0x9DB6,0xB73E,0xB73E,0x432C,0x11A7,0x2A49,0xD79D,
    0x9DF7,0x19C7,0x11A7,0x11A7,0x9DB6,0xD79D,0xD79D,0x5BCF,0x11A7,0x5BCF,0xD79D,0xD79D,
    0xD79D,0xD79D,0xD79D,0xD79D,0xD79D,0xD79D,0xD79D,0xD79D,0xD79D,0xD79D,0xD79D,0xD79D,
    0xD79D,0xD79D,0xD79D,0xD79D,0xD79D,0xD79D,0xD79D,0xCF9D,0x75D6,0x6DB6,0x6DB6,0x6DB6,
    0x6DB6,0x6DB6,0x6DB6,0x6DB6,0x6DB6,0x6DB6,0x6554,0x1208,0x09E8,0x09E8,0x6533,0x6DB6,
    0x5CF3,0x09E8,0x09E8,0x09E8,0xF81F,0xF81F,0xF81F,0xF81F,0xF81F,0xF81F,0xF81F,0xF81F,
    0xF81F,0xF81F,0xF81F,0xF81F,0xF81F,0xF81F,0xF81F,0xF81F,0xF81F,0xF81F,0xF81F,0xF81F,
    0xF81F,0xF81F,0xF81F,0xF81F,0xF81F,0xF81F,0xF81F,0xF81F,0xF81F,0xF81F,0xF81F,0xF81F,
    0xF81F,0xF81F,0xF81F,0xF81F,0xF81F,0xF81F,0xF81F,0xF81F,0xF81F,0xF81F,0xF81F,0xF81F,
    0xF81F,0xF81F,0xF81F,0xF81F,0xF81F,0xF81F,0xF81F,0xF81F,0xF81F,0x09E8,0x09E8,0x22AB,
    0x6DB5,0x6DB6,0x22CB,0x09E8,0x09E8,0x336E,0x6DB6,0x6DB6,0x6DB6,0x6DB6,0x6DB6,0x6DB6,
    0x6DB6,0x6DB6,0x6DB6,0x6DB6,0xB71B,0xD79D,0xD79D,0xD79D,0xD79D,0xD79D,0xD79D,0xD79D,
    0xD79D,0xD79D,0xD79D,0xD79D,0xD79D,0xD79D,0xD79D,0xD79D,0xD79D,0xB6BA,0xB6BA,0xD79D,
    0xD79D,0xD79D,0x6410,0x11A7,0x11A7,0x6C51,0x19C7,0x11A7,0x11A7,0x8534,0xD79D,0xD79D,
    0xD79D,0xCF5D,0xA618,0xCF5D,0xD79D,0xD79D,0xD79D,0xD79D,0xD79D,0xD79D,0xD79D,0xD79D,
    0xD79D,0xD79D,0xD79D,0xD79D,0xD79D,0xD79D,0xD79D,0xD79D,0xD79D,0xD79D,0xD79D,0xD79D,
    0xD79D,0xB71B,0x6DB6,0x6DB6,0x6DB6,0x6DB6,0x6DB6,0x6DB6,0x6DB6,0x6DB6,0x6DB6,0x6DB6,
    0x336D,0x09E8,0x09E8,0x22EB,0x6DB6,0x6DB5,0x22AB,0x09E8,0x09E8,0xF81F,0xF81F,0xF81F,
    0xF81F,0xF81F,0xF81F,0xF81F,0xF81F,0xF81F,0xF81F,0xF81F,0xF81F,0xF81F,0xF81F,0xF81F,
    0xF81F,0xF81F,0xF81F,0xF81F,0xF81F,0xF81F,0xF81F,0xF81F,0xF81F,0xF81F,0xF81F,0xF81F,
    0xF81F,0xF81F,0xF81F,0xF81F,0xF81F,0xF81F,0xF81F,0xF81F,0xF81F,0xF81F,0xF81F,0xF81F,
    0xF81F,0xF81F,0xF81F,0xF81F,0xF81F,0xF81F,0xF81F,0xF81F,0xF81F,0xF81F,0xF81F,0xF81F,
    0xF81F,0xF81F,0xF81F,0x09E8,0x09E8,0x09E8,0x3B8E,0x6DB6,0x54D2,0x09E8,0x09E8,0x1208,
    0x6534,0x6DB6,0x6DB6,0x6DB6,0x6DB6,0x6DB6,0x6DB6,0x6DB6,0x6DB6,0x6DB6,0x9658,0xD79D,
    0xD79D,0xD79D,0xD79D,0xD79D,0xD79D,0xD79D,0xD79D,0xD79D,0xD79D,0xD79D,0xD79D,0xD79D,
    0xD79D,0xD79D,0xD79D,0xD79D,0xD79D,0xD79D,0xD79D,0xD79D,0xA618,0x11A7,0x11A7,0x11A7,
    0x11A7,0x11A7,0x7CF3,0xD79D,0xD79D,0xD79D,0xD79D,0xD79D,0xD79D,0xD79D,0xD79D,0xD79D,
    0xD79D,0xD79D,0xD79D,0xD79D,0xD79D,0xD79D,0xD79D,0xD79D,0xD79D,0xD79D,0xD79D,0xD79D,
    0xD79D,0xD79D,0xD79D,0xD79D,0xD79D,0xD79D,0xD79D,0x8E58,0x6DB6,0x6DB6,0x6DB6,0x6DB6,
    0x6DB6,0x6DB6,0x6DB6,0x6DB6,0x6DB6,0x6554,0x1208,0x09E8,0x09E8,0x54D2,0x6DB6,0x3B8E,
    0x09E8,0x09E8,0xF81F,0xF81F,0xF81F,0xF81F,0xF81F,0xF81F,0xF81F,0xF81F,0xF81F,0xF81F,
    0xF81F,0xF81F,0xF81F,0xF81F,0xF81F,0xF81F,0xF81F,0xF81F,0xF81F,0xF81F,0xF81F,0xF81F,
    0xF81F,0xF81F,0xF81F,0xF81F,0xF81F,0xF81F,0xF81F,0xF81F,0xF81F,0xF81F,0xF81F,0xF81F,
    0xF81F,0xF81F,0xF81F,0xF81F,0xF81F,0xF81F,0xF81F,0xF81F,0xF81F,0xF81F,0xF81F,0xF81F,
    0xF81F,0xF81F,0xF81F,0xF81F,0xF81F,0xF81F,0xF81F,0xF81F,0xF81F,0xF81F,0x09E8,0x09E8,
    0x09E8,0x3BCF,0x6DB5,0x22CB,0x09E8,0x09E8,0x336D,0x6DB6,0x6DB6,0x6DB6,0x6DB6,0x6DB6,
    0x6DB6,0x6DB6,0x6DB6,0x6DB6,0x75D6,0xCF5C,0xD79D,0xD79D,0xD79D,0xD79D,0xD79D,0xD79D,
    0xD79D,0xD79D,0xD79D,0xD79D,0xD79D,0xD79D,0xD79D,0xD79D,0xD79D,0xD79D,0xD79D,0xD79D,
    0xD79D,0xD79D,0xD79D,0x6C51,0x11A7,0x11A7,0x2A49,0x9DD6,0xD79D,0xD79D,0xD79D,0xD79D,
    0xD79D,0xD79D,0xD79D,0xD79D,0xD79D,0xD79D,0xD79D,0xD79D,0xD79D,0xD79D,0xD79D,0xD79D,
    0xD79D,0xD79D,0xD79D,0xD79D,0xD79D,0xD79D,0xD79D,0xD79D,0xD79D,0xD79D,0xD79D,0xD79D,
    0xC75C,0x75D6,0x6DB6,0x6DB6,0x6DB6,0x6DB6,0x6DB6,0x6DB6,0x6DB6,0x6DB6,0x6DB6,0x334D,
    0x09E8,0x09E8,0x2AEC,0x6DB5,0x3BCF,0x09E8,0x09E8,0x09E8,0xF81F,0xF81F,0xF81F,0xF81F,
    0xF81F,0xF81F,0xF81F,0xF81F,0xF81F,0xF81F,0xF81F,0xF81F,0xF81F,0xF81F,0xF81F,0xF81F,
    0xF81F,0xF81F,0xF81F,0xF81F,0xF81F,0xF81F,0xF81F,0xF81F,0xF81F,0xF81F,0xF81F,0xF81F,
    0xF81F,0xF81F,0xF81F,0xF81F,0xF81F,0xF81F,0xF81F,0xF81F,0xF81F,0xF81F,0xF81F,0xF81F,
    0xF81F,0xF81F,0xF81F,0xF81F,0xF81F,0xF81F,0xF81F,0xF81F,0xF81F,0xF81F,0xF81F,0xF81F,
    0xF81F,0xF81F,0xF81F,0xF81F,0xF81F,0x09E8,0x09E8,0x09E8,0x2B2C,0x4C71,0x09E8,0x09E8,
    0x11E8,0x5CF3,0x6DB6,0x6DB6,0x6DB6,0x6DB6,0x6DB6,0x6DB6,0x6DB6,0x6DB6,0x6DB6,0x9E99,
    0xD79D,0xD79D,0xD79D,0xD79D,0xD79D,0xD79D,0xD79D,0xD79D,0xD79D,0xD79D,0xD79D,0xD79D,
    0xD79D,0xD79D,0xD79D,0xD79D,0xD79D,0xD79D,0xD79D,0xD79D,0xD79D,0xD79D,0xBEFA,0xAE58,
    0xD77D,0xD79D,0xD79D,0xD79D,0xD79D,0xD79D,0xD79D,0xD79D,0xD79D,0xD79D,0xD79D,0xD79D,
    0xD79D,0xD79D,0xD79D,0xD79D,0xD79D,0xD79D,0xD79D,0xD79D,0xD79D,0xD79D,0xD79D,0xD79D,
    0xD79D,0xD79D,0xD79D,0xD79D,0xD79D,0xD79D,0x9E99,0x6DB6,0x6DB6,0x6DB6,0x6DB6,0x6DB6,
    0x6DB6,0x6DB6,0x6DB6,0x6DB6,0x5CF3,0x11E8,0x09E8,0x09E8,0x5471,0x2B2C,0x09E8,0x09E8,
    0x09E8,0xF81F,0xF81F,0xF81F,0xF81F,0xF81F,0xF81F,0xF81F,0xF81F,0xF81F,0xF81F,0xF81F,
    0xF81F,0xF81F,0xF81F,0xF81F,0xF81F,0xF81F,0xF81F,0xF81F,0xF81F,0xF81F,0xF81F,0xF81F,
    0xF81F,0xF81F,0xF81F,0xF81F,0xF81F,0xF81F,0xF81F,0xF81F,0xF81F,0xF81F,0xF81F,0xF81F,
    0xF81F,0xF81F,0xF81F,0xF81F,0xF81F,0xF81F,0xF81F,0xF81F,0xF81F,0xF81F,0xF81F,0xF81F,
    0xF81F,0xF81F,0xF81F,0xF81F,0xF81F,0xF81F,0xF81F,0xF81F,0xF81F,0xF81F,0xF81F,0xF81F,
    0x09E8,0x09E8,0x09E8,0x1208,0x1A49,0x09E8,0x09E8,0x228A,0x6DB5,0x6DB6,0x6DB6,0x6DB6,
    0x6DB6,0x6DB6,0x6DB6,0x6DB6,0x6DB6,0x75D6,0xC75C,0xD79D,0xD79D,0xD79D,0xD79D,0xD79D,
    0xD79D,0xD79D,0xD79D,0xD79D,0xD79D,0xD79D,0xD79D,0xD79D,0xD79D,0xD79D,0xD79D,0xD79D,
    0xD79D,0xD79D,0xD79D,0xD79D,0xD79D,0xD79D,0xD79D,0xD79D,0xD79D,0xD79D,0xD79D,0xD79D,
    0xD79D,0xD79D,0xD79D,0xD79D,0xD79D,0xD79D,0xD79D,0xD79D,0xD79D,0xD79D,0xD79D,0xD79D,
    0xD79D,0xD79D,0xD79D,0xD79D,0xD79D,0xD79D,0xD79D,0xD79D,0xD79D,0xD79D,0xD79D,0xC75C,
    0x75D6,0x6DB6,0x6DB6,0x6DB6,0x6DB6,0x6DB6,0x6DB6,0x6DB6,0x6DB6,0x6DB5,0x1A8A,0x09E8,
    0x09E8,0x1A49,0x1208,0x09E8,0x09E8,0x09E8,0xF81F,0xF81F,0xF81F,0xF81F,0xF81F,0xF81F,
    0xF81F,0xF81F,0xF81F,0xF81F,0xF81F,0xF81F,0xF81F,0xF81F,0xF81F,0xF81F,0xF81F,0xF81F,
    0xF81F,0xF81F,0xF81F,0xF81F,0xF81F,0xF81F,0xF81F,0xF81F,0xF81F,0xF81F,0xF81F,0xF81F,
    0xF81F,0xF81F,0xF81F,0xF81F,0xF81F,0xF81F,0xF81F,0xF81F,0xF81F,0xF81F,0xF81F,0xF81F,
    0xF81F,0xF81F,0xF81F,0xF81F,0xF81F,0xF81F,0xF81F,0xF81F,0xF81F,0xF81F,0xF81F,0xF81F,
    0xF81F,0xF81F,0xF81F,0xF81F,0xF81F,0xF81F,0xF81F,0x09E8,0x09E8,0x09E8,0x09E8,0x09E8,
    0x09E8,0x09E8,0x43EF,0x6DB6,0x6DB6,0x6DB6,0x6DB6,0x6DB6,0x6DB6,0x6DB6,0x6DB6,0x6DB6,
    0x8E58,0xD79D,0xD79D,0xD79D,0xD79D,0xD79D,0xD79D,0xD79D,0xD79D,0xD79D,0xD79D,0xD79D,
    0xD79D,0xD79D,0xD79D,0xD79D,0xD79D,0xD79D,0xD79D,0xD79D,0xD79D,0xD79D,0xD79D,0xD79D,
    0xD79D,0xD79D,0xD79D,0xD79D,0xD79D,0xD79D,0xD79D,0xD79D,0xD79D,0xD79D,0xD79D,0xD79D,
    0xD79D,0xD79D,0xD79D,0xD79D,0xD79D,0xD79D,0xD79D,0xD79D,0xD79D,0xD79D,0xD79D,0xD79D,
    0xD79D,0xD79D,0xD79D,0xD79D,0xD79D,0x8E38,0x6DB6,0x6DB6,0x6DB6,0x6DB6,0x6DB6,0x6DB6,
    0x6DB6,0x6DB6,0x6DB6,0x3BCF,0x09E8,0x09E8,0x09E8,0x09E8,0x09E8,0x09E8,0x09E8,0xF81F,
    0xF81F,0xF81F,0xF81F,0xF81F,0xF81F,0xF81F,0xF81F,0xF81F,0xF81F,0xF81F,0xF81F,0xF81F,
    0xF81F,0xF81F,0xF81F,0xF81F,0xF81F,0xF81F,0xF81F,0xF81F,0xF81F,0xF81F,0xF81F,0xF81F,
    0xF81F,0xF81F,0xF81F,0xF81F,0xF81F,0xF81F,0xF81F,0xF81F,0xF81F,0xF81F,0xF81F,0xF81F,
    0xF81F,0xF81F,0xF81F,0xF81F,0xF81F,0xF81F,0xF81F,0xF81F,0xF81F,0xF81F,0xF81F,0xF81F,
    0xF81F,0xF81F,0xF81F,0xF81F,0xF81F,0xF81F,0xF81F,0xF81F,0xF81F,0xF81F,0xF81F,0xF81F,
    0xF81F,0xF81F,0xF81F,0x09E8,0x09E8,0x09E8,0x09E8,0x09E8,0x1208,0x5CF3,0x6DB6,0x6DB6,
    0x6DB6,0x6DB6,0x6DB6,0x6DB6,0x6DB6,0x6DB6,0x6DB6,0xAEDA,0xD79D,0xD79D,0xD79D,0xD79D,
    0xD79D,0xD79D,0xD79D,0xD79D,0xD79D,0xD79D,0xD79D,0xD79D,0xD79D,0xD79D,0xD79D,0xD79D,
    0xD79D,0xD79D,0xD79D,0xD79D,0xD79D,0xD79D,0xD79D,0xD79D,0xD79D,0xD79D,0xD79D,0xD79D,
    0xD79D,0xD79D,0xD79D,0xD79D,0xD79D,0xD79D,0xD79D,0xD79D,0xD79D,0xD79D,0xD79D,0xD79D,
    0xD79D,0xD79D,0xD79D,0xD79D,0xD79D,0xD79D,0xD79D,0xD79D,0xD79D,0xD79D,0xAEDA,0x6DB6,
    0x6DB6,0x6DB6,0x6DB6,0x6DB6,0x6DB6,0x6DB6,0x6DB6,0x6DB6,0x5CF3,0x1208,0x09E8,0x09E8,
    0x09E8,0x09E8,0x09E8,0xF81F,0xF81F,0xF81F,0xF81F,0xF81F,0xF81F,0xF81F,0xF81F,0xF81F,
    0xF81F,0xF81F,0xF81F,0xF81F,0xF81F,0xF81F,0xF81F,0xF81F,0xF81F,0xF81F,0xF81F,0xF81F,
    0xF81F,0xF81F,0xF81F,0xF81F,0xF81F,0xF81F,0xF81F,0xF81F,0xF81F,0xF81F,0xF81F,0xF81F,
    0xF81F,0xF81F,0xF81F,0xF81F,0xF81F,0xF81F,0xF81F,0xF81F,0xF81F,0xF81F,0xF81F,0xF81F,
    0xF81F,0xF81F,0xF81F,0xF81F,0xF81F,0xF81F,0xF81F,0xF81F,0xF81F,0xF81F,0xF81F,0xF81F,
    0xF81F,0xF81F,0xF81F,0xF81F,0xF81F,0xF81F,0xF81F,0xF81F,0xF81F,0xF81F,0xF81F,0xF81F,
    0x09E8,0x09E8,0x09E8,0x1A6A,0x6D75,0x6DB6,0x6DB6,0x6DB6,0x6DB6,0x6DB6,0x6DB6,0x6DB6,
    0x6DB6,0x75D6,0xC75C,0xD79D,0xD79D,0xD79D,0xD79D,0xD79D,0xD79D,0xD79D,0xD79D,0xD79D,
    0xD79D,0xD79D,0xD79D,0xD79D,0xD79D,0xD79D,0xD79D,0xD79D,0xD79D,0xD79D,0xD79D,0xD79D,
    0xD79D,0xD79D,0xD79D,0xD79D,0xD79D,0xD79D,0xD79D,0xD79D,0xD79D,0xD79D,0xD79D,0xD79D,
    0xD79D,0xD79D,0xD79D,0xD79D,0xD79D,0xD79D,0xD79D,0xD79D,0xD79D,0xD79D,0xD79D,0xD79D,
    0xD79D,0xD79D,0xD79D,0xC75C,0x75D6,0x6DB6,0x6DB6,0x6DB6,0x6DB6,0x6DB6,0x6DB6,0x6DB6,
    0x6DB6,0x6574,0x1A6A,0x09E8,0x09E8,0x09E8,0xF81F,0xF81F,0xF81F,0xF81F,0xF81F,0xF81F,
    0xF81F,0xF81F,0xF81F,0xF81F,0xF81F,0xF81F,0xF81F,0xF81F,0xF81F,0xF81F,0xF81F,0xF81F,
    0xF81F,0xF81F,0xF81F,0xF81F,0xF81F,0xF81F,0xF81F,0xF81F,0xF81F,0xF81F,0xF81F,0xF81F,
    0xF81F,0xF81F,0xF81F,0xF81F,0xF81F,0xF81F,0xF81F,0xF81F,0xF81F,0xF81F,0xF81F,0xF81F,
    0xF81F,0xF81F,0xF81F,0xF81F,0xF81F,0xF81F,0xF81F,0xF81F,0xF81F,0xF81F,0xF81F,0xF81F,
    0xF81F,0xF81F,0xF81F,0xF81F,0xF81F,0xF81F,0xF81F,0xF81F,0xF81F,0xF81F,0xF81F,0xF81F,
    0xF81F,0xF81F,0xF81F,0xF81F,0xF81F,0xF81F,0xF81F,0x09E8,0x09E8,0x09E8,0x2AEC,0x6DB5,
    0x6DB6,0x6DB6,0x6DB6,0x6DB6,0x6DB6,0x6DB6,0x6DB6,0x6DB6,0x7DF7,0xCF7C,0xD79D,0xD79D,
    0xD79D,0xD79D,0xD79D,0xD79D,0xD79D,0xD79D,0xD79D,0xD79D,0xD79D,0xD79D,0xD79D,0xD79D,
    0xD79D,0xD79D,0xD79D,0xD79D,0xD79D,0xD79D,0xD79D,0xD79D,0xD79D,0xD79D,0xD79D,0xD79D,
    0xD79D,0xD79D,0xD79D,0xD79D,0xD79D,0xD79D,0xD79D,0xD79D,0xD79D,0xD79D,0xD79D,0xD79D,
    0xD79D,0xD79D,0xD79D,0xD79D,0xD79D,0xD79D,0xD79D,0xD79D,0xCF7D,0x7E17,0x6DB6,0x6DB6,
    0x6DB6,0x6DB6,0x6DB6,0x6DB6,0x6DB6,0x6DB6,0x6DB6,0x2B0C,0x09E8,0x09E8,0x09E8,0xF81F,
    0xF81F,0xF81F,0xF81F,0xF81F,0xF81F,0xF81F,0xF81F,0xF81F,0xF81F,0xF81F,0xF81F,0xF81F,
    0xF81F,0xF81F,0xF81F,0xF81F,0xF81F,0xF81F,0xF81F,0xF81F,0xF81F,0xF81F,0xF81F,0xF81F,
    0xF81F,0xF81F,0xF81F,0xF81F,0xF81F,0xF81F,0xF81F,0xF81F,0xF81F,0xF81F,0xF81F,0xF81F,
    0xF81F,0xF81F,0xF81F,0xF81F,0xF81F,0xF81F,0xF81F,0xF81F,0xF81F,0xF81F,0xF81F,0xF81F,
    0xF81F,0xF81F,0xF81F,0xF81F,0xF81F,0xF81F,0xF81F,0xF81F,0xF81F,0xF81F,0xF81F,0xF81F,
    0xF81F,0xF81F,0xF81F,0xF81F,0xF81F,0xF81F,0xF81F,0xF81F,0xF81F,0xF81F,0xF81F,0xF81F,
    0xF81F,0xF81F,0x09E8,0x09E8,0x09E8,0x3BAE,0x6DB6,0x6DB6,0x6DB6,0x6DB6,0x6DB6,0x6DB6,
    0x6DB6,0x6DB6,0x6DB6,0x8617,0xCF7D,0xD79D,0xD79D,0xD79D,0xD79D,0xD79D,0xD79D,0xD79D,
    0xD79D,0xD79D,0xD79D,0xD79D,0xD79D,0xD79D,0xD79D,0xD79D,0xD79D,0xD79D,0xD79D,0xD79D,
    0xD79D,0xD79D,0xD79D,0xD79D,0xD79D,0xD79D,0xD79D,0xD79D,0xD79D,0xD79D,0xD79D,0xD79D,
    0xD79D,0xD79D,0xD79D,0xD79D,0xD79D,0xD79D,0xD79D,0xD79D,0xD79D,0xD79D,0xD79D,0xD79D,
    0xD79D,0xCF7D,0x8617,0x6DB6,0x6DB6,0x6DB6,0x6DB6,0x6DB6,0x6DB6,0x6DB6,0x6DB6,0x6DB6,
    0x3BAE,0x09E8,0x09E8,0x09E8,0xF81F,0xF81F,0xF81F,0xF81F,0xF81F,0xF81F,0xF81F,0xF81F,
    0xF81F,0xF81F,0xF81F,0xF81F,0xF81F,0xF81F,0xF81F,0xF81F,0xF81F,0xF81F,0xF81F,0xF81F,
    0xF81F,0xF81F,0xF81F,0xF81F,0xF81F,0xF81F,0xF81F,0xF81F,0xF81F,0xF81F,0xF81F,0xF81F,
    0xF81F,0xF81F,0xF81F,0xF81F,0xF81F,0xF81F,0xF81F,0xF81F,0xF81F,0xF81F,0xF81F,0xF81F,
    0xF81F,0xF81F,0xF81F,0xF81F,0xF81F,0xF81F,0xF81F,0xF81F,0xF81F,0xF81F,0xF81F,0xF81F,
    0xF81F,0xF81F,0xF81F,0xF81F,0xF81F,0xF81F,0xF81F,0xF81F,0xF81F,0xF81F,0xF81F,0xF81F,
    0xF81F,0xF81F,0xF81F,0xF81F,0xF81F,0xF81F,0xF81F,0xF81F,0x09E8,0x09E8,0x09E8,0x09E8,
    0x43EF,0x6DB6,0x6DB6,0x6DB6,0x6DB6,0x6DB6,0x6DB6,0x6DB6,0x6DB6,0x6DB6,0x8617,0xCF7D,
    0xD79D,0xD79D,0xD79D,0xD79D,0xD79D,0xD79D,0xD79D,0xD79D,0xD79D,0xD79D,0xD79D,0xD79D,
    0xD79D,0xD79D,0xD79D,0xD79D,0xD79D,0xD79D,0xD79D,0xD79D,0xD79D,0xD79D,0xD79D,0xD79D,
    0xD79D,0xD79D,0xD79D,0xD79D,0xD79D,0xD79D,0xD79D,0xD79D,0xD79D,0xD79D,0xD79D,0xD79D,
    0xD79D,0xD79D,0xD79D,0xD79D,0xD79D,0xD79D,0xCF7D,0x8617,0x6DB6,0x6DB6,0x6DB6,0x6DB6,
    0x6DB6,0x6DB6,0x6DB6,0x6DB6,0x6DB6,0x3BCF,0x09E8,0x09E8,0x09E8,0xF81F,0xF81F,0xF81F,
    0xF81F,0xF81F,0xF81F,0xF81F,0xF81F,0xF81F,0xF81F,0xF81F,0xF81F,0xF81F,0xF81F,0xF81F,
    0xF81F,0xF81F,0xF81F,0xF81F,0xF81F,0xF81F,0xF81F,0xF81F,0xF81F,0xF81F,0xF81F,0xF81F,
    0xF81F,0xF81F,0xF81F,0xF81F,0xF81F,0xF81F,0xF81F,0xF81F,0xF81F,0xF81F,0xF81F,0xF81F,
    0xF81F,0xF81F,0xF81F,0xF81F,0xF81F,0xF81F,0xF81F,0xF81F,0xF81F,0xF81F,0xF81F,0xF81F,
    0xF81F,0xF81F,0xF81F,0xF81F,0xF81F,0xF81F,0xF81F,0xF81F,0xF81F,0xF81F,0xF81F,0xF81F,
    0xF81F,0xF81F,0xF81F,0xF81F,0xF81F,0xF81F,0xF81F,0xF81F,0xF81F,0xF81F,0xF81F,0xF81F,
    0xF81F,0xF81F,0xF81F,0x09E8,0x09E8,0x09E8,0x09E8,0x4410,0x6DB6,0x6DB6,0x6DB6,0x6DB6,
    0x6DB6,0x6DB6,0x6DB6,0x6DB6,0x6DB6,0x8617,0xC75C,0xD79D,0xD79D,0xD79D,0xD79D,0xD79D,
    0xD79D,0xD79D,0xD79D,0xD79D,0xD79D,0xD79D,0xD79D,0xD79D,0xD79D,0xD79D,0xD79D,0xD79D,
    0xD79D,0xD79D,0xD79D,0xD79D,0xD79D,0xD79D,0xD79D,0xD79D,0xD79D,0xD79D,0xD79D,0xD79D,
    0xD79D,0xD79D,0xD79D,0xD79D,0xD79D,0xD79D,0xD79D,0xD79D,0xD79D,0xD79D,0xD79D,0xC75C,
    0x8617,0x6DB6,0x6DB6,0x6DB6,0x6DB6,0x6DB6,0x6DB6,0x6DB6,0x6DB6,0x6DB6,0x4410,0x09E8,
    0x09E8,0x09E8,0x09E8,0xF81F,0xF81F,0xF81F,0xF81F,0xF81F,0xF81F,0xF81F,0xF81F,0xF81F,
    0xF81F,0xF81F,0xF81F,0xF81F,0xF81F,0xF81F,0xF81F,0xF81F,0xF81F,0xF81F,0xF81F,0xF81F,
    0xF81F,0xF81F,0xF81F,0xF81F,0xF81F,0xF81F,0xF81F,0xF81F,0xF81F,0xF81F,0xF81F,0xF81F,
    0xF81F,0xF81F,0xF81F,0xF81F,0xF81F,0xF81F,0xF81F,0xF81F,0xF81F,0xF81F,0xF81F,0xF81F,
    0xF81F,0xF81F,0xF81F,0xF81F,0xF81F,0xF81F,0xF81F,0xF81F,0xF81F,0xF81F,0xF81F,0xF81F,
    0xF81F,0xF81F,0xF81F,0xF81F,0xF81F,0xF81F,0xF81F,0xF81F,0xF81F,0xF81F,0xF81F,0xF81F,
    0xF81F,0xF81F,0xF81F,0xF81F,0xF81F,0xF81F,0xF81F,0xF81F,0xF81F,0xF81F,0x09E8,0x09E8,
    0x09E8,0x09E8,0x4410,0x6DB6,0x6DB6,0x6DB6,0x6DB6,0x6DB6,0x6DB6,0x6DB6,0x6DB6,0x6DB6,
    0x75D6,0xB71B,0xD79D,0xD79D,0xD79D,0xD79D,0xD79D,0xD79D,0xD79D,0xD79D,0xD79D,0xD79D,
    0xD79D,0xD79D,0xD79D,0xD79D,0xD79D,0xD79D,0xD79D,0xD79D,0xD79D,0xD79D,0xD79D,0xD79D,
    0xD79D,0xD79D,0xD79D,0xD79D,0xD79D,0xD79D,0xD79D,0xD79D,0xD79D,0xD79D,0xD79D,0xD79D,
    0xD79D,0xD79D,0xD79D,0xD79D,0xB71B,0x75D6,0x6DB6,0x6DB6,0x6DB6,0x6DB6,0x6DB6,0x6DB6,
    0x6DB6,0x6DB6,0x6DB6,0x4410,0x09E8,0x09E8,0x09E8,0x09E8,0xF81F,0xF81F,0xF81F,0xF81F,
    0xF81F,0xF81F,0xF81F,0xF81F,0xF81F,0xF81F,0xF81F,0xF81F,0xF81F,0xF81F,0xF81F,0xF81F,
    0xF81F,0xF81F,0xF81F,0xF81F,0xF81F,0xF81F,0xF81F,0xF81F,0xF81F,0xF81F,0xF81F,0xF81F,
    0xF81F,0xF81F,0xF81F,0xF81F,0xF81F,0xF81F,0xF81F,0xF81F,0xF81F,0xF81F,0xF81F,0xF81F,
    0xF81F,0xF81F,0xF81F,0xF81F,0xF81F,0xF81F,0xF81F,0xF81F,0xF81F,0xF81F,0xF81F,0xF81F,
    0xF81F,0xF81F,0xF81F,0xF81F,0xF81F,0xF81F,0xF81F,0xF81F,0xF81F,0xF81F,0xF81F,0xF81F,
    0xF81F,0xF81F,0xF81F,0xF81F,0xF81F,0xF81F,0xF81F,0xF81F,0xF81F,0xF81F,0xF81F,0xF81F,
    0xF81F,0xF81F,0xF81F,0xF81F,0xF81F,0x09E8,0x09E8,0x09E8,0x09E8,0x3B8E,0x6DB5,0x6DB6,
    0x6DB6,0x6DB6,0x6DB6,0x6DB6,0x6DB6,0x6DB6,0x6DB6,0x75D6,0x9E99,0xCF7D,0xD79D,0xD79D,
    0xD79D,0xD79D,0xD79D,0xD79D,0xD79D,0xD79D,0xD79D,0xD79D,0xD79D,0xD79D,0xD79D,0xD79D,
    0xD79D,0xD79D,0xD79D,0xD79D,0xD79D,0xD79D,0xD79D,0xD79D,0xD79D,0xD79D,0xD79D,0xD79D,
    0xD79D,0xD79D,0xD79D,0xD79D,0xD79D,0xD79D,0xD79D,0xD79D,0xCF7D,0x9E99,0x75D6,0x6DB6,
    0x6DB6,0x6DB6,0x6DB6,0x6DB6,0x6DB6,0x6DB6,0x6DB6,0x6DB5,0x3B8E,0x09E8,0x09E8,0x09E8,
    0x09E8,0xF81F,0xF81F,0xF81F,0xF81F,0xF81F,0xF81F,0xF81F,0xF81F,0xF81F,0xF81F,0xF81F,
    0xF81F,0xF81F,0xF81F,0xF81F,0xF81F,0xF81F,0xF81F,0xF81F,0xF81F,0xF81F,0xF81F,0xF81F,
    0xF81F,0xF81F,0xF81F,0xF81F,0xF81F,0xF81F,0xF81F,0xF81F,0xF81F,0xF81F,0xF81F,0xF81F,
    0xF81F,0xF81F,0xF81F,0xF81F,0xF81F,0xF81F,0xF81F,0xF81F,0xF81F,0xF81F,0xF81F,0xF81F,
    0xF81F,0xF81F,0xF81F,0xF81F,0xF81F,0xF81F,0xF81F,0xF81F,0xF81F,0xF81F,0xF81F,0xF81F,
    0xF81F,0xF81F,0xF81F,0xF81F,0xF81F,0xF81F,0xF81F,0xF81F,0xF81F,0xF81F,0xF81F,0xF81F,
    0xF81F,0xF81F,0xF81F,0xF81F,0xF81F,0xF81F,0xF81F,0xF81F,0xF81F,0xF81F,0xF81F,0xF81F,
    0x09E8,0x09E8,0x09E8,0x09E8,0x2B0C,0x6D95,0x6DB6,0x6DB6,0x6DB6,0x6DB6,0x6DB6,0x6DB6,
    0x6DB6,0x6DB6,0x6DB6,0x7DF7,0xB71B,0xD79D,0xD79D,0xD79D,0xD79D,0xD79D,0xD79D,0xD79D,
    0xD79D,0xD79D,0xD79D,0xD79D,0xD79D,0xD79D,0xD79D,0xD79D,0xD79D,0xD79D,0xD79D,0xD79D,
    0xD79D,0xD79D,0xD79D,0xD79D,0xD79D,0xD79D,0xD79D,0xD79D,0xD79D,0xD79D,0xD79D,0xD79D,
    0xD79D,0xB6FB,0x7DF6,0x6DB6,0x6DB6,0x6DB6,0x6DB6,0x6DB6,0x6DB6,0x6DB6,0x6DB6,0x6DB6,
    0x6D95,0x2B0C,0x09E8,0x09E8,0x09E8,0x09E8,0xF81F,0xF81F,0xF81F,0xF81F,0xF81F,0xF81F,
    0xF81F,0xF81F,0xF81F,0xF81F,0xF81F,0xF81F,0xF81F,0xF81F,0xF81F,0xF81F,0xF81F,0xF81F,
    0xF81F,0xF81F,0xF81F,0xF81F,0xF81F,0xF81F,0xF81F,0xF81F,0xF81F,0xF81F,0xF81F,0xF81F,
    0xF81F,0xF81F,0xF81F,0xF81F,0xF81F,0xF81F,0xF81F,0xF81F,0xF81F,0xF81F,0xF81F,0xF81F,
    0xF81F,0xF81F,0xF81F,0xF81F,0xF81F,0xF81F,0xF81F,0xF81F,0xF81F,0xF81F,0xF81F,0xF81F,
    0xF81F,0xF81F,0xF81F,0xF81F,0xF81F,0xF81F,0xF81F,0xF81F,0xF81F,0xF81F,0xF81F,0xF81F,
    0xF81F,0xF81F,0xF81F,0xF81F,0xF81F,0xF81F,0xF81F,0xF81F,0xF81F,0xF81F,0xF81F,0xF81F,
    0xF81F,0xF81F,0xF81F,0xF81F,0xF81F,0xF81F,0xF81F,0x09E8,0x09E8,0x09E8,0x09E8,0x1A8A,
    0x5D13,0x6DB6,0x6DB6,0x6DB6,0x6DB6,0x6DB6,0x6DB6,0x6DB6,0x6DB6,0x6DB6,0x6DB6,0x8637,
    0xBF1B,0xD79D,0xD79D,0xD79D,0xD79D,0xD79D,0xD79D,0xD79D,0xD79D,0xD79D,0xD79D,0xD79D,
    0xD79D,0xD79D,0xD79D,0xD79D,0xD79D,0xD79D,0xD79D,0xD79D,0xD79D,0xD79D,0xD79D,0xD79D,
    0xD79D,0xD79D,0xD79D,0xD79D,0xD79D,0xBF1B,0x8637,0x6DB6,0x6DB6,0x6DB6,0x6DB6,0x6DB6,
    0x6DB6,0x6DB6,0x6DB6,0x6DB6,0x6DB6,0x5D13,0x228A,0x09E8,0x09E8,0x09E8,0x09E8,0xF81F,
    0xF81F,0xF81F,0xF81F,0xF81F,0xF81F,0xF81F,0xF81F,0xF81F,0xF81F,0xF81F,0xF81F,0xF81F,
    0xF81F,0xF81F,0xF81F,0xF81F,0xF81F,0xF81F,0xF81F,0xF81F,0xF81F,0xF81F,0xF81F,0xF81F,
    0xF81F,0xF81F,0xF81F,0xF81F,0xF81F,0xF81F,0xF81F,0xF81F,0xF81F,0xF81F,0xF81F,0xF81F,
    0xF81F,0xF81F,0xF81F,0xF81F,0xF81F,0xF81F,0xF81F,0xF81F,0xF81F,0xF81F,0xF81F,0xF81F,
    0xF81F,0xF81F,0xF81F,0xF81F,0xF81F,0xF81F,0xF81F,0xF81F,0xF81F,0xF81F,0xF81F,0xF81F,
    0xF81F,0xF81F,0xF81F,0xF81F,0xF81F,0xF81F,0xF81F,0xF81F,0xF81F,0xF81F,0xF81F,0xF81F,
    0xF81F,0xF81F,0xF81F,0xF81F,0xF81F,0xF81F,0xF81F,0xF81F,0xF81F,0xF81F,0xF81F,0xF81F,
    0xF81F,0xF81F,0x09E8,0x09E8,0x09E8,0x09E8,0x1208,0x43EF,0x6DB6,0x6DB6,0x6DB6,0x6DB6,
    0x6DB6,0x6DB6,0x6DB6,0x6DB6,0x6DB6,0x6DB6,0x6DB6,0x8617,0xAEDA,0xCF9D,0xD79D,0xD79D,
    0xD79D,0xD79D,0xD79D,0xD79D,0xD79D,0xD79D,0xD79D,0xD79D,0xD79D,0xD79D,0xD79D,0xD79D,
    0xD79D,0xD79D,0xD79D,0xD79D,0xD79D,0xD79D,0xD79D,0xD79D,0xCF9D,0xAEDA,0x8617,0x6DB6,
    0x6DB6,0x6DB6,0x6DB6,0x6DB6,0x6DB6,0x6DB6,0x6DB6,0x6DB6,0x6DB6,0x6DB5,0x4C30,0x1208,
    0x09E8,0x09E8,0x09E8,0x09E8,0xF81F,0xF81F,0xF81F,0xF81F,0xF81F,0xF81F,0xF81F,0xF81F,
    0xF81F,0xF81F,0xF81F,0xF81F,0xF81F,0xF81F,0xF81F,0xF81F,0xF81F,0xF81F,0xF81F,0xF81F,
    0xF81F,0xF81F,0xF81F,0xF81F,0xF81F,0xF81F,0xF81F,0xF81F,0xF81F,0xF81F,0xF81F,0xF81F,
    0xF81F,0xF81F,0xF81F,0xF81F,0xF81F,0xF81F,0xF81F,0xF81F,0xF81F,0xF81F,0xF81F,0xF81F,
    0xF81F,0xF81F,0xF81F,0xF81F,0xF81F,0xF81F,0xF81F,0xF81F,0xF81F,0xF81F,0xF81F,0xF81F,
    0xF81F,0xF81F,0xF81F,0xF81F,0xF81F,0xF81F,0xF81F,0xF81F,0xF81F,0xF81F,0xF81F,0xF81F,
    0xF81F,0xF81F,0xF81F,0xF81F,0xF81F,0xF81F,0xF81F,0xF81F,0xF81F,0xF81F,0xF81F,0xF81F,
    0xF81F,0xF81F,0xF81F,0xF81F,0xF81F,0xF81F,0xF81F,0xF81F,0xF81F,0xF81F,0x09E8,0x09E8,
    0x09E8,0x09E8,0x2AEC,0x6534,0x6DB6,0x6DB6,0x6DB6,0x6DB6,0x6DB6,0x6DB6,0x6DB6,0x6DB6,
    0x6DB6,0x6DB6,0x6DB6,0x75D6,0x9658,0xAEFA,0xCF7D,0xD79D,0xD79D,0xD79D,0xD79D,0xD79D,
    0xD79D,0xD79D,0xD79D,0xD79D,0xD79D,0xD79D,0xD79D,0xD79D,0xD79D,0xD79D,0xD79D,0xCF7C,
    0xAEFA,0x8E58,0x75D6,0x6DB6,0x6DB6,0x6DB6,0x6DB6,0x6DB6,0x6DB6,0x6DB6,0x6DB6,0x6DB6,
    0x6DB6,0x6DB6,0x6534,0x2AEC,0x09E8,0x09E8,0x09E8,0x09E8,0xF81F,0xF81F,0xF81F,0xF81F,
    0xF81F,0xF81F,0xF81F,0xF81F,0xF81F,0xF81F,0xF81F,0xF81F,0xF81F,0xF81F,0xF81F,0xF81F,
    0xF81F,0xF81F,0xF81F,0xF81F,0xF81F,0xF81F,0xF81F,0xF81F,0xF81F,0xF81F,0xF81F,0xF81F,
    0xF81F,0xF81F,0xF81F,0xF81F,0xF81F,0xF81F,0xF81F,0xF81F,0xF81F,0xF81F,0xF81F,0xF81F,
    0xF81F,0xF81F,0xF81F,0xF81F,0xF81F,0xF81F,0xF81F,0xF81F,0xF81F,0xF81F,0xF81F,0xF81F,
    0xF81F,0xF81F,0xF81F,0xF81F,0xF81F,0xF81F,0xF81F,0xF81F,0xF81F,0xF81F,0xF81F,0xF81F,
    0xF81F,0xF81F,0xF81F,0xF81F,0xF81F,0xF81F,0xF81F,0xF81F,0xF81F,0xF81F,0xF81F,0xF81F,
    0xF81F,0xF81F,0xF81F,0xF81F,0xF81F,0xF81F,0xF81F,0xF81F,0xF81F,0xF81F,0xF81F,0xF81F,
    0xF81F,0xF81F,0xF81F,0xF81F,0xF81F,0x09E8,0x09E8,0x09E8,0x09E8,0x1208,0x3B8E,0x6D95,
    0x6DB6,0x6DB6,0x6DB6,0x6DB6,0x6DB6,0x6DB6,0x6DB6,0x6DB6,0x6DB6,0x6DB6,0x6DB6,0x6DB6,
    0x6DB6,0x7E17,0x9678,0xA6BA,0xB6FB,0xC73C,0xC75C,0xCF7D,0xD79D,0xD79D,0xCF7D,0xC75C,
    0xBF3C,0xB6FB,0xA6BA,0x9678,0x7E17,0x6DB6,0x6DB6,0x6DB6,0x6DB6,0x6DB6,0x6DB6,0x6DB6,
    0x6DB6,0x6DB6,0x6DB6,0x6DB6,0x6DB6,0x6DB6,0x6D95,0x3BCF,0x1208,0x09E8,0x09E8,0x09E8,
    0x09E8,0xF81F,0xF81F,0xF81F,0xF81F,0xF81F,0xF81F,0xF81F,0xF81F,0xF81F,0xF81F,0xF81F,
    0xF81F,0xF81F,0xF81F,0xF81F,0xF81F,0xF81F,0xF81F,0xF81F,0xF81F,0xF81F,0xF81F,0xF81F,
    0xF81F,0xF81F,0xF81F,0xF81F,0xF81F,0xF81F,0xF81F,0xF81F,0xF81F,0xF81F,0xF81F,0xF81F,
    0xF81F,0xF81F,0xF81F,0xF81F,0xF81F,0xF81F,0xF81F,0xF81F,0xF81F,0xF81F,0xF81F,0xF81F,
    0xF81F,0xF81F,0xF81F,0xF81F,0xF81F,0xF81F,0xF81F,0xF81F,0xF81F,0xF81F,0xF81F,0xF81F,
    0xF81F,0xF81F,0xF81F,0xF81F,0xF81F,0xF81F,0xF81F,0xF81F,0xF81F,0xF81F,0xF81F,0xF81F,
    0xF81F,0xF81F,0xF81F,0xF81F,0xF81F,0xF81F,0xF81F,0xF81F,0xF81F,0xF81F,0xF81F,0xF81F,
    0xF81F,0xF81F,0xF81F,0xF81F,0xF81F,0xF81F,0xF81F,0xF81F,0xF81F,0xF81F,0xF81F,0xF81F,
    0x09E8,0x09E8,0x09E8,0x09E8,0x09E8,0x1A49,0x4C30,0x6D95,0x6DB6,0x6DB6,0x6DB6,0x6DB6,
    0x6DB6,0x6DB6,0x6DB6,0x6DB6,0x6DB6,0x6DB6,0x6DB6,0x6DB6,0x6DB6,0x6DB6,0x6DB6,0x6DB6,
    0x6DB6,0x6DB6,0x6DB6,0x6DB6,0x6DB6,0x6DB6,0x6DB6,0x6DB6,0x6DB6,0x6DB6,0x6DB6,0x6DB6,
    0x6DB6,0x6DB6,0x6DB6,0x6DB6,0x6DB6,0x6DB6,0x6DB6,0x6DB6,0x6DB6,0x6DB6,0x6D95,0x4430,
    0x1A49,0x09E8,0x09E8,0x09E8,0x09E8,0x09E8,0xF81F,0xF81F,0xF81F,0xF81F,0xF81F,0xF81F,
    0xF81F,0xF81F,0xF81F,0xF81F,0xF81F,0xF81F,0xF81F,0xF81F,0xF81F,0xF81F,0xF81F,0xF81F,
    0xF81F,0xF81F,0xF81F,0xF81F,0xF81F,0xF81F,0xF81F,0xF81F,0xF81F,0xF81F,0xF81F,0xF81F,
    0xF81F,0xF81F,0xF81F,0xF81F,0xF81F,0xF81F,0xF81F,0xF81F,0xF81F,0xF81F,0xF81F,0xF81F,
    0xF81F,0xF81F,0xF81F,0xF81F,0xF81F,0xF81F,0xF81F,0xF81F,0xF81F,0xF81F,0xF81F,0xF81F,
    0xF81F,0xF81F,0xF81F,0xF81F,0xF81F,0xF81F,0xF81F,0xF81F,0xF81F,0xF81F,0xF81F,0xF81F,
    0xF81F,0xF81F,0xF81F,0xF81F,0xF81F,0xF81F,0xF81F,0xF81F,0xF81F,0xF81F,0xF81F,0xF81F,
    0xF81F,0xF81F,0xF81F,0xF81F,0xF81F,0xF81F,0xF81F,0xF81F,0xF81F,0xF81F,0xF81F,0xF81F,
    0xF81F,0xF81F,0xF81F,0xF81F,0xF81F,0xF81F,0x09E8,0x09E8,0x09E8,0x09E8,0x09E8,0x09E8,
    0x09E8,0x1229,0x3BCF,0x6D75,0x6DB6,0x6DB6,0x6DB6,0x6DB6,0x6DB6,0x6DB6,0x6DB6,0x6DB6,
    0x6DB6,0x6DB6,0x6DB6,0x6DB6,0x6DB6,0x6DB6,0x6DB6,0x6DB6,0x6DB6,0x6DB6,0x6DB6,0x6DB6,
    0x6DB6,0x6DB6,0x6DB6,0x6DB6,0x6DB6,0x6DB6,0x6DB6,0x6DB6,0x6DB6,0x6DB6,0x6DB6,0x6DB6,
    0x6DB6,0x6DB6,0x6D95,0x4410,0x1A49,0x09E8,0x09E8,0x09E8,0x09E8,0x09E8,0x09E8,0x09E8,
    0xF81F,0xF81F,0xF81F,0xF81F,0xF81F,0xF81F,0xF81F,0xF81F,0xF81F,0xF81F,0xF81F,0xF81F,
    0xF81F,0xF81F,0xF81F,0xF81F,0xF81F,0xF81F,0xF81F,0xF81F,0xF81F,0xF81F,0xF81F,0xF81F,
    0xF81F,0xF81F,0xF81F,0xF81F,0xF81F,0xF81F,0xF81F,0xF81F,0xF81F,0xF81F,0xF81F,0xF81F,
    0xF81F,0xF81F,0xF81F,0xF81F,0xF81F,0xF81F,0xF81F,0xF81F,0xF81F,0xF81F,0xF81F,0xF81F,
    0xF81F,0xF81F,0xF81F,0xF81F,0xF81F,0xF81F,0xF81F,0xF81F,0xF81F,0xF81F,0xF81F,0xF81F,
    0xF81F,0xF81F,0xF81F,0xF81F,0xF81F,0xF81F,0xF81F,0xF81F,0xF81F,0xF81F,0xF81F,0xF81F,
    0xF81F,0xF81F,0xF81F,0xF81F,0xF81F,0xF81F,0xF81F,0xF81F,0xF81F,0xF81F,0xF81F,0xF81F,
    0xF81F,0xF81F,0xF81F,0xF81F,0xF81F,0xF81F,0xF81F,0xF81F,0xF81F,0xF81F,0xF81F,0x09E8,
    0x09E8,0x1229,0x338D,0x338E,0x1229,0x09E8,0x09E8,0x09E8,0x09E8,0x1209,0x336D,0x54D2,
    0x6DB5,0x6DB6,0x6DB6,0x6DB6,0x6DB6,0x6DB6,0x6DB6,0x6DB6,0x6DB6,0x6DB6,0x6DB6,0x6DB6,
    0x6DB6,0x6DB6,0x6DB6,0x6DB6,0x6DB6,0x6DB6,0x6DB6,0x6DB6,0x6DB6,0x6DB6,0x6DB6,0x6DB6,
    0x6DB6,0x6DB6,0x6DB6,0x6DB6,0x6DB6,0x6DB5,0x54B2,0x336D,0x1209,0x09E8,0x09E8,0x09E8,
    0x09E8,0x1229,0x33AE,0x338D,0x1229,0x09E8,0x09E8,0xF81F,0xF81F,0xF81F,0xF81F,0xF81F,
    0xF81F,0xF81F,0xF81F,0xF81F,0xF81F,0xF81F,0xF81F,0xF81F,0xF81F,0xF81F,0xF81F,0xF81F,
    0xF81F,0xF81F,0xF81F,0xF81F,0xF81F,0xF81F,0xF81F,0xF81F,0xF81F,0xF81F,0xF81F,0xF81F,
    0xF81F,0xF81F,0xF81F,0xF81F,0xF81F,0xF81F,0xF81F,0xF81F,0xF81F,0xF81F,0xF81F,0xF81F,
    0xF81F,0xF81F,0xF81F,0xF81F,0xF81F,0xF81F,0xF81F,0xF81F,0xF81F,0xF81F,0xF81F,0xF81F,
    0xF81F,0xF81F,0xF81F,0xF81F,0xF81F,0xF81F,0xF81F,0xF81F,0xF81F,0xF81F,0xF81F,0xF81F,
    0xF81F,0xF81F,0xF81F,0xF81F,0xF81F,0xF81F,0xF81F,0xF81F,0xF81F,0xF81F,0xF81F,0xF81F,
    0xF81F,0xF81F,0xF81F,0xF81F,0xF81F,0xF81F,0xF81F,0xF81F,0xF81F,0xF81F,0xF81F,0xF81F,
    0xF81F,0xF81F,0xF81F,0xF81F,0x09E8,0x09E8,0x22EB,0x4C71,0x4C91,0x4C91,0x4C91,0x336D,
    0x1249,0x09E8,0x09E8,0x09E8,0x09E8,0x09E8,0x1A49,0x3B8E,0x54D2,0x6D95,0x6DB6,0x6DB6,
    0x6DB6,0x6DB6,0x6DB6,0x6DB6,0x6DB6,0x6DB6,0x6DB6,0x6DB6,0x6DB6,0x6DB6,0x6DB6,0x6DB6,
    0x6DB6,0x6DB6,0x6DB6,0x6DB6,0x6DB6,0x6DB6,0x6DB6,0x6DB6,0x6D95,0x54B2,0x3B8E,0x1A49,
    0x09E8,0x09E8,0x09E8,0x09E8,0x09E8,0x1229,0x336D,0x4C71,0x4C91,0x4C91,0x4C71,0x22EB,
    0x09E8,0x09E8,0xF81F,0xF81F,0xF81F,0xF81F,0xF81F,0xF81F,0xF81F,0xF81F,0xF81F,0xF81F,
    0xF81F,0xF81F,0xF81F,0xF81F,0xF81F,0xF81F,0xF81F,0xF81F,0xF81F,0xF81F,0xF81F,0xF81F,
    0xF81F,0xF81F,0xF81F,0xF81F,0xF81F,0xF81F,0xF81F,0xF81F,0xF81F,0xF81F,0xF81F,0xF81F,
    0xF81F,0xF81F,0xF81F,0xF81F,0xF81F,0xF81F,0xF81F,0xF81F,0xF81F,0xF81F,0xF81F,0xF81F,
    0xF81F,0xF81F,0xF81F,0xF81F,0xF81F,0xF81F,0xF81F,0xF81F,0xF81F,0xF81F,0xF81F,0xF81F,
    0xF81F,0xF81F,0xF81F,0xF81F,0xF81F,0xF81F,0xF81F,0xF81F,0xF81F,0xF81F,0xF81F,0xF81F,
    0xF81F,0xF81F,0xF81F,0xF81F,0xF81F,0xF81F,0xF81F,0xF81F,0xF81F,0xF81F,0xF81F,0xF81F,
    0xF81F,0xF81F,0xF81F,0xF81F,0xF81F,0xF81F,0xF81F,0xF81F,0xF81F,0x09E8,0x09E8,0x2B2C,
    0x4C91,0x4C91,0x4C91,0x4C91,0x4C91,0x4C91,0x4C91,0x33AE,0x1A6A,0x09E8,0x09E8,0x09E8,
    0x09E8,0x09E8,0x09E8,0x1208,0x22CB,0x3BCE,0x5491,0x6533,0x6DB5,0x6DB6,0x6DB6,0x6DB6,
    0x6DB6,0x6DB6,0x6DB6,0x6DB6,0x6DB6,0x6DB6,0x6DB6,0x6DB6,0x6DB6,0x6DB5,0x5D33,0x5491,
    0x3BAE,0x22CB,0x1208,0x09E8,0x09E8,0x09E8,0x09E8,0x09E8,0x09E8,0x1A6A,0x33AE,0x4C91,
    0x4C91,0x4C91,0x4C91,0x4C91,0x4C91,0x4C91,0x2B0C,0x09E8,0x09E8,0xF81F,0xF81F,0xF81F,
    0xF81F,0xF81F,0xF81F,0xF81F,0xF81F,0xF81F,0xF81F,0xF81F,0xF81F,0xF81F,0xF81F,0xF81F,
    0xF81F,0xF81F,0xF81F,0xF81F,0xF81F,0xF81F,0xF81F,0xF81F,0xF81F,0xF81F,0xF81F,0xF81F,
    0xF81F,0xF81F,0xF81F,0xF81F,0xF81F,0xF81F,0xF81F,0xF81F,0xF81F,0xF81F,0xF81F,0xF81F,
    0xF81F,0xF81F,0xF81F,0xF81F,0xF81F,0xF81F,0xF81F,0xF81F,0xF81F,0xF81F,0xF81F,0xF81F,
    0xF81F,0xF81F,0xF81F,0xF81F,0xF81F,0xF81F,0xF81F,0xF81F,0xF81F,0xF81F,0xF81F,0xF81F,
    0xF81F,0xF81F,0xF81F,0xF81F,0xF81F,0xF81F,0xF81F,0xF81F,0xF81F,0xF81F,0xF81F,0xF81F,
    0xF81F,0xF81F,0xF81F,0xF81F,0xF81F,0xF81F,0xF81F,0xF81F,0xF81F,0xF81F,0xF81F,0xF81F,
    0xF81F,0xF81F,0xF81F,0x09E8,0x1A8A,0x4C91,0x4C91,0x4C91,0x4C91,0x4C91,0x4C91,0x4C91,
    0x4C91,0x4C91,0x4C91,0x440F,0x2B0C,0x1229,0x09E8,0x09E8,0x09E8,0x09E8,0x09E8,0x09E8,
    0x09E8,0x09E8,0x11E8,0x1A6A,0x2AEC,0x2B2D,0x336D,0x3B8E,0x3BAE,0x3BAE,0x3B8E,0x336D,
    0x2B2D,0x22EB,0x1A6A,0x11E8,0x09E8,0x09E8,0x09E8,0x09E8,0x09E8,0x09E8,0x09E8,0x09E8,
    0x1229,0x2B0C,0x440F,0x4C91,0x4C91,0x4C91,0x4C91,0x4C91,0x4C91,0x4C91,0x4C91,0x4C91,
    0x4C91,0x1A8A,0x09E8,0xF81F,0xF81F,0xF81F,0xF81F,0xF81F,0xF81F,0xF81F,0xF81F,0xF81F,
    0xF81F,0xF81F,0xF81F,0xF81F,0xF81F,0xF81F,0xF81F,0xF81F,0xF81F,0xF81F,0xF81F,0xF81F,
    0xF81F,0xF81F,0xF81F,0xF81F,0xF81F,0xF81F,0xF81F,0xF81F,0xF81F,0xF81F,0xF81F,0xF81F,
    0xF81F,0xF81F,0xF81F,0xF81F,0xF81F,0xF81F,0xF81F,0xF81F,0xF81F,0xF81F,0xF81F,0xF81F,
    0xF81F,0xF81F,0xF81F,0xF81F,0xF81F,0xF81F,0xF81F,0xF81F,0xF81F,0xF81F,0xF81F,0xF81F,
    0xF81F,0xF81F,0xF81F,0xF81F,0xF81F,0xF81F,0xF81F,0xF81F,0xF81F,0xF81F,0xF81F,0xF81F,
    0xF81F,0xF81F,0xF81F,0xF81F,0xF81F,0xF81F,0xF81F,0xF81F,0xF81F,0xF81F,0xF81F,0xF81F,
    0xF81F,0xF81F,0xF81F,0xF81F,0xF81F,0xF81F,0xF81F,0xF81F,0x09E8,0x09E8,0x3BCE,0x4C91,
    0x4C91,0x4C91,0x4C91,0x4C91,0x4C91,0x4C91,0x4C91,0x4C91,0x4C91,0x4C91,0x4C91,0x4C91,
    0x3BEF,0x2B0C,0x1A49,0x09E8,0x09E8,0x09E8,0x09E8,0x09E8,0x09E8,0x09E8,0x09E8,0x09E8,
    0x09E8,0x09E8,0x09E8,0x09E8,0x09E8,0x09E8,0x09E8,0x09E8,0x09E8,0x09E8,0x09E8,0x09E8,
    0x09E8,0x09E8,0x11E8,0x1A6A,0x2B0C,0x3BEF,0x4C91,0x4C91,0x4C91,0x4C91,0x4C91,0x4C91,
    0x4C91,0x4C91,0x4C91,0x4C91,0x4C91,0x4C91,0x4C91,0x3BCE,0x09E8,0x09E8,0xF81F,0xF81F,
    0xF81F,0xF81F,0xF81F,0xF81F,0xF81F,0xF81F,0xF81F,0xF81F,0xF81F,0xF81F,0xF81F,0xF81F,
    0xF81F,0xF81F,0xF81F,0xF81F,0xF81F,0xF81F,0xF81F,0xF81F,0xF81F,0xF81F,0xF81F,0xF81F,
    0xF81F,0xF81F,0xF81F,0xF81F,0xF81F,0xF81F,0xF81F,0xF81F,0xF81F,0xF81F,0xF81F,0xF81F,
    0xF81F,0xF81F,0xF81F,0xF81F,0xF81F,0xF81F,0xF81F,0xF81F,0xF81F,0xF81F,0xF81F,0xF81F,
    0xF81F,0xF81F,0xF81F,0xF81F,0xF81F,0xF81F,0xF81F,0xF81F,0xF81F,0xF81F,0xF81F,0xF81F,
    0xF81F,0xF81F,0xF81F,0xF81F,0xF81F,0xF81F,0xF81F,0xF81F,0xF81F,0xF81F,0xF81F,0xF81F,
    0xF81F,0xF81F,0xF81F,0xF81F,0xF81F,0xF81F,0xF81F,0xF81F,0xF81F,0xF81F,0xF81F,0xF81F,
    0xF81F,0xF81F,0x09E8,0x09E8,0x4C70,0x4C91,0x4C91,0x4C91,0x4C91,0x4C91,0x4C91,0x4C91,
    0x4C91,0x4C91,0x4C91,0x4C91,0x4C91,0x4C91,0x4C91,0x4C91,0x4C91,0x4C70,0x3BAE,0x2B0C,
    0x22AA,0x1249,0x09E8,0x09E8,0x09E8,0x09E8,0x09E8,0x09E8,0x09E8,0x09E8,0x09E8,0x09E8,
    0x09E8,0x09E8,0x09E8,0x09E8,0x1249,0x22AA,0x2B2C,0x3BCE,0x4C70,0x4C91,0x4C91,0x4C91,
    0x4C91,0x4C91,0x4C91,0x4C91,0x4C91,0x4C91,0x4C91,0x4C91,0x4C91,0x4C91,0x4C91,0x4C91,
    0x4C91,0x4C70,0x09E8,0x09E8,0xF81F,0xF81F,0xF81F,0xF81F,0xF81F,0xF81F,0xF81F,0xF81F,
    0xF81F,0xF81F,0xF81F,0xF81F,0xF81F,0xF81F,0xF81F,0xF81F,0xF81F,0xF81F,0xF81F,0xF81F,
    0xF81F,0xF81F,0xF81F,0xF81F,0xF81F,0xF81F,0xF81F,0xF81F,0xF81F,0xF81F,0xF81F,0xF81F,
    0xF81F,0xF81F,0xF81F,0xF81F,0xF81F,0xF81F,0xF81F,0xF81F,0xF81F,0xF81F,0xF81F,0xF81F,
    0xF81F,0xF81F,0xF81F,0xF81F,0xF81F,0xF81F,0xF81F,0xF81F,0xF81F,0xF81F,0xF81F,0xF81F,
    0xF81F,0xF81F,0xF81F,0xF81F,0xF81F,0xF81F,0xF81F,0xF81F,0xF81F,0xF81F,0xF81F,0xF81F,
    0xF81F,0xF81F,0xF81F,0xF81F,0xF81F,0xF81F,0xF81F,0xF81F,0xF81F,0xF81F,0xF81F,0xF81F,
    0xF81F,0xF81F,0xF81F,0xF81F,0xF81F,0xF81F,0xF81F,0xF81F,0x09E8,0x09E8,0x4C70,0x4C91,
    0x4C91,0x4C91,0x4C91,0x4C91,0x4C91,0x4C91,0x4C91,0x4C91,0x4C91,0x4C91,0x4C91,0x4C91,
    0x4C91,0x4C91,0x4C91,0x4C91,0x4C91,0x4C91,0x4C91,0x4C70,0x09E8,0x09E8,0xF81F,0xF81F,
    0xF81F,0xF81F,0xF81F,0xF81F,0xF81F,0xF81F,0xF81F,0xF81F,0x09C8,0x09E8,0x4C70,0x4C91,
    0x4C91,0x4C91,0x4C91,0x4C91,0x4C91,0x4C91,0x4C91,0x4C91,0x4C91,0x4C91,0x4C91,0x4C91,
    0x4C91,0x4C91,0x4C91,0x4C91,0x4C91,0x4C91,0x4C91,0x4C70,0x09E8,0x09E8,0xF81F,0xF81F,
    0xF81F,0xF81F,0xF81F,0xF81F,0xF81F,0xF81F,0xF81F,0xF81F,0xF81F,0xF81F,0xF81F,0xF81F,
    0xF81F,0xF81F,0xF81F,0xF81F,0xF81F,0xF81F,0xF81F,0xF81F,0xF81F,0xF81F,0xF81F,0xF81F,
    0xF81F,0xF81F,0xF81F,0xF81F,0xF81F,0xF81F,0xF81F,0xF81F,0xF81F,0xF81F,0xF81F,0xF81F,
    0xF81F,0xF81F,0xF81F,0xF81F,0xF81F,0xF81F,0xF81F,0xF81F,0xF81F,0xF81F,0xF81F,0xF81F,
    0xF81F,0xF81F,0xF81F,0xF81F,0xF81F,0xF81F,0xF81F,0xF81F,0xF81F,0xF81F,0xF81F,0xF81F,
    0xF81F,0xF81F,0xF81F,0xF81F,0xF81F,0xF81F,0xF81F,0xF81F,0xF81F,0xF81F,0xF81F,0xF81F,
    0xF81F,0xF81F,0xF81F,0xF81F,0xF81F,0xF81F,0xF81F,0xF81F,0xF81F,0xF81F,0xF81F,0xF81F,
    0xF81F,0xF81F,0x09E8,0x09E8,0x3BCE,0x4C91,0x4C91,0x4C91,0x4C91,0x4C91,0x4C91,0x4C91,
    0x4C91,0x4C91,0x4C91,0x4C91,0x4C91,0x4C91,0x4C91,0x4C91,0x4C91,0x4C91,0x4C91,0x4C91,
    0x4C91,0x3BCE,0x09E8,0x09E8,0xF81F,0xF81F,0xF81F,0xF81F,0xF81F,0xF81F,0xF81F,0xF81F,
    0xF81F,0xF81F,0x09E8,0x09E8,0x3BCE,0x4C91,0x4C91,0x4C91,0x4C91,0x4C91,0x4C91,0x4C91,
    0x4C91,0x4C91,0x4C91,0x4C91,0x4C91,0x4C91,0x4C91,0x4C91,0x4C91,0x4C91,0x4C91,0x4C91,
    0x4C91,0x3BCE,0x09E8,0x09E8,0xF81F,0xF81F,0xF81F,0xF81F,0xF81F,0xF81F,0xF81F,0xF81F,
    0xF81F,0xF81F,0xF81F,0xF81F,0xF81F,0xF81F,0xF81F,0xF81F,0xF81F,0xF81F,0xF81F,0xF81F,
    0xF81F,0xF81F,0xF81F,0xF81F,0xF81F,0xF81F,0xF81F,0xF81F,0xF81F,0xF81F,0xF81F,0xF81F,
    0xF81F,0xF81F,0xF81F,0xF81F,0xF81F,0xF81F,0xF81F,0xF81F,0xF81F,0xF81F,0xF81F,0xF81F,
    0xF81F,0xF81F,0xF81F,0xF81F,0xF81F,0xF81F,0xF81F,0xF81F,0xF81F,0xF81F,0xF81F,0xF81F,
    0xF81F,0xF81F,0xF81F,0xF81F,0xF81F,0xF81F,0xF81F,0xF81F,0xF81F,0xF81F,0xF81F,0xF81F,
    0xF81F,0xF81F,0xF81F,0xF81F,0xF81F,0xF81F,0xF81F,0xF81F,0xF81F,0xF81F,0xF81F,0xF81F,
    0xF81F,0xF81F,0xF81F,0xF81F,0xF81F,0xF81F,0xF81F,0xF81F,0xF81F,0x09E8,0x1A8A,0x4C91,
    0x4C91,0x4C91,0x4C91,0x4C91,0x4C91,0x4C91,0x4C91,0x4C91,0x4C91,0x4C91,0x4C91,0x4C91,
    0x4C91,0x4C91,0x4C91,0x4C91,0x4C91,0x4C91,0x4C91,0x1A8A,0x09E8,0xF81F,0xF81F,0xF81F,
    0xF81F,0xF81F,0xF81F,0xF81F,0xF81F,0xF81F,0xF81F,0xF81F,0xF81F,0x09E8,0x1A8A,0x4C91,
    0x4C91,0x4C91,0x4C91,0x4C91,0x4C91,0x4C91,0x4C91,0x4C91,0x4C91,0x4C91,0x4C91,0x4C91,
    0x4C91,0x4C91,0x4C91,0x4C91,0x4C91,0x4C91,0x4C91,0x1A8A,0x09E8,0xF81F,0xF81F,0xF81F,
    0xF81F,0xF81F,0xF81F,0xF81F,0xF81F,0xF81F,0xF81F,0xF81F,0xF81F,0xF81F,0xF81F,0xF81F,
    0xF81F,0xF81F,0xF81F,0xF81F,0xF81F,0xF81F,0xF81F,0xF81F,0xF81F,0xF81F,0xF81F,0xF81F,
    0xF81F,0xF81F,0xF81F,0xF81F,0xF81F,0xF81F,0xF81F,0xF81F,0xF81F,0xF81F,0xF81F,0xF81F,
    0xF81F,0xF81F,0xF81F,0xF81F,0xF81F,0xF81F,0xF81F,0xF81F,0xF81F,0xF81F,0xF81F,0xF81F,
    0xF81F,0xF81F,0xF81F,0xF81F,0xF81F,0xF81F,0xF81F,0xF81F,0xF81F,0xF81F,0xF81F,0xF81F,
    0xF81F,0xF81F,0xF81F,0xF81F,0xF81F,0xF81F,0xF81F,0xF81F,0xF81F,0xF81F,0xF81F,0xF81F,
    0xF81F,0xF81F,0xF81F,0xF81F,0xF81F,0xF81F,0xF81F,0xF81F,0xF81F,0xF81F,0xF81F,0xF81F,
    0xF81F,0xF81F,0xF81F,0x09E8,0x09E8,0x2B0C,0x4C91,0x4C91,0x4C91,0x4C91,0x4C91,0x4C91,
    0x4C91,0x4C91,0x4C91,0x4C91,0x4C91,0x4C91,0x4C91,0x4C91,0x4C91,0x4C91,0x4C91,0x4C91,
    0x2B0C,0x09E8,0x09E8,0xF81F,0xF81F,0xF81F,0xF81F,0xF81F,0xF81F,0xF81F,0xF81F,0xF81F,
    0xF81F,0xF81F,0xF81F,0x09E8,0x09E8,0x2B0C,0x4C91,0x4C91,0x4C91,0x4C91,0x4C91,0x4C91,
    0x4C91,0x4C91,0x4C91,0x4C91,0x4C91,0x4C91,0x4C91,0x4C91,0x4C91,0x4C91,0x4C91,0x4C91,
    0x2B0C,0x09E8,0x09E8,0xF81F,0xF81F,0xF81F,0xF81F,0xF81F,0xF81F,0xF81F,0xF81F,0xF81F,
    0xF81F,0xF81F,0xF81F,0xF81F,0xF81F,0xF81F,0xF81F,0xF81F,0xF81F,0xF81F,0xF81F,0xF81F,
    0xF81F,0xF81F,0xF81F,0xF81F,0xF81F,0xF81F,0xF81F,0xF81F,0xF81F,0xF81F,0xF81F,0xF81F,
    0xF81F,0xF81F,0xF81F,0xF81F,0xF81F,0xF81F,0xF81F,0xF81F,0xF81F,0xF81F,0xF81F,0xF81F,
    0xF81F,0xF81F,0xF81F,0xF81F,0xF81F,0xF81F,0xF81F,0xF81F,0xF81F,0xF81F,0xF81F,0xF81F,
    0xF81F,0xF81F,0xF81F,0xF81F,0xF81F,0xF81F,0xF81F,0xF81F,0xF81F,0xF81F,0xF81F,0xF81F,
    0xF81F,0xF81F,0xF81F,0xF81F,0xF81F,0xF81F,0xF81F,0xF81F,0xF81F,0xF81F,0xF81F,0xF81F,
    0xF81F,0xF81F,0xF81F,0xF81F,0xF81F,0xF81F,0xF81F,0xF81F,0xF81F,0xF81F,0x09E8,0x09E8,
    0x22EB,0x4C91,0x4C91,0x4C91,0x4C91,0x4C91,0x4C91,0x4C91,0x4C91,0x4C91,0x4C91,0x4C91,
    0x4C91,0x4C91,0x4C91,0x4C91,0x4C91,0x22EB,0x09E8,0x09E8,0xF81F,0xF81F,0xF81F,0xF81F,
    0xF81F,0xF81F,0xF81F,0xF81F,0xF81F,0xF81F,0xF81F,0xF81F,0xF81F,0xF81F,0x09E8,0x09E8,
    0x22EB,0x4C91,0x4C91,0x4C91,0x4C91,0x4C91,0x4C91,0x4C91,0x4C91,0x4C91,0x4C91,0x4C91,
    0x4C91,0x4C91,0x4C91,0x4C91,0x4C91,0x22EB,0x09E8,0x09E8,0xF81F,0xF81F,0xF81F,0xF81F,
    0xF81F,0xF81F,0xF81F,0xF81F,0xF81F,0xF81F,0xF81F,0xF81F,0xF81F,0xF81F,0xF81F,0xF81F,
    0xF81F,0xF81F,0xF81F,0xF81F,0xF81F,0xF81F,0xF81F,0xF81F,0xF81F,0xF81F,0xF81F,0xF81F,
    0xF81F,0xF81F,0xF81F,0xF81F,0xF81F,0xF81F,0xF81F,0xF81F,0xF81F,0xF81F,0xF81F,0xF81F,
    0xF81F,0xF81F,0xF81F,0xF81F,0xF81F,0xF81F,0xF81F,0xF81F,0xF81F,0xF81F,0xF81F,0xF81F,
    0xF81F,0xF81F,0xF81F,0xF81F,0xF81F,0xF81F,0xF81F,0xF81F,0xF81F,0xF81F,0xF81F,0xF81F,
    0xF81F,0xF81F,0xF81F,0xF81F,0xF81F,0xF81F,0xF81F,0xF81F,0xF81F,0xF81F,0xF81F,0xF81F,
    0xF81F,0xF81F,0xF81F,0xF81F,0xF81F,0xF81F,0xF81F,0xF81F,0xF81F,0xF81F,0xF81F,0xF81F,
    0xF81F,0xF81F,0xF81F,0xF81F,0xF81F,0x09E8,0x09E8,0x1229,0x338D,0x4C91,0x4C91,0x4C91,
    0x4C91,0x4C91,0x4C91,0x4C91,0x4C91,0x4C91,0x4C91,0x4C91,0x4C91,0x338D,0x1229,0x09E8,
    0x09E8,0xF81F,0xF81F,0xF81F,0xF81F,0xF81F,0xF81F,0xF81F,0xF81F,0xF81F,0xF81F,0xF81F,
    0xF81F,0xF81F,0xF81F,0xF81F,0xF81F,0x09E8,0x09E8,0x1229,0x338D,0x4C91,0x4C91,0x4C91,
    0x4C91,0x4C91,0x4C91,0x4C91,0x4C91,0x4C91,0x4C91,0x4C91,0x4C91,0x338D,0x1229,0x09E8,
    0x09E8,0xF81F,0xF81F,0xF81F,0xF81F,0xF81F,0xF81F,0xF81F,0xF81F,0xF81F,0xF81F,0xF81F,
    0xF81F,0xF81F,0xF81F,0xF81F,0xF81F,0xF81F,0xF81F,0xF81F,0xF81F,0xF81F,0xF81F,0xF81F,
    0xF81F,0xF81F,0xF81F,0xF81F,0xF81F,0xF81F,0xF81F,0xF81F,0xF81F,0xF81F,0xF81F,0xF81F,
    0xF81F,0xF81F,0xF81F,0xF81F,0xF81F,0xF81F,0xF81F,0xF81F,0xF81F,0xF81F,0xF81F,0xF81F,
    0xF81F,0xF81F,0xF81F,0xF81F,0xF81F,0xF81F,0xF81F,0xF81F,0xF81F,0xF81F,0xF81F,0xF81F,
    0xF81F,0xF81F,0xF81F,0xF81F,0xF81F,0xF81F,0xF81F,0xF81F,0xF81F,0xF81F,0xF81F,0xF81F,
    0xF81F,0xF81F,0xF81F,0xF81F,0xF81F,0xF81F,0xF81F,0xF81F,0xF81F,0xF81F,0xF81F,0xF81F,
    0xF81F,0xF81F,0xF81F,0xF81F,0xF81F,0xF81F,0xF81F,0xF81F,0xF81F,0xF81F,0xF81F,0xF81F,
    0x09E8,0x09E8,0x09E8,0x1208,0x22CB,0x338D,0x440F,0x4C50,0x4C91,0x4C91,0x4C50,0x440F,
    0x336D,0x22CB,0x1208,0x09E8,0x09E8,0x09E8,0xF81F,0xF81F,0xF81F,0xF81F,0xF81F,0xF81F,
    0xF81F,0xF81F,0xF81F,0xF81F,0xF81F,0xF81F,0xF81F,0xF81F,0xF81F,0xF81F,0xF81F,0xF81F,
    0x09E8,0x09E8,0x09E8,0x1208,0x22CB,0x338D,0x440F,0x4C50,0x4C91,0x4C91,0x4C50,0x440F,
    0x336D,0x22CB,0x1208,0x09E8,0x09E8,0x09E8,0xF81F,0xF81F,0xF81F,0xF81F,0xF81F,0xF81F,
    0xF81F,0xF81F,0xF81F,0xF81F,0xF81F,0xF81F,0xF81F,0xF81F,0xF81F,0xF81F,0xF81F,0xF81F,
    0xF81F,0xF81F,0xF81F,0xF81F,0xF81F,0xF81F,0xF81F,0xF81F,0xF81F,0xF81F,0xF81F,0xF81F,
    0xF81F,0xF81F,0xF81F,0xF81F,0xF81F,0xF81F,0xF81F,0xF81F,0xF81F,0xF81F,0xF81F,0xF81F,
    0xF81F,0xF81F,0xF81F,0xF81F,0xF81F,0xF81F,0xF81F,0xF81F,0xF81F,0xF81F,0xF81F,0xF81F,
    0xF81F,0xF81F,0xF81F,0xF81F,0xF81F,0xF81F,0xF81F,0xF81F,0xF81F,0xF81F,0xF81F,0xF81F,
    0xF81F,0xF81F,0xF81F,0xF81F,0xF81F,0xF81F,0xF81F,0xF81F,0xF81F,0xF81F,0xF81F,0xF81F,
    0xF81F,0xF81F,0xF81F,0xF81F,0xF81F,0xF81F,0xF81F,0xF81F,0xF81F,0xF81F,0xF81F,0xF81F,
    0xF81F,0xF81F,0xF81F,0xF81F,0xF81F,0xF81F,0xF81F,0xF81F,0x09E8,0x09E8,0x09E8,0x09E8,
    0x09E8,0x09E8,0x09E8,0x09E8,0x09E8,0x09E8,0x09E8,0x09E8,0x09E8,0x09E8,0xF81F,0xF81F,
    0xF81F,0xF81F,0xF81F,0xF81F,0xF81F,0xF81F,0xF81F,0xF81F,0xF81F,0xF81F,0xF81F,0xF81F,
    0xF81F,0xF81F,0xF81F,0xF81F,0xF81F,0xF81F,0xF81F,0xF81F,0x09E8,0x09E8,0x09E8,0x09E8,
    0x09E8,0x09E8,0x09E8,0x09E8,0x09E8,0x09E8,0x09E8,0x09E8,0x09E8,0x09E8,0xF81F,0xF81F,
    0xF81F,0xF81F,0xF81F,0xF81F,0xF81F,0xF81F,0xF81F,0xF81F,0xF81F,0xF81F,0xF81F,0xF81F,
    0xF81F,0xF81F,0xF81F,0xF81F,0xF81F,0xF81F,0xF81F,0xF81F,0xF81F,0xF81F,0xF81F,0xF81F,
    0xF81F,0xF81F,0xF81F,0xF81F,0xF81F,0xF81F,0xF81F,0xF81F,0xF81F,0xF81F,0xF81F,0xF81F,
    0xF81F,0xF81F,0xF81F,0xF81F,0xF81F,0xF81F,0xF81F,0xF81F,0xF81F,0xF81F,0xF81F,0xF81F,
    0xF81F,0xF81F,0xF81F,0xF81F,0xF81F,0xF81F,0xF81F,0xF81F,0xF81F,0xF81F,0xF81F,0xF81F,
    0xF81F,0xF81F,0xF81F,0xF81F,0xF81F,0xF81F,0xF81F,0xF81F,0xF81F,0xF81F,0xF81F,0xF81F,
    0xF81F,0xF81F,0xF81F,0xF81F,0xF81F,0xF81F,0xF81F,0xF81F,0xF81F,0xF81F,0xF81F,0xF81F,
    0xF81F,0xF81F,0xF81F,0xF81F,0xF81F,0xF81F,0xF81F,0xF81F,0xF81F,0xF81F,0xF81F,0xF81F,
    0xF81F,0xF81F,0xF81F,0xF81F,0xF81F,0x09E8,0x09E8,0x09E8,0x09E8,0x09E8,0x09E8,0x09E8,
    0x09E8,0xF81F,0xF81F,0xF81F,0xF81F,0xF81F,0xF81F,0xF81F,0xF81F,0xF81F,0xF81F,0xF81F,
    0xF81F,0xF81F,0xF81F,0xF81F,0xF81F,0xF81F,0xF81F,0xF81F,0xF81F,0xF81F,0xF81F,0xF81F,
    0xF81F,0xF81F,0xF81F,0xF81F,0xF81F,0x09E8,0x09E8,0x09E8,0x09E8,0x09E8,0x09E8,0x09E8,
    0x09E8,0xF81F,0xF81F,0xF81F,0xF81F,0xF81F,0xF81F,0xF81F,0xF81F,0xF81F,0xF81F,0xF81F,
    0xF81F,0xF81F,0xF81F,0xF81F,0xF81F,0xF81F,0xF81F,0xF81F,0xF81F,0xF81F,0xF81F,0xF81F,
    0xF81F,0xF81F,0xF81F,0xF81F,0xF81F,0xF81F,0xF81F,0xF81F,0xF81F,0xF81F,0xF81F,0xF81F,
    0xF81F,0xF81F,0xF81F,0xF81F,0xF81F,0xF81F,0xF81F,0xF81F,0xF81F,0xF81F,0xF81F,0xF81F,
    0xF81F,0xF81F,0xF81F,0xF81F,0xF81F,0xF81F,0xF81F,0xF81F,0xF81F,0xF81F,0xF81F,0xF81F,
    0xF81F,0xF81F,0xF81F,0xF81F,0xF81F,0xF81F,0xF81F,0xF81F,0xF81F,0xF81F,0xF81F,0xF81F,
    0xF81F,0xF81F,0xF81F,0xF81F,0xF81F,0xF81F,0xF81F,0xF81F,0xF81F,0xF81F,0xF81F,0xF81F,
    0xF81F,0xF81F,0xF81F,0xF81F,0xF81F,0xF81F,0xF81F,0xF81F,0xF81F,0xF81F,0xF81F,0xF81F,
    0xF81F,0xF81F,0xF81F,0xF81F,0xF81F,0xF81F,0xF81F,0xF81F,0xF81F,0xF81F,0xF81F,0xF81F,
    0xF81F,0xF81F,0xF81F,0xF81F,0xF81F,0xF81F,0xF81F,0xF81F,0xF81F,0xF81F,0xF81F,0xF81F,
    0xF81F,0xF81F,0xF81F,0xF81F,0xF81F,0xF81F,0xF81F,0xF81F,0xF81F,0xF81F,0xF81F,0xF81F,
    0xF81F,0xF81F,0xF81F,0xF81F,0xF81F,0xF81F,0xF81F,0xF81F,0xF81F,0xF81F,0xF81F,0xF81F,
    0xF81F,0xF81F,0xF81F,0xF81F,0xF81F,0xF81F,0xF81F,0xF81F,0xF81F,0xF81F,0xF81F,0xF81F,
    0xF81F,0xF81F,0xF81F,0xF81F,0xF81F,0xF81F,0xF81F,0xF81F,0xF81F,0xF81F,0xF81F,0xF81F,
    0xF81F,0xF81F,0xF81F,0xF81F,0xF81F,0xF81F,0xF81F,0xF81F,0xF81F,0xF81F,0xF81F,0xF81F,
    0xF81F,0xF81F,0xF81F,0xF81F,0xF81F,0xF81F,0xF81F,0xF81F,0xF81F,0xF81F,0xF81F,0xF81F,
    0xF81F,0xF81F,0xF81F,0xF81F,0xF81F,0xF81F,0xF81F,0xF81F,0xF81F,0xF81F,0xF81F,0xF81F,
    0xF81F,0xF81F,0xF81F,0xF81F,0xF81F,0xF81F,0xF81F,0xF81F,0xF81F,0xF81F,0xF81F,0xF81F,
    0xF81F,0xF81F,0xF81F,0xF81F,0xF81F,0xF81F,0xF81F,0xF81F,0xF81F,0xF81F,0xF81F,0xF81F,
    0xF81F,0xF81F,0xF81F,0xF81F,0xF81F,0xF81F,0xF81F,0xF81F,0xF81F,0xF81F,0xF81F,0xF81F,
    0xF81F,0xF81F,0xF81F,0xF81F,0xF81F,0xF81F,0xF81F,0xF81F,0xF81F,0xF81F,0xF81F,0xF81F,
    0xF81F,0xF81F,0xF81F,0xF81F,0xF81F,0xF81F,0xF81F,0xF81F,0xF81F,0xF81F,0xF81F,0xF81F,
    0xF81F,0xF81F,0xF81F,0xF81F,0xF81F,0xF81F,0xF81F,0xF81F,0xF81F,0xF81F,0xF81F,0xF81F,
    0xF81F,0xF81F,0xF81F,0xF81F,0xF81F,0xF81F,0xF81F,0xF81F,0xF81F,0xF81F,0xF81F,0xF81F,
    0xF81F,0xF81F,0xF81F,0xF81F,0xF81F,0xF81F,0xF81F,0xF81F,0xF81F,0xF81F,0xF81F,0xF81F,
    0xF81F,0xF81F,0xF81F,0xF81F,0xF81F,0xF81F,0xF81F,0xF81F,0xF81F,0xF81F,0xF81F,0xF81F,
    0xF81F,0xF81F,0xF81F,0xF81F,0xF81F,0xF81F,0xF81F,0xF81F,0xF81F,0xF81F,0xF81F,0xF81F,
    0xF81F,0xF81F,0xF81F,0xF81F,0xF81F,0xF81F,0xF81F,0xF81F,0xF81F,0xF81F,0xF81F,0xF81F,
    0xF81F,0xF81F,0xF81F,0xF81F,0xF81F,0xF81F,0xF81F,0xF81F,0xF81F,0xF81F,0xF81F,0xF81F,
    0xF81F,0xF81F,0xF81F,0xF81F,0xF81F,0xF81F,0xF81F,0xF81F,0xF81F,0xF81F,0xF81F,0xF81F,
    0xF81F,0xF81F,0xF81F,0xF81F,0xF81F,0xF81F,0xF81F,0xF81F,0xF81F,0xF81F,0xF81F,0xF81F,
    0xF81F,0xF81F,0xF81F,0xF81F,0xF81F,0xF81F,0xF81F,0xF81F,0xF81F,0xF81F,0xF81F,0xF81F,
    0xF81F,0xF81F,0xF81F,0xF81F,0xF81F,0xF81F,0xF81F,0xF81F,0xF81F,0xF81F,0xF81F,0xF81F,
    0xF81F,0xF81F,0xF81F,0xF81F,0xF81F,0xF81F,0xF81F,0xF81F,0xF81F,0xF81F,0xF81F,0xF81F,
    0xF81F,0xF81F,0xF81F,0xF81F,0xF81F,0xF81F,0xF81F,0xF81F,0xF81F,0xF81F,0xF81F,0xF81F,
    0xF81F,0xF81F,0xF81F,0xF81F,0xF81F,0xF81F,0xF81F,0xF81F,0xF81F,0xF81F,0xF81F,0xF81F,
    0xF81F,0xF81F,0xF81F,0xF81F,0xF81F,0xF81F,0xF81F,0xF81F,0xF81F,0xF81F,0xF81F,0xF81F,
    0xF81F,0xF81F,0xF81F,0xF81F,0xF81F,0xF81F,0xF81F,0xF81F,0xF81F,0xF81F,0xF81F,0xF81F,
    0xF81F,0xF81F,0xF81F,0xF81F,0xF81F,0xF81F,0xF81F,0xF81F,0xF81F,0xF81F,0xF81F,0xF81F,
    0xF81F,0xF81F,0xF81F,0xF81F,0xF81F,0xF81F,0xF81F,0xF81F,0xF81F,0xF81F,0xF81F,0xF81F,
    0xF81F,0xF81F,0xF81F,0xF81F,0xF81F,0xF81F,0xF81F,0xF81F,0xF81F,0xF81F,0xF81F,0xF81F,
    0xF81F,0xF81F,0xF81F,0xF81F,0xF81F,0xF81F,0xF81F,0xF81F,0xF81F,0xF81F,0xF81F,0xF81F,
    0xF81F,0xF81F,0xF81F,0xF81F,0xF81F,0xF81F,0xF81F,0xF81F,0xF81F,0xF81F,0xF81F,0xF81F,
    0xF81F,0xF81F,0xF81F,0xF81F,0xF81F,0xF81F,0xF81F,0xF81F,0xF81F,0xF81F,0xF81F,0xF81F,
    0xF81F,0xF81F,0xF81F,0xF81F,0xF81F,0xF81F,0xF81F,0xF81F,0xF81F,0xF81F,0xF81F,0xF81F,
    0xF81F,0xF81F,0xF81F,0xF81F,0xF81F,0xF81F,0xF81F,0xF81F,0xF81F,0xF81F,0xF81F,0xF81F,
    0xF81F,0xF81F,0xF81F,0xF81F,0xF81F,0xF81F,0xF81F,0xF81F,0xF81F,0xF81F,0xF81F,0xF81F,
    0xF81F,0xF81F,0xF81F,0xF81F,0xF81F,0xF81F,0xF81F,0xF81F,0xF81F,0xF81F,0xF81F,0xF81F,
    0xF81F,0xF81F,0xF81F,0xF81F,0xF81F,0xF81F,0xF81F,0xF81F,0xF81F,0xF81F,0xF81F,0xF81F,
    0xF81F,0xF81F,0xF81F,0xF81F,0xF81F,0xF81F,0xF81F,0xF81F,0xF81F,0xF81F,0xF81F,0xF81F,
    0xF81F,0xF81F,0xF81F,0xF81F,0xF81F,0xF81F,0xF81F,0xF81F,0xF81F,0xF81F,0xF81F,0xF81F,
    0xF81F,0xF81F,0xF81F,0xF81F,0xF81F,0xF81F,0xF81F,0xF81F,0xF81F,0xF81F,0xF81F,0xF81F,
    0xF81F,0xF81F,0xF81F,0xF81F,0xF81F,0xF81F,0xF81F,0xF81F,0xF81F,0xF81F,0xF81F,0xF81F,
    0xF81F,0xF81F,0xF81F,0xF81F,0xF81F,0xF81F,0xF81F,0xF81F,0xF81F,0xF81F,0xF81F,0xF81F,
    0xF81F,0xF81F,0xF81F,0xF81F,0xF81F,0xF81F,0xF81F,0xF81F,0xF81F,0xF81F,0xF81F,0xF81F,
    0xF81F,0xF81F,0xF81F,0xF81F,0xF81F,0xF81F,0xF81F,0xF81F,0xF81F,0xF81F,0xF81F,0xF81F,
    0xF81F,0xF81F,0xF81F,0xF81F,0xF81F,0xF81F,0xF81F,0xF81F,0xF81F,0xF81F,0xF81F,0xF81F,
    0xF81F,0xF81F,0xF81F,0xF81F,0xF81F,0xF81F,0xF81F,0xF81F,0xF81F,0xF81F,0xF81F,0xF81F,
    0xF81F,0xF81F,0xF81F,0xF81F,0xF81F,0xF81F,0xF81F,0xF81F,0xF81F,0xF81F,0xF81F,0xF81F,
    0xF81F,0xF81F,0xF81F,0xF81F,0xF81F,0xF81F,0xF81F,0xF81F,0xF81F,0xF81F,0xF81F,0xF81F,
    0xF81F,0xF81F,0xF81F,0xF81F,0xF81F,0xF81F,0xF81F,0xF81F,0xF81F,0xF81F,0xF81F,0xF81F,
    0xF81F,0xF81F,0xF81F,0xF81F,0xF81F,0xF81F,0xF81F,0xF81F,0xF81F,0xF81F,0xF81F,0xF81F,
    0xF81F,0xF81F,0xF81F,0xF81F,0xF81F,0xF81F,0xF81F,0xF81F,0xF81F,0xF81F,0xF81F,0xF81F,
    0xF81F,0xF81F,0xF81F,0xF81F,0xF81F,0xF81F,0xF81F,0xF81F,0xF81F,0xF81F,0xF81F,0xF81F,
    0xF81F,0xF81F,0xF81F,0xF81F,0xF81F,0xF81F,0xF81F,0xF81F,0xF81F,0xF81F,0xF81F,0xF81F,
    0xF81F,0xF81F,0xF81F,0xF81F,0xF81F,0xF81F,0xF81F,0xF81F,0xF81F,0xF81F,0xF81F,0xF81F,
    0xF81F,0xF81F,0xF81F,0xF81F,0xF81F,0xF81F,0xF81F,0xF81F,0xF81F,0xF81F,0xF81F,0xF81F,
    0xF81F,0xF81F,0xF81F,0xF81F,0xF81F,0xF81F,0xF81F,0xF81F,0xF81F,0xF81F,0xF81F,0xF81F,
    0xF81F,0xF81F,0xF81F,0xF81F,0xF81F,0xF81F,0xF81F,0xF81F,0xF81F,0xF81F,0xF81F,0xF81F,
    0xF81F,0xF81F,0xF81F,0xF81F,0xF81F,0xF81F,0xF81F,0xF81F,0xF81F,0xF81F,0xF81F,0xF81F,
    0xF81F,0xF81F,0xF81F,0xF81F,0xF81F,0xF81F,0xF81F,0xF81F,0xF81F,0xF81F,0xF81F,0xF81F,
    0xF81F,0xF81F,0xF81F,0xF81F,0xF81F,0xF81F,0xF81F,0xF81F,0xF81F,0xF81F,0xF81F,0xF81F,
    0xF81F,0xF81F,0xF81F,0xF81F,0xF81F,0xF81F,0xF81F,0xF81F,0xF81F,0xF81F,0xF81F,0xF81F,
    0xF81F,0xF81F,0xF81F,0xF81F,0xF81F,0xF81F,0xF81F,0xF81F,0xF81F,0xF81F,0xF81F,0xF81F,
    0xF81F,0xF81F,0xF81F,0xF81F,0xF81F,0xF81F,0xF81F,0xF81F,0xF81F,0xF81F,0xF81F,0xF81F,
    0xF81F,0xF81F,0xF81F,0xF81F,0xF81F,0xF81F,0xF81F,0xF81F,0xF81F,0xF81F,0xF81F,0xF81F,
    0xF81F,0xF81F,0xF81F,0xF81F,0xF81F,0xF81F,0xF81F,0xF81F,0xF81F,0xF81F,0xF81F,0xF81F,
    0xF81F,0xF81F,0xF81F,0xF81F,0xF81F,0xF81F,0xF81F,0xF81F,0xF81F,0xF81F,0xF81F,0xF81F,
    0xF81F,0xF81F,0xF81F,0xF81F,0xF81F,0xF81F,0xF81F,0xF81F,0xF81F,0xF81F,0xF81F,0xF81F,
    0xF81F,0xF81F,0xF81F,0xF81F,0xF81F,0xF81F,0xF81F,0xF81F,0xF81F,0xF81F,0xF81F,0xF81F,
    0xF81F,0xF81F,0xF81F,0xF81F,0xF81F,0xF81F,0xF81F,0xF81F,0xF81F,0xF81F,0xF81F,0xF81F,
    0xF81F,0xF81F,0xF81F,0xF81F,0xF81F,0xF81F,0xF81F,0xF81F,0xF81F,0xF81F,0xF81F,0xF81F,
    0xF81F,0xF81F,0xF81F,0xF81F,0xF81F,0xF81F,0xF81F,0xF81F,0xF81F,0xF81F,0xF81F,0xF81F,
    0xF81F,0xF81F,0xF81F,0xF81F,0xF81F,0xF81F,0xF81F,0xF81F,0xF81F,0xF81F,0xF81F,0xF81F,
    0xF81F,0xF81F,0xF81F,0xF81F,0xF81F,0xF81F,0xF81F,0xF81F,0xF81F,0xF81F,0xF81F,0xF81F,
    0xF81F,0xF81F,0xF81F,0xF81F,0xF81F,0xF81F,0xF81F,0xF81F,0xF81F,0xF81F,0xF81F,0xF81F,
    0xF81F,0xF81F,0xF81F,0xF81F,0xF81F,0xF81F,0xF81F,0xF81F,0xF81F,0xF81F,0xF81F,0xF81F,
    0xF81F,0xF81F,0xF81F,0xF81F,0xF81F,0xF81F,0xF81F,0xF81F,0xF81F,0xF81F,0xF81F,0xF81F,
    0xF81F,0xF81F,0xF81F,0xF81F,0xF81F,0xF81F,0xF81F,0xF81F,0xF81F,0xF81F,0xF81F,0xF81F,
    0xF81F,0xF81F,0xF81F,0xF81F,0xF81F,0xF81F,0xF81F,0xF81F,0xF81F,0xF81F,0xF81F,0xF81F,
    0xF81F,0xF81F,0xF81F,0xF81F,0xF81F,0xF81F,0xF81F,0xF81F,0xF81F,0xF81F,0xF81F,0xF81F,
    0xF81F,0xF81F,0xF81F,0xF81F,0xF81F,0xF81F,0xF81F,0xF81F,0xF81F,0xF81F,0xF81F,0xF81F,
    0xF81F,0xF81F,0xF81F,0xF81F,0xF81F,0xF81F,0xF81F,0xF81F,0xF81F,0xF81F,0xF81F,0xF81F,
    0xF81F,0xF81F,0xF81F,0xF81F,0xF81F,0xF81F,0xF81F,0xF81F,0xF81F,0xF81F,0xF81F,0xF81F,
    0xF81F,0xF81F,0xF81F,0xF81F,0xF81F,0xF81F,0xF81F,0xF81F,0xF81F,0xF81F,0xF81F,0xF81F,
    0xF81F,0xF81F,0xF81F,0xF81F,0xF81F,0xF81F,0xF81F,0xF81F,0xF81F,0xF81F,0xF81F,0xF81F,
    0xF81F,0xF81F,0xF81F,0xF81F,0xF81F,0xF81F,0xF81F,0xF81F,0xF81F,0xF81F,0xF81F,0xF81F,
    0xF81F,0xF81F,0xF81F,0xF81F,0xF81F,0xF81F,0xF81F,0xF81F,0xF81F,0xF81F,0xF81F,0xF81F,
    0xF81F,0xF81F,0xF81F,0xF81F,0xF81F,0xF81F,0xF81F,0xF81F,0xF81F,0xF81F,0xF81F,0xF81F,
    0xF81F,0xF81F,0xF81F,0xF81F,0xF81F,0xF81F,0xF81F,0xF81F,0xF81F,0xF81F,0xF81F,0xF81F,
    0xF81F,0xF81F,0xF81F,0xF81F,0xF81F,0xF81F,0xF81F,0xF81F,0xF81F,0xF81F,0xF81F,0xF81F,
    0xF81F,0xF81F,0xF81F,0xF81F,0xF81F,0xF81F,0xF81F,0xF81F,0xF81F,0xF81F,0xF81F,0xF81F,
    0xF81F,0xF81F,0xF81F,0xF81F,0xF81F,0xF81F,0xF81F,0xF81F,0xF81F,0xF81F,0xF81F,0xF81F,
    0xF81F,0xF81F,0xF81F,0xF81F,0xF81F,0xF81F,0xF81F,0xF81F,0xF81F,0xF81F,0xF81F,0xF81F,
    0xF81F,0xF81F,0xF81F,0xF81F,0xF81F,0xF81F,0xF81F,0xF81F,0xF81F,0xF81F,0xF81F,0xF81F,
    0xF81F,0xF81F,0xF81F,0xF81F,0xF81F,0xF81F,0xF81F,0xF81F,0xF81F,0xF81F,0xF81F,0xF81F,
    0xF81F,0xF81F,0xF81F,0xF81F,0xF81F,0xF81F,0xF81F,0xF81F,0xF81F,0xF81F,0xF81F,0xF81F,
    0xF81F,0xF81F,0xF81F,0xF81F,0xF81F,0xF81F,0xF81F,0xF81F,0xF81F,0xF81F,0xF81F,0xF81F,
    0xF81F,0xF81F,0xF81F,0xF81F,0xF81F,0xF81F,0xF81F,0xF81F,0xF81F,0xF81F,0xF81F,0xF81F,
    0xF81F,0xF81F,0xF81F,0xF81F,0xF81F,0xF81F,0xF81F,0xF81F,0xF81F,0xF81F,0xF81F,0xF81F,
    0xF81F,0xF81F,0xF81F,0xF81F,0xF81F,0xF81F,0xF81F,0xF81F,0xF81F,0xF81F,0xF81F,0xF81F,
    0xF81F,0xF81F,0xF81F,0xF81F,0xF81F,0xF81F,0xF81F,0xF81F,0xF81F,0xF81F,0xF81F,0xF81F,
    0xF81F,0xF81F,0xF81F,0xF81F,0xF81F,0xF81F,0xF81F,0xF81F,0xF81F,0xF81F,0xF81F,0xF81F,
    0xF81F,0xF81F,0xF81F,0xF81F,0xF81F,0xF81F,0xF81F,0xF81F,0xF81F,0xF81F,0xF81F,0xF81F,
    0xF81F,0xF81F,0xF81F,0xF81F,0xF81F,0xF81F,0xF81F,0xF81F,0xF81F,0xF81F,0xF81F,0xF81F,
    0xF81F,0xF81F,0xF81F,0xF81F,0xF81F,0xF81F,0xF81F,0xF81F,0xF81F,0xF81F,0xF81F,0xF81F,
    0xF81F,0xF81F,0xF81F,0xF81F,0xF81F,0xF81F,0xF81F,0xF81F,0xF81F,0xF81F,0xF81F,0xF81F,
    0xF81F,0xF81F,0xF81F,0xF81F,0xF81F,0xF81F,0xF81F,0xF81F,0xF81F,0xF81F,0xF81F,0xF81F,
    0xF81F,0xF81F,0xF81F,0xF81F,0xF81F,0xF81F,0xF81F,0xF81F,0xF81F,0xF81F,0xF81F,0xF81F,
    0xF81F,0xF81F,0xF81F,0xF81F,0xF81F,0xF81F,0xF81F,0xF81F,0xF81F,0xF81F,0xF81F,0xF81F,
    0xF81F,0xF81F,0xF81F,0xF81F,0xF81F,0xF81F,0xF81F,0xF81F,0xF81F,0xF81F,0xF81F,0xF81F,
    0xF81F,0xF81F,0xF81F,0xF81F,0xF81F,0xF81F,0xF81F,0xF81F,0xF81F,0xF81F,0xF81F,0xF81F,
    0xF81F,0xF81F,0xF81F,0xF81F,0xF81F,0xF81F,0xF81F,0xF81F,0xF81F,0xF81F,0xF81F,0xF81F,
    0xF81F,0xF81F,0xF81F,0xF81F,0xF81F,0xF81F,0xF81F,0xF81F,0xF81F,0xF81F,0xF81F,0xF81F,
    0xF81F,0xF81F,0xF81F,0xF81F,0xF81F,0xF81F,0xF81F,0xF81F,0xF81F,0xF81F,0xF81F,0xF81F,
    0xF81F,0xF81F,0xF81F,0xF81F,0xF81F,0xF81F,0xF81F,0xF81F,0xF81F,0xF81F,0xF81F,0xF81F,
    0xF81F,0xF81F,0xF81F,0xF81F,0xF81F,0xF81F,0xF81F,0xF81F,0xF81F,0xF81F,0xF81F,0xF81F,
    0xF81F,0xF81F,0xF81F,0xF81F,0xF81F,0xF81F,0xF81F,0xF81F,0xF81F,0xF81F,0xF81F,0xF81F,
    0xF81F,0xF81F,0xF81F,0xF81F,0xF81F,0xF81F,0xF81F,0xF81F,0xF81F,0xF81F,0xF81F,0xF81F,
    0xF81F,0xF81F,0xF81F,0xF81F,0xF81F,0xF81F,0xF81F,0xF81F,0xF81F,0xF81F,0xF81F,0xF81F,
    0xF81F,0xF81F,0xF81F,0xF81F,0xF81F,0xF81F,0xF81F,0xF81F,0xF81F,0xF81F,0xF81F,0xF81F,
    0xF81F,0xF81F,0xF81F,0xF81F,0xF81F,0xF81F,0xF81F,0xF81F,0xF81F,0xF81F,0xF81F,0xF81F,
    0xF81F,0xF81F,0xF81F,0xF81F,0xF81F,0xF81F,0xF81F,0xF81F,0xF81F,0xF81F,0xF81F,0xF81F,
    0xF81F,0xF81F,0xF81F,0xF81F,0xF81F,0xF81F,0xF81F,0xF81F,0xF81F,0xF81F,0xF81F,0xF81F,
    0xF81F,0xF81F,0xF81F,0xF81F,0xF81F,0xF81F,0xF81F,0xF81F,0xF81F,0xF81F,0xF81F,0xF81F,
    0xF81F,0xF81F,0xF81F,0xF81F,0xF81F,0xF81F,0xF81F,0xF81F,0xF81F,0xF81F,0xF81F,0xF81F,
    0xF81F,0xF81F,0xF81F,0xF81F,0xF81F,0xF81F,0xF81F,0xF81F,0xF81F,0xF81F,0xF81F,0xF81F,
    0xF81F,0xF81F,0xF81F,0xF81F,0xF81F,0xF81F,0xF81F,0xF81F,0xF81F,0xF81F,0xF81F,0xF81F,
    0xF81F,0xF81F,0xF81F,0xF81F,0xF81F,0xF81F,0xF81F,0xF81F,0xF81F,0xF81F,0xF81F,0xF81F,
    0xF81F,0xF81F,0xF81F,0xF81F,0xF81F,0xF81F,0xF81F,0xF81F,0xF81F,0xF81F,0xF81F,0xF81F,
    0xF81F,0xF81F,0xF81F,0xF81F,0xF81F,0xF81F,0xF81F,0xF81F,0xF81F,0xF81F,0xF81F,0xF81F,
    0xF81F,0xF81F,0xF81F,0xF81F,0xF81F,0xF81F,0xF81F,0xF81F,0xF81F,0xF81F,0xF81F,0xF81F,
};
