// 由 tools/build_assets.py 自動產生（來源 web/demo-assets），請勿手改。
#pragma once
#include <cstdint>

constexpr int IMG_END_BAD_W = 150;
constexpr int IMG_END_BAD_H = 150;
constexpr int IMG_END_BAD_N = 1;

inline const uint16_t img_end_bad_0[22500] = {
    0xF81F,0xF81F,0xF81F,0xF81F,0xF81F,0xF81F,0xF81F,0xF81F,0xF81F,0xF81F,0xF81F,0xF81F,
    0xF81F,0xF81F,0xF81F,0xF81F,0xF81F,0xF81F,0xF81F,0xF81F,0xF81F,0xF81F,0xF81F,0xF81F,
    0xF81F,0xF81F,0xF81F,0xF81F,0xF81F,0xF81F,0xF81F,0xF81F,0xF81F,0xF81F,0xF81F,0xF81F,
    0xF81F,0xF81F,0xF81F,0xF81F,0xF81F,0xF81F,0xF81F,0xF81F,0xF81F,0xF81F,0xF81F,0xF81F,
    0xF81F,0xF81F,0xF81F,0xF81F,0xF81F,0xF81F,0xF81F,0xF81F,0xF81F,0xF81F,0xF81F,0xF81F,
    0xF81F,0xF81F,0xF81F,0xF81F,0xF81F,0xF81F,0xF81F,0xF81F,0xF81F,0xF81F,0xF81F,0xF81F,
    0xF81F,0xF81F,0xF81F,0xF81F,0xF81F,0xF81F,0xF81F,0xF81F,0xF81F,0xF81F,0xF81F,0xF81F,
    0xF81F,0xF81F,0xF81F,0xF81F,0xF81F,0xF81F,0xF81F,0xF81F,0xF81F,0xF81F,0xF81F,0xF81F,
    0xF81F,0xF81F,0xF81F,0xF81F,0xF81F,0xF81F,0xF81F,0xF81F,0xF81F,0xF81F,0xF81F,0xF81F,
    0xF81F,0xF81F,0xF81F,0xF81F,0xF81F,0xF81F,0xF81F,0xF81F,0xF81F,0xF81F,0xF81F,0xF81F,
    0xF81F,0xF81F,0xF81F,0xF81F,0xF81F,0xF81F,0xF81F,0xF81F,0xF81F,0xF81F,0xF81F,0xF81F,
    0xF81F,0xF81F,0xF81F,0xF81F,0xF81F,0xF81F,0xF81F,0xF81F,0xF81F,0xF81F,0xF81F,0xF81F,
    0xF81F,0xF81F,0xF81F,0xF81F,0xF81F,0xF81F,0xF81F,0xF81F,0xF81F,0xF81F,0xF81F,0xF81F,
    0xF81F,0xF81F,0xF81F,0xF81F,0xF81F,0xF81F,0xF81F,0xF81F,0xF81F,0xF81F,0xF81F,0xF81F,
    0xF81F,0xF81F,0xF81F,0xF81F,0xF81F,0xF81F,0xF81F,0xF81F,0xF81F,0xF81F,0xF81F,0xF81F,
    0xF81F,0xF81F,0xF81F,0xF81F,0xF81F,0xF81F,0xF81F,0xF81F,0xF81F,0xF81F,0xF81F,0xF81F,
    0xF81F,0xF81F,0xF81F,0xF81F,0xF81F,0xF81F,0xF81F,0xF81F,0xF81F,0xF81F,0xF81F,0xF81F,
    0xF81F,0xF81F,0xF81F,0xF81F,0xF81F,0xF81F,0xF81F,0xF81F,0xF81F,0xF81F,0xF81F,0xF81F,
    0xF81F,0xF81F,0xF81F,0xF81F,0xF81F,0xF81F,0xF81F,0xF81F,0xF81F,0xF81F,0xF81F,0xF81F,
    0xF81F,0xF81F,0xF81F,0xF81F,0xF81F,0xF81F,0xF81F,0xF81F,0xF81F,0xF81F,0xF81F,0xF81F,
    0xF81F,0xF81F,0xF81F,0xF81F,0xF81F,0xF81F,0xF81F,0xF81F,0xF81F,0xF81F,0xF81F,0xF81F,
    0xF81F,0xF81F,0xF81F,0xF81F,0xF81F,0xF81F,0xF81F,0xF81F,0xF81F,0xF81F,0xF81F,0xF81F,
    0xF81F,0xF81F,0xF81F,0xF81F,0xF81F,0xF81F,0xF81F,0xF81F,0xF81F,0xF81F,0xF81F,0xF81F,
    0xF81F,0xF81F,0xF81F,0xF81F,0xF81F,0xF81F,0xF81F,0xF81F,0xF81F,0xF81F,0xF81F,0xF81F,
    0xF81F,0xF81F,0xF81F,0xF81F,0xF81F,0xF81F,0xF81F,0xF81F,0xF81F,0xF81F,0xF81F,0xF81F,
    0xF81F,0xF81F,0xF81F,0xF81F,0xF81F,0xF81F,0xF81F,0xF81F,0xF81F,0xF81F,0xF81F,0xF81F,
    0xF81F,0xF81F,0xF81F,0xF81F,0xF81F,0xF81F,0xF81F,0xF81F,0xF81F,0xF81F,0xF81F,0xF81F,
    0xF81F,0xF81F,0xF81F,0xF81F,0xF81F,0xF81F,0xF81F,0xF81F,0xF81F,0xF81F,0xF81F,0xF81F,
    0xF81F,0xF81F,0xF81F,0xF81F,0xF81F,0xF81F,0xF81F,0xF81F,0xF81F,0xF81F,0xF81F,0xF81F,
    0xF81F,0xF81F,0xF81F,0xF81F,0xF81F,0xF81F,0xF81F,0xF81F,0xF81F,0xF81F,0xF81F,0xF81F,
    0xF81F,0xF81F,0xF81F,0xF81F,0xF81F,0xF81F,0xF81F,0xF81F,0xF81F,0xF81F,0xF81F,0xF81F,
    0xF81F,0xF81F,0xF81F,0xF81F,0xF81F,0xF81F,0xF81F,0xF81F,0xF81F,0xF81F,0xF81F,0xF81F,
    0xF81F,0xF81F,0xF81F,0xF81F,0xF81F,0xF81F,0xF81F,0xF81F,0xF81F,0xF81F,0xF81F,0xF81F,
    0xF81F,0xF81F,0xF81F,0xF81F,0xF81F,0xF81F,0xF81F,0xF81F,0xF81F,0xF81F,0xF81F,0xF81F,
    0xF81F,0xF81F,0xF81F,0xF81F,0xF81F,0xF81F,0xF81F,0xF81F,0xF81F,0xF81F,0xF81F,0xF81F,
    0xF81F,0xF81F,0xF81F,0xF81F,0xF81F,0xF81F,0xF81F,0xF81F,0xF81F,0xF81F,0xF81F,0xF81F,
    0xF81F,0xF81F,0xF81F,0xF81F,0xF81F,0xF81F,0xF81F,0xF81F,0xF81F,0xF81F,0xF81F,0xF81F,
    0xF81F,0xF81F,0xF81F,0xF81F,0xF81F,0xF81F,0xF81F,0xF81F,0xF81F,0xF81F,0xF81F,0xF81F,
    0xF81F,0xF81F,0xF81F,0xF81F,0xF81F,0xF81F,0xF81F,0xF81F,0xF81F,0xF81F,0xF81F,0xF81F,
    0xF81F,0xF81F,0xF81F,0xF81F,0xF81F,0xF81F,0xF81F,0xF81F,0xF81F,0xF81F,0xF81F,0xF81F,
    0xF81F,0xF81F,0xF81F,0xF81F,0xF81F,0xF81F,0xF81F,0xF81F,0xF81F,0xF81F,0xF81F,0xF81F,
    0xF81F,0xF81F,0xF81F,0xF81F,0xF81F,0xF81F,0xF81F,0xF81F,0xF81F,0xF81F,0xF81F,0xF81F,
    0xF81F,0xF81F,0xF81F,0xF81F,0xF81F,0xF81F,0xF81F,0xF81F,0xF81F,0xF81F,0xF81F,0xF81F,
    0xF81F,0xF81F,0xF81F,0xF81F,0xF81F,0xF81F,0xF81F,0xF81F,0xF81F,0xF81F,0xF81F,0xF81F,
    0xF81F,0xF81F,0xF81F,0xF81F,0xF81F,0xF81F,0xF81F,0xF81F,0xF81F,0xF81F,0xF81F,0xF81F,
    0xF81F,0xF81F,0xF81F,0xF81F,0xF81F,0xF81F,0xF81F,0xF81F,0xF81F,0xF81F,0xF81F,0xF81F,
    0xF81F,0xF81F,0xF81F,0xF81F,0xF81F,0xF81F,0xF81F,0xF81F,0xF81F,0xF81F,0xF81F,0xF81F,
    0xF81F,0xF81F,0xF81F,0xF81F,0xF81F,0xF81F,0xF81F,0xF81F,0xF81F,0xF81F,0xF81F,0xF81F,
    0xF81F,0xF81F,0xF81F,0xF81F,0xF81F,0xF81F,0xF81F,0xF81F,0xF81F,0xF81F,0xF81F,0xF81F,
    0xF81F,0xF81F,0xF81F,0xF81F,0xF81F,0xF81F,0xF81F,0xF81F,0xF81F,0xF81F,0xF81F,0xF81F,
    0xF81F,0xF81F,0xF81F,0xF81F,0xF81F,0xF81F,0xF81F,0xF81F,0xF81F,0xF81F,0xF81F,0xF81F,
    0xF81F,0xF81F,0xF81F,0xF81F,0xF81F,0xF81F,0xF81F,0xF81F,0xF81F,0xF81F,0xF81F,0xF81F,
    0xF81F,0xF81F,0xF81F,0xF81F,0xF81F,0xF81F,0xF81F,0xF81F,0xF81F,0xF81F,0xF81F,0xF81F,
    0xF81F,0xF81F,0xF81F,0xF81F,0xF81F,0xF81F,0xF81F,0xF81F,0xF81F,0xF81F,0xF81F,0xF81F,
    0xF81F,0xF81F,0xF81F,0xF81F,0xF81F,0xF81F,0xF81F,0xF81F,0xF81F,0xF81F,0xF81F,0xF81F,
    0xF81F,0xF81F,0xF81F,0xF81F,0xF81F,0xF81F,0xF81F,0xF81F,0xF81F,0xF81F,0xF81F,0xF81F,
    0xF81F,0xF81F,0xF81F,0xF81F,0xF81F,0xF81F,0xF81F,0xF81F,0xF81F,0xF81F,0xF81F,0xF81F,
    0xF81F,0xF81F,0xF81F,0xF81F,0xF81F,0xF81F,0xF81F,0xF81F,0xF81F,0xF81F,0xF81F,0xF81F,
    0xF81F,0xF81F,0xF81F,0xF81F,0xF81F,0xF81F,0xF81F,0xF81F,0xF81F,0xF81F,0xF81F,0xF81F,
    0xF81F,0xF81F,0xF81F,0xF81F,0xF81F,0xF81F,0xF81F,0xF81F,0xF81F,0xF81F,0xF81F,0xF81F,
    0xF81F,0xF81F,0xF81F,0xF81F,0xF81F,0xF81F,0xF81F,0xF81F,0xF81F,0xF81F,0xF81F,0xF81F,
    0xF81F,0xF81F,0xF81F,0xF81F,0xF81F,0xF81F,0xF81F,0xF81F,0xF81F,0xF81F,0xF81F,0xF81F,
    0xF81F,0xF81F,0xF81F,0xF81F,0xF81F,0xF81F,0xF81F,0xF81F,0xF81F,0xF81F,0xF81F,0xF81F,
    0xF81F,0xF81F,0xF81F,0xF81F,0xF81F,0xF81F,0xF81F,0xF81F,0xF81F,0xF81F,0xF81F,0xF81F,
    0xF81F,0xF81F,0xF81F,0xF81F,0xF81F,0xF81F,0xF81F,0xF81F,0xF81F,0xF81F,0xF81F,0xF81F,
    0xF81F,0xF81F,0xF81F,0xF81F,0xF81F,0xF81F,0xF81F,0xF81F,0xF81F,0xF81F,0xF81F,0xF81F,
    0xF81F,0xF81F,0xF81F,0xF81F,0xF81F,0xF81F,0xF81F,0xF81F,0xF81F,0xF81F,0xF81F,0xF81F,
    0xF81F,0xF81F,0xF81F,0xF81F,0xF81F,0xF81F,0xF81F,0xF81F,0xF81F,0xF81F,0xF81F,0xF81F,
    0xF81F,0xF81F,0xF81F,0xF81F,0xF81F,0xF81F,0xF81F,0xF81F,0xF81F,0xF81F,0xF81F,0xF81F,
    0xF81F,0xF81F,0xF81F,0xF81F,0xF81F,0xF81F,0xF81F,0xF81F,0xF81F,0xF81F,0xF81F,0xF81F,
    0xF81F,0xF81F,0xF81F,0xF81F,0xF81F,0xF81F,0xF81F,0xF81F,0xF81F,0xF81F,0xF81F,0xF81F,
    0xF81F,0xF81F,0xF81F,0xF81F,0xF81F,0xF81F,0xF81F,0xF81F,0xF81F,0xF81F,0xF81F,0xF81F,
    0xF81F,0xF81F,0xF81F,0xF81F,0xF81F,0xF81F,0xF81F,0xF81F,0xF81F,0xF81F,0xF81F,0xF81F,
    0xF81F,0xF81F,0xF81F,0xF81F,0xF81F,0xF81F,0xF81F,0xF81F,0xF81F,0xF81F,0xF81F,0xF81F,
    0xF81F,0xF81F,0xF81F,0xF81F,0xF81F,0xF81F,0xF81F,0xF81F,0xF81F,0xF81F,0xF81F,0xF81F,
    0xF81F,0xF81F,0xF81F,0xF81F,0xF81F,0xF81F,0xF81F,0xF81F,0xF81F,0xF81F,0xF81F,0xF81F,
    0xF81F,0xF81F,0xF81F,0xF81F,0xF81F,0xF81F,0xF81F,0xF81F,0xF81F,0xF81F,0xF81F,0xF81F,
    0xF81F,0xF81F,0xF81F,0xF81F,0xF81F,0xF81F,0xF81F,0xF81F,0xF81F,0xF81F,0xF81F,0xF81F,
    0xF81F,0xF81F,0xF81F,0xF81F,0xF81F,0xF81F,0xF81F,0xF81F,0xF81F,0xF81F,0xF81F,0xF81F,
    0xF81F,0xF81F,0xF81F,0xF81F,0xF81F,0xF81F,0xF81F,0xF81F,0xF81F,0xF81F,0xF81F,0xF81F,
    0xF81F,0xF81F,0xF81F,0xF81F,0xF81F,0xF81F,0xF81F,0xF81F,0xF81F,0xF81F,0xF81F,0xF81F,
    0xF81F,0xF81F,0xF81F,0xF81F,0xF81F,0xF81F,0xF81F,0xF81F,0xF81F,0xF81F,0xF81F,0xF81F,
    0xF81F,0xF81F,0xF81F,0xF81F,0xF81F,0xF81F,0xF81F,0xF81F,0xF81F,0xF81F,0xF81F,0xF81F,
    0xF81F,0xF81F,0xF81F,0xF81F,0xF81F,0xF81F,0xF81F,0xF81F,0xF81F,0xF81F,0xF81F,0xF81F,
    0xF81F,0xF81F,0xF81F,0xF81F,0xF81F,0xF81F,0xF81F,0xF81F,0xF81F,0xF81F,0xF81F,0xF81F,
    0xF81F,0xF81F,0xF81F,0xF81F,0xF81F,0xF81F,0xF81F,0xF81F,0xF81F,0xF81F,0xF81F,0xF81F,
    0xF81F,0xF81F,0xF81F,0xF81F,0xF81F,0xF81F,0xF81F,0xF81F,0xF81F,0xF81F,0xF81F,0xF81F,
    0xF81F,0xF81F,0xF81F,0xF81F,0xF81F,0xF81F,0xF81F,0xF81F,0xF81F,0xF81F,0xF81F,0xF81F,
    0xF81F,0xF81F,0xF81F,0xF81F,0xF81F,0xF81F,0xF81F,0xF81F,0xF81F,0xF81F,0xF81F,0xF81F,
    0xF81F,0xF81F,0xF81F,0xF81F,0xF81F,0xF81F,0xF81F,0xF81F,0xF81F,0xF81F,0xF81F,0xF81F,
    0xF81F,0xF81F,0xF81F,0xF81F,0xF81F,0xF81F,0xF81F,0xF81F,0xF81F,0xF81F,0xF81F,0xF81F,
    0xF81F,0xF81F,0xF81F,0xF81F,0xF81F,0xF81F,0xF81F,0xF81F,0xF81F,0xF81F,0xF81F,0xF81F,
    0xF81F,0xF81F,0xF81F,0xF81F,0xF81F,0xF81F,0xF81F,0xF81F,0xF81F,0xF81F,0xF81F,0xF81F,
    0xF81F,0xF81F,0xF81F,0xF81F,0xF81F,0xF81F,0xF81F,0xF81F,0xF81F,0xF81F,0xF81F,0xF81F,
    0xF81F,0xF81F,0xF81F,0xF81F,0xF81F,0xF81F,0xF81F,0xF81F,0xF81F,0xF81F,0xF81F,0xF81F,
    0xF81F,0xF81F,0xF81F,0xF81F,0xF81F,0xF81F,0xF81F,0xF81F,0xF81F,0xF81F,0xF81F,0xF81F,
    0xF81F,0xF81F,0xF81F,0xF81F,0xF81F,0xF81F,0xF81F,0xF81F,0xF81F,0xF81F,0xF81F,0xF81F,
    0xF81F,0xF81F,0xF81F,0xF81F,0xF81F,0xF81F,0xF81F,0xF81F,0xF81F,0xF81F,0xF81F,0xF81F,
    0xF81F,0xF81F,0xF81F,0xF81F,0xF81F,0xF81F,0xF81F,0xF81F,0xF81F,0xF81F,0xF81F,0xF81F,
    0xF81F,0xF81F,0xF81F,0xF81F,0xF81F,0xF81F,0xF81F,0xF81F,0xF81F,0xF81F,0xF81F,0xF81F,
    0xF81F,0xF81F,0xF81F,0xF81F,0xF81F,0xF81F,0xF81F,0xF81F,0xF81F,0xF81F,0xF81F,0xF81F,
    0xF81F,0xF81F,0xF81F,0xF81F,0xF81F,0xF81F,0xF81F,0xF81F,0xF81F,0xF81F,0xF81F,0xF81F,
    0xF81F,0xF81F,0xF81F,0xF81F,0xF81F,0xF81F,0xF81F,0xF81F,0xF81F,0xF81F,0xF81F,0xF81F,
    0xF81F,0xF81F,0xF81F,0xF81F,0xF81F,0xF81F,0xF81F,0xF81F,0xF81F,0xF81F,0xF81F,0xF81F,
    0xF81F,0xF81F,0xF81F,0xF81F,0xF81F,0xF81F,0xF81F,0xF81F,0xF81F,0xF81F,0xF81F,0xF81F,
    0xF81F,0xF81F,0xF81F,0xF81F,0xF81F,0xF81F,0xF81F,0xF81F,0xF81F,0xF81F,0xF81F,0xF81F,
    0xF81F,0xF81F,0xF81F,0xF81F,0xF81F,0xF81F,0xF81F,0xF81F,0xF81F,0xF81F,0xF81F,0xF81F,
    0xF81F,0xF81F,0xF81F,0xF81F,0xF81F,0xF81F,0xF81F,0xF81F,0xF81F,0xF81F,0xF81F,0xF81F,
    0xF81F,0xF81F,0xF81F,0xF81F,0xF81F,0xF81F,0xF81F,0xF81F,0xF81F,0xF81F,0xF81F,0xF81F,
    0xF81F,0xF81F,0xF81F,0xF81F,0xF81F,0xF81F,0xF81F,0xF81F,0xF81F,0xF81F,0xF81F,0xF81F,
    0xF81F,0xF81F,0xF81F,0xF81F,0xF81F,0xF81F,0xF81F,0xF81F,0xF81F,0xF81F,0xF81F,0xF81F,
    0xF81F,0xF81F,0xF81F,0xF81F,0xF81F,0xF81F,0xF81F,0xF81F,0xF81F,0xF81F,0xF81F,0xF81F,
    0xF81F,0xF81F,0xF81F,0xF81F,0xF81F,0xF81F,0xF81F,0xF81F,0xF81F,0xF81F,0xF81F,0xF81F,
    0xF81F,0xF81F,0xF81F,0xF81F,0xF81F,0xF81F,0xF81F,0xF81F,0xF81F,0xF81F,0xF81F,0xF81F,
    0xF81F,0xF81F,0xF81F,0xF81F,0xF81F,0xF81F,0xF81F,0xF81F,0xF81F,0xF81F,0xF81F,0xF81F,
    0xF81F,0xF81F,0xF81F,0xF81F,0xF81F,0xF81F,0xF81F,0xF81F,0xF81F,0xF81F,0xF81F,0xF81F,
    0xF81F,0xF81F,0xF81F,0xF81F,0xF81F,0xF81F,0xF81F,0xF81F,0xF81F,0xF81F,0xF81F,0xF81F,
    0xF81F,0xF81F,0xF81F,0xF81F,0xF81F,0xF81F,0xF81F,0xF81F,0xF81F,0xF81F,0xF81F,0xF81F,
    0xF81F,0xF81F,0xF81F,0xF81F,0xF81F,0xF81F,0xF81F,0xF81F,0xF81F,0xF81F,0xF81F,0xF81F,
    0xF81F,0xF81F,0xF81F,0xF81F,0xF81F,0xF81F,0xF81F,0xF81F,0xF81F,0xF81F,0xF81F,0xF81F,
    0xF81F,0xF81F,0xF81F,0xF81F,0xF81F,0xF81F,0xF81F,0xF81F,0xF81F,0xF81F,0xF81F,0xF81F,
    0xF81F,0xF81F,0xF81F,0xF81F,0xF81F,0xF81F,0xF81F,0xF81F,0xF81F,0xF81F,0xF81F,0xF81F,
    0xF81F,0xF81F,0xF81F,0xF81F,0xF81F,0xF81F,0xF81F,0xF81F,0xF81F,0xF81F,0xF81F,0xF81F,
    0xF81F,0xF81F,0xF81F,0xF81F,0xF81F,0xF81F,0xF81F,0xF81F,0xF81F,0xF81F,0xF81F,0xF81F,
    0xF81F,0xF81F,0xF81F,0xF81F,0xF81F,0xF81F,0xF81F,0xF81F,0xF81F,0xF81F,0xF81F,0xF81F,
    0xF81F,0xF81F,0xF81F,0xF81F,0xF81F,0xF81F,0xF81F,0xF81F,0xF81F,0xF81F,0xF81F,0xF81F,
    0xF81F,0xF81F,0xF81F,0xF81F,0xF81F,0xF81F,0xF81F,0xF81F,0xF81F,0xF81F,0xF81F,0xF81F,
    0xF81F,0xF81F,0xF81F,0xF81F,0xF81F,0xF81F,0xF81F,0xF81F,0xF81F,0xF81F,0xF81F,0xF81F,
    0xF81F,0xF81F,0xF81F,0xF81F,0xF81F,0xF81F,0xF81F,0xF81F,0xF81F,0xF81F,0xF81F,0xF81F,
    0xF81F,0xF81F,0xF81F,0xF81F,0xF81F,0xF81F,0xF81F,0xF81F,0xF81F,0xF81F,0xF81F,0xF81F,
    0xF81F,0xF81F,0xF81F,0xF81F,0xF81F,0xF81F,0xF81F,0xF81F,0xF81F,0xF81F,0xF81F,0xF81F,
    0xF81F,0xF81F,0xF81F,0xF81F,0xF81F,0xF81F,0xF81F,0xF81F,0xF81F,0xF81F,0xF81F,0xF81F,
    0xF81F,0xF81F,0xF81F,0xF81F,0xF81F,0xF81F,0xF81F,0xF81F,0xF81F,0xF81F,0xF81F,0xF81F,
    0xF81F,0xF81F,0xF81F,0xF81F,0xF81F,0xF81F,0xF81F,0xF81F,0xF81F,0xF81F,0xF81F,0xF81F,
    0xF81F,0xF81F,0xF81F,0xF81F,0xF81F,0xF81F,0xF81F,0xF81F,0xF81F,0xF81F,0xF81F,0xF81F,
    0xF81F,0xF81F,0xF81F,0xF81F,0xF81F,0xF81F,0xF81F,0xF81F,0xF81F,0xF81F,0xF81F,0xF81F,
    0xF81F,0xF81F,0xF81F,0xF81F,0xF81F,0xF81F,0xF81F,0xF81F,0xF81F,0xF81F,0xF81F,0xF81F,
    0xF81F,0xF81F,0xF81F,0xF81F,0xF81F,0xF81F,0xF81F,0xF81F,0xF81F,0xF81F,0xF81F,0xF81F,
    0xF81F,0xF81F,0xF81F,0xF81F,0xF81F,0xF81F,0xF81F,0xF81F,0xF81F,0xF81F,0xF81F,0xF81F,
    0xF81F,0xF81F,0xF81F,0xF81F,0xF81F,0xF81F,0xF81F,0xF81F,0xF81F,0xF81F,0xF81F,0xF81F,
    0xF81F,0xF81F,0xF81F,0xF81F,0xF81F,0xF81F,0xF81F,0xF81F,0xF81F,0xF81F,0xF81F,0xF81F,
    0xF81F,0xF81F,0xF81F,0xF81F,0xF81F,0xF81F,0xF81F,0xF81F,0xF81F,0xF81F,0xF81F,0xF81F,
    0xF81F,0xF81F,0xF81F,0xF81F,0xF81F,0xF81F,0xF81F,0xF81F,0xF81F,0xF81F,0xF81F,0xF81F,
    0xF81F,0xF81F,0xF81F,0xF81F,0xF81F,0xF81F,0xF81F,0xF81F,0xF81F,0xF81F,0xF81F,0xF81F,
    0xF81F,0xF81F,0xF81F,0xF81F,0xF81F,0xF81F,0xF81F,0xF81F,0xF81F,0xF81F,0xF81F,0xF81F,
    0xF81F,0xF81F,0xF81F,0xF81F,0xF81F,0xF81F,0xF81F,0xF81F,0xF81F,0xF81F,0xF81F,0xF81F,
    0xF81F,0xF81F,0xF81F,0xF81F,0xF81F,0xF81F,0xF81F,0xF81F,0xF81F,0xF81F,0xF81F,0xF81F,
    0xF81F,0xF81F,0xF81F,0xF81F,0xF81F,0xF81F,0xF81F,0xF81F,0xF81F,0xF81F,0xF81F,0xF81F,
    0xF81F,0xF81F,0xF81F,0xF81F,0xF81F,0xF81F,0xF81F,0xF81F,0xF81F,0xF81F,0xF81F,0xF81F,
    0xF81F,0xF81F,0xF81F,0xF81F,0xF81F,0xF81F,0xF81F,0xF81F,0xF81F,0xF81F,0xF81F,0xF81F,
    0xF81F,0xF81F,0xF81F,0xF81F,0xF81F,0xF81F,0xF81F,0xF81F,0xF81F,0xF81F,0xF81F,0xF81F,
    0xF81F,0xF81F,0xF81F,0xF81F,0xF81F,0xF81F,0xF81F,0xF81F,0xF81F,0xF81F,0xF81F,0xF81F,
    0xF81F,0xF81F,0xF81F,0xF81F,0xF81F,0xF81F,0xF81F,0xF81F,0xF81F,0xF81F,0xF81F,0xF81F,
    0xF81F,0xF81F,0xF81F,0xF81F,0xF81F,0xF81F,0xF81F,0xF81F,0xF81F,0xF81F,0xF81F,0xF81F,
    0xF81F,0xF81F,0xF81F,0xF81F,0xF81F,0xF81F,0xF81F,0xF81F,0xF81F,0xF81F,0xF81F,0xF81F,
    0xF81F,0xF81F,0xF81F,0xF81F,0xF81F,0xF81F,0xF81F,0xF81F,0xF81F,0xF81F,0xF81F,0xF81F,
    0xF81F,0xF81F,0xF81F,0xF81F,0xF81F,0xF81F,0xF81F,0xF81F,0xF81F,0xF81F,0xF81F,0xF81F,
    0xF81F,0xF81F,0xF81F,0xF81F,0xF81F,0xF81F,0xF81F,0xF81F,0xF81F,0xF81F,0xF81F,0xF81F,
    0xF81F,0xF81F,0xF81F,0xF81F,0xF81F,0xF81F,0xF81F,0xF81F,0xF81F,0xF81F,0xF81F,0xF81F,
    0xF81F,0xF81F,0xF81F,0xF81F,0xF81F,0xF81F,0xF81F,0xF81F,0xF81F,0xF81F,0xF81F,0xF81F,
    0xF81F,0xF81F,0xF81F,0xF81F,0xF81F,0xF81F,0xF81F,0xF81F,0xF81F,0xF81F,0xF81F,0xF81F,
    0xF81F,0xF81F,0xF81F,0xF81F,0xF81F,0xF81F,0xF81F,0xF81F,0xF81F,0xF81F,0xF81F,0xF81F,
    0xF81F,0xF81F,0xF81F,0xF81F,0xF81F,0xF81F,0xF81F,0xF81F,0xF81F,0xF81F,0xF81F,0xF81F,
    0xF81F,0xF81F,0xF81F,0xF81F,0xF81F,0xF81F,0xF81F,0xF81F,0xF81F,0xF81F,0xF81F,0xF81F,
    0xF81F,0xF81F,0xF81F,0xF81F,0xF81F,0xF81F,0xF81F,0xF81F,0xF81F,0xF81F,0xF81F,0xF81F,
    0xF81F,0xF81F,0xF81F,0xF81F,0xF81F,0xF81F,0xF81F,0xF81F,0xF81F,0xF81F,0xF81F,0xF81F,
    0xF81F,0xF81F,0xF81F,0xF81F,0xF81F,0xF81F,0xF81F,0xF81F,0xF81F,0xF81F,0xF81F,0xF81F,
    0xF81F,0xF81F,0xF81F,0xF81F,0xF81F,0xF81F,0xF81F,0xF81F,0xF81F,0xF81F,0xF81F,0xF81F,
    0xF81F,0xF81F,0xF81F,0xF81F,0xF81F,0xF81F,0xF81F,0xF81F,0xF81F,0xF81F,0xF81F,0xF81F,
    0xF81F,0xF81F,0xF81F,0xF81F,0xF81F,0xF81F,0xF81F,0xF81F,0xF81F,0xF81F,0xF81F,0xF81F,
    0xF81F,0xF81F,0xF81F,0xF81F,0xF81F,0xF81F,0xF81F,0xF81F,0xF81F,0xF81F,0xF81F,0xF81F,
    0xF81F,0xF81F,0xF81F,0xF81F,0xF81F,0xF81F,0xF81F,0xF81F,0xF81F,0xF81F,0xF81F,0xF81F,
    0xF81F,0xF81F,0xF81F,0xF81F,0xF81F,0xF81F,0xF81F,0xF81F,0xF81F,0xF81F,0xF81F,0xF81F,
    0xF81F,0xF81F,0xF81F,0xF81F,0xF81F,0xF81F,0xF81F,0xF81F,0xF81F,0xF81F,0xF81F,0xF81F,
    0xF81F,0xF81F,0xF81F,0xF81F,0xF81F,0xF81F,0xF81F,0xF81F,0xF81F,0xF81F,0xF81F,0xF81F,
    0xF81F,0xF81F,0xF81F,0xF81F,0xF81F,0xF81F,0xF81F,0xF81F,0xF81F,0xF81F,0xF81F,0xF81F,
    0xF81F,0xF81F,0xF81F,0xF81F,0xF81F,0xF81F,0xF81F,0xF81F,0xF81F,0xF81F,0xF81F,0xF81F,
    0xF81F,0xF81F,0xF81F,0xF81F,0xF81F,0xF81F,0xF81F,0xF81F,0xF81F,0xF81F,0xF81F,0xF81F,
    0xF81F,0xF81F,0xF81F,0xF81F,0xF81F,0xF81F,0xF81F,0xF81F,0xF81F,0xF81F,0xF81F,0xF81F,
    0xF81F,0xF81F,0xF81F,0xF81F,0xF81F,0xF81F,0xF81F,0xF81F,0xF81F,0xF81F,0xF81F,0xF81F,
    0xF81F,0xF81F,0xF81F,0xF81F,0xF81F,0xF81F,0xF81F,0xF81F,0xF81F,0xF81F,0xF81F,0xF81F,
    0xF81F,0xF81F,0xF81F,0xF81F,0xF81F,0xF81F,0xF81F,0xF81F,0xF81F,0xF81F,0xF81F,0xF81F,
    0xF81F,0xF81F,0xF81F,0xF81F,0xF81F,0xF81F,0xF81F,0xF81F,0xF81F,0xF81F,0xF81F,0xF81F,
    0xF81F,0xF81F,0xF81F,0xF81F,0xF81F,0xF81F,0xF81F,0xF81F,0xF81F,0xF81F,0xF81F,0xF81F,
    0xF81F,0xF81F,0xF81F,0xF81F,0xF81F,0xF81F,0xF81F,0xF81F,0xF81F,0xF81F,0xF81F,0xF81F,
    0xF81F,0xF81F,0xF81F,0xF81F,0xF81F,0xF81F,0xF81F,0xF81F,0xF81F,0xF81F,0xF81F,0xF81F,
    0xF81F,0xF81F,0xF81F,0xF81F,0xF81F,0xF81F,0xF81F,0xF81F,0xF81F,0xF81F,0xF81F,0xF81F,
    0xF81F,0xF81F,0xF81F,0xF81F,0xF81F,0xF81F,0xF81F,0xF81F,0xF81F,0xF81F,0xF81F,0xF81F,
    0xF81F,0xF81F,0xF81F,0xF81F,0xF81F,0xF81F,0xF81F,0xF81F,0xF81F,0xF81F,0xF81F,0xF81F,
    0xF81F,0xF81F,0xF81F,0xF81F,0xF81F,0xF81F,0xF81F,0xF81F,0xF81F,0xF81F,0xF81F,0xF81F,
    0xF81F,0xF81F,0xF81F,0xF81F,0xF81F,0xF81F,0xF81F,0xF81F,0xF81F,0xF81F,0xF81F,0xF81F,
    0xF81F,0xF81F,0xF81F,0xF81F,0xF81F,0xF81F,0xF81F,0xF81F,0xF81F,0xF81F,0xF81F,0xF81F,
    0xF81F,0xF81F,0xF81F,0xF81F,0xF81F,0xF81F,0xF81F,0xF81F,0xF81F,0xF81F,0xF81F,0xF81F,
    0xF81F,0xF81F,0xF81F,0xF81F,0xF81F,0xF81F,0xF81F,0xF81F,0xF81F,0xF81F,0xF81F,0xF81F,
    0xF81F,0xF81F,0xF81F,0xF81F,0xF81F,0xF81F,0xF81F,0xF81F,0xF81F,0xF81F,0xF81F,0xF81F,
    0xF81F,0xF81F,0xF81F,0xF81F,0xF81F,0xF81F,0xF81F,0xF81F,0xF81F,0xF81F,0xF81F,0xF81F,
    0xF81F,0xF81F,0xF81F,0xF81F,0xF81F,0xF81F,0xF81F,0xF81F,0xF81F,0xF81F,0xF81F,0xF81F,
    0xF81F,0xF81F,0xF81F,0xF81F,0xF81F,0xF81F,0xF81F,0xF81F,0xF81F,0xF81F,0xF81F,0xF81F,
    0xF81F,0xF81F,0xF81F,0xF81F,0xF81F,0xF81F,0xF81F,0xF81F,0xF81F,0xF81F,0xF81F,0xF81F,
    0xF81F,0xF81F,0xF81F,0xF81F,0xF81F,0xF81F,0xF81F,0xF81F,0xF81F,0xF81F,0xF81F,0xF81F,
    0xF81F,0xF81F,0xF81F,0xF81F,0xF81F,0xF81F,0xF81F,0xF81F,0xF81F,0xF81F,0xF81F,0xF81F,
    0xF81F,0xF81F,0xF81F,0xF81F,0xF81F,0xF81F,0xF81F,0xF81F,0xF81F,0xF81F,0xF81F,0xF81F,
    0xF81F,0xF81F,0xF81F,0xF81F,0xF81F,0xF81F,0xF81F,0xF81F,0xF81F,0xF81F,0xF81F,0xF81F,
    0xF81F,0xF81F,0xF81F,0xF81F,0xF81F,0xF81F,0xF81F,0xF81F,0xF81F,0xF81F,0xF81F,0xF81F,
    0xF81F,0xF81F,0xF81F,0xF81F,0xF81F,0xF81F,0xF81F,0xF81F,0xF81F,0xF81F,0xF81F,0xF81F,
    0xF81F,0xF81F,0xF81F,0xF81F,0xF81F,0xF81F,0xF81F,0xF81F,0xF81F,0xF81F,0xF81F,0xF81F,
    0xF81F,0xF81F,0xF81F,0xF81F,0xF81F,0xF81F,0xF81F,0xF81F,0xF81F,0xF81F,0xF81F,0xF81F,
    0xF81F,0xF81F,0xF81F,0xF81F,0xF81F,0xF81F,0xF81F,0xF81F,0xF81F,0xF81F,0xF81F,0xF81F,
    0xF81F,0xF81F,0xF81F,0xF81F,0xF81F,0xF81F,0xF81F,0xF81F,0xF81F,0xF81F,0xF81F,0xF81F,
    0xF81F,0xF81F,0xF81F,0xF81F,0xF81F,0xF81F,0xF81F,0xF81F,0xF81F,0xF81F,0xF81F,0xF81F,
    0xF81F,0xF81F,0xF81F,0xF81F,0xF81F,0xF81F,0xF81F,0xF81F,0xF81F,0xF81F,0xF81F,0xF81F,
    0xF81F,0xF81F,0xF81F,0xF81F,0xF81F,0xF81F,0xF81F,0xF81F,0xF81F,0xF81F,0xF81F,0xF81F,
    0xF81F,0xF81F,0xF81F,0xF81F,0xF81F,0xF81F,0xF81F,0xF81F,0xF81F,0xF81F,0xF81F,0xF81F,
    0xF81F,0xF81F,0xF81F,0xF81F,0xF81F,0xF81F,0xF81F,0xF81F,0xF81F,0xF81F,0xF81F,0xF81F,
    0xF81F,0xF81F,0xF81F,0xF81F,0xF81F,0xF81F,0xF81F,0xF81F,0xF81F,0xF81F,0xF81F,0xF81F,
    0xF81F,0xF81F,0xF81F,0xF81F,0xF81F,0xF81F,0xF81F,0xF81F,0xF81F,0xF81F,0xF81F,0xF81F,
    0xF81F,0xF81F,0xF81F,0xF81F,0xF81F,0xF81F,0xF81F,0xF81F,0xF81F,0xF81F,0xF81F,0xF81F,
    0xF81F,0xF81F,0xF81F,0xF81F,0xF81F,0xF81F,0xF81F,0xF81F,0xF81F,0xF81F,0xF81F,0xF81F,
    0xF81F,0xF81F,0xF81F,0xF81F,0xF81F,0xF81F,0xF81F,0xF81F,0xF81F,0xF81F,0xF81F,0xF81F,
    0xF81F,0xF81F,0xF81F,0xF81F,0xF81F,0xF81F,0xF81F,0xF81F,0xF81F,0xF81F,0xF81F,0xF81F,
    0xF81F,0xF81F,0xF81F,0xF81F,0xF81F,0xF81F,0xF81F,0xF81F,0xF81F,0xF81F,0xF81F,0xF81F,
    0xF81F,0xF81F,0xF81F,0xF81F,0xF81F,0xF81F,0xF81F,0xF81F,0xF81F,0xF81F,0xF81F,0xF81F,
    0xF81F,0xF81F,0xF81F,0xF81F,0xF81F,0xF81F,0xF81F,0xF81F,0xF81F,0xF81F,0xF81F,0xF81F,
    0xF81F,0xF81F,0xF81F,0xF81F,0xF81F,0xF81F,0xF81F,0xF81F,0xF81F,0xF81F,0xF81F,0xF81F,
    0xF81F,0xF81F,0xF81F,0xF81F,0xF81F,0xF81F,0xF81F,0xF81F,0xF81F,0xF81F,0xF81F,0xF81F,
    0xF81F,0xF81F,0xF81F,0xF81F,0xF81F,0xF81F,0xF81F,0xF81F,0xF81F,0xF81F,0xF81F,0xF81F,
    0xF81F,0xF81F,0xF81F,0xF81F,0xF81F,0xF81F,0xF81F,0xF81F,0xF81F,0xF81F,0xF81F,0xF81F,
    0xF81F,0xF81F,0xF81F,0xF81F,0xF81F,0xF81F,0xF81F,0xF81F,0xF81F,0xF81F,0xF81F,0xF81F,
    0xF81F,0xF81F,0xF81F,0xF81F,0xF81F,0xF81F,0xF81F,0xF81F,0xF81F,0xF81F,0xF81F,0xF81F,
    0xF81F,0xF81F,0xF81F,0xF81F,0xF81F,0xF81F,0xF81F,0xF81F,0xF81F,0xF81F,0xF81F,0xF81F,
    0xF81F,0xF81F,0xF81F,0xF81F,0xF81F,0xF81F,0xF81F,0xF81F,0xF81F,0xF81F,0xF81F,0xF81F,
    0xF81F,0xF81F,0xF81F,0xF81F,0xF81F,0xF81F,0xF81F,0xF81F,0xF81F,0xF81F,0xF81F,0xF81F,
    0xF81F,0xF81F,0xF81F,0xF81F,0xF81F,0xF81F,0xF81F,0xF81F,0xF81F,0xF81F,0xF81F,0xF81F,
    0xF81F,0xF81F,0xF81F,0xF81F,0xF81F,0xF81F,0xF81F,0xF81F,0xF81F,0xF81F,0xF81F,0xF81F,
    0xF81F,0xF81F,0xF81F,0xF81F,0xF81F,0xF81F,0xF81F,0xF81F,0xF81F,0xF81F,0xF81F,0xF81F,
    0xF81F,0xF81F,0xF81F,0xF81F,0xF81F,0xF81F,0xF81F,0xF81F,0xF81F,0xF81F,0xF81F,0xF81F,
    0xF81F,0xF81F,0xF81F,0xF81F,0xF81F,0xF81F,0xF81F,0xF81F,0xF81F,0xF81F,0xF81F,0xF81F,
    0xF81F,0xF81F,0xF81F,0xF81F,0xF81F,0xF81F,0xF81F,0xF81F,0xF81F,0xF81F,0xF81F,0xF81F,
    0xF81F,0xF81F,0xF81F,0xF81F,0xF81F,0xF81F,0xF81F,0xF81F,0xF81F,0xF81F,0xF81F,0xF81F,
    0xF81F,0xF81F,0xF81F,0xF81F,0xF81F,0xF81F,0xF81F,0xF81F,0xF81F,0xF81F,0xF81F,0xF81F,
    0xF81F,0xF81F,0xF81F,0xF81F,0xF81F,0xF81F,0xF81F,0xF81F,0xF81F,0xF81F,0xF81F,0xF81F,
    0xF81F,0xF81F,0xF81F,0xF81F,0xF81F,0xF81F,0xF81F,0xF81F,0xF81F,0xF81F,0xF81F,0xF81F,
    0xF81F,0xF81F,0xF81F,0xF81F,0xF81F,0xF81F,0xF81F,0xF81F,0xF81F,0xF81F,0xF81F,0xF81F,
    0xF81F,0xF81F,0xF81F,0xF81F,0xF81F,0xF81F,0xF81F,0xF81F,0xF81F,0xF81F,0xF81F,0xF81F,
    0xF81F,0xF81F,0xF81F,0xF81F,0xF81F,0xF81F,0xF81F,0xF81F,0xF81F,0xF81F,0xF81F,0xF81F,
    0xF81F,0xF81F,0xF81F,0xF81F,0xF81F,0xF81F,0xF81F,0xF81F,0xF81F,0xF81F,0xF81F,0xF81F,
    0xF81F,0xF81F,0xF81F,0xF81F,0xF81F,0xF81F,0xF81F,0xF81F,0xF81F,0xF81F,0xF81F,0xF81F,
    0xF81F,0xF81F,0xF81F,0xF81F,0xF81F,0xF81F,0xF81F,0xF81F,0xF81F,0xF81F,0xF81F,0xF81F,
    0xF81F,0xF81F,0xF81F,0xF81F,0xF81F,0xF81F,0xF81F,0xF81F,0xF81F,0xF81F,0xF81F,0xF81F,
    0xF81F,0xF81F,0xF81F,0xF81F,0xF81F,0xF81F,0xF81F,0xF81F,0xF81F,0xF81F,0xF81F,0xF81F,
    0xF81F,0xF81F,0xF81F,0xF81F,0xF81F,0xF81F,0xF81F,0xF81F,0xF81F,0xF81F,0xF81F,0xF81F,
    0xF81F,0xF81F,0xF81F,0xF81F,0xF81F,0xF81F,0xF81F,0xF81F,0xF81F,0xF81F,0xF81F,0xF81F,
    0xF81F,0xF81F,0xF81F,0xF81F,0xF81F,0xF81F,0xF81F,0xF81F,0xF81F,0xF81F,0xF81F,0xF81F,
    0xF81F,0xF81F,0xF81F,0xF81F,0xF81F,0xF81F,0xF81F,0xF81F,0xF81F,0xF81F,0xF81F,0xF81F,
    0xF81F,0xF81F,0xF81F,0xF81F,0xF81F,0xF81F,0xF81F,0xF81F,0xF81F,0xF81F,0xF81F,0xF81F,
    0xF81F,0xF81F,0xF81F,0xF81F,0xF81F,0xF81F,0xF81F,0xF81F,0xF81F,0xF81F,0xF81F,0xF81F,
    0xF81F,0xF81F,0xF81F,0xF81F,0xF81F,0xF81F,0xF81F,0xF81F,0xF81F,0xF81F,0xF81F,0xF81F,
    0xF81F,0xF81F,0xF81F,0xF81F,0xF81F,0xF81F,0xF81F,0xF81F,0xF81F,0xF81F,0xF81F,0xF81F,
    0xF81F,0xF81F,0xF81F,0xF81F,0xF81F,0xF81F,0xF81F,0xF81F,0xF81F,0xF81F,0xF81F,0xF81F,
    0xF81F,0xF81F,0xF81F,0xF81F,0xF81F,0xF81F,0xF81F,0xF81F,0xF81F,0xF81F,0xF81F,0xF81F,
    0xF81F,0xF81F,0xF81F,0xF81F,0xF81F,0xF81F,0xF81F,0xF81F,0xF81F,0xF81F,0xF81F,0xF81F,
    0xF81F,0xF81F,0xF81F,0xF81F,0xF81F,0xF81F,0xF81F,0xF81F,0xF81F,0xF81F,0xF81F,0xF81F,
    0xF81F,0xF81F,0xF81F,0xF81F,0xF81F,0xF81F,0xF81F,0xF81F,0xF81F,0xF81F,0xF81F,0xF81F,
    0xF81F,0xF81F,0xF81F,0xF81F,0xF81F,0xF81F,0xF81F,0xF81F,0xF81F,0xF81F,0xF81F,0xF81F,
    0xF81F,0xF81F,0xF81F,0xF81F,0xF81F,0xF81F,0xF81F,0xF81F,0xF81F,0xF81F,0xF81F,0xF81F,
    0xF81F,0xF81F,0xF81F,0xF81F,0xF81F,0xF81F,0xF81F,0xF81F,0xF81F,0xF81F,0xF81F,0xF81F,
    0xF81F,0xF81F,0xF81F,0xF81F,0xF81F,0xF81F,0xF81F,0xF81F,0xF81F,0xF81F,0xF81F,0xF81F,
    0xF81F,0xF81F,0xF81F,0xF81F,0xF81F,0xF81F,0xF81F,0xF81F,0xF81F,0xF81F,0xF81F,0xF81F,
    0xF81F,0xF81F,0xF81F,0xF81F,0xF81F,0xF81F,0xF81F,0xF81F,0xF81F,0xF81F,0xF81F,0xF81F,
    0xF81F,0xF81F,0xF81F,0xF81F,0xF81F,0xF81F,0xF81F,0xF81F,0xF81F,0xF81F,0xF81F,0xF81F,
    0xF81F,0xF81F,0xF81F,0xF81F,0xF81F,0xF81F,0xF81F,0xF81F,0xF81F,0xF81F,0xF81F,0xF81F,
    0xF81F,0xF81F,0xF81F,0xF81F,0xF81F,0xF81F,0xF81F,0xF81F,0xF81F,0xF81F,0xF81F,0xF81F,
    0xF81F,0xF81F,0xF81F,0xF81F,0xF81F,0xF81F,0xF81F,0xF81F,0xF81F,0xF81F,0xF81F,0xF81F,
    0xF81F,0xF81F,0xF81F,0xF81F,0xF81F,0xF81F,0xF81F,0xF81F,0xF81F,0xF81F,0xF81F,0xF81F,
    0xF81F,0xF81F,0xF81F,0xF81F,0xF81F,0xF81F,0xF81F,0xF81F,0xF81F,0xF81F,0xF81F,0xF81F,
    0xF81F,0xF81F,0xF81F,0xF81F,0xF81F,0xF81F,0xF81F,0xF81F,0xF81F,0xF81F,0xF81F,0xF81F,
    0xF81F,0xF81F,0xF81F,0xF81F,0xF81F,0xF81F,0xF81F,0xF81F,0xF81F,0xF81F,0xF81F,0xF81F,
    0xF81F,0xF81F,0xF81F,0xF81F,0xF81F,0xF81F,0xF81F,0xF81F,0xF81F,0xF81F,0xF81F,0xF81F,
    0xF81F,0xF81F,0xF81F,0xF81F,0xF81F,0xF81F,0xF81F,0xF81F,0xF81F,0xF81F,0xF81F,0xF81F,
    0xF81F,0xF81F,0xF81F,0xF81F,0xF81F,0xF81F,0xF81F,0xF81F,0xF81F,0xF81F,0xF81F,0xF81F,
    0xF81F,0xF81F,0xF81F,0xF81F,0xF81F,0xF81F,0xF81F,0xF81F,0xF81F,0xF81F,0xF81F,0xF81F,
    0xF81F,0xF81F,0xF81F,0xF81F,0xF81F,0xF81F,0xF81F,0xF81F,0xF81F,0xF81F,0xF81F,0xF81F,
    0xF81F,0xF81F,0xF81F,0xF81F,0xF81F,0xF81F,0xF81F,0xF81F,0xF81F,0xF81F,0xF81F,0xF81F,
    0xF81F,0xF81F,0xF81F,0xF81F,0xF81F,0xF81F,0xF81F,0xF81F,0xF81F,0xF81F,0xF81F,0xF81F,
    0xF81F,0xF81F,0xF81F,0xF81F,0xF81F,0xF81F,0xF81F,0xF81F,0xF81F,0xF81F,0xF81F,0xF81F,
    0xF81F,0xF81F,0xF81F,0xF81F,0xF81F,0xF81F,0xF81F,0xF81F,0xF81F,0xF81F,0xF81F,0xF81F,
    0xF81F,0xF81F,0xF81F,0xF81F,0xF81F,0xF81F,0xF81F,0xF81F,0xF81F,0xF81F,0xF81F,0xF81F,
    0xF81F,0xF81F,0xF81F,0xF81F,0xF81F,0xF81F,0xF81F,0xF81F,0xF81F,0xF81F,0xF81F,0xF81F,
    0xF81F,0xF81F,0xF81F,0xF81F,0xF81F,0xF81F,0xF81F,0xF81F,0xF81F,0xF81F,0xF81F,0xF81F,
    0xF81F,0xF81F,0xF81F,0xF81F,0xF81F,0xF81F,0xF81F,0xF81F,0xF81F,0xF81F,0xF81F,0xF81F,
    0xF81F,0xF81F,0xF81F,0xF81F,0xF81F,0xF81F,0xF81F,0xF81F,0xF81F,0xF81F,0xF81F,0xF81F,
    0xF81F,0xF81F,0xF81F,0xF81F,0xF81F,0xF81F,0xF81F,0xF81F,0xF81F,0xF81F,0xF81F,0xF81F,
    0xF81F,0xF81F,0xF81F,0xF81F,0xF81F,0xF81F,0xF81F,0xF81F,0xF81F,0xF81F,0xF81F,0xF81F,
    0xF81F,0xF81F,0xF81F,0xF81F,0xF81F,0xF81F,0xF81F,0xF81F,0xF81F,0xF81F,0xF81F,0xF81F,
    0xF81F,0xF81F,0xF81F,0xF81F,0xF81F,0xF81F,0xF81F,0xF81F,0xF81F,0xF81F,0xF81F,0xF81F,
    0xF81F,0xF81F,0xF81F,0xF81F,0xF81F,0xF81F,0xF81F,0xF81F,0xF81F,0xF81F,0xF81F,0xF81F,
    0xF81F,0xF81F,0xF81F,0xF81F,0xF81F,0xF81F,0xF81F,0xF81F,0xF81F,0xF81F,0xF81F,0xF81F,
    0xF81F,0xF81F,0xF81F,0xF81F,0xF81F,0xF81F,0xF81F,0xF81F,0xF81F,0xF81F,0xF81F,0xF81F,
    0xF81F,0xF81F,0xF81F,0xF81F,0xF81F,0xF81F,0xF81F,0xF81F,0xF81F,0xF81F,0xF81F,0xF81F,
    0xF81F,0xF81F,0xF81F,0xF81F,0xF81F,0xF81F,0xF81F,0xF81F,0xF81F,0xF81F,0xF81F,0xF81F,
    0xF81F,0xF81F,0xF81F,0xF81F,0xF81F,0xF81F,0xF81F,0xF81F,0xF81F,0xF81F,0xF81F,0xF81F,
    0xF81F,0xF81F,0xF81F,0xF81F,0xF81F,0xF81F,0xF81F,0xF81F,0xF81F,0xF81F,0xF81F,0xF81F,
    0xF81F,0xF81F,0xF81F,0xF81F,0xF81F,0xF81F,0xF81F,0xF81F,0xF81F,0xF81F,0xF81F,0xF81F,
    0xF81F,0xF81F,0xF81F,0xF81F,0xF81F,0xF81F,0xF81F,0xF81F,0xF81F,0xF81F,0xF81F,0xF81F,
    0xF81F,0xF81F,0xF81F,0xF81F,0xF81F,0xF81F,0xF81F,0xF81F,0xF81F,0xF81F,0xF81F,0xF81F,
    0xF81F,0xF81F,0xF81F,0xF81F,0xF81F,0xF81F,0xF81F,0xF81F,0xF81F,0xF81F,0xF81F,0xF81F,
    0xF81F,0xF81F,0xF81F,0xF81F,0xF81F,0xF81F,0xF81F,0xF81F,0xF81F,0xF81F,0xF81F,0xF81F,
    0xF81F,0xF81F,0xF81F,0xF81F,0xF81F,0xF81F,0xF81F,0xF81F,0xF81F,0xF81F,0xF81F,0xF81F,
    0xF81F,0xF81F,0xF81F,0xF81F,0xF81F,0xF81F,0xF81F,0xF81F,0xF81F,0xF81F,0xF81F,0xF81F,
    0xF81F,0xF81F,0xF81F,0xF81F,0xF81F,0xF81F,0xF81F,0xF81F,0xF81F,0xF81F,0xF81F,0xF81F,
    0xF81F,0xF81F,0xF81F,0xF81F,0xF81F,0xF81F,0xF81F,0xF81F,0xF81F,0xF81F,0xF81F,0xF81F,
    0xF81F,0xF81F,0xF81F,0xF81F,0xF81F,0xF81F,0xF81F,0xF81F,0xF81F,0xF81F,0xF81F,0xF81F,
    0xF81F,0xF81F,0xF81F,0xF81F,0xF81F,0xF81F,0xF81F,0xF81F,0xF81F,0xF81F,0xF81F,0xF81F,
    0xF81F,0xF81F,0xF81F,0xF81F,0xF81F,0xF81F,0xF81F,0xF81F,0xF81F,0xF81F,0xF81F,0xF81F,
    0xF81F,0xF81F,0xF81F,0xF81F,0xF81F,0xF81F,0xF81F,0xF81F,0xF81F,0xF81F,0xF81F,0xF81F,
    0xF81F,0xF81F,0xF81F,0xF81F,0xF81F,0xF81F,0xF81F,0xF81F,0xF81F,0xF81F,0xF81F,0xF81F,
    0xF81F,0xF81F,0xF81F,0xF81F,0xF81F,0xF81F,0xF81F,0xF81F,0xF81F,0xF81F,0xF81F,0xF81F,
    0xF81F,0xF81F,0xF81F,0xF81F,0xF81F,0xF81F,0xF81F,0xF81F,0xF81F,0xF81F,0xF81F,0xF81F,
    0xF81F,0xF81F,0xF81F,0xF81F,0xF81F,0xF81F,0xF81F,0xF81F,0xF81F,0xF81F,0xF81F,0xF81F,
    0xF81F,0xF81F,0xF81F,0xF81F,0xF81F,0xF81F,0xF81F,0xF81F,0xF81F,0xF81F,0xF81F,0xF81F,
    0xF81F,0xF81F,0xF81F,0xF81F,0xF81F,0xF81F,0xF81F,0xF81F,0xF81F,0xF81F,0xF81F,0xF81F,
    0xF81F,0xF81F,0xF81F,0xF81F,0xF81F,0xF81F,0xF81F,0xF81F,0xF81F,0xF81F,0xF81F,0xF81F,
    0xF81F,0xF81F,0xF81F,0xF81F,0xF81F,0xF81F,0xF81F,0xF81F,0xF81F,0xF81F,0xF81F,0xF81F,
    0xF81F,0xF81F,0xF81F,0xF81F,0xF81F,0xF81F,0xF81F,0xF81F,0xF81F,0xF81F,0xF81F,0xF81F,
    0xF81F,0xF81F,0xF81F,0xF81F,0xF81F,0xF81F,0xF81F,0xF81F,0xF81F,0xF81F,0xF81F,0xF81F,
    0xF81F,0xF81F,0xF81F,0xF81F,0xF81F,0xF81F,0xF81F,0xF81F,0xF81F,0xF81F,0xF81F,0xF81F,
    0xF81F,0xF81F,0xF81F,0xF81F,0xF81F,0xF81F,0xF81F,0xF81F,0xF81F,0xF81F,0xF81F,0xF81F,
    0xF81F,0xF81F,0xF81F,0xF81F,0xF81F,0xF81F,0xF81F,0xF81F,0xF81F,0xF81F,0xF81F,0xF81F,
    0xF81F,0xF81F,0xF81F,0xF81F,0xF81F,0xF81F,0xF81F,0xF81F,0xF81F,0xF81F,0xF81F,0xF81F,
    0xF81F,0xF81F,0xF81F,0xF81F,0xF81F,0xF81F,0xF81F,0xF81F,0xF81F,0xF81F,0xF81F,0xF81F,
    0xF81F,0xF81F,0xF81F,0xF81F,0xF81F,0xF81F,0xF81F,0x09E8,0x09E8,0x09E8,0x09E8,0x09E8,
    0x09E8,0x09E8,0x432D,0x432D,0x09E8,0x09E8,0x09E8,0x09E8,0x09E8,0x09E8,0x09E8,0xF81F,
    0xF81F,0xF81F,0xF81F,0xF81F,0xF81F,0xF81F,0xF81F,0xF81F,0xF81F,0xF81F,0xF81F,0xF81F,
    0xF81F,0xF81F,0xF81F,0xF81F,0xF81F,0xF81F,0xF81F,0xF81F,0xF81F,0xF81F,0xF81F,0xF81F,
    0xF81F,0xF81F,0xF81F,0xF81F,0xF81F,0xF81F,0xF81F,0xF81F,0xF81F,0xF81F,0xF81F,0xF81F,
    0xF81F,0xF81F,0xF81F,0xF81F,0xF81F,0xF81F,0xF81F,0xF81F,0xF81F,0xF81F,0xF81F,0xF81F,
    0xF81F,0xF81F,0xF81F,0xF81F,0xF81F,0xF81F,0xF81F,0xF81F,0xF81F,0xF81F,0xF81F,0xF81F,
    0xF81F,0xF81F,0xF81F,0xF81F,0xF81F,0xF81F,0xF81F,0xF81F,0xF81F,0xF81F,0xF81F,0xF81F,
    0xF81F,0xF81F,0xF81F,0xF81F,0xF81F,0xF81F,0xF81F,0xF81F,0xF81F,0xF81F,0xF81F,0xF81F,
    0xF81F,0xF81F,0xF81F,0xF81F,0xF81F,0xF81F,0xF81F,0xF81F,0xF81F,0xF81F,0xF81F,0xF81F,
    0xF81F,0xF81F,0xF81F,0xF81F,0xF81F,0xF81F,0xF81F,0xF81F,0xF81F,0xF81F,0xF81F,0xF81F,
    0xF81F,0xF81F,0xF81F,0xF81F,0xF81F,0xF81F,0xF81F,0xF81F,0xF81F,0xF81F,0xF81F,0xF81F,
    0xF81F,0xF81F,0xF81F,0xF81F,0xF81F,0xF81F,0xF81F,0xF81F,0xF81F,0x09E8,0x09E8,0x09E8,
    0x09E8,0x09E8,0x09E8,0x09E8,0x09E8,0x09E8,0x09E8,0x09E8,0xA5B7,0xA5B7,0x09E8,0x09E8,
    0x09E8,0x09E8,0x09E8,0x09E8,0x09E8,0x09E8,0x09E8,0x09E8,0x09E8,0xF81F,0xF81F,0xF81F,
    0xF81F,0xF81F,0xF81F,0xF81F,0xF81F,0xF81F,0xF81F,0xF81F,0xF81F,0xF81F,0xF81F,0xF81F,
    0xF81F,0xF81F,0xF81F,0xF81F,0xF81F,0xF81F,0xF81F,0xF81F,0xF81F,0xF81F,0xF81F,0xF81F,
    0xF81F,0xF81F,0xF81F,0xF81F,0xF81F,0xF81F,0xF81F,0xF81F,0xF81F,0xF81F,0xF81F,0xF81F,
    0xF81F,0xF81F,0xF81F,0xF81F,0xF81F,0xF81F,0xF81F,0xF81F,0xF81F,0xF81F,0xF81F,0xF81F,
    0xF81F,0xF81F,0xF81F,0xF81F,0xF81F,0xF81F,0xF81F,0xF81F,0xF81F,0xF81F,0xF81F,0xF81F,
    0xF81F,0xF81F,0xF81F,0xF81F,0xF81F,0xF81F,0xF81F,0xF81F,0xF81F,0xF81F,0xF81F,0xF81F,
    0xF81F,0xF81F,0xF81F,0xF81F,0xF81F,0xF81F,0xF81F,0xF81F,0xF81F,0xF81F,0xF81F,0xF81F,
    0xF81F,0xF81F,0xF81F,0xF81F,0xF81F,0xF81F,0xF81F,0xF81F,0xF81F,0xF81F,0xF81F,0xF81F,
    0xF81F,0xF81F,0xF81F,0xF81F,0xF81F,0xF81F,0xF81F,0xF81F,0xF81F,0xF81F,0xF81F,0xF81F,
    0xF81F,0xF81F,0xF81F,0xF81F,0xF81F,0xF81F,0xF81F,0xF81F,0xF81F,0xF81F,0xF81F,0xF81F,
    0x09E8,0x09E8,0x09E8,0x09E8,0x09E8,0x09E8,0x09E8,0x11E8,0x11C8,0x19A7,0x19A7,0x1987,
    0x2186,0x31E8,0xFFDF,0xFFDF,0x3208,0x2186,0x1987,0x19A7,0x19A7,0x11C8,0x11E8,0x09E8,
    0x09E8,0x09E8,0x09E8,0x09E8,0x09E8,0x09E8,0xF81F,0xF81F,0xF81F,0xF81F,0xF81F,0xF81F,
    0xF81F,0xF81F,0xF81F,0xF81F,0xF81F,0xF81F,0xF81F,0xF81F,0xF81F,0xF81F,0xF81F,0xF81F,
    0xF81F,0xF81F,0xF81F,0xF81F,0xF81F,0xF81F,0xF81F,0xF81F,0xF81F,0xF81F,0xF81F,0xF81F,
    0xF81F,0xF81F,0xF81F,0xF81F,0xF81F,0xF81F,0xF81F,0xF81F,0xF81F,0xF81F,0xF81F,0xF81F,
    0xF81F,0xF81F,0xF81F,0xF81F,0xF81F,0xF81F,0xF81F,0xF81F,0xF81F,0xF81F,0xF81F,0xF81F,
    0xF81F,0xF81F,0xF81F,0xF81F,0xF81F,0xF81F,0xF81F,0xF81F,0xF81F,0xF81F,0xF81F,0xF81F,
    0xF81F,0xF81F,0xF81F,0xF81F,0xF81F,0xF81F,0xF81F,0xF81F,0xF81F,0xF81F,0xF81F,0xF81F,
    0xF81F,0xF81F,0xF81F,0xF81F,0xF81F,0xF81F,0xF81F,0xF81F,0xF81F,0xF81F,0xF81F,0xF81F,
    0xF81F,0xF81F,0xF81F,0xF81F,0xF81F,0xF81F,0xF81F,0xF81F,0xF81F,0xF81F,0xF81F,0xF81F,
    0xF81F,0xF81F,0xF81F,0xF81F,0xF81F,0xF81F,0xF81F,0xF81F,0xF81F,0xF81F,0xF81F,0xF81F,
    0xF81F,0xF81F,0xF81F,0x09E8,0x09E8,0x09E8,0x09E8,0x09E8,0x09E8,0x11E8,0x11C7,0x1987,
    0x2166,0x2946,0x2946,0x2946,0x2946,0x2946,0x2946,0x8C72,0xFFFF,0xFFFF,0x8C71,0x2946,
    0x2946,0x2946,0x2946,0x2946,0x2946,0x2166,0x1987,0x19C7,0x11E8,0x09E8,0x09E8,0x09E8,
    0x09E8,0x09E8,0x09E8,0xF81F,0xF81F,0xF81F,0xF81F,0xF81F,0xF81F,0xF81F,0xF81F,0xF81F,
    0xF81F,0xF81F,0xF81F,0xF81F,0xF81F,0xF81F,0xF81F,0xF81F,0xF81F,0xF81F,0xF81F,0xF81F,
    0xF81F,0xF81F,0xF81F,0xF81F,0xF81F,0xF81F,0xF81F,0xF81F,0xF81F,0xF81F,0xF81F,0xF81F,
    0xF81F,0xF81F,0xF81F,0xF81F,0xF81F,0xF81F,0xF81F,0xF81F,0xF81F,0xF81F,0xF81F,0xF81F,
    0xF81F,0xF81F,0xF81F,0xF81F,0xF81F,0xF81F,0xF81F,0xF81F,0xF81F,0xF81F,0xF81F,0xF81F,
    0xF81F,0xF81F,0xF81F,0xF81F,0xF81F,0xF81F,0xF81F,0xF81F,0xF81F,0xF81F,0xF81F,0xF81F,
    0xF81F,0xF81F,0xF81F,0xF81F,0xF81F,0xF81F,0xF81F,0xF81F,0xF81F,0xF81F,0xF81F,0xF81F,
    0xF81F,0xF81F,0xF81F,0xF81F,0xF81F,0xF81F,0xF81F,0xF81F,0xF81F,0xF81F,0xF81F,0xF81F,
    0xF81F,0xF81F,0xF81F,0xF81F,0xF81F,0xF81F,0xF81F,0xF81F,0xF81F,0xF81F,0xF81F,0xF81F,
    0xF81F,0xF81F,0xF81F,0xF81F,0xF81F,0xF81F,0xF81F,0x09E8,0x09E8,0x09E8,0x09E8,0x09E8,
    0x11E8,0x19A7,0x2166,0x2946,0x2946,0x2946,0x2946,0x2946,0x2946,0x2946,0x2946,0x2946,
    0x2966,0xE71C,0xFFFF,0xFFFF,0xE73C,0x2966,0x2946,0x2946,0x2946,0x2946,0x2946,0x2946,
    0x2946,0x2946,0x2946,0x2166,0x19A7,0x11E8,0x09E8,0x09E8,0x09E8,0x09E8,0x09E8,0xF81F,
    0xF81F,0xF81F,0xF81F,0xF81F,0xF81F,0xF81F,0xF81F,0xF81F,0xF81F,0xF81F,0xF81F,0xF81F,
    0xF81F,0xF81F,0xF81F,0xF81F,0xF81F,0xF81F,0xF81F,0xF81F,0xF81F,0xF81F,0xF81F,0xF81F,
    0xF81F,0xF81F,0xF81F,0xF81F,0xF81F,0xF81F,0xF81F,0xF81F,0xF81F,0xF81F,0xF81F,0xF81F,
    0xF81F,0xF81F,0xF81F,0xF81F,0xF81F,0xF81F,0xF81F,0xF81F,0xF81F,0xF81F,0xF81F,0xF81F,
    0xF81F,0xF81F,0xF81F,0xF81F,0xF81F,0xF81F,0xF81F,0xF81F,0xF81F,0xF81F,0xF81F,0xF81F,
    0xF81F,0xF81F,0xF81F,0xF81F,0xF81F,0xF81F,0xF81F,0xF81F,0xF81F,0xF81F,0xF81F,0xF81F,
    0xF81F,0xF81F,0xF81F,0xF81F,0xF81F,0xF81F,0xF81F,0xF81F,0xF81F,0xF81F,0xF81F,0xF81F,
    0xF81F,0xF81F,0xF81F,0xF81F,0xF81F,0xF81F,0xF81F,0xF81F,0xF81F,0xF81F,0xF81F,0xF81F,
    0xF81F,0xF81F,0xF81F,0xF81F,0xF81F,0xF81F,0xF81F,0xF81F,0xF81F,0xF81F,0xF81F,0x09E8,
    0x09E8,0x09E8,0x09E8,0x09E8,0x11A7,0x2186,0x2946,0x2946,0x2946,0x2946,0x2946,0x2946,
    0x2946,0x2946,0x2946,0x2946,0x2946,0x2946,0x6B4D,0xFFFF,0xFFFF,0xFFFF,0xFFFF,0x6B4D,
    0x2946,0x2946,0x2946,0x2946,0x2946,0x2946,0x2946,0x2946,0x2946,0x2946,0x2946,0x2946,
    0x2186,0x11A7,0x09E8,0x09E8,0x09E8,0x09E8,0x09E8,0xF81F,0xF81F,0xF81F,0xF81F,0xF81F,
    0xF81F,0xF81F,0xF81F,0xF81F,0xF81F,0xF81F,0xF81F,0xF81F,0xF81F,0xF81F,0xF81F,0xF81F,
    0xF81F,0xF81F,0xF81F,0xF81F,0xF81F,0xF81F,0xF81F,0xF81F,0xF81F,0xF81F,0xF81F,0xF81F,
    0xF81F,0xF81F,0xF81F,0xF81F,0xF81F,0xF81F,0xF81F,0xF81F,0xF81F,0xF81F,0xF81F,0xF81F,
    0xF81F,0xF81F,0xF81F,0xF81F,0xF81F,0xF81F,0xF81F,0xF81F,0xF81F,0xF81F,0xF81F,0xF81F,
    0xF81F,0xF81F,0xF81F,0xF81F,0xF81F,0xF81F,0xF81F,0xF81F,0xF81F,0xF81F,0xF81F,0xF81F,
    0xF81F,0xF81F,0xF81F,0xF81F,0xF81F,0xF81F,0xF81F,0xF81F,0xF81F,0xF81F,0xF81F,0xF81F,
    0xF81F,0xF81F,0xF81F,0xF81F,0xF81F,0xF81F,0xF81F,0xF81F,0xF81F,0xF81F,0xF81F,0xF81F,
    0xF81F,0xF81F,0xF81F,0xF81F,0xF81F,0xF81F,0xF81F,0xF81F,0xF81F,0xF81F,0xF81F,0xF81F,
    0xF81F,0xF81F,0xF81F,0x09E8,0x09E8,0x09E8,0x09E8,0x11E8,0x19A7,0x2166,0x2946,0x2946,
    0x2946,0x2946,0x2946,0x2946,0x2946,0x31A7,0x4A6A,0x5AEC,0x738E,0x8410,0x9492,0xA534,
    0xDEFB,0xFFFF,0xFFFF,0xFFFF,0xFFFF,0xDEFB,0xA534,0x9492,0x8410,0x738E,0x5AEC,0x4A6A,
    0x31A7,0x2946,0x2946,0x2946,0x2946,0x2946,0x2946,0x2946,0x2166,0x19A7,0x11E8,0x09E8,
    0x09E8,0x09E8,0x09E8,0xF81F,0xF81F,0xF81F,0xF81F,0xF81F,0xF81F,0xF81F,0xF81F,0xF81F,
    0xF81F,0xF81F,0xF81F,0xF81F,0xF81F,0xF81F,0xF81F,0xF81F,0xF81F,0xF81F,0xF81F,0xF81F,
    0xF81F,0xF81F,0xF81F,0xF81F,0xF81F,0xF81F,0xF81F,0xF81F,0xF81F,0xF81F,0xF81F,0xF81F,
    0xF81F,0xF81F,0xF81F,0xF81F,0xF81F,0xF81F,0xF81F,0xF81F,0xF81F,0xF81F,0xF81F,0xF81F,
    0xF81F,0xF81F,0xF81F,0xF81F,0xF81F,0xF81F,0xF81F,0xF81F,0xF81F,0xF81F,0xF81F,0xF81F,
    0xF81F,0xF81F,0xF81F,0xF81F,0xF81F,0xF81F,0xF81F,0xF81F,0xF81F,0xF81F,0xF81F,0xF81F,
    0xF81F,0xF81F,0xF81F,0xF81F,0xF81F,0xF81F,0xF81F,0xF81F,0xF81F,0xF81F,0xF81F,0xF81F,
    0xF81F,0xF81F,0xF81F,0xF81F,0xF81F,0xF81F,0xF81F,0xF81F,0xF81F,0xF81F,0xF81F,0xF81F,
    0xF81F,0xF81F,0xF81F,0xF81F,0xF81F,0xF81F,0xF81F,0xF81F,0x09E8,0x09E8,0x09E8,0x09E8,
    0x19A7,0x2166,0x2946,0x2946,0x2946,0x2946,0x2946,0x2946,0x2946,0x2946,0x2946,0x39C7,
    0xCE59,0xFFFF,0xFFFF,0xFFFF,0xFFFF,0xFFFF,0xFFFF,0xFFFF,0xFFFF,0xFFFF,0xFFFF,0xFFFF,
    0xFFFF,0xFFFF,0xFFFF,0xFFFF,0xFFFF,0xCE79,0x39E8,0x2946,0x2946,0x2946,0x2946,0x2946,
    0x2946,0x2946,0x2946,0x2946,0x2166,0x19A7,0x11E8,0x09E8,0x09E8,0x09E8,0xF81F,0xF81F,
    0xF81F,0xF81F,0xF81F,0xF81F,0xF81F,0xF81F,0xF81F,0xF81F,0xF81F,0xF81F,0xF81F,0xF81F,
    0xF81F,0xF81F,0xF81F,0xF81F,0xF81F,0xF81F,0xF81F,0xF81F,0xF81F,0xF81F,0xF81F,0xF81F,
    0xF81F,0xF81F,0xF81F,0xF81F,0xF81F,0xF81F,0xF81F,0xF81F,0xF81F,0xF81F,0xF81F,0xF81F,
    0xF81F,0xF81F,0xF81F,0xF81F,0xF81F,0xF81F,0xF81F,0xF81F,0xF81F,0xF81F,0xF81F,0xF81F,
    0xF81F,0xF81F,0xF81F,0xF81F,0xF81F,0xF81F,0xF81F,0xF81F,0xF81F,0xF81F,0xF81F,0xF81F,
    0xF81F,0xF81F,0xF81F,0xF81F,0xF81F,0xF81F,0xF81F,0xF81F,0xF81F,0xF81F,0xF81F,0xF81F,
    0xF81F,0xF81F,0xF81F,0xF81F,0xF81F,0xF81F,0xF81F,0xF81F,0xF81F,0xF81F,0xF81F,0xF81F,
    0xF81F,0xF81F,0xF81F,0xF81F,0xF81F,0xF81F,0xF81F,0xF81F,0xF81F,0xF81F,0xF81F,0xF81F,
    0x09E8,0x09E8,0x09E8,0x09E8,0x19A7,0x2166,0x2946,0x2946,0x2946,0x2946,0x2946,0x2946,
    0x2946,0x2946,0x2946,0x2946,0x2946,0x2946,0x2966,0xB596,0xFFFF,0xFFFF,0xFFFF,0xFFFF,
    0xFFFF,0xFFFF,0xFFFF,0xFFFF,0xFFFF,0xFFFF,0xFFFF,0xFFFF,0xFFFF,0xFFFF,0xB5B7,0x3186,
    0x2946,0x2946,0x2946,0x2946,0x2946,0x2946,0x2946,0x2946,0x2946,0x2946,0x2946,0x2946,
    0x2166,0x11A7,0x09E8,0x09E8,0x09E8,0x09E8,0xF81F,0xF81F,0xF81F,0xF81F,0xF81F,0xF81F,
    0xF81F,0xF81F,0xF81F,0xF81F,0xF81F,0xF81F,0xF81F,0xF81F,0xF81F,0xF81F,0xF81F,0xF81F,
    0xF81F,0xF81F,0xF81F,0xF81F,0xF81F,0xF81F,0xF81F,0xF81F,0xF81F,0xF81F,0xF81F,0xF81F,
    0xF81F,0xF81F,0xF81F,0xF81F,0xF81F,0xF81F,0xF81F,0xF81F,0xF81F,0xF81F,0xF81F,0xF81F,
    0xF81F,0xF81F,0xF81F,0xF81F,0xF81F,0xF81F,0xF81F,0xF81F,0xF81F,0xF81F,0xF81F,0xF81F,
    0xF81F,0xF81F,0xF81F,0xF81F,0xF81F,0xF81F,0xF81F,0xF81F,0xF81F,0xF81F,0xF81F,0xF81F,
    0xF81F,0xF81F,0xF81F,0xF81F,0xF81F,0xF81F,0xF81F,0xF81F,0xF81F,0xF81F,0xF81F,0xF81F,
    0xF81F,0xF81F,0xF81F,0xF81F,0xF81F,0xF81F,0xF81F,0xF81F,0xF81F,0xF81F,0xF81F,0xF81F,
    0xF81F,0xF81F,0xF81F,0xF81F,0x09E8,0x09E8,0x09E8,0x09E8,0x11C8,0x2166,0x2946,0x2946,
    0x2946,0x2946,0x2946,0x2946,0x2946,0x2946,0x2946,0x2946,0x2946,0x2946,0x2946,0x2946,
    0x2946,0x2946,0x8431,0xFFFF,0xFFFF,0xFFFF,0xFFFF,0xFFFF,0xFFFF,0xFFFF,0xFFFF,0xFFFF,
    0xFFFF,0xFFFF,0xFFFF,0x94B3,0x2946,0x2946,0x2946,0x2946,0x2946,0x2946,0x2946,0x2946,
    0x2946,0x2946,0x2946,0x2946,0x2946,0x2946,0x2946,0x2946,0x2166,0x11C7,0x09E8,0x09E8,
    0x09E8,0x09E8,0xF81F,0xF81F,0xF81F,0xF81F,0xF81F,0xF81F,0xF81F,0xF81F,0xF81F,0xF81F,
    0xF81F,0xF81F,0xF81F,0xF81F,0xF81F,0xF81F,0xF81F,0xF81F,0xF81F,0xF81F,0xF81F,0xF81F,
    0xF81F,0xF81F,0xF81F,0xF81F,0xF81F,0xF81F,0xF81F,0xF81F,0xF81F,0xF81F,0xF81F,0xF81F,
    0xF81F,0xF81F,0xF81F,0xF81F,0xF81F,0xF81F,0xF81F,0xF81F,0xF81F,0xF81F,0xF81F,0xF81F,
    0xF81F,0xF81F,0xF81F,0xF81F,0xF81F,0xF81F,0xF81F,0xF81F,0xF81F,0xF81F,0xF81F,0xF81F,
    0xF81F,0xF81F,0xF81F,0xF81F,0xF81F,0xF81F,0xF81F,0xF81F,0xF81F,0xF81F,0xF81F,0xF81F,
    0xF81F,0xF81F,0xF81F,0xF81F,0xF81F,0xF81F,0xF81F,0xF81F,0xF81F,0xF81F,0xF81F,0xF81F,
    0xF81F,0xF81F,0xF81F,0xF81F,0xF81F,0xF81F,0xF81F,0xF81F,0xF81F,0x09E8,0x09E8,0x09E8,
    0x09E8,0x1987,0x2946,0x2946,0x2946,0x2946,0x2946,0x2946,0x2946,0x2946,0x2946,0x2946,
    0x2946,0x2946,0x2946,0x2946,0x2946,0x2946,0x2946,0x2946,0x2946,0x738E,0xF7BF,0xFFFF,
    0xFFFF,0xFFFF,0xFFFF,0xFFFF,0xFFFF,0xFFFF,0xFFFF,0xFFDF,0x73AF,0x2946,0x2946,0x2946,
    0x2946,0x2946,0x2946,0x2946,0x2946,0x2946,0x2946,0x2946,0x2946,0x2946,0x2946,0x2946,
    0x2946,0x2946,0x2946,0x2946,0x1987,0x11E8,0x09E8,0x09E8,0x09E8,0xF81F,0xF81F,0xF81F,
    0xF81F,0xF81F,0xF81F,0xF81F,0xF81F,0xF81F,0xF81F,0xF81F,0xF81F,0xF81F,0xF81F,0xF81F,
    0xF81F,0xF81F,0xF81F,0xF81F,0xF81F,0xF81F,0xF81F,0xF81F,0xF81F,0xF81F,0xF81F,0xF81F,
    0xF81F,0xF81F,0xF81F,0xF81F,0xF81F,0xF81F,0xF81F,0xF81F,0xF81F,0xF81F,0xF81F,0xF81F,
    0xF81F,0xF81F,0xF81F,0xF81F,0xF81F,0xF81F,0xF81F,0xF81F,0xF81F,0xF81F,0xF81F,0xF81F,
    0xF81F,0xF81F,0xF81F,0xF81F,0xF81F,0xF81F,0xF81F,0xF81F,0xF81F,0xF81F,0xF81F,0xF81F,
    0xF81F,0xF81F,0xF81F,0xF81F,0xF81F,0xF81F,0xF81F,0xF81F,0xF81F,0xF81F,0xF81F,0xF81F,
    0xF81F,0xF81F,0xF81F,0xF81F,0xF81F,0xF81F,0xF81F,0xF81F,0xF81F,0xF81F,0xF81F,0xF81F,
    0xF81F,0xF81F,0x09E8,0x09E8,0x09E8,0x11C7,0x2166,0x2946,0x2946,0x2946,0x2946,0x2946,
    0x2946,0x2946,0x2946,0x2946,0x2946,0x2946,0x2946,0x2946,0x2946,0x2946,0x2946,0x2946,
    0x2946,0x2946,0x2946,0x2946,0x8410,0xFFFF,0xFFFF,0xFFFF,0xFFFF,0xFFFF,0xFFFF,0xFFFF,
    0xFFFF,0x8410,0x2946,0x2946,0x2946,0x2946,0x2946,0x2946,0x2946,0x2946,0x2946,0x2946,
    0x2946,0x2946,0x2946,0x2946,0x2946,0x2946,0x2946,0x2946,0x2946,0x2946,0x2946,0x2166,
    0x11C7,0x09E8,0x09E8,0x09E8,0xF81F,0xF81F,0xF81F,0xF81F,0xF81F,0xF81F,0xF81F,0xF81F,
    0xF81F,0xF81F,0xF81F,0xF81F,0xF81F,0xF81F,0xF81F,0xF81F,0xF81F,0xF81F,0xF81F,0xF81F,
    0xF81F,0xF81F,0xF81F,0xF81F,0xF81F,0xF81F,0xF81F,0xF81F,0xF81F,0xF81F,0xF81F,0xF81F,
    0xF81F,0xF81F,0xF81F,0xF81F,0xF81F,0xF81F,0xF81F,0xF81F,0xF81F,0xF81F,0xF81F,0xF81F,
    0xF81F,0xF81F,0xF81F,0xF81F,0xF81F,0xF81F,0xF81F,0xF81F,0xF81F,0xF81F,0xF81F,0xF81F,
    0xF81F,0xF81F,0xF81F,0xF81F,0xF81F,0xF81F,0xF81F,0xF81F,0xF81F,0xF81F,0xF81F,0xF81F,
    0xF81F,0xF81F,0xF81F,0xF81F,0xF81F,0xF81F,0xF81F,0xF81F,0xF81F,0xF81F,0xF81F,0xF81F,
    0xF81F,0xF81F,0xF81F,0xF81F,0xF81F,0xF81F,0x09E8,0x09E8,0x09E8,0x09E8,0x19A7,0x2946,
    0x2946,0x2946,0x2946,0x2946,0x2946,0x2946,0x2946,0x2946,0x2946,0x2946,0x2946,0x2946,
    0x2946,0x2946,0x2946,0x2946,0x2946,0x2946,0x2946,0x2946,0x2946,0x2946,0x9CF4,0xFFFF,
    0xFFFF,0xFFFF,0xFFFF,0xFFFF,0xFFFF,0xFFFF,0xFFFF,0x9CF4,0x2946,0x2946,0x2946,0x2946,
    0x2946,0x2946,0x2946,0x2946,0x2946,0x2946,0x2946,0x2946,0x2946,0x2946,0x2946,0x2946,
    0x2946,0x2946,0x2946,0x2946,0x2946,0x2946,0x2946,0x19A7,0x09E8,0x09E8,0x09E8,0x09E8,
    0xF81F,0xF81F,0xF81F,0xF81F,0xF81F,0xF81F,0xF81F,0xF81F,0xF81F,0xF81F,0xF81F,0xF81F,
    0xF81F,0xF81F,0xF81F,0xF81F,0xF81F,0xF81F,0xF81F,0xF81F,0xF81F,0xF81F,0xF81F,0xF81F,
    0xF81F,0xF81F,0xF81F,0xF81F,0xF81F,0xF81F,0xF81F,0xF81F,0xF81F,0xF81F,0xF81F,0xF81F,
    0xF81F,0xF81F,0xF81F,0xF81F,0xF81F,0xF81F,0xF81F,0xF81F,0xF81F,0xF81F,0xF81F,0xF81F,
    0xF81F,0xF81F,0xF81F,0xF81F,0xF81F,0xF81F,0xF81F,0xF81F,0xF81F,0xF81F,0xF81F,0xF81F,
    0xF81F,0xF81F,0xF81F,0xF81F,0xF81F,0xF81F,0xF81F,0xF81F,0xF81F,0xF81F,0xF81F,0xF81F,
    0xF81F,0xF81F,0xF81F,0xF81F,0xF81F,0xF81F,0xF81F,0xF81F,0xF81F,0xF81F,0xF81F,0x09E8,
    0x09E8,0x09E8,0x11C8,0x2166,0x2946,0x2946,0x2946,0x2946,0x2946,0x2946,0x2946,0x2946,
    0x2946,0x2946,0x2946,0x2946,0x2946,0x2946,0x2946,0x2946,0x2946,0x2946,0x2946,0x2946,
    0x2946,0x2946,0x2946,0x2946,0xD69A,0xFFFF,0xFFFF,0xFFFF,0xFFFF,0xFFFF,0xFFFF,0xFFFF,
    0xFFFF,0xD69A,0x2946,0x2946,0x2946,0x2946,0x2946,0x2946,0x2946,0x2946,0x2946,0x2946,
    0x2946,0x2946,0x2946,0x2946,0x2946,0x2946,0x2946,0x2946,0x2946,0x2946,0x2946,0x2946,
    0x2946,0x2946,0x2166,0x11C8,0x09E8,0x09E8,0x09E8,0xF81F,0xF81F,0xF81F,0xF81F,0xF81F,
    0xF81F,0xF81F,0xF81F,0xF81F,0xF81F,0xF81F,0xF81F,0xF81F,0xF81F,0xF81F,0xF81F,0xF81F,
    0xF81F,0xF81F,0xF81F,0xF81F,0xF81F,0xF81F,0xF81F,0xF81F,0xF81F,0xF81F,0xF81F,0xF81F,
    0xF81F,0xF81F,0xF81F,0xF81F,0xF81F,0xF81F,0xF81F,0xF81F,0xF81F,0xF81F,0xF81F,0xF81F,
    0xF81F,0xF81F,0xF81F,0xF81F,0xF81F,0xF81F,0xF81F,0xF81F,0xF81F,0xF81F,0xF81F,0xF81F,
    0xF81F,0xF81F,0xF81F,0xF81F,0xF81F,0xF81F,0xF81F,0xF81F,0xF81F,0xF81F,0xF81F,0xF81F,
    0xF81F,0xF81F,0xF81F,0xF81F,0xF81F,0xF81F,0xF81F,0xF81F,0xF81F,0xF81F,0xF81F,0xF81F,
    0xF81F,0xF81F,0xF81F,0xF81F,0x09E8,0x09E8,0x09E8,0x11C7,0x2166,0x2946,0x2946,0x2946,
    0x2946,0x2946,0x2946,0x2946,0x2946,0x2946,0x2946,0x2946,0x2946,0x2946,0x2946,0x2946,
    0x2946,0x2946,0x2946,0x2946,0x2946,0x2946,0x2946,0x2946,0x2946,0x3187,0xFFDF,0xFFFF,
    0xFFFF,0xFFFF,0xD6BA,0xD6BA,0xFFFF,0xFFFF,0xFFFF,0xFFDF,0x3187,0x2946,0x2946,0x2946,
    0x2946,0x2946,0x2946,0x2946,0x2946,0x2946,0x2946,0x2946,0x2946,0x2946,0x2946,0x2946,
    0x2946,0x2946,0x2946,0x2946,0x2946,0x2946,0x2946,0x2946,0x2946,0x2166,0x11C7,0x09E8,
    0x09E8,0x09E8,0xF81F,0xF81F,0xF81F,0xF81F,0xF81F,0xF81F,0xF81F,0xF81F,0xF81F,0xF81F,
    0xF81F,0xF81F,0xF81F,0xF81F,0xF81F,0xF81F,0xF81F,0xF81F,0xF81F,0xF81F,0xF81F,0xF81F,
    0xF81F,0xF81F,0xF81F,0xF81F,0xF81F,0xF81F,0xF81F,0xF81F,0xF81F,0xF81F,0xF81F,0xF81F,
    0xF81F,0xF81F,0xF81F,0xF81F,0xF81F,0xF81F,0xF81F,0xF81F,0xF81F,0xF81F,0xF81F,0xF81F,
    0xF81F,0xF81F,0xF81F,0xF81F,0xF81F,0xF81F,0xF81F,0xF81F,0xF81F,0xF81F,0xF81F,0xF81F,
    0xF81F,0xF81F,0xF81F,0xF81F,0xF81F,0xF81F,0xF81F,0xF81F,0xF81F,0xF81F,0xF81F,0xF81F,
    0xF81F,0xF81F,0xF81F,0xF81F,0xF81F,0xF81F,0xF81F,0xF81F,0xF81F,0x09E8,0x09E8,0x09E8,
    0x11C8,0x2166,0x2946,0x2946,0x2946,0x2946,0x2946,0x2946,0x2946,0x2946,0x2946,0x2946,
    0x2946,0x2946,0x2946,0x2946,0x2946,0x2946,0x2946,0x2946,0x2946,0x2946,0x2946,0x2946,
    0x2946,0x2946,0x2946,0x630C,0xFFFF,0xFFFF,0xF79E,0x8431,0x2966,0x2966,0x7BCF,0xEF7E,
    0xFFFF,0xFFFF,0x630C,0x2946,0x2946,0x2946,0x2946,0x2946,0x2946,0x2946,0x2946,0x2946,
    0x2946,0x2946,0x2946,0x2946,0x2946,0x2946,0x2946,0x2946,0x2946,0x2946,0x2946,0x2946,
    0x2946,0x2946,0x2946,0x2946,0x2166,0x11C8,0x09E8,0x09E8,0x09E8,0xF81F,0xF81F,0xF81F,
    0xF81F,0xF81F,0xF81F,0xF81F,0xF81F,0xF81F,0xF81F,0xF81F,0xF81F,0xF81F,0xF81F,0xF81F,
    0xF81F,0xF81F,0xF81F,0xF81F,0xF81F,0xF81F,0xF81F,0xF81F,0xF81F,0xF81F,0xF81F,0xF81F,
    0xF81F,0xF81F,0xF81F,0xF81F,0xF81F,0xF81F,0xF81F,0xF81F,0xF81F,0xF81F,0xF81F,0xF81F,
    0xF81F,0xF81F,0xF81F,0xF81F,0xF81F,0xF81F,0xF81F,0xF81F,0xF81F,0xF81F,0xF81F,0xF81F,
    0xF81F,0xF81F,0xF81F,0xF81F,0xF81F,0xF81F,0xF81F,0xF81F,0xF81F,0xF81F,0xF81F,0xF81F,
    0xF81F,0xF81F,0xF81F,0xF81F,0xF81F,0xF81F,0xF81F,0xF81F,0xF81F,0xF81F,0xF81F,0xF81F,
    0xF81F,0xF81F,0x09E8,0x09E8,0x09E8,0x09E8,0x09E8,0x09E8,0x11C8,0x19A7,0x2166,0x2946,
    0x2946,0x2946,0x2946,0x2946,0x2946,0x2946,0x2946,0x2946,0x2946,0x2946,0x2946,0x2946,
    0x2946,0x2946,0x2946,0x2946,0x2946,0x2946,0x2946,0x2946,0x2946,0x94B3,0xFFFF,0xBDD7,
    0x39E8,0x2946,0x2946,0x2946,0x2946,0x39C7,0xAD55,0xFFFF,0x94B2,0x2946,0x2946,0x2946,
    0x2946,0x2946,0x2946,0x2946,0x2946,0x2946,0x2946,0x2946,0x2946,0x2946,0x2946,0x2946,
    0x2946,0x2946,0x2946,0x2946,0x2946,0x2946,0x2946,0x2166,0x19A7,0x11C8,0x09E8,0x09E8,
    0x09E8,0x09E8,0x09E8,0x09E8,0xF81F,0xF81F,0xF81F,0xF81F,0xF81F,0xF81F,0xF81F,0xF81F,
    0xF81F,0xF81F,0xF81F,0xF81F,0xF81F,0xF81F,0xF81F,0xF81F,0xF81F,0xF81F,0xF81F,0xF81F,
    0xF81F,0xF81F,0xF81F,0xF81F,0xF81F,0xF81F,0xF81F,0xF81F,0xF81F,0xF81F,0xF81F,0xF81F,
    0xF81F,0xF81F,0xF81F,0xF81F,0xF81F,0xF81F,0xF81F,0xF81F,0xF81F,0xF81F,0xF81F,0xF81F,
    0xF81F,0xF81F,0xF81F,0xF81F,0xF81F,0xF81F,0xF81F,0xF81F,0xF81F,0xF81F,0xF81F,0xF81F,
    0xF81F,0xF81F,0xF81F,0xF81F,0xF81F,0xF81F,0xF81F,0xF81F,0xF81F,0xF81F,0xF81F,0xF81F,
    0xF81F,0xF81F,0xF81F,0xF81F,0xF81F,0xF81F,0xF81F,0xF81F,0xF81F,0xF81F,0xF81F,0x09E8,
    0x09E8,0x09E8,0x09E8,0x09E8,0x09E8,0x11E8,0x11C7,0x1987,0x2166,0x2946,0x2946,0x2946,
    0x2946,0x2946,0x2946,0x2946,0x2946,0x2946,0x2946,0x2946,0x2946,0x2946,0x2946,0x2946,
    0x2946,0x2946,0x2946,0xAD55,0x632D,0x2946,0x2946,0x2946,0x2946,0x2946,0x2946,0x2946,
    0x2946,0x5AEC,0xA514,0x2946,0x2946,0x2946,0x2946,0x2946,0x2946,0x2946,0x2946,0x2946,
    0x2946,0x2946,0x2946,0x2946,0x2946,0x2946,0x2946,0x2946,0x2946,0x2166,0x19A7,0x11C7,
    0x11E8,0x09E8,0x09E8,0x09E8,0x09E8,0x09E8,0x09E8,0xF81F,0xF81F,0xF81F,0xF81F,0xF81F,
    0xF81F,0xF81F,0xF81F,0xF81F,0xF81F,0xF81F,0xF81F,0xF81F,0xF81F,0xF81F,0xF81F,0xF81F,
    0xF81F,0xF81F,0xF81F,0xF81F,0xF81F,0xF81F,0xF81F,0xF81F,0xF81F,0xF81F,0xF81F,0xF81F,
    0xF81F,0xF81F,0xF81F,0xF81F,0xF81F,0xF81F,0xF81F,0xF81F,0xF81F,0xF81F,0xF81F,0xF81F,
    0xF81F,0xF81F,0xF81F,0xF81F,0xF81F,0xF81F,0xF81F,0xF81F,0xF81F,0xF81F,0xF81F,0xF81F,
    0xF81F,0xF81F,0xF81F,0xF81F,0xF81F,0xF81F,0xF81F,0xF81F,0xF81F,0xF81F,0xF81F,0xF81F,
    0xF81F,0xF81F,0xF81F,0xF81F,0xF81F,0xF81F,0xF81F,0xF81F,0xF81F,0xF81F,0xF81F,0xF81F,
    0xF81F,0xF81F,0xF81F,0xF81F,0xF81F,0xF81F,0xF81F,0xF81F,0x09E8,0x09E8,0x09E8,0x09E8,
    0x09E8,0x09E8,0x09E8,0x11E8,0x11C7,0x19A7,0x2186,0x2166,0x2946,0x2946,0x2946,0x2946,
    0x2946,0x2946,0x2946,0x2946,0x2946,0x2946,0x2946,0x2946,0x2946,0x2946,0x2946,0x2946,
    0x2946,0x2946,0x2946,0x2946,0x2946,0x2946,0x2946,0x2946,0x2946,0x2946,0x2946,0x2946,
    0x2946,0x2946,0x2946,0x2946,0x2946,0x2946,0x2946,0x2946,0x2946,0x2946,0x2166,0x2186,
    0x19A7,0x11C7,0x11E8,0x09E8,0x09E8,0x09E8,0x09E8,0x09E8,0x09E8,0x09E8,0xF81F,0xF81F,
    0xF81F,0xF81F,0xF81F,0xF81F,0xF81F,0xF81F,0xF81F,0xF81F,0xF81F,0xF81F,0xF81F,0xF81F,
    0xF81F,0xF81F,0xF81F,0xF81F,0xF81F,0xF81F,0xF81F,0xF81F,0xF81F,0xF81F,0xF81F,0xF81F,
    0xF81F,0xF81F,0xF81F,0xF81F,0xF81F,0xF81F,0xF81F,0xF81F,0xF81F,0xF81F,0xF81F,0xF81F,
    0xF81F,0xF81F,0xF81F,0xF81F,0xF81F,0xF81F,0xF81F,0xF81F,0xF81F,0xF81F,0xF81F,0xF81F,
    0xF81F,0xF81F,0xF81F,0xF81F,0xF81F,0xF81F,0xF81F,0xF81F,0xF81F,0xF81F,0xF81F,0xF81F,
    0xF81F,0xF81F,0xF81F,0xF81F,0xF81F,0xF81F,0xF81F,0xF81F,0xF81F,0xF81F,0xF81F,0xF81F,
    0xF81F,0xF81F,0xF81F,0xF81F,0xF81F,0xF81F,0xF81F,0xF81F,0xF81F,0xF81F,0xF81F,0xF81F,
    0xF81F,0xF81F,0xF81F,0xF81F,0xF81F,0x09E8,0x09E8,0x09E8,0x09E8,0x09E8,0x09E8,0x09E8,
    0x09E8,0x09E8,0x11E8,0x11C7,0x19A7,0x1987,0x2186,0x2166,0x2946,0x2946,0x2946,0x2946,
    0x2946,0x2946,0x2946,0x2946,0x2946,0x2946,0x2946,0x2946,0x2946,0x2946,0x2946,0x2946,
    0x2946,0x2946,0x2946,0x2946,0x2946,0x2946,0x2946,0x2946,0x2946,0x2946,0x2166,0x2186,
    0x1987,0x19A7,0x11C7,0x11E8,0x09E8,0x09E8,0x09E8,0x09E8,0x09E8,0x09E8,0x09E8,0x09E8,
    0x09E8,0xF81F,0xF81F,0xF81F,0xF81F,0xF81F,0xF81F,0xF81F,0xF81F,0xF81F,0xF81F,0xF81F,
    0xF81F,0xF81F,0xF81F,0xF81F,0xF81F,0xF81F,0xF81F,0x09E8,0x09E8,0x09E8,0x09E8,0xF81F,
    0xF81F,0xF81F,0xF81F,0xF81F,0xF81F,0xF81F,0xF81F,0xF81F,0xF81F,0xF81F,0xF81F,0xF81F,
    0xF81F,0xF81F,0xF81F,0xF81F,0xF81F,0xF81F,0xF81F,0xF81F,0xF81F,0xF81F,0xF81F,0xF81F,
    0xF81F,0xF81F,0xF81F,0xF81F,0xF81F,0xF81F,0xF81F,0xF81F,0xF81F,0xF81F,0xF81F,0xF81F,
    0xF81F,0xF81F,0xF81F,0xF81F,0xF81F,0xF81F,0xF81F,0xF81F,0xF81F,0xF81F,0xF81F,0xF81F,
    0xF81F,0xF81F,0xF81F,0xF81F,0xF81F,0xF81F,0xF81F,0xF81F,0xF81F,0xF81F,0xF81F,0xF81F,
    0xF81F,0xF81F,0xF81F,0xF81F,0xF81F,0xF81F,0xF81F,0xF81F,0xF81F,0xF81F,0xF81F,0xF81F,
    0xF81F,0xF81F,0xF81F,0x09E8,0x09E8,0x09E8,0x09E8,0x09E8,0x09E8,0x09E8,0x09E8,0x09E8,
    0x09E8,0x09E8,0x09E8,0x11C8,0x11C7,0x11A7,0x19A7,0x19A7,0x1987,0x1987,0x2186,0x2186,
    0x2186,0x2166,0x2166,0x2166,0x2166,0x2186,0x2186,0x2186,0x1987,0x1987,0x19A7,0x19A7,
    0x11A7,0x11C7,0x11C8,0x09E8,0x09E8,0x09E8,0x09E8,0x09E8,0x09E8,0x09E8,0x09E8,0x09E8,
    0x09E8,0x09E8,0x09E8,0xF81F,0xF81F,0xF81F,0xF81F,0xF81F,0xF81F,0xF81F,0xF81F,0xF81F,
    0xF81F,0xF81F,0xF81F,0xF81F,0xF81F,0xF81F,0xF81F,0xF81F,0xF81F,0x09E8,0x09E8,0x09E8,
    0x09E8,0x09E8,0x09E8,0x09E8,0x09E8,0x09E8,0x09E8,0xF81F,0xF81F,0xF81F,0xF81F,0xF81F,
    0xF81F,0xF81F,0xF81F,0xF81F,0xF81F,0xF81F,0xF81F,0xF81F,0xF81F,0xF81F,0xF81F,0xF81F,
    0xF81F,0xF81F,0xF81F,0xF81F,0xF81F,0xF81F,0xF81F,0xF81F,0xF81F,0xF81F,0xF81F,0xF81F,
    0xF81F,0xF81F,0xF81F,0xF81F,0xF81F,0xF81F,0xF81F,0xF81F,0xF81F,0xF81F,0xF81F,0xF81F,
    0xF81F,0xF81F,0xF81F,0xF81F,0xF81F,0xF81F,0xF81F,0xF81F,0xF81F,0xF81F,0xF81F,0xF81F,
    0xF81F,0xF81F,0xF81F,0xF81F,0xF81F,0xF81F,0xF81F,0xF81F,0xF81F,0xF81F,0xF81F,0xF81F,
    0xF81F,0xF81F,0xF81F,0xF81F,0xF81F,0xF81F,0xF81F,0xF81F,0xF81F,0xF81F,0x09E8,0x09E8,
    0x09E8,0x09E8,0x09E8,0x09E8,0x1208,0x09E8,0x09E8,0x09E8,0x09E8,0x09E8,0x09E8,0x09E8,
    0x09E8,0x09E8,0x09E8,0x09E8,0x09E8,0x09E8,0x09E8,0x09E8,0x09E8,0x09E8,0x09E8,0x09E8,
    0x09E8,0x09E8,0x09E8,0x09E8,0x09E8,0x09E8,0x09E8,0x09E8,0x09E8,0x09E8,0x09E8,0x09E8,
    0x09E8,0x1208,0x09E8,0x09E8,0x09E8,0x09E8,0x09E8,0x09E8,0xF81F,0xF81F,0xF81F,0xF81F,
    0xF81F,0xF81F,0xF81F,0xF81F,0xF81F,0xF81F,0xF81F,0xF81F,0xF81F,0xF81F,0xF81F,0xF81F,
    0xF81F,0xF81F,0x09E8,0x09E8,0x09E8,0x09E8,0x09E8,0x128A,0x1B0C,0x1ACB,0x1209,0x09E8,
    0x09E8,0x09E8,0x09E8,0xF81F,0xF81F,0xF81F,0xF81F,0xF81F,0xF81F,0xF81F,0xF81F,0xF81F,
    0xF81F,0xF81F,0xF81F,0xF81F,0xF81F,0xF81F,0xF81F,0xF81F,0xF81F,0xF81F,0xF81F,0xF81F,
    0xF81F,0xF81F,0xF81F,0xF81F,0xF81F,0xF81F,0xF81F,0xF81F,0xF81F,0xF81F,0xF81F,0xF81F,
    0xF81F,0xF81F,0xF81F,0xF81F,0xF81F,0xF81F,0xF81F,0xF81F,0xF81F,0xF81F,0xF81F,0xF81F,
    0xF81F,0xF81F,0xF81F,0xF81F,0xF81F,0xF81F,0xF81F,0xF81F,0xF81F,0xF81F,0xF81F,0xF81F,
    0xF81F,0xF81F,0xF81F,0xF81F,0xF81F,0xF81F,0xF81F,0xF81F,0xF81F,0xF81F,0xF81F,0xF81F,
    0xF81F,0xF81F,0x09E8,0x09E8,0x09E8,0x09E8,0x09E8,0x1249,0x2450,0x3E78,0x3ED9,0x3E78,
    0x35B5,0x2D13,0x2C71,0x23EF,0x1B6D,0x1ACB,0x126A,0x1209,0x09E8,0x09E8,0x09E8,0x09E8,
    0x09E8,0x09E8,0x09E8,0x09E8,0x09E8,0x09E8,0x09E8,0x09E8,0x09E8,0x09E8,0x1209,0x126A,
    0x1AEB,0x1B6D,0x23EF,0x2C71,0x2D13,0x35D5,0x3E78,0x3ED9,0x3E78,0x2CB1,0x126A,0x09E8,
    0x09E8,0x09E8,0x09E8,0x09E8,0xF81F,0xF81F,0xF81F,0xF81F,0xF81F,0xF81F,0xF81F,0xF81F,
    0xF81F,0xF81F,0xF81F,0xF81F,0xF81F,0xF81F,0x09E8,0x09E8,0x09E8,0x09E8,0x1AEC,0x2CF2,
    0x3E78,0x3ED9,0x3ED9,0x3ED9,0x3E98,0x2CF3,0x124A,0x09E8,0x09E8,0xF81F,0xF81F,0xF81F,
    0xF81F,0xF81F,0xF81F,0xF81F,0xF81F,0xF81F,0xF81F,0xF81F,0xF81F,0xF81F,0xF81F,0xF81F,
    0xF81F,0xF81F,0xF81F,0xF81F,0xF81F,0xF81F,0xF81F,0xF81F,0xF81F,0xF81F,0xF81F,0xF81F,
    0xF81F,0xF81F,0xF81F,0xF81F,0xF81F,0xF81F,0xF81F,0xF81F,0xF81F,0xF81F,0xF81F,0xF81F,
    0xF81F,0xF81F,0xF81F,0xF81F,0xF81F,0xF81F,0xF81F,0xF81F,0xF81F,0xF81F,0xF81F,0xF81F,
    0xF81F,0xF81F,0xF81F,0xF81F,0xF81F,0xF81F,0xF81F,0xF81F,0xF81F,0xF81F,0xF81F,0xF81F,
    0xF81F,0xF81F,0xF81F,0xF81F,0xF81F,0xF81F,0x09E8,0x09E8,0x09E8,0x09E8,0x09E8,0x126A,
    0x2CD2,0x3EB8,0x3ED9,0x3ED9,0x3ED9,0x3ED9,0x3ED9,0x3ED9,0x3ED9,0x3ED9,0x3ED9,0x3ED9,
    0x3ED9,0x3ED9,0x3EB8,0x3E57,0x3E16,0x35D5,0x35D5,0x35D5,0x3595,0x3595,0x35D5,0x35D5,
    0x35D5,0x3E16,0x3E57,0x3EB8,0x3ED9,0x3ED9,0x3ED9,0x3ED9,0x3ED9,0x3ED9,0x3ED9,0x3ED9,
    0x3ED9,0x3ED9,0x3ED9,0x3ED9,0x3E98,0x2CD2,0x126A,0x09E8,0x09E8,0x09E8,0x09E8,0x09E8,
    0xF81F,0xF81F,0xF81F,0xF81F,0xF81F,0xF81F,0xF81F,0xF81F,0xF81F,0xF81F,0xF81F,0x09E8,
    0x09E8,0x09E8,0x128A,0x3533,0x3ED9,0x3ED9,0x3ED9,0x3ED9,0x3ED9,0x3ED9,0x3ED9,0x3ED9,
    0x3E37,0x126A,0x09E8,0x09E8,0xF81F,0xF81F,0xF81F,0xF81F,0xF81F,0xF81F,0xF81F,0xF81F,
    0xF81F,0xF81F,0xF81F,0xF81F,0xF81F,0xF81F,0xF81F,0xF81F,0xF81F,0xF81F,0xF81F,0xF81F,
    0xF81F,0xF81F,0xF81F,0xF81F,0xF81F,0xF81F,0xF81F,0xF81F,0xF81F,0xF81F,0xF81F,0xF81F,
    0xF81F,0xF81F,0xF81F,0xF81F,0xF81F,0xF81F,0xF81F,0xF81F,0xF81F,0xF81F,0xF81F,0xF81F,
    0xF81F,0xF81F,0xF81F,0xF81F,0xF81F,0xF81F,0xF81F,0xF81F,0xF81F,0xF81F,0xF81F,0xF81F,
    0xF81F,0xF81F,0xF81F,0xF81F,0xF81F,0xF81F,0xF81F,0xF81F,0xF81F,0xF81F,0xF81F,0x09E8,
    0x09E8,0x09E8,0x09E8,0x1208,0x240F,0x3E98,0x3ED9,0x3ED9,0x3ED9,0x3ED9,0x3ED9,0x3ED9,
    0x3ED9,0x3ED9,0x3ED9,0x3ED9,0x3ED9,0x3ED9,0x3ED9,0x3ED9,0x3ED9,0x3ED9,0x3ED9,0x3ED9,
    0x3ED9,0x3ED9,0x3ED9,0x3ED9,0x3ED9,0x3ED9,0x3ED9,0x3ED9,0x3ED9,0x3ED9,0x3ED9,0x3ED9,
    0x3ED9,0x3ED9,0x3ED9,0x3ED9,0x3ED9,0x3ED9,0x3ED9,0x3ED9,0x3ED9,0x3ED9,0x3ED9,0x3ED9,
    0x3E98,0x2450,0x1208,0x09E8,0x09E8,0x09E8,0x09E8,0xF81F,0xF81F,0xF81F,0xF81F,0xF81F,
    0xF81F,0xF81F,0xF81F,0xF81F,0x09E8,0x09E8,0x09E8,0x1B8D,0x3E98,0x3ED9,0x3ED9,0x3ED9,
    0x3ED9,0x3ED9,0x3ED9,0x3ED9,0x3ED9,0x3ED9,0x3ED9,0x3574,0x09E8,0x09E8,0xF81F,0xF81F,
    0xF81F,0xF81F,0xF81F,0xF81F,0xF81F,0xF81F,0xF81F,0xF81F,0xF81F,0xF81F,0xF81F,0xF81F,
    0xF81F,0xF81F,0xF81F,0xF81F,0xF81F,0xF81F,0xF81F,0xF81F,0xF81F,0xF81F,0xF81F,0xF81F,
    0xF81F,0xF81F,0xF81F,0xF81F,0xF81F,0xF81F,0xF81F,0xF81F,0xF81F,0xF81F,0xF81F,0xF81F,
    0xF81F,0xF81F,0xF81F,0xF81F,0xF81F,0xF81F,0xF81F,0xF81F,0xF81F,0xF81F,0xF81F,0xF81F,
    0xF81F,0xF81F,0xF81F,0xF81F,0xF81F,0xF81F,0xF81F,0xF81F,0xF81F,0xF81F,0xF81F,0xF81F,
    0xF81F,0xF81F,0xF81F,0xF81F,0x09E8,0x09E8,0x09E8,0x09E8,0x1B4D,0x3E16,0x3ED9,0x3ED9,
    0x3ED9,0x3ED9,0x3ED9,0x3ED9,0x3ED9,0x3ED9,0x3ED9,0x3ED9,0x3ED9,0x3ED9,0x3ED9,0x3ED9,
    0x3ED9,0x3ED9,0x3ED9,0x3ED9,0x3ED9,0x3ED9,0x3ED9,0x3ED9,0x3ED9,0x3ED9,0x3ED9,0x3ED9,
    0x3ED9,0x3ED9,0x3ED9,0x3ED9,0x3ED9,0x3ED9,0x3ED9,0x3ED9,0x3ED9,0x3ED9,0x3ED9,0x3ED9,
    0x3ED9,0x3ED9,0x3ED9,0x3ED9,0x3ED9,0x3ED9,0x3ED9,0x3ED9,0x3E16,0x1B4D,0x09E8,0x09E8,
    0x09E8,0x09E8,0xF81F,0xF81F,0xF81F,0xF81F,0xF81F,0xF81F,0xF81F,0x09E8,0x09E8,0x09E8,
    0x2430,0x3EB9,0x3ED9,0x3ED9,0x3ED9,0x3ED9,0x3ED9,0x3ED9,0x3ED9,0x3ED9,0x3ED9,0x3ED9,
    0x3ED9,0x3ED9,0x12AB,0x09E8,0x09E8,0xF81F,0xF81F,0xF81F,0xF81F,0xF81F,0xF81F,0xF81F,
    0xF81F,0xF81F,0xF81F,0xF81F,0xF81F,0xF81F,0xF81F,0xF81F,0xF81F,0xF81F,0xF81F,0xF81F,
    0xF81F,0xF81F,0xF81F,0xF81F,0xF81F,0xF81F,0xF81F,0xF81F,0xF81F,0xF81F,0xF81F,0xF81F,
    0xF81F,0xF81F,0xF81F,0xF81F,0xF81F,0xF81F,0xF81F,0xF81F,0xF81F,0xF81F,0xF81F,0xF81F,
    0xF81F,0xF81F,0xF81F,0xF81F,0xF81F,0xF81F,0xF81F,0xF81F,0xF81F,0xF81F,0xF81F,0xF81F,
    0xF81F,0xF81F,0xF81F,0xF81F,0xF81F,0xF81F,0xF81F,0xF81F,0x09E8,0x09E8,0x09E8,0x09E8,
    0x1208,0x2CB1,0x3EB9,0x3ED9,0x3ED9,0x3ED9,0x3ED9,0x3ED9,0x3ED9,0x3ED9,0x3ED9,0x3ED9,
    0x3ED9,0x3ED9,0x3ED9,0x3ED9,0x3ED9,0x3ED9,0x3ED9,0x3ED9,0x3ED9,0x3ED9,0x3ED9,0x3ED9,
    0x3ED9,0x3ED9,0x3ED9,0x3ED9,0x3ED9,0x3ED9,0x3ED9,0x3ED9,0x3ED9,0x3ED9,0x3ED9,0x3ED9,
    0x3ED9,0x3ED9,0x3ED9,0x3ED9,0x3ED9,0x3ED9,0x3ED9,0x3ED9,0x3ED9,0x3ED9,0x3ED9,0x3ED9,
    0x3ED9,0x3ED9,0x3ED9,0x3EB9,0x2CD2,0x1209,0x09E8,0x09E8,0x09E8,0x09E8,0xF81F,0xF81F,
    0xF81F,0xF81F,0x09E8,0x09E8,0x09E8,0x240F,0x3ED9,0x3ED9,0x3ED9,0x3ED9,0x3ED9,0x3ED9,
    0x3ED9,0x3ED9,0x3ED9,0x3ED9,0x3ED9,0x3ED9,0x3ED9,0x3ED9,0x23EF,0x09E8,0x09E8,0xF81F,
    0xF81F,0xF81F,0xF81F,0xF81F,0xF81F,0xF81F,0xF81F,0xF81F,0xF81F,0xF81F,0xF81F,0xF81F,
    0xF81F,0xF81F,0xF81F,0xF81F,0xF81F,0xF81F,0xF81F,0xF81F,0xF81F,0xF81F,0xF81F,0xF81F,
    0xF81F,0xF81F,0xF81F,0xF81F,0xF81F,0xF81F,0xF81F,0xF81F,0xF81F,0xF81F,0xF81F,0xF81F,
    0xF81F,0xF81F,0xF81F,0xF81F,0xF81F,0xF81F,0xF81F,0xF81F,0xF81F,0xF81F,0xF81F,0xF81F,
    0xF81F,0xF81F,0xF81F,0xF81F,0xF81F,0xF81F,0xF81F,0xF81F,0xF81F,0xF81F,0xF81F,0xF81F,
    0xF81F,0x09E8,0x09E8,0x09E8,0x09E8,0x12AB,0x35D6,0x3ED9,0x3ED9,0x3ED9,0x3ED9,0x3ED9,
    0x3ED9,0x3ED9,0x3ED9,0x3ED9,0x3ED9,0x3ED9,0x3ED9,0x3ED9,0x3ED9,0x3ED9,0x3ED9,0x3ED9,
    0x3ED9,0x3ED9,0x3ED9,0x3ED9,0x3ED9,0x3ED9,0x3ED9,0x3ED9,0x3ED9,0x3ED9,0x3ED9,0x3ED9,
    0x3ED9,0x3ED9,0x3ED9,0x3ED9,0x3ED9,0x3ED9,0x3ED9,0x3ED9,0x3ED9,0x3ED9,0x3ED9,0x3ED9,
    0x3ED9,0x3ED9,0x3ED9,0x3ED9,0x3ED9,0x3ED9,0x3ED9,0x3ED9,0x3ED9,0x3ED9,0x3ED9,0x35F6,
    0x1ACB,0x09E8,0x09E8,0x09E8,0x09E8,0xF81F,0xF81F,0xF81F,0x09E8,0x09E8,0x1B4D,0x3EB9,
    0x3ED9,0x3ED9,0x3ED9,0x3ED9,0x3ED9,0x3ED9,0x3ED9,0x3ED9,0x3ED9,0x3ED9,0x3ED9,0x3ED9,
    0x3ED9,0x3ED9,0x2C71,0x09E8,0x09E8,0xF81F,0xF81F,0xF81F,0xF81F,0xF81F,0xF81F,0xF81F,
    0xF81F,0xF81F,0xF81F,0xF81F,0xF81F,0xF81F,0xF81F,0xF81F,0xF81F,0xF81F,0xF81F,0xF81F,
    0xF81F,0xF81F,0xF81F,0xF81F,0xF81F,0xF81F,0xF81F,0xF81F,0xF81F,0xF81F,0xF81F,0xF81F,
    0xF81F,0xF81F,0xF81F,0xF81F,0xF81F,0xF81F,0xF81F,0xF81F,0xF81F,0xF81F,0xF81F,0xF81F,
    0xF81F,0xF81F,0xF81F,0xF81F,0xF81F,0xF81F,0xF81F,0xF81F,0xF81F,0xF81F,0xF81F,0xF81F,
    0xF81F,0xF81F,0xF81F,0xF81F,0xF81F,0xF81F,0x09E8,0x09E8,0x09E8,0x09E8,0x1B6D,0x3E98,
    0x3ED9,0x3ED9,0x3ED9,0x3ED9,0x3ED9,0x3ED9,0x3ED9,0x3ED9,0x3ED9,0x3ED9,0x3ED9,0x3ED9,
    0x3ED9,0x3ED9,0x3ED9,0x3ED9,0x3ED9,0x3ED9,0x3ED9,0x3ED9,0x3ED9,0x3ED9,0x3ED9,0x3ED9,
    0x3ED9,0x3ED9,0x3ED9,0x3ED9,0x3ED9,0x3ED9,0x3ED9,0x3ED9,0x3ED9,0x3ED9,0x3ED9,0x3ED9,
    0x3ED9,0x3ED9,0x3ED9,0x3ED9,0x3ED9,0x3ED9,0x3ED9,0x3ED9,0x3ED9,0x3ED9,0x3ED9,0x3ED9,
    0x3ED9,0x3ED9,0x3ED9,0x3ED9,0x3ED9,0x3ED9,0x3E98,0x1B6D,0x09E8,0x09E8,0x09E8,0x09E8,
    0xF81F,0x09E8,0x09E8,0x126A,0x3E57,0x3ED9,0x3ED9,0x3ED9,0x3ED9,0x3ED9,0x3ED9,0x3ED9,
    0x3ED9,0x3ED9,0x3ED9,0x3ED9,0x3ED9,0x3ED9,0x3ED9,0x3ED9,0x2C71,0x09E8,0x09E8,0xF81F,
    0xF81F,0xF81F,0xF81F,0xF81F,0xF81F,0xF81F,0xF81F,0xF81F,0xF81F,0xF81F,0xF81F,0xF81F,
    0xF81F,0xF81F,0xF81F,0xF81F,0xF81F,0xF81F,0xF81F,0xF81F,0xF81F,0xF81F,0xF81F,0xF81F,
    0xF81F,0xF81F,0xF81F,0xF81F,0xF81F,0xF81F,0xF81F,0xF81F,0xF81F,0xF81F,0xF81F,0xF81F,
    0xF81F,0xF81F,0xF81F,0xF81F,0xF81F,0xF81F,0xF81F,0xF81F,0xF81F,0xF81F,0xF81F,0xF81F,
    0xF81F,0xF81F,0xF81F,0xF81F,0xF81F,0xF81F,0xF81F,0xF81F,0xF81F,0xF81F,0xF81F,0x09E8,
    0x09E8,0x09E8,0x09E8,0x240F,0x3EB9,0x3ED9,0x3ED9,0x3ED9,0x3ED9,0x3ED9,0x3ED9,0x3ED9,
    0x3ED9,0x3ED9,0x3ED9,0x3ED9,0x3ED9,0x3ED9,0x3ED9,0x3ED9,0x3ED9,0x3ED9,0x3ED9,0x3ED9,
    0x3ED9,0x3ED9,0x3ED9,0x3ED9,0x3ED9,0x3ED9,0x3ED9,0x3ED9,0x3ED9,0x3ED9,0x3ED9,0x3ED9,
    0x3ED9,0x3ED9,0x3ED9,0x3ED9,0x3ED9,0x3ED9,0x3ED9,0x3ED9,0x3ED9,0x3ED9,0x3ED9,0x3ED9,
    0x3ED9,0x3ED9,0x3ED9,0x3ED9,0x3ED9,0x3ED9,0x3ED9,0x3ED9,0x3ED9,0x3ED9,0x3ED9,0x3ED9,
    0x3ED9,0x3EB9,0x2450,0x09E8,0x09E8,0x09E8,0x09E8,0x09E8,0x09E8,0x2D13,0x3ED9,0x3ED9,
    0x3ED9,0x3ED9,0x3ED9,0x3ED9,0x3ED9,0x3ED9,0x3ED9,0x3ED9,0x3ED9,0x3ED9,0x3ED9,0x3ED9,
    0x3ED9,0x3ED9,0x240F,0x09E8,0x09E8,0xF81F,0xF81F,0xF81F,0xF81F,0xF81F,0xF81F,0xF81F,
    0xF81F,0xF81F,0xF81F,0xF81F,0xF81F,0xF81F,0xF81F,0xF81F,0xF81F,0xF81F,0xF81F,0xF81F,
    0xF81F,0xF81F,0xF81F,0xF81F,0xF81F,0xF81F,0xF81F,0xF81F,0xF81F,0xF81F,0xF81F,0xF81F,
    0xF81F,0xF81F,0xF81F,0xF81F,0xF81F,0xF81F,0xF81F,0xF81F,0xF81F,0xF81F,0xF81F,0xF81F,
    0xF81F,0xF81F,0xF81F,0xF81F,0xF81F,0xF81F,0xF81F,0xF81F,0xF81F,0xF81F,0xF81F,0xF81F,
    0xF81F,0xF81F,0xF81F,0xF81F,0x09E8,0x09E8,0x09E8,0x09E8,0x2CB1,0x3ED9,0x3ED9,0x3ED9,
    0x3ED9,0x3ED9,0x3ED9,0x3ED9,0x3ED9,0x3ED9,0x3ED9,0x3ED9,0x3ED9,0x3ED9,0x3ED9,0x3ED9,
    0x3ED9,0x3ED9,0x3ED9,0x3ED9,0x3ED9,0x3ED9,0x3ED9,0x3ED9,0x3ED9,0x3ED9,0x3ED9,0x3ED9,
    0x3ED9,0x3ED9,0x3ED9,0x3ED9,0x3ED9,0x3ED9,0x3ED9,0x3ED9,0x3ED9,0x3ED9,0x3ED9,0x3ED9,
    0x3ED9,0x3ED9,0x3ED9,0x3ED9,0x3ED9,0x3ED9,0x3ED9,0x3ED9,0x3ED9,0x3ED9,0x3ED9,0x3ED9,
    0x3ED9,0x3ED9,0x3ED9,0x3ED9,0x3ED9,0x3ED9,0x3ED9,0x3ED9,0x3ED9,0x2CB1,0x09E8,0x09E8,
    0x09E8,0x09E8,0x12CB,0x3EB9,0x3ED9,0x3ED9,0x3ED9,0x3ED9,0x3ED9,0x3ED9,0x3ED9,0x3ED9,
    0x3ED9,0x3ED9,0x3ED9,0x3ED9,0x3ED9,0x3ED9,0x3ED9,0x3ED9,0x1B0C,0x09E8,0x09E8,0xF81F,
    0xF81F,0xF81F,0xF81F,0xF81F,0xF81F,0xF81F,0xF81F,0xF81F,0xF81F,0xF81F,0xF81F,0xF81F,
    0xF81F,0xF81F,0xF81F,0xF81F,0xF81F,0xF81F,0xF81F,0xF81F,0xF81F,0xF81F,0xF81F,0xF81F,
    0xF81F,0xF81F,0xF81F,0xF81F,0xF81F,0xF81F,0xF81F,0xF81F,0xF81F,0xF81F,0xF81F,0xF81F,
    0xF81F,0xF81F,0xF81F,0xF81F,0xF81F,0xF81F,0xF81F,0xF81F,0xF81F,0xF81F,0xF81F,0xF81F,
    0xF81F,0xF81F,0xF81F,0xF81F,0xF81F,0xF81F,0xF81F,0xF81F,0xF81F,0x09E8,0x09E8,0x09E8,
    0x09E8,0x2CB1,0x3ED9,0x3ED9,0x3ED9,0x3ED9,0x3ED9,0x3ED9,0x3ED9,0x3ED9,0x3ED9,0x3ED9,
    0x3ED9,0x3ED9,0x3ED9,0x3ED9,0x3ED9,0x3ED9,0x3ED9,0x3ED9,0x3ED9,0x3ED9,0x3ED9,0x3ED9,
    0x3ED9,0x3ED9,0x3ED9,0x3ED9,0x3ED9,0x3ED9,0x3ED9,0x3ED9,0x3ED9,0x3ED9,0x3ED9,0x3ED9,
    0x3ED9,0x3ED9,0x3ED9,0x3ED9,0x3ED9,0x3ED9,0x3ED9,0x3ED9,0x3ED9,0x3ED9,0x3ED9,0x3ED9,
    0x3ED9,0x3ED9,0x3ED9,0x3ED9,0x3ED9,0x3ED9,0x3ED9,0x3ED9,0x3ED9,0x3ED9,0x3ED9,0x3ED9,
    0x3ED9,0x3ED9,0x3ED9,0x3ED9,0x2CB1,0x09E8,0x09E8,0x09E8,0x1AEB,0x3EB9,0x3ED9,0x3ED9,
    0x3ED9,0x3ED9,0x3ED9,0x3ED9,0x3ED9,0x3ED9,0x3ED9,0x3ED9,0x3ED9,0x3ED9,0x3ED9,0x3ED9,
    0x3ED9,0x3E78,0x1208,0x09E8,0x09E8,0xF81F,0xF81F,0xF81F,0xF81F,0xF81F,0xF81F,0xF81F,
    0xF81F,0xF81F,0xF81F,0xF81F,0xF81F,0xF81F,0xF81F,0xF81F,0xF81F,0xF81F,0xF81F,0xF81F,
    0xF81F,0xF81F,0xF81F,0xF81F,0xF81F,0xF81F,0xF81F,0xF81F,0xF81F,0xF81F,0xF81F,0xF81F,
    0xF81F,0xF81F,0xF81F,0xF81F,0xF81F,0xF81F,0xF81F,0xF81F,0xF81F,0xF81F,0xF81F,0xF81F,
    0xF81F,0xF81F,0xF81F,0xF81F,0xF81F,0xF81F,0xF81F,0xF81F,0xF81F,0xF81F,0xF81F,0xF81F,
    0xF81F,0xF81F,0x09E8,0x09E8,0x09E8,0x09E8,0x2C71,0x3ED9,0x3ED9,0x3ED9,0x3ED9,0x3ED9,
    0x3ED9,0x3ED9,0x3ED9,0x3ED9,0x3ED9,0x3ED9,0x3ED9,0x3ED9,0x3ED9,0x3ED9,0x3ED9,0x3ED9,
    0x3ED9,0x3ED9,0x3ED9,0x3ED9,0x3ED9,0x3ED9,0x3ED9,0x3ED9,0x3ED9,0x3ED9,0x3ED9,0x3ED9,
    0x3ED9,0x3ED9,0x3ED9,0x3ED9,0x3ED9,0x3ED9,0x3ED9,0x3ED9,0x3ED9,0x3ED9,0x3ED9,0x3ED9,
    0x3ED9,0x3ED9,0x3ED9,0x3ED9,0x3ED9,0x3ED9,0x3ED9,0x3ED9,0x3ED9,0x3ED9,0x3ED9,0x3ED9,
    0x3ED9,0x3ED9,0x3ED9,0x3ED9,0x3ED9,0x3ED9,0x3ED9,0x3ED9,0x3ED9,0x3ED9,0x3ED9,0x2470,
    0x09E8,0x09E8,0x09E8,0x2450,0x3ED9,0x3ED9,0x3ED9,0x3ED9,0x3ED9,0x3ED9,0x3ED9,0x3ED9,
    0x3ED9,0x3ED9,0x3ED9,0x3ED9,0x3ED9,0x3ED9,0x3ED9,0x2CF2,0x09E8,0x09E8,0xF81F,0xF81F,
    0xF81F,0xF81F,0xF81F,0xF81F,0xF81F,0xF81F,0xF81F,0xF81F,0xF81F,0xF81F,0xF81F,0xF81F,
    0xF81F,0xF81F,0xF81F,0xF81F,0xF81F,0xF81F,0xF81F,0xF81F,0xF81F,0xF81F,0xF81F,0xF81F,
    0xF81F,0xF81F,0xF81F,0xF81F,0xF81F,0xF81F,0xF81F,0xF81F,0xF81F,0xF81F,0xF81F,0xF81F,
    0xF81F,0xF81F,0xF81F,0xF81F,0xF81F,0xF81F,0xF81F,0xF81F,0xF81F,0xF81F,0xF81F,0xF81F,
    0xF81F,0xF81F,0xF81F,0xF81F,0xF81F,0xF81F,0xF81F,0xF81F,0x09E8,0x09E8,0x09E8,0x2430,
    0x3ED9,0x3ED9,0x3ED9,0x3ED9,0x3ED9,0x3ED9,0x3ED9,0x3ED9,0x3ED9,0x3ED9,0x3ED9,0x3ED9,
    0x3ED9,0x3ED9,0x3ED9,0x3ED9,0x3ED9,0x3ED9,0x3ED9,0x3ED9,0x3ED9,0x3ED9,0x3ED9,0x3ED9,
    0x3ED9,0x3ED9,0x3ED9,0x3ED9,0x3ED9,0x3ED9,0x3ED9,0x3ED9,0x3ED9,0x3ED9,0x3ED9,0x3ED9,
    0x3ED9,0x3ED9,0x3ED9,0x3ED9,0x3ED9,0x3ED9,0x3ED9,0x3ED9,0x3ED9,0x3ED9,0x3ED9,0x3ED9,
    0x3ED9,0x3ED9,0x3ED9,0x3ED9,0x3ED9,0x3ED9,0x3ED9,0x3ED9,0x3ED9,0x3ED9,0x3ED9,0x3ED9,
    0x3ED9,0x3ED9,0x3ED9,0x3ED9,0x3ED9,0x3ED9,0x2410,0x09E8,0x09E8,0x09E8,0x3554,0x3ED9,
    0x3ED9,0x3ED9,0x3ED9,0x3ED9,0x3ED9,0x3ED9,0x3ED9,0x3ED9,0x3ED9,0x3ED9,0x3ED9,0x3ED9,
    0x3EB9,0x12AB,0x09E8,0x09E8,0xF81F,0xF81F,0xF81F,0xF81F,0xF81F,0xF81F,0xF81F,0xF81F,
    0xF81F,0xF81F,0xF81F,0xF81F,0xF81F,0xF81F,0xF81F,0xF81F,0xF81F,0xF81F,0xF81F,0xF81F,
    0xF81F,0xF81F,0xF81F,0xF81F,0xF81F,0xF81F,0xF81F,0xF81F,0xF81F,0xF81F,0xF81F,0xF81F,
    0xF81F,0xF81F,0xF81F,0xF81F,0xF81F,0xF81F,0xF81F,0xF81F,0xF81F,0xF81F,0xF81F,0xF81F,
    0xF81F,0xF81F,0xF81F,0xF81F,0xF81F,0xF81F,0xF81F,0xF81F,0xF81F,0xF81F,0xF81F,0xF81F,
    0xF81F,0x09E8,0x09E8,0x09E8,0x1B2C,0x3EB9,0x3ED9,0x3ED9,0x3ED9,0x3ED9,0x3ED9,0x3ED9,
    0x3ED9,0x3ED9,0x3ED9,0x3ED9,0x3ED9,0x4ED9,0x66FA,0x771A,0x7F3B,0x873B,0x8F3B,0x8F3B,
    0x873B,0x7F3B,0x771A,0x66FA,0x4ED9,0x3ED9,0x3ED9,0x3ED9,0x3ED9,0x3ED9,0x3ED9,0x3ED9,
    0x3ED9,0x3ED9,0x3ED9,0x3ED9,0x3ED9,0x3ED9,0x3ED9,0x3ED9,0x3ED9,0x3ED9,0x3ED9,0x3ED9,
    0x3ED9,0x3ED9,0x3ED9,0x3ED9,0x3ED9,0x3ED9,0x3ED9,0x3ED9,0x3ED9,0x3ED9,0x3ED9,0x3ED9,
    0x3ED9,0x3ED9,0x3ED9,0x3ED9,0x3ED9,0x3ED9,0x3ED9,0x3ED9,0x3ED9,0x3ED9,0x3ED9,0x3ED9,
    0x3EB9,0x1B4D,0x09E8,0x09E8,0x1229,0x3E16,0x3ED9,0x3ED9,0x3ED9,0x3ED9,0x3ED9,0x3ED9,
    0x3ED9,0x3ED9,0x3ED9,0x3ED9,0x3ED9,0x3ED9,0x2CF3,0x09E8,0x09E8,0xF81F,0xF81F,0xF81F,
    0xF81F,0xF81F,0xF81F,0xF81F,0xF81F,0xF81F,0xF81F,0xF81F,0xF81F,0xF81F,0xF81F,0xF81F,
    0xF81F,0xF81F,0xF81F,0xF81F,0xF81F,0xF81F,0xF81F,0xF81F,0xF81F,0xF81F,0xF81F,0xF81F,
    0xF81F,0xF81F,0xF81F,0xF81F,0xF81F,0xF81F,0xF81F,0xF81F,0xF81F,0xF81F,0xF81F,0xF81F,
    0xF81F,0xF81F,0xF81F,0xF81F,0xF81F,0xF81F,0xF81F,0xF81F,0xF81F,0xF81F,0xF81F,0xF81F,
    0xF81F,0xF81F,0xF81F,0xF81F,0xF81F,0xF81F,0x09E8,0x09E8,0x09E8,0x128A,0x3E78,0x3ED9,
    0x3ED9,0x3ED9,0x3ED9,0x3ED9,0x3ED9,0x3ED9,0x3ED9,0x3ED9,0x46D9,0x5EFA,0x7F3B,0x8F5B,
    0x8F5B,0x8F5B,0x8F5B,0x8F5B,0x8F5B,0x8F5B,0x8F5B,0x8F5B,0x8F5B,0x8F5B,0x8F5B,0x7F3B,
    0x5EFA,0x46D9,0x3ED9,0x3ED9,0x3ED9,0x3ED9,0x3ED9,0x3ED9,0x3ED9,0x3ED9,0x3ED9,0x3ED9,
    0x3ED9,0x3ED9,0x3ED9,0x3ED9,0x3ED9,0x3ED9,0x3ED9,0x3ED9,0x3ED9,0x3ED9,0x3ED9,0x3ED9,
    0x3ED9,0x3ED9,0x3ED9,0x3ED9,0x3ED9,0x3ED9,0x3ED9,0x3ED9,0x3ED9,0x3ED9,0x3ED9,0x3ED9,
    0x3ED9,0x3ED9,0x3ED9,0x3ED9,0x3ED9,0x3ED9,0x3ED9,0x3E77,0x128A,0x09E8,0x09E8,0x1AEC,
    0x3EB9,0x3ED9,0x3ED9,0x3ED9,0x3ED9,0x3ED9,0x3ED9,0x3ED9,0x3ED9,0x3ED9,0x3ED9,0x3E57,
    0x124A,0x09E8,0x09E8,0xF81F,0xF81F,0xF81F,0xF81F,0xF81F,0xF81F,0xF81F,0xF81F,0xF81F,
    0xF81F,0xF81F,0xF81F,0xF81F,0xF81F,0xF81F,0xF81F,0xF81F,0xF81F,0xF81F,0xF81F,0xF81F,
    0xF81F,0xF81F,0xF81F,0xF81F,0xF81F,0xF81F,0xF81F,0xF81F,0xF81F,0xF81F,0xF81F,0xF81F,
    0xF81F,0xF81F,0xF81F,0xF81F,0xF81F,0xF81F,0xF81F,0xF81F,0xF81F,0xF81F,0xF81F,0xF81F,
    0xF81F,0xF81F,0xF81F,0xF81F,0xF81F,0xF81F,0xF81F,0xF81F,0xF81F,0xF81F,0xF81F,0xF81F,
    0x09E8,0x09E8,0x1208,0x35D5,0x3ED9,0x3ED9,0x3ED9,0x3ED9,0x3ED9,0x3ED9,0x3ED9,0x3ED9,
    0x3ED9,0x56FA,0x873B,0x8F5B,0x8F5B,0x8F5B,0x8F5B,0x8F5B,0x8F5B,0x8F5B,0x8F5B,0x8F5B,
    0x8F5B,0x8F5B,0x8F5B,0x8F5B,0x8F5B,0x8F5B,0x8F5B,0x873B,0x56FA,0x3ED9,0x3ED9,0x3ED9,
    0x3ED9,0x3ED9,0x3ED9,0x3ED9,0x3ED9,0x3ED9,0x3ED9,0x3ED9,0x3ED9,0x3ED9,0x3ED9,0x3ED9,
    0x3ED9,0x3ED9,0x3ED9,0x3ED9,0x3ED9,0x3ED9,0x3ED9,0x3ED9,0x3ED9,0x3ED9,0x3ED9,0x3ED9,
    0x3ED9,0x3ED9,0x3ED9,0x3ED9,0x3ED9,0x3ED9,0x3ED9,0x3ED9,0x3ED9,0x3ED9,0x3ED9,0x3ED9,
    0x3ED9,0x3ED9,0x35D5,0x1208,0x09E8,0x09E8,0x2CB1,0x3ED9,0x3ED9,0x3ED9,0x3ED9,0x3ED9,
    0x3ED9,0x3ED9,0x3ED9,0x3ED9,0x3EB9,0x1B4D,0x09E8,0x09E8,0xF81F,0xF81F,0xF81F,0xF81F,
    0xF81F,0xF81F,0xF81F,0xF81F,0xF81F,0xF81F,0xF81F,0xF81F,0xF81F,0xF81F,0xF81F,0xF81F,
    0xF81F,0xF81F,0xF81F,0xF81F,0xF81F,0xF81F,0xF81F,0xF81F,0xF81F,0xF81F,0xF81F,0xF81F,
    0xF81F,0xF81F,0xF81F,0xF81F,0xF81F,0xF81F,0xF81F,0xF81F,0xF81F,0xF81F,0xF81F,0xF81F,
    0xF81F,0xF81F,0xF81F,0xF81F,0xF81F,0xF81F,0xF81F,0xF81F,0xF81F,0xF81F,0xF81F,0xF81F,
    0xF81F,0xF81F,0xF81F,0xF81F,0xF81F,0x09E8,0x09E8,0x09E8,0x2C71,0x3ED9,0x3ED9,0x3ED9,
    0x3ED9,0x3ED9,0x3ED9,0x3ED9,0x3ED9,0x3ED9,0x671A,0x8F5B,0x8F5B,0x8F5B,0x8F5B,0x8F5B,
    0x8F5B,0x8F5B,0x8F5B,0x8F5B,0x8F5B,0x8F5B,0x8F5B,0x8F5B,0x8F5B,0x8F5B,0x8F5B,0x8F5B,
    0x8F5B,0x8F5B,0x8F5B,0x6F1A,0x46D9,0x3ED9,0x3ED9,0x3ED9,0x3ED9,0x3ED9,0x3ED9,0x3ED9,
    0x3ED9,0x3ED9,0x3ED9,0x3ED9,0x3ED9,0x3ED9,0x3ED9,0x3ED9,0x3ED9,0x3ED9,0x3ED9,0x3ED9,
    0x3ED9,0x3ED9,0x3ED9,0x3ED9,0x3ED9,0x3ED9,0x3ED9,0x3ED9,0x3ED9,0x3ED9,0x3ED9,0x3ED9,
    0x3ED9,0x3ED9,0x3ED9,0x3ED9,0x3ED9,0x3ED9,0x3ED9,0x3ED9,0x3ED9,0x2470,0x09E8,0x09E8,
    0x1209,0x3E37,0x3ED9,0x3ED9,0x3ED9,0x3ED9,0x3ED9,0x3ED9,0x3ED9,0x3ED9,0x240F,0x09E8,
    0x09E8,0x09E8,0xF81F,0xF81F,0xF81F,0xF81F,0xF81F,0xF81F,0xF81F,0xF81F,0xF81F,0xF81F,
    0xF81F,0xF81F,0xF81F,0xF81F,0xF81F,0xF81F,0xF81F,0xF81F,0xF81F,0xF81F,0xF81F,0xF81F,
    0xF81F,0xF81F,0xF81F,0xF81F,0xF81F,0xF81F,0xF81F,0xF81F,0xF81F,0xF81F,0xF81F,0xF81F,
    0xF81F,0xF81F,0xF81F,0xF81F,0xF81F,0xF81F,0xF81F,0xF81F,0xF81F,0xF81F,0xF81F,0xF81F,
    0xF81F,0xF81F,0xF81F,0xF81F,0xF81F,0xF81F,0xF81F,0xF81F,0xF81F,0xF81F,0x09E8,0x09E8,
    0x09E8,0x12CB,0x3EB8,0x3ED9,0x3ED9,0x3ED9,0x3ED9,0x3ED9,0x3ED9,0x3ED9,0x3ED9,0x771A,
    0x8F5B,0x8F5B,0x8F5B,0x8F5B,0x8F5B,0x8F5B,0x8F5B,0x8F5B,0x8F5B,0x8F5B,0x8F5B,0x8F5B,
    0x8F5B,0x8F5B,0x8F5B,0x8F5B,0x8F5B,0x8F5B,0x8F5B,0x8F5B,0x8F5B,0x8F5B,0x771A,0x3ED9,
    0x3ED9,0x3ED9,0x3ED9,0x3ED9,0x3ED9,0x3ED9,0x3ED9,0x3ED9,0x3ED9,0x3ED9,0x3ED9,0x3ED9,
    0x3ED9,0x3ED9,0x3ED9,0x3ED9,0x3ED9,0x3ED9,0x3ED9,0x3ED9,0x3ED9,0x3ED9,0x3ED9,0x3ED9,
    0x3ED9,0x3ED9,0x3ED9,0x3ED9,0x3ED9,0x3ED9,0x3ED9,0x3ED9,0x3ED9,0x3ED9,0x3ED9,0x3ED9,
    0x3ED9,0x3ED9,0x3ED9,0x3EB8,0x12AB,0x09E8,0x09E8,0x1B6D,0x3ED9,0x3ED9,0x3ED9,0x3ED9,
    0x3ED9,0x3ED9,0x3EB9,0x2430,0x09E8,0x09E8,0x09E8,0xF81F,0xF81F,0xF81F,0xF81F,0xF81F,
    0xF81F,0xF81F,0xF81F,0xF81F,0xF81F,0xF81F,0xF81F,0xF81F,0xF81F,0xF81F,0xF81F,0xF81F,
    0xF81F,0xF81F,0xF81F,0xF81F,0xF81F,0xF81F,0xF81F,0xF81F,0xF81F,0xF81F,0xF81F,0xF81F,
    0xF81F,0xF81F,0xF81F,0xF81F,0xF81F,0xF81F,0xF81F,0xF81F,0xF81F,0xF81F,0xF81F,0xF81F,
    0xF81F,0xF81F,0xF81F,0xF81F,0xF81F,0xF81F,0xF81F,0xF81F,0xF81F,0xF81F,0xF81F,0xF81F,
    0xF81F,0xF81F,0xF81F,0xF81F,0x09E8,0x09E8,0x09E8,0x35B5,0x3ED9,0x3ED9,0x3ED9,0x3ED9,
    0x3ED9,0x3ED9,0x3ED9,0x3ED9,0x66FA,0x8F5B,0x8F5B,0x8F5B,0x8F5B,0x8F5B,0x8F5B,0x8F5B,
    0x8F5B,0x8F5B,0x8F5B,0x8F5B,0x8F5B,0x8F5B,0x8F5B,0x8F5B,0x8F5B,0x8F5B,0x8F5B,0x8F5B,
    0x8F5B,0x8F5B,0x8F5B,0x8F5B,0x8F5B,0x66FA,0x3ED9,0x3ED9,0x3ED9,0x3ED9,0x3ED9,0x3ED9,
    0x3ED9,0x3ED9,0x3ED9,0x3ED9,0x3ED9,0x3ED9,0x3ED9,0x3ED9,0x3ED9,0x3ED9,0x3ED9,0x3ED9,
    0x3ED9,0x3ED9,0x3ED9,0x3ED9,0x3ED9,0x3ED9,0x3ED9,0x3ED9,0x3ED9,0x3ED9,0x3ED9,0x3ED9,
    0x3ED9,0x3ED9,0x3ED9,0x3ED9,0x3ED9,0x3ED9,0x3ED9,0x3ED9,0x3ED9,0x3ED9,0x35B5,0x09E8,
    0x09E8,0x09E8,0x3595,0x3ED9,0x3ED9,0x3ED9,0x3ED9,0x3E78,0x1B6D,0x09E8,0x09E8,0x09E8,
    0xF81F,0xF81F,0xF81F,0xF81F,0xF81F,0xF81F,0xF81F,0xF81F,0xF81F,0xF81F,0xF81F,0xF81F,
    0xF81F,0xF81F,0xF81F,0xF81F,0xF81F,0xF81F,0xF81F,0xF81F,0xF81F,0xF81F,0xF81F,0xF81F,
    0xF81F,0xF81F,0xF81F,0xF81F,0xF81F,0xF81F,0xF81F,0xF81F,0xF81F,0xF81F,0xF81F,0xF81F,
    0xF81F,0xF81F,0xF81F,0xF81F,0xF81F,0xF81F,0xF81F,0xF81F,0xF81F,0xF81F,0xF81F,0xF81F,
    0xF81F,0xF81F,0xF81F,0xF81F,0xF81F,0xF81F,0xF81F,0xF81F,0xF81F,0x09E8,0x09E8,0x09E8,
    0x23CF,0x3ED9,0x3ED9,0x3ED9,0x3ED9,0x3ED9,0x3ED9,0x3ED9,0x3ED9,0x46D9,0x8F3B,0x8F5B,
    0x8F5B,0x8F5B,0x8F5B,0x8F5B,0x8F5B,0x8F5B,0x8F5B,0x8F5B,0x8F5B,0x8F5B,0x8F5B,0x8F5B,
    0x8F5B,0x8F5B,0x8F5B,0x8F5B,0x8F5B,0x8F5B,0x8F5B,0x8F5B,0x8F5B,0x8F5B,0x8F5B,0x8F3B,
    0x46D9,0x3ED9,0x3ED9,0x3ED9,0x3ED9,0x3ED9,0x3ED9,0x3ED9,0x3ED9,0x3ED9,0x3ED9,0x3ED9,
    0x3ED9,0x3ED9,0x3ED9,0x3ED9,0x3ED9,0x3ED9,0x3ED9,0x3ED9,0x3ED9,0x3ED9,0x3ED9,0x3ED9,
    0x3ED9,0x3ED9,0x3ED9,0x3ED9,0x3ED9,0x3ED9,0x3ED9,0x3ED9,0x3ED9,0x3ED9,0x3ED9,0x3ED9,
    0x3ED9,0x3ED9,0x3ED9,0x3ED9,0x3ED9,0x23CE,0x09E8,0x09E8,0x1B2C,0x3ED9,0x3ED9,0x3ED9,
    0x2D33,0x128A,0x09E8,0x09E8,0x09E8,0xF81F,0xF81F,0xF81F,0xF81F,0xF81F,0xF81F,0xF81F,
    0xF81F,0xF81F,0xF81F,0xF81F,0xF81F,0xF81F,0xF81F,0xF81F,0xF81F,0xF81F,0xF81F,0xF81F,
    0xF81F,0xF81F,0xF81F,0xF81F,0xF81F,0xF81F,0xF81F,0xF81F,0xF81F,0xF81F,0xF81F,0xF81F,
    0xF81F,0xF81F,0xF81F,0xF81F,0xF81F,0xF81F,0xF81F,0xF81F,0xF81F,0xF81F,0xF81F,0xF81F,
    0xF81F,0xF81F,0xF81F,0xF81F,0xF81F,0xF81F,0xF81F,0xF81F,0xF81F,0xF81F,0xF81F,0xF81F,
    0xF81F,0xF81F,0xF81F,0x09E8,0x09E8,0x1208,0x3E37,0x3ED9,0x3ED9,0x3ED9,0x3ED9,0x3ED9,
    0x3ED9,0x3ED9,0x3ED9,0x671A,0x8F5B,0x8F5B,0x8F5B,0x8F5B,0x8F5B,0x8F5B,0x8F5B,0x8F5B,
    0x8F5B,0x8F5B,0x8F5B,0x8F5B,0x8F5B,0x8F5B,0x8F5B,0x8F5B,0x8F5B,0x8F5B,0x8F5B,0x8F5B,
    0x8F5B,0x8F5B,0x8F5B,0x8F5B,0x8F5B,0x8F5B,0x671A,0x3ED9,0x3ED9,0x3ED9,0x3ED9,0x3ED9,
    0x3ED9,0x3ED9,0x3ED9,0x3ED9,0x3ED9,0x3ED9,0x3ED9,0x3ED9,0x3ED9,0x3ED9,0x3ED9,0x3ED9,
    0x3ED9,0x3ED9,0x3ED9,0x3ED9,0x3ED9,0x3ED9,0x3ED9,0x3ED9,0x3ED9,0x3ED9,0x3ED9,0x3ED9,
    0x3ED9,0x3ED9,0x3ED9,0x3ED9,0x3ED9,0x3ED9,0x3ED9,0x3ED9,0x3ED9,0x3ED9,0x3ED9,0x3E37,
    0x1208,0x09E8,0x09E8,0x3554,0x2CD2,0x1AEC,0x09E8,0x09E8,0x09E8,0x09E8,0xF81F,0xF81F,
    0xF81F,0xF81F,0xF81F,0xF81F,0xF81F,0xF81F,0xF81F,0xF81F,0xF81F,0xF81F,0xF81F,0xF81F,
    0xF81F,0xF81F,0xF81F,0xF81F,0xF81F,0xF81F,0xF81F,0xF81F,0xF81F,0xF81F,0xF81F,0xF81F,
    0xF81F,0xF81F,0xF81F,0xF81F,0xF81F,0xF81F,0xF81F,0xF81F,0xF81F,0xF81F,0xF81F,0xF81F,
    0xF81F,0xF81F,0xF81F,0xF81F,0xF81F,0xF81F,0xF81F,0xF81F,0xF81F,0xF81F,0xF81F,0xF81F,
    0xF81F,0xF81F,0xF81F,0xF81F,0xF81F,0xF81F,0xF81F,0xF81F,0x09E8,0x09E8,0x09E8,0x23EF,
    0x3ED9,0x3ED9,0x3ED9,0x3ED9,0x3ED9,0x3ED9,0x3ED9,0x3ED9,0x3ED9,0x7F3B,0x8F5B,0x8F5B,
    0x8F5B,0x8F5B,0x8F5B,0x8F5B,0x8F5B,0x8F1B,0x6DF7,0x5D54,0x54F3,0x54F3,0x5D54,0x6DF7,
    0x8F1B,0x8F5B,0x8F5B,0x8F5B,0x8F5B,0x8F5B,0x8F5B,0x8F5B,0x8F5B,0x8F5B,0x8F5B,0x8F5B,
    0x7F3B,0x3ED9,0x3ED9,0x3ED9,0x3ED9,0x3ED9,0x3ED9,0x3ED9,0x3ED9,0x3ED9,0x3ED9,0x3ED9,
    0x3ED9,0x3ED9,0x3ED9,0x3ED9,0x3ED9,0x3E98,0x3595,0x2D13,0x2C91,0x2C91,0x2D13,0x3595,
    0x3E98,0x3ED9,0x3ED9,0x3ED9,0x3ED9,0x3ED9,0x3ED9,0x3ED9,0x3ED9,0x3ED9,0x3ED9,0x3ED9,
    0x3ED9,0x3ED9,0x3ED9,0x3ED9,0x3ED9,0x3ED9,0x23CF,0x09E8,0x09E8,0x09E8,0x09E8,0x09E8,
    0x09E8,0x09E8,0xF81F,0xF81F,0xDEDB,0xD6BB,0xDEDC,0xD6BB,0xF81F,0xF81F,0xF81F,0xF81F,
    0xF81F,0xF81F,0xF81F,0xF81F,0xF81F,0xF81F,0xF81F,0xF81F,0xF81F,0xF81F,0xF81F,0xF81F,
    0xF81F,0xF81F,0xF81F,0xF81F,0xF81F,0xF81F,0xF81F,0xF81F,0xF81F,0xF81F,0xF81F,0xF81F,
    0xF81F,0xF81F,0xF81F,0xF81F,0xF81F,0xF81F,0xF81F,0xF81F,0xF81F,0xF81F,0xF81F,0xF81F,
    0xF81F,0xF81F,0xF81F,0xF81F,0xF81F,0xF81F,0xF81F,0xF81F,0xF81F,0xF81F,0xF81F,0xF81F,
    0xF81F,0xF81F,0x09E8,0x09E8,0x1208,0x3E37,0x3ED9,0x3ED9,0x3ED9,0x3ED9,0x3ED9,0x3ED9,
    0x3ED9,0x3ED9,0x3ED9,0x873B,0x8F5B,0x8F5B,0x8F5B,0x8F5B,0x8F5B,0x65B6,0x3BAE,0x1229,
    0x09E8,0x09E8,0x09E8,0x09E8,0x09E8,0x09E8,0x1229,0x3BAE,0x65B6,0x8F5B,0x8F5B,0x8F5B,
    0x8F5B,0x8F5B,0x8F5B,0x8F5B,0x8F5B,0x8F5B,0x873B,0x3ED9,0x3ED9,0x3ED9,0x3ED9,0x3ED9,
    0x3ED9,0x3ED9,0x3ED9,0x3ED9,0x3ED9,0x3ED9,0x3ED9,0x3ED9,0x3ED9,0x3554,0x1B6D,0x1209,
    0x09E8,0x09E8,0x09E8,0x09E8,0x09E8,0x09E8,0x1209,0x1B6D,0x3554,0x3ED9,0x3ED9,0x3ED9,
    0x3ED9,0x3ED9,0x3ED9,0x3ED9,0x3ED9,0x3ED9,0x3ED9,0x3ED9,0x3ED9,0x3ED9,0x3ED9,0x3ED9,
    0x3E37,0x1208,0x09E8,0x09E8,0x09E8,0x09E8,0xF81F,0xF81F,0xF81F,0xF81F,0xDEDC,0xDEDC,
    0xDEDC,0xDEDC,0xD6BB,0xF81F,0xF81F,0xF81F,0xF81F,0xF81F,0xF81F,0xF81F,0xF81F,0xF81F,
    0xF81F,0xF81F,0xF81F,0xF81F,0xF81F,0xF81F,0xF81F,0xF81F,0xF81F,0xF81F,0xF81F,0xF81F,
    0xF81F,0xF81F,0xF81F,0xF81F,0xF81F,0xF81F,0xF81F,0xF81F,0xF81F,0xF81F,0xF81F,0xF81F,
    0xF81F,0xF81F,0xF81F,0xF81F,0xF81F,0xF81F,0xF81F,0xF81F,0xF81F,0xF81F,0xF81F,0xF81F,
    0xF81F,0xF81F,0xF81F,0xF81F,0xF81F,0xF81F,0xF81F,0x09E8,0x09E8,0x09E8,0x1B8E,0x3ED9,
    0x3ED9,0x3ED9,0x3ED9,0x3ED9,0x3ED9,0x3ED9,0x3ED9,0x3ED9,0x3ED9,0x873B,0x8F5B,0x8F5B,
    0x8F5B,0x7617,0x2B2C,0x09E8,0x09E8,0x11E8,0x3B2D,0x6410,0x7C92,0x7C92,0x6410,0x3B0D,
    0x11E8,0x09E8,0x09E8,0x2B2D,0x7637,0x8F5B,0x8F5B,0x9F5C,0xAF7C,0xBF9D,0xC79D,0xC75C,
    0xCF7D,0xC7BD,0xCFBE,0xCFBD,0xC7BD,0xBFBD,0xB79D,0x9F7C,0x8F5B,0x771A,0x56F9,0x46D9,
    0x3ED9,0x35B5,0x1B0C,0x09E8,0x09E8,0x11E8,0x3B2D,0x6410,0x7C92,0x7C92,0x6410,0x3B0D,
    0x11E8,0x09E8,0x09E8,0x1B0C,0x35D5,0x3ED9,0x3ED9,0x3ED9,0x3ED9,0x3ED9,0x3ED9,0x3ED9,
    0x3ED9,0x3ED9,0x3ED9,0x3ED9,0x3ED9,0x3ED9,0x3ED9,0x1B8D,0x09E8,0x09E8,0x09E8,0xF81F,
    0xF81F,0xF81F,0xF81F,0xF81F,0xDEDC,0xDEDC,0xDEDC,0xDEDC,0xD6BB,0xF81F,0xF81F,0xF81F,
    0xF81F,0xF81F,0xF81F,0xF81F,0xF81F,0xF81F,0xF81F,0xF81F,0xF81F,0xF81F,0xF81F,0xF81F,
    0xF81F,0xF81F,0xF81F,0xF81F,0xF81F,0xF81F,0xF81F,0xF81F,0xF81F,0xF81F,0xF81F,0xF81F,
    0xF81F,0xF81F,0xF81F,0xF81F,0xF81F,0xF81F,0xF81F,0xF81F,0xF81F,0xF81F,0xF81F,0xF81F,
    0xF81F,0xF81F,0xF81F,0xF81F,0xF81F,0xF81F,0xF81F,0xF81F,0xF81F,0xF81F,0xF81F,0xF81F,
    0xF81F,0x09E8,0x09E8,0x09E8,0x3574,0x3ED9,0x3ED9,0x3ED9,0x3ED9,0x3ED9,0x3ED9,0x3ED9,
    0x3ED9,0x3ED9,0x3ED9,0x7F3B,0x8F5B,0x8F5B,0x5D13,0x1208,0x09E8,0x226A,0x9555,0xE75D,
    0xFFFF,0xFFFF,0xFFFF,0xFFFF,0xFFFF,0xFFFF,0xE75D,0x9555,0x226A,0x09E8,0x11E8,0x3B4D,
    0x4BAF,0x3B2D,0x228A,0x11E8,0x09E8,0x09E8,0x09E8,0x09E8,0x1A4A,0x32EC,0x4BAF,0x6CD3,
    0x9617,0xC77D,0xCFBE,0xCFBE,0xCFBE,0xC7BD,0x6534,0x1208,0x09E8,0x226A,0x9555,0xE75D,
    0xFFFF,0xFFFF,0xFFFF,0xFFFF,0xFFFF,0xFFFF,0xE75D,0x9555,0x226A,0x09E8,0x1208,0x2CD2,
    0x3ED9,0x3ED9,0x3ED9,0x3ED9,0x3ED9,0x3ED9,0x3ED9,0x3ED9,0x3ED9,0x3ED9,0x3ED9,0x3ED9,
    0x3ED9,0x3554,0x09E8,0x09E8,0x09E8,0xF81F,0xF81F,0xF81F,0xF81F,0xF81F,0xDEDC,0xDEDC,
    0xDEDC,0xDEDC,0xDEDB,0xF81F,0xF81F,0xF81F,0xF81F,0xF81F,0xF81F,0xF81F,0xF81F,0xF81F,
    0xF81F,0xF81F,0xF81F,0xF81F,0xF81F,0xF81F,0xF81F,0xF81F,0xF81F,0xF81F,0xF81F,0xF81F,
    0xF81F,0xF81F,0xF81F,0xF81F,0xF81F,0xF81F,0xF81F,0xF81F,0xF81F,0xF81F,0xF81F,0xF81F,
    0xF81F,0xF81F,0xF81F,0xF81F,0xF81F,0xF81F,0xF81F,0xF81F,0xF81F,0xF81F,0xF81F,0xF81F,
    0xF81F,0xF81F,0xF81F,0xF81F,0xF81F,0xF81F,0xF81F,0x09E8,0x09E8,0x126A,0x3EB9,0x3ED9,
    0x3ED9,0x3ED9,0x3ED9,0x3ED9,0x3ED9,0x3ED9,0x3ED9,0x3ED9,0x3ED9,0x671A,0x8F5B,0x4C51,
    0x09E8,0x11E8,0x6C51,0xB638,0xBE59,0xBE59,0xBE59,0xBE59,0xBE59,0xB618,0x7CB3,0x5BCF,
    0x3AEC,0x1A29,0x09E8,0x09E8,0x09E8,0x09E8,0x09E8,0x09E8,0x09E8,0x09E8,0x09E8,0x09E8,
    0x09E8,0x09E8,0x09E8,0x09E8,0x09E8,0x09E8,0x09E8,0x1229,0x4BCF,0x9E58,0xCFBE,0x6492,
    0x09E8,0x11E8,0x7CB3,0xF7BE,0xFFFF,0xFFFF,0xFFFF,0xFFFF,0xFFFF,0xFFFF,0xFFFF,0xFFFF,
    0xFFFF,0xFFFF,0xF7BE,0x7CB2,0x11E8,0x09E8,0x2430,0x3ED9,0x3ED9,0x3ED9,0x3ED9,0x3ED9,
    0x3ED9,0x3ED9,0x3ED9,0x3ED9,0x3ED9,0x3ED9,0x3ED9,0x3EB9,0x126A,0x09E8,0x09E8,0xF81F,
    0xF81F,0xF81F,0xF81F,0xF81F,0xDEDB,0xDEDC,0xDEDC,0xDEDC,0xDEDC,0xF81F,0xF81F,0xF81F,
    0xF81F,0xF81F,0xF81F,0xF81F,0xF81F,0xF81F,0xF81F,0xF81F,0xF81F,0xF81F,0xF81F,0xF81F,
    0xF81F,0xF81F,0xF81F,0xF81F,0xF81F,0xF81F,0xF81F,0xF81F,0xF81F,0xF81F,0xF81F,0xF81F,
    0xF81F,0xF81F,0xF81F,0xF81F,0xF81F,0xF81F,0xF81F,0xF81F,0xF81F,0xF81F,0xF81F,0xF81F,
    0xF81F,0xF81F,0xF81F,0xF81F,0xF81F,0xF81F,0xF81F,0xF81F,0xF81F,0xF81F,0xF81F,0xF81F,
    0x09E8,0x09E8,0x09E8,0x2450,0x3ED9,0x3ED9,0x3ED9,0x3ED9,0x3ED9,0x3ED9,0x3ED9,0x3ED9,
    0x3ED9,0x3ED9,0x3ED9,0x46D9,0x5513,0x09E8,0x1208,0x1A49,0x09E8,0x09E8,0x09E8,0x09E8,
    0x09E8,0x09E8,0x09E8,0x09E8,0x09E8,0x09E8,0x09E8,0x09E8,0x09E8,0x09E8,0x09E8,0x09E8,
    0x09E8,0x228A,0x5C30,0x74D3,0x7D14,0x7D14,0x74F4,0x6CB2,0x6471,0x43AE,0x2ACB,0x11E8,
    0x09E8,0x09E8,0x09E8,0x09E8,0x2AAB,0x09E8,0x1209,0xADF7,0xFFFF,0xFFFF,0xFFFF,0xFFFF,
    0xFFFF,0xFFFF,0xFFFF,0xFFFF,0xFFFF,0xFFFF,0xFFFF,0xFFFF,0xFFFF,0xFFFF,0xADD7,0x1209,
    0x09E8,0x2CD2,0x3ED9,0x3ED9,0x3ED9,0x3ED9,0x3ED9,0x3ED9,0x3ED9,0x3ED9,0x3ED9,0x3ED9,
    0x3ED9,0x3ED9,0x2430,0x09E8,0x09E8,0x09E8,0xF81F,0xF81F,0xF81F,0xF81F,0xD6BC,0xDEDC,
    0xDEDC,0xDEDC,0xDEDC,0xF81F,0xF81F,0xF81F,0xF81F,0xF81F,0xF81F,0xF81F,0xF81F,0xF81F,
    0xF81F,0xF81F,0xF81F,0xF81F,0xF81F,0xF81F,0xF81F,0xF81F,0xF81F,0xF81F,0xF81F,0xF81F,
    0xF81F,0xF81F,0xF81F,0xF81F,0xF81F,0xF81F,0xF81F,0xF81F,0xF81F,0xF81F,0xF81F,0xF81F,
    0xF81F,0xF81F,0xF81F,0xF81F,0xF81F,0xF81F,0xF81F,0xF81F,0xF81F,0xF81F,0xF81F,0xF81F,
    0xF81F,0xF81F,0xF81F,0xF81F,0xF81F,0xF81F,0x09E8,0x09E8,0x09E8,0x35B5,0x3ED9,0x3ED9,
    0x3ED9,0x3ED9,0x3ED9,0x3ED9,0x3ED9,0x3ED9,0x3ED9,0x3ED9,0x3ED9,0x35B5,0x1208,0x09E8,
    0x09E8,0x09E8,0x09E8,0x09E8,0x09E8,0x09E8,0x09E8,0x09E8,0x09E8,0x09E8,0x09E8,0x09E8,
    0x09E8,0x09E8,0x09E8,0x09E8,0x09E8,0x09E8,0x09E8,0x09E8,0x7CF4,0xE7DE,0xE7DE,0xD7DE,
    0xCFBE,0xCFBE,0xCFBE,0xCFBE,0xCFBE,0xBF5C,0x95F7,0x5410,0x1229,0x09E8,0x09E8,0x09E8,
    0x6410,0xFFFF,0xFFFF,0xFFFF,0xFFFF,0xFFFF,0xFFFF,0xFFFF,0xFFFF,0xFFFF,0xFFFF,0xFFFF,
    0xFFFF,0xFFFF,0xFFFF,0xFFFF,0xFFFF,0xADD7,0x11E8,0x1208,0x35D5,0x3ED9,0x3ED9,0x3ED9,
    0x3ED9,0x3ED9,0x3ED9,0x3ED9,0x3ED9,0x3ED9,0x3ED9,0x3ED9,0x3595,0x09E8,0x09E8,0x09E8,
    0xF81F,0xF81F,0xF81F,0xF81F,0xDEDB,0xDEDC,0xDEDC,0xDEDC,0xDEDC,0xF81F,0xF81F,0xF81F,
    0xF81F,0xF81F,0xF81F,0xF81F,0xF81F,0xF81F,0xF81F,0xF81F,0xF81F,0xF81F,0xF81F,0xF81F,
    0xF81F,0xF81F,0xF81F,0xF81F,0xF81F,0xF81F,0xF81F,0xF81F,0xF81F,0xF81F,0xF81F,0xF81F,
    0xF81F,0xF81F,0xF81F,0xF81F,0xF81F,0xF81F,0xF81F,0xF81F,0xF81F,0xF81F,0xF81F,0xF81F,
    0xF81F,0xF81F,0xF81F,0xF81F,0xF81F,0xF81F,0xF81F,0xF81F,0xF81F,0xF81F,0xF81F,0xF81F,
    0x09E8,0x09E8,0x1229,0x3EB8,0x3ED9,0x3ED9,0x3ED9,0x3ED9,0x3ED9,0x3ED9,0x3ED9,0x3ED9,
    0x3ED9,0x3ED9,0x3ED9,0x1B0C,0x09E8,0x1A29,0x09E8,0x11C8,0x1125,0x1105,0x1105,0x1105,
    0x1105,0x1105,0x1105,0x1105,0x1125,0x1105,0x1105,0x1105,0x1105,0x1105,0x1105,0x1125,
    0x11C8,0x09E8,0x1208,0xDFDE,0xDFDE,0xCFBE,0xCFBE,0xCFBE,0xCFBE,0xCFBE,0xCFBE,0xCFBE,
    0xCFBE,0xCFBE,0xBF5C,0x228A,0x09E8,0x09E8,0x09E8,0x6C51,0xFFFF,0xFFFF,0xFFFF,0xFFFF,
    0xFFFF,0xFFFF,0xFFFF,0xFFFF,0xFFFF,0xFFFF,0xFFFF,0xFFFF,0xFFFF,0xFFFF,0xFFFF,0xFFFF,
    0x7CB3,0x09E8,0x1B0C,0x3ED9,0x3ED9,0x3ED9,0x3ED9,0x3ED9,0x3ED9,0x3ED9,0x3ED9,0x3ED9,
    0x3ED9,0x3ED9,0x3EB8,0x1229,0x09E8,0x09E8,0xF81F,0xF81F,0xF81F,0xF81F,0xDEDC,0xDEDC,
    0xDEDC,0xDEDC,0xDEDC,0xF81F,0xF81F,0xF81F,0xF81F,0xF81F,0xF81F,0xF81F,0xF81F,0xF81F,
    0xF81F,0xF81F,0xF81F,0xF81F,0xF81F,0xF81F,0xF81F,0xF81F,0xF81F,0xF81F,0xF81F,0xF81F,
    0xF81F,0xF81F,0xF81F,0xF81F,0xF81F,0xF81F,0xF81F,0xF81F,0xF81F,0xF81F,0xF81F,0xF81F,
    0xF81F,0xF81F,0xF81F,0xF81F,0xF81F,0xF81F,0xF81F,0xF81F,0xF81F,0xF81F,0xF81F,0xF81F,
    0xF81F,0xF81F,0xF81F,0xF81F,0xF81F,0xF81F,0x09E8,0x09E8,0x1B6D,0x3ED9,0x3ED9,0x3ED9,
    0x3ED9,0x3ED9,0x3ED9,0x3ED9,0x3ED9,0x3ED9,0x3ED9,0x3ED9,0x3554,0x09E8,0x224A,0x09E8,
    0x09E8,0x1125,0x18C3,0x18C3,0x18C3,0x18C3,0x18C3,0x18C3,0x18C3,0x18C3,0x18C3,0x18C3,
    0x18C3,0x18C3,0x18C3,0x18C3,0x18C3,0x18C3,0x1125,0x09E8,0x09E8,0x8575,0xCFBE,0xCFBE,
    0xCFBE,0xCFBE,0xCFBE,0xCFBE,0xCFBE,0xCFBE,0xCFBE,0xCFBE,0x95F7,0x09E8,0x224A,0x2AAB,
    0x09E8,0x09E8,0x84D3,0xEF7D,0x84B3,0x42CB,0x19E8,0x19E8,0x42CB,0x84B3,0xEF7D,0xFFFF,
    0xFFFF,0xFFFF,0xFFFF,0xFFFF,0xFFFF,0xFFFF,0xF7BE,0x226A,0x09E8,0x3554,0x3ED9,0x3ED9,
    0x3ED9,0x3ED9,0x3ED9,0x3ED9,0x3ED9,0x3ED9,0x3ED9,0x3ED9,0x3ED9,0x1B6D,0x09E8,0x09E8,
    0xF81F,0xF81F,0xF81F,0xF81F,0xF81F,0xDEDC,0xDEDC,0xDEDC,0xDEDC,0xDEDC,0xF81F,0xF81F,
    0xF81F,0xF81F,0xF81F,0xF81F,0xF81F,0xF81F,0xF81F,0xF81F,0xF81F,0xF81F,0xF81F,0xF81F,
    0xF81F,0xF81F,0xF81F,0xF81F,0xF81F,0xF81F,0xF81F,0xF81F,0xF81F,0xF81F,0xF81F,0xF81F,
    0xF81F,0xF81F,0xF81F,0xF81F,0xF81F,0xF81F,0xF81F,0xF81F,0xF81F,0xF81F,0xF81F,0xF81F,
    0xF81F,0xF81F,0xF81F,0xF81F,0xF81F,0xF81F,0xF81F,0xF81F,0xF81F,0xF81F,0xF81F,0x09E8,
    0x09E8,0x09E8,0x2CB2,0x3ED9,0x3ED9,0x3ED9,0x3ED9,0x3ED9,0x3ED9,0x3ED9,0x3ED9,0x3ED9,
    0x3ED9,0x3ED9,0x1B6D,0x09E8,0x7472,0x09E8,0x09E8,0x1104,0x18C3,0x18C3,0x18C3,0x18C3,
    0x18C3,0x18C3,0x18C3,0x18C3,0x18C3,0x18C3,0x18C3,0x18C3,0x18C3,0x18C3,0x18C3,0x18C3,
    0x1104,0x09E8,0x09E8,0x3B4D,0xCFBE,0xCFBE,0xCFBE,0xCFBE,0xCFBE,0xCFBE,0xCFBE,0xCFBE,
    0xCFBE,0xCFBE,0x4BCF,0x09E8,0x9555,0xEF7E,0x32CC,0x09E8,0x11E8,0x328A,0x8CD3,0x8CD3,
    0x326A,0x11A7,0x11A7,0x11A7,0x21E8,0xB5F7,0xFFFF,0xFFFF,0xFFFF,0xFFFF,0xFFFF,0xFFFF,
    0xFFFF,0x9555,0x09E8,0x1B8D,0x3ED9,0x3ED9,0x3ED9,0x3ED9,0x3ED9,0x3ED9,0x3ED9,0x3ED9,
    0x3ED9,0x3ED9,0x3ED9,0x2CB1,0x09E8,0x09E8,0x09E8,0xF81F,0xF81F,0xF81F,0xF81F,0xDEDC,
    0xDEDC,0xDEDC,0xDEDC,0xD6BC,0xF81F,0xF81F,0xF81F,0xF81F,0xF81F,0xF81F,0xF81F,0xF81F,
    0xF81F,0xF81F,0xF81F,0xF81F,0xF81F,0xF81F,0xF81F,0xF81F,0xF81F,0xF81F,0xF81F,0xF81F,
    0xF81F,0xF81F,0xF81F,0xF81F,0xF81F,0xF81F,0xF81F,0xF81F,0xF81F,0xF81F,0xF81F,0xF81F,
    0xF81F,0xF81F,0xF81F,0xF81F,0xF81F,0xF81F,0xF81F,0xF81F,0xF81F,0xF81F,0xF81F,0xF81F,
    0xF81F,0xF81F,0xF81F,0xF81F,0xF81F,0x09E8,0x09E8,0x09E8,0x3595,0x3ED9,0x3ED9,0x3ED9,
    0x3ED9,0x3ED9,0x3ED9,0x3ED9,0x3ED9,0x3ED9,0x3ED9,0x3E98,0x1209,0x11E8,0xB5F8,0x09E8,
    0x09E8,0x1104,0x18C3,0x18C3,0x18C3,0x18C3,0x18C3,0x18C3,0x18C3,0x18C3,0x18C3,0x18C3,
    0x18C3,0x18C3,0x18C3,0x18C3,0x18C3,0x18C3,0x1104,0x09E8,0x09E8,0x1209,0xC79D,0xCFBE,
    0xCFBE,0xCFBE,0xCFBE,0xCFBE,0xCFBE,0xCFBE,0xCFBE,0xC77D,0x1229,0x11E8,0xE75D,0xFFFF,
    0xDF3C,0x1229,0x09E8,0x2AAB,0xFFDF,0xFFFF,0xF79E,0x326A,0x11A7,0x11A7,0x11A7,0x11A7,
    0xB5F7,0xFFFF,0xFFFF,0xFFFF,0xFFFF,0xFFFF,0xFFFF,0xE75D,0x11E8,0x1229,0x3E98,0x3ED9,
    0x3ED9,0x3ED9,0x3ED9,0x3ED9,0x3ED9,0x3ED9,0x3ED9,0x3ED9,0x3ED9,0x3595,0x09E8,0x09E8,
    0x09E8,0xF81F,0xF81F,0xF81F,0xF81F,0xDEDC,0xDEDC,0xDEDC,0xDEDC,0xD6BB,0xF81F,0xF81F,
    0xF81F,0xF81F,0xF81F,0xF81F,0xF81F,0xF81F,0xF81F,0xF81F,0xF81F,0xF81F,0xF81F,0xF81F,
    0xF81F,0xF81F,0xF81F,0xF81F,0xF81F,0xF81F,0xF81F,0xF81F,0xF81F,0xF81F,0xF81F,0xF81F,
    0xF81F,0xF81F,0xF81F,0xF81F,0xF81F,0xF81F,0xF81F,0xF81F,0xF81F,0xF81F,0xF81F,0xF81F,
    0xF81F,0xF81F,0xF81F,0xF81F,0xF81F,0xF81F,0xF81F,0xF81F,0xF81F,0xF81F,0xF81F,0x09E8,
    0x09E8,0x09E8,0x3E77,0x3ED9,0x3ED9,0x3ED9,0x3ED9,0x3ED9,0x3ED9,0x3ED9,0x3ED9,0x3ED9,
    0x3ED9,0x3595,0x09E8,0x432D,0xC67A,0x09E8,0x09E8,0x1104,0x18C3,0x18C3,0x18C3,0x18C3,
    0x18C3,0x18C3,0x18C3,0x18C3,0x18C3,0x18C3,0x18C3,0x18C3,0x18C3,0x18C3,0x18C3,0x18C3,
    0x1104,0x09E8,0x09E8,0x09E8,0x9E58,0xCFBE,0xCFBE,0xCFBE,0xCFBE,0xCFBE,0xCFBE,0xCFBE,
    0xCFBE,0x9E58,0x09E8,0x432D,0xFFFF,0xFFFF,0xEF7D,0x19E8,0x09E8,0x09E8,0xA596,0xFFFF,
    0xFFFF,0x8CD3,0x11A7,0x11A7,0x11A7,0x11A7,0x21E8,0xEF7D,0xFFFF,0xFFFF,0xFFFF,0xFFFF,
    0xFFFF,0xFFFF,0x3B0D,0x09E8,0x3595,0x3ED9,0x3ED9,0x3ED9,0x3ED9,0x3ED9,0x3ED9,0x3ED9,
    0x3ED9,0x3ED9,0x3ED9,0x3E57,0x09E8,0x09E8,0x09E8,0xF81F,0xF81F,0xF81F,0xF81F,0xDEDC,
    0xDEDC,0xDEDC,0xDEDC,0xDEDB,0xF81F,0xF81F,0xF81F,0xF81F,0xF81F,0xF81F,0xF81F,0xF81F,
    0xF81F,0xF81F,0xF81F,0xF81F,0xF81F,0xF81F,0xF81F,0xF81F,0xF81F,0xF81F,0xF81F,0xF81F,
    0xF81F,0xF81F,0xF81F,0xF81F,0xF81F,0xF81F,0xF81F,0xF81F,0xF81F,0xF81F,0xF81F,0xF81F,
    0xF81F,0xF81F,0xF81F,0xF81F,0xF81F,0xF81F,0xF81F,0xF81F,0xF81F,0xF81F,0xF81F,0xF81F,
    0xF81F,0xF81F,0xF81F,0xF81F,0xF81F,0x09E8,0x09E8,0x1249,0x3ED9,0x3ED9,0x3ED9,0x3ED9,
    0x3ED9,0x3ED9,0x3ED9,0x3ED9,0x3ED9,0x3ED9,0x3ED9,0x2D13,0x09E8,0x6410,0xC67A,0x09E8,
    0x09E8,0x1104,0x18C3,0x18C3,0x18C3,0x18C3,0x18C3,0x18C3,0x18C3,0x18C3,0x18C3,0x18C3,
    0x18C3,0x18C3,0x18C3,0x18C3,0x18C3,0x18C3,0x1104,0x09E8,0x09E8,0x09E8,0x8DB6,0xCFBE,
    0xCFBE,0xCFBE,0xCFBE,0xCFBE,0xCFBE,0xCFBE,0xCFBE,0x8DB6,0x09E8,0x6410,0xFFFF,0xFFFF,
    0x84B3,0x11A7,0x1A49,0x09E8,0x432D,0xFFFF,0xFFFF,0x8CD3,0x11A7,0x11A7,0x11A7,0x11A7,
    0x11A7,0x84D3,0xFFFF,0xFFFF,0xFFFF,0xFFFF,0xFFFF,0xFFFF,0x6410,0x09E8,0x2D13,0x3ED9,
    0x3ED9,0x3ED9,0x3ED9,0x3ED9,0x3ED9,0x3ED9,0x3ED9,0x3ED9,0x3ED9,0x3ED9,0x1249,0x09E8,
    0x09E8,0xF81F,0xF81F,0xF81F,0xD6BB,0xDEDC,0xDEDC,0xDEDC,0xDEDC,0xD6BB,0xF81F,0xF81F,
    0xF81F,0xF81F,0xF81F,0xF81F,0xF81F,0xF81F,0xF81F,0xF81F,0xF81F,0xF81F,0xF81F,0xF81F,
    0xF81F,0xF81F,0xF81F,0xF81F,0xF81F,0xF81F,0xF81F,0xF81F,0xF81F,0xF81F,0xF81F,0xF81F,
    0xF81F,0xF81F,0xF81F,0xF81F,0xF81F,0xF81F,0xF81F,0xF81F,0xF81F,0xF81F,0xF81F,0xF81F,
    0xF81F,0xF81F,0xF81F,0xF81F,0xF81F,0xF81F,0xF81F,0xF81F,0xF81F,0xF81F,0x09E8,0x09E8,
    0x09E8,0x1B0C,0x3ED9,0x3ED9,0x3ED9,0x3ED9,0x3ED9,0x3ED9,0x3ED9,0x3ED9,0x3ED9,0x3ED9,
    0x3ED9,0x2C91,0x09E8,0x7CB3,0xC67A,0x09E8,0x09E8,0x1104,0x18C3,0x18C3,0x18C3,0x18C3,
    0x18C3,0x18C3,0x18C3,0x18C3,0x18C3,0x18C3,0x18C3,0x18C3,0x18C3,0x18C3,0x18C3,0x18C3,
    0x1104,0x09E8,0x09E8,0x09E8,0x7514,0xCFBE,0xCFBE,0xCFBE,0xCFBE,0xCFBE,0xCFBE,0xCFBE,
    0xCFBE,0x7514,0x09E8,0x7CB3,0xFFFF,0xFFFF,0x3ACB,0x11A7,0x2229,0x09E8,0x32CB,0xF79E,
    0xEF9E,0x3269,0x11A7,0x11A7,0x11A7,0x11A7,0x11A7,0x42CB,0xFFFF,0xFFFF,0xFFFF,0xFFFF,
    0xFFFF,0xFFFF,0x7CB3,0x09E8,0x2C91,0x3ED9,0x3ED9,0x3ED9,0x3ED9,0x3ED9,0x3ED9,0x3ED9,
    0x3ED9,0x3ED9,0x3ED9,0x3ED9,0x1AEC,0x09E8,0x09E8,0xF81F,0xF81F,0xF81F,0xDEDC,0xDEDC,
    0xDEDC,0xDEDC,0xDEDC,0xF81F,0xF81F,0xF81F,0xF81F,0xF81F,0xF81F,0xF81F,0xF81F,0xF81F,
    0xF81F,0xF81F,0xF81F,0xF81F,0xF81F,0xF81F,0xF81F,0xF81F,0xF81F,0xF81F,0xF81F,0xF81F,
    0xF81F,0xF81F,0xF81F,0xF81F,0xF81F,0xF81F,0xF81F,0xF81F,0xF81F,0xF81F,0xF81F,0xF81F,
    0xF81F,0xF81F,0xF81F,0xF81F,0xF81F,0xF81F,0xF81F,0xF81F,0xF81F,0xF81F,0xF81F,0xF81F,
    0xF81F,0xF81F,0xF81F,0x09E8,0x09E8,0x09E8,0x09E8,0x1B6D,0x3ED9,0x3ED9,0x3ED9,0x3ED9,
    0x3ED9,0x3ED9,0x3ED9,0x3ED9,0x3ED9,0x3ED9,0x3ED9,0x2C91,0x09E8,0x7CB3,0xC67A,0x09E8,
    0x09E8,0x1104,0x18C3,0x18C3,0x18C3,0x18C3,0x18C3,0x18C3,0x18C3,0x18C3,0x18C3,0x18C3,
    0x18C3,0x18C3,0x18C3,0x18C3,0x18C3,0x18C3,0x1104,0x09E8,0x09E8,0x09E8,0x7514,0xCFBE,
    0xCFBE,0xCFBE,0xCFBE,0xCFBE,0xCFBE,0xCFBE,0xCFBE,0x7514,0x09E8,0x7CB3,0xFFFF,0xFFFF,
    0x19E8,0x11A7,0x11A7,0x2A49,0x8CD3,0x8CD3,0x3269,0x11A7,0x11A7,0x11A7,0x11A7,0x11A7,
    0x11A7,0x21E8,0xFFFF,0xFFFF,0xFFFF,0xFFFF,0xFFFF,0xFFFF,0x7CB2,0x09E8,0x2C91,0x3ED9,
    0x3ED9,0x3ED9,0x3ED9,0x3ED9,0x3ED9,0x3ED9,0x3ED9,0x3ED9,0x3ED9,0x3ED9,0x1B6D,0x09E8,
    0x09E8,0xF81F,0xF81F,0xF81F,0xDEDC,0xDEDC,0xDEDC,0xDEDC,0xDEDC,0xF81F,0xF81F,0xF81F,
    0xF81F,0xF81F,0xF81F,0xF81F,0xF81F,0xF81F,0xF81F,0xF81F,0xF81F,0xF81F,0xF81F,0xF81F,
    0xF81F,0xF81F,0xF81F,0xF81F,0xF81F,0xF81F,0xF81F,0xF81F,0xF81F,0xF81F,0xF81F,0xF81F,
    0xF81F,0xF81F,0xF81F,0xF81F,0xF81F,0xF81F,0xF81F,0xF81F,0xF81F,0xF81F,0xF81F,0xF81F,
    0xF81F,0xF81F,0xF81F,0xF81F,0xF81F,0xF81F,0xF81F,0xF81F,0x09E8,0x09E8,0x09E8,0x09E8,
    0x09E8,0x23AE,0x3ED9,0x3ED9,0x3ED9,0x3ED9,0x3ED9,0x3ED9,0x3ED9,0x3ED9,0x3ED9,0x3ED9,
    0x3ED9,0x2D13,0x09E8,0x6410,0xC67A,0x09E8,0x09E8,0x1104,0x18C3,0x18C3,0x18C3,0x18C3,
    0x18C3,0x18C3,0x18C3,0x18C3,0x18C3,0x18C3,0x18C3,0x18C3,0x18C3,0x18C3,0x18C3,0x18C3,
    0x1104,0x09E8,0x09E8,0x09E8,0x8DB6,0xCFBE,0xCFBE,0xCFBE,0xCFBE,0xCFBE,0xCFBE,0xCFBE,
    0xCFBE,0x8DB6,0x09E8,0x6410,0xFFFF,0xFFFF,0x21E8,0x11A7,0x11A7,0x11A7,0x11A7,0x11A7,
    0x11A7,0x11A7,0x11A7,0x11A7,0x11A7,0x11A7,0x11A7,0x21E8,0xFFFF,0xFFFF,0xFFFF,0xFFFF,
    0xFFFF,0xFFFF,0x63F0,0x09E8,0x2D13,0x3ED9,0x3ED9,0x3ED9,0x3ED9,0x3ED9,0x3ED9,0x3ED9,
    0x3ED9,0x3ED9,0x3ED9,0x3ED9,0x23AE,0x09E8,0x09E8,0xF81F,0xF81F,0xF81F,0xD6BB,0xDEDC,
    0xDEDC,0xDEDC,0xDEDC,0xF81F,0xF81F,0xF81F,0xF81F,0xF81F,0xF81F,0xF81F,0xF81F,0xF81F,
    0xF81F,0xF81F,0xF81F,0xF81F,0xF81F,0xF81F,0xF81F,0xF81F,0xF81F,0xF81F,0xF81F,0xF81F,
    0xF81F,0xF81F,0xF81F,0xF81F,0xF81F,0xF81F,0xF81F,0xF81F,0xF81F,0xF81F,0xF81F,0xF81F,
    0xF81F,0xF81F,0xF81F,0xF81F,0xF81F,0xF81F,0xF81F,0xF81F,0xF81F,0xF81F,0xF81F,0xF81F,
    0xF81F,0x09E8,0x09E8,0x09E8,0x1B4D,0x09E8,0x09E8,0x23EF,0x3ED9,0x3ED9,0x3ED9,0x3ED9,
    0x3ED9,0x3ED9,0x3ED9,0x3ED9,0x3ED9,0x3ED9,0x3ED9,0x3595,0x09E8,0x3B2D,0xC67A,0x09E8,
    0x09E8,0x1104,0x18C3,0x18C3,0x18C3,0x18C3,0x18C3,0x18C3,0x18C3,0x18C3,0x18C3,0x18C3,
    0x18C3,0x18C3,0x18C3,0x18C3,0x18C3,0x18C3,0x1104,0x09E8,0x09E8,0x09E8,0x9E59,0xCFBE,
    0xCFBE,0xCFBE,0xCFBE,0xCFBE,0xCFBE,0xCFBE,0xCFBE,0x9E58,0x09E8,0x3B2D,0xFFFF,0xFFFF,
    0x42CB,0x11A7,0x11A7,0x11A7,0x11A7,0x11A7,0x11A7,0x11A7,0x11A7,0x11A7,0x11A7,0x11A7,
    0x11A7,0x42CB,0xFFFF,0xFFFF,0xFFFF,0xFFFF,0xFFFF,0xFFFF,0x3B0C,0x09E8,0x3595,0x3ED9,
    0x3ED9,0x3ED9,0x3ED9,0x3ED9,0x3ED9,0x3ED9,0x3ED9,0x3ED9,0x3ED9,0x3ED9,0x23EF,0x09E8,
    0x09E8,0xF81F,0xF81F,0xF81F,0xDEDC,0xDEDC,0xDEDC,0xDEDC,0xDEDB,0xF81F,0xF81F,0xF81F,
    0xF81F,0xF81F,0xF81F,0xF81F,0xF81F,0xF81F,0xF81F,0xF81F,0xF81F,0xF81F,0xF81F,0xF81F,
    0xF81F,0xF81F,0xF81F,0xF81F,0xF81F,0xF81F,0xF81F,0xF81F,0xF81F,0xF81F,0xF81F,0xF81F,
    0xF81F,0xF81F,0xF81F,0xF81F,0xF81F,0xF81F,0xF81F,0xF81F,0xF81F,0xF81F,0xF81F,0xF81F,
    0xF81F,0xF81F,0xF81F,0xF81F,0xF81F,0xF81F,0xF81F,0x09E8,0x09E8,0x1B4D,0x2C71,0x09E8,
    0x09E8,0x2430,0x3ED9,0x3ED9,0x3ED9,0x3ED9,0x3ED9,0x3ED9,0x3ED9,0x3ED9,0x3ED9,0x3ED9,
    0x3ED9,0x3EB8,0x1229,0x11E8,0xC69A,0x09E8,0x09E8,0x1125,0x18C3,0x18C3,0x18C3,0x18C3,
    0x18C3,0x18C3,0x18C3,0x18C3,0x18C3,0x18C3,0x18C3,0x18C3,0x18C3,0x18C3,0x18C3,0x18C3,
    0x1125,0x09E8,0x09E8,0x1229,0xC79D,0xCFBE,0xCFBE,0xCFBE,0xCFBE,0xCFBE,0xCFBE,0xCFBE,
    0xCFBE,0xC79D,0x1A29,0x11E8,0xE75D,0xFFFF,0x84B3,0x11A7,0x11A7,0x11A7,0x11A7,0x11A7,
    0x11A7,0x11A7,0x11A7,0x11A7,0x11A7,0x11A7,0x11A7,0x8CD3,0xFFFF,0xFFFF,0xFFFF,0xFFFF,
    0xFFFF,0xE75D,0x11E8,0x1229,0x3E98,0x3ED9,0x3ED9,0x3ED9,0x3ED9,0x3ED9,0x3ED9,0x3ED9,
    0x3ED9,0x3ED9,0x3ED9,0x3ED9,0x2430,0x09E8,0x09E8,0xF81F,0xF81F,0xF81F,0xDEDC,0xDEDC,
    0xDEDC,0xDEDC,0xDEDC,0xF81F,0xF81F,0xF81F,0xF81F,0xF81F,0xF81F,0xF81F,0xF81F,0xF81F,
    0xF81F,0xF81F,0xF81F,0xF81F,0xF81F,0xF81F,0xF81F,0xF81F,0xF81F,0xF81F,0xF81F,0xF81F,
    0xF81F,0xF81F,0xF81F,0xF81F,0xF81F,0xF81F,0xF81F,0xF81F,0xF81F,0xF81F,0xF81F,0xF81F,
    0xF81F,0xF81F,0xF81F,0xF81F,0xF81F,0xF81F,0xF81F,0xF81F,0xF81F,0xF81F,0xF81F,0xF81F,
    0x09E8,0x09E8,0x1209,0x3E16,0x2C71,0x09E8,0x09E8,0x2430,0x3ED9,0x3ED9,0x3ED9,0x3ED9,
    0x3ED9,0x3ED9,0x3ED9,0x3ED9,0x3ED9,0x3ED9,0x3ED9,0x3ED9,0x1B6D,0x09E8,0x9555,0x226A,
    0x09E8,0x11C8,0x1125,0x1105,0x1105,0x1105,0x1105,0x1105,0x1105,0x1105,0x1105,0x1105,
    0x1105,0x1105,0x1105,0x1105,0x1105,0x1125,0x11C8,0x09E8,0x09E8,0x4BCF,0xCFBE,0xCFBE,
    0xCFBE,0xCFBE,0xCFBE,0xCFBE,0xCFBE,0xCFBE,0xCFBE,0xCFBE,0x4BCF,0x09E8,0x9555,0xFFFF,
    0xEF7D,0x21E8,0x11A7,0x11A7,0x11A7,0x11A7,0x11A7,0x11A7,0x11A7,0x11A7,0x11A7,0x11A7,
    0x2208,0xEF7D,0xFFFF,0xFFFF,0xFFFF,0xFFFF,0xFFFF,0x9555,0x09E8,0x1B8E,0x3ED9,0x3ED9,
    0x3ED9,0x3ED9,0x3ED9,0x3ED9,0x3ED9,0x3ED9,0x3ED9,0x3ED9,0x3ED9,0x3ED9,0x2430,0x09E8,
    0x09E8,0xF81F,0xF81F,0xD6BC,0xDEDC,0xDEDC,0xDEDC,0xDEDC,0xDEDC,0xF81F,0xF81F,0xF81F,
    0xF81F,0xF81F,0xF81F,0xF81F,0xF81F,0xF81F,0xF81F,0xF81F,0xF81F,0xF81F,0xF81F,0xF81F,
    0xF81F,0xF81F,0xF81F,0xF81F,0xF81F,0xF81F,0xF81F,0xF81F,0xF81F,0xF81F,0xF81F,0xF81F,
    0xF81F,0xF81F,0xF81F,0xF81F,0xF81F,0xF81F,0xF81F,0xF81F,0xF81F,0xF81F,0xF81F,0xF81F,
    0xF81F,0xF81F,0xF81F,0xF81F,0xF81F,0xF81F,0x09E8,0x09E8,0x2430,0x3ED9,0x2CB2,0x09E8,
    0x09E8,0x23EF,0x3ED9,0x3ED9,0x3ED9,0x3ED9,0x3ED9,0x3ED9,0x3ED9,0x3ED9,0x3ED9,0x3ED9,
    0x3ED9,0x3ED9,0x3554,0x09E8,0x226A,0xA5B6,0x09E8,0x09E8,0x09E8,0x09E8,0x09E8,0x09E8,
    0x09E8,0x09E8,0x09E8,0x09E8,0x09E8,0x09E8,0x09E8,0x09E8,0x09E8,0x09E8,0x09E8,0x09E8,
    0x09E8,0x09E8,0x09E8,0x9617,0xCFBE,0xCFBE,0xCFBE,0xCFBE,0xCFBE,0xCFBE,0xCFBE,0xCFBE,
    0xCFBE,0xCFBE,0x95F7,0x09E8,0x226A,0xF7BE,0xFFFF,0xB5F7,0x11A7,0x11A7,0x11A7,0x11A7,
    0x11A7,0x11A7,0x11A7,0x11A7,0x11A7,0x11A7,0xB5F7,0xFFFF,0xFFFF,0xFFFF,0xFFFF,0xFFFF,
    0xF7BE,0x226A,0x09E8,0x3554,0x3ED9,0x3ED9,0x3ED9,0x3ED9,0x3ED9,0x3ED9,0x3ED9,0x3ED9,
    0x3ED9,0x3ED9,0x3ED9,0x3ED9,0x23EF,0x09E8,0x09E8,0xF81F,0xF81F,0xD6BC,0xDEDC,0xDEDC,
    0xDEDC,0xDEDC,0xF81F,0xF81F,0xF81F,0xF81F,0xF81F,0xF81F,0xF81F,0xF81F,0xF81F,0xF81F,
    0xF81F,0xF81F,0xF81F,0xF81F,0xF81F,0xF81F,0xF81F,0xF81F,0xF81F,0xF81F,0xF81F,0xF81F,
    0xF81F,0xF81F,0xF81F,0xF81F,0xF81F,0xF81F,0xF81F,0xF81F,0xF81F,0xF81F,0xF81F,0xF81F,
    0xF81F,0xF81F,0xF81F,0xF81F,0xF81F,0xF81F,0xF81F,0xF81F,0xF81F,0xF81F,0xF81F,0x09E8,
    0x09E8,0x1208,0x3E37,0x3ED9,0x2CF2,0x09E8,0x09E8,0x23AE,0x3ED9,0x3ED9,0x3ED9,0x3ED9,
    0x3ED9,0x3ED9,0x3ED9,0x3ED9,0x3ED9,0x46B9,0x5E58,0x7E18,0x85F8,0x6B90,0x5AAC,0x9493,
    0xADD7,0x226A,0x09E8,0x09E8,0x09E8,0x09E8,0x09E8,0x09E8,0x09E8,0x09E8,0x09E8,0x09E8,
    0x09E8,0x09E8,0x09E8,0x09E8,0x09E8,0x09E8,0x1A29,0x09E8,0x3B4D,0xCFBE,0xCFBE,0xCFBE,
    0xCFBE,0xCFBE,0xCFBE,0xCFBE,0xCFBE,0xCFBE,0xCFBE,0xCFBE,0xCFBE,0x3B4D,0x09E8,0x7CB3,
    0xFFFF,0xFFFF,0xB5F7,0x21E8,0x11A7,0x11A7,0x11A7,0x11A7,0x11A7,0x11A7,0x2208,0xB5F7,
    0xFFFF,0xFFFF,0xFFFF,0xFFFF,0xFFFF,0xFFFF,0x8C93,0x5AAC,0x73B0,0x85F8,0x7E18,0x5E58,
    0x46B9,0x3ED9,0x3ED9,0x3ED9,0x3ED9,0x3ED9,0x3ED9,0x3ED9,0x3ED9,0x3ED9,0x23AE,0x09E8,
    0x09E8,0xF81F,0xF81F,0xDEDC,0xDEDC,0xDEDC,0xDEDC,0xDEDB,0xF81F,0xF81F,0xF81F,0xF81F,
    0xF81F,0xF81F,0xF81F,0xF81F,0xF81F,0xF81F,0xF81F,0xF81F,0xF81F,0xF81F,0xF81F,0xF81F,
    0xF81F,0xF81F,0xF81F,0xF81F,0xF81F,0xF81F,0xF81F,0xF81F,0xF81F,0xF81F,0xF81F,0xF81F,
    0xF81F,0xF81F,0xF81F,0xF81F,0xF81F,0xF81F,0xF81F,0xF81F,0xF81F,0xF81F,0xF81F,0xF81F,
    0xF81F,0xF81F,0xF81F,0xF81F,0xF81F,0x09E8,0x09E8,0x1B6D,0x3ED9,0x3ED9,0x3533,0x09E8,
    0x09E8,0x1B6D,0x3ED9,0x3ED9,0x3ED9,0x3ED9,0x3ED9,0x3ED9,0x3ED9,0x4EB9,0x95D8,0xCD17,
    0xDCF7,0xDCF7,0xDCF7,0xDCB6,0xD3F4,0xCBF4,0xECD7,0xFE7C,0xDEFC,0xB5F8,0x63F0,0x328B,
    0x19E8,0x19E8,0x328B,0x6BF0,0xB5F8,0xBE59,0xBE59,0xBE59,0xBE59,0xBE59,0xBE59,0x9535,
    0x09E8,0x1208,0xA699,0xCFBE,0xCFBE,0xCFBE,0xCFBE,0xCFBE,0xCFBE,0xCFBE,0xCFBE,0xCFBE,
    0xCFBE,0xCFBE,0xCFBE,0xA699,0x1208,0x11E8,0xADD7,0xFFFF,0xFFFF,0xEF7D,0x84D3,0x42EB,
    0x19E8,0x19E8,0x42EB,0x8CD3,0xEF7D,0xFFFF,0xFFFF,0xFFFF,0xFFFF,0xFFDF,0xFE7C,0xECD7,
    0xCBF3,0xD3F4,0xDCB6,0xDCF7,0xDCF7,0xDCF7,0xCD17,0x95D8,0x4EB9,0x3ED9,0x3ED9,0x3ED9,
    0x3ED9,0x3ED9,0x3ED9,0x3ED9,0x1B6D,0x09E8,0x09E8,0xF81F,0xD6BB,0xDEDC,0xDEDC,0xDEDC,
    0xDEDC,0xD6BB,0xF81F,0xF81F,0xF81F,0xF81F,0xF81F,0xF81F,0xF81F,0xF81F,0xF81F,0xF81F,
    0xF81F,0xF81F,0xF81F,0xF81F,0xF81F,0xF81F,0xF81F,0xF81F,0xF81F,0xF81F,0xF81F,0xF81F,
    0xF81F,0xF81F,0xF81F,0xF81F,0xF81F,0xF81F,0xF81F,0xF81F,0xF81F,0xF81F,0xF81F,0xF81F,
    0xF81F,0xF81F,0xF81F,0xF81F,0xF81F,0xF81F,0xF81F,0xF81F,0xF81F,0xF81F,0xF81F,0x09E8,
    0x09E8,0x2CF2,0x3ED9,0x3ED9,0x3594,0x09E8,0x09E8,0x1B0C,0x3ED9,0x3ED9,0x3ED9,0x3ED9,
    0x3ED9,0x3ED9,0x6658,0xCD17,0xDCF7,0xDCF7,0xDCF7,0xDCF7,0xDCF7,0xE4F7,0xE4B6,0xCBF3,
    0xD3F4,0xECB7,0xFD79,0xFF7E,0xFFFF,0xFFFF,0xFFFF,0xFFFF,0xFFFF,0xFFFF,0xFFFF,0xFFFF,
    0xFFFF,0xFFFF,0xFFFF,0xFFFF,0xADD7,0x1209,0x09E8,0x8575,0xCFBE,0xCFBE,0xCFBE,0xCFBE,
    0xCFBE,0xCFBE,0xCFBE,0xCFBE,0xCFBE,0xCFBE,0xCFBE,0xCFBE,0xCFBE,0xCFBE,0x7D75,0x09E8,
    0x1209,0xADD7,0xFFFF,0xFFFF,0xFFFF,0xFFFF,0xFFFF,0xFFFF,0xFFFF,0xFFFF,0xFFFF,0xFFFF,
    0xFFFF,0xFFFF,0xFF5E,0xFD79,0xECB7,0xD3F4,0xCBF3,0xE4B6,0xE4F7,0xDCF7,0xDCF7,0xDCF7,
    0xDCF7,0xDCF7,0xCD17,0x6678,0x3ED9,0x3ED9,0x3ED9,0x3ED9,0x3ED9,0x3ED9,0x1AEC,0x09E8,
    0x09E8,0xA576,0xDEDC,0xDEDC,0xDEDC,0xDEDC,0xD6BB,0xF81F,0xF81F,0xF81F,0xF81F,0xF81F,
    0xF81F,0xF81F,0xF81F,0xF81F,0xF81F,0xF81F,0xF81F,0xF81F,0xF81F,0xF81F,0xF81F,0xF81F,
    0xF81F,0xF81F,0xF81F,0xF81F,0xF81F,0xF81F,0xF81F,0xF81F,0xF81F,0xF81F,0xF81F,0xF81F,
    0xF81F,0xF81F,0xF81F,0xF81F,0xF81F,0xF81F,0xF81F,0xF81F,0xF81F,0xF81F,0xF81F,0xF81F,
    0xF81F,0xF81F,0xF81F,0xF81F,0xF81F,0x09E8,0x09E8,0x3E57,0x3ED9,0x3ED9,0x3E37,0x09E8,
    0x09E8,0x1249,0x3ED9,0x3ED9,0x3ED9,0x3ED9,0x3ED9,0x5698,0xD517,0xDCF7,0xDCF7,0xDCF7,
    0xDCF7,0xDCF7,0xDCF7,0xE517,0xF518,0xE475,0xCBF3,0xCBF4,0xE496,0xFD58,0xFF9E,0xFFFF,
    0xFFFF,0xFFFF,0xFFFF,0xFFFF,0xFFFF,0xFFFF,0xFFFF,0xFFFF,0xF7BE,0x7C92,0x09E8,0x09E8,
    0x6492,0xCFBE,0xCFBE,0xCFBE,0xCFBE,0xCFBE,0xCFBE,0xCFBE,0xCFBE,0xCFBE,0xCFBE,0xCFBE,
    0xCFBE,0xCFBE,0xCFBE,0xCFBE,0xCFBE,0x6492,0x09E8,0x11E8,0x7CB3,0xF7BE,0xFFFF,0xFFFF,
    0xFFFF,0xFFFF,0xFFFF,0xFFFF,0xFFFF,0xFFFF,0xFFFF,0xFF9E,0xFD58,0xE476,0xCBF3,0xCBF3,
    0xE475,0xF518,0xE517,0xDCF7,0xDCF7,0xDCF7,0xDCF7,0xDCF7,0xDCF7,0xCD17,0x5678,0x3ED9,
    0x3ED9,0x3ED9,0x3ED9,0x3ED9,0x1249,0x09E8,0x1A29,0xD6BB,0xDEDC,0xDEDC,0xDEDC,0xDEDC,
    0xDEDB,0xF81F,0xF81F,0xF81F,0xF81F,0xF81F,0xF81F,0xF81F,0xF81F,0xF81F,0xF81F,0xF81F,
    0xF81F,0xF81F,0xF81F,0xF81F,0xF81F,0xF81F,0xF81F,0xF81F,0xF81F,0xF81F,0xF81F,0xF81F,
    0xF81F,0xF81F,0xF81F,0xF81F,0xF81F,0xF81F,0xF81F,0xF81F,0xF81F,0xF81F,0xF81F,0xF81F,
    0xF81F,0xF81F,0xF81F,0xF81F,0xF81F,0xF81F,0xF81F,0xF81F,0xF81F,0xF81F,0x09E8,0x09E8,
    0x1249,0x3ED9,0x3ED9,0x3ED9,0x3EB9,0x1229,0x09E8,0x09E8,0x3E77,0x3ED9,0x3ED9,0x3ED9,
    0x3ED9,0xA598,0xDCF7,0xDCF7,0xDCF7,0xDCF7,0xDCF7,0xDCF7,0xDCF7,0xED18,0xF518,0xF518,
    0xE4B6,0xD3F4,0xCBF3,0xD414,0xCCD6,0xE75D,0xFFFF,0xFFFF,0xFFFF,0xFFFF,0xFFFF,0xFFFF,
    0xE75D,0x9555,0x226A,0x09E8,0x1208,0x8575,0xCFBE,0xCFBE,0xCFBE,0xCFBE,0xCFBE,0xCFBE,
    0xCFBE,0xCFBE,0xCFBE,0xCFBE,0xCFBE,0xCFBE,0xCFBE,0xCFBE,0xCFBE,0xCFBE,0xCFBE,0xCFBE,
    0x7D55,0x1208,0x09E8,0x226A,0x9555,0xE75D,0xFFFF,0xFFFF,0xFFFF,0xFFFF,0xFFFF,0xFFFF,
    0xE75D,0xCCD6,0xD414,0xCBF3,0xD3F4,0xE4B6,0xF518,0xF518,0xED18,0xDCF7,0xDCF7,0xDCF7,
    0xDCF7,0xDCF7,0xDCF7,0xDCF7,0xA597,0x3ED9,0x3ED9,0x3ED9,0x3ED9,0x3E57,0x09E8,0x09E8,
    0x84D3,0xDEDC,0xDEDC,0xDEDC,0xDEDC,0xD6BB,0xF81F,0xF81F,0xF81F,0xF81F,0xF81F,0xF81F,
    0xF81F,0xF81F,0xF81F,0xF81F,0xF81F,0xF81F,0xF81F,0xF81F,0xF81F,0xF81F,0xF81F,0xF81F,
    0xF81F,0xF81F,0xF81F,0xF81F,0xF81F,0xF81F,0xF81F,0xF81F,0xF81F,0xF81F,0xF81F,0xF81F,
    0xF81F,0xF81F,0xF81F,0xF81F,0xF81F,0xF81F,0xF81F,0xF81F,0xF81F,0xF81F,0xF81F,0xF81F,
    0xF81F,0xF81F,0xF81F,0xF81F,0x09E8,0x09E8,0x1AEC,0x3ED9,0x3ED9,0x3ED9,0x3ED9,0x1AEB,
    0x09E8,0x09E8,0x3595,0x3ED9,0x3ED9,0x3ED9,0x3ED9,0xCD17,0xDCF7,0xDCF7,0xDCF7,0xDCF7,
    0xDCF7,0xDCF7,0xDCF7,0xF518,0xF518,0xF518,0xF518,0xECF7,0xDC35,0xCBF3,0xC3D2,0x11E8,
    0x3B0C,0x6410,0x7C92,0x7C92,0x6410,0x3B0C,0x11E8,0x09E8,0x09E8,0x3B4D,0xA699,0xCFBE,
    0xCFBE,0xCFBE,0xCFBE,0xCFBE,0xCFBE,0xCFBE,0xCFBE,0xCFBE,0xCFBE,0xCFBE,0xCFBE,0xCFBE,
    0xCFBE,0xCFBE,0xCFBE,0xCFBE,0xCFBE,0xCFBE,0xCFBE,0xA699,0x3B4D,0x09E8,0x09E8,0x11E8,
    0x3B0C,0x6410,0x7C92,0x7C92,0x6410,0x3B0C,0x11E8,0xC3D3,0xCBF3,0xDC35,0xECF7,0xF518,
    0xF518,0xF518,0xF518,0xDCF7,0xDCF7,0xDCF7,0xDCF7,0xDCF7,0xDCF7,0xDCF7,0xCD17,0x3ED9,
    0x3ED9,0x3ED9,0x3ED9,0x3595,0x09E8,0x3B0D,0xD6BB,0xDEDC,0xDEDC,0xDEDC,0xDEDC,0xD6BC,
    0xF81F,0xF81F,0xF81F,0xF81F,0xF81F,0xF81F,0xF81F,0xF81F,0xF81F,0xF81F,0xF81F,0xF81F,
    0xF81F,0xF81F,0xF81F,0xF81F,0xF81F,0xF81F,0xF81F,0xF81F,0xF81F,0xF81F,0xF81F,0xF81F,
    0xF81F,0xF81F,0xF81F,0xF81F,0xF81F,0xF81F,0xF81F,0xF81F,0xF81F,0xF81F,0xF81F,0xF81F,
    0xF81F,0xF81F,0xF81F,0xF81F,0xF81F,0xF81F,0xF81F,0xF81F,0xF81F,0xF81F,0x09E8,0x09E8,
    0x1B2D,0x3ED9,0x3ED9,0x3ED9,0x3ED9,0x23AE,0x09E8,0x09E8,0x2CB2,0x3ED9,0x3ED9,0x3ED9,
    0x3ED9,0xCD17,0xDCF7,0xDCF7,0xDCF7,0xDCF7,0xDCF7,0xDCF7,0xDCF7,0xF518,0xF518,0xF518,
    0xF518,0xF518,0xF518,0xECD7,0xD454,0x1A29,0x09E8,0x09E8,0x09E8,0x09E8,0x09E8,0x09E8,
    0x1A29,0x4BCF,0x9617,0xCFBE,0xCFBE,0xCFBE,0xCFBE,0xCFBE,0xCFBE,0xCFBE,0xCFBE,0xCFBE,
    0xCFBE,0xCFBE,0xCFBE,0xCFBE,0xCFBE,0xCFBE,0xCFBE,0xCFBE,0xCFBE,0xCFBE,0xCFBE,0xCFBE,
    0xCFBE,0xCFBE,0xCFBE,0x9617,0x4BCF,0x1A29,0x09E8,0x09E8,0x09E8,0x09E8,0x09E8,0x09E8,
    0x1A29,0xD454,0xECD7,0xF518,0xF518,0xF518,0xF518,0xF518,0xF518,0xDCF7,0xDCF7,0xDCF7,
    0xDCF7,0xDCF7,0xDCF7,0xDCF7,0xCD17,0x3ED9,0x3ED9,0x3ED9,0x3ED9,0x2CB1,0x1A49,0xC639,
    0xDEDC,0xDEDC,0xDEDC,0xDEDC,0xDEDB,0xF81F,0xF81F,0xF81F,0xF81F,0xF81F,0xF81F,0xF81F,
    0xF81F,0xF81F,0xF81F,0xF81F,0xF81F,0xF81F,0xF81F,0xF81F,0xF81F,0xF81F,0xF81F,0xF81F,
    0xF81F,0xF81F,0xF81F,0xF81F,0xF81F,0xF81F,0xF81F,0xF81F,0xF81F,0xF81F,0xF81F,0xF81F,
    0xF81F,0xF81F,0xF81F,0xF81F,0xF81F,0xF81F,0xF81F,0xF81F,0xF81F,0xF81F,0xF81F,0xF81F,
    0xF81F,0xF81F,0xF81F,0xF81F,0x09E8,0x09E8,0x1B2C,0x3ED9,0x3ED9,0x3ED9,0x3ED9,0x2CB2,
    0x09E8,0x09E8,0x1B6D,0x3ED9,0x3ED9,0x3ED9,0x3ED9,0xA597,0xDCF7,0xDCF7,0xDCF7,0xDCF7,
    0xDCF7,0xDCF7,0xDCF7,0xF518,0xF518,0xF518,0xF518,0xF518,0xF518,0xF518,0xE61A,0xC79D,
    0x9E59,0x8DB6,0x7D34,0x7D34,0x8DB6,0x9E59,0xC79D,0xCFBE,0xCFBE,0xCFBE,0xCFBE,0xCFBE,
    0xCFBE,0xCFBE,0xCFBE,0xCFBE,0xCFBE,0xCFBE,0xCFBE,0xCFBE,0xCFBE,0xCFBE,0xCFBE,0xCFBE,
    0xCFBE,0xCFBE,0xCFBE,0xCFBE,0xCFBE,0xCFBE,0xCFBE,0xCFBE,0xCFBE,0xCFBE,0xCFBE,0xC79D,
    0x9E59,0x8DB6,0x7D34,0x7D34,0x8DB6,0x9E59,0xC79D,0xE61A,0xF518,0xF518,0xF518,0xF518,
    0xF518,0xF518,0xF518,0xDCF7,0xDCF7,0xDCF7,0xDCF7,0xDCF7,0xDCF7,0xDCF7,0xA597,0x3ED9,
    0x3ED9,0x3ED9,0x3ED9,0x236D,0xA576,0xDEDC,0xDEDC,0xDEDC,0xDEDC,0xDEDC,0xF81F,0xF81F,
    0xF81F,0xF81F,0xF81F,0xF81F,0xF81F,0xF81F,0xF81F,0xF81F,0xF81F,0xF81F,0xF81F,0xF81F,
    0xF81F,0xF81F,0xF81F,0xF81F,0xF81F,0xF81F,0xF81F,0xF81F,0xF81F,0xF81F,0xF81F,0xF81F,
    0xF81F,0xF81F,0xF81F,0xF81F,0xF81F,0xF81F,0xF81F,0xF81F,0xF81F,0xF81F,0xF81F,0xF81F,
    0xF81F,0xF81F,0xF81F,0xF81F,0xF81F,0xF81F,0xF81F,0xF81F,0xF81F,0xF81F,0x09E8,0x09E8,
    0x1ACB,0x3ED9,0x3ED9,0x3ED9,0x3ED9,0x3E16,0x09E8,0x09E8,0x1229,0x3EB8,0x3ED9,0x3ED9,
    0x3ED9,0x5698,0xD517,0xDCF7,0xDCF7,0xDCF7,0xDCF7,0xDCF7,0xDCF7,0xF518,0xF518,0xF518,
    0xF518,0xF518,0xF518,0xF558,0xD75D,0xCFBE,0xCFBE,0xCFBE,0xCFBE,0xCFBE,0xCFBE,0xCFBE,
    0xCFBE,0xCFBE,0xCFBE,0xCFBE,0xCFBE,0xCFBE,0xCFBE,0xCFBE,0xCFBE,0xCFBE,0xCFBE,0xCFBE,
    0xCFBE,0xCFBE,0xCFBE,0xCFBE,0xCFBE,0xCFBE,0xCFBE,0xCFBE,0xCFBE,0xCFBE,0xCFBE,0xCFBE,
    0xCFBE,0xCFBE,0xCFBE,0xCFBE,0xCFBE,0xCFBE,0xCFBE,0xCFBE,0xCFBE,0xCFBE,0xCFBE,0xCFBE,
    0xCFBE,0xD75D,0xF558,0xF518,0xF518,0xF518,0xF518,0xF518,0xF518,0xDCF7,0xDCF7,0xDCF7,
    0xDCF7,0xDCF7,0xDCF7,0xCD17,0x5698,0x3ED9,0x3ED9,0x3ED9,0x3EB8,0x8D14,0xDEDC,0xDEDC,
    0xDEDC,0xDEDC,0xDEDC,0xD6BB,0xF81F,0xF81F,0xF81F,0xF81F,0xF81F,0xF81F,0xF81F,0xF81F,
    0xF81F,0xF81F,0xF81F,0xF81F,0xF81F,0xF81F,0xF81F,0xF81F,0xF81F,0xF81F,0xF81F,0xF81F,
    0xF81F,0xF81F,0xF81F,0xF81F,0xF81F,0xF81F,0xF81F,0xF81F,0xF81F,0xF81F,0xF81F,0xF81F,
    0xF81F,0xF81F,0xF81F,0xF81F,0xF81F,0xF81F,0xF81F,0xF81F,0xF81F,0xF81F,0xF81F,0xF81F,
    0xF81F,0xF81F,0xF81F,0xF81F,0x09E8,0x09E8,0x1209,0x3EB9,0x3ED9,0x3ED9,0x3ED9,0x3ED9,
    0x128A,0x09E8,0x09E8,0x35B5,0x3ED9,0x3ED9,0x3ED9,0x3ED9,0x6678,0xCD17,0xDCF7,0xDCF7,
    0xDCF7,0xDCF7,0xDCF7,0xF518,0xF518,0xF518,0xF518,0xF518,0xF558,0xD73C,0xCFBE,0xCFBE,
    0xCFBE,0xCFBE,0xCFBE,0xCFBE,0xCFBE,0xCFBE,0xCFBE,0xCFBE,0xCFBE,0xCFBE,0xCFBE,0xCFBE,
    0xCFBE,0xCFBE,0xCFBE,0xCFBE,0xCFBE,0xCFBE,0xCFBE,0xCFBE,0xCFBE,0xCFBE,0xCFBE,0xCFBE,
    0xCFBE,0xCFBE,0xCFBE,0xCFBE,0xCFBE,0xCFBE,0xCFBE,0xCFBE,0xCFBE,0xCFBE,0xCFBE,0xCFBE,
    0xCFBE,0xCFBE,0xCFBE,0xCFBE,0xCFBE,0xCFBE,0xCFBE,0xCFBE,0xD73C,0xF558,0xF518,0xF518,
    0xF518,0xF518,0xF518,0xDCF7,0xDCF7,0xDCF7,0xDCF7,0xDCF7,0xCD17,0x5E78,0x3ED9,0x3ED9,
    0x3ED9,0x3ED9,0x8E38,0xDEDC,0xDEDC,0xDEDC,0xDEDC,0xDEDC,0xD6BC,0xF81F,0xF81F,0xF81F,
    0xF81F,0xF81F,0xF81F,0xF81F,0xF81F,0xF81F,0xF81F,0xF81F,0xF81F,0xF81F,0xF81F,0xF81F,
    0xF81F,0xF81F,0xF81F,0xF81F,0xF81F,0xF81F,0xF81F,0xF81F,0xF81F,0xF81F,0xF81F,0xF81F,
    0xF81F,0xF81F,0xF81F,0xF81F,0xF81F,0xF81F,0xF81F,0xF81F,0xF81F,0xF81F,0xF81F,0xF81F,
    0xF81F,0xF81F,0xF81F,0xF81F,0xF81F,0xF81F,0xF81F,0xF81F,0xF81F,0xF81F,0xF81F,0x09E8,
    0x09E8,0x35B5,0x3ED9,0x3ED9,0x3ED9,0x3ED9,0x23CF,0x09E8,0x09E8,0x2430,0x3ED9,0x3ED9,
    0x3ED9,0x3ED9,0x3ED9,0x4EB9,0x8DD8,0xCD17,0xDCF7,0xDCF7,0xDCF7,0xF518,0xF518,0xF518,
    0xF558,0xE67B,0xCF9D,0xCFBE,0xCFBE,0xCFBE,0xCFBE,0xCFBE,0xCFBE,0xCFBE,0xCFBE,0xCFBE,
    0xCFBE,0xCFBE,0xCFBE,0xCFBE,0xCFBE,0xCFBE,0xCFBE,0xCFBE,0xCFBE,0xCFBE,0xCFBE,0xCFBE,
    0xCFBE,0xCFBE,0xCFBE,0xCFBE,0xCFBE,0xCFBE,0xCFBE,0xCFBE,0xCFBE,0xCFBE,0xCFBE,0xCFBE,
    0xCFBE,0xCFBE,0xCFBE,0xCFBE,0xCFBE,0xCFBE,0xCFBE,0xCFBE,0xCFBE,0xCFBE,0xCFBE,0xCFBE,
    0xCFBE,0xCFBE,0xCFBE,0xCF9D,0xE65A,0xF558,0xF518,0xF518,0xF518,0xDCF7,0xDCF7,0xDCF7,
    0xCD17,0x8DD8,0x46B9,0x3ED9,0x3ED9,0x3ED9,0x3ED9,0x96DA,0xDEDC,0xDEDC,0xDEDC,0xDEDC,
    0xDEDC,0xDEDB,0xF81F,0xF81F,0xF81F,0xF81F,0xF81F,0xF81F,0xF81F,0xF81F,0xF81F,0xF81F,
    0xF81F,0xF81F,0xF81F,0xF81F,0xF81F,0xF81F,0xF81F,0xF81F,0xF81F,0xF81F,0xF81F,0xF81F,
    0xF81F,0xF81F,0xF81F,0xF81F,0xF81F,0xF81F,0xF81F,0xF81F,0xF81F,0xF81F,0xF81F,0xF81F,
    0xF81F,0xF81F,0xF81F,0xF81F,0xF81F,0xF81F,0xF81F,0xF81F,0xF81F,0xF81F,0xF81F,0xF81F,
    0xF81F,0xF81F,0xF81F,0xF81F,0xF81F,0x09E8,0x09E8,0x23EF,0x3ED9,0x3ED9,0x3ED9,0x3ED9,
    0x3554,0x09E8,0x09E8,0x126A,0x3EB9,0x3ED9,0x3ED9,0x3ED9,0x3ED9,0x3ED9,0x3ED9,0x46D9,
    0x5E78,0x7E18,0x85F8,0xC65A,0xDEBB,0xD73C,0xCFBE,0xCFBE,0xCFBE,0xCFBE,0xCFBE,0xCFBE,
    0xCFBE,0xCFBE,0xCFBE,0xCFBE,0xCFBE,0xCFBE,0xCFBE,0xCFBE,0x8575,0x8554,0xC77D,0xCFBE,
    0xCFBE,0xCFBE,0xCFBE,0xCFBE,0xCFBE,0xCFBE,0xCFBE,0xCFBE,0xCFBE,0xCFBE,0xCFBE,0xCFBE,
    0xCFBE,0xCFBE,0xCFBE,0xCFBE,0xCFBE,0xCFBE,0xCFBE,0xC79D,0x8DB6,0x8DB6,0xCFBE,0xCFBE,
    0xCFBE,0xCFBE,0xCFBE,0xCFBE,0xCFBE,0xCFBE,0xCFBE,0xCFBE,0xCFBE,0xCFBE,0xCFBE,0xCFBE,
    0xD73C,0xDEBB,0xC65A,0x85F8,0x7E18,0x5E78,0x46D9,0x3ED9,0x3ED9,0x3ED9,0x3ED9,0x46D9,
    0x9EDA,0xDEDC,0xDEDC,0xDEDC,0xDEDC,0xDEDC,0xDEDC,0xF81F,0xF81F,0xF81F,0xF81F,0xF81F,
    0xF81F,0xF81F,0xF81F,0xF81F,0xF81F,0xF81F,0xF81F,0xF81F,0xF81F,0xF81F,0xF81F,0xF81F,
    0xF81F,0xF81F,0xF81F,0xF81F,0xF81F,0xF81F,0xF81F,0xF81F,0xF81F,0xF81F,0xF81F,0xF81F,
    0xF81F,0xF81F,0xF81F,0xF81F,0xF81F,0xF81F,0xF81F,0xF81F,0xF81F,0xF81F,0xF81F,0xF81F,
    0xF81F,0xF81F,0xF81F,0xF81F,0xF81F,0xF81F,0xF81F,0xF81F,0xF81F,0xF81F,0xF81F,0x09E8,
    0x09E8,0x1209,0x3E16,0x3ED9,0x3ED9,0x3ED9,0x3EB8,0x124A,0x09E8,0x09E8,0x3574,0x3ED9,
    0x3ED9,0x3ED9,0x3ED9,0x3ED9,0x3ED9,0x3ED9,0x3ED9,0x3ED9,0x3ED9,0x8F3B,0xCFBE,0xCFBE,
    0xCFBE,0xCFBE,0xCFBE,0xCFBE,0xCFBE,0xCFBE,0xCFBE,0xCFBE,0xCFBE,0xCFBE,0xCFBE,0xCFBE,
    0xCFBE,0xCFBE,0xCFBD,0x4B8E,0x19E8,0x5BEF,0x95B6,0xC75C,0xCFBE,0xCFBE,0xCFBE,0xCFBE,
    0xCFBE,0xCFBE,0xCFBE,0xCFBE,0xCFBE,0xCFBE,0xCFBE,0xCFBE,0xCFBE,0xCFBE,0xC75C,0x8DB6,
    0x5BEF,0x19E8,0x4B8E,0xCFBD,0xCFBE,0xCFBE,0xCFBE,0xCFBE,0xCFBE,0xCFBE,0xCFBE,0xCFBE,
    0xCFBE,0xCFBE,0xCFBE,0xCFBE,0xCFBE,0xCFBE,0xCFBE,0xCFBE,0x8F5B,0x3ED9,0x3ED9,0x3ED9,
    0x3ED9,0x3ED9,0x3ED9,0x3ED9,0x4ED9,0xAEDB,0xDEDC,0xDEDC,0xDEDC,0xDEDC,0xDEDC,0xDEDC,
    0xDEDB,0xF81F,0xF81F,0xF81F,0xF81F,0xF81F,0xF81F,0xF81F,0xF81F,0xF81F,0xF81F,0xF81F,
    0xF81F,0xF81F,0xF81F,0xF81F,0xF81F,0xF81F,0xF81F,0xF81F,0xF81F,0xF81F,0xF81F,0xF81F,
    0xF81F,0xF81F,0xF81F,0xF81F,0xF81F,0xF81F,0xF81F,0xF81F,0xF81F,0xF81F,0xF81F,0xF81F,
    0xF81F,0xF81F,0xF81F,0xF81F,0xF81F,0xF81F,0xF81F,0xF81F,0xF81F,0xF81F,0xF81F,0xF81F,
    0xF81F,0xF81F,0xF81F,0xF81F,0xF81F,0xF81F,0x09E8,0x09E8,0x1AEC,0x3E78,0x3ED9,0x3ED9,
    0x3ED9,0x2410,0x09E8,0x09E8,0x1B8E,0x3ED9,0x3ED9,0x3ED9,0x3ED9,0x3ED9,0x3ED9,0x3ED9,
    0x3ED9,0x3ED9,0x3ED9,0x6F1A,0xCFBE,0xCFBE,0xCFBE,0xCFBE,0xCFBE,0xCFBE,0xCFBE,0xCFBE,
    0xCFBE,0xCFBE,0xCFBE,0xCFBE,0xCFBE,0xCFBE,0xCFBE,0xCFBE,0xCFBE,0xC79D,0x434D,0x11A7,
    0x11A7,0x19C7,0x430C,0x6430,0x8554,0x9E38,0xB6DA,0xBF3C,0xC79D,0xC79D,0xBF3C,0xB6DA,
    0x9E38,0x8554,0x6430,0x3B0C,0x11A7,0x11A7,0x11A7,0x4B4D,0xC79D,0xCFBE,0xCFBE,0xCFBE,
    0xCFBE,0xCFBE,0xCFBE,0xCFBE,0xCFBE,0xCFBE,0xCFBE,0xCFBE,0xCFBE,0xCFBE,0xCFBE,0xCFBE,
    0xCFBE,0xCFBE,0x6F1A,0x3ED9,0x3ED9,0x46B8,0x56B7,0x3ED9,0x3ED9,0x5ED9,0xBEDB,0xDEDC,
    0xDEDC,0xDEDC,0xDEDC,0xDEDC,0xDEDC,0xD6BB,0xF81F,0xF81F,0xF81F,0xF81F,0xF81F,0xF81F,
    0xF81F,0xF81F,0xF81F,0xF81F,0xF81F,0xF81F,0xF81F,0xF81F,0xF81F,0xF81F,0xF81F,0xF81F,
    0xF81F,0xF81F,0xF81F,0xF81F,0xF81F,0xF81F,0xF81F,0xF81F,0xF81F,0xF81F,0xF81F,0xF81F,
    0xF81F,0xF81F,0xF81F,0xF81F,0xF81F,0xF81F,0xF81F,0xF81F,0xF81F,0xF81F,0xF81F,0xF81F,
    0xF81F,0xF81F,0xF81F,0xF81F,0xF81F,0xF81F,0xF81F,0xF81F,0xF81F,0xF81F,0xF81F,0xF81F,
    0x09E8,0x09E8,0x09E8,0x1ACB,0x35B5,0x3ED9,0x3ED9,0x35F6,0x09E8,0x09E8,0x1208,0x3E37,
    0x3ED9,0x3ED9,0x3ED9,0x3ED9,0x3ED9,0x3ED9,0x3ED9,0x3ED9,0x3ED9,0x46D9,0xCFBD,0xCFBE,
    0xCFBE,0xCFBE,0xCFBE,0xCFBE,0xCFBE,0xCFBE,0xCFBE,0xCFBE,0xCFBE,0xCFBE,0xCFBE,0xCFBE,
    0xCFBE,0xCFBE,0xCFBE,0xCFBE,0xC79D,0x4B6D,0x11A7,0x11A7,0x11A7,0x11A7,0x11A7,0x11A7,
    0x11A7,0x11A7,0x11A7,0x11A7,0x11A7,0x11A7,0x11A7,0x11A7,0x11A7,0x11A7,0x11A7,0x11A7,
    0x4B8E,0xC79D,0xCFBE,0xCFBE,0xCFBE,0xCFBE,0xCFBE,0xCFBE,0xCFBE,0xCFBE,0xCFBE,0xCFBE,
    0xCFBE,0xCFBE,0xCFBE,0xCFBE,0xCFBE,0xCFBE,0xCFBE,0xC7BD,0x46D9,0x3ED9,0x6675,0xE568,
    0xF547,0xCD8B,0xA654,0xD6BB,0xDEDC,0xDEDC,0xDEDC,0xDEDC,0xDEDC,0xDEDC,0xBE19,0xF81F,
    0xF81F,0xF81F,0xF81F,0xF81F,0xF81F,0xF81F,0xF81F,0xF81F,0xF81F,0xF81F,0xF81F,0xF81F,
    0xF81F,0xF81F,0xF81F,0xF81F,0xF81F,0xF81F,0xF81F,0xF81F,0xF81F,0xF81F,0xF81F,0xF81F,
    0xF81F,0xF81F,0xF81F,0xF81F,0xF81F,0xF81F,0xF81F,0xF81F,0xF81F,0xF81F,0xF81F,0xF81F,
    0xF81F,0xF81F,0xF81F,0xF81F,0xF81F,0xF81F,0xF81F,0xF81F,0xF81F,0xF81F,0xF81F,0xF81F,
    0xF81F,0xF81F,0xF81F,0xF81F,0xF81F,0xF81F,0xF81F,0x09E8,0x09E8,0x09E8,0x09E8,0x12AA,
    0x1B6D,0x1B2C,0x0A08,0x09E8,0x09E8,0x23EF,0x3ED9,0x3ED9,0x3ED9,0x3ED9,0x3ED9,0x3ED9,
    0x3ED9,0x3ED9,0x3ED9,0x3ED9,0xA77C,0xCFBE,0xCFBE,0xCFBE,0xCFBE,0xCFBE,0xCFBE,0xCFBE,
    0xCFBE,0xCFBE,0xCFBE,0xCFBE,0xCFBE,0xCFBE,0xCFBE,0xCFBE,0xCFBE,0xCFBE,0xCFBE,0xCFBD,
    0x6451,0x11A7,0x11A7,0x11A7,0x11A7,0x11A7,0x11A7,0x11A7,0x11A7,0x11A7,0x11A7,0x11A7,
    0x11A7,0x11A7,0x11A7,0x11A7,0x11A7,0x6C71,0xCFBD,0xCFBE,0xCFBE,0xCFBE,0xCFBE,0xCFBE,
    0xCFBE,0xCFBE,0xCFBE,0xCFBE,0xCFBE,0xCFBE,0xCFBE,0xCFBE,0xCFBE,0xCFBE,0xCFBE,0xCFBE,
    0xCFBE,0xA77C,0x3ED9,0x3ED9,0xC5AB,0xF547,0xF547,0xF547,0xF547,0xED6A,0xE632,0xDEBB,
    0xDEDC,0xDEDC,0xD6BB,0x7451,0xF81F,0xF81F,0xF81F,0xF81F,0xF81F,0xF81F,0xF81F,0xF81F,
    0xF81F,0xF81F,0xF81F,0xF81F,0xF81F,0xF81F,0xF81F,0xF81F,0xF81F,0xF81F,0xF81F,0xF81F,
    0xF81F,0xF81F,0xF81F,0xF81F,0xF81F,0xF81F,0xF81F,0xF81F,0xF81F,0xF81F,0xF81F,0xF81F,
    0xF81F,0xF81F,0xF81F,0xF81F,0xF81F,0xF81F,0xF81F,0xF81F,0xF81F,0xF81F,0xF81F,0xF81F,
    0xF81F,0xF81F,0xF81F,0xF81F,0xF81F,0xF81F,0xF81F,0xF81F,0xF81F,0xF81F,0xF81F,0xF81F,
    0xF81F,0xF81F,0x09E8,0x09E8,0x09E8,0x09E8,0x09E8,0x09E8,0x09E8,0x09E8,0x09E8,0x1208,
    0x3E37,0x3ED9,0x3ED9,0x3ED9,0x3ED9,0x3ED9,0x3ED9,0x3ED9,0x3ED9,0x3ED9,0x6F1A,0xCFBE,
    0xCFBE,0xCFBE,0xCFBE,0xCFBE,0xCFBE,0xCFBE,0xCFBE,0xCFBE,0xCFBE,0xCFBE,0xCFBE,0xCFBE,
    0xCFBE,0xCFBE,0xCFBE,0xCFBE,0xCFBE,0xCFBE,0xCFBE,0x9E17,0x3A6A,0x628C,0x932F,0xC3B2,
    0xD3F4,0xE435,0xF476,0xF476,0xE435,0xD3F4,0xC3B2,0x932F,0x628C,0x3A6A,0x95D7,0xCFBE,
    0xCFBE,0xCFBE,0xCFBE,0xCFBE,0xCFBE,0xCFBE,0xCFBE,0xCFBE,0xCFBE,0xCFBE,0xCFBE,0xCFBE,
    0xCFBE,0xCFBE,0xCFBE,0xCFBE,0xCFBE,0xCFBE,0xCFBE,0x6F1A,0x3ED9,0x6E74,0xF547,0xF547,
    0xF547,0xF547,0xF547,0xF547,0xF547,0xED69,0xDE78,0xCE7B,0x4B4D,0xF81F,0xF81F,0xF81F,
    0xF81F,0xF81F,0xF81F,0xF81F,0xF81F,0xF81F,0xF81F,0xF81F,0xF81F,0xF81F,0xF81F,0xF81F,
    0xF81F,0xF81F,0xF81F,0xF81F,0xF81F,0xF81F,0xF81F,0xF81F,0xF81F,0xF81F,0xF81F,0xF81F,
    0xF81F,0xF81F,0xF81F,0xF81F,0xF81F,0xF81F,0xF81F,0xF81F,0xF81F,0xF81F,0xF81F,0xF81F,
    0xF81F,0xF81F,0xF81F,0xF81F,0xF81F,0xF81F,0xF81F,0xF81F,0xF81F,0xF81F,0xF81F,0xF81F,
    0xF81F,0xF81F,0xF81F,0xF81F,0xF81F,0xF81F,0xF81F,0xF81F,0xF81F,0xF81F,0xF81F,0x09E8,
    0x09E8,0x09E8,0x09E8,0x09E8,0x09E8,0x09E8,0x23CF,0x3ED9,0x3ED9,0x3ED9,0x3ED9,0x3ED9,
    0x3ED9,0x3ED9,0x3ED9,0x3ED9,0x46D9,0xBFBD,0xCFBE,0xCFBE,0xCFBE,0xCFBE,0xCFBE,0xCFBE,
    0xCFBE,0xCFBE,0xCFBE,0xCFBE,0xCFBE,0xCFBE,0xCFBE,0xCFBE,0xCFBE,0xCFBE,0xCFBE,0xCFBE,
    0xCFBE,0xCFBE,0xD65A,0xFC76,0xFC76,0xFC76,0xFC76,0xFC76,0xFC76,0xFC76,0xFC76,0xFC76,
    0xFC76,0xFC76,0xFC76,0xDE3A,0xCFBE,0xCFBE,0xCFBE,0xCFBE,0xCFBE,0xCFBE,0xCFBE,0xCFBE,
    0xCFBE,0xCFBE,0xCFBE,0xCFBE,0xCFBE,0xCFBE,0xCFBE,0xCFBE,0xCFBE,0xCFBE,0xCFBE,0xCFBE,
    0xBF9D,0x46D9,0x3ED9,0x9DEF,0xF547,0xF547,0xF547,0xF547,0xF547,0xF547,0xF547,0xF547,
    0xDD6C,0x2AAB,0x09E8,0xF81F,0xF81F,0xF81F,0xF81F,0xF81F,0xF81F,0xF81F,0xF81F,0xF81F,
    0xF81F,0xF81F,0xF81F,0xF81F,0xF81F,0xF81F,0xF81F,0xF81F,0xF81F,0xF81F,0xF81F,0xF81F,
    0xF81F,0xF81F,0xF81F,0xF81F,0xF81F,0xF81F,0xF81F,0xF81F,0xF81F,0xF81F,0xF81F,0xF81F,
    0xF81F,0xF81F,0xF81F,0xF81F,0xF81F,0xF81F,0xF81F,0xF81F,0xF81F,0xF81F,0xF81F,0xF81F,
    0xF81F,0xF81F,0xF81F,0xF81F,0xF81F,0xF81F,0xF81F,0xF81F,0xF81F,0xF81F,0xF81F,0xF81F,
    0xF81F,0xF81F,0xF81F,0xF81F,0xF81F,0xF81F,0xF81F,0xF81F,0xF81F,0xF81F,0x09E8,0x09E8,
    0x09E8,0x35B5,0x3ED9,0x3ED9,0x3ED9,0x3ED9,0x3ED9,0x3ED9,0x3ED9,0x3ED9,0x3ED9,0x7F3B,
    0xCFBE,0xCFBE,0xCFBE,0xCFBE,0xCFBE,0xCFBE,0xCFBE,0xCFBE,0xCFBE,0xCFBE,0xCFBE,0xCFBE,
    0xCFBE,0xCFBE,0xCFBE,0xCFBE,0xCFBE,0xCFBE,0xCFBE,0xCFBE,0xCFBE,0xD73C,0xED58,0xFC76,
    0xFC76,0xFC76,0xFC76,0xFC76,0xFC76,0xFC76,0xFC76,0xED58,0xD73C,0xCFBE,0xCFBE,0xCFBE,
    0xCFBE,0xCFBE,0xCFBE,0xCFBE,0xCFBE,0xCFBE,0xCFBE,0xCFBE,0xCFBE,0xCFBE,0xCFBE,0xCFBE,
    0xCFBE,0xCFBE,0xCFBE,0xCFBE,0xCFBE,0xCFBE,0x7F3B,0x3ED9,0x3ED9,0x7E53,0xF547,0xF547,
    0xF547,0xF547,0xF547,0xF547,0xF547,0xF547,0xAC47,0x09E8,0xF81F,0xF81F,0xF81F,0xF81F,
    0xF81F,0xF81F,0xF81F,0xF81F,0xF81F,0xF81F,0xF81F,0xF81F,0xF81F,0xF81F,0xF81F,0xF81F,
    0xF81F,0xF81F,0xF81F,0xF81F,0xF81F,0xF81F,0xF81F,0xF81F,0xF81F,0xF81F,0xF81F,0xF81F,
    0xF81F,0xF81F,0xF81F,0xF81F,0xF81F,0xF81F,0xF81F,0xF81F,0xF81F,0xF81F,0xF81F,0xF81F,
    0xF81F,0xF81F,0xF81F,0xF81F,0xF81F,0xF81F,0xF81F,0xF81F,0xF81F,0xF81F,0xF81F,0xF81F,
    0xF81F,0xF81F,0xF81F,0xF81F,0xF81F,0xF81F,0xF81F,0xF81F,0xF81F,0xF81F,0xF81F,0xF81F,
    0xF81F,0xF81F,0xF81F,0xF81F,0x09E8,0x09E8,0x09E8,0x12CB,0x3EB8,0x3ED9,0x3ED9,0x3ED9,
    0x3ED9,0x3ED9,0x3ED9,0x3ED9,0x3ED9,0x46D9,0xB79D,0xCFBE,0xCFBE,0xCFBE,0xCFBE,0xCFBE,
    0xCFBE,0xCFBE,0xCFBE,0xCFBE,0xCFBE,0xCFBE,0xCFBE,0xCFBE,0xCFBE,0xCFBE,0xCFBE,0xCFBE,
    0xCFBE,0xCFBE,0xCFBE,0xCFBE,0xCFBE,0xD6FC,0xEDD9,0xF517,0xFCB7,0xFCB7,0xF518,0xEDD9,
    0xD6FC,0xCFBE,0xCFBE,0xCFBE,0xCFBE,0xCFBE,0xCFBE,0xCFBE,0xCFBE,0xCFBE,0xCFBE,0xCFBE,
    0xCFBE,0xCFBE,0xCFBE,0xCFBE,0xCFBE,0xCFBE,0xCFBE,0xCFBE,0xCFBE,0xCFBE,0xCFBE,0xB79D,
    0x46D9,0x3ED9,0x3ED9,0x3ED9,0x8E32,0xED69,0xF547,0xF547,0xF547,0xF547,0xF547,0xF547,
    0x52E8,0x09E8,0xF81F,0xF81F,0xF81F,0xF81F,0xF81F,0xF81F,0xF81F,0xF81F,0xF81F,0xF81F,
    0xF81F,0xF81F,0xF81F,0xF81F,0xF81F,0xF81F,0xF81F,0xF81F,0xF81F,0xF81F,0xF81F,0xF81F,
    0xF81F,0xF81F,0xF81F,0xF81F,0xF81F,0xF81F,0xF81F,0xF81F,0xF81F,0xF81F,0xF81F,0xF81F,
    0xF81F,0xF81F,0xF81F,0xF81F,0xF81F,0xF81F,0xF81F,0xF81F,0xF81F,0xF81F,0xF81F,0xF81F,
    0xF81F,0xF81F,0xF81F,0xF81F,0xF81F,0xF81F,0xF81F,0xF81F,0xF81F,0xF81F,0xF81F,0xF81F,
    0xF81F,0xF81F,0xF81F,0xF81F,0xF81F,0xF81F,0xF81F,0xF81F,0xF81F,0xF81F,0xF81F,0x09E8,
    0x09E8,0x09E8,0x2C71,0x3ED9,0x3ED9,0x3ED9,0x3ED9,0x3ED9,0x3ED9,0x3ED9,0x3ED9,0x3ED9,
    0x6F1A,0xCFBE,0xCFBE,0xCFBE,0xCFBE,0xCFBE,0xCFBE,0xCFBE,0xCFBE,0xCFBE,0xCFBE,0xCFBE,
    0xCFBE,0xCFBE,0xCFBE,0xCFBE,0xCFBE,0xCFBE,0xCFBE,0xCFBE,0xCFBE,0xCFBE,0xCFBE,0xCFBE,
    0xCFBE,0xCFBE,0xCFBE,0xCFBE,0xCFBE,0xCFBE,0xCFBE,0xCFBE,0xCFBE,0xCFBE,0xCFBE,0xCFBE,
    0xCFBE,0xCFBE,0xCFBE,0xCFBE,0xCFBE,0xCFBE,0xCFBE,0xCFBE,0xCFBE,0xCFBE,0xCFBE,0xCFBE,
    0xCFBE,0xCFBE,0xCFBE,0xCFBE,0xCFBE,0x671A,0x3ED9,0x3ED9,0x3ED9,0x3ED9,0x3ED9,0x6EB9,
    0xD634,0xED8A,0xF547,0xF547,0xF547,0xC487,0x09E8,0xF81F,0xF81F,0xF81F,0xF81F,0xF81F,
    0xF81F,0xF81F,0xF81F,0xF81F,0xF81F,0xF81F,0xF81F,0xF81F,0xF81F,0xF81F,0xF81F,0xF81F,
    0xF81F,0xF81F,0xF81F,0xF81F,0xF81F,0xF81F,0xF81F,0xF81F,0xF81F,0xF81F,0xF81F,0xF81F,
    0xF81F,0xF81F,0xF81F,0xF81F,0xF81F,0xF81F,0xF81F,0xF81F,0xF81F,0xF81F,0xF81F,0xF81F,
    0xF81F,0xF81F,0xF81F,0xF81F,0xF81F,0xF81F,0xF81F,0xF81F,0xF81F,0xF81F,0xF81F,0xF81F,
    0xF81F,0xF81F,0xF81F,0xF81F,0xF81F,0xF81F,0xF81F,0xF81F,0xF81F,0xF81F,0xF81F,0xF81F,
    0xF81F,0xF81F,0xF81F,0xF81F,0xF81F,0xF81F,0x09E8,0x09E8,0x1208,0x35D5,0x3ED9,0x3ED9,
    0x3ED9,0x3ED9,0x3ED9,0x3ED9,0x3ED9,0x3ED9,0x3ED9,0x975C,0xCFBE,0xCFBE,0xCFBE,0xCFBE,
    0xCFBE,0xCFBE,0xCFBE,0xCFBE,0xCFBE,0xCFBE,0xCFBE,0xCFBE,0xCFBE,0xCFBE,0xCFBE,0xCFBE,
    0xCFBE,0xCFBE,0xCFBE,0xCFBE,0xCFBE,0xCFBE,0xCFBE,0xCFBE,0xCFBE,0xCFBE,0xCFBE,0xCFBE,
    0xCFBE,0xCFBE,0xCFBE,0xCFBE,0xCFBE,0xCFBE,0xCFBE,0xCFBE,0xCFBE,0xCFBE,0xCFBE,0xCFBE,
    0xCFBE,0xCFBE,0xCFBE,0xCFBE,0xCFBE,0xCFBE,0xCFBE,0xCFBE,0xCFBE,0xCFBE,0x975B,0x3ED9,
    0x3ED9,0x3ED9,0x3ED9,0x3ED9,0x3ED9,0x3ED9,0x3ED9,0x46D9,0x6D91,0xA427,0x9C07,0x2A48,
    0xF81F,0xF81F,0xF81F,0xF81F,0xF81F,0xF81F,0xF81F,0xF81F,0xF81F,0xF81F,0xF81F,0xF81F,
    0xF81F,0xF81F,0xF81F,0xF81F,0xF81F,0xF81F,0xF81F,0xF81F,0xF81F,0xF81F,0xF81F,0xF81F,
    0xF81F,0xF81F,0xF81F,0xF81F,0xF81F,0xF81F,0xF81F,0xF81F,0xF81F,0xF81F,0xF81F,0xF81F,
    0xF81F,0xF81F,0xF81F,0xF81F,0xF81F,0xF81F,0xF81F,0xF81F,0xF81F,0xF81F,0xF81F,0xF81F,
    0xF81F,0xF81F,0xF81F,0xF81F,0xF81F,0xF81F,0xF81F,0xF81F,0xF81F,0xF81F,0xF81F,0xF81F,
    0xF81F,0xF81F,0xF81F,0xF81F,0xF81F,0xF81F,0xF81F,0xF81F,0xF81F,0xF81F,0xF81F,0xF81F,
    0x09E8,0x09E8,0x09E8,0x128A,0x3E78,0x3ED9,0x3ED9,0x3ED9,0x3ED9,0x3ED9,0x3ED9,0x3ED9,
    0x3ED9,0x46D9,0xB79D,0xCFBE,0xCFBE,0xCFBE,0xCFBE,0xCFBE,0xCFBE,0xCFBE,0xCFBE,0xCFBE,
    0xCFBE,0xCFBE,0xCFBE,0xCFBE,0xCFBE,0xCFBE,0xCFBE,0xCFBE,0xCFBE,0xCFBE,0xCFBE,0xCFBE,
    0xCFBE,0xCFBE,0xCFBE,0xCFBE,0xCFBE,0xCFBE,0xCFBE,0xCFBE,0xCFBE,0xCFBE,0xCFBE,0xCFBE,
    0xCFBE,0xCFBE,0xCFBE,0xCFBE,0xCFBE,0xCFBE,0xCFBE,0xCFBE,0xCFBE,0xCFBE,0xCFBE,0xCFBE,
    0xCFBE,0xCFBE,0xCFBE,0xB79D,0x46D9,0x3ED9,0x3ED9,0x3ED9,0x3ED9,0x3ED9,0x3ED9,0x3ED9,
    0x3ED9,0x3E77,0x128A,0x09E8,0x09E8,0x09E8,0xF81F,0xF81F,0xF81F,0xF81F,0xF81F,0xF81F,
    0xF81F,0xF81F,0xF81F,0xF81F,0xF81F,0xF81F,0xF81F,0xF81F,0xF81F,0xF81F,0xF81F,0xF81F,
    0xF81F,0xF81F,0xF81F,0xF81F,0xF81F,0xF81F,0xF81F,0xF81F,0xF81F,0xF81F,0xF81F,0xF81F,
    0xF81F,0xF81F,0xF81F,0xF81F,0xF81F,0xF81F,0xF81F,0xF81F,0xF81F,0xF81F,0xF81F,0xF81F,
    0xF81F,0xF81F,0xF81F,0xF81F,0xF81F,0xF81F,0xF81F,0xF81F,0xF81F,0xF81F,0xF81F,0xF81F,
    0xF81F,0xF81F,0xF81F,0xF81F,0xF81F,0xF81F,0xF81F,0xF81F,0xF81F,0xF81F,0xF81F,0xF81F,
    0xF81F,0xF81F,0xF81F,0xF81F,0xF81F,0xF81F,0xF81F,0x09E8,0x09E8,0x09E8,0x1B2C,0x3EB9,
    0x3ED9,0x3ED9,0x3ED9,0x3ED9,0x3ED9,0x3ED9,0x3ED9,0x3ED9,0x56F9,0xBFBD,0xCFBE,0xCFBE,
    0xCFBE,0xCFBE,0xCFBE,0xCFBE,0xCFBE,0xCFBE,0xCFBE,0xCFBE,0xCFBE,0xCFBE,0xCFBE,0xCFBE,
    0xCFBE,0xCFBE,0xCFBE,0xCFBE,0xCFBE,0xCFBE,0xCFBE,0xCFBE,0xCFBE,0xCFBE,0xCFBE,0xCFBE,
    0xCFBE,0xCFBE,0xCFBE,0xCFBE,0xCFBE,0xCFBE,0xCFBE,0xCFBE,0xCFBE,0xCFBE,0xCFBE,0xCFBE,
    0xCFBE,0xCFBE,0xCFBE,0xCFBE,0xCFBE,0xCFBE,0xCFBE,0xCFBE,0xC7BD,0x56F9,0x3ED9,0x3ED9,
    0x3ED9,0x3ED9,0x3ED9,0x3ED9,0x3ED9,0x3ED9,0x3EB9,0x1B4D,0x09E8,0x09E8,0x09E8,0xF81F,
    0xF81F,0xF81F,0xF81F,0xF81F,0xF81F,0xF81F,0xF81F,0xF81F,0xF81F,0xF81F,0xF81F,0xF81F,
    0xF81F,0xF81F,0xF81F,0xF81F,0xF81F,0xF81F,0xF81F,0xF81F,0xF81F,0xF81F,0xF81F,0xF81F,
    0xF81F,0xF81F,0xF81F,0xF81F,0xF81F,0xF81F,0xF81F,0xF81F,0xF81F,0xF81F,0xF81F,0xF81F,
    0xF81F,0xF81F,0xF81F,0xF81F,0xF81F,0xF81F,0xF81F,0xF81F,0xF81F,0xF81F,0xF81F,0xF81F,
    0xF81F,0xF81F,0xF81F,0xF81F,0xF81F,0xF81F,0xF81F,0xF81F,0xF81F,0xF81F,0xF81F,0xF81F,
    0xF81F,0xF81F,0xF81F,0xF81F,0xF81F,0xF81F,0xF81F,0xF81F,0xF81F,0xF81F,0xF81F,0xF81F,
    0xF81F,0xF81F,0x09E8,0x09E8,0x09E8,0x2430,0x3ED9,0x3ED9,0x3ED9,0x3ED9,0x3ED9,0x3ED9,
    0x3ED9,0x3ED9,0x3ED9,0x5EFA,0xC7BD,0xCFBE,0xCFBE,0xCFBE,0xCFBE,0xCFBE,0xCFBE,0xCFBE,
    0xCFBE,0xCFBE,0xCFBE,0xCFBE,0xCFBE,0xCFBE,0xCFBE,0xCFBE,0xCFBE,0xCFBE,0xCFBE,0xCFBE,
    0xCFBE,0xCFBE,0xCFBE,0xCFBE,0xCFBE,0xCFBE,0xCFBE,0xCFBE,0xCFBE,0xCFBE,0xCFBE,0xCFBE,
    0xCFBE,0xCFBE,0xCFBE,0xCFBE,0xCFBE,0xCFBE,0xCFBE,0xCFBE,0xCFBE,0xCFBE,0xCFBE,0xCFBE,
    0xCFBE,0xC7BD,0x5EFA,0x3ED9,0x3ED9,0x3ED9,0x3ED9,0x3ED9,0x3ED9,0x3ED9,0x3ED9,0x3ED9,
    0x240F,0x09E8,0x09E8,0x09E8,0xF81F,0xF81F,0xF81F,0xF81F,0xF81F,0xF81F,0xF81F,0xF81F,
    0xF81F,0xF81F,0xF81F,0xF81F,0xF81F,0xF81F,0xF81F,0xF81F,0xF81F,0xF81F,0xF81F,0xF81F,
    0xF81F,0xF81F,0xF81F,0xF81F,0xF81F,0xF81F,0xF81F,0xF81F,0xF81F,0xF81F,0xF81F,0xF81F,
    0xF81F,0xF81F,0xF81F,0xF81F,0xF81F,0xF81F,0xF81F,0xF81F,0xF81F,0xF81F,0xF81F,0xF81F,
    0xF81F,0xF81F,0xF81F,0xF81F,0xF81F,0xF81F,0xF81F,0xF81F,0xF81F,0xF81F,0xF81F,0xF81F,
    0xF81F,0xF81F,0xF81F,0xF81F,0xF81F,0xF81F,0xF81F,0xF81F,0xF81F,0xF81F,0xF81F,0xF81F,
    0xF81F,0xF81F,0xF81F,0xF81F,0xF81F,0xF81F,0xF81F,0xF81F,0x09E8,0x09E8,0x09E8,0x09E8,
    0x2C71,0x3ED9,0x3ED9,0x3ED9,0x3ED9,0x3ED9,0x3ED9,0x3ED9,0x3ED9,0x3ED9,0x5EFA,0xC7BD,
    0xCFBE,0xCFBE,0xCFBE,0xCFBE,0xCFBE,0xCFBE,0xCFBE,0xCFBE,0xCFBE,0xCFBE,0xCFBE,0xCFBE,
    0xCFBE,0xCFBE,0xCFBE,0xCFBE,0xCFBE,0xCFBE,0xCFBE,0xCFBE,0xCFBE,0xCFBE,0xCFBE,0xCFBE,
    0xCFBE,0xCFBE,0xCFBE,0xCFBE,0xCFBE,0xCFBE,0xCFBE,0xCFBE,0xCFBE,0xCFBE,0xCFBE,0xCFBE,
    0xCFBE,0xCFBE,0xCFBE,0xCFBE,0xCFBE,0xCFBE,0xC7BD,0x5EFA,0x3ED9,0x3ED9,0x3ED9,0x3ED9,
    0x3ED9,0x3ED9,0x3ED9,0x3ED9,0x3ED9,0x2450,0x09E8,0x09E8,0x09E8,0xF81F,0xF81F,0xF81F,
    0xF81F,0xF81F,0xF81F,0xF81F,0xF81F,0xF81F,0xF81F,0xF81F,0xF81F,0xF81F,0xF81F,0xF81F,
    0xF81F,0xF81F,0xF81F,0xF81F,0xF81F,0xF81F,0xF81F,0xF81F,0xF81F,0xF81F,0xF81F,0xF81F,
    0xF81F,0xF81F,0xF81F,0xF81F,0xF81F,0xF81F,0xF81F,0xF81F,0xF81F,0xF81F,0xF81F,0xF81F,
    0xF81F,0xF81F,0xF81F,0xF81F,0xF81F,0xF81F,0xF81F,0xF81F,0xF81F,0xF81F,0xF81F,0xF81F,
    0xF81F,0xF81F,0xF81F,0xF81F,0xF81F,0xF81F,0xF81F,0xF81F,0xF81F,0xF81F,0xF81F,0xF81F,
    0xF81F,0xF81F,0xF81F,0xF81F,0xF81F,0xF81F,0xF81F,0xF81F,0xF81F,0xF81F,0xF81F,0xF81F,
    0xF81F,0xF81F,0xF81F,0x09E8,0x09E8,0x09E8,0x09E8,0x2CB1,0x3ED9,0x3ED9,0x3ED9,0x3ED9,
    0x3ED9,0x3ED9,0x3ED9,0x3ED9,0x3ED9,0x5EFA,0xBF9D,0xCFBE,0xCFBE,0xCFBE,0xCFBE,0xCFBE,
    0xCFBE,0xCFBE,0xCFBE,0xCFBE,0xCFBE,0xCFBE,0xCFBE,0xCFBE,0xCFBE,0xCFBE,0xCFBE,0xCFBE,
    0xCFBE,0xCFBE,0xCFBE,0xCFBE,0xCFBE,0xCFBE,0xCFBE,0xCFBE,0xCFBE,0xCFBE,0xCFBE,0xCFBE,
    0xCFBE,0xCFBE,0xCFBE,0xCFBE,0xCFBE,0xCFBE,0xCFBE,0xCFBE,0xCFBE,0xCFBE,0xCFBE,0xBF9D,
    0x56FA,0x3ED9,0x3ED9,0x3ED9,0x3ED9,0x3ED9,0x3ED9,0x3ED9,0x3ED9,0x3ED9,0x2CB1,0x09E8,
    0x09E8,0x09E8,0x09E8,0xF81F,0xF81F,0xF81F,0xF81F,0xF81F,0xF81F,0xF81F,0xF81F,0xF81F,
    0xF81F,0xF81F,0xF81F,0xF81F,0xF81F,0xF81F,0xF81F,0xF81F,0xF81F,0xF81F,0xF81F,0xF81F,
    0xF81F,0xF81F,0xF81F,0xF81F,0xF81F,0xF81F,0xF81F,0xF81F,0xF81F,0xF81F,0xF81F,0xF81F,
    0xF81F,0xF81F,0xF81F,0xF81F,0xF81F,0xF81F,0xF81F,0xF81F,0xF81F,0xF81F,0xF81F,0xF81F,
    0xF81F,0xF81F,0xF81F,0xF81F,0xF81F,0xF81F,0xF81F,0xF81F,0xF81F,0xF81F,0xF81F,0xF81F,
    0xF81F,0xF81F,0xF81F,0xF81F,0xF81F,0xF81F,0xF81F,0xF81F,0xF81F,0xF81F,0xF81F,0xF81F,
    0xF81F,0xF81F,0xF81F,0xF81F,0xF81F,0xF81F,0xF81F,0xF81F,0xF81F,0xF81F,0x09E8,0x09E8,
    0x09E8,0x09E8,0x2CB1,0x3ED9,0x3ED9,0x3ED9,0x3ED9,0x3ED9,0x3ED9,0x3ED9,0x3ED9,0x3ED9,
    0x4ED9,0xA77C,0xCFBE,0xCFBE,0xCFBE,0xCFBE,0xCFBE,0xCFBE,0xCFBE,0xCFBE,0xCFBE,0xCFBE,
    0xCFBE,0xCFBE,0xCFBE,0xCFBE,0xCFBE,0xCFBE,0xCFBE,0xCFBE,0xCFBE,0xCFBE,0xCFBE,0xCFBE,
    0xCFBE,0xCFBE,0xCFBE,0xCFBE,0xCFBE,0xCFBE,0xCFBE,0xCFBE,0xCFBE,0xCFBE,0xCFBE,0xCFBE,
    0xCFBE,0xCFBE,0xCFBE,0xCFBE,0xA77C,0x4ED9,0x3ED9,0x3ED9,0x3ED9,0x3ED9,0x3ED9,0x3ED9,
    0x3ED9,0x3ED9,0x3ED9,0x2CB1,0x09E8,0x09E8,0x09E8,0x09E8,0xF81F,0xF81F,0xF81F,0xF81F,
    0xF81F,0xF81F,0xF81F,0xF81F,0xF81F,0xF81F,0xF81F,0xF81F,0xF81F,0xF81F,0xF81F,0xF81F,
    0xF81F,0xF81F,0xF81F,0xF81F,0xF81F,0xF81F,0xF81F,0xF81F,0xF81F,0xF81F,0xF81F,0xF81F,
    0xF81F,0xF81F,0xF81F,0xF81F,0xF81F,0xF81F,0xF81F,0xF81F,0xF81F,0xF81F,0xF81F,0xF81F,
    0xF81F,0xF81F,0xF81F,0xF81F,0xF81F,0xF81F,0xF81F,0xF81F,0xF81F,0xF81F,0xF81F,0xF81F,
    0xF81F,0xF81F,0xF81F,0xF81F,0xF81F,0xF81F,0xF81F,0xF81F,0xF81F,0xF81F,0xF81F,0xF81F,
    0xF81F,0xF81F,0xF81F,0xF81F,0xF81F,0xF81F,0xF81F,0xF81F,0xF81F,0xF81F,0xF81F,0xF81F,
    0xF81F,0xF81F,0xF81F,0xF81F,0xF81F,0x09E8,0x09E8,0x09E8,0x09E8,0x240F,0x3EB9,0x3ED9,
    0x3ED9,0x3ED9,0x3ED9,0x3ED9,0x3ED9,0x3ED9,0x3ED9,0x46D9,0x7F3B,0xC7BD,0xCFBE,0xCFBE,
    0xCFBE,0xCFBE,0xCFBE,0xCFBE,0xCFBE,0xCFBE,0xCFBE,0xCFBE,0xCFBE,0xCFBE,0xCFBE,0xCFBE,
    0xCFBE,0xCFBE,0xCFBE,0xCFBE,0xCFBE,0xCFBE,0xCFBE,0xCFBE,0xCFBE,0xCFBE,0xCFBE,0xCFBE,
    0xCFBE,0xCFBE,0xCFBE,0xCFBE,0xCFBE,0xCFBE,0xCFBE,0xCFBE,0xC7BD,0x7F3B,0x46D9,0x3ED9,
    0x3ED9,0x3ED9,0x3ED9,0x3ED9,0x3ED9,0x3ED9,0x3ED9,0x3EB9,0x240F,0x09E8,0x09E8,0x09E8,
    0x09E8,0xF81F,0xF81F,0xF81F,0xF81F,0xF81F,0xF81F,0xF81F,0xF81F,0xF81F,0xF81F,0xF81F,
    0xF81F,0xF81F,0xF81F,0xF81F,0xF81F,0xF81F,0xF81F,0xF81F,0xF81F,0xF81F,0xF81F,0xF81F,
    0xF81F,0xF81F,0xF81F,0xF81F,0xF81F,0xF81F,0xF81F,0xF81F,0xF81F,0xF81F,0xF81F,0xF81F,
    0xF81F,0xF81F,0xF81F,0xF81F,0xF81F,0xF81F,0xF81F,0xF81F,0xF81F,0xF81F,0xF81F,0xF81F,
    0xF81F,0xF81F,0xF81F,0xF81F,0xF81F,0xF81F,0xF81F,0xF81F,0xF81F,0xF81F,0xF81F,0xF81F,
    0xF81F,0xF81F,0xF81F,0xF81F,0xF81F,0xF81F,0xF81F,0xF81F,0xF81F,0xF81F,0xF81F,0xF81F,
    0xF81F,0xF81F,0xF81F,0xF81F,0xF81F,0xF81F,0xF81F,0xF81F,0xF81F,0xF81F,0xF81F,0xF81F,
    0x09E8,0x09E8,0x09E8,0x09E8,0x1B6D,0x3E98,0x3ED9,0x3ED9,0x3ED9,0x3ED9,0x3ED9,0x3ED9,
    0x3ED9,0x3ED9,0x3ED9,0x56F9,0xA77C,0xCFBE,0xCFBE,0xCFBE,0xCFBE,0xCFBE,0xCFBE,0xCFBE,
    0xCFBE,0xCFBE,0xCFBE,0xCFBE,0xCFBE,0xCFBE,0xCFBE,0xCFBE,0xCFBE,0xCFBE,0xCFBE,0xCFBE,
    0xCFBE,0xCFBE,0xCFBE,0xCFBE,0xCFBE,0xCFBE,0xCFBE,0xCFBE,0xCFBE,0xCFBE,0xCFBE,0xCFBE,
    0xCFBE,0xA77C,0x56F9,0x3ED9,0x3ED9,0x3ED9,0x3ED9,0x3ED9,0x3ED9,0x3ED9,0x3ED9,0x3ED9,
    0x3E98,0x1B6D,0x09E8,0x09E8,0x09E8,0x09E8,0xF81F,0xF81F,0xF81F,0xF81F,0xF81F,0xF81F,
    0xF81F,0xF81F,0xF81F,0xF81F,0xF81F,0xF81F,0xF81F,0xF81F,0xF81F,0xF81F,0xF81F,0xF81F,
    0xF81F,0xF81F,0xF81F,0xF81F,0xF81F,0xF81F,0xF81F,0xF81F,0xF81F,0xF81F,0xF81F,0xF81F,
    0xF81F,0xF81F,0xF81F,0xF81F,0xF81F,0xF81F,0xF81F,0xF81F,0xF81F,0xF81F,0xF81F,0xF81F,
    0xF81F,0xF81F,0xF81F,0xF81F,0xF81F,0xF81F,0xF81F,0xF81F,0xF81F,0xF81F,0xF81F,0xF81F,
    0xF81F,0xF81F,0xF81F,0xF81F,0xF81F,0xF81F,0xF81F,0xF81F,0xF81F,0xF81F,0xF81F,0xF81F,
    0xF81F,0xF81F,0xF81F,0xF81F,0xF81F,0xF81F,0xF81F,0xF81F,0xF81F,0xF81F,0xF81F,0xF81F,
    0xF81F,0xF81F,0xF81F,0xF81F,0xF81F,0xF81F,0xF81F,0x09E8,0x09E8,0x09E8,0x09E8,0x12AB,
    0x35D6,0x3ED9,0x3ED9,0x3ED9,0x3ED9,0x3ED9,0x3ED9,0x3ED9,0x3ED9,0x3ED9,0x3ED9,0x5EFA,
    0xAF7C,0xCFBE,0xCFBE,0xCFBE,0xCFBE,0xCFBE,0xCFBE,0xCFBE,0xCFBE,0xCFBE,0xCFBE,0xCFBE,
    0xCFBE,0xCFBE,0xCFBE,0xCFBE,0xCFBE,0xCFBE,0xCFBE,0xCFBE,0xCFBE,0xCFBE,0xCFBE,0xCFBE,
    0xCFBE,0xCFBE,0xCFBE,0xCFBE,0xCFBE,0xA77C,0x5EFA,0x3ED9,0x3ED9,0x3ED9,0x3ED9,0x3ED9,
    0x3ED9,0x3ED9,0x3ED9,0x3ED9,0x3ED9,0x35F6,0x12CB,0x09E8,0x09E8,0x09E8,0x09E8,0xF81F,
    0xF81F,0xF81F,0xF81F,0xF81F,0xF81F,0xF81F,0xF81F,0xF81F,0xF81F,0xF81F,0xF81F,0xF81F,
    0xF81F,0xF81F,0xF81F,0xF81F,0xF81F,0xF81F,0xF81F,0xF81F,0xF81F,0xF81F,0xF81F,0xF81F,
    0xF81F,0xF81F,0xF81F,0xF81F,0xF81F,0xF81F,0xF81F,0xF81F,0xF81F,0xF81F,0xF81F,0xF81F,
    0xF81F,0xF81F,0xF81F,0xF81F,0xF81F,0xF81F,0xF81F,0xF81F,0xF81F,0xF81F,0xF81F,0xF81F,
    0xF81F,0xF81F,0xF81F,0xF81F,0xF81F,0xF81F,0xF81F,0xF81F,0xF81F,0xF81F,0xF81F,0xF81F,
    0xF81F,0xF81F,0xF81F,0xF81F,0xF81F,0xF81F,0xF81F,0xF81F,0xF81F,0xF81F,0xF81F,0xF81F,
    0xF81F,0xF81F,0xF81F,0xF81F,0xF81F,0xF81F,0xF81F,0xF81F,0xF81F,0xF81F,0xF81F,0xF81F,
    0xF81F,0xF81F,0x09E8,0x09E8,0x09E8,0x09E8,0x1208,0x2C71,0x3EB9,0x3ED9,0x3ED9,0x3ED9,
    0x3ED9,0x3ED9,0x3ED9,0x3ED9,0x3ED9,0x3ED9,0x3ED9,0x5EFA,0x975C,0xC7BD,0xCFBE,0xCFBE,
    0xCFBE,0xCFBE,0xCFBE,0xCFBE,0xCFBE,0xCFBE,0xCFBE,0xCFBE,0xCFBE,0xCFBE,0xCFBE,0xCFBE,
    0xCFBE,0xCFBE,0xCFBE,0xCFBE,0xCFBE,0xCFBE,0xCFBE,0xCFBE,0xC7BD,0x975C,0x5EFA,0x3ED9,
    0x3ED9,0x3ED9,0x3ED9,0x3ED9,0x3ED9,0x3ED9,0x3ED9,0x3ED9,0x3ED9,0x3EB9,0x2CD2,0x1209,
    0x09E8,0x09E8,0x09E8,0x09E8,0xF81F,0xF81F,0xF81F,0xF81F,0xF81F,0xF81F,0xF81F,0xF81F,
    0xF81F,0xF81F,0xF81F,0xF81F,0xF81F,0xF81F,0xF81F,0xF81F,0xF81F,0xF81F,0xF81F,0xF81F,
    0xF81F,0xF81F,0xF81F,0xF81F,0xF81F,0xF81F,0xF81F,0xF81F,0xF81F,0xF81F,0xF81F,0xF81F,
    0xF81F,0xF81F,0xF81F,0xF81F,0xF81F,0xF81F,0xF81F,0xF81F,0xF81F,0xF81F,0xF81F,0xF81F,
    0xF81F,0xF81F,0xF81F,0xF81F,0xF81F,0xF81F,0xF81F,0xF81F,0xF81F,0xF81F,0xF81F,0xF81F,
    0xF81F,0xF81F,0xF81F,0xF81F,0xF81F,0xF81F,0xF81F,0xF81F,0xF81F,0xF81F,0xF81F,0xF81F,
    0xF81F,0xF81F,0xF81F,0xF81F,0xF81F,0xF81F,0xF81F,0xF81F,0xF81F,0xF81F,0xF81F,0xF81F,
    0xF81F,0xF81F,0xF81F,0xF81F,0xF81F,0xF81F,0xF81F,0xF81F,0xF81F,0xF81F,0x09E8,0x09E8,
    0x09E8,0x09E8,0x1B4D,0x3E16,0x3ED9,0x3ED9,0x3ED9,0x3ED9,0x3ED9,0x3ED9,0x3ED9,0x3ED9,
    0x3ED9,0x3ED9,0x3ED9,0x46D9,0x6F1A,0x9F5C,0xC7BD,0xCFBE,0xCFBE,0xCFBE,0xCFBE,0xCFBE,
    0xCFBE,0xCFBE,0xCFBE,0xCFBE,0xCFBE,0xCFBE,0xCFBE,0xCFBE,0xCFBE,0xCFBE,0xCFBE,0xBFBD,
    0x9F5C,0x6F1A,0x46D9,0x3ED9,0x3ED9,0x3ED9,0x3ED9,0x3ED9,0x3ED9,0x3ED9,0x3ED9,0x3ED9,
    0x3ED9,0x3ED9,0x3E16,0x1B2D,0x09E8,0x09E8,0x09E8,0x09E8,0xF81F,0xF81F,0xF81F,0xF81F,
    0xF81F,0xF81F,0xF81F,0xF81F,0xF81F,0xF81F,0xF81F,0xF81F,0xF81F,0xF81F,0xF81F,0xF81F,
    0xF81F,0xF81F,0xF81F,0xF81F,0xF81F,0xF81F,0xF81F,0xF81F,0xF81F,0xF81F,0xF81F,0xF81F,
    0xF81F,0xF81F,0xF81F,0xF81F,0xF81F,0xF81F,0xF81F,0xF81F,0xF81F,0xF81F,0xF81F,0xF81F,
    0xF81F,0xF81F,0xF81F,0xF81F,0xF81F,0xF81F,0xF81F,0xF81F,0xF81F,0xF81F,0xF81F,0xF81F,
    0xF81F,0xF81F,0xF81F,0xF81F,0xF81F,0xF81F,0xF81F,0xF81F,0xF81F,0xF81F,0xF81F,0xF81F,
    0xF81F,0xF81F,0xF81F,0xF81F,0xF81F,0xF81F,0xF81F,0xF81F,0xF81F,0xF81F,0xF81F,0xF81F,
    0xF81F,0xF81F,0xF81F,0xF81F,0xF81F,0xF81F,0xF81F,0xF81F,0xF81F,0xF81F,0xF81F,0xF81F,
    0xF81F,0xF81F,0xF81F,0xF81F,0xF81F,0x09E8,0x09E8,0x09E8,0x09E8,0x1208,0x240F,0x3E78,
    0x3ED9,0x3ED9,0x3ED9,0x3ED9,0x3ED9,0x3ED9,0x3ED9,0x3ED9,0x3ED9,0x3ED9,0x3ED9,0x3ED9,
    0x3ED9,0x56FA,0x771A,0x8F5B,0x9F7C,0xB79D,0xBF9D,0xC7BD,0xCFBD,0xCFBD,0xC7BD,0xBF9D,
    0xB79D,0x9F7C,0x8F5B,0x771B,0x56FA,0x3ED9,0x3ED9,0x3ED9,0x3ED9,0x3ED9,0x3ED9,0x3ED9,
    0x3ED9,0x3ED9,0x3ED9,0x3ED9,0x3ED9,0x3ED9,0x3E98,0x2450,0x1208,0x09E8,0x09E8,0x09E8,
    0x09E8,0xF81F,0xF81F,0xF81F,0xF81F,0xF81F,0xF81F,0xF81F,0xF81F,0xF81F,0xF81F,0xF81F,
    0xF81F,0xF81F,0xF81F,0xF81F,0xF81F,0xF81F,0xF81F,0xF81F,0xF81F,0xF81F,0xF81F,0xF81F,
    0xF81F,0xF81F,0xF81F,0xF81F,0xF81F,0xF81F,0xF81F,0xF81F,0xF81F,0xF81F,0xF81F,0xF81F,
    0xF81F,0xF81F,0xF81F,0xF81F,0xF81F,0xF81F,0xF81F,0xF81F,0xF81F,0xF81F,0xF81F,0xF81F,
    0xF81F,0xF81F,0xF81F,0xF81F,0xF81F,0xF81F,0xF81F,0xF81F,0xF81F,0xF81F,0xF81F,0xF81F,
    0xF81F,0xF81F,0xF81F,0xF81F,0xF81F,0xF81F,0xF81F,0xF81F,0xF81F,0xF81F,0xF81F,0xF81F,
    0xF81F,0xF81F,0xF81F,0xF81F,0xF81F,0xF81F,0xF81F,0xF81F,0xF81F,0xF81F,0xF81F,0xF81F,
    0xF81F,0xF81F,0xF81F,0xF81F,0xF81F,0xF81F,0xF81F,0xF81F,0xF81F,0xF81F,0xF81F,0xF81F,
    0x09E8,0x09E8,0x09E8,0x09E8,0x09E8,0x126A,0x2CD2,0x3E98,0x3ED9,0x3ED9,0x3ED9,0x3ED9,
    0x3ED9,0x3ED9,0x3ED9,0x3ED9,0x3ED9,0x3ED9,0x3ED9,0x3ED9,0x3ED9,0x3ED9,0x3ED9,0x3ED9,
    0x3ED9,0x3ED9,0x3ED9,0x3ED9,0x3ED9,0x3ED9,0x3ED9,0x3ED9,0x3ED9,0x3ED9,0x3ED9,0x3ED9,
    0x3ED9,0x3ED9,0x3ED9,0x3ED9,0x3ED9,0x3ED9,0x3ED9,0x3ED9,0x3ED9,0x3ED9,0x3E98,0x2CB2,
    0x124A,0x09E8,0x09E8,0x09E8,0x09E8,0x09E8,0xF81F,0xF81F,0xF81F,0xF81F,0xF81F,0xF81F,
    0xF81F,0xF81F,0xF81F,0xF81F,0xF81F,0xF81F,0xF81F,0xF81F,0xF81F,0xF81F,0xF81F,0xF81F,
    0xF81F,0xF81F,0xF81F,0xF81F,0xF81F,0xF81F,0xF81F,0xF81F,0xF81F,0xF81F,0xF81F,0xF81F,
    0xF81F,0xF81F,0xF81F,0xF81F,0xF81F,0xF81F,0xF81F,0xF81F,0xF81F,0xF81F,0xF81F,0xF81F,
    0xF81F,0xF81F,0xF81F,0xF81F,0xF81F,0xF81F,0xF81F,0xF81F,0xF81F,0xF81F,0xF81F,0xF81F,
    0xF81F,0xF81F,0xF81F,0xF81F,0xF81F,0xF81F,0xF81F,0xF81F,0xF81F,0xF81F,0xF81F,0xF81F,
    0xF81F,0xF81F,0xF81F,0xF81F,0xF81F,0xF81F,0xF81F,0xF81F,0xF81F,0xF81F,0xF81F,0xF81F,
    0xF81F,0xF81F,0xF81F,0xF81F,0xF81F,0xF81F,0xF81F,0xF81F,0xF81F,0xF81F,0xF81F,0xF81F,
    0xF81F,0xF81F,0xF81F,0xF81F,0xF81F,0xF81F,0x09E8,0x09E8,0x09E8,0x09E8,0x09E8,0x09E8,
    0x09E8,0x1249,0x2450,0x3E78,0x3ED9,0x3ED9,0x3ED9,0x3ED9,0x3ED9,0x3ED9,0x3ED9,0x3ED9,
    0x3ED9,0x3ED9,0x3ED9,0x3ED9,0x3ED9,0x3ED9,0x3ED9,0x3ED9,0x3ED9,0x3ED9,0x3ED9,0x3ED9,
    0x3ED9,0x3ED9,0x3ED9,0x3ED9,0x3ED9,0x3ED9,0x3ED9,0x3ED9,0x3ED9,0x3ED9,0x3ED9,0x3ED9,
    0x3ED9,0x3ED9,0x3E78,0x2CB1,0x126A,0x09E8,0x09E8,0x09E8,0x09E8,0x09E8,0x09E8,0x09E8,
    0xF81F,0xF81F,0xF81F,0xF81F,0xF81F,0xF81F,0xF81F,0xF81F,0xF81F,0xF81F,0xF81F,0xF81F,
    0xF81F,0xF81F,0xF81F,0xF81F,0xF81F,0xF81F,0xF81F,0xF81F,0xF81F,0xF81F,0xF81F,0xF81F,
    0xF81F,0xF81F,0xF81F,0xF81F,0xF81F,0xF81F,0xF81F,0xF81F,0xF81F,0xF81F,0xF81F,0xF81F,
    0xF81F,0xF81F,0xF81F,0xF81F,0xF81F,0xF81F,0xF81F,0xF81F,0xF81F,0xF81F,0xF81F,0xF81F,
    0xF81F,0xF81F,0xF81F,0xF81F,0xF81F,0xF81F,0xF81F,0xF81F,0xF81F,0xF81F,0xF81F,0xF81F,
    0xF81F,0xF81F,0xF81F,0xF81F,0xF81F,0xF81F,0xF81F,0xF81F,0xF81F,0xF81F,0xF81F,0xF81F,
    0xF81F,0xF81F,0xF81F,0xF81F,0xF81F,0xF81F,0xF81F,0xF81F,0xF81F,0xF81F,0xF81F,0xF81F,
    0xF81F,0xF81F,0xF81F,0xF81F,0xF81F,0xF81F,0xF81F,0xF81F,0xF81F,0xF81F,0xF81F,0x09E8,
    0x09E8,0x1249,0x1C2F,0x1C50,0x1249,0x09E8,0x09E8,0x09E8,0x09E8,0x1229,0x23CE,0x3594,
    0x3EB9,0x3ED9,0x3ED9,0x3ED9,0x3ED9,0x3ED9,0x3ED9,0x3ED9,0x3ED9,0x3ED9,0x3ED9,0x3ED9,
    0x3ED9,0x3ED9,0x3ED9,0x3ED9,0x3ED9,0x3ED9,0x3ED9,0x3ED9,0x3ED9,0x3ED9,0x3ED9,0x3ED9,
    0x3ED9,0x3ED9,0x3ED9,0x3ED9,0x3ED9,0x3EB9,0x3574,0x23CE,0x1229,0x09E8,0x09E8,0x09E8,
    0x09E8,0x1249,0x1C50,0x1C2F,0x1249,0x09E8,0x09E8,0xF81F,0xF81F,0xF81F,0xF81F,0xF81F,
    0xF81F,0xF81F,0xF81F,0xF81F,0xF81F,0xF81F,0xF81F,0xF81F,0xF81F,0xF81F,0xF81F,0xF81F,
    0xF81F,0xF81F,0xF81F,0xF81F,0xF81F,0xF81F,0xF81F,0xF81F,0xF81F,0xF81F,0xF81F,0xF81F,
    0xF81F,0xF81F,0xF81F,0xF81F,0xF81F,0xF81F,0xF81F,0xF81F,0xF81F,0xF81F,0xF81F,0xF81F,
    0xF81F,0xF81F,0xF81F,0xF81F,0xF81F,0xF81F,0xF81F,0xF81F,0xF81F,0xF81F,0xF81F,0xF81F,
    0xF81F,0xF81F,0xF81F,0xF81F,0xF81F,0xF81F,0xF81F,0xF81F,0xF81F,0xF81F,0xF81F,0xF81F,
    0xF81F,0xF81F,0xF81F,0xF81F,0xF81F,0xF81F,0xF81F,0xF81F,0xF81F,0xF81F,0xF81F,0xF81F,
    0xF81F,0xF81F,0xF81F,0xF81F,0xF81F,0xF81F,0xF81F,0xF81F,0xF81F,0xF81F,0xF81F,0xF81F,
    0xF81F,0xF81F,0xF81F,0xF81F,0x09E8,0x09E8,0x134D,0x2594,0x25B5,0x25B5,0x2594,0x1C0F,
    0x1269,0x09E8,0x09E8,0x09E8,0x09E8,0x09E8,0x126A,0x240F,0x3594,0x3E98,0x3ED9,0x3ED9,
    0x3ED9,0x3ED9,0x3ED9,0x3ED9,0x3ED9,0x3ED9,0x3ED9,0x3ED9,0x3ED9,0x3ED9,0x3ED9,0x3ED9,
    0x3ED9,0x3ED9,0x3ED9,0x3ED9,0x3ED9,0x3ED9,0x3ED9,0x3ED9,0x3E98,0x3574,0x240F,0x126A,
    0x09E8,0x09E8,0x09E8,0x09E8,0x09E8,0x126A,0x1C0F,0x2594,0x25B5,0x25B5,0x2594,0x134D,
    0x09E8,0x09E8,0xF81F,0xF81F,0xF81F,0xF81F,0xF81F,0xF81F,0xF81F,0xF81F,0xF81F,0xF81F,
    0xF81F,0xF81F,0xF81F,0xF81F,0xF81F,0xF81F,0xF81F,0xF81F,0xF81F,0xF81F,0xF81F,0xF81F,
    0xF81F,0xF81F,0xF81F,0xF81F,0xF81F,0xF81F,0xF81F,0xF81F,0xF81F,0xF81F,0xF81F,0xF81F,
    0xF81F,0xF81F,0xF81F,0xF81F,0xF81F,0xF81F,0xF81F,0xF81F,0xF81F,0xF81F,0xF81F,0xF81F,
    0xF81F,0xF81F,0xF81F,0xF81F,0xF81F,0xF81F,0xF81F,0xF81F,0xF81F,0xF81F,0xF81F,0xF81F,
    0xF81F,0xF81F,0xF81F,0xF81F,0xF81F,0xF81F,0xF81F,0xF81F,0xF81F,0xF81F,0xF81F,0xF81F,
    0xF81F,0xF81F,0xF81F,0xF81F,0xF81F,0xF81F,0xF81F,0xF81F,0xF81F,0xF81F,0xF81F,0xF81F,
    0xF81F,0xF81F,0xF81F,0xF81F,0xF81F,0xF81F,0xF81F,0xF81F,0xF81F,0x09E8,0x09E8,0x1BAE,
    0x25B5,0x25B5,0x25B5,0x25B5,0x25B5,0x25B5,0x25B4,0x1C50,0x12AA,0x09E8,0x09E8,0x09E8,
    0x09E8,0x09E8,0x09E8,0x1208,0x1B0C,0x2430,0x3533,0x3616,0x3EB8,0x3ED9,0x3ED9,0x3ED9,
    0x3ED9,0x3ED9,0x3ED9,0x3ED9,0x3ED9,0x3ED9,0x3ED9,0x3ED9,0x3ED9,0x3EB8,0x35F6,0x3533,
    0x2430,0x1B0C,0x1208,0x09E8,0x09E8,0x09E8,0x09E8,0x09E8,0x09E8,0x12AA,0x1C70,0x25B4,
    0x25B5,0x25B5,0x25B5,0x25B5,0x25B5,0x25B5,0x138E,0x09E8,0x09E8,0xF81F,0xF81F,0xF81F,
    0xF81F,0xF81F,0xF81F,0xF81F,0xF81F,0xF81F,0xF81F,0xF81F,0xF81F,0xF81F,0xF81F,0xF81F,
    0xF81F,0xF81F,0xF81F,0xF81F,0xF81F,0xF81F,0xF81F,0xF81F,0xF81F,0xF81F,0xF81F,0xF81F,
    0xF81F,0xF81F,0xF81F,0xF81F,0xF81F,0xF81F,0xF81F,0xF81F,0xF81F,0xF81F,0xF81F,0xF81F,
    0xF81F,0xF81F,0xF81F,0xF81F,0xF81F,0xF81F,0xF81F,0xF81F,0xF81F,0xF81F,0xF81F,0xF81F,
    0xF81F,0xF81F,0xF81F,0xF81F,0xF81F,0xF81F,0xF81F,0xF81F,0xF81F,0xF81F,0xF81F,0xF81F,
    0xF81F,0xF81F,0xF81F,0xF81F,0xF81F,0xF81F,0xF81F,0xF81F,0xF81F,0xF81F,0xF81F,0xF81F,
    0xF81F,0xF81F,0xF81F,0xF81F,0xF81F,0xF81F,0xF81F,0xF81F,0xF81F,0xF81F,0xF81F,0xF81F,
    0xF81F,0xF81F,0xF81F,0x09E8,0x12CB,0x25B5,0x25B5,0x25B5,0x25B5,0x25B5,0x25B5,0x25B5,
    0x25B5,0x25B5,0x25B5,0x1CF2,0x138D,0x1249,0x09E8,0x09E8,0x09E8,0x09E8,0x09E8,0x09E8,
    0x09E8,0x09E8,0x11E8,0x128A,0x1B2C,0x1B8E,0x23CE,0x23EF,0x2430,0x2430,0x23EF,0x23CE,
    0x1B8E,0x1B2C,0x128A,0x11E8,0x09E8,0x09E8,0x09E8,0x09E8,0x09E8,0x09E8,0x09E8,0x09E8,
    0x1249,0x138E,0x1CF2,0x25B5,0x25B5,0x25B5,0x25B5,0x25B5,0x25B5,0x25B5,0x25B5,0x25B5,
    0x25B4,0x12CB,0x09E8,0xF81F,0xF81F,0xF81F,0xF81F,0xF81F,0xF81F,0xF81F,0xF81F,0xF81F,
    0xF81F,0xF81F,0xF81F,0xF81F,0xF81F,0xF81F,0xF81F,0xF81F,0xF81F,0xF81F,0xF81F,0xF81F,
    0xF81F,0xF81F,0xF81F,0xF81F,0xF81F,0xF81F,0xF81F,0xF81F,0xF81F,0xF81F,0xF81F,0xF81F,
    0xF81F,0xF81F,0xF81F,0xF81F,0xF81F,0xF81F,0xF81F,0xF81F,0xF81F,0xF81F,0xF81F,0xF81F,
    0xF81F,0xF81F,0xF81F,0xF81F,0xF81F,0xF81F,0xF81F,0xF81F,0xF81F,0xF81F,0xF81F,0xF81F,
    0xF81F,0xF81F,0xF81F,0xF81F,0xF81F,0xF81F,0xF81F,0xF81F,0xF81F,0xF81F,0xF81F,0xF81F,
    0xF81F,0xF81F,0xF81F,0xF81F,0xF81F,0xF81F,0xF81F,0xF81F,0xF81F,0xF81F,0xF81F,0xF81F,
    0xF81F,0xF81F,0xF81F,0xF81F,0xF81F,0xF81F,0xF81F,0xF81F,0x09E8,0x09E8,0x1C91,0x25B5,
    0x25B5,0x25B5,0x25B5,0x25B5,0x25B5,0x25B5,0x25B5,0x25B5,0x25B5,0x25B5,0x25B5,0x25B4,
    0x1CB1,0x138D,0x128A,0x09E8,0x09E8,0x09E8,0x09E8,0x09E8,0x09E8,0x09E8,0x09E8,0x09E8,
    0x09E8,0x09E8,0x09E8,0x09E8,0x09E8,0x09E8,0x09E8,0x09E8,0x09E8,0x09E8,0x09E8,0x09E8,
    0x09E8,0x09E8,0x09E8,0x128A,0x1B8D,0x1CD1,0x25B5,0x25B5,0x25B5,0x25B5,0x25B5,0x25B5,
    0x25B5,0x25B5,0x25B5,0x25B5,0x25B5,0x25B5,0x25B5,0x1C91,0x09E8,0x09E8,0xF81F,0xF81F,
    0xF81F,0xF81F,0xF81F,0xF81F,0xF81F,0xF81F,0xF81F,0xF81F,0xF81F,0xF81F,0xF81F,0xF81F,
    0xF81F,0xF81F,0xF81F,0xF81F,0xF81F,0xF81F,0xF81F,0xF81F,0xF81F,0xF81F,0xF81F,0xF81F,
    0xF81F,0xF81F,0xF81F,0xF81F,0xF81F,0xF81F,0xF81F,0xF81F,0xF81F,0xF81F,0xF81F,0xF81F,
    0xF81F,0xF81F,0xF81F,0xF81F,0xF81F,0xF81F,0xF81F,0xF81F,0xF81F,0xF81F,0xF81F,0xF81F,
    0xF81F,0xF81F,0xF81F,0xF81F,0xF81F,0xF81F,0xF81F,0xF81F,0xF81F,0xF81F,0xF81F,0xF81F,
    0xF81F,0xF81F,0xF81F,0xF81F,0xF81F,0xF81F,0xF81F,0xF81F,0xF81F,0xF81F,0xF81F,0xF81F,
    0xF81F,0xF81F,0xF81F,0xF81F,0xF81F,0xF81F,0xF81F,0xF81F,0xF81F,0xF81F,0xF81F,0xF81F,
    0xF81F,0xF81F,0x09E8,0x09E8,0x2574,0x25B5,0x25B5,0x25B5,0x25B5,0x25B5,0x25B5,0x25B5,
    0x25B5,0x25B5,0x25B5,0x25B5,0x25B5,0x25B5,0x25B5,0x25B5,0x25B5,0x2574,0x1C71,0x138D,
    0x12EB,0x1269,0x09E8,0x09E8,0x09E8,0x09E8,0x09E8,0x09E8,0x09E8,0x09E8,0x09E8,0x09E8,
    0x09E8,0x09E8,0x09E8,0x09E8,0x1269,0x12EB,0x138E,0x1C91,0x2574,0x25B5,0x25B5,0x25B5,
    0x25B5,0x25B5,0x25B5,0x25B5,0x25B5,0x25B5,0x25B5,0x25B5,0x25B5,0x25B5,0x25B5,0x25B5,
    0x25B5,0x2574,0x09E8,0x09E8,0xF81F,0xF81F,0xF81F,0xF81F,0xF81F,0xF81F,0xF81F,0xF81F,
    0xF81F,0xF81F,0xF81F,0xF81F,0xF81F,0xF81F,0xF81F,0xF81F,0xF81F,0xF81F,0xF81F,0xF81F,
    0xF81F,0xF81F,0xF81F,0xF81F,0xF81F,0xF81F,0xF81F,0xF81F,0xF81F,0xF81F,0xF81F,0xF81F,
    0xF81F,0xF81F,0xF81F,0xF81F,0xF81F,0xF81F,0xF81F,0xF81F,0xF81F,0xF81F,0xF81F,0xF81F,
    0xF81F,0xF81F,0xF81F,0xF81F,0xF81F,0xF81F,0xF81F,0xF81F,0xF81F,0xF81F,0xF81F,0xF81F,
    0xF81F,0xF81F,0xF81F,0xF81F,0xF81F,0xF81F,0xF81F,0xF81F,0xF81F,0xF81F,0xF81F,0xF81F,
    0xF81F,0xF81F,0xF81F,0xF81F,0xF81F,0xF81F,0xF81F,0xF81F,0xF81F,0xF81F,0xF81F,0xF81F,
    0xF81F,0xF81F,0xF81F,0xF81F,0xF81F,0xF81F,0xF81F,0xF81F,0x09E8,0x09E8,0x2574,0x25B5,
    0x25B5,0x25B5,0x25B5,0x25B5,0x25B5,0x25B5,0x25B5,0x25B5,0x25B5,0x25B5,0x25B5,0x25B5,
    0x25B5,0x25B5,0x25B5,0x25B5,0x25B5,0x25B5,0x25B5,0x2574,0x09E8,0x09E8,0xF81F,0xF81F,
    0xF81F,0xF81F,0xF81F,0xF81F,0xF81F,0xF81F,0xF81F,0xF81F,0x09C8,0x09E8,0x2574,0x25B5,
    0x25B5,0x25B5,0x25B5,0x25B5,0x25B5,0x25B5,0x25B5,0x25B5,0x25B5,0x25B5,0x25B5,0x25B5,
    0x25B5,0x25B5,0x25B5,0x25B5,0x25B5,0x25B5,0x25B5,0x2574,0x09E8,0x09E8,0xF81F,0xF81F,
    0xF81F,0xF81F,0xF81F,0xF81F,0xF81F,0xF81F,0xF81F,0xF81F,0xF81F,0xF81F,0xF81F,0xF81F,
    0xF81F,0xF81F,0xF81F,0xF81F,0xF81F,0xF81F,0xF81F,0xF81F,0xF81F,0xF81F,0xF81F,0xF81F,
    0xF81F,0xF81F,0xF81F,0xF81F,0xF81F,0xF81F,0xF81F,0xF81F,0xF81F,0xF81F,0xF81F,0xF81F,
    0xF81F,0xF81F,0xF81F,0xF81F,0xF81F,0xF81F,0xF81F,0xF81F,0xF81F,0xF81F,0xF81F,0xF81F,
    0xF81F,0xF81F,0xF81F,0xF81F,0xF81F,0xF81F,0xF81F,0xF81F,0xF81F,0xF81F,0xF81F,0xF81F,
    0xF81F,0xF81F,0xF81F,0xF81F,0xF81F,0xF81F,0xF81F,0xF81F,0xF81F,0xF81F,0xF81F,0xF81F,
    0xF81F,0xF81F,0xF81F,0xF81F,0xF81F,0xF81F,0xF81F,0xF81F,0xF81F,0xF81F,0xF81F,0xF81F,
    0xF81F,0xF81F,0x09E8,0x09E8,0x1C91,0x25B5,0x25B5,0x25B5,0x25B5,0x25B5,0x25B5,0x25B5,
    0x25B5,0x25B5,0x25B5,0x25B5,0x25B5,0x25B5,0x25B5,0x25B5,0x25B5,0x25B5,0x25B5,0x25B5,
    0x25B5,0x1C91,0x09E8,0x09E8,0xF81F,0xF81F,0xF81F,0xF81F,0xF81F,0xF81F,0xF81F,0xF81F,
    0xF81F,0xF81F,0x09E8,0x09E8,0x1C91,0x25B5,0x25B5,0x25B5,0x25B5,0x25B5,0x25B5,0x25B5,
    0x25B5,0x25B5,0x25B5,0x25B5,0x25B5,0x25B5,0x25B5,0x25B5,0x25B5,0x25B5,0x25B5,0x25B5,
    0x25B5,0x1C91,0x09E8,0x09E8,0xF81F,0xF81F,0xF81F,0xF81F,0xF81F,0xF81F,0xF81F,0xF81F,
    0xF81F,0xF81F,0xF81F,0xF81F,0xF81F,0xF81F,0xF81F,0xF81F,0xF81F,0xF81F,0xF81F,0xF81F,
    0xF81F,0xF81F,0xF81F,0xF81F,0xF81F,0xF81F,0xF81F,0xF81F,0xF81F,0xF81F,0xF81F,0xF81F,
    0xF81F,0xF81F,0xF81F,0xF81F,0xF81F,0xF81F,0xF81F,0xF81F,0xF81F,0xF81F,0xF81F,0xF81F,
    0xF81F,0xF81F,0xF81F,0xF81F,0xF81F,0xF81F,0xF81F,0xF81F,0xF81F,0xF81F,0xF81F,0xF81F,
    0xF81F,0xF81F,0xF81F,0xF81F,0xF81F,0xF81F,0xF81F,0xF81F,0xF81F,0xF81F,0xF81F,0xF81F,
    0xF81F,0xF81F,0xF81F,0xF81F,0xF81F,0xF81F,0xF81F,0xF81F,0xF81F,0xF81F,0xF81F,0xF81F,
    0xF81F,0xF81F,0xF81F,0xF81F,0xF81F,0xF81F,0xF81F,0xF81F,0xF81F,0x09E8,0x12CB,0x25B4,
    0x25B5,0x25B5,0x25B5,0x25B5,0x25B5,0x25B5,0x25B5,0x25B5,0x25B5,0x25B5,0x25B5,0x25B5,
    0x25B5,0x25B5,0x25B5,0x25B5,0x25B5,0x25B5,0x25B4,0x12CB,0x09E8,0xF81F,0xF81F,0xF81F,
    0xF81F,0xF81F,0xF81F,0xF81F,0xF81F,0xF81F,0xF81F,0xF81F,0xF81F,0x09E8,0x12CB,0x25B4,
    0x25B5,0x25B5,0x25B5,0x25B5,0x25B5,0x25B5,0x25B5,0x25B5,0x25B5,0x25B5,0x25B5,0x25B5,
    0x25B5,0x25B5,0x25B5,0x25B5,0x25B5,0x25B5,0x25B4,0x12CB,0x09E8,0xF81F,0xF81F,0xF81F,
    0xF81F,0xF81F,0xF81F,0xF81F,0xF81F,0xF81F,0xF81F,0xF81F,0xF81F,0xF81F,0xF81F,0xF81F,
    0xF81F,0xF81F,0xF81F,0xF81F,0xF81F,0xF81F,0xF81F,0xF81F,0xF81F,0xF81F,0xF81F,0xF81F,
    0xF81F,0xF81F,0xF81F,0xF81F,0xF81F,0xF81F,0xF81F,0xF81F,0xF81F,0xF81F,0xF81F,0xF81F,
    0xF81F,0xF81F,0xF81F,0xF81F,0xF81F,0xF81F,0xF81F,0xF81F,0xF81F,0xF81F,0xF81F,0xF81F,
    0xF81F,0xF81F,0xF81F,0xF81F,0xF81F,0xF81F,0xF81F,0xF81F,0xF81F,0xF81F,0xF81F,0xF81F,
    0xF81F,0xF81F,0xF81F,0xF81F,0xF81F,0xF81F,0xF81F,0xF81F,0xF81F,0xF81F,0xF81F,0xF81F,
    0xF81F,0xF81F,0xF81F,0xF81F,0xF81F,0xF81F,0xF81F,0xF81F,0xF81F,0xF81F,0xF81F,0xF81F,
    0xF81F,0xF81F,0xF81F,0x09E8,0x09E8,0x138E,0x25B5,0x25B5,0x25B5,0x25B5,0x25B5,0x25B5,
    0x25B5,0x25B5,0x25B5,0x25B5,0x25B5,0x25B5,0x25B5,0x25B5,0x25B5,0x25B5,0x25B5,0x25B5,
    0x138E,0x09E8,0x09E8,0xF81F,0xF81F,0xF81F,0xF81F,0xF81F,0xF81F,0xF81F,0xF81F,0xF81F,
    0xF81F,0xF81F,0xF81F,0x09E8,0x09E8,0x138E,0x25B5,0x25B5,0x25B5,0x25B5,0x25B5,0x25B5,
    0x25B5,0x25B5,0x25B5,0x25B5,0x25B5,0x25B5,0x25B5,0x25B5,0x25B5,0x25B5,0x25B5,0x25B5,
    0x138E,0x09E8,0x09E8,0xF81F,0xF81F,0xF81F,0xF81F,0xF81F,0xF81F,0xF81F,0xF81F,0xF81F,
    0xF81F,0xF81F,0xF81F,0xF81F,0xF81F,0xF81F,0xF81F,0xF81F,0xF81F,0xF81F,0xF81F,0xF81F,
    0xF81F,0xF81F,0xF81F,0xF81F,0xF81F,0xF81F,0xF81F,0xF81F,0xF81F,0xF81F,0xF81F,0xF81F,
    0xF81F,0xF81F,0xF81F,0xF81F,0xF81F,0xF81F,0xF81F,0xF81F,0xF81F,0xF81F,0xF81F,0xF81F,
    0xF81F,0xF81F,0xF81F,0xF81F,0xF81F,0xF81F,0xF81F,0xF81F,0xF81F,0xF81F,0xF81F,0xF81F,
    0xF81F,0xF81F,0xF81F,0xF81F,0xF81F,0xF81F,0xF81F,0xF81F,0xF81F,0xF81F,0xF81F,0xF81F,
    0xF81F,0xF81F,0xF81F,0xF81F,0xF81F,0xF81F,0xF81F,0xF81F,0xF81F,0xF81F,0xF81F,0xF81F,
    0xF81F,0xF81F,0xF81F,0xF81F,0xF81F,0xF81F,0xF81F,0xF81F,0xF81F,0xF81F,0x09E8,0x09E8,
    0x134D,0x2594,0x25B5,0x25B5,0x25B5,0x25B5,0x25B5,0x25B5,0x25B5,0x25B5,0x25B5,0x25B5,
    0x25B5,0x25B5,0x25B5,0x25B5,0x2594,0x134D,0x09E8,0x09E8,0xF81F,0xF81F,0xF81F,0xF81F,
    0xF81F,0xF81F,0xF81F,0xF81F,0xF81F,0xF81F,0xF81F,0xF81F,0xF81F,0xF81F,0x09E8,0x09E8,
    0x134D,0x2594,0x25B5,0x25B5,0x25B5,0x25B5,0x25B5,0x25B5,0x25B5,0x25B5,0x25B5,0x25B5,
    0x25B5,0x25B5,0x25B5,0x25B5,0x2594,0x134D,0x09E8,0x09E8,0xF81F,0xF81F,0xF81F,0xF81F,
    0xF81F,0xF81F,0xF81F,0xF81F,0xF81F,0xF81F,0xF81F,0xF81F,0xF81F,0xF81F,0xF81F,0xF81F,
    0xF81F,0xF81F,0xF81F,0xF81F,0xF81F,0xF81F,0xF81F,0xF81F,0xF81F,0xF81F,0xF81F,0xF81F,
    0xF81F,0xF81F,0xF81F,0xF81F,0xF81F,0xF81F,0xF81F,0xF81F,0xF81F,0xF81F,0xF81F,0xF81F,
    0xF81F,0xF81F,0xF81F,0xF81F,0xF81F,0xF81F,0xF81F,0xF81F,0xF81F,0xF81F,0xF81F,0xF81F,
    0xF81F,0xF81F,0xF81F,0xF81F,0xF81F,0xF81F,0xF81F,0xF81F,0xF81F,0xF81F,0xF81F,0xF81F,
    0xF81F,0xF81F,0xF81F,0xF81F,0xF81F,0xF81F,0xF81F,0xF81F,0xF81F,0xF81F,0xF81F,0xF81F,
    0xF81F,0xF81F,0xF81F,0xF81F,0xF81F,0xF81F,0xF81F,0xF81F,0xF81F,0xF81F,0xF81F,0xF81F,
    0xF81F,0xF81F,0xF81F,0xF81F,0xF81F,0x09E8,0x09E8,0x1249,0x1C2F,0x2594,0x25B5,0x25B5,
    0x25B5,0x25B5,0x25B5,0x25B5,0x25B5,0x25B5,0x25B5,0x25B5,0x2594,0x1C2F,0x1249,0x09E8,
    0x09E8,0xF81F,0xF81F,0xF81F,0xF81F,0xF81F,0xF81F,0xF81F,0xF81F,0xF81F,0xF81F,0xF81F,
    0xF81F,0xF81F,0xF81F,0xF81F,0xF81F,0x09E8,0x09E8,0x1249,0x1C2F,0x2594,0x25B5,0x25B5,
    0x25B5,0x25B5,0x25B5,0x25B5,0x25B5,0x25B5,0x25B5,0x25B5,0x2594,0x1C2F,0x1249,0x09E8,
    0x09E8,0xF81F,0xF81F,0xF81F,0xF81F,0xF81F,0xF81F,0xF81F,0xF81F,0xF81F,0xF81F,0xF81F,
    0xF81F,0xF81F,0xF81F,0xF81F,0xF81F,0xF81F,0xF81F,0xF81F,0xF81F,0xF81F,0xF81F,0xF81F,
    0xF81F,0xF81F,0xF81F,0xF81F,0xF81F,0xF81F,0xF81F,0xF81F,0xF81F,0xF81F,0xF81F,0xF81F,
    0xF81F,0xF81F,0xF81F,0xF81F,0xF81F,0xF81F,0xF81F,0xF81F,0xF81F,0xF81F,0xF81F,0xF81F,
    0xF81F,0xF81F,0xF81F,0xF81F,0xF81F,0xF81F,0xF81F,0xF81F,0xF81F,0xF81F,0xF81F,0xF81F,
    0xF81F,0xF81F,0xF81F,0xF81F,0xF81F,0xF81F,0xF81F,0xF81F,0xF81F,0xF81F,0xF81F,0xF81F,
    0xF81F,0xF81F,0xF81F,0xF81F,0xF81F,0xF81F,0xF81F,0xF81F,0xF81F,0xF81F,0xF81F,0xF81F,
    0xF81F,0xF81F,0xF81F,0xF81F,0xF81F,0xF81F,0xF81F,0xF81F,0xF81F,0xF81F,0xF81F,0xF81F,
    0x09E8,0x09E8,0x09E8,0x1209,0x134C,0x1C2F,0x1CF2,0x2553,0x2594,0x2594,0x2553,0x1CF2,
    0x1C2F,0x132C,0x1209,0x09E8,0x09E8,0x09E8,0xF81F,0xF81F,0xF81F,0xF81F,0xF81F,0xF81F,
    0xF81F,0xF81F,0xF81F,0xF81F,0xF81F,0xF81F,0xF81F,0xF81F,0xF81F,0xF81F,0xF81F,0xF81F,
    0x09E8,0x09E8,0x09E8,0x1209,0x134C,0x1C2F,0x1CF2,0x2553,0x2594,0x2594,0x2553,0x1CF2,
    0x1C2F,0x132C,0x1209,0x09E8,0x09E8,0x09E8,0xF81F,0xF81F,0xF81F,0xF81F,0xF81F,0xF81F,
    0xF81F,0xF81F,0xF81F,0xF81F,0xF81F,0xF81F,0xF81F,0xF81F,0xF81F,0xF81F,0xF81F,0xF81F,
    0xF81F,0xF81F,0xF81F,0xF81F,0xF81F,0xF81F,0xF81F,0xF81F,0xF81F,0xF81F,0xF81F,0xF81F,
    0xF81F,0xF81F,0xF81F,0xF81F,0xF81F,0xF81F,0xF81F,0xF81F,0xF81F,0xF81F,0xF81F,0xF81F,
    0xF81F,0xF81F,0xF81F,0xF81F,0xF81F,0xF81F,0xF81F,0xF81F,0xF81F,0xF81F,0xF81F,0xF81F,
    0xF81F,0xF81F,0xF81F,0xF81F,0xF81F,0xF81F,0xF81F,0xF81F,0xF81F,0xF81F,0xF81F,0xF81F,
    0xF81F,0xF81F,0xF81F,0xF81F,0xF81F,0xF81F,0xF81F,0xF81F,0xF81F,0xF81F,0xF81F,0xF81F,
    0xF81F,0xF81F,0xF81F,0xF81F,0xF81F,0xF81F,0xF81F,0xF81F,0xF81F,0xF81F,0xF81F,0xF81F,
    0xF81F,0xF81F,0xF81F,0xF81F,0xF81F,0xF81F,0xF81F,0xF81F,0x09E8,0x09E8,0x09E8,0x09E8,
    0x09E8,0x09E8,0x09E8,0x09E8,0x09E8,0x09E8,0x09E8,0x09E8,0x09E8,0x09E8,0xF81F,0xF81F,
    0xF81F,0xF81F,0xF81F,0xF81F,0xF81F,0xF81F,0xF81F,0xF81F,0xF81F,0xF81F,0xF81F,0xF81F,
    0xF81F,0xF81F,0xF81F,0xF81F,0xF81F,0xF81F,0xF81F,0xF81F,0x09E8,0x09E8,0x09E8,0x09E8,
    0x09E8,0x09E8,0x09E8,0x09E8,0x09E8,0x09E8,0x09E8,0x09E8,0x09E8,0x09E8,0xF81F,0xF81F,
    0xF81F,0xF81F,0xF81F,0xF81F,0xF81F,0xF81F,0xF81F,0xF81F,0xF81F,0xF81F,0xF81F,0xF81F,
    0xF81F,0xF81F,0xF81F,0xF81F,0xF81F,0xF81F,0xF81F,0xF81F,0xF81F,0xF81F,0xF81F,0xF81F,
    0xF81F,0xF81F,0xF81F,0xF81F,0xF81F,0xF81F,0xF81F,0xF81F,0xF81F,0xF81F,0xF81F,0xF81F,
    0xF81F,0xF81F,0xF81F,0xF81F,0xF81F,0xF81F,0xF81F,0xF81F,0xF81F,0xF81F,0xF81F,0xF81F,
    0xF81F,0xF81F,0xF81F,0xF81F,0xF81F,0xF81F,0xF81F,0xF81F,0xF81F,0xF81F,0xF81F,0xF81F,
    0xF81F,0xF81F,0xF81F,0xF81F,0xF81F,0xF81F,0xF81F,0xF81F,0xF81F,0xF81F,0xF81F,0xF81F,
    0xF81F,0xF81F,0xF81F,0xF81F,0xF81F,0xF81F,0xF81F,0xF81F,0xF81F,0xF81F,0xF81F,0xF81F,
    0xF81F,0xF81F,0xF81F,0xF81F,0xF81F,0xF81F,0xF81F,0xF81F,0xF81F,0xF81F,0xF81F,0xF81F,
    0xF81F,0xF81F,0xF81F,0xF81F,0xF81F,0x09E8,0x09E8,0x09E8,0x09E8,0x09E8,0x09E8,0x09E8,
    0x09E8,0xF81F,0xF81F,0xF81F,0xF81F,0xF81F,0xF81F,0xF81F,0xF81F,0xF81F,0xF81F,0xF81F,
    0xF81F,0xF81F,0xF81F,0xF81F,0xF81F,0xF81F,0xF81F,0xF81F,0xF81F,0xF81F,0xF81F,0xF81F,
    0xF81F,0xF81F,0xF81F,0xF81F,0xF81F,0x09E8,0x09E8,0x09E8,0x09E8,0x09E8,0x09E8,0x09E8,
    0x09E8,0xF81F,0xF81F,0xF81F,0xF81F,0xF81F,0xF81F,0xF81F,0xF81F,0xF81F,0xF81F,0xF81F,
    0xF81F,0xF81F,0xF81F,0xF81F,0xF81F,0xF81F,0xF81F,0xF81F,0xF81F,0xF81F,0xF81F,0xF81F,
    0xF81F,0xF81F,0xF81F,0xF81F,0xF81F,0xF81F,0xF81F,0xF81F,0xF81F,0xF81F,0xF81F,0xF81F,
    0xF81F,0xF81F,0xF81F,0xF81F,0xF81F,0xF81F,0xF81F,0xF81F,0xF81F,0xF81F,0xF81F,0xF81F,
    0xF81F,0xF81F,0xF81F,0xF81F,0xF81F,0xF81F,0xF81F,0xF81F,0xF81F,0xF81F,0xF81F,0xF81F,
    0xF81F,0xF81F,0xF81F,0xF81F,0xF81F,0xF81F,0xF81F,0xF81F,0xF81F,0xF81F,0xF81F,0xF81F,
    0xF81F,0xF81F,0xF81F,0xF81F,0xF81F,0xF81F,0xF81F,0xF81F,0xF81F,0xF81F,0xF81F,0xF81F,
    0xF81F,0xF81F,0xF81F,0xF81F,0xF81F,0xF81F,0xF81F,0xF81F,0xF81F,0xF81F,0xF81F,0xF81F,
    0xF81F,0xF81F,0xF81F,0xF81F,0xF81F,0xF81F,0xF81F,0xF81F,0xF81F,0xF81F,0xF81F,0xF81F,
    0xF81F,0xF81F,0xF81F,0xF81F,0xF81F,0xF81F,0xF81F,0xF81F,0xF81F,0xF81F,0xF81F,0xF81F,
    0xF81F,0xF81F,0xF81F,0xF81F,0xF81F,0xF81F,0xF81F,0xF81F,0xF81F,0xF81F,0xF81F,0xF81F,
    0xF81F,0xF81F,0xF81F,0xF81F,0xF81F,0xF81F,0xF81F,0xF81F,0xF81F,0xF81F,0xF81F,0xF81F,
    0xF81F,0xF81F,0xF81F,0xF81F,0xF81F,0xF81F,0xF81F,0xF81F,0xF81F,0xF81F,0xF81F,0xF81F,
    0xF81F,0xF81F,0xF81F,0xF81F,0xF81F,0xF81F,0xF81F,0xF81F,0xF81F,0xF81F,0xF81F,0xF81F,
    0xF81F,0xF81F,0xF81F,0xF81F,0xF81F,0xF81F,0xF81F,0xF81F,0xF81F,0xF81F,0xF81F,0xF81F,
    0xF81F,0xF81F,0xF81F,0xF81F,0xF81F,0xF81F,0xF81F,0xF81F,0xF81F,0xF81F,0xF81F,0xF81F,
    0xF81F,0xF81F,0xF81F,0xF81F,0xF81F,0xF81F,0xF81F,0xF81F,0xF81F,0xF81F,0xF81F,0xF81F,
    0xF81F,0xF81F,0xF81F,0xF81F,0xF81F,0xF81F,0xF81F,0xF81F,0xF81F,0xF81F,0xF81F,0xF81F,
    0xF81F,0xF81F,0xF81F,0xF81F,0xF81F,0xF81F,0xF81F,0xF81F,0xF81F,0xF81F,0xF81F,0xF81F,
    0xF81F,0xF81F,0xF81F,0xF81F,0xF81F,0xF81F,0xF81F,0xF81F,0xF81F,0xF81F,0xF81F,0xF81F,
    0xF81F,0xF81F,0xF81F,0xF81F,0xF81F,0xF81F,0xF81F,0xF81F,0xF81F,0xF81F,0xF81F,0xF81F,
    0xF81F,0xF81F,0xF81F,0xF81F,0xF81F,0xF81F,0xF81F,0xF81F,0xF81F,0xF81F,0xF81F,0xF81F,
    0xF81F,0xF81F,0xF81F,0xF81F,0xF81F,0xF81F,0xF81F,0xF81F,0xF81F,0xF81F,0xF81F,0xF81F,
    0xF81F,0xF81F,0xF81F,0xF81F,0xF81F,0xF81F,0xF81F,0xF81F,0xF81F,0xF81F,0xF81F,0xF81F,
    0xF81F,0xF81F,0xF81F,0xF81F,0xF81F,0xF81F,0xF81F,0xF81F,0xF81F,0xF81F,0xF81F,0xF81F,
    0xF81F,0xF81F,0xF81F,0xF81F,0xF81F,0xF81F,0xF81F,0xF81F,0xF81F,0xF81F,0xF81F,0xF81F,
    0xF81F,0xF81F,0xF81F,0xF81F,0xF81F,0xF81F,0xF81F,0xF81F,0xF81F,0xF81F,0xF81F,0xF81F,
    0xF81F,0xF81F,0xF81F,0xF81F,0xF81F,0xF81F,0xF81F,0xF81F,0xF81F,0xF81F,0xF81F,0xF81F,
    0xF81F,0xF81F,0xF81F,0xF81F,0xF81F,0xF81F,0xF81F,0xF81F,0xF81F,0xF81F,0xF81F,0xF81F,
    0xF81F,0xF81F,0xF81F,0xF81F,0xF81F,0xF81F,0xF81F,0xF81F,0xF81F,0xF81F,0xF81F,0xF81F,
    0xF81F,0xF81F,0xF81F,0xF81F,0xF81F,0xF81F,0xF81F,0xF81F,0xF81F,0xF81F,0xF81F,0xF81F,
    0xF81F,0xF81F,0xF81F,0xF81F,0xF81F,0xF81F,0xF81F,0xF81F,0xF81F,0xF81F,0xF81F,0xF81F,
    0xF81F,0xF81F,0xF81F,0xF81F,0xF81F,0xF81F,0xF81F,0xF81F,0xF81F,0xF81F,0xF81F,0xF81F,
    0xF81F,0xF81F,0xF81F,0xF81F,0xF81F,0xF81F,0xF81F,0xF81F,0xF81F,0xF81F,0xF81F,0xF81F,
    0xF81F,0xF81F,0xF81F,0xF81F,0xF81F,0xF81F,0xF81F,0xF81F,0xF81F,0xF81F,0xF81F,0xF81F,
    0xF81F,0xF81F,0xF81F,0xF81F,0xF81F,0xF81F,0xF81F,0xF81F,0xF81F,0xF81F,0xF81F,0xF81F,
    0xF81F,0xF81F,0xF81F,0xF81F,0xF81F,0xF81F,0xF81F,0xF81F,0xF81F,0xF81F,0xF81F,0xF81F,
    0xF81F,0xF81F,0xF81F,0xF81F,0xF81F,0xF81F,0xF81F,0xF81F,0xF81F,0xF81F,0xF81F,0xF81F,
    0xF81F,0xF81F,0xF81F,0xF81F,0xF81F,0xF81F,0xF81F,0xF81F,0xF81F,0xF81F,0xF81F,0xF81F,
    0xF81F,0xF81F,0xF81F,0xF81F,0xF81F,0xF81F,0xF81F,0xF81F,0xF81F,0xF81F,0xF81F,0xF81F,
    0xF81F,0xF81F,0xF81F,0xF81F,0xF81F,0xF81F,0xF81F,0xF81F,0xF81F,0xF81F,0xF81F,0xF81F,
    0xF81F,0xF81F,0xF81F,0xF81F,0xF81F,0xF81F,0xF81F,0xF81F,0xF81F,0xF81F,0xF81F,0xF81F,
    0xF81F,0xF81F,0xF81F,0xF81F,0xF81F,0xF81F,0xF81F,0xF81F,0xF81F,0xF81F,0xF81F,0xF81F,
    0xF81F,0xF81F,0xF81F,0xF81F,0xF81F,0xF81F,0xF81F,0xF81F,0xF81F,0xF81F,0xF81F,0xF81F,
    0xF81F,0xF81F,0xF81F,0xF81F,0xF81F,0xF81F,0xF81F,0xF81F,0xF81F,0xF81F,0xF81F,0xF81F,
    0xF81F,0xF81F,0xF81F,0xF81F,0xF81F,0xF81F,0xF81F,0xF81F,0xF81F,0xF81F,0xF81F,0xF81F,
    0xF81F,0xF81F,0xF81F,0xF81F,0xF81F,0xF81F,0xF81F,0xF81F,0xF81F,0xF81F,0xF81F,0xF81F,
    0xF81F,0xF81F,0xF81F,0xF81F,0xF81F,0xF81F,0xF81F,0xF81F,0xF81F,0xF81F,0xF81F,0xF81F,
    0xF81F,0xF81F,0xF81F,0xF81F,0xF81F,0xF81F,0xF81F,0xF81F,0xF81F,0xF81F,0xF81F,0xF81F,
    0xF81F,0xF81F,0xF81F,0xF81F,0xF81F,0xF81F,0xF81F,0xF81F,0xF81F,0xF81F,0xF81F,0xF81F,
    0xF81F,0xF81F,0xF81F,0xF81F,0xF81F,0xF81F,0xF81F,0xF81F,0xF81F,0xF81F,0xF81F,0xF81F,
    0xF81F,0xF81F,0xF81F,0xF81F,0xF81F,0xF81F,0xF81F,0xF81F,0xF81F,0xF81F,0xF81F,0xF81F,
    0xF81F,0xF81F,0xF81F,0xF81F,0xF81F,0xF81F,0xF81F,0xF81F,0xF81F,0xF81F,0xF81F,0xF81F,
    0xF81F,0xF81F,0xF81F,0xF81F,0xF81F,0xF81F,0xF81F,0xF81F,0xF81F,0xF81F,0xF81F,0xF81F,
    0xF81F,0xF81F,0xF81F,0xF81F,0xF81F,0xF81F,0xF81F,0xF81F,0xF81F,0xF81F,0xF81F,0xF81F,
    0xF81F,0xF81F,0xF81F,0xF81F,0xF81F,0xF81F,0xF81F,0xF81F,0xF81F,0xF81F,0xF81F,0xF81F,
    0xF81F,0xF81F,0xF81F,0xF81F,0xF81F,0xF81F,0xF81F,0xF81F,0xF81F,0xF81F,0xF81F,0xF81F,
    0xF81F,0xF81F,0xF81F,0xF81F,0xF81F,0xF81F,0xF81F,0xF81F,0xF81F,0xF81F,0xF81F,0xF81F,
    0xF81F,0xF81F,0xF81F,0xF81F,0xF81F,0xF81F,0xF81F,0xF81F,0xF81F,0xF81F,0xF81F,0xF81F,
    0xF81F,0xF81F,0xF81F,0xF81F,0xF81F,0xF81F,0xF81F,0xF81F,0xF81F,0xF81F,0xF81F,0xF81F,
    0xF81F,0xF81F,0xF81F,0xF81F,0xF81F,0xF81F,0xF81F,0xF81F,0xF81F,0xF81F,0xF81F,0xF81F,
    0xF81F,0xF81F,0xF81F,0xF81F,0xF81F,0xF81F,0xF81F,0xF81F,0xF81F,0xF81F,0xF81F,0xF81F,
    0xF81F,0xF81F,0xF81F,0xF81F,0xF81F,0xF81F,0xF81F,0xF81F,0xF81F,0xF81F,0xF81F,0xF81F,
    0xF81F,0xF81F,0xF81F,0xF81F,0xF81F,0xF81F,0xF81F,0xF81F,0xF81F,0xF81F,0xF81F,0xF81F,
    0xF81F,0xF81F,0xF81F,0xF81F,0xF81F,0xF81F,0xF81F,0xF81F,0xF81F,0xF81F,0xF81F,0xF81F,
    0xF81F,0xF81F,0xF81F,0xF81F,0xF81F,0xF81F,0xF81F,0xF81F,0xF81F,0xF81F,0xF81F,0xF81F,
    0xF81F,0xF81F,0xF81F,0xF81F,0xF81F,0xF81F,0xF81F,0xF81F,0xF81F,0xF81F,0xF81F,0xF81F,
    0xF81F,0xF81F,0xF81F,0xF81F,0xF81F,0xF81F,0xF81F,0xF81F,0xF81F,0xF81F,0xF81F,0xF81F,
    0xF81F,0xF81F,0xF81F,0xF81F,0xF81F,0xF81F,0xF81F,0xF81F,0xF81F,0xF81F,0xF81F,0xF81F,
    0xF81F,0xF81F,0xF81F,0xF81F,0xF81F,0xF81F,0xF81F,0xF81F,0xF81F,0xF81F,0xF81F,0xF81F,
    0xF81F,0xF81F,0xF81F,0xF81F,0xF81F,0xF81F,0xF81F,0xF81F,0xF81F,0xF81F,0xF81F,0xF81F,
    0xF81F,0xF81F,0xF81F,0xF81F,0xF81F,0xF81F,0xF81F,0xF81F,0xF81F,0xF81F,0xF81F,0xF81F,
    0xF81F,0xF81F,0xF81F,0xF81F,0xF81F,0xF81F,0xF81F,0xF81F,0xF81F,0xF81F,0xF81F,0xF81F,
    0xF81F,0xF81F,0xF81F,0xF81F,0xF81F,0xF81F,0xF81F,0xF81F,0xF81F,0xF81F,0xF81F,0xF81F,
    0xF81F,0xF81F,0xF81F,0xF81F,0xF81F,0xF81F,0xF81F,0xF81F,0xF81F,0xF81F,0xF81F,0xF81F,
    0xF81F,0xF81F,0xF81F,0xF81F,0xF81F,0xF81F,0xF81F,0xF81F,0xF81F,0xF81F,0xF81F,0xF81F,
    0xF81F,0xF81F,0xF81F,0xF81F,0xF81F,0xF81F,0xF81F,0xF81F,0xF81F,0xF81F,0xF81F,0xF81F,
    0xF81F,0xF81F,0xF81F,0xF81F,0xF81F,0xF81F,0xF81F,0xF81F,0xF81F,0xF81F,0xF81F,0xF81F,
    0xF81F,0xF81F,0xF81F,0xF81F,0xF81F,0xF81F,0xF81F,0xF81F,0xF81F,0xF81F,0xF81F,0xF81F,
    0xF81F,0xF81F,0xF81F,0xF81F,0xF81F,0xF81F,0xF81F,0xF81F,0xF81F,0xF81F,0xF81F,0xF81F,
    0xF81F,0xF81F,0xF81F,0xF81F,0xF81F,0xF81F,0xF81F,0xF81F,0xF81F,0xF81F,0xF81F,0xF81F,
    0xF81F,0xF81F,0xF81F,0xF81F,0xF81F,0xF81F,0xF81F,0xF81F,0xF81F,0xF81F,0xF81F,0xF81F,
    0xF81F,0xF81F,0xF81F,0xF81F,0xF81F,0xF81F,0xF81F,0xF81F,0xF81F,0xF81F,0xF81F,0xF81F,
    0xF81F,0xF81F,0xF81F,0xF81F,0xF81F,0xF81F,0xF81F,0xF81F,0xF81F,0xF81F,0xF81F,0xF81F,
    0xF81F,0xF81F,0xF81F,0xF81F,0xF81F,0xF81F,0xF81F,0xF81F,0xF81F,0xF81F,0xF81F,0xF81F,
    0xF81F,0xF81F,0xF81F,0xF81F,0xF81F,0xF81F,0xF81F,0xF81F,0xF81F,0xF81F,0xF81F,0xF81F,
    0xF81F,0xF81F,0xF81F,0xF81F,0xF81F,0xF81F,0xF81F,0xF81F,0xF81F,0xF81F,0xF81F,0xF81F,
    0xF81F,0xF81F,0xF81F,0xF81F,0xF81F,0xF81F,0xF81F,0xF81F,0xF81F,0xF81F,0xF81F,0xF81F,
    0xF81F,0xF81F,0xF81F,0xF81F,0xF81F,0xF81F,0xF81F,0xF81F,0xF81F,0xF81F,0xF81F,0xF81F,
    0xF81F,0xF81F,0xF81F,0xF81F,0xF81F,0xF81F,0xF81F,0xF81F,0xF81F,0xF81F,0xF81F,0xF81F,
    0xF81F,0xF81F,0xF81F,0xF81F,0xF81F,0xF81F,0xF81F,0xF81F,0xF81F,0xF81F,0xF81F,0xF81F,
    0xF81F,0xF81F,0xF81F,0xF81F,0xF81F,0xF81F,0xF81F,0xF81F,0xF81F,0xF81F,0xF81F,0xF81F,
    0xF81F,0xF81F,0xF81F,0xF81F,0xF81F,0xF81F,0xF81F,0xF81F,0xF81F,0xF81F,0xF81F,0xF81F,
    0xF81F,0xF81F,0xF81F,0xF81F,0xF81F,0xF81F,0xF81F,0xF81F,0xF81F,0xF81F,0xF81F,0xF81F,
    0xF81F,0xF81F,0xF81F,0xF81F,0xF81F,0xF81F,0xF81F,0xF81F,0xF81F,0xF81F,0xF81F,0xF81F,
    0xF81F,0xF81F,0xF81F,0xF81F,0xF81F,0xF81F,0xF81F,0xF81F,0xF81F,0xF81F,0xF81F,0xF81F,
    0xF81F,0xF81F,0xF81F,0xF81F,0xF81F,0xF81F,0xF81F,0xF81F,0xF81F,0xF81F,0xF81F,0xF81F,
    0xF81F,0xF81F,0xF81F,0xF81F,0xF81F,0xF81F,0xF81F,0xF81F,0xF81F,0xF81F,0xF81F,0xF81F,
    0xF81F,0xF81F,0xF81F,0xF81F,0xF81F,0xF81F,0xF81F,0xF81F,0xF81F,0xF81F,0xF81F,0xF81F,
    0xF81F,0xF81F,0xF81F,0xF81F,0xF81F,0xF81F,0xF81F,0xF81F,0xF81F,0xF81F,0xF81F,0xF81F,
    0xF81F,0xF81F,0xF81F,0xF81F,0xF81F,0xF81F,0xF81F,0xF81F,0xF81F,0xF81F,0xF81F,0xF81F,
    0xF81F,0xF81F,0xF81F,0xF81F,0xF81F,0xF81F,0xF81F,0xF81F,0xF81F,0xF81F,0xF81F,0xF81F,
    0xF81F,0xF81F,0xF81F,0xF81F,0xF81F,0xF81F,0xF81F,0xF81F,0xF81F,0xF81F,0xF81F,0xF81F,
    0xF81F,0xF81F,0xF81F,0xF81F,0xF81F,0xF81F,0xF81F,0xF81F,0xF81F,0xF81F,0xF81F,0xF81F,
    0xF81F,0xF81F,0xF81F,0xF81F,0xF81F,0xF81F,0xF81F,0xF81F,0xF81F,0xF81F,0xF81F,0xF81F,
    0xF81F,0xF81F,0xF81F,0xF81F,0xF81F,0xF81F,0xF81F,0xF81F,0xF81F,0xF81F,0xF81F,0xF81F,
    0xF81F,0xF81F,0xF81F,0xF81F,0xF81F,0xF81F,0xF81F,0xF81F,0xF81F,0xF81F,0xF81F,0xF81F,
    0xF81F,0xF81F,0xF81F,0xF81F,0xF81F,0xF81F,0xF81F,0xF81F,0xF81F,0xF81F,0xF81F,0xF81F,
    0xF81F,0xF81F,0xF81F,0xF81F,0xF81F,0xF81F,0xF81F,0xF81F,0xF81F,0xF81F,0xF81F,0xF81F,
    0xF81F,0xF81F,0xF81F,0xF81F,0xF81F,0xF81F,0xF81F,0xF81F,0xF81F,0xF81F,0xF81F,0xF81F,
    0xF81F,0xF81F,0xF81F,0xF81F,0xF81F,0xF81F,0xF81F,0xF81F,0xF81F,0xF81F,0xF81F,0xF81F,
    0xF81F,0xF81F,0xF81F,0xF81F,0xF81F,0xF81F,0xF81F,0xF81F,0xF81F,0xF81F,0xF81F,0xF81F,
    0xF81F,0xF81F,0xF81F,0xF81F,0xF81F,0xF81F,0xF81F,0xF81F,0xF81F,0xF81F,0xF81F,0xF81F,
    0xF81F,0xF81F,0xF81F,0xF81F,0xF81F,0xF81F,0xF81F,0xF81F,0xF81F,0xF81F,0xF81F,0xF81F,
    0xF81F,0xF81F,0xF81F,0xF81F,0xF81F,0xF81F,0xF81F,0xF81F,0xF81F,0xF81F,0xF81F,0xF81F,
    0xF81F,0xF81F,0xF81F,0xF81F,0xF81F,0xF81F,0xF81F,0xF81F,0xF81F,0xF81F,0xF81F,0xF81F,
    0xF81F,0xF81F,0xF81F,0xF81F,0xF81F,0xF81F,0xF81F,0xF81F,0xF81F,0xF81F,0xF81F,0xF81F,
    0xF81F,0xF81F,0xF81F,0xF81F,0xF81F,0xF81F,0xF81F,0xF81F,0xF81F,0xF81F,0xF81F,0xF81F,
    0xF81F,0xF81F,0xF81F,0xF81F,0xF81F,0xF81F,0xF81F,0xF81F,0xF81F,0xF81F,0xF81F,0xF81F,
    0xF81F,0xF81F,0xF81F,0xF81F,0xF81F,0xF81F,0xF81F,0xF81F,0xF81F,0xF81F,0xF81F,0xF81F,
    0xF81F,0xF81F,0xF81F,0xF81F,0xF81F,0xF81F,0xF81F,0xF81F,0xF81F,0xF81F,0xF81F,0xF81F,
    0xF81F,0xF81F,0xF81F,0xF81F,0xF81F,0xF81F,0xF81F,0xF81F,0xF81F,0xF81F,0xF81F,0xF81F,
    0xF81F,0xF81F,0xF81F,0xF81F,0xF81F,0xF81F,0xF81F,0xF81F,0xF81F,0xF81F,0xF81F,0xF81F,
    0xF81F,0xF81F,0xF81F,0xF81F,0xF81F,0xF81F,0xF81F,0xF81F,0xF81F,0xF81F,0xF81F,0xF81F,
    0xF81F,0xF81F,0xF81F,0xF81F,0xF81F,0xF81F,0xF81F,0xF81F,0xF81F,0xF81F,0xF81F,0xF81F,
    0xF81F,0xF81F,0xF81F,0xF81F,0xF81F,0xF81F,0xF81F,0xF81F,0xF81F,0xF81F,0xF81F,0xF81F,
    0xF81F,0xF81F,0xF81F,0xF81F,0xF81F,0xF81F,0xF81F,0xF81F,0xF81F,0xF81F,0xF81F,0xF81F,
    0xF81F,0xF81F,0xF81F,0xF81F,0xF81F,0xF81F,0xF81F,0xF81F,0xF81F,0xF81F,0xF81F,0xF81F,
    0xF81F,0xF81F,0xF81F,0xF81F,0xF81F,0xF81F,0xF81F,0xF81F,0xF81F,0xF81F,0xF81F,0xF81F,
    0xF81F,0xF81F,0xF81F,0xF81F,0xF81F,0xF81F,0xF81F,0xF81F,0xF81F,0xF81F,0xF81F,0xF81F,
    0xF81F,0xF81F,0xF81F,0xF81F,0xF81F,0xF81F,0xF81F,0xF81F,0xF81F,0xF81F,0xF81F,0xF81F,
    0xF81F,0xF81F,0xF81F,0xF81F,0xF81F,0xF81F,0xF81F,0xF81F,0xF81F,0xF81F,0xF81F,0xF81F,
    0xF81F,0xF81F,0xF81F,0xF81F,0xF81F,0xF81F,0xF81F,0xF81F,0xF81F,0xF81F,0xF81F,0xF81F,
    0xF81F,0xF81F,0xF81F,0xF81F,0xF81F,0xF81F,0xF81F,0xF81F,0xF81F,0xF81F,0xF81F,0xF81F,
    0xF81F,0xF81F,0xF81F,0xF81F,0xF81F,0xF81F,0xF81F,0xF81F,0xF81F,0xF81F,0xF81F,0xF81F,
    0xF81F,0xF81F,0xF81F,0xF81F,0xF81F,0xF81F,0xF81F,0xF81F,0xF81F,0xF81F,0xF81F,0xF81F,
    0xF81F,0xF81F,0xF81F,0xF81F,0xF81F,0xF81F,0xF81F,0xF81F,0xF81F,0xF81F,0xF81F,0xF81F,
    0xF81F,0xF81F,0xF81F,0xF81F,0xF81F,0xF81F,0xF81F,0xF81F,0xF81F,0xF81F,0xF81F,0xF81F,
    0xF81F,0xF81F,0xF81F,0xF81F,0xF81F,0xF81F,0xF81F,0xF81F,0xF81F,0xF81F,0xF81F,0xF81F,
    0xF81F,0xF81F,0xF81F,0xF81F,0xF81F,0xF81F,0xF81F,0xF81F,0xF81F,0xF81F,0xF81F,0xF81F,
    0xF81F,0xF81F,0xF81F,0xF81F,0xF81F,0xF81F,0xF81F,0xF81F,0xF81F,0xF81F,0xF81F,0xF81F,
    0xF81F,0xF81F,0xF81F,0xF81F,0xF81F,0xF81F,0xF81F,0xF81F,0xF81F,0xF81F,0xF81F,0xF81F,
};
inline const uint16_t* const img_end_bad_frames[1] = { img_end_bad_0 };
