// 由 tools/build_assets.py 自動產生（來源 web/demo-assets），請勿手改。
#pragma once
#include <cstdint>

constexpr int IMG_END_NORMAL_W = 150;
constexpr int IMG_END_NORMAL_H = 150;
constexpr int IMG_END_NORMAL_N = 1;

inline const uint16_t img_end_normal_0[22500] = {
    0xF81F,0xF81F,0xF81F,0xF81F,0xF81F,0xF81F,0xF81F,0xF81F,0xF81F,0xF81F,0xF81F,0xF81F,
    0xF81F,0xF81F,0xF81F,0xF81F,0xF81F,0xF81F,0xF81F,0xF81F,0xF81F,0xF81F,0xF81F,0xF81F,
    0xF81F,0xF81F,0xF81F,0xF81F,0xF81F,0xF81F,0xF81F,0xF81F,0xF81F,0xF81F,0xF81F,0xF81F,
    0xF81F,0xF81F,0xF81F,0xF81F,0xF81F,0xF81F,0xF81F,0xF81F,0xF81F,0xF81F,0xF81F,0xF81F,
    0xF81F,0xF81F,0xF81F,0xF81F,0xF81F,0xF81F,0xF81F,0xF81F,0xF81F,0xF81F,0xF81F,0xF81F,
    0xF81F,0xF81F,0xF81F,0xF81F,0xF81F,0xF81F,0xF81F,0xF81F,0xF81F,0xF81F,0xF81F,0xF81F,
    0xF81F,0xF81F,0xF81F,0xF81F,0xF81F,0xF81F,0xF81F,0xF81F,0xF81F,0xF81F,0xF81F,0xF81F,
    0xF81F,0xF81F,0xF81F,0xF81F,0xF81F,0xF81F,0xF81F,0xF81F,0xF81F,0xF81F,0xF81F,0xF81F,
    0xF81F,0xF81F,0xF81F,0xF81F,0xF81F,0xF81F,0xF81F,0xF81F,0xF81F,0xF81F,0xF81F,0xF81F,
    0xF81F,0xF81F,0xF81F,0xF81F,0xF81F,0xF81F,0xF81F,0xF81F,0xF81F,0xF81F,0xF81F,0xF81F,
    0xF81F,0xF81F,0xF81F,0xF81F,0xF81F,0xF81F,0xF81F,0xF81F,0xF81F,0xF81F,0xF81F,0xF81F,
    0xF81F,0xF81F,0xF81F,0xF81F,0xF81F,0xF81F,0xF81F,0xF81F,0xF81F,0xF81F,0xF81F,0xF81F,
    0xF81F,0xF81F,0xF81F,0xF81F,0xF81F,0xF81F,0xF81F,0xF81F,0xF81F,0xF81F,0xF81F,0xF81F,
    0xF81F,0xF81F,0xF81F,0xF81F,0xF81F,0xF81F,0xF81F,0xF81F,0xF81F,0xF81F,0xF81F,0xF81F,
    0xF81F,0xF81F,0xF81F,0xF81F,0xF81F,0xF81F,0xF81F,0xF81F,0xF81F,0xF81F,0xF81F,0xF81F,
    0xF81F,0xF81F,0xF81F,0xF81F,0xF81F,0xF81F,0xF81F,0xF81F,0xF81F,0xF81F,0xF81F,0xF81F,
    0xF81F,0xF81F,0xF81F,0xF81F,0xF81F,0xF81F,0xF81F,0xF81F,0xF81F,0xF81F,0xF81F,0xF81F,
    0xF81F,0xF81F,0xF81F,0xF81F,0xF81F,0xF81F,0xF81F,0xF81F,0xF81F,0xF81F,0xF81F,0xF81F,
    0xF81F,0xF81F,0xF81F,0xF81F,0xF81F,0xF81F,0xF81F,0xF81F,0xF81F,0xF81F,0xF81F,0xF81F,
    0xF81F,0xF81F,0xF81F,0xF81F,0xF81F,0xF81F,0xF81F,0xF81F,0xF81F,0xF81F,0xF81F,0xF81F,
    0xF81F,0xF81F,0xF81F,0xF81F,0xF81F,0xF81F,0xF81F,0xF81F,0xF81F,0xF81F,0xF81F,0xF81F,
    0xF81F,0xF81F,0xF81F,0xF81F,0xF81F,0xF81F,0xF81F,0xF81F,0xF81F,0xF81F,0xF81F,0xF81F,
    0xF81F,0xF81F,0xF81F,0xF81F,0xF81F,0xF81F,0xF81F,0xF81F,0xF81F,0xF81F,0xF81F,0xF81F,
    0xF81F,0xF81F,0xF81F,0xF81F,0xF81F,0xF81F,0xF81F,0xF81F,0xF81F,0xF81F,0xF81F,0xF81F,
    0xF81F,0xF81F,0xF81F,0xF81F,0xF81F,0xF81F,0xF81F,0xF81F,0xF81F,0xF81F,0xF81F,0xF81F,
    0xF81F,0xF81F,0xF81F,0xF81F,0xF81F,0xF81F,0xF81F,0xF81F,0xF81F,0xF81F,0xF81F,0xF81F,
    0xF81F,0xF81F,0xF81F,0xF81F,0xF81F,0xF81F,0xF81F,0xF81F,0xF81F,0xF81F,0xF81F,0xF81F,
    0xF81F,0xF81F,0xF81F,0xF81F,0xF81F,0xF81F,0xF81F,0xF81F,0xF81F,0xF81F,0xF81F,0xF81F,
    0xF81F,0xF81F,0xF81F,0xF81F,0xF81F,0xF81F,0xF81F,0xF81F,0xF81F,0xF81F,0xF81F,0xF81F,
    0xF81F,0xF81F,0xF81F,0xF81F,0xF81F,0xF81F,0xF81F,0xF81F,0xF81F,0xF81F,0xF81F,0xF81F,
    0xF81F,0xF81F,0xF81F,0xF81F,0xF81F,0xF81F,0xF81F,0xF81F,0xF81F,0xF81F,0xF81F,0xF81F,
    0xF81F,0xF81F,0xF81F,0xF81F,0xF81F,0xF81F,0xF81F,0xF81F,0xF81F,0xF81F,0xF81F,0xF81F,
    0xF81F,0xF81F,0xF81F,0xF81F,0xF81F,0xF81F,0xF81F,0xF81F,0xF81F,0xF81F,0xF81F,0xF81F,
    0xF81F,0xF81F,0xF81F,0xF81F,0xF81F,0xF81F,0xF81F,0xF81F,0xF81F,0xF81F,0xF81F,0xF81F,
    0xF81F,0xF81F,0xF81F,0xF81F,0xF81F,0xF81F,0xF81F,0xF81F,0xF81F,0xF81F,0xF81F,0xF81F,
    0xF81F,0xF81F,0xF81F,0xF81F,0xF81F,0xF81F,0xF81F,0xF81F,0xF81F,0xF81F,0xF81F,0xF81F,
    0xF81F,0xF81F,0xF81F,0xF81F,0xF81F,0xF81F,0xF81F,0xF81F,0xF81F,0xF81F,0xF81F,0xF81F,
    0xF81F,0xF81F,0xF81F,0xF81F,0xF81F,0xF81F,0xF81F,0xF81F,0xF81F,0xF81F,0xF81F,0xF81F,
    0xF81F,0xF81F,0xF81F,0xF81F,0xF81F,0xF81F,0xF81F,0xF81F,0xF81F,0xF81F,0xF81F,0xF81F,
    0xF81F,0xF81F,0xF81F,0xF81F,0xF81F,0xF81F,0xF81F,0xF81F,0xF81F,0xF81F,0xF81F,0xF81F,
    0xF81F,0xF81F,0xF81F,0xF81F,0xF81F,0xF81F,0xF81F,0xF81F,0xF81F,0xF81F,0xF81F,0xF81F,
    0xF81F,0xF81F,0xF81F,0xF81F,0xF81F,0xF81F,0xF81F,0xF81F,0xF81F,0xF81F,0xF81F,0xF81F,
    0xF81F,0xF81F,0xF81F,0xF81F,0xF81F,0xF81F,0xF81F,0xF81F,0xF81F,0xF81F,0xF81F,0xF81F,
    0xF81F,0xF81F,0xF81F,0xF81F,0xF81F,0xF81F,0xF81F,0xF81F,0xF81F,0xF81F,0xF81F,0xF81F,
    0xF81F,0xF81F,0xF81F,0xF81F,0xF81F,0xF81F,0xF81F,0xF81F,0xF81F,0xF81F,0xF81F,0xF81F,
    0xF81F,0xF81F,0xF81F,0xF81F,0xF81F,0xF81F,0xF81F,0xF81F,0xF81F,0xF81F,0xF81F,0xF81F,
    0xF81F,0xF81F,0xF81F,0xF81F,0xF81F,0xF81F,0xF81F,0xF81F,0xF81F,0xF81F,0xF81F,0xF81F,
    0xF81F,0xF81F,0xF81F,0xF81F,0xF81F,0xF81F,0xF81F,0xF81F,0xF81F,0xF81F,0xF81F,0xF81F,
    0xF81F,0xF81F,0xF81F,0xF81F,0xF81F,0xF81F,0xF81F,0xF81F,0xF81F,0xF81F,0xF81F,0xF81F,
    0xF81F,0xF81F,0xF81F,0xF81F,0xF81F,0xF81F,0xF81F,0xF81F,0xF81F,0xF81F,0xF81F,0xF81F,
    0xF81F,0xF81F,0xF81F,0xF81F,0xF81F,0xF81F,0xF81F,0xF81F,0xF81F,0xF81F,0xF81F,0xF81F,
    0xF81F,0xF81F,0xF81F,0xF81F,0xF81F,0xF81F,0xF81F,0xF81F,0xF81F,0xF81F,0xF81F,0xF81F,
    0xF81F,0xF81F,0xF81F,0xF81F,0xF81F,0xF81F,0xF81F,0xF81F,0xF81F,0xF81F,0xF81F,0xF81F,
    0xF81F,0xF81F,0xF81F,0xF81F,0xF81F,0xF81F,0xF81F,0xF81F,0xF81F,0xF81F,0xF81F,0xF81F,
    0xF81F,0xF81F,0xF81F,0xF81F,0xF81F,0xF81F,0xF81F,0xF81F,0xF81F,0xF81F,0xF81F,0xF81F,
    0xF81F,0xF81F,0xF81F,0xF81F,0xF81F,0xF81F,0xF81F,0xF81F,0xF81F,0xF81F,0xF81F,0xF81F,
    0xF81F,0xF81F,0xF81F,0xF81F,0xF81F,0xF81F,0xF81F,0xF81F,0xF81F,0xF81F,0xF81F,0xF81F,
    0xF81F,0xF81F,0xF81F,0xF81F,0xF81F,0xF81F,0xF81F,0xF81F,0xF81F,0xF81F,0xF81F,0xF81F,
    0xF81F,0xF81F,0xF81F,0xF81F,0xF81F,0xF81F,0xF81F,0xF81F,0xF81F,0xF81F,0xF81F,0xF81F,
    0xF81F,0xF81F,0xF81F,0xF81F,0xF81F,0xF81F,0xF81F,0xF81F,0xF81F,0xF81F,0xF81F,0xF81F,
    0xF81F,0xF81F,0xF81F,0xF81F,0xF81F,0xF81F,0xF81F,0xF81F,0xF81F,0xF81F,0xF81F,0xF81F,
    0xF81F,0xF81F,0xF81F,0xF81F,0xF81F,0xF81F,0xF81F,0xF81F,0xF81F,0xF81F,0xF81F,0xF81F,
    0xF81F,0xF81F,0xF81F,0xF81F,0xF81F,0xF81F,0xF81F,0xF81F,0xF81F,0xF81F,0xF81F,0xF81F,
    0xF81F,0xF81F,0xF81F,0xF81F,0xF81F,0xF81F,0xF81F,0xF81F,0xF81F,0xF81F,0xF81F,0xF81F,
    0xF81F,0xF81F,0xF81F,0xF81F,0xF81F,0xF81F,0xF81F,0xF81F,0xF81F,0xF81F,0xF81F,0xF81F,
    0xF81F,0xF81F,0xF81F,0xF81F,0xF81F,0xF81F,0xF81F,0xF81F,0xF81F,0xF81F,0xF81F,0xF81F,
    0xF81F,0xF81F,0xF81F,0xF81F,0xF81F,0xF81F,0xF81F,0xF81F,0xF81F,0xF81F,0xF81F,0xF81F,
    0xF81F,0xF81F,0xF81F,0xF81F,0xF81F,0xF81F,0xF81F,0xF81F,0xF81F,0xF81F,0xF81F,0xF81F,
    0xF81F,0xF81F,0xF81F,0xF81F,0xF81F,0xF81F,0xF81F,0xF81F,0xF81F,0xF81F,0xF81F,0xF81F,
    0xF81F,0xF81F,0xF81F,0xF81F,0xF81F,0xF81F,0xF81F,0xF81F,0xF81F,0xF81F,0xF81F,0xF81F,
    0xF81F,0xF81F,0xF81F,0xF81F,0xF81F,0xF81F,0xF81F,0xF81F,0xF81F,0xF81F,0xF81F,0xF81F,
    0xF81F,0xF81F,0xF81F,0xF81F,0xF81F,0xF81F,0xF81F,0xF81F,0xF81F,0xF81F,0xF81F,0xF81F,
    0xF81F,0xF81F,0xF81F,0xF81F,0xF81F,0xF81F,0xF81F,0xF81F,0xF81F,0xF81F,0xF81F,0xF81F,
    0xF81F,0xF81F,0xF81F,0xF81F,0xF81F,0xF81F,0xF81F,0xF81F,0xF81F,0xF81F,0xF81F,0xF81F,
    0xF81F,0xF81F,0xF81F,0xF81F,0xF81F,0xF81F,0xF81F,0xF81F,0xF81F,0xF81F,0xF81F,0xF81F,
    0xF81F,0xF81F,0xF81F,0xF81F,0xF81F,0xF81F,0xF81F,0xF81F,0xF81F,0xF81F,0xF81F,0xF81F,
    0xF81F,0xF81F,0xF81F,0xF81F,0xF81F,0xF81F,0xF81F,0xF81F,0xF81F,0xF81F,0xF81F,0xF81F,
    0xF81F,0xF81F,0xF81F,0xF81F,0xF81F,0xF81F,0xF81F,0xF81F,0xF81F,0xF81F,0xF81F,0xF81F,
    0xF81F,0xF81F,0xF81F,0xF81F,0xF81F,0xF81F,0xF81F,0xF81F,0xF81F,0xF81F,0xF81F,0xF81F,
    0xF81F,0xF81F,0xF81F,0xF81F,0xF81F,0xF81F,0xF81F,0xF81F,0xF81F,0xF81F,0xF81F,0xF81F,
    0xF81F,0xF81F,0xF81F,0xF81F,0xF81F,0xF81F,0xF81F,0xF81F,0xF81F,0xF81F,0xF81F,0xF81F,
    0xF81F,0xF81F,0xF81F,0xF81F,0xF81F,0xF81F,0xF81F,0xF81F,0xF81F,0xF81F,0xF81F,0xF81F,
    0xF81F,0xF81F,0xF81F,0xF81F,0xF81F,0xF81F,0xF81F,0xF81F,0xF81F,0xF81F,0xF81F,0xF81F,
    0xF81F,0xF81F,0xF81F,0xF81F,0xF81F,0xF81F,0xF81F,0xF81F,0xF81F,0xF81F,0xF81F,0xF81F,
    0xF81F,0xF81F,0xF81F,0xF81F,0xF81F,0xF81F,0xF81F,0xF81F,0xF81F,0xF81F,0xF81F,0xF81F,
    0xF81F,0xF81F,0xF81F,0xF81F,0xF81F,0xF81F,0xF81F,0xF81F,0xF81F,0xF81F,0xF81F,0xF81F,
    0xF81F,0xF81F,0xF81F,0xF81F,0xF81F,0xF81F,0xF81F,0xF81F,0xF81F,0xF81F,0xF81F,0xF81F,
    0xF81F,0xF81F,0xF81F,0xF81F,0xF81F,0xF81F,0xF81F,0xF81F,0xF81F,0xF81F,0xF81F,0xF81F,
    0xF81F,0xF81F,0xF81F,0xF81F,0xF81F,0xF81F,0xF81F,0xF81F,0xF81F,0xF81F,0xF81F,0xF81F,
    0xF81F,0xF81F,0xF81F,0xF81F,0xF81F,0xF81F,0xF81F,0xF81F,0xF81F,0xF81F,0xF81F,0xF81F,
    0xF81F,0xF81F,0xF81F,0xF81F,0xF81F,0xF81F,0xF81F,0xF81F,0xF81F,0xF81F,0xF81F,0xF81F,
    0xF81F,0xF81F,0xF81F,0xF81F,0xF81F,0xF81F,0xF81F,0xF81F,0xF81F,0xF81F,0xF81F,0xF81F,
    0xF81F,0xF81F,0xF81F,0xF81F,0xF81F,0xF81F,0xF81F,0xF81F,0xF81F,0xF81F,0xF81F,0xF81F,
    0xF81F,0xF81F,0xF81F,0xF81F,0xF81F,0xF81F,0xF81F,0xF81F,0xF81F,0xF81F,0xF81F,0xF81F,
    0xF81F,0xF81F,0xF81F,0xF81F,0xF81F,0xF81F,0xF81F,0xF81F,0xF81F,0xF81F,0xF81F,0xF81F,
    0xF81F,0xF81F,0xF81F,0xF81F,0xF81F,0xF81F,0xF81F,0xF81F,0xF81F,0xF81F,0xF81F,0xF81F,
    0xF81F,0xF81F,0xF81F,0xF81F,0xF81F,0xF81F,0xF81F,0xF81F,0xF81F,0xF81F,0xF81F,0xF81F,
    0xF81F,0xF81F,0xF81F,0xF81F,0xF81F,0xF81F,0xF81F,0xF81F,0xF81F,0xF81F,0xF81F,0xF81F,
    0xF81F,0xF81F,0xF81F,0xF81F,0xF81F,0xF81F,0xF81F,0xF81F,0xF81F,0xF81F,0xF81F,0xF81F,
    0xF81F,0xF81F,0xF81F,0xF81F,0xF81F,0xF81F,0xF81F,0xF81F,0xF81F,0xF81F,0xF81F,0xF81F,
    0xF81F,0xF81F,0xF81F,0xF81F,0xF81F,0xF81F,0xF81F,0xF81F,0xF81F,0xF81F,0xF81F,0xF81F,
    0xF81F,0xF81F,0xF81F,0xF81F,0xF81F,0xF81F,0xF81F,0xF81F,0xF81F,0xF81F,0xF81F,0xF81F,
    0xF81F,0xF81F,0xF81F,0xF81F,0xF81F,0xF81F,0xF81F,0xF81F,0xF81F,0xF81F,0xF81F,0xF81F,
    0xF81F,0xF81F,0xF81F,0xF81F,0xF81F,0xF81F,0xF81F,0xF81F,0xF81F,0xF81F,0xF81F,0xF81F,
    0xF81F,0xF81F,0xF81F,0xF81F,0xF81F,0xF81F,0xF81F,0xF81F,0xF81F,0xF81F,0xF81F,0xF81F,
    0xF81F,0xF81F,0xF81F,0xF81F,0xF81F,0xF81F,0xF81F,0xF81F,0xF81F,0xF81F,0xF81F,0xF81F,
    0xF81F,0xF81F,0xF81F,0xF81F,0xF81F,0xF81F,0xF81F,0xF81F,0xF81F,0xF81F,0xF81F,0xF81F,
    0xF81F,0xF81F,0xF81F,0xF81F,0xF81F,0xF81F,0xF81F,0xF81F,0xF81F,0xF81F,0xF81F,0xF81F,
    0xF81F,0xF81F,0xF81F,0xF81F,0xF81F,0xF81F,0xF81F,0xF81F,0xF81F,0xF81F,0xF81F,0xF81F,
    0xF81F,0xF81F,0xF81F,0xF81F,0xF81F,0xF81F,0xF81F,0xF81F,0xF81F,0xF81F,0xF81F,0xF81F,
    0xF81F,0xF81F,0xF81F,0xF81F,0xF81F,0xF81F,0xF81F,0xF81F,0xF81F,0xF81F,0xF81F,0xF81F,
    0xF81F,0xF81F,0xF81F,0xF81F,0xF81F,0xF81F,0xF81F,0xF81F,0xF81F,0xF81F,0xF81F,0xF81F,
    0xF81F,0xF81F,0xF81F,0xF81F,0xF81F,0xF81F,0xF81F,0xF81F,0xF81F,0xF81F,0xF81F,0xF81F,
    0xF81F,0xF81F,0xF81F,0xF81F,0xF81F,0xF81F,0xF81F,0xF81F,0xF81F,0xF81F,0xF81F,0xF81F,
    0xF81F,0xF81F,0xF81F,0xF81F,0xF81F,0xF81F,0xF81F,0xF81F,0xF81F,0xF81F,0xF81F,0xF81F,
    0xF81F,0xF81F,0xF81F,0xF81F,0xF81F,0xF81F,0xF81F,0xF81F,0xF81F,0xF81F,0xF81F,0xF81F,
    0xF81F,0xF81F,0xF81F,0xF81F,0xF81F,0xF81F,0xF81F,0xF81F,0xF81F,0xF81F,0xF81F,0xF81F,
    0xF81F,0xF81F,0xF81F,0xF81F,0xF81F,0xF81F,0xF81F,0xF81F,0xF81F,0xF81F,0xF81F,0xF81F,
    0xF81F,0xF81F,0xF81F,0xF81F,0xF81F,0xF81F,0xF81F,0xF81F,0xF81F,0xF81F,0xF81F,0xF81F,
    0xF81F,0xF81F,0xF81F,0xF81F,0xF81F,0xF81F,0xF81F,0xF81F,0xF81F,0xF81F,0xF81F,0xF81F,
    0xF81F,0xF81F,0xF81F,0xF81F,0xF81F,0xF81F,0xF81F,0xF81F,0xF81F,0xF81F,0xF81F,0xF81F,
    0xF81F,0xF81F,0xF81F,0xF81F,0xF81F,0xF81F,0xF81F,0xF81F,0xF81F,0xF81F,0xF81F,0xF81F,
    0xF81F,0xF81F,0xF81F,0xF81F,0xF81F,0xF81F,0xF81F,0xF81F,0xF81F,0xF81F,0xF81F,0xF81F,
    0xF81F,0xF81F,0xF81F,0xF81F,0xF81F,0xF81F,0xF81F,0xF81F,0xF81F,0xF81F,0xF81F,0xF81F,
    0xF81F,0xF81F,0xF81F,0xF81F,0xF81F,0xF81F,0xF81F,0xF81F,0xF81F,0xF81F,0xF81F,0xF81F,
    0xF81F,0xF81F,0xF81F,0xF81F,0xF81F,0xF81F,0xF81F,0xF81F,0xF81F,0xF81F,0xF81F,0xF81F,
    0xF81F,0xF81F,0xF81F,0xF81F,0xF81F,0xF81F,0xF81F,0xF81F,0xF81F,0xF81F,0xF81F,0xF81F,
    0xF81F,0xF81F,0xF81F,0xF81F,0xF81F,0xF81F,0xF81F,0xF81F,0xF81F,0xF81F,0xF81F,0xF81F,
    0xF81F,0xF81F,0xF81F,0xF81F,0xF81F,0xF81F,0xF81F,0xF81F,0xF81F,0xF81F,0xF81F,0xF81F,
    0xF81F,0xF81F,0xF81F,0xF81F,0xF81F,0xF81F,0xF81F,0xF81F,0xF81F,0xF81F,0xF81F,0xF81F,
    0xF81F,0xF81F,0xF81F,0xF81F,0xF81F,0xF81F,0xF81F,0xF81F,0xF81F,0xF81F,0xF81F,0xF81F,
    0xF81F,0xF81F,0xF81F,0xF81F,0xF81F,0xF81F,0xF81F,0xF81F,0xF81F,0xF81F,0xF81F,0xF81F,
    0xF81F,0xF81F,0xF81F,0xF81F,0xF81F,0xF81F,0xF81F,0xF81F,0xF81F,0xF81F,0xF81F,0xF81F,
    0xF81F,0xF81F,0xF81F,0xF81F,0xF81F,0xF81F,0xF81F,0xF81F,0xF81F,0xF81F,0xF81F,0xF81F,
    0xF81F,0xF81F,0xF81F,0xF81F,0xF81F,0xF81F,0xF81F,0xF81F,0xF81F,0xF81F,0xF81F,0xF81F,
    0xF81F,0xF81F,0xF81F,0xF81F,0xF81F,0xF81F,0xF81F,0xF81F,0xF81F,0xF81F,0xF81F,0xF81F,
    0xF81F,0xF81F,0xF81F,0xF81F,0xF81F,0xF81F,0xF81F,0xF81F,0xF81F,0xF81F,0xF81F,0xF81F,
    0xF81F,0xF81F,0xF81F,0xF81F,0xF81F,0xF81F,0xF81F,0xF81F,0xF81F,0xF81F,0xF81F,0xF81F,
    0xF81F,0xF81F,0xF81F,0xF81F,0xF81F,0xF81F,0xF81F,0xF81F,0xF81F,0xF81F,0xF81F,0xF81F,
    0xF81F,0xF81F,0xF81F,0xF81F,0xF81F,0xF81F,0xF81F,0xF81F,0xF81F,0xF81F,0xF81F,0xF81F,
    0xF81F,0xF81F,0xF81F,0xF81F,0xF81F,0xF81F,0xF81F,0xF81F,0xF81F,0xF81F,0xF81F,0xF81F,
    0xF81F,0xF81F,0xF81F,0xF81F,0xF81F,0xF81F,0xF81F,0xF81F,0xF81F,0xF81F,0xF81F,0xF81F,
    0xF81F,0xF81F,0xF81F,0xF81F,0xF81F,0xF81F,0xF81F,0xF81F,0xF81F,0xF81F,0xF81F,0xF81F,
    0xF81F,0xF81F,0xF81F,0xF81F,0xF81F,0xF81F,0xF81F,0xF81F,0xF81F,0xF81F,0xF81F,0xF81F,
    0xF81F,0xF81F,0xF81F,0xF81F,0xF81F,0xF81F,0xF81F,0xF81F,0xF81F,0xF81F,0xF81F,0xF81F,
    0xF81F,0xF81F,0xF81F,0xF81F,0xF81F,0xF81F,0xF81F,0xF81F,0xF81F,0xF81F,0xF81F,0xF81F,
    0xF81F,0xF81F,0xF81F,0xF81F,0xF81F,0xF81F,0xF81F,0xF81F,0xF81F,0xF81F,0xF81F,0xF81F,
    0xF81F,0xF81F,0xF81F,0xF81F,0xF81F,0xF81F,0xF81F,0xF81F,0xF81F,0xF81F,0xF81F,0xF81F,
    0xF81F,0xF81F,0xF81F,0xF81F,0xF81F,0xF81F,0xF81F,0xF81F,0xF81F,0xF81F,0xF81F,0xF81F,
    0xF81F,0xF81F,0xF81F,0xF81F,0xF81F,0xF81F,0xF81F,0xF81F,0xF81F,0xF81F,0xF81F,0xF81F,
    0xF81F,0xF81F,0xF81F,0xF81F,0xF81F,0xF81F,0xF81F,0xF81F,0xF81F,0xF81F,0xF81F,0xF81F,
    0xF81F,0xF81F,0xF81F,0xF81F,0xF81F,0xF81F,0xF81F,0xF81F,0xF81F,0xF81F,0xF81F,0xF81F,
    0xF81F,0xF81F,0xF81F,0xF81F,0xF81F,0xF81F,0xF81F,0xF81F,0xF81F,0xF81F,0xF81F,0xF81F,
    0xF81F,0xF81F,0xF81F,0xF81F,0xF81F,0xF81F,0xF81F,0xF81F,0xF81F,0xF81F,0xF81F,0xF81F,
    0xF81F,0xF81F,0xF81F,0xF81F,0xF81F,0xF81F,0xF81F,0xF81F,0xF81F,0xF81F,0xF81F,0xF81F,
    0xF81F,0xF81F,0xF81F,0xF81F,0xF81F,0xF81F,0xF81F,0xF81F,0xF81F,0xF81F,0xF81F,0xF81F,
    0xF81F,0xF81F,0xF81F,0xF81F,0xF81F,0xF81F,0xF81F,0xF81F,0xF81F,0xF81F,0xF81F,0xF81F,
    0xF81F,0xF81F,0xF81F,0xF81F,0xF81F,0xF81F,0xF81F,0xF81F,0xF81F,0xF81F,0xF81F,0xF81F,
    0xF81F,0xF81F,0xF81F,0xF81F,0xF81F,0xF81F,0xF81F,0xF81F,0xF81F,0xF81F,0xF81F,0xF81F,
    0xF81F,0xF81F,0xF81F,0xF81F,0xF81F,0xF81F,0xF81F,0xF81F,0xF81F,0xF81F,0xF81F,0xF81F,
    0xF81F,0xF81F,0xF81F,0xF81F,0xF81F,0xF81F,0xF81F,0xF81F,0xF81F,0xF81F,0xF81F,0xF81F,
    0xF81F,0xF81F,0xF81F,0xF81F,0xF81F,0xF81F,0xF81F,0xF81F,0xF81F,0xF81F,0xF81F,0xF81F,
    0xF81F,0xF81F,0xF81F,0xF81F,0xF81F,0xF81F,0xF81F,0xF81F,0xF81F,0xF81F,0xF81F,0xF81F,
    0xF81F,0xF81F,0xF81F,0xF81F,0xF81F,0xF81F,0xF81F,0xF81F,0xF81F,0xF81F,0xF81F,0xF81F,
    0xF81F,0xF81F,0xF81F,0xF81F,0xF81F,0xF81F,0xF81F,0xF81F,0xF81F,0xF81F,0xF81F,0xF81F,
    0xF81F,0xF81F,0xF81F,0xF81F,0xF81F,0xF81F,0xF81F,0xF81F,0xF81F,0xF81F,0xF81F,0xF81F,
    0xF81F,0xF81F,0xF81F,0xF81F,0xF81F,0xF81F,0xF81F,0xF81F,0xF81F,0xF81F,0xF81F,0xF81F,
    0xF81F,0xF81F,0xF81F,0xF81F,0xF81F,0xF81F,0xF81F,0xF81F,0xF81F,0xF81F,0xF81F,0xF81F,
    0xF81F,0xF81F,0xF81F,0xF81F,0xF81F,0xF81F,0xF81F,0xF81F,0xF81F,0xF81F,0xF81F,0xF81F,
    0xF81F,0xF81F,0xF81F,0xF81F,0xF81F,0xF81F,0xF81F,0xF81F,0xF81F,0xF81F,0xF81F,0xF81F,
    0xF81F,0xF81F,0xF81F,0xF81F,0xF81F,0xF81F,0xF81F,0xF81F,0xF81F,0xF81F,0xF81F,0xF81F,
    0xF81F,0xF81F,0xF81F,0xF81F,0xF81F,0xF81F,0xF81F,0xF81F,0xF81F,0xF81F,0xF81F,0xF81F,
    0xF81F,0xF81F,0xF81F,0xF81F,0xF81F,0xF81F,0xF81F,0xF81F,0xF81F,0xF81F,0xF81F,0xF81F,
    0xF81F,0xF81F,0xF81F,0xF81F,0xF81F,0xF81F,0xF81F,0xF81F,0xF81F,0xF81F,0xF81F,0xF81F,
    0xF81F,0xF81F,0xF81F,0xF81F,0xF81F,0xF81F,0xF81F,0xF81F,0xF81F,0xF81F,0xF81F,0xF81F,
    0xF81F,0xF81F,0xF81F,0xF81F,0xF81F,0xF81F,0xF81F,0xF81F,0xF81F,0xF81F,0xF81F,0xF81F,
    0xF81F,0xF81F,0xF81F,0xF81F,0xF81F,0xF81F,0xF81F,0xF81F,0xF81F,0xF81F,0xF81F,0xF81F,
    0xF81F,0xF81F,0xF81F,0xF81F,0xF81F,0xF81F,0xF81F,0xF81F,0xF81F,0xF81F,0xF81F,0xF81F,
    0xF81F,0xF81F,0xF81F,0xF81F,0xF81F,0xF81F,0xF81F,0xF81F,0xF81F,0xF81F,0xF81F,0xF81F,
    0xF81F,0xF81F,0xF81F,0xF81F,0xF81F,0xF81F,0xF81F,0xF81F,0xF81F,0xF81F,0xF81F,0xF81F,
    0xF81F,0xF81F,0xF81F,0xF81F,0xF81F,0xF81F,0xF81F,0xF81F,0xF81F,0xF81F,0xF81F,0xF81F,
    0xF81F,0xF81F,0xF81F,0xF81F,0xF81F,0xF81F,0xF81F,0xF81F,0xF81F,0xF81F,0xF81F,0xF81F,
    0xF81F,0xF81F,0xF81F,0xF81F,0xF81F,0xF81F,0xF81F,0xF81F,0xF81F,0xF81F,0xF81F,0xF81F,
    0xF81F,0xF81F,0xF81F,0xF81F,0xF81F,0xF81F,0xF81F,0xF81F,0xF81F,0xF81F,0xF81F,0xF81F,
    0xF81F,0xF81F,0xF81F,0xF81F,0xF81F,0xF81F,0xF81F,0xF81F,0xF81F,0xF81F,0xF81F,0xF81F,
    0xF81F,0xF81F,0xF81F,0xF81F,0xF81F,0xF81F,0xF81F,0xF81F,0xF81F,0xF81F,0xF81F,0xF81F,
    0xF81F,0xF81F,0xF81F,0xF81F,0xF81F,0xF81F,0xF81F,0xF81F,0xF81F,0xF81F,0xF81F,0xF81F,
    0xF81F,0xF81F,0xF81F,0xF81F,0xF81F,0xF81F,0xF81F,0xF81F,0xF81F,0xF81F,0xF81F,0xF81F,
    0xF81F,0xF81F,0xF81F,0xF81F,0xF81F,0xF81F,0xF81F,0xF81F,0xF81F,0xF81F,0xF81F,0xF81F,
    0xF81F,0xF81F,0xF81F,0xF81F,0xF81F,0xF81F,0xF81F,0xF81F,0xF81F,0xF81F,0xF81F,0xF81F,
    0xF81F,0xF81F,0xF81F,0xF81F,0xF81F,0xF81F,0xF81F,0xF81F,0xF81F,0xF81F,0xF81F,0xF81F,
    0xF81F,0xF81F,0xF81F,0xF81F,0xF81F,0xF81F,0xF81F,0xF81F,0xF81F,0xF81F,0xF81F,0xF81F,
    0xF81F,0xF81F,0xF81F,0xF81F,0xF81F,0xF81F,0xF81F,0xF81F,0xF81F,0xF81F,0xF81F,0xF81F,
    0xF81F,0xF81F,0xF81F,0xF81F,0xF81F,0xF81F,0xF81F,0xF81F,0xF81F,0xF81F,0xF81F,0xF81F,
    0xF81F,0xF81F,0xF81F,0xF81F,0xF81F,0xF81F,0xF81F,0xF81F,0xF81F,0xF81F,0xF81F,0xF81F,
    0xF81F,0xF81F,0xF81F,0xF81F,0xF81F,0xF81F,0xF81F,0xF81F,0xF81F,0xF81F,0xF81F,0xF81F,
    0xF81F,0xF81F,0xF81F,0xF81F,0xF81F,0xF81F,0xF81F,0xF81F,0xF81F,0xF81F,0xF81F,0xF81F,
    0xF81F,0xF81F,0xF81F,0xF81F,0xF81F,0xF81F,0xF81F,0xF81F,0xF81F,0xF81F,0xF81F,0xF81F,
    0xF81F,0xF81F,0xF81F,0xF81F,0xF81F,0xF81F,0xF81F,0xF81F,0xF81F,0xF81F,0xF81F,0xF81F,
    0xF81F,0xF81F,0xF81F,0xF81F,0xF81F,0xF81F,0xF81F,0xF81F,0xF81F,0xF81F,0xF81F,0xF81F,
    0xF81F,0xF81F,0xF81F,0xF81F,0xF81F,0xF81F,0xF81F,0xF81F,0xF81F,0xF81F,0xF81F,0xF81F,
    0xF81F,0xF81F,0xF81F,0xF81F,0xF81F,0xF81F,0xF81F,0xF81F,0xF81F,0xF81F,0xF81F,0xF81F,
    0xF81F,0xF81F,0xF81F,0xF81F,0xF81F,0xF81F,0xF81F,0xF81F,0xF81F,0xF81F,0xF81F,0xF81F,
    0xF81F,0xF81F,0xF81F,0xF81F,0xF81F,0xF81F,0xF81F,0xF81F,0xF81F,0xF81F,0xF81F,0xF81F,
    0xF81F,0xF81F,0xF81F,0xF81F,0xF81F,0xF81F,0xF81F,0xF81F,0xF81F,0xF81F,0xF81F,0xF81F,
    0xF81F,0xF81F,0xF81F,0xF81F,0xF81F,0xF81F,0xF81F,0xF81F,0xF81F,0xF81F,0xF81F,0xF81F,
    0xF81F,0xF81F,0xF81F,0xF81F,0xF81F,0xF81F,0xF81F,0xF81F,0xF81F,0xF81F,0xF81F,0xF81F,
    0xF81F,0xF81F,0xF81F,0xF81F,0xF81F,0xF81F,0xF81F,0xF81F,0xF81F,0xF81F,0xF81F,0xF81F,
    0xF81F,0xF81F,0xF81F,0xF81F,0xF81F,0xF81F,0xF81F,0xF81F,0xF81F,0xF81F,0xF81F,0xF81F,
    0xF81F,0xF81F,0xF81F,0xF81F,0xF81F,0xF81F,0xF81F,0xF81F,0xF81F,0xF81F,0xF81F,0xF81F,
    0xF81F,0xF81F,0xF81F,0xF81F,0xF81F,0xF81F,0xF81F,0xF81F,0xF81F,0xF81F,0xF81F,0xF81F,
    0xF81F,0xF81F,0xF81F,0xF81F,0xF81F,0xF81F,0xF81F,0xF81F,0xF81F,0xF81F,0xF81F,0xF81F,
    0xF81F,0xF81F,0xF81F,0xF81F,0xF81F,0xF81F,0xF81F,0xF81F,0xF81F,0xF81F,0xF81F,0xF81F,
    0xF81F,0xF81F,0xF81F,0xF81F,0xF81F,0xF81F,0xF81F,0xF81F,0xF81F,0xF81F,0xF81F,0xF81F,
    0xF81F,0xF81F,0xF81F,0xF81F,0xF81F,0xF81F,0xF81F,0xF81F,0xF81F,0xF81F,0xF81F,0xF81F,
    0xF81F,0xF81F,0xF81F,0xF81F,0xF81F,0xF81F,0xF81F,0xF81F,0xF81F,0xF81F,0xF81F,0xF81F,
    0xF81F,0xF81F,0xF81F,0xF81F,0xF81F,0xF81F,0xF81F,0xF81F,0xF81F,0xF81F,0xF81F,0xF81F,
    0xF81F,0xF81F,0xF81F,0xF81F,0xF81F,0xF81F,0xF81F,0xF81F,0xF81F,0xF81F,0xF81F,0xF81F,
    0xF81F,0xF81F,0xF81F,0xF81F,0xF81F,0xF81F,0xF81F,0xF81F,0xF81F,0xF81F,0xF81F,0xF81F,
    0xF81F,0xF81F,0xF81F,0xF81F,0xF81F,0xF81F,0xF81F,0xF81F,0xF81F,0xF81F,0xF81F,0xF81F,
    0xF81F,0xF81F,0xF81F,0xF81F,0xF81F,0xF81F,0xF81F,0xF81F,0xF81F,0xF81F,0xF81F,0xF81F,
    0xF81F,0xF81F,0xF81F,0xF81F,0xF81F,0xF81F,0xF81F,0xF81F,0xF81F,0xF81F,0xF81F,0xF81F,
    0xF81F,0xF81F,0xF81F,0xF81F,0xF81F,0xF81F,0xF81F,0xF81F,0xF81F,0xF81F,0xF81F,0xF81F,
    0xF81F,0xF81F,0xF81F,0xF81F,0xF81F,0xF81F,0xF81F,0xF81F,0xF81F,0xF81F,0xF81F,0xF81F,
    0xF81F,0xF81F,0xF81F,0xF81F,0xF81F,0xF81F,0xF81F,0xF81F,0xF81F,0xF81F,0xF81F,0xF81F,
    0xF81F,0xF81F,0xF81F,0xF81F,0xF81F,0xF81F,0xF81F,0xF81F,0xF81F,0xF81F,0xF81F,0xF81F,
    0xF81F,0xF81F,0xF81F,0xF81F,0xF81F,0xF81F,0xF81F,0xF81F,0xF81F,0xF81F,0xF81F,0xF81F,
    0xF81F,0xF81F,0xF81F,0xF81F,0xF81F,0xF81F,0xF81F,0xF81F,0xF81F,0xF81F,0xF81F,0xF81F,
    0xF81F,0xF81F,0xF81F,0xF81F,0xF81F,0xF81F,0xF81F,0xF81F,0xF81F,0xF81F,0xF81F,0xF81F,
    0xF81F,0xF81F,0xF81F,0xF81F,0xF81F,0xF81F,0xF81F,0xF81F,0xF81F,0xF81F,0xF81F,0xF81F,
    0xF81F,0xF81F,0xF81F,0xF81F,0xF81F,0xF81F,0xF81F,0xF81F,0xF81F,0xF81F,0xF81F,0xF81F,
    0xF81F,0xF81F,0xF81F,0xF81F,0xF81F,0xF81F,0xF81F,0xF81F,0xF81F,0xF81F,0xF81F,0xF81F,
    0xF81F,0xF81F,0xF81F,0xF81F,0xF81F,0xF81F,0xF81F,0xF81F,0xF81F,0xF81F,0xF81F,0xF81F,
    0xF81F,0xF81F,0xF81F,0xF81F,0xF81F,0xF81F,0xF81F,0xF81F,0xF81F,0xF81F,0xF81F,0xF81F,
    0xF81F,0xF81F,0xF81F,0xF81F,0xF81F,0xF81F,0xF81F,0xF81F,0xF81F,0xF81F,0xF81F,0xF81F,
    0xF81F,0xF81F,0xF81F,0xF81F,0xF81F,0xF81F,0xF81F,0xF81F,0xF81F,0xF81F,0xF81F,0xF81F,
    0xF81F,0xF81F,0xF81F,0xF81F,0xF81F,0xF81F,0xF81F,0xF81F,0xF81F,0xF81F,0xF81F,0xF81F,
    0xF81F,0xF81F,0xF81F,0xF81F,0xF81F,0xF81F,0xF81F,0xF81F,0xF81F,0xF81F,0xF81F,0xF81F,
    0xF81F,0xF81F,0xF81F,0xF81F,0xF81F,0xF81F,0xF81F,0xF81F,0xF81F,0xF81F,0xF81F,0xF81F,
    0xF81F,0xF81F,0xF81F,0xF81F,0xF81F,0xF81F,0xF81F,0xF81F,0xF81F,0xF81F,0xF81F,0xF81F,
    0xF81F,0xF81F,0xF81F,0xF81F,0xF81F,0xF81F,0xF81F,0xF81F,0xF81F,0xF81F,0xF81F,0xF81F,
    0xF81F,0xF81F,0xF81F,0xF81F,0xF81F,0xF81F,0xF81F,0xF81F,0xF81F,0xF81F,0xF81F,0xF81F,
    0xF81F,0xF81F,0xF81F,0xF81F,0xF81F,0xF81F,0xF81F,0xF81F,0xF81F,0xF81F,0xF81F,0xF81F,
    0xF81F,0xF81F,0xF81F,0xF81F,0xF81F,0xF81F,0xF81F,0xF81F,0xF81F,0xF81F,0xF81F,0xF81F,
    0xF81F,0xF81F,0xF81F,0xF81F,0xF81F,0xF81F,0xF81F,0xF81F,0xF81F,0xF81F,0xF81F,0xF81F,
    0xF81F,0xF81F,0xF81F,0xF81F,0xF81F,0xF81F,0xF81F,0xF81F,0xF81F,0xF81F,0xF81F,0xF81F,
    0xF81F,0xF81F,0xF81F,0xF81F,0xF81F,0xF81F,0xF81F,0xF81F,0xF81F,0xF81F,0xF81F,0xF81F,
    0xF81F,0xF81F,0xF81F,0xF81F,0xF81F,0xF81F,0xF81F,0xF81F,0xF81F,0xF81F,0xF81F,0xF81F,
    0xF81F,0xF81F,0xF81F,0xF81F,0xF81F,0xF81F,0xF81F,0xF81F,0xF81F,0xF81F,0xF81F,0xF81F,
    0xF81F,0xF81F,0xF81F,0xF81F,0xF81F,0xF81F,0xF81F,0xF81F,0xF81F,0xF81F,0xF81F,0xF81F,
    0xF81F,0xF81F,0xF81F,0xF81F,0xF81F,0xF81F,0xF81F,0xF81F,0xF81F,0xF81F,0xF81F,0xF81F,
    0xF81F,0xF81F,0xF81F,0xF81F,0xF81F,0xF81F,0xF81F,0xF81F,0xF81F,0xF81F,0xF81F,0xF81F,
    0xF81F,0xF81F,0xF81F,0xF81F,0xF81F,0xF81F,0xF81F,0xF81F,0xF81F,0xF81F,0xF81F,0xF81F,
    0xF81F,0xF81F,0xF81F,0xF81F,0xF81F,0xF81F,0xF81F,0xF81F,0xF81F,0xF81F,0xF81F,0xF81F,
    0xF81F,0xF81F,0xF81F,0xF81F,0xF81F,0xF81F,0xF81F,0xF81F,0xF81F,0xF81F,0xF81F,0xF81F,
    0xF81F,0xF81F,0xF81F,0xF81F,0xF81F,0xF81F,0xF81F,0xF81F,0xF81F,0xF81F,0xF81F,0xF81F,
    0xF81F,0xF81F,0xF81F,0xF81F,0xF81F,0xF81F,0xF81F,0xF81F,0xF81F,0xF81F,0xF81F,0xF81F,
    0xF81F,0xF81F,0xF81F,0xF81F,0xF81F,0xF81F,0xF81F,0xF81F,0xF81F,0xF81F,0xF81F,0xF81F,
    0xF81F,0xF81F,0xF81F,0xF81F,0xF81F,0xF81F,0xF81F,0xF81F,0xF81F,0xF81F,0xF81F,0xF81F,
    0xF81F,0xF81F,0xF81F,0xF81F,0xF81F,0xF81F,0xF81F,0xF81F,0xF81F,0xF81F,0xF81F,0xF81F,
    0xF81F,0xF81F,0xF81F,0xF81F,0xF81F,0xF81F,0xF81F,0xF81F,0xF81F,0xF81F,0xF81F,0xF81F,
    0xF81F,0xF81F,0xF81F,0xF81F,0xF81F,0xF81F,0xF81F,0xF81F,0xF81F,0xF81F,0xF81F,0xF81F,
    0xF81F,0xF81F,0xF81F,0xF81F,0xF81F,0xF81F,0xF81F,0xF81F,0xF81F,0xF81F,0xF81F,0xF81F,
    0xF81F,0xF81F,0xF81F,0xF81F,0xF81F,0xF81F,0xF81F,0xF81F,0xF81F,0xF81F,0xF81F,0xF81F,
    0xF81F,0xF81F,0xF81F,0xF81F,0xF81F,0xF81F,0xF81F,0xF81F,0xF81F,0xF81F,0xF81F,0xF81F,
    0xF81F,0xF81F,0xF81F,0xF81F,0xF81F,0xF81F,0xF81F,0xF81F,0xF81F,0xF81F,0xF81F,0xF81F,
    0xF81F,0xF81F,0xF81F,0xF81F,0xF81F,0xF81F,0xF81F,0xF81F,0xF81F,0xF81F,0xF81F,0xF81F,
    0xF81F,0xF81F,0xF81F,0xF81F,0xF81F,0xF81F,0xF81F,0xF81F,0xF81F,0xF81F,0xF81F,0xF81F,
    0xF81F,0xF81F,0xF81F,0xF81F,0xF81F,0xF81F,0xF81F,0xF81F,0xF81F,0xF81F,0xF81F,0xF81F,
    0xF81F,0xF81F,0xF81F,0xF81F,0xF81F,0xF81F,0xF81F,0xF81F,0xF81F,0xF81F,0xF81F,0xF81F,
    0xF81F,0xF81F,0xF81F,0xF81F,0xF81F,0xF81F,0xF81F,0xF81F,0xF81F,0xF81F,0xF81F,0xF81F,
    0xF81F,0xF81F,0xF81F,0xF81F,0xF81F,0xF81F,0xF81F,0xF81F,0xF81F,0xF81F,0xF81F,0xF81F,
    0xF81F,0xF81F,0xF81F,0xF81F,0xF81F,0xF81F,0xF81F,0xF81F,0xF81F,0xF81F,0xF81F,0xF81F,
    0xF81F,0xF81F,0xF81F,0xF81F,0xF81F,0xF81F,0xF81F,0xF81F,0xF81F,0xF81F,0xF81F,0xF81F,
    0xF81F,0xF81F,0xF81F,0xF81F,0xF81F,0xF81F,0xF81F,0xF81F,0xF81F,0xF81F,0xF81F,0xF81F,
    0xF81F,0xF81F,0xF81F,0xF81F,0xF81F,0xF81F,0xF81F,0xF81F,0xF81F,0xF81F,0xF81F,0xF81F,
    0xF81F,0xF81F,0xF81F,0xF81F,0xF81F,0xF81F,0xF81F,0xF81F,0xF81F,0xF81F,0xF81F,0xF81F,
    0xF81F,0xF81F,0xF81F,0xF81F,0xF81F,0xF81F,0xF81F,0xF81F,0xF81F,0xF81F,0xF81F,0xF81F,
    0xF81F,0xF81F,0xF81F,0xF81F,0xF81F,0xF81F,0xF81F,0xF81F,0xF81F,0xF81F,0xF81F,0xF81F,
    0xF81F,0xF81F,0xF81F,0xF81F,0xF81F,0xF81F,0xF81F,0xF81F,0xF81F,0xF81F,0xF81F,0xF81F,
    0xF81F,0xF81F,0xF81F,0xF81F,0xF81F,0xF81F,0xF81F,0xF81F,0xF81F,0xF81F,0xF81F,0xF81F,
    0xF81F,0xF81F,0xF81F,0xF81F,0xF81F,0xF81F,0xF81F,0xF81F,0xF81F,0xF81F,0xF81F,0xF81F,
    0xF81F,0xF81F,0xF81F,0xF81F,0xF81F,0xF81F,0xF81F,0xF81F,0xF81F,0xF81F,0xF81F,0xF81F,
    0xF81F,0xF81F,0xF81F,0xF81F,0xF81F,0xF81F,0xF81F,0xF81F,0xF81F,0xF81F,0xF81F,0xF81F,
    0xF81F,0xF81F,0xF81F,0xF81F,0xF81F,0xF81F,0xF81F,0xF81F,0xF81F,0xF81F,0xF81F,0xF81F,
    0xF81F,0xF81F,0xF81F,0xF81F,0xF81F,0xF81F,0xF81F,0xF81F,0xF81F,0xF81F,0xF81F,0xF81F,
    0xF81F,0xF81F,0xF81F,0xF81F,0xF81F,0xF81F,0xF81F,0xF81F,0xF81F,0xF81F,0xF81F,0xF81F,
    0xF81F,0xF81F,0xF81F,0xF81F,0xF81F,0xF81F,0xF81F,0xF81F,0xF81F,0xF81F,0xF81F,0xF81F,
    0xF81F,0xF81F,0xF81F,0xF81F,0xF81F,0xF81F,0xF81F,0xF81F,0xF81F,0xF81F,0xF81F,0xF81F,
    0xF81F,0xF81F,0xF81F,0xF81F,0xF81F,0xF81F,0xF81F,0xF81F,0xF81F,0xF81F,0xF81F,0xF81F,
    0xF81F,0xF81F,0xF81F,0xF81F,0xF81F,0xF81F,0xF81F,0xF81F,0xF81F,0xF81F,0xF81F,0xF81F,
    0xF81F,0xF81F,0xF81F,0xF81F,0xF81F,0xF81F,0xF81F,0xF81F,0xF81F,0xF81F,0xF81F,0xF81F,
    0xF81F,0xF81F,0xF81F,0xF81F,0xF81F,0xF81F,0xF81F,0xF81F,0xF81F,0xF81F,0xF81F,0xF81F,
    0xF81F,0xF81F,0xF81F,0xF81F,0xF81F,0xF81F,0xF81F,0xF81F,0xF81F,0xF81F,0xF81F,0xF81F,
    0xF81F,0xF81F,0xF81F,0xF81F,0xF81F,0xF81F,0xF81F,0xF81F,0xF81F,0xF81F,0xF81F,0xF81F,
    0xF81F,0xF81F,0xF81F,0xF81F,0xF81F,0xF81F,0xF81F,0xF81F,0xF81F,0xF81F,0xF81F,0xF81F,
    0xF81F,0xF81F,0xF81F,0xF81F,0xF81F,0xF81F,0xF81F,0xF81F,0xF81F,0xF81F,0xF81F,0xF81F,
    0xF81F,0xF81F,0xF81F,0xF81F,0xF81F,0xF81F,0xF81F,0xF81F,0xF81F,0xF81F,0xF81F,0xF81F,
    0xF81F,0xF81F,0xF81F,0xF81F,0xF81F,0xF81F,0xF81F,0xF81F,0xF81F,0xF81F,0xF81F,0xF81F,
    0xF81F,0xF81F,0xF81F,0xF81F,0xF81F,0xF81F,0xF81F,0xF81F,0xF81F,0xF81F,0xF81F,0xF81F,
    0xF81F,0xF81F,0xF81F,0xF81F,0xF81F,0xF81F,0xF81F,0xF81F,0xF81F,0xF81F,0xF81F,0xF81F,
    0xF81F,0xF81F,0xF81F,0xF81F,0xF81F,0xF81F,0xF81F,0xF81F,0xF81F,0xF81F,0xF81F,0xF81F,
    0xF81F,0xF81F,0xF81F,0xF81F,0xF81F,0xF81F,0xF81F,0xF81F,0xF81F,0xF81F,0xF81F,0xF81F,
    0xF81F,0xF81F,0xF81F,0xF81F,0xF81F,0xF81F,0xF81F,0xF81F,0xF81F,0xF81F,0xF81F,0xF81F,
    0xF81F,0xF81F,0xF81F,0xF81F,0xF81F,0xF81F,0xF81F,0xF81F,0xF81F,0xF81F,0xF81F,0xF81F,
    0xF81F,0xF81F,0xF81F,0xF81F,0xF81F,0xF81F,0xF81F,0xF81F,0xF81F,0xF81F,0xF81F,0xF81F,
    0xF81F,0xF81F,0xF81F,0xF81F,0xF81F,0xF81F,0xF81F,0xF81F,0xF81F,0xF81F,0xF81F,0xF81F,
    0xF81F,0xF81F,0xF81F,0xF81F,0xF81F,0xF81F,0xF81F,0xF81F,0xF81F,0xF81F,0xF81F,0xF81F,
    0xF81F,0xF81F,0xF81F,0xF81F,0xF81F,0xF81F,0xF81F,0xF81F,0xF81F,0xF81F,0xF81F,0xF81F,
    0xF81F,0xF81F,0xF81F,0xF81F,0xF81F,0xF81F,0xF81F,0xF81F,0xF81F,0xF81F,0xF81F,0xF81F,
    0xF81F,0xF81F,0xF81F,0xF81F,0xF81F,0xF81F,0xF81F,0xF81F,0xF81F,0xF81F,0xF81F,0xF81F,
    0xF81F,0xF81F,0xF81F,0xF81F,0xF81F,0xF81F,0xF81F,0xF81F,0xF81F,0xF81F,0xF81F,0xF81F,
    0xF81F,0xF81F,0xF81F,0xF81F,0xF81F,0xF81F,0xF81F,0xF81F,0xF81F,0xF81F,0xF81F,0xF81F,
    0xF81F,0xF81F,0xF81F,0xF81F,0xF81F,0xF81F,0xF81F,0xF81F,0xF81F,0xF81F,0xF81F,0xF81F,
    0xF81F,0xF81F,0xF81F,0xF81F,0xF81F,0xF81F,0xF81F,0xF81F,0xF81F,0xF81F,0xF81F,0xF81F,
    0xF81F,0xF81F,0xF81F,0xF81F,0xF81F,0xF81F,0xF81F,0xF81F,0xF81F,0xF81F,0xF81F,0xF81F,
    0xF81F,0xF81F,0xF81F,0xF81F,0xF81F,0xF81F,0xF81F,0xF81F,0xF81F,0xF81F,0xF81F,0xF81F,
    0xF81F,0xF81F,0xF81F,0xF81F,0xF81F,0xF81F,0xF81F,0xF81F,0xF81F,0xF81F,0xF81F,0xF81F,
    0xF81F,0xF81F,0xF81F,0xF81F,0xF81F,0xF81F,0xF81F,0xF81F,0xF81F,0xF81F,0xF81F,0xF81F,
    0xF81F,0xF81F,0xF81F,0xF81F,0xF81F,0xF81F,0xF81F,0xF81F,0xF81F,0xF81F,0xF81F,0xF81F,
    0xF81F,0xF81F,0xF81F,0xF81F,0xF81F,0xF81F,0xF81F,0xF81F,0xF81F,0xF81F,0xF81F,0xF81F,
    0xF81F,0xF81F,0xF81F,0xF81F,0xF81F,0xF81F,0xF81F,0xF81F,0xF81F,0xF81F,0xF81F,0xF81F,
    0xF81F,0xF81F,0xF81F,0xF81F,0xF81F,0xF81F,0xF81F,0xF81F,0xF81F,0xF81F,0xF81F,0xF81F,
    0xF81F,0xF81F,0xF81F,0xF81F,0xF81F,0xF81F,0xF81F,0xF81F,0xF81F,0xF81F,0xF81F,0xF81F,
    0xF81F,0xF81F,0xF81F,0xF81F,0xF81F,0xF81F,0xF81F,0xF81F,0xF81F,0xF81F,0xF81F,0xF81F,
    0xF81F,0xF81F,0xF81F,0xF81F,0xF81F,0xF81F,0xF81F,0xF81F,0xF81F,0xF81F,0xF81F,0xF81F,
    0xF81F,0xF81F,0xF81F,0xF81F,0xF81F,0xF81F,0xF81F,0xF81F,0xF81F,0xF81F,0xF81F,0xF81F,
    0xF81F,0xF81F,0xF81F,0xF81F,0xF81F,0xF81F,0xF81F,0xF81F,0xF81F,0xF81F,0xF81F,0xF81F,
    0xF81F,0xF81F,0xF81F,0xF81F,0xF81F,0xF81F,0xF81F,0xF81F,0xF81F,0xF81F,0xF81F,0xF81F,
    0xF81F,0xF81F,0xF81F,0xF81F,0xF81F,0xF81F,0xF81F,0xF81F,0xF81F,0xF81F,0xF81F,0xF81F,
    0xF81F,0xF81F,0xF81F,0xF81F,0xF81F,0xF81F,0xF81F,0xF81F,0xF81F,0xF81F,0xF81F,0xF81F,
    0xF81F,0xF81F,0xF81F,0xF81F,0xF81F,0xF81F,0xF81F,0xF81F,0xF81F,0xF81F,0xF81F,0xF81F,
    0xF81F,0xF81F,0xF81F,0xF81F,0xF81F,0xF81F,0xF81F,0xF81F,0xF81F,0xF81F,0xF81F,0xF81F,
    0xF81F,0xF81F,0xF81F,0xF81F,0xF81F,0xF81F,0xF81F,0xF81F,0xF81F,0xF81F,0xF81F,0xF81F,
    0xF81F,0xF81F,0xF81F,0xF81F,0xF81F,0xF81F,0xF81F,0xF81F,0xF81F,0xF81F,0xF81F,0xF81F,
    0xF81F,0xF81F,0xF81F,0xF81F,0xF81F,0xF81F,0xF81F,0xF81F,0xF81F,0xF81F,0xF81F,0xF81F,
    0xF81F,0xF81F,0xF81F,0xF81F,0xF81F,0xF81F,0xF81F,0xF81F,0xF81F,0xF81F,0xF81F,0xF81F,
    0xF81F,0xF81F,0xF81F,0xF81F,0xF81F,0xF81F,0xF81F,0xF81F,0xF81F,0xF81F,0xF81F,0xF81F,
    0xF81F,0xF81F,0xF81F,0xF81F,0xF81F,0xF81F,0xF81F,0xF81F,0xF81F,0xF81F,0xF81F,0xF81F,
    0xF81F,0xF81F,0xF81F,0xF81F,0xF81F,0xF81F,0xF81F,0xF81F,0xF81F,0xF81F,0xF81F,0xF81F,
    0xF81F,0xF81F,0xF81F,0xF81F,0xF81F,0xF81F,0xF81F,0xF81F,0xF81F,0xF81F,0xF81F,0xF81F,
    0xF81F,0xF81F,0xF81F,0xF81F,0xF81F,0xF81F,0xF81F,0xF81F,0xF81F,0xF81F,0xF81F,0xF81F,
    0xF81F,0xF81F,0xF81F,0xF81F,0xF81F,0xF81F,0xF81F,0xF81F,0xF81F,0xF81F,0xF81F,0xF81F,
    0xF81F,0xF81F,0xF81F,0xF81F,0xF81F,0xF81F,0xF81F,0xF81F,0xF81F,0xF81F,0xF81F,0xF81F,
    0xF81F,0xF81F,0xF81F,0xF81F,0xF81F,0xF81F,0xF81F,0xF81F,0xF81F,0xF81F,0xF81F,0xF81F,
    0xF81F,0xF81F,0xF81F,0xF81F,0xF81F,0xF81F,0xF81F,0xF81F,0xF81F,0xF81F,0xF81F,0xF81F,
    0xF81F,0xF81F,0xF81F,0xF81F,0xF81F,0xF81F,0xF81F,0xF81F,0xF81F,0xF81F,0xF81F,0xF81F,
    0xF81F,0xF81F,0xF81F,0xF81F,0xF81F,0xF81F,0xF81F,0xF81F,0xF81F,0xF81F,0xF81F,0xF81F,
    0xF81F,0xF81F,0xF81F,0xF81F,0xF81F,0xF81F,0xF81F,0xF81F,0xF81F,0xF81F,0xF81F,0xF81F,
    0xF81F,0xF81F,0xF81F,0xF81F,0xF81F,0xF81F,0xF81F,0xF81F,0xF81F,0xF81F,0xF81F,0xF81F,
    0xF81F,0xF81F,0xF81F,0xF81F,0xF81F,0xF81F,0xF81F,0xF81F,0xF81F,0xF81F,0xF81F,0xF81F,
    0xF81F,0xF81F,0xF81F,0xF81F,0xF81F,0xF81F,0xF81F,0xF81F,0xF81F,0xF81F,0xF81F,0xF81F,
    0xF81F,0xF81F,0xF81F,0xF81F,0xF81F,0xF81F,0xF81F,0xF81F,0xF81F,0xF81F,0xF81F,0xF81F,
    0xF81F,0xF81F,0xF81F,0xF81F,0xF81F,0xF81F,0xF81F,0xF81F,0xF81F,0xF81F,0xF81F,0xF81F,
    0xF81F,0xF81F,0xF81F,0xF81F,0xF81F,0xF81F,0xF81F,0xF81F,0xF81F,0xF81F,0xF81F,0xF81F,
    0xF81F,0xF81F,0xF81F,0xF81F,0xF81F,0xF81F,0xF81F,0xF81F,0xF81F,0xF81F,0xF81F,0xF81F,
    0xF81F,0xF81F,0xF81F,0xF81F,0xF81F,0xF81F,0xF81F,0xF81F,0xF81F,0xF81F,0xF81F,0xF81F,
    0xF81F,0xF81F,0xF81F,0xF81F,0xF81F,0xF81F,0xF81F,0xF81F,0xF81F,0xF81F,0xF81F,0xF81F,
    0xF81F,0xF81F,0xF81F,0xF81F,0xF81F,0xF81F,0xF81F,0xF81F,0xF81F,0xF81F,0xF81F,0xF81F,
    0xF81F,0xF81F,0xF81F,0xF81F,0xF81F,0xF81F,0xF81F,0xF81F,0xF81F,0xF81F,0xF81F,0xF81F,
    0xF81F,0xF81F,0xF81F,0xF81F,0xF81F,0xF81F,0xF81F,0xF81F,0xF81F,0xF81F,0xF81F,0xF81F,
    0xF81F,0xF81F,0xF81F,0xF81F,0xF81F,0xF81F,0xF81F,0xF81F,0xF81F,0xF81F,0xF81F,0xF81F,
    0xF81F,0xF81F,0xF81F,0xF81F,0xF81F,0xF81F,0xF81F,0xF81F,0xF81F,0xF81F,0xF81F,0xF81F,
    0xF81F,0xF81F,0xF81F,0xF81F,0xF81F,0xF81F,0xF81F,0xF81F,0xF81F,0xF81F,0xF81F,0xF81F,
    0xF81F,0xF81F,0xF81F,0xF81F,0xF81F,0xF81F,0xF81F,0xF81F,0xF81F,0xF81F,0xF81F,0xF81F,
    0xF81F,0xF81F,0xF81F,0xF81F,0xF81F,0xF81F,0xF81F,0xF81F,0xF81F,0xF81F,0xF81F,0xF81F,
    0xF81F,0xF81F,0xF81F,0xF81F,0xF81F,0xF81F,0xF81F,0xF81F,0xF81F,0xF81F,0xF81F,0xF81F,
    0xF81F,0xF81F,0xF81F,0xF81F,0xF81F,0xF81F,0xF81F,0xF81F,0xF81F,0xF81F,0xF81F,0xF81F,
    0xF81F,0xF81F,0xF81F,0xF81F,0xF81F,0xF81F,0xF81F,0xF81F,0xF81F,0xF81F,0xF81F,0xF81F,
    0xF81F,0xF81F,0xF81F,0xF81F,0xF81F,0xF81F,0xF81F,0xF81F,0xF81F,0xF81F,0xF81F,0xF81F,
    0xF81F,0xF81F,0xF81F,0xF81F,0xF81F,0xF81F,0xF81F,0xF81F,0xF81F,0xF81F,0xF81F,0xF81F,
    0xF81F,0xF81F,0xF81F,0xF81F,0xF81F,0xF81F,0xF81F,0xF81F,0xF81F,0xF81F,0xF81F,0xF81F,
    0xF81F,0xF81F,0xF81F,0xF81F,0xF81F,0xF81F,0xF81F,0xF81F,0xF81F,0xF81F,0xF81F,0xF81F,
    0xF81F,0xF81F,0xF81F,0xF81F,0xF81F,0xF81F,0xF81F,0xF81F,0xF81F,0xF81F,0xF81F,0xF81F,
    0xF81F,0xF81F,0xF81F,0xF81F,0xF81F,0xF81F,0xF81F,0xF81F,0xF81F,0xF81F,0xF81F,0xF81F,
    0xF81F,0xF81F,0xF81F,0xF81F,0xF81F,0xF81F,0xF81F,0xF81F,0xF81F,0xF81F,0xF81F,0xF81F,
    0xF81F,0xF81F,0xF81F,0xF81F,0xF81F,0xF81F,0xF81F,0xF81F,0xF81F,0xF81F,0xF81F,0xF81F,
    0xF81F,0xF81F,0xF81F,0xF81F,0xF81F,0xF81F,0xF81F,0xF81F,0xF81F,0xF81F,0xF81F,0xF81F,
    0xF81F,0xF81F,0xF81F,0xF81F,0xF81F,0xF81F,0xF81F,0xF81F,0xF81F,0xF81F,0xF81F,0xF81F,
    0xF81F,0xF81F,0xF81F,0xF81F,0xF81F,0xF81F,0xF81F,0xF81F,0xF81F,0xF81F,0xF81F,0xF81F,
    0xF81F,0xF81F,0xF81F,0xF81F,0xF81F,0xF81F,0xF81F,0xF81F,0xF81F,0xF81F,0xF81F,0xF81F,
    0xF81F,0xF81F,0xF81F,0xF81F,0xF81F,0xF81F,0xF81F,0xF81F,0xF81F,0xF81F,0xF81F,0xF81F,
    0xF81F,0xF81F,0xF81F,0xF81F,0xF81F,0xF81F,0xF81F,0xF81F,0xF81F,0xF81F,0xF81F,0xF81F,
    0xF81F,0xF81F,0xF81F,0xF81F,0xF81F,0xF81F,0xF81F,0xF81F,0xF81F,0xF81F,0xF81F,0xF81F,
    0xF81F,0xF81F,0xF81F,0xF81F,0xF81F,0xF81F,0xF81F,0xF81F,0xF81F,0xF81F,0xF81F,0xF81F,
    0xF81F,0xF81F,0xF81F,0xF81F,0xF81F,0xF81F,0xF81F,0xF81F,0xF81F,0xF81F,0xF81F,0xF81F,
    0xF81F,0xF81F,0xF81F,0xF81F,0xF81F,0xF81F,0xF81F,0xF81F,0xF81F,0xF81F,0xF81F,0xF81F,
    0xF81F,0xF81F,0xF81F,0xF81F,0xF81F,0xF81F,0xF81F,0xF81F,0xF81F,0xF81F,0xF81F,0xF81F,
    0xF81F,0xF81F,0xF81F,0xF81F,0xF81F,0xF81F,0xF81F,0xF81F,0xF81F,0xF81F,0xF81F,0xF81F,
    0xF81F,0xF81F,0xF81F,0xF81F,0xF81F,0xF81F,0xF81F,0xF81F,0xF81F,0xF81F,0xF81F,0xF81F,
    0xF81F,0xF81F,0xF81F,0xF81F,0xF81F,0xF81F,0xF81F,0xF81F,0xF81F,0xF81F,0xF81F,0xF81F,
    0xF81F,0xF81F,0xF81F,0xF81F,0xF81F,0xF81F,0xF81F,0xF81F,0xF81F,0xF81F,0xF81F,0xF81F,
    0xF81F,0xF81F,0xF81F,0xF81F,0xF81F,0xF81F,0xF81F,0xF81F,0xF81F,0xF81F,0xF81F,0xF81F,
    0xF81F,0xF81F,0xF81F,0xF81F,0xF81F,0xF81F,0xF81F,0xF81F,0xF81F,0xF81F,0xF81F,0xF81F,
    0xF81F,0xF81F,0xF81F,0xF81F,0xF81F,0xF81F,0xF81F,0xF81F,0xF81F,0xF81F,0xF81F,0xF81F,
    0xF81F,0xF81F,0xF81F,0xF81F,0xF81F,0xF81F,0xF81F,0xF81F,0xF81F,0xF81F,0xF81F,0xF81F,
    0xF81F,0xF81F,0xF81F,0xF81F,0xF81F,0xF81F,0xF81F,0xF81F,0xF81F,0xF81F,0xF81F,0xF81F,
    0xF81F,0xF81F,0xF81F,0xF81F,0xF81F,0xF81F,0xF81F,0xF81F,0xF81F,0xF81F,0xF81F,0xF81F,
    0xF81F,0xF81F,0xF81F,0xF81F,0xF81F,0xF81F,0xF81F,0xF81F,0xF81F,0xF81F,0xF81F,0xF81F,
    0xF81F,0xF81F,0xF81F,0xF81F,0xF81F,0xF81F,0xF81F,0xF81F,0xF81F,0xF81F,0xF81F,0xF81F,
    0xF81F,0xF81F,0xF81F,0xF81F,0xF81F,0xF81F,0xF81F,0xF81F,0xF81F,0xF81F,0xF81F,0xF81F,
    0xF81F,0xF81F,0xF81F,0xF81F,0xF81F,0xF81F,0xF81F,0xF81F,0xF81F,0xF81F,0xF81F,0xF81F,
    0xF81F,0xF81F,0xF81F,0xF81F,0xF81F,0xF81F,0xF81F,0xF81F,0xF81F,0xF81F,0xF81F,0xF81F,
    0xF81F,0xF81F,0xF81F,0xF81F,0xF81F,0xF81F,0xF81F,0xF81F,0xF81F,0xF81F,0xF81F,0xF81F,
    0xF81F,0xF81F,0xF81F,0xF81F,0xF81F,0xF81F,0xF81F,0xF81F,0xF81F,0xF81F,0xF81F,0xF81F,
    0xF81F,0xF81F,0xF81F,0xF81F,0xF81F,0xF81F,0xF81F,0xF81F,0xF81F,0xF81F,0xF81F,0xF81F,
    0xF81F,0xF81F,0xF81F,0xF81F,0xF81F,0xF81F,0xF81F,0xF81F,0xF81F,0xF81F,0xF81F,0xF81F,
    0xF81F,0xF81F,0xF81F,0xF81F,0xF81F,0xF81F,0xF81F,0xF81F,0xF81F,0xF81F,0xF81F,0xF81F,
    0xF81F,0xF81F,0xF81F,0xF81F,0xF81F,0xF81F,0xF81F,0xF81F,0xF81F,0xF81F,0xF81F,0xF81F,
    0xF81F,0xF81F,0xF81F,0xF81F,0xF81F,0xF81F,0xF81F,0xF81F,0xF81F,0xF81F,0xF81F,0xF81F,
    0xF81F,0xF81F,0xF81F,0xF81F,0xF81F,0xF81F,0xF81F,0xF81F,0xF81F,0xF81F,0xF81F,0xF81F,
    0xF81F,0xF81F,0xF81F,0xF81F,0xF81F,0xF81F,0xF81F,0xF81F,0xF81F,0xF81F,0xF81F,0xF81F,
    0xF81F,0xF81F,0xF81F,0xF81F,0xF81F,0xF81F,0xF81F,0xF81F,0xF81F,0xF81F,0xF81F,0xF81F,
    0xF81F,0xF81F,0xF81F,0xF81F,0xF81F,0xF81F,0xF81F,0xF81F,0xF81F,0xF81F,0xF81F,0xF81F,
    0xF81F,0xF81F,0xF81F,0xF81F,0xF81F,0xF81F,0xF81F,0xF81F,0xF81F,0xF81F,0xF81F,0xF81F,
    0xF81F,0xF81F,0xF81F,0xF81F,0xF81F,0xF81F,0xF81F,0xF81F,0xF81F,0xF81F,0xF81F,0xF81F,
    0xF81F,0xF81F,0xF81F,0xF81F,0xF81F,0xF81F,0xF81F,0xF81F,0xF81F,0xF81F,0xF81F,0xF81F,
    0xF81F,0xF81F,0xF81F,0xF81F,0xF81F,0xF81F,0xF81F,0xF81F,0xF81F,0xF81F,0xF81F,0xF81F,
    0xF81F,0xF81F,0xF81F,0xF81F,0xF81F,0xF81F,0xF81F,0xF81F,0xF81F,0xF81F,0xF81F,0xF81F,
    0xF81F,0xF81F,0xF81F,0xF81F,0xF81F,0xF81F,0xF81F,0xF81F,0xF81F,0xF81F,0xF81F,0xF81F,
    0xF81F,0xF81F,0xF81F,0xF81F,0xF81F,0xF81F,0xF81F,0xF81F,0xF81F,0xF81F,0xF81F,0xF81F,
    0xF81F,0xF81F,0xF81F,0xF81F,0xF81F,0xF81F,0xF81F,0xF81F,0xF81F,0xF81F,0xF81F,0xF81F,
    0xF81F,0xF81F,0xF81F,0xF81F,0xF81F,0xF81F,0xF81F,0xF81F,0xF81F,0xF81F,0xF81F,0xF81F,
    0xF81F,0xF81F,0xF81F,0xF81F,0xF81F,0xF81F,0xF81F,0xF81F,0xF81F,0xF81F,0xF81F,0xF81F,
    0xF81F,0xF81F,0xF81F,0xF81F,0xF81F,0xF81F,0xF81F,0xF81F,0xF81F,0xF81F,0xF81F,0xF81F,
    0xF81F,0xF81F,0xF81F,0xF81F,0xF81F,0xF81F,0xF81F,0xF81F,0xF81F,0xF81F,0xF81F,0xF81F,
    0xF81F,0xF81F,0xF81F,0xF81F,0xF81F,0xF81F,0xF81F,0xF81F,0xF81F,0xF81F,0xF81F,0xF81F,
    0xF81F,0xF81F,0xF81F,0xF81F,0xF81F,0xF81F,0xF81F,0xF81F,0xF81F,0xF81F,0xF81F,0xF81F,
    0xF81F,0xF81F,0xF81F,0xF81F,0xF81F,0xF81F,0xF81F,0xF81F,0xF81F,0xF81F,0xF81F,0xF81F,
    0xF81F,0xF81F,0xF81F,0xF81F,0xF81F,0xF81F,0xF81F,0xF81F,0xF81F,0xF81F,0xF81F,0xF81F,
    0xF81F,0xF81F,0xF81F,0xF81F,0xF81F,0xF81F,0xF81F,0xF81F,0xF81F,0xF81F,0xF81F,0xF81F,
    0xF81F,0xF81F,0xF81F,0xF81F,0xF81F,0xF81F,0xF81F,0xF81F,0xF81F,0xF81F,0xF81F,0xF81F,
    0xF81F,0xF81F,0xF81F,0xF81F,0xF81F,0xF81F,0xF81F,0xF81F,0xF81F,0xF81F,0xF81F,0xF81F,
    0xF81F,0xF81F,0xF81F,0xF81F,0xF81F,0xF81F,0xF81F,0xF81F,0xF81F,0xF81F,0xF81F,0xF81F,
    0xF81F,0xF81F,0xF81F,0xF81F,0xF81F,0xF81F,0xF81F,0xF81F,0xF81F,0xF81F,0xF81F,0xF81F,
    0xF81F,0xF81F,0xF81F,0xF81F,0xF81F,0xF81F,0xF81F,0xF81F,0xF81F,0xF81F,0xF81F,0xF81F,
    0xF81F,0xF81F,0xF81F,0xF81F,0xF81F,0xF81F,0xF81F,0xF81F,0xF81F,0xF81F,0xF81F,0xF81F,
    0xF81F,0xF81F,0xF81F,0xF81F,0xF81F,0xF81F,0xF81F,0xF81F,0xF81F,0xF81F,0xF81F,0xF81F,
    0xF81F,0xF81F,0xF81F,0xF81F,0xF81F,0xF81F,0xF81F,0xF81F,0xF81F,0xF81F,0xF81F,0xF81F,
    0xF81F,0xF81F,0xF81F,0xF81F,0xF81F,0xF81F,0xF81F,0xF81F,0xF81F,0xF81F,0xF81F,0xF81F,
    0xF81F,0xF81F,0xF81F,0xF81F,0xF81F,0xF81F,0xF81F,0xF81F,0xF81F,0xF81F,0xF81F,0xF81F,
    0xF81F,0xF81F,0xF81F,0xF81F,0xF81F,0xF81F,0xF81F,0xF81F,0xF81F,0xF81F,0xF81F,0xF81F,
    0xF81F,0xF81F,0xF81F,0xF81F,0xF81F,0xF81F,0xF81F,0xF81F,0xF81F,0xF81F,0xF81F,0xF81F,
    0xF81F,0xF81F,0xF81F,0xF81F,0xF81F,0xF81F,0xF81F,0xF81F,0xF81F,0xF81F,0xF81F,0xF81F,
    0xF81F,0xF81F,0xF81F,0xF81F,0xF81F,0xF81F,0xF81F,0xF81F,0xF81F,0xF81F,0xF81F,0xF81F,
    0xF81F,0xF81F,0xF81F,0xF81F,0xF81F,0xF81F,0xF81F,0xF81F,0xF81F,0xF81F,0xF81F,0xF81F,
    0xF81F,0xF81F,0xF81F,0xF81F,0xF81F,0xF81F,0xF81F,0xF81F,0xF81F,0xF81F,0xF81F,0xF81F,
    0xF81F,0xF81F,0xF81F,0xF81F,0xF81F,0xF81F,0xF81F,0xF81F,0xF81F,0xF81F,0xF81F,0xF81F,
    0xF81F,0xF81F,0xF81F,0xF81F,0xF81F,0xF81F,0xF81F,0xF81F,0xF81F,0xF81F,0xF81F,0xF81F,
    0xF81F,0xF81F,0xF81F,0xF81F,0xF81F,0xF81F,0xF81F,0xF81F,0xF81F,0xF81F,0xF81F,0xF81F,
    0xF81F,0xF81F,0xF81F,0xF81F,0xF81F,0xF81F,0xF81F,0xF81F,0xF81F,0xF81F,0xF81F,0xF81F,
    0xF81F,0xF81F,0xF81F,0xF81F,0xF81F,0xF81F,0xF81F,0xF81F,0xF81F,0xF81F,0xF81F,0xF81F,
    0xF81F,0xF81F,0xF81F,0xF81F,0xF81F,0xF81F,0xF81F,0xF81F,0xF81F,0xF81F,0xF81F,0xF81F,
    0xF81F,0xF81F,0xF81F,0xF81F,0xF81F,0xF81F,0xF81F,0xF81F,0xF81F,0xF81F,0xF81F,0xF81F,
    0xF81F,0xF81F,0xF81F,0xF81F,0xF81F,0xF81F,0xF81F,0xF81F,0xF81F,0xF81F,0xF81F,0xF81F,
    0xF81F,0xF81F,0xF81F,0xF81F,0xF81F,0xF81F,0xF81F,0xF81F,0xF81F,0xF81F,0xF81F,0xF81F,
    0xF81F,0xF81F,0xF81F,0xF81F,0xF81F,0xF81F,0xF81F,0xF81F,0xF81F,0xF81F,0xF81F,0xF81F,
    0xF81F,0xF81F,0xF81F,0xF81F,0xF81F,0xF81F,0xF81F,0xF81F,0xF81F,0xF81F,0xF81F,0xF81F,
    0xF81F,0xF81F,0xF81F,0xF81F,0xF81F,0xF81F,0xF81F,0xF81F,0xF81F,0xF81F,0xF81F,0xF81F,
    0xF81F,0xF81F,0xF81F,0xF81F,0xF81F,0xF81F,0xF81F,0xF81F,0xF81F,0xF81F,0xF81F,0xF81F,
    0xF81F,0xF81F,0xF81F,0xF81F,0xF81F,0xF81F,0xF81F,0xF81F,0xF81F,0xF81F,0xF81F,0xF81F,
    0xF81F,0xF81F,0xF81F,0xF81F,0xF81F,0xF81F,0xF81F,0xF81F,0xF81F,0xF81F,0xF81F,0xF81F,
    0xF81F,0xF81F,0xF81F,0xF81F,0xF81F,0xF81F,0xF81F,0xF81F,0xF81F,0xF81F,0xF81F,0xF81F,
    0xF81F,0xF81F,0xF81F,0xF81F,0xF81F,0xF81F,0xF81F,0xF81F,0xF81F,0xF81F,0xF81F,0xF81F,
    0xF81F,0xF81F,0xF81F,0xF81F,0xF81F,0xF81F,0xF81F,0xF81F,0xF81F,0xF81F,0xF81F,0xF81F,
    0xF81F,0xF81F,0xF81F,0xF81F,0xF81F,0xF81F,0xF81F,0xF81F,0xF81F,0xF81F,0xF81F,0xF81F,
    0xF81F,0xF81F,0xF81F,0xF81F,0xF81F,0xF81F,0xF81F,0xF81F,0xF81F,0xF81F,0xF81F,0xF81F,
    0xF81F,0xF81F,0xF81F,0xF81F,0xF81F,0xF81F,0xF81F,0xF81F,0xF81F,0xF81F,0xF81F,0xF81F,
    0xF81F,0xF81F,0xF81F,0xF81F,0xF81F,0xF81F,0xF81F,0xF81F,0xF81F,0xF81F,0xF81F,0xF81F,
    0xF81F,0xF81F,0xF81F,0xF81F,0xF81F,0xF81F,0xF81F,0xF81F,0xF81F,0xF81F,0xF81F,0xF81F,
    0xF81F,0xF81F,0xF81F,0xF81F,0xF81F,0xF81F,0xF81F,0xF81F,0xF81F,0xF81F,0xF81F,0xF81F,
    0xF81F,0xF81F,0xF81F,0xF81F,0xF81F,0xF81F,0xF81F,0xF81F,0xF81F,0xF81F,0xF81F,0xF81F,
    0xF81F,0xF81F,0xF81F,0xF81F,0xF81F,0xF81F,0xF81F,0xF81F,0xF81F,0xF81F,0xF81F,0xF81F,
    0xF81F,0xF81F,0xF81F,0xF81F,0xF81F,0xF81F,0xF81F,0xF81F,0xF81F,0xF81F,0xF81F,0xF81F,
    0xF81F,0xF81F,0xF81F,0xF81F,0xF81F,0xF81F,0xF81F,0xF81F,0xF81F,0xF81F,0xF81F,0xF81F,
    0xF81F,0xF81F,0xF81F,0xF81F,0xF81F,0xF81F,0xF81F,0xF81F,0xF81F,0xF81F,0xF81F,0xF81F,
    0xF81F,0xF81F,0xF81F,0xF81F,0xF81F,0xF81F,0xF81F,0xF81F,0xF81F,0xF81F,0xF81F,0xF81F,
    0xF81F,0xF81F,0xF81F,0xF81F,0xF81F,0xF81F,0xF81F,0xF81F,0xF81F,0xF81F,0xF81F,0xF81F,
    0xF81F,0xF81F,0xF81F,0xF81F,0xF81F,0xF81F,0xF81F,0xF81F,0xF81F,0xF81F,0xF81F,0xF81F,
    0xF81F,0xF81F,0xF81F,0xF81F,0xF81F,0xF81F,0xF81F,0xF81F,0xF81F,0xF81F,0xF81F,0xF81F,
    0xF81F,0xF81F,0xF81F,0xF81F,0xF81F,0xF81F,0xF81F,0xF81F,0xF81F,0xF81F,0xF81F,0xF81F,
    0xF81F,0xF81F,0xF81F,0xF81F,0xF81F,0xF81F,0xF81F,0xF81F,0xF81F,0xF81F,0xF81F,0xF81F,
    0xF81F,0xF81F,0xF81F,0xF81F,0xF81F,0xF81F,0xF81F,0xF81F,0xF81F,0xF81F,0xF81F,0xF81F,
    0xF81F,0xF81F,0xF81F,0xF81F,0xF81F,0xF81F,0xF81F,0xF81F,0xF81F,0xF81F,0xF81F,0xF81F,
    0xF81F,0xF81F,0xF81F,0xF81F,0xF81F,0xF81F,0xF81F,0xF81F,0xF81F,0xF81F,0xF81F,0xF81F,
    0xF81F,0xF81F,0xF81F,0xF81F,0xF81F,0xF81F,0xF81F,0xF81F,0xF81F,0xF81F,0xF81F,0xF81F,
    0xF81F,0xF81F,0xF81F,0xF81F,0xF81F,0xF81F,0xF81F,0xF81F,0xF81F,0xF81F,0xF81F,0xF81F,
    0xF81F,0xF81F,0xF81F,0xF81F,0xF81F,0xF81F,0xF81F,0xF81F,0xF81F,0xF81F,0xF81F,0xF81F,
    0xF81F,0xF81F,0xF81F,0xF81F,0xF81F,0xF81F,0xF81F,0xF81F,0xF81F,0xF81F,0xF81F,0xF81F,
    0xF81F,0xF81F,0xF81F,0xF81F,0xF81F,0xF81F,0xF81F,0xF81F,0xF81F,0xF81F,0xF81F,0xF81F,
    0xF81F,0xF81F,0xF81F,0xF81F,0xF81F,0xF81F,0xF81F,0xF81F,0xF81F,0xF81F,0xF81F,0xF81F,
    0xF81F,0xF81F,0xF81F,0xF81F,0xF81F,0xF81F,0xF81F,0xF81F,0xF81F,0xF81F,0xF81F,0xF81F,
    0xF81F,0xF81F,0xF81F,0xF81F,0xF81F,0xF81F,0xF81F,0xF81F,0xF81F,0xF81F,0xF81F,0xF81F,
    0xF81F,0xF81F,0xF81F,0xF81F,0xF81F,0xF81F,0xF81F,0xF81F,0xF81F,0xF81F,0xF81F,0xF81F,
    0xF81F,0xF81F,0xF81F,0xF81F,0xF81F,0xF81F,0xF81F,0xF81F,0xF81F,0xF81F,0xF81F,0xF81F,
    0xF81F,0xF81F,0xF81F,0xF81F,0xF81F,0xF81F,0xF81F,0xF81F,0xF81F,0xF81F,0xF81F,0xF81F,
    0xF81F,0xF81F,0xF81F,0xF81F,0xF81F,0xF81F,0xF81F,0xF81F,0xF81F,0xF81F,0xF81F,0xF81F,
    0xF81F,0xF81F,0xF81F,0xF81F,0xF81F,0xF81F,0xF81F,0xF81F,0xF81F,0xF81F,0xF81F,0xF81F,
    0xF81F,0xF81F,0xF81F,0xF81F,0xF81F,0xF81F,0xF81F,0xF81F,0xF81F,0xF81F,0xF81F,0xF81F,
    0xF81F,0xF81F,0xF81F,0xF81F,0xF81F,0xF81F,0xF81F,0xF81F,0xF81F,0xF81F,0xF81F,0xF81F,
    0xF81F,0xF81F,0xF81F,0xF81F,0xF81F,0xF81F,0xF81F,0xF81F,0xF81F,0xF81F,0xF81F,0xF81F,
    0xF81F,0xF81F,0xF81F,0xF81F,0xF81F,0xF81F,0xF81F,0xF81F,0xF81F,0xF81F,0xF81F,0xF81F,
    0xF81F,0xF81F,0xF81F,0xF81F,0xF81F,0xF81F,0xF81F,0xF81F,0xF81F,0xF81F,0xF81F,0xF81F,
    0xF81F,0xF81F,0xF81F,0xF81F,0xF81F,0xF81F,0xF81F,0xF81F,0xF81F,0xF81F,0xF81F,0xF81F,
    0xF81F,0xF81F,0xF81F,0xF81F,0xF81F,0xF81F,0xF81F,0xF81F,0xF81F,0xF81F,0xF81F,0xF81F,
    0xF81F,0xF81F,0xF81F,0xF81F,0xF81F,0xF81F,0xF81F,0xF81F,0xF81F,0xF81F,0xF81F,0xF81F,
    0xF81F,0xF81F,0xF81F,0xF81F,0xF81F,0xF81F,0xF81F,0xF81F,0xF81F,0xF81F,0xF81F,0xF81F,
    0xF81F,0xF81F,0xF81F,0xF81F,0xF81F,0xF81F,0xF81F,0xF81F,0xF81F,0xF81F,0xF81F,0xF81F,
    0xF81F,0xF81F,0xF81F,0xF81F,0xF81F,0xF81F,0xF81F,0xF81F,0xF81F,0xF81F,0xF81F,0xF81F,
    0xF81F,0xF81F,0xF81F,0xF81F,0xF81F,0xF81F,0xF81F,0xF81F,0xF81F,0xF81F,0xF81F,0xF81F,
    0xF81F,0xF81F,0xF81F,0xF81F,0xF81F,0xF81F,0xF81F,0xF81F,0xF81F,0xF81F,0xF81F,0xF81F,
    0xF81F,0xF81F,0xF81F,0xF81F,0xF81F,0xF81F,0xF81F,0xF81F,0xF81F,0xF81F,0xF81F,0xF81F,
    0xF81F,0xF81F,0xF81F,0xF81F,0xF81F,0xF81F,0xF81F,0xF81F,0xF81F,0xF81F,0xF81F,0xF81F,
    0xF81F,0xF81F,0xF81F,0xF81F,0xF81F,0xF81F,0xF81F,0xF81F,0xF81F,0xF81F,0xF81F,0xF81F,
    0xF81F,0xF81F,0xF81F,0xF81F,0xF81F,0xF81F,0xF81F,0xF81F,0xF81F,0xF81F,0xF81F,0xF81F,
    0xF81F,0xF81F,0xF81F,0xF81F,0xF81F,0xF81F,0xF81F,0xF81F,0xF81F,0xF81F,0xF81F,0xF81F,
    0xF81F,0xF81F,0xF81F,0xF81F,0xF81F,0xF81F,0xF81F,0xF81F,0xF81F,0xF81F,0xF81F,0xF81F,
    0xF81F,0xF81F,0xF81F,0xF81F,0xF81F,0xF81F,0xF81F,0xF81F,0xF81F,0xF81F,0xF81F,0xF81F,
    0xF81F,0xF81F,0xF81F,0xF81F,0xF81F,0xF81F,0xF81F,0xF81F,0xF81F,0xF81F,0xF81F,0xF81F,
    0xF81F,0xF81F,0xF81F,0xF81F,0xF81F,0xF81F,0xF81F,0xF81F,0xF81F,0xF81F,0xF81F,0xF81F,
    0xF81F,0xF81F,0xF81F,0xF81F,0xF81F,0xF81F,0xF81F,0xF81F,0xF81F,0xF81F,0xF81F,0xF81F,
    0xF81F,0xF81F,0xF81F,0xF81F,0xF81F,0xF81F,0xF81F,0xF81F,0xF81F,0xF81F,0xF81F,0xF81F,
    0xF81F,0xF81F,0xF81F,0xF81F,0xF81F,0xF81F,0xF81F,0xF81F,0xF81F,0xF81F,0xF81F,0xF81F,
    0xF81F,0xF81F,0xF81F,0xF81F,0xF81F,0xF81F,0xF81F,0xF81F,0xF81F,0xF81F,0xF81F,0xF81F,
    0xF81F,0xF81F,0xF81F,0xF81F,0xF81F,0xF81F,0xF81F,0xF81F,0xF81F,0xF81F,0xF81F,0xF81F,
    0xF81F,0xF81F,0xF81F,0xF81F,0xF81F,0xF81F,0xF81F,0xF81F,0xF81F,0xF81F,0xF81F,0xF81F,
    0xF81F,0xF81F,0xF81F,0xF81F,0xF81F,0xF81F,0xF81F,0xF81F,0xF81F,0xF81F,0xF81F,0xF81F,
    0xF81F,0xF81F,0xF81F,0xF81F,0xF81F,0xF81F,0xF81F,0xF81F,0xF81F,0xF81F,0xF81F,0xF81F,
    0xF81F,0xF81F,0xF81F,0xF81F,0xF81F,0xF81F,0xF81F,0xF81F,0xF81F,0xF81F,0xF81F,0xF81F,
    0xF81F,0xF81F,0xF81F,0xF81F,0xF81F,0xF81F,0xF81F,0xF81F,0xF81F,0xF81F,0xF81F,0xF81F,
    0xF81F,0xF81F,0xF81F,0xF81F,0xF81F,0x09E8,0x09E8,0x09E8,0x09E8,0x09E8,0x09E8,0x09E8,
    0x09E8,0x09E8,0x09E8,0x09E8,0x09E8,0x09E8,0x09E8,0x09E8,0x09E8,0x09E8,0x09E8,0x09E8,
    0x09E8,0xF81F,0xF81F,0xF81F,0xF81F,0xF81F,0xF81F,0xF81F,0xF81F,0xF81F,0xF81F,0xF81F,
    0xF81F,0xF81F,0xF81F,0xF81F,0xF81F,0xF81F,0xF81F,0xF81F,0xF81F,0xF81F,0xF81F,0xF81F,
    0xF81F,0xF81F,0xF81F,0xF81F,0xF81F,0xF81F,0xF81F,0xF81F,0xF81F,0xF81F,0xF81F,0xF81F,
    0xF81F,0xF81F,0xF81F,0xF81F,0xF81F,0xF81F,0xF81F,0xF81F,0xF81F,0xF81F,0xF81F,0xF81F,
    0xF81F,0xF81F,0xF81F,0xF81F,0xF81F,0xF81F,0xF81F,0xF81F,0xF81F,0xF81F,0xF81F,0xF81F,
    0xF81F,0xF81F,0xF81F,0xF81F,0xF81F,0xF81F,0xF81F,0xF81F,0xF81F,0xF81F,0xF81F,0xF81F,
    0xF81F,0xF81F,0xF81F,0xF81F,0xF81F,0xF81F,0xF81F,0xF81F,0xF81F,0xF81F,0xF81F,0xF81F,
    0xF81F,0xF81F,0xF81F,0xF81F,0xF81F,0xF81F,0xF81F,0xF81F,0xF81F,0xF81F,0xF81F,0xF81F,
    0xF81F,0xF81F,0xF81F,0xF81F,0xF81F,0xF81F,0xF81F,0xF81F,0xF81F,0xF81F,0xF81F,0xF81F,
    0xF81F,0xF81F,0xF81F,0xF81F,0xF81F,0xF81F,0xF81F,0xF81F,0xF81F,0xF81F,0xF81F,0xF81F,
    0xF81F,0xF81F,0xF81F,0xF81F,0xF81F,0xF81F,0xF81F,0x09E8,0x09E8,0x09E8,0x09E8,0x09E8,
    0x09E8,0x09E8,0x09E8,0x09E8,0x09E8,0x09E8,0x09E8,0x09E8,0x09E8,0x09E8,0x09E8,0x09E8,
    0x09E8,0x09E8,0x09E8,0x09E8,0x09E8,0x09E8,0x09E8,0x09E8,0x09E8,0x09E8,0x09E8,0xF81F,
    0xF81F,0xF81F,0xF81F,0xF81F,0xF81F,0xF81F,0xF81F,0xF81F,0xF81F,0xF81F,0xF81F,0xF81F,
    0xF81F,0xF81F,0xF81F,0xF81F,0xF81F,0xF81F,0xF81F,0xF81F,0xF81F,0xF81F,0xF81F,0xF81F,
    0xF81F,0xF81F,0xF81F,0xF81F,0xF81F,0xF81F,0xF81F,0xF81F,0xF81F,0xF81F,0xF81F,0xF81F,
    0xF81F,0xF81F,0xF81F,0xF81F,0xF81F,0xF81F,0xF81F,0xF81F,0xF81F,0xF81F,0xF81F,0xF81F,
    0xF81F,0xF81F,0xF81F,0xF81F,0xF81F,0xF81F,0xF81F,0xF81F,0xF81F,0xF81F,0xF81F,0xF81F,
    0xF81F,0xF81F,0xF81F,0xF81F,0xF81F,0xF81F,0xF81F,0xF81F,0xF81F,0xF81F,0xF81F,0xF81F,
    0xF81F,0xF81F,0xF81F,0xF81F,0xF81F,0xF81F,0xF81F,0xF81F,0xF81F,0xF81F,0xF81F,0xF81F,
    0xF81F,0xF81F,0xF81F,0xF81F,0xF81F,0xF81F,0xF81F,0xF81F,0xF81F,0xF81F,0xF81F,0xF81F,
    0xF81F,0xF81F,0xF81F,0xF81F,0xF81F,0xF81F,0xF81F,0xF81F,0xF81F,0xF81F,0xF81F,0xF81F,
    0xF81F,0xF81F,0xF81F,0xF81F,0xF81F,0xF81F,0xF81F,0xF81F,0xF81F,0xF81F,0x09E8,0x09E8,
    0x09E8,0x09E8,0x09E8,0x09E8,0x09E8,0x09E8,0x09E8,0x09E8,0x11E8,0x1A6A,0x2AEC,0x2B2D,
    0x336D,0x3B8E,0x3BAE,0x3BAE,0x3B8E,0x336D,0x2B2D,0x2AEC,0x1A6A,0x11E8,0x09E8,0x09E8,
    0x09E8,0x09E8,0x09E8,0x09E8,0x09E8,0x09E8,0x09E8,0x09E8,0xF81F,0xF81F,0xF81F,0xF81F,
    0xF81F,0xF81F,0xF81F,0xF81F,0xF81F,0xF81F,0xF81F,0xF81F,0xF81F,0xF81F,0xF81F,0xF81F,
    0xF81F,0xF81F,0xF81F,0xF81F,0xF81F,0xF81F,0xF81F,0xF81F,0xF81F,0xF81F,0xF81F,0xF81F,
    0xF81F,0xF81F,0xF81F,0xF81F,0xF81F,0xF81F,0xF81F,0xF81F,0xF81F,0xF81F,0xF81F,0xF81F,
    0xF81F,0xF81F,0xF81F,0xF81F,0xF81F,0xF81F,0xF81F,0xF81F,0xF81F,0xF81F,0xF81F,0xF81F,
    0xF81F,0xF81F,0xF81F,0xF81F,0xF81F,0xF81F,0xF81F,0xF81F,0xF81F,0xF81F,0xF81F,0xF81F,
    0xF81F,0xF81F,0xF81F,0xF81F,0xF81F,0xF81F,0xF81F,0xF81F,0xF81F,0xF81F,0xF81F,0xF81F,
    0xF81F,0xF81F,0xF81F,0xF81F,0xF81F,0xF81F,0xF81F,0xF81F,0xF81F,0xF81F,0xF81F,0xF81F,
    0xF81F,0xF81F,0xF81F,0xF81F,0xF81F,0xF81F,0xF81F,0xF81F,0xF81F,0xF81F,0xF81F,0xF81F,
    0xF81F,0xF81F,0xF81F,0xF81F,0xF81F,0xF81F,0xF81F,0xF81F,0xF81F,0xF81F,0xF81F,0xF81F,
    0xF81F,0xF81F,0x09E8,0x09E8,0x09E8,0x09E8,0x09E8,0x09E8,0x09E8,0x1208,0x22CB,0x3BCF,
    0x5491,0x6533,0x6DB5,0x6DB6,0x6DB6,0x6DB6,0x6DB6,0x6DB6,0x6DB6,0x6DB6,0x6DB6,0x6DB6,
    0x6DB6,0x6DB6,0x6DB6,0x6DB5,0x6533,0x5491,0x3BCE,0x22CB,0x1208,0x09E8,0x09E8,0x09E8,
    0x09E8,0x09E8,0x09E8,0x09E8,0xF81F,0xF81F,0xF81F,0xF81F,0xF81F,0xF81F,0xF81F,0xF81F,
    0xF81F,0xF81F,0xF81F,0xF81F,0xF81F,0xF81F,0xF81F,0xF81F,0xF81F,0xF81F,0xF81F,0xF81F,
    0xF81F,0xF81F,0xF81F,0xF81F,0xF81F,0xF81F,0xF81F,0xF81F,0xF81F,0xF81F,0xF81F,0xF81F,
    0xF81F,0xF81F,0xF81F,0xF81F,0xF81F,0xF81F,0xF81F,0xF81F,0xF81F,0xF81F,0xF81F,0xF81F,
    0xF81F,0xF81F,0xF81F,0xF81F,0xF81F,0xF81F,0xF81F,0xF81F,0xF81F,0xF81F,0xF81F,0xF81F,
    0xF81F,0xF81F,0xF81F,0xF81F,0xF81F,0xF81F,0xF81F,0xF81F,0xF81F,0xF81F,0xF81F,0xF81F,
    0xF81F,0xF81F,0xF81F,0xF81F,0xF81F,0xF81F,0xF81F,0xF81F,0xF81F,0xF81F,0xF81F,0xF81F,
    0xF81F,0xF81F,0xF81F,0xF81F,0xF81F,0xF81F,0xF81F,0xF81F,0xF81F,0xF81F,0xF81F,0xF81F,
    0xF81F,0xF81F,0xF81F,0xF81F,0xF81F,0xF81F,0xF81F,0xF81F,0xF81F,0xF81F,0xF81F,0xF81F,
    0xF81F,0xF81F,0xF81F,0xF81F,0xF81F,0xF81F,0x09E8,0x09E8,0x09E8,0x09E8,0x09E8,0x09E8,
    0x1A49,0x3B8E,0x54D2,0x6D95,0x6DB6,0x6DB6,0x6DB6,0x6DB6,0x6DB6,0x6DB6,0x6DB6,0x6DB6,
    0x6DB6,0x6DB6,0x6DB6,0x6DB6,0x6DB6,0x6DB6,0x6DB6,0x6DB6,0x6DB6,0x6DB6,0x6DB6,0x6DB6,
    0x6DB6,0x6DB6,0x6D95,0x54D2,0x3B8E,0x1A49,0x09E8,0x09E8,0x09E8,0x09E8,0x09E8,0x09E8,
    0xF81F,0xF81F,0xF81F,0xF81F,0xF81F,0xF81F,0xF81F,0xF81F,0xF81F,0xF81F,0xF81F,0xF81F,
    0xF81F,0xF81F,0xF81F,0xF81F,0xF81F,0xF81F,0xF81F,0xF81F,0xF81F,0xF81F,0xF81F,0xF81F,
    0xF81F,0xF81F,0xF81F,0xF81F,0xF81F,0xF81F,0xF81F,0xF81F,0xF81F,0xF81F,0xF81F,0xF81F,
    0xF81F,0xF81F,0xF81F,0xF81F,0xF81F,0xF81F,0xF81F,0xF81F,0xF81F,0xF81F,0xF81F,0xF81F,
    0xF81F,0xF81F,0xF81F,0xF81F,0xF81F,0xF81F,0xF81F,0xF81F,0xF81F,0xF81F,0xF81F,0xF81F,
    0xF81F,0xF81F,0xF81F,0xF81F,0xF81F,0xF81F,0xF81F,0xF81F,0xF81F,0xF81F,0xF81F,0xF81F,
    0xF81F,0xF81F,0xF81F,0xF81F,0xF81F,0xF81F,0xF81F,0xF81F,0xF81F,0xF81F,0xF81F,0xF81F,
    0xF81F,0xF81F,0xF81F,0xF81F,0xF81F,0xF81F,0xF81F,0xF81F,0xF81F,0xF81F,0xF81F,0xF81F,
    0xF81F,0xF81F,0xF81F,0xF81F,0xF81F,0xF81F,0xF81F,0xF81F,0xF81F,0xF81F,0x09E8,0x09E8,
    0x09E8,0x09E8,0x09E8,0x1209,0x336D,0x54D2,0x6DB6,0x6DB6,0x6DB6,0x6DB6,0x6DB6,0x6DB6,
    0x6DB6,0x6DB6,0x6DB6,0x6DB6,0x6DB6,0x6DB6,0x6DB6,0x6DB6,0x6DB6,0x6DB6,0x6DB6,0x6DB6,
    0x6DB6,0x6DB6,0x6DB6,0x6DB6,0x6DB6,0x6DB6,0x6DB6,0x6DB6,0x6DB6,0x6DB6,0x6DB6,0x6DB5,
    0x54D2,0x336D,0x1209,0x09E8,0x09E8,0x09E8,0x09E8,0x09E8,0xF81F,0xF81F,0xF81F,0xF81F,
    0xF81F,0xF81F,0xF81F,0xF81F,0xF81F,0xF81F,0xF81F,0xF81F,0xF81F,0xF81F,0xF81F,0xF81F,
    0xF81F,0xF81F,0xF81F,0xF81F,0xF81F,0xF81F,0xF81F,0xF81F,0xF81F,0xF81F,0xF81F,0xF81F,
    0xF81F,0xF81F,0xF81F,0xF81F,0xF81F,0xF81F,0xF81F,0xF81F,0xF81F,0xF81F,0xF81F,0xF81F,
    0xF81F,0xF81F,0xF81F,0xF81F,0xF81F,0xF81F,0xF81F,0xF81F,0xF81F,0xF81F,0xF81F,0xF81F,
    0xF81F,0xF81F,0xF81F,0xF81F,0xF81F,0xF81F,0xF81F,0xF81F,0xF81F,0xF81F,0xF81F,0xF81F,
    0xF81F,0xF81F,0xF81F,0xF81F,0xF81F,0xF81F,0xF81F,0xF81F,0xF81F,0xF81F,0xF81F,0xF81F,
    0xF81F,0xF81F,0xF81F,0xF81F,0xF81F,0xF81F,0xF81F,0xF81F,0xF81F,0xF81F,0xF81F,0xF81F,
    0xF81F,0xF81F,0xF81F,0xF81F,0xF81F,0xF81F,0xF81F,0xF81F,0xF81F,0xF81F,0xF81F,0xF81F,
    0xF81F,0xF81F,0x09E8,0x09E8,0x09E8,0x09E8,0x09E8,0x1A49,0x3BCF,0x6D75,0x6DB6,0x6DB6,
    0x6DB6,0x6DB6,0x6DB6,0x6DB6,0x6DB6,0x6DB6,0x6DB6,0x6DB6,0x6DB6,0x6DB6,0x6DB6,0x6DB6,
    0x6DB6,0x6DB6,0x6DB6,0x6DB6,0x6DB6,0x6DB6,0x6DB6,0x6DB6,0x6DB6,0x6DB6,0x6DB6,0x6DB6,
    0x6DB6,0x6DB6,0x6DB6,0x6DB6,0x6DB6,0x6DB6,0x6DB6,0x6DB6,0x6D95,0x4410,0x1A49,0x09E8,
    0x09E8,0x09E8,0x09E8,0x09E8,0xF81F,0xF81F,0xF81F,0xF81F,0xF81F,0xF81F,0xF81F,0xF81F,
    0xF81F,0xF81F,0xF81F,0xF81F,0xF81F,0xF81F,0xF81F,0xF81F,0xF81F,0xF81F,0xF81F,0xF81F,
    0xF81F,0xF81F,0xF81F,0xF81F,0xF81F,0xF81F,0xF81F,0xF81F,0xF81F,0xF81F,0xF81F,0xF81F,
    0xF81F,0xF81F,0xF81F,0xF81F,0xF81F,0xF81F,0xF81F,0xF81F,0xF81F,0xF81F,0xF81F,0xF81F,
    0xF81F,0xF81F,0xF81F,0xF81F,0xF81F,0xF81F,0xF81F,0xF81F,0xF81F,0xF81F,0xF81F,0xF81F,
    0xF81F,0xF81F,0xF81F,0xF81F,0xF81F,0xF81F,0xF81F,0xF81F,0xF81F,0xF81F,0xF81F,0xF81F,
    0xF81F,0xF81F,0xF81F,0xF81F,0xF81F,0xF81F,0xF81F,0xF81F,0xF81F,0xF81F,0xF81F,0xF81F,
    0xF81F,0xF81F,0xF81F,0xF81F,0xF81F,0xF81F,0xF81F,0xF81F,0xF81F,0xF81F,0xF81F,0xF81F,
    0xF81F,0xF81F,0xF81F,0xF81F,0xF81F,0xF81F,0x09E8,0x09E8,0x09E8,0x09E8,0x09E8,0x1A49,
    0x4C30,0x6DB5,0x6DB6,0x6DB6,0x6DB6,0x6DB6,0x6DB6,0x6DB6,0x6DB6,0x6DB6,0x6DB6,0x6DB6,
    0x6DB6,0x6DB6,0x6DB6,0x6DB6,0x6DB6,0x6DB6,0x6DB6,0x6DB6,0x6DB6,0x6DB6,0x6DB6,0x6DB6,
    0x6DB6,0x6DB6,0x6DB6,0x6DB6,0x6DB6,0x6DB6,0x6DB6,0x6DB6,0x6DB6,0x6DB6,0x6DB6,0x6DB6,
    0x6DB6,0x6DB6,0x6DB6,0x6DB6,0x6D95,0x4C30,0x1A49,0x09E8,0x09E8,0x09E8,0x09E8,0x09E8,
    0xF81F,0xF81F,0xF81F,0xF81F,0xF81F,0xF81F,0xF81F,0xF81F,0xF81F,0xF81F,0xF81F,0xF81F,
    0xF81F,0xF81F,0xF81F,0xF81F,0xF81F,0xF81F,0xF81F,0xF81F,0xF81F,0xF81F,0xF81F,0xF81F,
    0xF81F,0xF81F,0xF81F,0xF81F,0xF81F,0xF81F,0xF81F,0xF81F,0xF81F,0xF81F,0xF81F,0xF81F,
    0xF81F,0xF81F,0xF81F,0xF81F,0xF81F,0xF81F,0xF81F,0xF81F,0xF81F,0xF81F,0xF81F,0xF81F,
    0xF81F,0xF81F,0xF81F,0xF81F,0xF81F,0xF81F,0xF81F,0xF81F,0xF81F,0xF81F,0xF81F,0xF81F,
    0xF81F,0xF81F,0xF81F,0xF81F,0xF81F,0xF81F,0xF81F,0xF81F,0xF81F,0xF81F,0xF81F,0xF81F,
    0xF81F,0xF81F,0xF81F,0xF81F,0xF81F,0xF81F,0xF81F,0xF81F,0xF81F,0xF81F,0xF81F,0xF81F,
    0xF81F,0xF81F,0xF81F,0xF81F,0xF81F,0xF81F,0xF81F,0xF81F,0xF81F,0xF81F,0xF81F,0x09E8,
    0x09E8,0x09E8,0x09E8,0x1208,0x3B8E,0x6D95,0x6DB6,0x6DB6,0x6DB6,0x6DB6,0x6DB6,0x6DB6,
    0x6DB6,0x6DB6,0x6DB6,0x6DB6,0x6DB6,0x6DB6,0x6DB6,0x6DB6,0x6DB6,0x6DB6,0x6DB6,0x6DB6,
    0x6DB6,0x6DB6,0x6DB6,0x6DB6,0x6DB6,0x6DB6,0x6DB6,0x6DB6,0x6DB6,0x6DB6,0x6DB6,0x6DB6,
    0x6DB6,0x6DB6,0x6DB6,0x6DB6,0x6DB6,0x6DB6,0x6DB6,0x6DB6,0x6DB6,0x6DB6,0x6DB6,0x6DB6,
    0x6D95,0x3BCF,0x1208,0x09E8,0x09E8,0x09E8,0x09E8,0xF81F,0xF81F,0xF81F,0xF81F,0xF81F,
    0xF81F,0xF81F,0xF81F,0xF81F,0xF81F,0xF81F,0xF81F,0xF81F,0xF81F,0xF81F,0xF81F,0xF81F,
    0xF81F,0xF81F,0xF81F,0xF81F,0xF81F,0xF81F,0xF81F,0xF81F,0xF81F,0xF81F,0xF81F,0xF81F,
    0xF81F,0xF81F,0xF81F,0xF81F,0xF81F,0xF81F,0xF81F,0xF81F,0xF81F,0xF81F,0xF81F,0xF81F,
    0xF81F,0xF81F,0xF81F,0xF81F,0xF81F,0xF81F,0xF81F,0xF81F,0xF81F,0xF81F,0xF81F,0xF81F,
    0xF81F,0xF81F,0xF81F,0xF81F,0xF81F,0xF81F,0xF81F,0xF81F,0xF81F,0xF81F,0xF81F,0xF81F,
    0xF81F,0xF81F,0xF81F,0xF81F,0xF81F,0xF81F,0xF81F,0xF81F,0xF81F,0xF81F,0xF81F,0xF81F,
    0xF81F,0xF81F,0xF81F,0xF81F,0xF81F,0xF81F,0xF81F,0xF81F,0xF81F,0xF81F,0xF81F,0xF81F,
    0xF81F,0xF81F,0xF81F,0xF81F,0x09E8,0x09E8,0x09E8,0x09E8,0x2B0C,0x6534,0x6DB6,0x6DB6,
    0x6DB6,0x6DB6,0x6DB6,0x6DB6,0x6DB6,0x6DB6,0x6DB6,0x6DB6,0x6DB6,0x6DB6,0x6DB6,0x6DB6,
    0x6DB6,0x6DB6,0x6DB6,0x6DB6,0x6DB6,0x6DB6,0x6DB6,0x6DB6,0x6DB6,0x6DB6,0x6DB6,0x6DB6,
    0x6DB6,0x6DB6,0x6DB6,0x6DB6,0x6DB6,0x6DB6,0x6DB6,0x6DB6,0x6DB6,0x6DB6,0x6DB6,0x6DB6,
    0x6DB6,0x6DB6,0x6DB6,0x6DB6,0x6DB6,0x6DB6,0x6DB6,0x6DB6,0x6534,0x2B0C,0x09E8,0x09E8,
    0x09E8,0x09E8,0xF81F,0xF81F,0xF81F,0xF81F,0xF81F,0xF81F,0xF81F,0xF81F,0xF81F,0xF81F,
    0xF81F,0xF81F,0xF81F,0xF81F,0xF81F,0xF81F,0xF81F,0xF81F,0xF81F,0xF81F,0xF81F,0xF81F,
    0xF81F,0xF81F,0xF81F,0xF81F,0xF81F,0xF81F,0xF81F,0xF81F,0xF81F,0xF81F,0xF81F,0xF81F,
    0xF81F,0xF81F,0xF81F,0xF81F,0xF81F,0xF81F,0xF81F,0xF81F,0xF81F,0xF81F,0xF81F,0xF81F,
    0xF81F,0xF81F,0xF81F,0xF81F,0xF81F,0xF81F,0xF81F,0xF81F,0xF81F,0xF81F,0xF81F,0xF81F,
    0xF81F,0xF81F,0xF81F,0xF81F,0xF81F,0xF81F,0xF81F,0xF81F,0xF81F,0xF81F,0xF81F,0xF81F,
    0xF81F,0xF81F,0xF81F,0xF81F,0xF81F,0xF81F,0xF81F,0xF81F,0xF81F,0xF81F,0xF81F,0xF81F,
    0xF81F,0xF81F,0xF81F,0xF81F,0xF81F,0xF81F,0xF81F,0xF81F,0x09E8,0x09E8,0x09E8,0x09E8,
    0x1208,0x4410,0x6DB5,0x6DB6,0x6DB6,0x6DB6,0x6DB6,0x6DB6,0x6DB6,0x6DB6,0x6DB6,0x6DB6,
    0x6DB6,0x6DB6,0x6DB6,0x6DB6,0x6DB6,0x6DB6,0x6DB6,0x6DB6,0x6DB6,0x6DB6,0x6DB6,0x6DB6,
    0x6DB6,0x6DB6,0x6DB6,0x6DB6,0x6DB6,0x6DB6,0x6DB6,0x6DB6,0x6DB6,0x6DB6,0x6DB6,0x6DB6,
    0x6DB6,0x6DB6,0x6DB6,0x6DB6,0x6DB6,0x6DB6,0x6DB6,0x6DB6,0x6DB6,0x6DB6,0x6DB6,0x6DB6,
    0x6DB6,0x6DB6,0x6DB6,0x6DB5,0x4C30,0x1208,0x09E8,0x09E8,0x09E8,0x09E8,0xF81F,0xF81F,
    0xF81F,0xF81F,0xF81F,0xF81F,0xF81F,0xF81F,0xF81F,0xF81F,0xF81F,0xF81F,0xF81F,0xF81F,
    0xF81F,0xF81F,0xF81F,0xF81F,0xF81F,0xF81F,0xF81F,0xF81F,0xF81F,0xF81F,0xF81F,0xF81F,
    0xF81F,0xF81F,0xF81F,0xF81F,0xF81F,0xF81F,0xF81F,0xF81F,0xF81F,0xF81F,0xF81F,0xF81F,
    0xF81F,0xF81F,0xF81F,0xF81F,0xF81F,0xF81F,0xF81F,0xF81F,0xF81F,0xF81F,0xF81F,0xF81F,
    0xF81F,0xF81F,0xF81F,0xF81F,0xF81F,0xF81F,0xF81F,0xF81F,0xF81F,0xF81F,0xF81F,0xF81F,
    0xF81F,0xF81F,0xF81F,0xF81F,0xF81F,0xF81F,0xF81F,0xF81F,0xF81F,0xF81F,0xF81F,0xF81F,
    0xF81F,0xF81F,0xF81F,0xF81F,0xF81F,0xF81F,0xF81F,0xF81F,0xF81F,0xF81F,0xF81F,0xF81F,
    0xF81F,0x09E8,0x09E8,0x09E8,0x09E8,0x1A8A,0x5D13,0x6DB6,0x6DB6,0x6DB6,0x6DB6,0x6DB6,
    0x6DB6,0x6DB6,0x6DB6,0x6DB6,0x6DB6,0x6DB6,0x6DB6,0x6DB6,0x6DB6,0x6DB6,0x6DB6,0x6DB6,
    0x6DB6,0x6DB6,0x6DB6,0x6DB6,0x6DB6,0x6DB6,0x6DB6,0x6DB6,0x6DB6,0x6DB6,0x6DB6,0x6DB6,
    0x6DB6,0x6DB6,0x6DB6,0x6DB6,0x6DB6,0x6DB6,0x6DB6,0x6DB6,0x6DB6,0x6DB6,0x6DB6,0x6DB6,
    0x6DB6,0x6DB6,0x6DB6,0x6DB6,0x6DB6,0x6DB6,0x6DB6,0x6DB6,0x6DB6,0x6DB6,0x6DB6,0x5D33,
    0x22AA,0x09E8,0x09E8,0x09E8,0x09E8,0xF81F,0xF81F,0xF81F,0xF81F,0xF81F,0xF81F,0xF81F,
    0xF81F,0xF81F,0xF81F,0xF81F,0xF81F,0xF81F,0xF81F,0xF81F,0xF81F,0xF81F,0xF81F,0xF81F,
    0xF81F,0xF81F,0xF81F,0xF81F,0xF81F,0xF81F,0xF81F,0xF81F,0xF81F,0xF81F,0xF81F,0xF81F,
    0xF81F,0xF81F,0xF81F,0xF81F,0xF81F,0xF81F,0xF81F,0xF81F,0xF81F,0xF81F,0xF81F,0xF81F,
    0xF81F,0xF81F,0xF81F,0xF81F,0xF81F,0xF81F,0xF81F,0xF81F,0xF81F,0xF81F,0xF81F,0xF81F,
    0xF81F,0xF81F,0xF81F,0xF81F,0xF81F,0xF81F,0xF81F,0xF81F,0xF81F,0xF81F,0xF81F,0xF81F,
    0xF81F,0xF81F,0xF81F,0xF81F,0xF81F,0xF81F,0xF81F,0xF81F,0xF81F,0xF81F,0xF81F,0xF81F,
    0xF81F,0xF81F,0xF81F,0xF81F,0xF81F,0xF81F,0x09E8,0x09E8,0x09E8,0x09E8,0x2B2C,0x6D95,
    0x6DB6,0x6DB6,0x6DB6,0x6DB6,0x6DB6,0x6DB6,0x6DB6,0x6DB6,0x6DB6,0x6DB6,0x6DB6,0x6DB6,
    0x6DB6,0x6DB6,0x6DB6,0x6DB6,0x6DB6,0x6DB6,0x6DB6,0x6DB6,0x6DB6,0x6DB6,0x6DB6,0x6DB6,
    0x6DB6,0x6DB6,0x6DB6,0x6DB6,0x6DB6,0x6DB6,0x6DB6,0x6DB6,0x6DB6,0x6DB6,0x6DB6,0x6DB6,
    0x6DB6,0x6DB6,0x6DB6,0x6DB6,0x6DB6,0x6DB6,0x6DB6,0x6DB6,0x6DB6,0x6DB6,0x6DB6,0x6DB6,
    0x6DB6,0x6DB6,0x6DB6,0x6DB6,0x6DB6,0x6DB6,0x6D95,0x2B0C,0x09E8,0x09E8,0x09E8,0x09E8,
    0xF81F,0xF81F,0xF81F,0xF81F,0xF81F,0xF81F,0xF81F,0xF81F,0xF81F,0xF81F,0xF81F,0xF81F,
    0xF81F,0xF81F,0xF81F,0xF81F,0xF81F,0xF81F,0xF81F,0xF81F,0xF81F,0xF81F,0xF81F,0xF81F,
    0xF81F,0xF81F,0xF81F,0xF81F,0xF81F,0xF81F,0xF81F,0xF81F,0xF81F,0xF81F,0xF81F,0xF81F,
    0xF81F,0xF81F,0xF81F,0xF81F,0xF81F,0xF81F,0xF81F,0xF81F,0xF81F,0xF81F,0xF81F,0xF81F,
    0xF81F,0xF81F,0xF81F,0xF81F,0xF81F,0xF81F,0xF81F,0xF81F,0xF81F,0xF81F,0xF81F,0xF81F,
    0xF81F,0xF81F,0xF81F,0xF81F,0xF81F,0xF81F,0xF81F,0xF81F,0xF81F,0xF81F,0xF81F,0xF81F,
    0xF81F,0xF81F,0xF81F,0xF81F,0xF81F,0xF81F,0xF81F,0xF81F,0xF81F,0xF81F,0xF81F,0x09E8,
    0x09E8,0x09E8,0x09E8,0x3B8E,0x6DB6,0x6DB6,0x6DB6,0x6DB6,0x6DB6,0x6DB6,0x6DB6,0x6DB6,
    0x6DB6,0x6DB6,0x6DB6,0x6DB6,0x6DB6,0x6DB6,0x6DB6,0x6DB6,0x6DB6,0x6DB6,0x6DB6,0x6DB6,
    0x6DB6,0x6DB6,0x6DB6,0x6DB6,0x6DB6,0x6DB6,0x6DB6,0x6DB6,0x6DB6,0x6DB6,0x6DB6,0x6DB6,
    0x6DB6,0x6DB6,0x6DB6,0x6DB6,0x6DB6,0x6DB6,0x6DB6,0x6DB6,0x6DB6,0x6DB6,0x6DB6,0x6DB6,
    0x6DB6,0x6DB6,0x6DB6,0x6DB6,0x6DB6,0x6DB6,0x6DB6,0x6DB6,0x6DB6,0x6DB6,0x6DB6,0x6DB6,
    0x6DB6,0x6DB5,0x3BCF,0x09E8,0x09E8,0x09E8,0x09E8,0xF81F,0xF81F,0xF81F,0xF81F,0xF81F,
    0xF81F,0xF81F,0xF81F,0xF81F,0xF81F,0xF81F,0xF81F,0xF81F,0xF81F,0xF81F,0xF81F,0xF81F,
    0xF81F,0xF81F,0xF81F,0xF81F,0xF81F,0xF81F,0xF81F,0xF81F,0xF81F,0xF81F,0xF81F,0xF81F,
    0xF81F,0xF81F,0xF81F,0xF81F,0xF81F,0xF81F,0xF81F,0xF81F,0xF81F,0xF81F,0xF81F,0xF81F,
    0xF81F,0xF81F,0xF81F,0xF81F,0xF81F,0xF81F,0xF81F,0xF81F,0xF81F,0xF81F,0xF81F,0xF81F,
    0xF81F,0xF81F,0xF81F,0xF81F,0xF81F,0xF81F,0xF81F,0xF81F,0xF81F,0xF81F,0xF81F,0xF81F,
    0xF81F,0xF81F,0xF81F,0xF81F,0xF81F,0xF81F,0xF81F,0xF81F,0xF81F,0xF81F,0xF81F,0xF81F,
    0xF81F,0xF81F,0xF81F,0xF81F,0x09E8,0x09E8,0x09E8,0x09E8,0x4410,0x6DB6,0x6DB6,0x6DB6,
    0x6DB6,0x6DB6,0x6DB6,0x6DB6,0x6DB6,0x6DB6,0x6DB6,0x6DB6,0x6DB6,0x6DB6,0x6DB6,0x6DB6,
    0x6DB6,0x6DB6,0x6DB6,0x6DB6,0x6DB6,0x6DB6,0x6DB6,0x6DB6,0x6DB6,0x6DB6,0x6DB6,0x6DB6,
    0x6DB6,0x6DB6,0x6DB6,0x6DB6,0x6DB6,0x6DB6,0x6DB6,0x6DB6,0x6DB6,0x6DB6,0x6DB6,0x6DB6,
    0x6DB6,0x6DB6,0x6DB6,0x6DB6,0x6DB6,0x6DB6,0x6DB6,0x6DB6,0x6DB6,0x6DB6,0x6DB6,0x6DB6,
    0x6DB6,0x6DB6,0x6DB6,0x6DB6,0x6DB6,0x6DB6,0x6DB6,0x6DB6,0x6DB6,0x4410,0x09E8,0x09E8,
    0x09E8,0x09E8,0xF81F,0xF81F,0xF81F,0xF81F,0xF81F,0xF81F,0xF81F,0xF81F,0xF81F,0xF81F,
    0xF81F,0xF81F,0xF81F,0xF81F,0xF81F,0xF81F,0xF81F,0xF81F,0xF81F,0xF81F,0xF81F,0xF81F,
    0xF81F,0xF81F,0xF81F,0xF81F,0xF81F,0xF81F,0xF81F,0xF81F,0xF81F,0xF81F,0xF81F,0xF81F,
    0xF81F,0xF81F,0xF81F,0xF81F,0xF81F,0xF81F,0xF81F,0xF81F,0xF81F,0xF81F,0xF81F,0xF81F,
    0xF81F,0xF81F,0xF81F,0xF81F,0xF81F,0xF81F,0xF81F,0xF81F,0xF81F,0xF81F,0xF81F,0xF81F,
    0xF81F,0xF81F,0xF81F,0xF81F,0xF81F,0xF81F,0xF81F,0xF81F,0xF81F,0xF81F,0xF81F,0xF81F,
    0xF81F,0xF81F,0xF81F,0xF81F,0xF81F,0xF81F,0xF81F,0xF81F,0xF81F,0x09E8,0x09E8,0x09E8,
    0x09E8,0x4410,0x6DB6,0x6DB6,0x6DB6,0x6DB6,0x6DB6,0x6DB6,0x6DB6,0x6DB6,0x6DB6,0x6DB6,
    0x6DB6,0x6DB6,0x6DB6,0x6DB6,0x6DB6,0x6DB6,0x6DB6,0x6DB6,0x6DB6,0x6DB6,0x6DB6,0x6DB6,
    0x6DB6,0x6DB6,0x6DB6,0x6DB6,0x6DB6,0x6DB6,0x6DB6,0x6DB6,0x6DB6,0x6DB6,0x6DB6,0x6DB6,
    0x6DB6,0x6DB6,0x6DB6,0x6DB6,0x6DB6,0x6DB6,0x6DB6,0x6DB6,0x6DB6,0x6DB6,0x6DB6,0x6DB6,
    0x6DB6,0x6DB6,0x6DB6,0x6DB6,0x6DB6,0x6DB6,0x6DB6,0x6DB6,0x6DB6,0x6DB6,0x6DB6,0x6DB6,
    0x6DB6,0x6DB6,0x6DB6,0x6DB6,0x4410,0x09E8,0x09E8,0x09E8,0x09E8,0xF81F,0xF81F,0xF81F,
    0xF81F,0xF81F,0xF81F,0xF81F,0xF81F,0xF81F,0xF81F,0xF81F,0xF81F,0xF81F,0xF81F,0xF81F,
    0xF81F,0xF81F,0xF81F,0xF81F,0xF81F,0xF81F,0xF81F,0xF81F,0xF81F,0xF81F,0xF81F,0xF81F,
    0xF81F,0xF81F,0xF81F,0xF81F,0xF81F,0xF81F,0xF81F,0xF81F,0xF81F,0xF81F,0xF81F,0xF81F,
    0xF81F,0xF81F,0xF81F,0xF81F,0xF81F,0xF81F,0xF81F,0xF81F,0xF81F,0xF81F,0xF81F,0xF81F,
    0xF81F,0xF81F,0xF81F,0xF81F,0xF81F,0xF81F,0xF81F,0xF81F,0xF81F,0xF81F,0xF81F,0xF81F,
    0xF81F,0xF81F,0xF81F,0xF81F,0xF81F,0xF81F,0xF81F,0xF81F,0xF81F,0xF81F,0xF81F,0xF81F,
    0xF81F,0xF81F,0x09E8,0x09E8,0x09E8,0x09E8,0x43EF,0x6DB6,0x6DB6,0x6DB6,0x6DB6,0x6DB6,
    0x6DB6,0x6DB6,0x6DB6,0x6DB6,0x6DB6,0x6DB6,0x6DB6,0x6DB6,0x6DB6,0x6DB6,0x6DB6,0x6DB6,
    0x6DB6,0x6DB6,0x6DB6,0x6DB6,0x6DB6,0x6DB6,0x6DB6,0x6DB6,0x6DB6,0x6DB6,0x6DB6,0x6DB6,
    0x6DB6,0x6DB6,0x6DB6,0x6DB6,0x6DB6,0x6DB6,0x6DB6,0x6DB6,0x6DB6,0x6DB6,0x6DB6,0x6DB6,
    0x6DB6,0x6DB6,0x6DB6,0x6DB6,0x6DB6,0x6DB6,0x6DB6,0x6DB6,0x6DB6,0x6DB6,0x6DB6,0x6DB6,
    0x6DB6,0x6DB6,0x6DB6,0x6DB6,0x6DB6,0x6DB6,0x6DB6,0x6DB6,0x6DB6,0x6DB6,0x6DB6,0x43CF,
    0x09E8,0x09E8,0x09E8,0x09E8,0xF81F,0xF81F,0xF81F,0xF81F,0xF81F,0xF81F,0xF81F,0xF81F,
    0xF81F,0xF81F,0xF81F,0xF81F,0xF81F,0xF81F,0xF81F,0xF81F,0xF81F,0xF81F,0xF81F,0xF81F,
    0xF81F,0xF81F,0xF81F,0xF81F,0xF81F,0xF81F,0xF81F,0xF81F,0xF81F,0xF81F,0xF81F,0xF81F,
    0xF81F,0xF81F,0xF81F,0xF81F,0xF81F,0xF81F,0xF81F,0xF81F,0xF81F,0xF81F,0xF81F,0xF81F,
    0xF81F,0xF81F,0xF81F,0xF81F,0xF81F,0xF81F,0xF81F,0xF81F,0xF81F,0xF81F,0xF81F,0xF81F,
    0xF81F,0xF81F,0xF81F,0xF81F,0xF81F,0xF81F,0xF81F,0xF81F,0xF81F,0xF81F,0xF81F,0xF81F,
    0xF81F,0xF81F,0xF81F,0xF81F,0xF81F,0xF81F,0xF81F,0xF81F,0x09E8,0x09E8,0x09E8,0x3BAE,
    0x6DB6,0x6DB6,0x6DB6,0x6DB6,0x6DB6,0x6DB6,0x6DB6,0x6DB6,0x6DB6,0x6DB6,0x6DB6,0x6DB6,
    0x6DB6,0x6DB6,0x6DB6,0x6DB6,0x6DB6,0x6DB6,0x6DB6,0x6DB6,0x6DB6,0x6DB6,0x6DB6,0x6DB6,
    0x6DB6,0x6DB6,0x6DB6,0x6DB6,0x6DB6,0x6DB6,0x6DB6,0x6DB6,0x6DB6,0x6DB6,0x6DB6,0x6DB6,
    0x6DB6,0x6DB6,0x6DB6,0x6DB6,0x6DB6,0x6DB6,0x6DB6,0x6DB6,0x6DB6,0x6DB6,0x6DB6,0x6DB6,
    0x6DB6,0x6DB6,0x6DB6,0x6DB6,0x6DB6,0x6DB6,0x6DB6,0x6DB6,0x6DB6,0x6DB6,0x6DB6,0x6DB6,
    0x6DB6,0x6DB6,0x6DB6,0x6DB6,0x6DB6,0x6DB6,0x3BAE,0x09E8,0x09E8,0x09E8,0xF81F,0xF81F,
    0xF81F,0xF81F,0xF81F,0xF81F,0xF81F,0xF81F,0xF81F,0xF81F,0xF81F,0xF81F,0xF81F,0xF81F,
    0xF81F,0xF81F,0xF81F,0xF81F,0xF81F,0xF81F,0xF81F,0xF81F,0xF81F,0xF81F,0xF81F,0xF81F,
    0xF81F,0xF81F,0xF81F,0xF81F,0xF81F,0xF81F,0xF81F,0xF81F,0xF81F,0xF81F,0xF81F,0xF81F,
    0xF81F,0xF81F,0xF81F,0xF81F,0xF81F,0xF81F,0xF81F,0xF81F,0xF81F,0xF81F,0xF81F,0xF81F,
    0xF81F,0xF81F,0xF81F,0xF81F,0xF81F,0xF81F,0xF81F,0xF81F,0xF81F,0xF81F,0xF81F,0xF81F,
    0xF81F,0xF81F,0xF81F,0xF81F,0xF81F,0xF81F,0xF81F,0xF81F,0xF81F,0xF81F,0xF81F,0xF81F,
    0xF81F,0x09E8,0x09E8,0x09E8,0x2AEC,0x6DB5,0x6DB6,0x6DB6,0x6DB6,0x6DB6,0x6DB6,0x6DB6,
    0x6DB6,0x6DB6,0x6DB6,0x6DB6,0x6DB6,0x7DF6,0x8E17,0x9658,0x9E79,0xA699,0xA699,0xA699,
    0xA699,0x9E79,0x9658,0x8E17,0x7DF6,0x6DB6,0x6DB6,0x6DB6,0x6DB6,0x6DB6,0x6DB6,0x6DB6,
    0x6DB6,0x6DB6,0x6DB6,0x6DB6,0x6DB6,0x6DB6,0x6DB6,0x6DB6,0x6DB6,0x6DB6,0x6DB6,0x6DB6,
    0x6DB6,0x6DB6,0x6DB6,0x6DB6,0x6DB6,0x6DB6,0x6DB6,0x6DB6,0x6DB6,0x6DB6,0x6DB6,0x6DB6,
    0x6DB6,0x6DB6,0x6DB6,0x6DB6,0x6DB6,0x6DB6,0x6DB6,0x6DB6,0x6DB6,0x6DB6,0x6DB6,0x6DB6,
    0x6DB6,0x2B0C,0x09E8,0x09E8,0x09E8,0xF81F,0xF81F,0xF81F,0xF81F,0xF81F,0xF81F,0xF81F,
    0xF81F,0xF81F,0xF81F,0xF81F,0xF81F,0xF81F,0xF81F,0xF81F,0xF81F,0xF81F,0xF81F,0xF81F,
    0xF81F,0xF81F,0xF81F,0xF81F,0xF81F,0xF81F,0xF81F,0xF81F,0xF81F,0xF81F,0xF81F,0xF81F,
    0xF81F,0xF81F,0xF81F,0xF81F,0xF81F,0xF81F,0xF81F,0xF81F,0xF81F,0xF81F,0xF81F,0xF81F,
    0xF81F,0xF81F,0xF81F,0xF81F,0xF81F,0xF81F,0xF81F,0xF81F,0xF81F,0xF81F,0xF81F,0xF81F,
    0xF81F,0xF81F,0xF81F,0xF81F,0xF81F,0xF81F,0xF81F,0xF81F,0xF81F,0xF81F,0xF81F,0xF81F,
    0xF81F,0xF81F,0xF81F,0xF81F,0xF81F,0xF81F,0x09E8,0x09E8,0x09E8,0x1A6A,0x6D75,0x6DB6,
    0x6DB6,0x6DB6,0x6DB6,0x6DB6,0x6DB6,0x6DB6,0x6DB6,0x6DB6,0x75D6,0x8617,0x9E79,0xAEBA,
    0xAEBA,0xAEBA,0xAEBA,0xAEBA,0xAEBA,0xAEBA,0xAEBA,0xAEBA,0xAEBA,0xAEBA,0xAEBA,0x9E79,
    0x8617,0x75D6,0x6DB6,0x6DB6,0x6DB6,0x6DB6,0x6DB6,0x6DB6,0x6DB6,0x6DB6,0x6DB6,0x6DB6,
    0x6DB6,0x6DB6,0x6DB6,0x6DB6,0x6DB6,0x6DB6,0x6DB6,0x6DB6,0x6DB6,0x6DB6,0x6DB6,0x6DB6,
    0x6DB6,0x6DB6,0x6DB6,0x6DB6,0x6DB6,0x6DB6,0x6DB6,0x6DB6,0x6DB6,0x6DB6,0x6DB6,0x6DB6,
    0x6DB6,0x6DB6,0x6DB6,0x6DB6,0x6DB6,0x6DB6,0x6DB6,0x6D75,0x1A6A,0x09E8,0x09E8,0x09E8,
    0xF81F,0xF81F,0xF81F,0xF81F,0xF81F,0xF81F,0xF81F,0xF81F,0xF81F,0xF81F,0xF81F,0xF81F,
    0xF81F,0xF81F,0xF81F,0xF81F,0xF81F,0xF81F,0xF81F,0xF81F,0xF81F,0xF81F,0xF81F,0xF81F,
    0xF81F,0xF81F,0xF81F,0xF81F,0xF81F,0xF81F,0xF81F,0xF81F,0xF81F,0xF81F,0xF81F,0xF81F,
    0xF81F,0xF81F,0xF81F,0xF81F,0xF81F,0xF81F,0xF81F,0xF81F,0xF81F,0xF81F,0xF81F,0xF81F,
    0xF81F,0xF81F,0xF81F,0xF81F,0xF81F,0xF81F,0xF81F,0xF81F,0xF81F,0xF81F,0xF81F,0xF81F,
    0xF81F,0xF81F,0xF81F,0xF81F,0xF81F,0xF81F,0xF81F,0xF81F,0xF81F,0xF81F,0xF81F,0xF81F,
    0x09E8,0x09E8,0x1208,0x5D13,0x6DB6,0x6DB6,0x6DB6,0x6DB6,0x6DB6,0x6DB6,0x6DB6,0x6DB6,
    0x6DB6,0x8617,0xA699,0xAEBA,0xAEBA,0xAEBA,0xAEBA,0xAEBA,0xAEBA,0xAEBA,0xAEBA,0xAEBA,
    0xAEBA,0xAEBA,0xAEBA,0xAEBA,0xAEBA,0xAEBA,0xAEBA,0xA699,0x8617,0x6DB6,0x6DB6,0x6DB6,
    0x6DB6,0x6DB6,0x6DB6,0x6DB6,0x6DB6,0x6DB6,0x6DB6,0x6DB6,0x6DB6,0x6DB6,0x6DB6,0x6DB6,
    0x6DB6,0x6DB6,0x6DB6,0x6DB6,0x6DB6,0x6DB6,0x6DB6,0x6DB6,0x6DB6,0x6DB6,0x6DB6,0x6DB6,
    0x6DB6,0x6DB6,0x6DB6,0x6DB6,0x6DB6,0x6DB6,0x6DB6,0x6DB6,0x6DB6,0x6DB6,0x6DB6,0x6DB6,
    0x6DB6,0x6DB6,0x5CF3,0x1208,0x09E8,0x09E8,0xF81F,0xF81F,0xF81F,0xF81F,0xF81F,0xF81F,
    0xF81F,0xF81F,0xF81F,0xF81F,0xF81F,0xF81F,0xF81F,0xF81F,0xF81F,0xF81F,0xF81F,0xF81F,
    0xF81F,0xF81F,0xF81F,0xF81F,0xF81F,0xF81F,0xF81F,0xF81F,0xF81F,0xF81F,0xF81F,0xF81F,
    0xF81F,0xF81F,0xF81F,0xF81F,0xF81F,0xF81F,0xF81F,0xF81F,0xF81F,0xF81F,0xF81F,0xF81F,
    0xF81F,0xF81F,0xF81F,0xF81F,0xF81F,0xF81F,0xF81F,0xF81F,0xF81F,0xF81F,0xF81F,0xF81F,
    0xF81F,0xF81F,0xF81F,0xF81F,0xF81F,0xF81F,0xF81F,0xF81F,0xF81F,0xF81F,0xF81F,0xF81F,
    0xF81F,0xF81F,0xF81F,0xF81F,0xF81F,0x09E8,0x09E8,0x09E8,0x43EF,0x6DB6,0x6DB6,0x6DB6,
    0x6DB6,0x6DB6,0x6DB6,0x6DB6,0x6DB6,0x6DB6,0x8E38,0xAEBA,0xAEBA,0xAEBA,0xAEBA,0xAEBA,
    0xAEBA,0xAEBA,0xAEBA,0xAEBA,0xAEBA,0xAEBA,0xAEBA,0xAEBA,0xAEBA,0xAEBA,0xAEBA,0xAEBA,
    0xAEBA,0xAEBA,0xAEBA,0x9638,0x75B6,0x6DB6,0x6DB6,0x6DB6,0x6DB6,0x6DB6,0x6DB6,0x6DB6,
    0x6DB6,0x6DB6,0x6DB6,0x6DB6,0x6DB6,0x6DB6,0x6DB6,0x6DB6,0x6DB6,0x6DB6,0x6DB6,0x6DB6,
    0x6DB6,0x6DB6,0x6DB6,0x6DB6,0x6DB6,0x6DB6,0x6DB6,0x6DB6,0x6DB6,0x6DB6,0x6DB6,0x6DB6,
    0x6DB6,0x6DB6,0x6DB6,0x6DB6,0x6DB6,0x6DB6,0x6DB6,0x6DB6,0x6DB6,0x43CF,0x09E8,0x09E8,
    0x09E8,0xF81F,0xF81F,0xF81F,0xF81F,0xF81F,0xF81F,0xF81F,0xF81F,0xF81F,0xF81F,0xF81F,
    0xF81F,0xF81F,0xF81F,0xF81F,0xF81F,0xF81F,0xF81F,0xF81F,0xF81F,0xF81F,0xF81F,0xF81F,
    0xF81F,0xF81F,0xF81F,0xF81F,0xF81F,0xF81F,0xF81F,0xF81F,0xF81F,0xF81F,0xF81F,0xF81F,
    0xF81F,0xF81F,0xF81F,0xF81F,0xF81F,0xF81F,0xF81F,0xF81F,0xF81F,0xF81F,0xF81F,0xF81F,
    0xF81F,0xF81F,0xF81F,0xF81F,0xF81F,0xF81F,0xF81F,0xF81F,0xF81F,0xF81F,0xF81F,0xF81F,
    0xF81F,0xF81F,0xF81F,0xF81F,0xF81F,0xF81F,0xF81F,0xF81F,0xF81F,0xF81F,0x09E8,0x09E8,
    0x09E8,0x228A,0x6DB5,0x6DB6,0x6DB6,0x6DB6,0x6DB6,0x6DB6,0x6DB6,0x6DB6,0x6DB6,0x9658,
    0xAEBA,0xAEBA,0xAEBA,0xAEBA,0xAEBA,0xAEBA,0xAEBA,0xAEBA,0xAEBA,0xAEBA,0xAEBA,0xAEBA,
    0xAEBA,0xAEBA,0xAEBA,0xAEBA,0xAEBA,0xAEBA,0xAEBA,0xAEBA,0xAEBA,0xAEBA,0x9658,0x6DB6,
    0x6DB6,0x6DB6,0x6DB6,0x6DB6,0x6DB6,0x6DB6,0x6DB6,0x6DB6,0x6DB6,0x6DB6,0x6DB6,0x6DB6,
    0x6DB6,0x6DB6,0x6DB6,0x6DB6,0x6DB6,0x6DB6,0x6DB6,0x6DB6,0x6DB6,0x6DB6,0x6DB6,0x6DB6,
    0x6DB6,0x6DB6,0x6DB6,0x6DB6,0x6DB6,0x6DB6,0x6DB6,0x6DB6,0x6DB6,0x6DB6,0x6DB6,0x6DB6,
    0x6DB6,0x6DB6,0x6DB6,0x6DB5,0x1A8A,0x09E8,0x09E8,0x09E8,0xF81F,0xF81F,0xF81F,0xF81F,
    0xF81F,0xF81F,0xF81F,0xF81F,0xF81F,0xF81F,0xF81F,0xF81F,0xF81F,0xF81F,0xF81F,0xF81F,
    0xF81F,0xF81F,0xF81F,0xF81F,0xF81F,0xF81F,0xF81F,0xF81F,0xF81F,0xF81F,0xF81F,0xF81F,
    0xF81F,0xF81F,0xF81F,0xF81F,0xF81F,0xF81F,0xF81F,0xF81F,0xF81F,0xF81F,0xF81F,0xF81F,
    0xF81F,0xF81F,0xF81F,0xF81F,0xF81F,0xF81F,0xF81F,0xF81F,0xF81F,0xF81F,0xF81F,0xF81F,
    0xF81F,0xF81F,0xF81F,0xF81F,0xF81F,0xF81F,0xF81F,0xF81F,0xF81F,0xF81F,0xF81F,0xF81F,
    0xF81F,0xF81F,0xF81F,0xF81F,0x09E8,0x09E8,0x11E8,0x5CF3,0x6DB6,0x6DB6,0x6DB6,0x6DB6,
    0x6DB6,0x6DB6,0x6DB6,0x6DB6,0x8E37,0xAEBA,0xAEBA,0xAEBA,0xAEBA,0xAEBA,0xAEBA,0xAEBA,
    0xAEBA,0xAEBA,0xAEBA,0xAEBA,0xAEBA,0xAEBA,0xAEBA,0xAEBA,0xAEBA,0xAEBA,0xAEBA,0xAEBA,
    0xAEBA,0xAEBA,0xAEBA,0xAEBA,0xAEBA,0x8E17,0x6DB6,0x6DB6,0x6DB6,0x6DB6,0x6DB6,0x6DB6,
    0x6DB6,0x6DB6,0x6DB6,0x6DB6,0x6DB6,0x6DB6,0x6DB6,0x6DB6,0x6DB6,0x6DB6,0x6DB6,0x6DB6,
    0x6DB6,0x6DB6,0x6DB6,0x6DB6,0x6DB6,0x6DB6,0x6DB6,0x6DB6,0x6DB6,0x6DB6,0x6DB6,0x6DB6,
    0x6DB6,0x6DB6,0x6DB6,0x6DB6,0x6DB6,0x6DB6,0x6DB6,0x6DB6,0x6DB6,0x6DB6,0x5CF3,0x11E8,
    0x09E8,0x09E8,0xF81F,0xF81F,0xF81F,0xF81F,0xF81F,0xF81F,0xF81F,0xF81F,0xF81F,0xF81F,
    0xF81F,0xF81F,0xF81F,0xF81F,0xF81F,0xF81F,0xF81F,0xF81F,0xF81F,0xF81F,0xF81F,0xF81F,
    0xF81F,0xF81F,0xF81F,0xF81F,0xF81F,0xF81F,0xF81F,0xF81F,0xF81F,0xF81F,0xF81F,0xF81F,
    0xF81F,0xF81F,0xF81F,0xF81F,0xF81F,0xF81F,0xF81F,0xF81F,0xF81F,0xF81F,0xF81F,0xF81F,
    0xF81F,0xF81F,0xF81F,0xF81F,0xF81F,0xF81F,0xF81F,0xF81F,0xF81F,0xF81F,0xF81F,0xF81F,
    0xF81F,0xF81F,0xF81F,0xF81F,0xF81F,0xF81F,0xF81F,0xF81F,0xF81F,0x09E8,0x09E8,0x09E8,
    0x336D,0x6DB6,0x6DB6,0x6DB6,0x6DB6,0x6DB6,0x6DB6,0x6DB6,0x6DB6,0x75D6,0xA699,0xAEBA,
    0xAEBA,0xAEBA,0xAEBA,0xAEBA,0xAEBA,0xAEBA,0xAEBA,0xAEBA,0xAEBA,0xAEBA,0xAEBA,0xAEBA,
    0xAEBA,0xAEBA,0xAEBA,0xAEBA,0xAEBA,0xAEBA,0xAEBA,0xAEBA,0xAEBA,0xAEBA,0xAEBA,0xA699,
    0x75D6,0x6DB6,0x6DB6,0x6DB6,0x6DB6,0x6DB6,0x6DB6,0x6DB6,0x6DB6,0x6DB6,0x6DB6,0x6DB6,
    0x6DB6,0x6DB6,0x6DB6,0x6DB6,0x6DB6,0x6DB6,0x6DB6,0x6DB6,0x6DB6,0x6DB6,0x6DB6,0x6DB6,
    0x6DB6,0x6DB6,0x6DB6,0x6DB6,0x6DB6,0x6DB6,0x6DB6,0x6DB6,0x6DB6,0x6DB6,0x6DB6,0x6DB6,
    0x6DB6,0x6DB6,0x6DB6,0x6DB6,0x6DB6,0x336D,0x09E8,0x09E8,0x09E8,0xF81F,0xF81F,0xF81F,
    0xF81F,0xF81F,0xF81F,0xF81F,0xF81F,0xF81F,0xF81F,0xF81F,0xF81F,0xF81F,0xF81F,0xF81F,
    0xF81F,0xF81F,0xF81F,0xF81F,0xF81F,0xF81F,0xF81F,0xF81F,0xF81F,0xF81F,0xF81F,0xF81F,
    0xF81F,0xF81F,0xF81F,0xF81F,0xF81F,0xF81F,0xF81F,0xF81F,0xF81F,0xF81F,0xF81F,0xF81F,
    0xF81F,0xF81F,0xF81F,0xF81F,0xF81F,0xF81F,0xF81F,0xF81F,0xF81F,0xF81F,0xF81F,0xF81F,
    0xF81F,0xF81F,0xF81F,0xF81F,0xF81F,0xF81F,0xF81F,0xF81F,0xF81F,0xF81F,0xF81F,0xF81F,
    0xF81F,0xF81F,0xF81F,0x09E8,0x09E8,0x1208,0x6554,0x6DB6,0x6DB6,0x6DB6,0x6DB6,0x6DB6,
    0x6DB6,0x6DB6,0x6DB6,0x8E38,0xAEBA,0xAEBA,0xAEBA,0xAEBA,0xAEBA,0xAEBA,0xAEBA,0xAEBA,
    0xA699,0x9E38,0x8DB6,0x8DB6,0x9E38,0xA699,0xAEBA,0xAEBA,0xAEBA,0xAEBA,0xAEBA,0xAEBA,
    0xAEBA,0xAEBA,0xAEBA,0xAEBA,0xAEBA,0xAEBA,0x8E38,0x6DB6,0x6DB6,0x6DB6,0x6DB6,0x6DB6,
    0x6DB6,0x6DB6,0x6DB6,0x6DB6,0x6DB6,0x6DB6,0x6DB6,0x6DB6,0x6DB6,0x6DB6,0x6DB6,0x6DB6,
    0x6DB5,0x6554,0x5CF3,0x5CF3,0x6554,0x6DB5,0x6DB6,0x6DB6,0x6DB6,0x6DB6,0x6DB6,0x6DB6,
    0x6DB6,0x6DB6,0x6DB6,0x6DB6,0x6DB6,0x6DB6,0x6DB6,0x6DB6,0x6DB6,0x6DB6,0x6DB6,0x6554,
    0x1208,0x09E8,0x09E8,0xF81F,0xF81F,0xF81F,0xF81F,0xF81F,0xF81F,0xF81F,0xF81F,0xF81F,
    0xF81F,0xF81F,0xF81F,0xF81F,0xF81F,0xF81F,0xF81F,0xF81F,0xF81F,0xF81F,0xF81F,0xF81F,
    0xF81F,0xF81F,0xF81F,0xF81F,0xF81F,0xF81F,0xF81F,0xF81F,0xF81F,0xF81F,0xF81F,0xF81F,
    0xF81F,0xF81F,0xF81F,0xF81F,0xF81F,0xF81F,0xF81F,0xF81F,0xF81F,0xF81F,0xF81F,0xF81F,
    0xF81F,0xF81F,0xF81F,0xF81F,0xF81F,0xF81F,0xF81F,0xF81F,0xF81F,0xF81F,0xF81F,0xF81F,
    0xF81F,0xF81F,0xF81F,0xF81F,0xF81F,0xF81F,0xF81F,0xF81F,0x09E8,0x09E8,0x09E8,0x336E,
    0x6DB6,0x6DB6,0x6DB6,0x6DB6,0x6DB6,0x6DB6,0x6DB6,0x6DB6,0x6DB6,0x9E79,0xAEBA,0xAEBA,
    0xAEBA,0xAEBA,0xAEBA,0x9617,0x6472,0x32EC,0x11E8,0x09E8,0x09E8,0x09E8,0x09E8,0x11E8,
    0x32EC,0x6472,0x9617,0xAEBA,0xAEBA,0xAEBA,0xAEBA,0xAEBA,0xAEBA,0xAEBA,0xAEBA,0xAEBA,
    0x9E79,0x6DB6,0x6DB6,0x6DB6,0x6DB6,0x6DB6,0x6DB6,0x6DB6,0x6DB6,0x6DB6,0x6DB6,0x6DB6,
    0x6DB6,0x6DB6,0x6DB6,0x6534,0x43EF,0x22CB,0x11E8,0x09E8,0x09E8,0x09E8,0x09E8,0x11E8,
    0x22CB,0x43EF,0x6534,0x6DB6,0x6DB6,0x6DB6,0x6DB6,0x6DB6,0x6DB6,0x6DB6,0x6DB6,0x6DB6,
    0x6DB6,0x6DB6,0x6DB6,0x6DB6,0x6DB6,0x6DB6,0x336D,0x09E8,0x09E8,0x09E8,0xF81F,0xF81F,
    0xF81F,0xF81F,0xF81F,0xF81F,0xF81F,0xF81F,0xF81F,0xF81F,0xF81F,0xF81F,0xF81F,0xF81F,
    0xF81F,0xF81F,0xF81F,0xF81F,0xF81F,0xF81F,0xF81F,0xF81F,0xF81F,0xF81F,0xF81F,0xF81F,
    0xF81F,0xF81F,0xF81F,0xF81F,0xF81F,0xF81F,0xF81F,0xF81F,0xF81F,0xF81F,0xF81F,0xF81F,
    0xF81F,0xF81F,0xF81F,0xF81F,0xF81F,0xF81F,0xF81F,0xF81F,0xF81F,0xF81F,0xF81F,0xF81F,
    0xF81F,0xF81F,0xF81F,0xF81F,0xF81F,0xF81F,0xF81F,0xF81F,0xF81F,0xF81F,0xF81F,0xF81F,
    0xF81F,0xF81F,0x09E8,0x09E8,0x1208,0x6554,0x6DB6,0x6DB6,0x6DB6,0x6DB6,0x6DB6,0x6DB6,
    0x6DB6,0x6DB6,0x6DB6,0xA699,0xAEBA,0xAEBA,0xAEBA,0x9E38,0x4BCF,0x11E8,0x09E8,0x09E8,
    0x09E8,0x09E8,0x09E8,0x09E8,0x09E8,0x09E8,0x09E8,0x09E8,0x11E8,0x438E,0x9617,0xAEBA,
    0xAEBA,0xAEBA,0xAEBA,0xAEBA,0xAEBA,0xAEBA,0xA699,0x6DB6,0x6DB6,0x6DB6,0x6DB6,0x6DB6,
    0x6DB6,0x6DB6,0x6DB6,0x6DB6,0x6DB6,0x6DB6,0x6DB6,0x6554,0x336D,0x11E8,0x09E8,0x09E8,
    0x09E8,0x09E8,0x09E8,0x09E8,0x09E8,0x09E8,0x09E8,0x09E8,0x11E8,0x2B2D,0x6554,0x6DB6,
    0x6DB6,0x6DB6,0x6DB6,0x6DB6,0x6DB6,0x6DB6,0x6DB6,0x6DB6,0x6DB6,0x6DB6,0x6DB6,0x6DB6,
    0x6554,0x1208,0x09E8,0x09E8,0xF81F,0xF81F,0xF81F,0xF81F,0xF81F,0xF81F,0xF81F,0xF81F,
    0xF81F,0xF81F,0xF81F,0xF81F,0xF81F,0xF81F,0xF81F,0xF81F,0xF81F,0xF81F,0xF81F,0xF81F,
    0xF81F,0xF81F,0xF81F,0xF81F,0xF81F,0xF81F,0xF81F,0xF81F,0xF81F,0xF81F,0xF81F,0xF81F,
    0xF81F,0xF81F,0xF81F,0xF81F,0xF81F,0xF81F,0xF81F,0xF81F,0xF81F,0xF81F,0xF81F,0xF81F,
    0xF81F,0xF81F,0xF81F,0xF81F,0xF81F,0xF81F,0xF81F,0xF81F,0xF81F,0xF81F,0xF81F,0xF81F,
    0xF81F,0xF81F,0xF81F,0xF81F,0xF81F,0xF81F,0xF81F,0x09E8,0x09E8,0x09E8,0x332D,0x6DB6,
    0x6DB6,0x6DB6,0x6DB6,0x6DB6,0x6DB6,0x6DB6,0x6DB6,0x6DB6,0x6DB6,0xA699,0xAEBA,0xAEBA,
    0x6CD3,0x1208,0x09E8,0x09E8,0x09E8,0x11E8,0x226A,0x432D,0x5BCF,0x5BCF,0x432D,0x226A,
    0x11E8,0x09E8,0x09E8,0x09E8,0x1208,0x6CD3,0xAEBA,0xB6DA,0xBF1B,0xCF3C,0xD77D,0xDF9D,
    0xDF9D,0xCF7D,0xD79D,0xD79D,0xCF7D,0xCF5C,0xBF3C,0xB6FB,0xA6BA,0x9678,0x7E17,0x75B6,
    0x4C50,0x1208,0x09E8,0x09E8,0x09E8,0x11E8,0x226A,0x432D,0x5BCF,0x5BCF,0x432D,0x226A,
    0x11E8,0x09E8,0x09E8,0x09E8,0x1208,0x4C50,0x6DB6,0x6DB6,0x6DB6,0x6DB6,0x6DB6,0x6DB6,
    0x6DB6,0x6DB6,0x6DB6,0x6DB6,0x6DB6,0x6DB6,0x6DB6,0x2B2C,0x09E8,0x09E8,0x09E8,0xF81F,
    0xF81F,0xF81F,0xF81F,0xF81F,0xF81F,0xF81F,0xF81F,0xF81F,0xF81F,0xF81F,0xF81F,0xF81F,
    0xF81F,0xF81F,0xF81F,0xF81F,0xF81F,0xF81F,0xF81F,0xF81F,0xF81F,0xF81F,0xF81F,0xF81F,
    0xF81F,0xF81F,0xF81F,0xF81F,0xF81F,0xF81F,0xF81F,0xF81F,0xF81F,0xF81F,0xF81F,0xF81F,
    0xF81F,0xF81F,0xF81F,0xF81F,0xF81F,0xF81F,0xF81F,0xF81F,0xF81F,0xF81F,0xF81F,0xF81F,
    0xF81F,0xF81F,0xF81F,0xF81F,0xF81F,0xF81F,0xF81F,0xF81F,0xF81F,0xF81F,0xF81F,0xF81F,
    0xF81F,0x09E8,0x09E8,0x09E8,0x54B2,0x6DB6,0x6DB6,0x6DB6,0x6DB6,0x6DB6,0x6DB6,0x6DB6,
    0x6DB6,0x6DB6,0x6DB6,0x9E79,0xA699,0x53F0,0x09E8,0x09E8,0x09E8,0x1209,0x84B3,0xE75D,
    0xFFFF,0xFFFF,0xFFFF,0xFFFF,0xFFFF,0xFFFF,0xE75D,0x7CB3,0x1209,0x09E8,0x09E8,0x09E8,
    0x6C72,0xE7BE,0xE7BE,0xE7BE,0xE7BE,0xE7BE,0xE7BE,0xD79D,0xD79D,0xD79D,0xD79D,0xD79D,
    0xD79D,0xD79D,0xD79D,0xD79D,0xD77D,0x6451,0x09E8,0x09E8,0x09E8,0x1209,0x84B3,0xE75D,
    0xFFFF,0xFFFF,0xFFFF,0xFFFF,0xFFFF,0xFFFF,0xE75D,0x7CB3,0x1209,0x09E8,0x09E8,0x09E8,
    0x3BAE,0x6DB5,0x6DB6,0x6DB6,0x6DB6,0x6DB6,0x6DB6,0x6DB6,0x6DB6,0x6DB6,0x6DB6,0x6DB6,
    0x6DB6,0x54B2,0x09E8,0x09E8,0x09E8,0xF81F,0xF81F,0xF81F,0xF81F,0xF81F,0xF81F,0xF81F,
    0xF81F,0xF81F,0xF81F,0xF81F,0xF81F,0xF81F,0xF81F,0xF81F,0xF81F,0xF81F,0xF81F,0xF81F,
    0xF81F,0xF81F,0xF81F,0xF81F,0xF81F,0xF81F,0xF81F,0xF81F,0xF81F,0xF81F,0xF81F,0xF81F,
    0xF81F,0xF81F,0xF81F,0xF81F,0xF81F,0xF81F,0xF81F,0xF81F,0xF81F,0xF81F,0xF81F,0xF81F,
    0xF81F,0xF81F,0xF81F,0xF81F,0xF81F,0xF81F,0xF81F,0xF81F,0xF81F,0xF81F,0xF81F,0xF81F,
    0xF81F,0xF81F,0xF81F,0xF81F,0xF81F,0xF81F,0xF81F,0x09E8,0x09E8,0x1A49,0x6DB6,0x6DB6,
    0x6DB6,0x6DB6,0x6DB6,0x6DB6,0x6DB6,0x6DB6,0x6DB6,0x6DB6,0x6DB6,0x8E38,0x53F0,0x09E8,
    0x09E8,0x11E8,0x6410,0xF7BE,0xFFFF,0xFFFF,0xFFFF,0xFFFF,0xFFFF,0xFFFF,0xFFFF,0xFFFF,
    0xFFFF,0xFFFF,0xF7BE,0x63F0,0x11E8,0x09E8,0x09E8,0x6C92,0xE7BE,0xE7BE,0xE7BE,0xE7BE,
    0xDFBE,0xD79D,0xD79D,0xD79D,0xD79D,0xD79D,0xD79D,0xD79D,0xD79D,0xD79D,0x6471,0x09E8,
    0x09E8,0x11E8,0x6410,0xF7BE,0xFFFF,0xFFFF,0xFFFF,0xFFFF,0xFFFF,0xFFFF,0xFFFF,0xFFFF,
    0xFFFF,0xFFFF,0xF7BE,0x63F0,0x11E8,0x09E8,0x09E8,0x3BAE,0x6DB6,0x6DB6,0x6DB6,0x6DB6,
    0x6DB6,0x6DB6,0x6DB6,0x6DB6,0x6DB6,0x6DB6,0x6DB6,0x6DB5,0x1A49,0x09E8,0x09E8,0xF81F,
    0xF81F,0xF81F,0xF81F,0xF81F,0xF81F,0xF81F,0xF81F,0xF81F,0xF81F,0xF81F,0xF81F,0xF81F,
    0xF81F,0xF81F,0xF81F,0xF81F,0xF81F,0xF81F,0xF81F,0xF81F,0xF81F,0xF81F,0xF81F,0xF81F,
    0xF81F,0xF81F,0xF81F,0xF81F,0xF81F,0xF81F,0xF81F,0xF81F,0xF81F,0xF81F,0xF81F,0xF81F,
    0xF81F,0xF81F,0xF81F,0xF81F,0xF81F,0xF81F,0xF81F,0xF81F,0xF81F,0xF81F,0xF81F,0xF81F,
    0xF81F,0xF81F,0xF81F,0xF81F,0xF81F,0xF81F,0xF81F,0xF81F,0xF81F,0xF81F,0xF81F,0xF81F,
    0x09E8,0x09E8,0x09E8,0x3BCF,0x6DB6,0x6DB6,0x6DB6,0x6DB6,0x6DB6,0x6DB6,0x6DB6,0x6DB6,
    0x6DB6,0x6DB6,0x6DB6,0x4C51,0x09E8,0x09E8,0x11E8,0x9D76,0xFFFF,0xFFFF,0xFFFF,0xFFFF,
    0xFFFF,0xFFFF,0xFFFF,0xFFFF,0xFFFF,0xFFFF,0xFFFF,0xFFFF,0xFFFF,0xFFFF,0x9D76,0x11E8,
    0x09E8,0x09E8,0x9596,0xE7BE,0xE7BE,0xE7BE,0xD79D,0xD79D,0xD79D,0xD79D,0xD79D,0xD79D,
    0xD79D,0xD79D,0xD79D,0x8555,0x09E8,0x09E8,0x11E8,0x9D76,0xFFFF,0xFFFF,0xFFFF,0xFFFF,
    0xFFFF,0xFFFF,0xFFFF,0xFFFF,0xFFFF,0xFFFF,0xFFFF,0xFFFF,0xFFFF,0xFFFF,0x9D76,0x11E8,
    0x09E8,0x09E8,0x4C50,0x6DB6,0x6DB6,0x6DB6,0x6DB6,0x6DB6,0x6DB6,0x6DB6,0x6DB6,0x6DB6,
    0x6DB6,0x6DB6,0x3BAE,0x09E8,0x09E8,0x09E8,0xF81F,0xF81F,0xF81F,0xF81F,0xF81F,0xF81F,
    0xF81F,0xF81F,0xF81F,0xF81F,0xF81F,0xF81F,0xF81F,0xF81F,0xF81F,0xF81F,0xF81F,0xF81F,
    0xF81F,0xF81F,0xF81F,0xF81F,0xF81F,0xF81F,0xF81F,0xF81F,0xF81F,0xF81F,0xF81F,0xF81F,
    0xF81F,0xF81F,0xF81F,0xF81F,0xF81F,0xF81F,0xF81F,0xF81F,0xF81F,0xF81F,0xF81F,0xF81F,
    0xF81F,0xF81F,0xF81F,0xF81F,0xF81F,0xF81F,0xF81F,0xF81F,0xF81F,0xF81F,0xF81F,0xF81F,
    0xF81F,0xF81F,0xF81F,0xF81F,0xF81F,0xF81F,0x09E8,0x09E8,0x09E8,0x5CF3,0x6DB6,0x6DB6,
    0x6DB6,0x6DB6,0x6DB6,0x6DB6,0x6DB6,0x6DB6,0x6DB6,0x6DB6,0x6554,0x1208,0x09E8,0x09E8,
    0x9D76,0xFFFF,0xFFFF,0xFFFF,0xFFFF,0xFFFF,0xFFFF,0xFFFF,0xFFFF,0xFFFF,0xFFFF,0xFFFF,
    0xFFFF,0xFFFF,0xFFFF,0xFFFF,0xFFFF,0x9D76,0x09E8,0x09E8,0x1209,0xCF1C,0xE7BE,0xDF9D,
    0xD79D,0xD79D,0xD79D,0xD79D,0xD79D,0xD79D,0xD79D,0xD79D,0xBEFB,0x1209,0x09E8,0x09E8,
    0x9D76,0xFFFF,0xFFFF,0xFFFF,0xFFFF,0xFFFF,0xFFFF,0xFFFF,0xFFFF,0xFFFF,0xFFFF,0xFFFF,
    0xFFFF,0xFFFF,0xFFFF,0xFFFF,0xFFFF,0x9D76,0x09E8,0x09E8,0x1208,0x6554,0x6DB6,0x6DB6,
    0x6DB6,0x6DB6,0x6DB6,0x6DB6,0x6DB6,0x6DB6,0x6DB6,0x6DB6,0x5CD2,0x09E8,0x09E8,0x09E8,
    0xF81F,0xF81F,0xF81F,0xF81F,0xF81F,0xF81F,0xF81F,0xF81F,0xF81F,0xF81F,0xF81F,0xF81F,
    0xF81F,0xF81F,0xF81F,0xF81F,0xF81F,0xF81F,0xF81F,0xF81F,0xF81F,0xF81F,0xF81F,0xF81F,
    0xF81F,0xF81F,0xF81F,0xF81F,0xF81F,0xF81F,0xF81F,0xF81F,0xF81F,0xF81F,0xF81F,0xF81F,
    0xF81F,0xF81F,0xF81F,0xF81F,0xF81F,0xF81F,0xF81F,0xF81F,0xF81F,0xF81F,0xF81F,0xF81F,
    0xF81F,0xF81F,0xF81F,0xF81F,0xF81F,0xF81F,0xF81F,0xF81F,0xF81F,0xF81F,0xF81F,0xF81F,
    0x09E8,0x09E8,0x1229,0x6DB5,0x6DB6,0x6DB6,0x6DB6,0x6DB6,0x6DB6,0x6DB6,0x6DB6,0x6DB6,
    0x6DB6,0x6DB6,0x336D,0x09E8,0x09E8,0x6410,0xFFFF,0xFFFF,0xFFFF,0xFFFF,0xFFFF,0xFFFF,
    0xFFFF,0xFFFF,0xFFFF,0xFFFF,0xFFFF,0xFFFF,0xFFFF,0xFFFF,0xFFFF,0xFFFF,0xFFFF,0xFFFF,
    0x63F0,0x09E8,0x09E8,0x6431,0xDFBE,0xD79D,0xD79D,0xD79D,0xD79D,0xD79D,0xD79D,0xD79D,
    0xD79D,0xD79D,0x5C10,0x09E8,0x09E8,0x6410,0xFFFF,0xFFFF,0xFFFF,0xFFFF,0xFFFF,0xFFFF,
    0xFFFF,0xFFFF,0xFFFF,0xFFFF,0xFFFF,0xFFFF,0xFFFF,0xFFFF,0xFFFF,0xFFFF,0xFFFF,0xFFFF,
    0x63F0,0x09E8,0x09E8,0x336D,0x6DB6,0x6DB6,0x6DB6,0x6DB6,0x6DB6,0x6DB6,0x6DB6,0x6DB6,
    0x6DB6,0x6DB6,0x6DB5,0x1229,0x09E8,0x09E8,0xF81F,0xF81F,0xF81F,0xF81F,0xF81F,0xF81F,
    0xF81F,0xF81F,0xF81F,0xF81F,0xF81F,0xF81F,0xF81F,0xF81F,0xF81F,0xF81F,0xF81F,0xF81F,
    0xF81F,0xF81F,0xF81F,0xF81F,0xF81F,0xF81F,0xF81F,0xF81F,0xF81F,0xF81F,0xF81F,0xF81F,
    0xF81F,0xF81F,0xF81F,0xF81F,0xF81F,0xF81F,0xF81F,0xF81F,0xF81F,0xF81F,0xF81F,0xF81F,
    0xF81F,0xF81F,0xF81F,0xF81F,0xF81F,0xF81F,0xF81F,0xF81F,0xF81F,0xF81F,0xF81F,0xF81F,
    0xF81F,0xF81F,0xF81F,0xF81F,0xF81F,0xF81F,0x09E8,0x09E8,0x2B2C,0x6DB6,0x6DB6,0x6DB6,
    0x6DB6,0x6DB6,0x6DB6,0x6DB6,0x6DB6,0x6DB6,0x6DB6,0x6534,0x11E8,0x09E8,0x1209,0xF7BE,
    0xFFFF,0xFFFF,0xFFFF,0xFFFF,0xFFFF,0xEF7D,0x84B3,0x42CB,0x19E8,0x19E8,0x42CB,0x84B3,
    0xEF7D,0xFFFF,0xFFFF,0xFFFF,0xFFFF,0xFFFF,0xF7BE,0x1209,0x09E8,0x11E8,0xBEDA,0xD79D,
    0xD79D,0xD79D,0xD79D,0xD79D,0xD79D,0xD79D,0xD79D,0xBEDA,0x11E8,0x09E8,0x1209,0xF7BE,
    0xFFFF,0xFFFF,0xFFFF,0xFFFF,0xFFFF,0xEF7D,0x84B3,0x42CB,0x19E8,0x19E8,0x42CB,0x84B3,
    0xEF7D,0xFFFF,0xFFFF,0xFFFF,0xFFFF,0xFFFF,0xF7BE,0x1209,0x09E8,0x11E8,0x6534,0x6DB6,
    0x6DB6,0x6DB6,0x6DB6,0x6DB6,0x6DB6,0x6DB6,0x6DB6,0x6DB6,0x6DB6,0x2B0C,0x09E8,0x09E8,
    0xF81F,0xF81F,0xF81F,0xF81F,0xF81F,0xF81F,0xF81F,0xF81F,0xF81F,0xF81F,0xF81F,0xF81F,
    0xF81F,0xF81F,0xF81F,0xF81F,0xF81F,0xF81F,0xF81F,0xF81F,0xF81F,0xF81F,0xF81F,0xF81F,
    0xF81F,0xF81F,0xF81F,0xF81F,0xF81F,0xF81F,0xF81F,0xF81F,0xF81F,0xF81F,0xF81F,0xF81F,
    0xF81F,0xF81F,0xF81F,0xF81F,0xF81F,0xF81F,0xF81F,0xF81F,0xF81F,0xF81F,0xF81F,0xF81F,
    0xF81F,0xF81F,0xF81F,0xF81F,0xF81F,0xF81F,0xF81F,0xF81F,0xF81F,0xF81F,0xF81F,0x09E8,
    0x09E8,0x09E8,0x4410,0x6DB6,0x6DB6,0x6DB6,0x6DB6,0x6DB6,0x6DB6,0x6DB6,0x6DB6,0x6DB6,
    0x6DB6,0x43EF,0x09E8,0x09E8,0x84B3,0xFFFF,0xFFFF,0xFFFF,0xFFFF,0xFFFF,0xB5D7,0x3AAB,
    0x8CD3,0x8CD3,0x326A,0x11A7,0x11A7,0x11A7,0x21E8,0xB5F7,0xFFFF,0xFFFF,0xFFFF,0xFFFF,
    0xFFFF,0x7CB3,0x09E8,0x09E8,0x7D14,0xD79D,0xD79D,0xD79D,0xD79D,0xD79D,0xD79D,0xD79D,
    0xD79D,0x7CF3,0x09E8,0x09E8,0x84B3,0xFFFF,0xFFFF,0xFFFF,0xFFFF,0xFFFF,0xB5D7,0x3AAB,
    0x8CD3,0x8CD3,0x326A,0x11A7,0x11A7,0x11A7,0x21E8,0xB5F7,0xFFFF,0xFFFF,0xFFFF,0xFFFF,
    0xFFFF,0x7CB3,0x09E8,0x09E8,0x440F,0x6DB6,0x6DB6,0x6DB6,0x6DB6,0x6DB6,0x6DB6,0x6DB6,
    0x6DB6,0x6DB6,0x6DB6,0x4410,0x09E8,0x09E8,0x09E8,0xF81F,0xF81F,0xF81F,0xF81F,0xF81F,
    0xF81F,0xF81F,0xF81F,0xF81F,0xF81F,0xF81F,0xF81F,0xF81F,0xF81F,0xF81F,0xF81F,0xF81F,
    0xF81F,0xF81F,0xF81F,0xF81F,0xF81F,0xF81F,0xF81F,0xF81F,0xF81F,0xF81F,0xF81F,0xF81F,
    0xF81F,0xF81F,0xF81F,0xF81F,0xF81F,0xF81F,0xF81F,0xF81F,0xF81F,0xF81F,0xF81F,0xF81F,
    0xF81F,0xF81F,0xF81F,0xF81F,0xF81F,0xF81F,0xF81F,0xF81F,0xF81F,0xF81F,0xF81F,0xF81F,
    0xF81F,0xF81F,0xF81F,0xF81F,0xF81F,0x09E8,0x09E8,0x09E8,0x5CD2,0x6DB6,0x6DB6,0x6DB6,
    0x6DB6,0x6DB6,0x6DB6,0x6DB6,0x6DB6,0x6DB6,0x6DB6,0x22CB,0x09E8,0x11E8,0xE75D,0xFFFF,
    0xFFFF,0xFFFF,0xFFFF,0xB5D7,0x326A,0xF79E,0xFFFF,0xFFFF,0xF79E,0x326A,0x11A7,0x11A7,
    0x11A7,0x11A7,0xB5F7,0xFFFF,0xFFFF,0xFFFF,0xFFFF,0xE75D,0x11E8,0x09E8,0x3B2D,0xD79D,
    0xD79D,0xD79D,0xD79D,0xD79D,0xD79D,0xD79D,0xD79D,0x3B2D,0x09E8,0x11E8,0xE75D,0xFFFF,
    0xFFFF,0xFFFF,0xFFFF,0xB5D7,0x326A,0xF79E,0xFFFF,0xFFFF,0xF79E,0x326A,0x11A7,0x11A7,
    0x11A7,0x11A7,0xB5F7,0xFFFF,0xFFFF,0xFFFF,0xFFFF,0xE75D,0x11E8,0x09E8,0x22CB,0x6DB6,
    0x6DB6,0x6DB6,0x6DB6,0x6DB6,0x6DB6,0x6DB6,0x6DB6,0x6DB6,0x6DB6,0x54D2,0x09E8,0x09E8,
    0x09E8,0xF81F,0xF81F,0xF81F,0xF81F,0xF81F,0xF81F,0xF81F,0xF81F,0xF81F,0xF81F,0xF81F,
    0xF81F,0xF81F,0xF81F,0xF81F,0xF81F,0xF81F,0xF81F,0xF81F,0xF81F,0xF81F,0xF81F,0xF81F,
    0xF81F,0xF81F,0xF81F,0xF81F,0xF81F,0xF81F,0xF81F,0xF81F,0xF81F,0xF81F,0xF81F,0xF81F,
    0xF81F,0xF81F,0xF81F,0xF81F,0xF81F,0xF81F,0xF81F,0xF81F,0xF81F,0xF81F,0xF81F,0xF81F,
    0xF81F,0xF81F,0xF81F,0xF81F,0xF81F,0xF81F,0xF81F,0xF81F,0xF81F,0xF81F,0xF81F,0x09E8,
    0x09E8,0x09E8,0x6574,0x6DB6,0x6DB6,0x6DB6,0x6DB6,0x6DB6,0x6DB6,0x6DB6,0x6DB6,0x6DB6,
    0x6DB5,0x11E8,0x09E8,0x226A,0xFFFF,0xFFFF,0xFFFF,0xFFFF,0xEF7D,0x21E8,0x8CD3,0xFFFF,
    0xFFFF,0xFFFF,0xFFFF,0x8CD3,0x11A7,0x11A7,0x11A7,0x11A7,0x21E8,0xEF7D,0xFFFF,0xFFFF,
    0xFFFF,0xFFFF,0x226A,0x09E8,0x1208,0xD77D,0xD79D,0xD79D,0xD79D,0xD79D,0xD79D,0xD79D,
    0xD77D,0x11E8,0x09E8,0x226A,0xFFFF,0xFFFF,0xFFFF,0xFFFF,0xEF7D,0x21E8,0x8CD3,0xFFFF,
    0xFFFF,0xFFFF,0xFFFF,0x8CD3,0x11A7,0x11A7,0x11A7,0x11A7,0x21E8,0xEF7D,0xFFFF,0xFFFF,
    0xFFFF,0xFFFF,0x226A,0x09E8,0x11E8,0x6DB6,0x6DB6,0x6DB6,0x6DB6,0x6DB6,0x6DB6,0x6DB6,
    0x6DB6,0x6DB6,0x6DB6,0x6554,0x09E8,0x09E8,0x09E8,0xF81F,0xF81F,0xF81F,0xF81F,0xF81F,
    0xF81F,0xF81F,0xF81F,0xF81F,0xF81F,0xF81F,0xF81F,0xF81F,0xF81F,0xF81F,0xF81F,0xF81F,
    0xF81F,0xF81F,0xF81F,0xF81F,0xF81F,0xF81F,0xF81F,0xF81F,0xF81F,0xF81F,0xF81F,0xF81F,
    0xF81F,0xF81F,0xF81F,0xF81F,0xF81F,0xF81F,0xF81F,0xF81F,0xF81F,0xF81F,0xF81F,0xF81F,
    0xF81F,0xF81F,0xF81F,0xF81F,0xF81F,0xF81F,0xF81F,0xF81F,0xF81F,0xF81F,0xF81F,0xF81F,
    0xF81F,0xF81F,0xF81F,0xF81F,0xF81F,0x09E8,0x09E8,0x1229,0x6DB6,0x6DB6,0x6DB6,0x6DB6,
    0x6DB6,0x6DB6,0x6DB6,0x6DB6,0x6DB6,0x6DB6,0x6554,0x09E8,0x09E8,0x432D,0xFFFF,0xFFFF,
    0xFFFF,0xFFFF,0x84B3,0x11A7,0x8CD3,0xFFFF,0xFFFF,0xFFFF,0xFFFF,0x8CD3,0x11A7,0x11A7,
    0x11A7,0x11A7,0x11A7,0x84D3,0xFFFF,0xFFFF,0xFFFF,0xFFFF,0x432D,0x09E8,0x09E8,0x95B6,
    0xA638,0xA638,0xA638,0xA638,0xA638,0xA638,0x95B6,0x09E8,0x09E8,0x432D,0xFFFF,0xFFFF,
    0xFFFF,0xFFFF,0x84B3,0x11A7,0x8CD3,0xFFFF,0xFFFF,0xFFFF,0xFFFF,0x8CD3,0x11A7,0x11A7,
    0x11A7,0x11A7,0x11A7,0x84D3,0xFFFF,0xFFFF,0xFFFF,0xFFFF,0x432D,0x09E8,0x09E8,0x6574,
    0x6DB6,0x6DB6,0x6DB6,0x6DB6,0x6DB6,0x6DB6,0x6DB6,0x6DB6,0x6DB6,0x6DB6,0x1229,0x09E8,
    0x09E8,0xF81F,0xF81F,0xF81F,0xF81F,0xF81F,0xF81F,0xF81F,0xF81F,0xF81F,0xF81F,0xF81F,
    0xF81F,0xF81F,0xF81F,0xF81F,0xF81F,0xF81F,0xF81F,0xF81F,0xF81F,0xF81F,0xF81F,0xF81F,
    0xF81F,0xF81F,0xF81F,0xF81F,0xF81F,0xF81F,0xF81F,0xF81F,0xF81F,0xF81F,0xF81F,0xF81F,
    0xF81F,0xF81F,0xF81F,0xF81F,0xF81F,0xF81F,0xF81F,0xF81F,0xF81F,0xF81F,0xF81F,0xF81F,
    0xF81F,0xF81F,0xF81F,0xF81F,0xF81F,0xF81F,0xF81F,0xF81F,0xF81F,0xF81F,0x09E8,0x09E8,
    0x09E8,0x22CB,0x6DB6,0x6DB6,0x6DB6,0x6DB6,0x6DB6,0x6DB6,0x6DB6,0x6DB6,0x6DB6,0x6DB6,
    0x5CF3,0x09E8,0x09E8,0x5BCF,0xFFFF,0xFFFF,0xFFFF,0xFFFF,0x3ACB,0x11A7,0x326A,0xF79E,
    0xFFFF,0xFFFF,0xEF9E,0x3269,0x11A7,0x11A7,0x11A7,0x11A7,0x11A7,0x42CB,0xFFFF,0xFFFF,
    0xFFFF,0xFFFF,0x5BCF,0x09E8,0x09E8,0x09E8,0x09E8,0x09E8,0x09E8,0x09E8,0x09E8,0x09E8,
    0x09E8,0x09E8,0x09E8,0x5BCF,0xFFFF,0xFFFF,0xFFFF,0xFFFF,0x3ACB,0x11A7,0x326A,0xF79E,
    0xFFFF,0xFFFF,0xEF9E,0x3269,0x11A7,0x11A7,0x11A7,0x11A7,0x11A7,0x42CB,0xFFFF,0xFFFF,
    0xFFFF,0xFFFF,0x5BCF,0x09E8,0x09E8,0x5CF3,0x6DB6,0x6DB6,0x6DB6,0x6DB6,0x6DB6,0x6DB6,
    0x6DB6,0x6DB6,0x6DB6,0x6DB6,0x22CB,0x09E8,0x09E8,0x09E8,0xF81F,0xF81F,0xF81F,0xF81F,
    0xF81F,0xF81F,0xF81F,0xF81F,0xF81F,0xF81F,0xF81F,0xF81F,0xF81F,0xF81F,0xF81F,0xF81F,
    0xF81F,0xF81F,0xF81F,0xF81F,0xF81F,0xF81F,0xF81F,0xF81F,0xF81F,0xF81F,0xF81F,0xF81F,
    0xF81F,0xF81F,0xF81F,0xF81F,0xF81F,0xF81F,0xF81F,0xF81F,0xF81F,0xF81F,0xF81F,0xF81F,
    0xF81F,0xF81F,0xF81F,0xF81F,0xF81F,0xF81F,0xF81F,0xF81F,0xF81F,0xF81F,0xF81F,0xF81F,
    0xF81F,0xF81F,0x09E8,0x09E8,0x09E8,0x09E8,0x09E8,0x2B2C,0x6DB6,0x6DB6,0x6DB6,0x6DB6,
    0x6DB6,0x6DB6,0x6DB6,0x6DB6,0x6DB6,0x6DB6,0x5CF3,0x09E8,0x09E8,0x5BCF,0xFFFF,0xFFFF,
    0xFFFF,0xFFFF,0x19E8,0x11A7,0x11A7,0x326A,0x8CD3,0x8CD3,0x3269,0x11A7,0x11A7,0x11A7,
    0x11A7,0x11A7,0x11A7,0x21E8,0xFFFF,0xFFFF,0xFFFF,0xFFFF,0x5BCF,0x09E8,0x09E8,0x09E8,
    0x09E8,0x09E8,0x09E8,0x09E8,0x09E8,0x09E8,0x09E8,0x09E8,0x09E8,0x5BCF,0xFFFF,0xFFFF,
    0xFFFF,0xFFFF,0x19E8,0x11A7,0x11A7,0x326A,0x8CD3,0x8CD3,0x3269,0x11A7,0x11A7,0x11A7,
    0x11A7,0x11A7,0x11A7,0x21E8,0xFFFF,0xFFFF,0xFFFF,0xFFFF,0x5BCF,0x09E8,0x09E8,0x5CF3,
    0x6DB6,0x6DB6,0x6DB6,0x6DB6,0x6DB6,0x6DB6,0x6DB6,0x6DB6,0x6DB6,0x6DB6,0x2B0C,0x09E8,
    0x09E8,0x09E8,0x09E8,0x09E8,0xF81F,0xF81F,0xF81F,0xF81F,0xF81F,0xF81F,0xF81F,0xF81F,
    0xF81F,0xF81F,0xF81F,0xF81F,0xF81F,0xF81F,0xF81F,0xF81F,0xF81F,0xF81F,0xF81F,0xF81F,
    0xF81F,0xF81F,0xF81F,0xF81F,0xF81F,0xF81F,0xF81F,0xF81F,0xF81F,0xF81F,0xF81F,0xF81F,
    0xF81F,0xF81F,0xF81F,0xF81F,0xF81F,0xF81F,0xF81F,0xF81F,0xF81F,0xF81F,0xF81F,0xF81F,
    0xF81F,0xF81F,0xF81F,0xF81F,0xF81F,0xF81F,0xF81F,0xF81F,0x09E8,0x09E8,0x1229,0x09E8,
    0x09E8,0x334D,0x6DB6,0x6DB6,0x6DB6,0x6DB6,0x6DB6,0x6DB6,0x6DB6,0x6DB6,0x6DB6,0x6DB6,
    0x6554,0x09E8,0x09E8,0x432D,0xFFFF,0xFFFF,0xFFFF,0xFFFF,0x21E8,0x11A7,0x11A7,0x11A7,
    0x11A7,0x11A7,0x11A7,0x11A7,0x11A7,0x11A7,0x11A7,0x11A7,0x11A7,0x21E8,0xFFFF,0xFFFF,
    0xFFFF,0xFFFF,0x3B2D,0x09E8,0x09E8,0x95B6,0xA638,0xA638,0xA638,0xA638,0xA638,0xA638,
    0x95B6,0x09E8,0x09E8,0x432D,0xFFFF,0xFFFF,0xFFFF,0xFFFF,0x21E8,0x11A7,0x11A7,0x11A7,
    0x11A7,0x11A7,0x11A7,0x11A7,0x11A7,0x11A7,0x11A7,0x11A7,0x11A7,0x21E8,0xFFFF,0xFFFF,
    0xFFFF,0xFFFF,0x3B2D,0x09E8,0x09E8,0x6574,0x6DB6,0x6DB6,0x6DB6,0x6DB6,0x6DB6,0x6DB6,
    0x6DB6,0x6DB6,0x6DB6,0x6DB6,0x334D,0x09E8,0x09E8,0x1229,0x09E8,0x09E8,0xF81F,0xF81F,
    0xF81F,0xF81F,0xF81F,0xF81F,0xF81F,0xF81F,0xF81F,0xF81F,0xF81F,0xF81F,0xF81F,0xF81F,
    0xF81F,0xF81F,0xF81F,0xF81F,0xF81F,0xF81F,0xF81F,0xF81F,0xF81F,0xF81F,0xF81F,0xF81F,
    0xF81F,0xF81F,0xF81F,0xF81F,0xF81F,0xF81F,0xF81F,0xF81F,0xF81F,0xF81F,0xF81F,0xF81F,
    0xF81F,0xF81F,0xF81F,0xF81F,0xF81F,0xF81F,0xF81F,0xF81F,0xF81F,0xF81F,0xF81F,0xF81F,
    0xF81F,0x09E8,0x09E8,0x1A6A,0x43EF,0x09E8,0x09E8,0x3B8E,0x6DB6,0x6DB6,0x6DB6,0x6DB6,
    0x6DB6,0x6DB6,0x6DB6,0x6DB6,0x6DB6,0x6DB6,0x6DB5,0x11E8,0x09E8,0x226A,0xFFFF,0xFFFF,
    0xFFFF,0xFFFF,0x42CB,0x11A7,0x11A7,0x11A7,0x11A7,0x11A7,0x11A7,0x11A7,0x11A7,0x11A7,
    0x11A7,0x11A7,0x11A7,0x42CB,0xFFFF,0xFFFF,0xFFFF,0xFFFF,0x226A,0x09E8,0x11E8,0xD77D,
    0xD79D,0xD79D,0xD79D,0xD79D,0xD79D,0xD79D,0xD77D,0x11E8,0x09E8,0x226A,0xFFFF,0xFFFF,
    0xFFFF,0xFFFF,0x42CB,0x11A7,0x11A7,0x11A7,0x11A7,0x11A7,0x11A7,0x11A7,0x11A7,0x11A7,
    0x11A7,0x11A7,0x11A7,0x42CB,0xFFFF,0xFFFF,0xFFFF,0xFFFF,0x226A,0x09E8,0x11E8,0x6DB5,
    0x6DB6,0x6DB6,0x6DB6,0x6DB6,0x6DB6,0x6DB6,0x6DB6,0x6DB6,0x6DB6,0x6DB6,0x3B8E,0x09E8,
    0x09E8,0x43EF,0x1A6A,0x09E8,0x09E8,0xF81F,0xF81F,0xF81F,0xF81F,0xF81F,0xF81F,0xF81F,
    0xF81F,0xF81F,0xF81F,0xF81F,0xF81F,0xF81F,0xF81F,0xF81F,0xF81F,0xF81F,0xF81F,0xF81F,
    0xF81F,0xF81F,0xF81F,0xF81F,0xF81F,0xF81F,0xF81F,0xF81F,0xF81F,0xF81F,0xF81F,0xF81F,
    0xF81F,0xF81F,0xF81F,0xF81F,0xF81F,0xF81F,0xF81F,0xF81F,0xF81F,0xF81F,0xF81F,0xF81F,
    0xF81F,0xF81F,0xF81F,0xF81F,0xF81F,0xF81F,0x09E8,0x09E8,0x09E8,0x5CD2,0x43EF,0x09E8,
    0x09E8,0x3BAE,0x6DB6,0x6DB6,0x6DB6,0x6DB6,0x6DB6,0x6DB6,0x6DB6,0x6DB6,0x6DB6,0x6DB6,
    0x6DB6,0x22CB,0x09E8,0x11E8,0xE75D,0xFFFF,0xFFFF,0xFFFF,0x84B3,0x11A7,0x11A7,0x11A7,
    0x11A7,0x11A7,0x11A7,0x11A7,0x11A7,0x11A7,0x11A7,0x11A7,0x11A7,0x8CD3,0xFFFF,0xFFFF,
    0xFFFF,0xE75D,0x09E8,0x09E8,0x3B2D,0xD79D,0xD79D,0xD79D,0xD79D,0xD79D,0xD79D,0xD79D,
    0xD79D,0x3B2D,0x09E8,0x11E8,0xE75D,0xFFFF,0xFFFF,0xFFFF,0x84B3,0x11A7,0x11A7,0x11A7,
    0x11A7,0x11A7,0x11A7,0x11A7,0x11A7,0x11A7,0x11A7,0x11A7,0x11A7,0x8CD3,0xFFFF,0xFFFF,
    0xFFFF,0xE75D,0x09E8,0x09E8,0x22CB,0x6DB6,0x6DB6,0x6DB6,0x6DB6,0x6DB6,0x6DB6,0x6DB6,
    0x6DB6,0x6DB6,0x6DB6,0x6DB6,0x3BAE,0x09E8,0x09E8,0x43EF,0x54D2,0x09E8,0x09E8,0x09E8,
    0xF81F,0xF81F,0xF81F,0xF81F,0xF81F,0xF81F,0xF81F,0xF81F,0xF81F,0xF81F,0xF81F,0xF81F,
    0xF81F,0xF81F,0xF81F,0xF81F,0xF81F,0xF81F,0xF81F,0xF81F,0xF81F,0xF81F,0xF81F,0xF81F,
    0xF81F,0xF81F,0xF81F,0xF81F,0xF81F,0xF81F,0xF81F,0xF81F,0xF81F,0xF81F,0xF81F,0xF81F,
    0xF81F,0xF81F,0xF81F,0xF81F,0xF81F,0xF81F,0xF81F,0xF81F,0xF81F,0xF81F,0xF81F,0xF81F,
    0x09E8,0x09E8,0x2AEC,0x6DB6,0x43EF,0x09E8,0x09E8,0x3BAE,0x6DB6,0x6DB6,0x6DB6,0x6DB6,
    0x6DB6,0x6DB6,0x6DB6,0x6DB6,0x6DB6,0x6DB6,0x6DB6,0x43EF,0x09E8,0x09E8,0x7CB3,0xFFFF,
    0xFFFF,0xFFFF,0xEF7D,0x21E8,0x11A7,0x11A7,0x11A7,0x11A7,0x11A7,0x11A7,0x11A7,0x11A7,
    0x11A7,0x11A7,0x2208,0xEF7D,0xFFFF,0xFFFF,0xFFFF,0x7CB3,0x09E8,0x09E8,0x7D14,0xD79D,
    0xD79D,0xD79D,0xD79D,0xD79D,0xD79D,0xD79D,0xD79D,0x7CF3,0x09E8,0x09E8,0x7CB3,0xFFFF,
    0xFFFF,0xFFFF,0xEF7D,0x21E8,0x11A7,0x11A7,0x11A7,0x11A7,0x11A7,0x11A7,0x11A7,0x11A7,
    0x11A7,0x11A7,0x2208,0xEF7D,0xFFFF,0xFFFF,0xFFFF,0x7CB3,0x09E8,0x09E8,0x440F,0x6DB6,
    0x6DB6,0x6DB6,0x6DB6,0x6DB6,0x6DB6,0x6DB6,0x6DB6,0x6DB6,0x6DB6,0x6DB6,0x3BAE,0x09E8,
    0x09E8,0x43EF,0x6DB6,0x22EB,0x09E8,0x09E8,0xF81F,0xF81F,0xF81F,0xF81F,0xF81F,0xF81F,
    0xF81F,0xF81F,0xF81F,0xF81F,0xF81F,0xF81F,0xF81F,0xF81F,0xF81F,0xF81F,0xF81F,0xF81F,
    0xF81F,0xF81F,0xF81F,0xF81F,0xF81F,0xF81F,0xF81F,0xF81F,0xF81F,0xF81F,0xF81F,0xF81F,
    0xF81F,0xF81F,0xF81F,0xF81F,0xF81F,0xF81F,0xF81F,0xF81F,0xF81F,0xF81F,0xF81F,0xF81F,
    0xF81F,0xF81F,0xF81F,0xF81F,0xF81F,0xF81F,0x09E8,0x09E8,0x4C71,0x6DB6,0x4410,0x09E8,
    0x09E8,0x3B8E,0x6DB6,0x6DB6,0x6DB6,0x6DB6,0x6DB6,0x6DB6,0x6DB6,0x6DB6,0x6DB6,0x6DB6,
    0x6DB6,0x6534,0x11E8,0x09E8,0x1209,0xF7BE,0xFFFF,0xFFFF,0xFFFF,0xB5F7,0x11A7,0x11A7,
    0x11A7,0x11A7,0x11A7,0x11A7,0x11A7,0x11A7,0x11A7,0x11A7,0xB5F7,0xFFFF,0xFFFF,0xFFFF,
    0xF7BE,0x1209,0x09E8,0x11E8,0xBEDA,0xD79D,0xD79D,0xD79D,0xD79D,0xD79D,0xD79D,0xD79D,
    0xD79D,0xBEDA,0x11E8,0x09E8,0x1209,0xF7BE,0xFFFF,0xFFFF,0xFFFF,0xB5F7,0x11A7,0x11A7,
    0x11A7,0x11A7,0x11A7,0x11A7,0x11A7,0x11A7,0x11A7,0x11A7,0xB5F7,0xFFFF,0xFFFF,0xFFFF,
    0xF7BE,0x1209,0x09E8,0x11E8,0x6534,0x6DB6,0x6DB6,0x6DB6,0x6DB6,0x6DB6,0x6DB6,0x6DB6,
    0x6DB6,0x6DB6,0x6DB6,0x6DB6,0x3B8E,0x09E8,0x09E8,0x4430,0x6DB6,0x4C71,0x09E8,0x09E8,
    0xF81F,0xF81F,0xF81F,0xF81F,0xF81F,0xF81F,0xF81F,0xF81F,0xF81F,0xF81F,0xF81F,0xF81F,
    0xF81F,0xF81F,0xF81F,0xF81F,0xF81F,0xF81F,0xF81F,0xF81F,0xF81F,0xF81F,0xF81F,0xF81F,
    0xF81F,0xF81F,0xF81F,0xF81F,0xF81F,0xF81F,0xF81F,0xF81F,0xF81F,0xF81F,0xF81F,0xF81F,
    0xF81F,0xF81F,0xF81F,0xF81F,0xF81F,0xF81F,0xF81F,0xF81F,0xF81F,0xF81F,0xF81F,0xF81F,
    0x09E8,0x09E8,0x6554,0x6DB6,0x4C50,0x09E8,0x09E8,0x334D,0x6DB6,0x6DB6,0x6DB6,0x6DB6,
    0x6DB6,0x6DB6,0x6DB6,0x6DB6,0x6DB6,0x6DB6,0x6DB6,0x6DB6,0x336D,0x09E8,0x09E8,0x63F0,
    0xFFFF,0xFFFF,0xFFFF,0xFFFF,0xB5F7,0x21E8,0x11A7,0x11A7,0x11A7,0x11A7,0x11A7,0x11A7,
    0x2208,0xB5F7,0xFFFF,0xFFFF,0xFFFF,0xFFFF,0x5BF0,0x09E8,0x09E8,0x5C30,0xD79D,0xD79D,
    0xD79D,0xD79D,0xD79D,0xD79D,0xD79D,0xD79D,0xD79D,0xD79D,0x5C10,0x09E8,0x09E8,0x63F0,
    0xFFFF,0xFFFF,0xFFFF,0xFFFF,0xB5F7,0x21E8,0x11A7,0x11A7,0x11A7,0x11A7,0x11A7,0x11A7,
    0x2208,0xB5F7,0xFFFF,0xFFFF,0xFFFF,0xFFFF,0x5BF0,0x09E8,0x09E8,0x336D,0x6DB6,0x6DB6,
    0x6DB6,0x6DB6,0x6DB6,0x6DB6,0x6DB6,0x6DB6,0x6DB6,0x6DB6,0x6DB6,0x6DB6,0x334D,0x09E8,
    0x09E8,0x4C51,0x6DB6,0x6554,0x09E8,0x09E8,0xF81F,0xF81F,0xF81F,0xF81F,0xF81F,0xF81F,
    0xF81F,0xF81F,0xF81F,0xF81F,0xF81F,0xF81F,0xF81F,0xF81F,0xF81F,0xF81F,0xF81F,0xF81F,
    0xF81F,0xF81F,0xF81F,0xF81F,0xF81F,0xF81F,0xF81F,0xF81F,0xF81F,0xF81F,0xF81F,0xF81F,
    0xF81F,0xF81F,0xF81F,0xF81F,0xF81F,0xF81F,0xF81F,0xF81F,0xF81F,0xF81F,0xF81F,0xF81F,
    0xF81F,0xF81F,0xF81F,0xF81F,0xF81F,0x09E8,0x09E8,0x1229,0x6DB6,0x6DB6,0x5491,0x09E8,
    0x09E8,0x2B2C,0x6DB6,0x6DB6,0x6DB6,0x6DB6,0x6DB6,0x6DB6,0x6DB6,0x6DB6,0x6DB6,0x6DB6,
    0x6DB6,0x6DB6,0x6554,0x1208,0x09E8,0x11E8,0x9D76,0xFFFF,0xFFFF,0xFFFF,0xFFFF,0xEF7D,
    0x84D3,0x42EB,0x19E8,0x19E8,0x42EB,0x8CD3,0xEF7D,0xFFFF,0xFFFF,0xFFFF,0xFFFF,0x9555,
    0x09E8,0x09E8,0x1209,0xBEFB,0xD79D,0xD79D,0xD79D,0xD79D,0xD79D,0xD79D,0xD79D,0xD79D,
    0xD79D,0xD79D,0xBEFB,0x1209,0x09E8,0x11E8,0x9D76,0xFFFF,0xFFFF,0xFFFF,0xFFFF,0xEF7D,
    0x84D3,0x42EB,0x19E8,0x19E8,0x42EB,0x8CD3,0xEF7D,0xFFFF,0xFFFF,0xFFFF,0xFFFF,0x9555,
    0x09E8,0x09E8,0x1208,0x6554,0x6DB6,0x6DB6,0x6DB6,0x6DB6,0x6DB6,0x6DB6,0x6DB6,0x6DB6,
    0x6DB6,0x75B6,0x85D6,0x8DD6,0x436E,0x09E8,0x09E8,0x5491,0x85D6,0x8DD6,0x2AAB,0x09E8,
    0x09E8,0xF81F,0xF81F,0xF81F,0xF81F,0xF81F,0xF81F,0xF81F,0xF81F,0xF81F,0xF81F,0xF81F,
    0xF81F,0xF81F,0xF81F,0xF81F,0xF81F,0xF81F,0xF81F,0xF81F,0xF81F,0xF81F,0xF81F,0xF81F,
    0xF81F,0xF81F,0xF81F,0xF81F,0xF81F,0xF81F,0xF81F,0xF81F,0xF81F,0xF81F,0xF81F,0xF81F,
    0xF81F,0xF81F,0xF81F,0xF81F,0xF81F,0xF81F,0xF81F,0xF81F,0xF81F,0xF81F,0xF81F,0x09E8,
    0x09E8,0x1A6A,0x6DB6,0x6DB6,0x54D2,0x09E8,0x09E8,0x22CB,0x6DB6,0x6DB6,0x6DB6,0x6DB6,
    0x6DB6,0x6DB6,0x6DB6,0x6DB6,0x6DB6,0x6DB6,0x6DB6,0x6DB6,0x6DB6,0x5CB2,0x09E8,0x09E8,
    0x11E8,0x9D76,0xFFFF,0xFFFF,0xFFFF,0xFFFF,0xFFFF,0xFFFF,0xFFFF,0xFFFF,0xFFFF,0xFFFF,
    0xFFFF,0xFFFF,0xFFFF,0xFFFF,0x9555,0x11E8,0x09E8,0x09E8,0x8D75,0xD79D,0xD79D,0xD79D,
    0xD79D,0xD79D,0xD79D,0xD79D,0xD79D,0xD79D,0xD79D,0xD79D,0xD79D,0x8D75,0x09E8,0x09E8,
    0x11E8,0x9D76,0xFFFF,0xFFFF,0xFFFF,0xFFFF,0xFFFF,0xFFFF,0xFFFF,0xFFFF,0xFFFF,0xFFFF,
    0xFFFF,0xFFFF,0xFFFF,0xFFFF,0x9555,0x11E8,0x09E8,0x09E8,0x5CB2,0x6DB6,0x6DB6,0x6DB6,
    0x6DB6,0x6DB6,0x6DB6,0x6DB6,0x6DB6,0x6DB6,0x75B6,0xA5D6,0xBDD7,0xBDD7,0xB5B6,0x4B2D,
    0x11E8,0x9D75,0xBDD7,0xBDD7,0xB5B6,0x4B2D,0x09E8,0xF81F,0xF81F,0xF81F,0xF81F,0xF81F,
    0xF81F,0xF81F,0xF81F,0xF81F,0xF81F,0xF81F,0xF81F,0xF81F,0xF81F,0xF81F,0xF81F,0xF81F,
    0xF81F,0xF81F,0xF81F,0xF81F,0xF81F,0xF81F,0xF81F,0xF81F,0xF81F,0xF81F,0xF81F,0xF81F,
    0xF81F,0xF81F,0xF81F,0xF81F,0xF81F,0xF81F,0xF81F,0xF81F,0xF81F,0xF81F,0xF81F,0xF81F,
    0xF81F,0xF81F,0xF81F,0xF81F,0xF81F,0x09E8,0x09E8,0x22AA,0x6DB6,0x6DB6,0x6554,0x09E8,
    0x09E8,0x1229,0x6DB6,0x6DB6,0x6DB6,0x6DB6,0x6DB6,0x6DB6,0x6DB6,0x6DB6,0x6DB6,0x6DB6,
    0x6DB6,0x6DB6,0x6DB6,0xA6BA,0x6471,0x09E8,0x09E8,0x09E8,0x63F0,0xF7BE,0xFFFF,0xFFFF,
    0xFFFF,0xFFFF,0xFFFF,0xFFFF,0xFFFF,0xFFFF,0xFFFF,0xFFFF,0xF7BE,0x5BF0,0x09E8,0x09E8,
    0x09E8,0x6471,0xD79D,0xD79D,0xD79D,0xD79D,0xD79D,0xD79D,0xD79D,0xD79D,0xD79D,0xD79D,
    0xD79D,0xD79D,0xD79D,0xD79D,0x6471,0x09E8,0x09E8,0x09E8,0x63F0,0xF7BE,0xFFFF,0xFFFF,
    0xFFFF,0xFFFF,0xFFFF,0xFFFF,0xFFFF,0xFFFF,0xFFFF,0xFFFF,0xF7BE,0x5BF0,0x09E8,0x09E8,
    0x09E8,0x6471,0xA6B9,0x6DB6,0x6DB6,0x6DB6,0x6DB6,0x6DB6,0x6DB6,0x6DB6,0x6DB6,0x6DB6,
    0x8DD6,0xBDD7,0xB5D7,0xA5D6,0xBDD7,0xB5D7,0x7431,0xBDD7,0xB5D7,0xA5D6,0xBDD7,0xB5D7,
    0x3B0C,0xF81F,0xF81F,0xF81F,0xF81F,0xF81F,0xF81F,0xF81F,0xF81F,0xF81F,0xF81F,0xF81F,
    0xF81F,0xF81F,0xF81F,0xF81F,0xF81F,0xF81F,0xF81F,0xF81F,0xF81F,0xF81F,0xF81F,0xF81F,
    0xF81F,0xF81F,0xF81F,0xF81F,0xF81F,0xF81F,0xF81F,0xF81F,0xF81F,0xF81F,0xF81F,0xF81F,
    0xF81F,0xF81F,0xF81F,0xF81F,0xF81F,0xF81F,0xF81F,0xF81F,0xF81F,0xF81F,0xF81F,0x09E8,
    0x09E8,0x1A6A,0x6DB6,0x6DB6,0x6DB5,0x1229,0x09E8,0x09E8,0x6574,0x6DB6,0x6DB6,0x6DB6,
    0x6DB6,0x6DB6,0x6DB6,0x6DB6,0x6DB6,0x6DB6,0x6DB6,0x6DB6,0x6DB6,0xB71B,0xD77D,0x6471,
    0x09E8,0x09E8,0x09E8,0x1209,0x7CB3,0xE75D,0xFFFF,0xFFFF,0xFFFF,0xFFFF,0xFFFF,0xFFFF,
    0xE75D,0x7CB3,0x1209,0x09E8,0x09E8,0x09E8,0x6471,0xD77D,0xD79D,0xD79D,0xD79D,0xD79D,
    0xD79D,0xD79D,0xD79D,0xD79D,0xD79D,0xD79D,0xD79D,0xD79D,0xD79D,0xD79D,0xD77D,0x6471,
    0x09E8,0x09E8,0x09E8,0x1209,0x7CB3,0xE75D,0xFFFF,0xFFFF,0xFFFF,0xFFFF,0xFFFF,0xFFFF,
    0xE75D,0x7CB3,0x1209,0x09E8,0x09E8,0x09E8,0x6471,0xD77D,0xB6FB,0x6DB6,0x6DB6,0x6DB6,
    0x6DB6,0x6DB6,0x6DB6,0x6DB6,0x6DB6,0x6DB6,0xA5D7,0xBDD7,0x8DD6,0x6554,0x7430,0xBDD7,
    0xA575,0xBDD7,0x8DD6,0x6DB6,0x7451,0xBDD7,0x8492,0xF81F,0xF81F,0xF81F,0xF81F,0xF81F,
    0xF81F,0xF81F,0xF81F,0xF81F,0xF81F,0xF81F,0xF81F,0xF81F,0xF81F,0xF81F,0xF81F,0xF81F,
    0xF81F,0xF81F,0xF81F,0xF81F,0xF81F,0xF81F,0xF81F,0xF81F,0xF81F,0xF81F,0xF81F,0xF81F,
    0xF81F,0xF81F,0xF81F,0xF81F,0xF81F,0xF81F,0xF81F,0xF81F,0xF81F,0xF81F,0xF81F,0xF81F,
    0xF81F,0xF81F,0xF81F,0xF81F,0xF81F,0x09E8,0x09E8,0x1208,0x6DB5,0x6DB6,0x6DB6,0x22AB,
    0x09E8,0x09E8,0x5CD2,0x6DB6,0x6DB6,0x6DB6,0x6DB6,0x6DB6,0x6DB6,0x6DB6,0x6DB6,0x6DB6,
    0x6DB6,0x6DB6,0x6DB6,0xC75C,0xD79D,0xD79D,0x8D75,0x1209,0x09E8,0x09E8,0x09E8,0x09E8,
    0x226A,0x432D,0x5BCF,0x5BCF,0x432D,0x226A,0x09E8,0x09E8,0x09E8,0x09E8,0x1209,0x8D75,
    0xD79D,0xD79D,0xD79D,0xD79D,0xD79D,0xD79D,0xD79D,0xD79D,0xD79D,0xD79D,0xD79D,0xD79D,
    0xD79D,0xD79D,0xD79D,0xD79D,0xD79D,0xD79D,0x8D75,0x1209,0x09E8,0x09E8,0x09E8,0x09E8,
    0x226A,0x432D,0x5BCF,0x5BCF,0x432D,0x226A,0x09E8,0x09E8,0x09E8,0x09E8,0x1209,0x8D75,
    0xD79D,0xD79D,0xC75C,0x6DB6,0x6DB6,0x6DB6,0x6DB6,0x6DB6,0x6DB6,0x6DB6,0x6DB6,0x6DB6,
    0x6DB6,0x7DD6,0x75B6,0x54D2,0x1208,0x3B0C,0x22CB,0x7DD6,0x75B6,0x6DB6,0x1229,0x3B0C,
    0x09E8,0xF81F,0xF81F,0xF81F,0xF81F,0xF81F,0xF81F,0xF81F,0xF81F,0xF81F,0xF81F,0xF81F,
    0xF81F,0xF81F,0xF81F,0xF81F,0xF81F,0xF81F,0xF81F,0xF81F,0xF81F,0xF81F,0xF81F,0xF81F,
    0xF81F,0xF81F,0xF81F,0xF81F,0xF81F,0xF81F,0xF81F,0xF81F,0xF81F,0xF81F,0xF81F,0xF81F,
    0xF81F,0xF81F,0xF81F,0xF81F,0xF81F,0xF81F,0xF81F,0xF81F,0xF81F,0xF81F,0xF81F,0xF81F,
    0x09E8,0x09E8,0x6533,0x6DB6,0x6DB6,0x334D,0x09E8,0x09E8,0x4410,0x6DB6,0x6DB6,0x6DB6,
    0x6DB6,0x6DB6,0x6DB6,0x6DB6,0x6DB6,0x6DB6,0x6DB6,0x6DB6,0x6DB6,0xCF7D,0xD79D,0xD79D,
    0xD79D,0xBEFB,0x5C30,0x11E8,0x09E8,0x09E8,0x09E8,0x09E8,0x09E8,0x09E8,0x09E8,0x09E8,
    0x09E8,0x09E8,0x11E8,0x53F0,0xBEFB,0xD79D,0xD79D,0xD79D,0xD79D,0xD79D,0xD79D,0xD79D,
    0xD79D,0xD79D,0xD79D,0xD79D,0xD79D,0xD79D,0xD79D,0xD79D,0xD79D,0xD79D,0xD79D,0xD79D,
    0xD79D,0xBEFB,0x5C30,0x11E8,0x09E8,0x09E8,0x09E8,0x09E8,0x09E8,0x09E8,0x09E8,0x09E8,
    0x09E8,0x09E8,0x11E8,0x53F0,0xBEFB,0xD79D,0xD79D,0xD79D,0xCF7C,0x6DB6,0x6DB6,0x6DB6,
    0x6DB6,0x6DB6,0x6DB6,0x6DB6,0x6DB6,0x6DB6,0x6DB6,0x6DB6,0x6DB6,0x4410,0x09E8,0x09E8,
    0x334D,0x6DB6,0x6DB6,0x5D33,0x09E8,0x09E8,0xF81F,0xF81F,0xF81F,0xF81F,0xF81F,0xF81F,
    0xF81F,0xF81F,0xF81F,0xF81F,0xF81F,0xF81F,0xF81F,0xF81F,0xF81F,0xF81F,0xF81F,0xF81F,
    0xF81F,0xF81F,0xF81F,0xF81F,0xF81F,0xF81F,0xF81F,0xF81F,0xF81F,0xF81F,0xF81F,0xF81F,
    0xF81F,0xF81F,0xF81F,0xF81F,0xF81F,0xF81F,0xF81F,0xF81F,0xF81F,0xF81F,0xF81F,0xF81F,
    0xF81F,0xF81F,0xF81F,0xF81F,0xF81F,0xF81F,0x09E8,0x09E8,0x4C30,0x6DB6,0x6DB6,0x4430,
    0x09E8,0x09E8,0x2B0C,0x6DB6,0x6DB6,0x6DB6,0x6DB6,0x6DB6,0x6DB6,0x6DB6,0x6DB6,0x6DB6,
    0x6DB6,0x6DB6,0x6DB6,0xD79D,0xD79D,0xD79D,0xD79D,0xD79D,0xD79D,0xBEDA,0x7D14,0x3B2D,
    0x11E8,0x09E8,0x09E8,0x09E8,0x09E8,0x11E8,0x3B2D,0x7D14,0xBEDA,0xD79D,0xD79D,0xD79D,
    0xD79D,0xD79D,0xD79D,0xD79D,0xD79D,0xD79D,0xD79D,0xD79D,0xD79D,0xD79D,0xD79D,0xD79D,
    0xD79D,0xD79D,0xD79D,0xD79D,0xD79D,0xD79D,0xD79D,0xD79D,0xD79D,0xBEDA,0x7D14,0x3B2D,
    0x11E8,0x09E8,0x09E8,0x09E8,0x09E8,0x11E8,0x3B2D,0x7D14,0xBEDA,0xD79D,0xD79D,0xD79D,
    0xD79D,0xD79D,0xD79D,0x6DB6,0x6DB6,0x6DB6,0x6DB6,0x6DB6,0x6DB6,0x6DB5,0x3BAE,0x1A49,
    0x09E8,0x09E8,0x09E8,0x09E8,0x09E8,0x09E8,0x09E8,0x09E8,0x09E8,0x09E8,0x09E8,0x09E8,
    0x09E8,0x09E8,0xF81F,0xF81F,0xF81F,0xF81F,0xF81F,0xF81F,0xF81F,0xF81F,0xF81F,0xF81F,
    0xF81F,0xF81F,0xF81F,0xF81F,0xF81F,0xF81F,0xF81F,0xF81F,0xF81F,0xF81F,0xF81F,0xF81F,
    0xF81F,0xF81F,0xF81F,0xF81F,0xF81F,0xF81F,0xF81F,0xF81F,0xF81F,0xF81F,0xF81F,0xF81F,
    0xF81F,0xF81F,0xF81F,0xF81F,0xF81F,0xF81F,0xF81F,0xF81F,0xF81F,0xF81F,0xF81F,0xF81F,
    0x09E8,0x09E8,0x2B2C,0x6DB6,0x6DB6,0x6534,0x09E8,0x09E8,0x1229,0x6DB5,0x6DB6,0x6DB6,
    0x6DB6,0x6DB6,0x6DB6,0x6DB6,0x6DB6,0x6DB6,0x6DB6,0x6DB6,0x6DB6,0xD79D,0xD79D,0xD79D,
    0xD79D,0xD79D,0xD79D,0xD79D,0xD79D,0xD79D,0xD77D,0xBEFB,0xAE79,0xAE79,0xBEFB,0xD77D,
    0xD79D,0xD79D,0xD79D,0xD79D,0xD79D,0xD79D,0xD79D,0xD79D,0xD79D,0xD79D,0xD79D,0xD79D,
    0xD79D,0xD79D,0xD79D,0xD79D,0xD79D,0xD79D,0xD79D,0xD79D,0xD79D,0xD79D,0xD79D,0xD79D,
    0xD79D,0xD79D,0xD79D,0xD79D,0xD79D,0xD79D,0xD77D,0xBEFB,0xAE79,0xAE79,0xBEFB,0xD77D,
    0xD79D,0xD79D,0xD79D,0xD79D,0xD79D,0xD79D,0xD79D,0xD79D,0xD79D,0x6DB6,0x6DB6,0x6DB6,
    0x6DB6,0x6DB6,0x6DB6,0x3BAE,0x09E8,0x09E8,0x09E8,0x09E8,0x09E8,0x09E8,0x09E8,0x09E8,
    0x09E8,0x09E8,0x09E8,0x09E8,0x09E8,0x09E8,0x09E8,0x09E8,0x09E8,0xF81F,0xF81F,0xF81F,
    0xF81F,0xF81F,0xF81F,0xF81F,0xF81F,0xF81F,0xF81F,0xF81F,0xF81F,0xF81F,0xF81F,0xF81F,
    0xF81F,0xF81F,0xF81F,0xF81F,0xF81F,0xF81F,0xF81F,0xF81F,0xF81F,0xF81F,0xF81F,0xF81F,
    0xF81F,0xF81F,0xF81F,0xF81F,0xF81F,0xF81F,0xF81F,0xF81F,0xF81F,0xF81F,0xF81F,0xF81F,
    0xF81F,0xF81F,0xF81F,0xF81F,0xF81F,0xF81F,0x09E8,0x09E8,0x1208,0x6574,0x6DB6,0x6DB6,
    0x1A6A,0x09E8,0x09E8,0x5CF3,0x6DB6,0x6DB6,0x6DB6,0x6DB6,0x6DB6,0x6DB6,0x6DB6,0x6DB6,
    0x6DB6,0x6DB6,0x6DB6,0xCF7D,0xD79D,0xD79D,0xD79D,0xD79D,0xD79D,0xD79D,0xD79D,0xD79D,
    0xD79D,0xD79D,0xD79D,0xD79D,0xD79D,0xD79D,0xD79D,0xD79D,0xD79D,0xD79D,0xD79D,0xD79D,
    0xD79D,0xD79D,0xD79D,0xD79D,0xD79D,0xD79D,0xD79D,0xD79D,0xD79D,0xD79D,0xD79D,0xD79D,
    0xD79D,0xD79D,0xD79D,0xD79D,0xD79D,0xD79D,0xD79D,0xD79D,0xD79D,0xD79D,0xD79D,0xD79D,
    0xD79D,0xD79D,0xD79D,0xD79D,0xD79D,0xD79D,0xD79D,0xD79D,0xD79D,0xD79D,0xD79D,0xD79D,
    0xD79D,0xD79D,0xCF7C,0x6DB6,0x6DB6,0x6DB6,0x6DB6,0x6DB6,0x6DB6,0x1A49,0x09E8,0xBE39,
    0xF79E,0xF79E,0xF79E,0xF79E,0xF79E,0xF79E,0xF79E,0xF79E,0xF79E,0xF79E,0xF79E,0xF79E,
    0xBE38,0x09E8,0x09E8,0xF81F,0xF81F,0xF81F,0xF81F,0xF81F,0xF81F,0xF81F,0xF81F,0xF81F,
    0xF81F,0xF81F,0xF81F,0xF81F,0xF81F,0xF81F,0xF81F,0xF81F,0xF81F,0xF81F,0xF81F,0xF81F,
    0xF81F,0xF81F,0xF81F,0xF81F,0xF81F,0xF81F,0xF81F,0xF81F,0xF81F,0xF81F,0xF81F,0xF81F,
    0xF81F,0xF81F,0xF81F,0xF81F,0xF81F,0xF81F,0xF81F,0xF81F,0xF81F,0xF81F,0xF81F,0xF81F,
    0xF81F,0x09E8,0x09E8,0x43CF,0x6DB6,0x6DB6,0x336D,0x09E8,0x09E8,0x3BCE,0x6DB6,0x6DB6,
    0x6DB6,0x6DB6,0x6DB6,0x6DB6,0x6DB6,0x6DB6,0x6DB6,0x6DB6,0x6DB6,0xC75C,0xD79D,0xD79D,
    0xD79D,0xD79D,0xD79D,0xD79D,0xD79D,0xD79D,0xD79D,0xD79D,0xD79D,0xD79D,0xD79D,0xD79D,
    0xD79D,0xD79D,0xD79D,0xD79D,0xD79D,0xD79D,0x8D75,0x7CD3,0x7CD3,0x7CD3,0x7CD3,0x7CD3,
    0x7CD3,0x7CD3,0x6C51,0x6C51,0x7CD3,0x7CD3,0x7CD3,0x7CD3,0x7CD3,0x7CD3,0x7CD3,0x8D75,
    0xD79D,0xD79D,0xD79D,0xD79D,0xD79D,0xD79D,0xD79D,0xD79D,0xD79D,0xD79D,0xD79D,0xD79D,
    0xD79D,0xD79D,0xD79D,0xD79D,0xD79D,0xD79D,0xD79D,0xD79D,0xC75C,0x6DB6,0x6DB6,0x6DB6,
    0x6DB6,0x6DB6,0x6DB6,0x09E8,0x09E8,0xF79E,0xF79E,0xF79E,0xF79E,0xF79E,0xF79E,0xF79E,
    0xF79E,0xF79E,0xF79E,0xF79E,0xF79E,0xF79E,0xF79E,0x09E8,0x09E8,0xF81F,0xF81F,0xF81F,
    0xF81F,0xF81F,0xF81F,0xF81F,0xF81F,0xF81F,0xF81F,0xF81F,0xF81F,0xF81F,0xF81F,0xF81F,
    0xF81F,0xF81F,0xF81F,0xF81F,0xF81F,0xF81F,0xF81F,0xF81F,0xF81F,0xF81F,0xF81F,0xF81F,
    0xF81F,0xF81F,0xF81F,0xF81F,0xF81F,0xF81F,0xF81F,0xF81F,0xF81F,0xF81F,0xF81F,0xF81F,
    0xF81F,0xF81F,0xF81F,0xF81F,0xF81F,0xF81F,0xF81F,0x09E8,0x09E8,0x1229,0x6554,0x6DB6,
    0x5491,0x09E8,0x09E8,0x1A49,0x6DB5,0x6DB6,0x6DB6,0x6DB6,0x6DB6,0x6DB6,0x6DB6,0x6DB6,
    0x6DB6,0x6DB6,0x6DB6,0xB71B,0xD79D,0xD79D,0xD79D,0xD79D,0xD79D,0xD79D,0xD79D,0xD79D,
    0xD79D,0xD79D,0xD79D,0xD79D,0xD79D,0xD79D,0xD79D,0xD79D,0xD79D,0xD79D,0xD79D,0x8D75,
    0x11A7,0x11A7,0x11A7,0x11A7,0x11A7,0x11A7,0x11A7,0x11A7,0x11E8,0x11E8,0x11A7,0x11A7,
    0x11A7,0x11A7,0x11A7,0x11A7,0x11A7,0x11A7,0x8D75,0xD79D,0xD79D,0xD79D,0xD79D,0xD79D,
    0xD79D,0xD79D,0xD79D,0xD79D,0xD79D,0xD79D,0xD79D,0xD79D,0xD79D,0xD79D,0xD79D,0xD79D,
    0xD79D,0xD79D,0xB6FB,0x6DB6,0x6DB6,0x6DB6,0x6DB6,0x6DB6,0x6DB6,0x09E8,0x09E8,0xF79E,
    0xF79E,0xF79E,0xF79E,0xF79E,0xF79E,0xF79E,0xF79E,0xF79E,0xF79E,0xF79E,0xF79E,0xF79E,
    0xF79E,0x09E8,0x09E8,0x09E8,0xF81F,0xF81F,0xF81F,0xF81F,0xF81F,0xF81F,0xF81F,0xF81F,
    0xF81F,0xF81F,0xF81F,0xF81F,0xF81F,0xF81F,0xF81F,0xF81F,0xF81F,0xF81F,0xF81F,0xF81F,
    0xF81F,0xF81F,0xF81F,0xF81F,0xF81F,0xF81F,0xF81F,0xF81F,0xF81F,0xF81F,0xF81F,0xF81F,
    0xF81F,0xF81F,0xF81F,0xF81F,0xF81F,0xF81F,0xF81F,0xF81F,0xF81F,0xF81F,0xF81F,0xF81F,
    0xF81F,0xF81F,0x09E8,0x09E8,0x334D,0x6DB6,0x6DB5,0x1A49,0x09E8,0x09E8,0x54B2,0x6DB6,
    0x6DB6,0x6DB6,0x6DB6,0x6DB6,0x6DB6,0x6DB6,0x6DB6,0x6DB6,0x6DB6,0xA6BA,0xD79D,0xD79D,
    0xD79D,0xD79D,0xD79D,0xD79D,0xD79D,0xD79D,0xD79D,0xD79D,0xD79D,0xD79D,0xD79D,0xD79D,
    0xD79D,0xD79D,0xD79D,0xD79D,0xD79D,0x8D75,0x11A7,0x11A7,0x11A7,0x11A7,0x11A7,0x11A7,
    0x11A7,0x11C7,0x09E8,0x09E8,0x11C7,0x11A7,0x11A7,0x11A7,0x11A7,0x11A7,0x11A7,0x11A7,
    0x8D75,0xD79D,0xD79D,0xD79D,0xD79D,0xD79D,0xD79D,0xD79D,0xD79D,0xD79D,0xD79D,0xD79D,
    0xD79D,0xD79D,0xD79D,0xD79D,0xD79D,0xD79D,0xD79D,0xD79D,0xA6B9,0x6DB6,0x6DB6,0x6DB6,
    0x6DB6,0x6DB6,0x6DB6,0x09E8,0x09E8,0xF79E,0xF79E,0xF79E,0xF79E,0xF79E,0xF79E,0xF79E,
    0xF79E,0xF79E,0xF79E,0xF79E,0xF79E,0xF79E,0xF79E,0x09E8,0x09E8,0x09E8,0x09E8,0xF81F,
    0xF81F,0xF81F,0xF81F,0xF81F,0xF81F,0xF81F,0xF81F,0xF81F,0xF81F,0xF81F,0xF81F,0xF81F,
    0xF81F,0xF81F,0xF81F,0xF81F,0xF81F,0xF81F,0xF81F,0xF81F,0xF81F,0xF81F,0xF81F,0xF81F,
    0xF81F,0xF81F,0xF81F,0xF81F,0xF81F,0xF81F,0xF81F,0xF81F,0xF81F,0xF81F,0xF81F,0xF81F,
    0xF81F,0xF81F,0xF81F,0xF81F,0xF81F,0xF81F,0xF81F,0xF81F,0x09E8,0x09E8,0x09E8,0x4C50,
    0x6DB6,0x3BAE,0x09E8,0x09E8,0x332D,0x6DB6,0x6DB6,0x6DB6,0x6DB6,0x6DB6,0x6DB6,0x6DB6,
    0x6DB6,0x6DB6,0x6DB6,0x8E58,0xD79D,0xD79D,0xD79D,0xD79D,0xD79D,0xD79D,0xD79D,0xD79D,
    0xD79D,0xD79D,0xD79D,0xD79D,0xD79D,0xD79D,0xD79D,0xD79D,0xD79D,0xD79D,0xD79D,0xD79D,
    0x8D75,0x6C71,0x6C71,0x6C71,0x6C71,0x6C71,0x4B6E,0x09E8,0x11E8,0x11E8,0x09E8,0x4B6E,
    0x6C71,0x6C71,0x6C71,0x6C71,0x6C71,0x8D75,0xD79D,0xD79D,0xD79D,0xD79D,0xD79D,0xD79D,
    0xD79D,0xD79D,0xD79D,0xD79D,0xD79D,0xD79D,0xD79D,0xD79D,0xD79D,0xD79D,0xD79D,0xD79D,
    0xD79D,0xD79D,0x8E58,0x6DB6,0x6DB6,0x6DB6,0x6DB6,0x6DB6,0x6DB6,0x09E8,0x09E8,0xF79E,
    0xF79E,0xF79E,0xF79E,0xF79E,0xF79E,0xF79E,0xF79E,0xF79E,0xF79E,0xF79E,0xF79E,0xF79E,
    0xF79E,0x09E8,0x09E8,0x09E8,0x09E8,0x09E8,0xF81F,0xF81F,0xF81F,0xF81F,0xF81F,0xF81F,
    0xF81F,0xF81F,0xF81F,0xF81F,0xF81F,0xF81F,0xF81F,0xF81F,0xF81F,0xF81F,0xF81F,0xF81F,
    0xF81F,0xF81F,0xF81F,0xF81F,0xF81F,0xF81F,0xF81F,0xF81F,0xF81F,0xF81F,0xF81F,0xF81F,
    0xF81F,0xF81F,0xF81F,0xF81F,0xF81F,0xF81F,0xF81F,0xF81F,0xF81F,0xF81F,0xF81F,0xF81F,
    0xF81F,0xF81F,0xF81F,0x09E8,0x09E8,0x1208,0x54B2,0x5D13,0x09E8,0x09E8,0x1208,0x6554,
    0x6DB6,0x6DB6,0x6DB6,0x6DB6,0x6DB6,0x6DB6,0x6DB6,0x6DB6,0x6DB6,0x75D6,0xD79D,0xD79D,
    0xD79D,0xD79D,0xD79D,0xD79D,0xD79D,0xD79D,0xD79D,0xD79D,0xD79D,0xD79D,0xD79D,0xD79D,
    0xD79D,0xD79D,0xD79D,0xD79D,0xD79D,0xD79D,0xD79D,0xD79D,0xD79D,0xD79D,0xD79D,0xB699,
    0x1229,0x09E8,0x7A07,0x7A07,0x09E8,0x1209,0xAE99,0xD79D,0xD79D,0xD79D,0xD79D,0xD79D,
    0xD79D,0xD79D,0xD79D,0xD79D,0xD79D,0xD79D,0xD79D,0xD79D,0xD79D,0xD79D,0xD79D,0xD79D,
    0xD79D,0xD79D,0xD79D,0xD79D,0xD79D,0xD79D,0xD79D,0xCF9D,0x75D6,0x6DB6,0x6DB6,0x6DB6,
    0x6DB6,0x6DB6,0x6DB6,0x09E8,0x09E8,0xF79E,0xF79E,0xF79E,0xF79E,0xF79E,0xF79E,0xF79E,
    0xF79E,0xF79E,0xF79E,0xF79E,0xF79E,0xF79E,0xF79E,0x09E8,0x09E8,0xF81F,0x09E8,0x09E8,
    0xF81F,0xF81F,0xF81F,0xF81F,0xF81F,0xF81F,0xF81F,0xF81F,0xF81F,0xF81F,0xF81F,0xF81F,
    0xF81F,0xF81F,0xF81F,0xF81F,0xF81F,0xF81F,0xF81F,0xF81F,0xF81F,0xF81F,0xF81F,0xF81F,
    0xF81F,0xF81F,0xF81F,0xF81F,0xF81F,0xF81F,0xF81F,0xF81F,0xF81F,0xF81F,0xF81F,0xF81F,
    0xF81F,0xF81F,0xF81F,0xF81F,0xF81F,0xF81F,0xF81F,0xF81F,0xF81F,0xF81F,0x09E8,0x09E8,
    0x1208,0x4C71,0x22CB,0x09E8,0x09E8,0x336E,0x6DB6,0x6DB6,0x6DB6,0x6DB6,0x6DB6,0x6DB6,
    0x6DB6,0x6DB6,0x6DB6,0x6DB6,0xB71B,0xD79D,0xD79D,0xD79D,0xD79D,0xD79D,0xD79D,0xD79D,
    0xD79D,0xD79D,0xD79D,0xD79D,0xD79D,0xD79D,0xD79D,0xD79D,0xD79D,0xD79D,0xD79D,0xD79D,
    0xD79D,0xD79D,0xD79D,0xD79D,0xCF5C,0x32CB,0x09E8,0x4A08,0xC227,0xC227,0x51E8,0x09E8,
    0x2ACB,0xCF5C,0xD79D,0xD79D,0xD79D,0xD79D,0xD79D,0xD79D,0xD79D,0xD79D,0xD79D,0xD79D,
    0xD79D,0xD79D,0xD79D,0xD79D,0xD79D,0xD79D,0xD79D,0xD79D,0xD79D,0xD79D,0xD79D,0xD79D,
    0xD79D,0xB71B,0x6DB6,0x6DB6,0x6DB6,0x6DB6,0x6DB6,0x6DB6,0x6DB6,0x09E8,0x09E8,0xF79E,
    0xF79E,0xF79E,0xF79E,0xF79E,0xF79E,0xF79E,0xF79E,0xF79E,0xF79E,0xF79E,0xF79E,0xF79E,
    0xF79E,0x09E8,0x09E8,0xF81F,0x09E8,0x09E8,0xF81F,0xF81F,0xF81F,0xF81F,0xF81F,0xF81F,
    0xF81F,0xF81F,0xF81F,0xF81F,0xF81F,0xF81F,0xF81F,0xF81F,0xF81F,0xF81F,0xF81F,0xF81F,
    0xF81F,0xF81F,0xF81F,0xF81F,0xF81F,0xF81F,0xF81F,0xF81F,0xF81F,0xF81F,0xF81F,0xF81F,
    0xF81F,0xF81F,0xF81F,0xF81F,0xF81F,0xF81F,0xF81F,0xF81F,0xF81F,0xF81F,0xF81F,0xF81F,
    0xF81F,0xF81F,0xF81F,0xF81F,0xF81F,0x09E8,0x09E8,0x09E8,0x22CB,0x09E8,0x09E8,0x1208,
    0x6534,0x6DB6,0x6DB6,0x6DB6,0x6DB6,0x6DB6,0x6DB6,0x6DB6,0x6DB6,0x6DB6,0x9658,0xD79D,
    0xD79D,0xD79D,0xD79D,0xD79D,0xD79D,0xD79D,0xD79D,0xD79D,0xD79D,0xD79D,0xD79D,0xD79D,
    0xD79D,0xD79D,0xD79D,0xD79D,0xD79D,0xD79D,0xD79D,0xD79D,0xD79D,0xD79D,0x5C10,0x09E8,
    0x29E8,0xB227,0xC227,0xC227,0xBA27,0x29E8,0x09E8,0x53EF,0xD79D,0xD79D,0xD79D,0xD79D,
    0xD79D,0xD79D,0xD79D,0xD79D,0xD79D,0xD79D,0xD79D,0xD79D,0xD79D,0xD79D,0xD79D,0xD79D,
    0xD79D,0xD79D,0xD79D,0xD79D,0xD79D,0xD79D,0xD79D,0x8E58,0x6DB6,0x6DB6,0x6DB6,0x6DB6,
    0x6DB6,0x6DB6,0x6DB6,0x09E8,0x09E8,0xF79E,0xF79E,0xF79E,0xF79E,0xF79E,0xF79E,0xF79E,
    0xF79E,0xF79E,0xF79E,0xF79E,0xF79E,0xF79E,0xF79E,0x09E8,0x09E8,0xF81F,0x09E8,0x09E8,
    0xF81F,0xF81F,0xF81F,0xF81F,0xF81F,0xF81F,0xF81F,0xF81F,0xF81F,0xF81F,0xF81F,0xF81F,
    0xF81F,0xF81F,0xF81F,0xF81F,0xF81F,0xF81F,0xF81F,0xF81F,0xF81F,0xF81F,0xF81F,0xF81F,
    0xF81F,0xF81F,0xF81F,0xF81F,0xF81F,0xF81F,0xF81F,0xF81F,0xF81F,0xF81F,0xF81F,0xF81F,
    0xF81F,0xF81F,0xF81F,0xF81F,0xF81F,0xF81F,0xF81F,0xF81F,0xF81F,0xF81F,0xF81F,0xF81F,
    0x09E8,0x09E8,0x09E8,0x09E8,0x09E8,0x09E8,0x336D,0x6DB6,0x6DB6,0x6DB6,0x6DB6,0x6DB6,
    0x6DB6,0x6DB6,0x6DB6,0x6DB6,0x75D6,0xCF5C,0xD79D,0xD79D,0xD79D,0xD79D,0xD79D,0xD79D,
    0xD79D,0xD79D,0xD79D,0xD79D,0xD79D,0xD79D,0xD79D,0xD79D,0xD79D,0xD79D,0xD79D,0xD79D,
    0xD79D,0xD79D,0xD79D,0x8D75,0x09E8,0x11E8,0xA207,0xC227,0xC227,0xC227,0xC227,0xA207,
    0x11E8,0x09E8,0x8D75,0xD79D,0xD79D,0xD79D,0xD79D,0xD79D,0xD79D,0xD79D,0xD79D,0xD79D,
    0xD79D,0xD79D,0xD79D,0xD79D,0xD79D,0xD79D,0xD79D,0xD79D,0xD79D,0xD79D,0xD79D,0xD79D,
    0xC75C,0x75D6,0x6DB6,0x6DB6,0x6DB6,0x6DB6,0x6DB6,0x6DB6,0x6DB6,0x09E8,0x09E8,0xF79E,
    0xF79E,0xF79E,0xF79E,0xF79E,0xF79E,0xF79E,0xF79E,0xF79E,0xF79E,0xF79E,0xF79E,0xF79E,
    0xF79E,0x09E8,0x09E8,0x09E8,0x09E8,0xF81F,0xF81F,0xF81F,0xF81F,0xF81F,0xF81F,0xF81F,
    0xF81F,0xF81F,0xF81F,0xF81F,0xF81F,0xF81F,0xF81F,0xF81F,0xF81F,0xF81F,0xF81F,0xF81F,
    0xF81F,0xF81F,0xF81F,0xF81F,0xF81F,0xF81F,0xF81F,0xF81F,0xF81F,0xF81F,0xF81F,0xF81F,
    0xF81F,0xF81F,0xF81F,0xF81F,0xF81F,0xF81F,0xF81F,0xF81F,0xF81F,0xF81F,0xF81F,0xF81F,
    0xF81F,0xF81F,0xF81F,0xF81F,0xF81F,0xF81F,0xF81F,0x09E8,0x09E8,0x09E8,0x09E8,0x09E8,
    0x11E8,0x5CF3,0x6DB6,0x6DB6,0x6DB6,0x6DB6,0x6DB6,0x6DB6,0x6DB6,0x6DB6,0x6DB6,0x9E99,
    0xD79D,0xD79D,0xD79D,0xD79D,0xD79D,0xD79D,0xD79D,0xD79D,0xD79D,0xD79D,0xD79D,0xD79D,
    0xD79D,0xD79D,0xD79D,0xD79D,0xD79D,0xD79D,0xD79D,0xD79D,0xB699,0x1229,0x09E8,0x7A07,
    0xC227,0xC227,0xC227,0xC227,0xC227,0xC227,0x7A07,0x09E8,0x1209,0xAE99,0xD79D,0xD79D,
    0xD79D,0xD79D,0xD79D,0xD79D,0xD79D,0xD79D,0xD79D,0xD79D,0xD79D,0xD79D,0xD79D,0xD79D,
    0xD79D,0xD79D,0xD79D,0xD79D,0xD79D,0xD79D,0x9E99,0x6DB6,0x6DB6,0x6DB6,0x6DB6,0x6DB6,
    0x6DB6,0x6DB6,0x6DB6,0x09E8,0x09E8,0xF79E,0xF79E,0xF79E,0xF79E,0xF79E,0xF79E,0xF79E,
    0xF79E,0xF79E,0xF79E,0xF79E,0xF79E,0xF79E,0xF79E,0x09E8,0x09E8,0x09E8,0x09E8,0xF81F,
    0xF81F,0xF81F,0xF81F,0xF81F,0xF81F,0xF81F,0xF81F,0xF81F,0xF81F,0xF81F,0xF81F,0xF81F,
    0xF81F,0xF81F,0xF81F,0xF81F,0xF81F,0xF81F,0xF81F,0xF81F,0xF81F,0xF81F,0xF81F,0xF81F,
    0xF81F,0xF81F,0xF81F,0xF81F,0xF81F,0xF81F,0xF81F,0xF81F,0xF81F,0xF81F,0xF81F,0xF81F,
    0xF81F,0xF81F,0xF81F,0xF81F,0xF81F,0xF81F,0xF81F,0xF81F,0xF81F,0xF81F,0xF81F,0xF81F,
    0xF81F,0xF81F,0xF81F,0xF81F,0x09E8,0x09E8,0x09E8,0x228A,0x6DB5,0x6DB6,0x6DB6,0x6DB6,
    0x6DB6,0x6DB6,0x6DB6,0x6DB6,0x6DB6,0x75D6,0xC75C,0xD79D,0xD79D,0xD79D,0xD79D,0xD79D,
    0xD79D,0xD79D,0xD79D,0xD79D,0xD79D,0xD79D,0xD79D,0xD79D,0xD79D,0xD79D,0xD79D,0xD79D,
    0xD79D,0xCF5C,0x32CB,0x09E8,0x4A08,0xC227,0xC227,0xC227,0xC227,0xC227,0xC227,0xC227,
    0xC227,0x4A08,0x09E8,0x32CB,0xCF5C,0xD79D,0xD79D,0xD79D,0xD79D,0xD79D,0xD79D,0xD79D,
    0xD79D,0xD79D,0xD79D,0xD79D,0xD79D,0xD79D,0xD79D,0xD79D,0xD79D,0xD79D,0xD79D,0xC75C,
    0x75D6,0x6DB6,0x6DB6,0x6DB6,0x6DB6,0x6DB6,0x6DB6,0x6DB6,0x6DB6,0x09E8,0x09E8,0xF79E,
    0xF79E,0xF79E,0xF79E,0xF79E,0xF79E,0xF79E,0xF79E,0xF79E,0xF79E,0xF79E,0xF79E,0xF79E,
    0xF79E,0x09E8,0x09E8,0x09E8,0xF81F,0xF81F,0xF81F,0xF81F,0xF81F,0xF81F,0xF81F,0xF81F,
    0xF81F,0xF81F,0xF81F,0xF81F,0xF81F,0xF81F,0xF81F,0xF81F,0xF81F,0xF81F,0xF81F,0xF81F,
    0xF81F,0xF81F,0xF81F,0xF81F,0xF81F,0xF81F,0xF81F,0xF81F,0xF81F,0xF81F,0xF81F,0xF81F,
    0xF81F,0xF81F,0xF81F,0xF81F,0xF81F,0xF81F,0xF81F,0xF81F,0xF81F,0xF81F,0xF81F,0xF81F,
    0xF81F,0xF81F,0xF81F,0xF81F,0xF81F,0xF81F,0xF81F,0xF81F,0xF81F,0xF81F,0xF81F,0x09E8,
    0x09E8,0x09E8,0x43EF,0x6DB6,0x6DB6,0x6DB6,0x6DB6,0x6DB6,0x6DB6,0x6DB6,0x6DB6,0x6DB6,
    0x8E58,0xD79D,0xD79D,0xD79D,0xD79D,0xD79D,0xD79D,0xD79D,0xD79D,0xD79D,0xD79D,0xD79D,
    0xD79D,0xD79D,0xD79D,0xD79D,0xD79D,0xD79D,0xD79D,0xBEFB,0x32EC,0x09E8,0x19E8,0x9207,
    0xC227,0xC227,0xC227,0xC227,0xC227,0xC227,0x9207,0x19E8,0x09E8,0x32EC,0xBEFB,0xD79D,
    0xD79D,0xD79D,0xD79D,0xD79D,0xD79D,0xD79D,0xD79D,0xD79D,0xD79D,0xD79D,0xD79D,0xD79D,
    0xD79D,0xD79D,0xD79D,0xD79D,0xD79D,0x8E38,0x6DB6,0x6DB6,0x6DB6,0x6DB6,0x6DB6,0x6DB6,
    0x6DB6,0x6DB6,0x6DB6,0x1209,0x09E8,0xBE38,0xF79E,0xF79E,0xF79E,0xF79E,0xF79E,0xF79E,
    0xF79E,0xF79E,0xF79E,0xF79E,0xF79E,0xF79E,0xBE38,0x09E8,0x09E8,0xF81F,0xF81F,0xF81F,
    0xF81F,0xF81F,0xF81F,0xF81F,0xF81F,0xF81F,0xF81F,0xF81F,0xF81F,0xF81F,0xF81F,0xF81F,
    0xF81F,0xF81F,0xF81F,0xF81F,0xF81F,0xF81F,0xF81F,0xF81F,0xF81F,0xF81F,0xF81F,0xF81F,
    0xF81F,0xF81F,0xF81F,0xF81F,0xF81F,0xF81F,0xF81F,0xF81F,0xF81F,0xF81F,0xF81F,0xF81F,
    0xF81F,0xF81F,0xF81F,0xF81F,0xF81F,0xF81F,0xF81F,0xF81F,0xF81F,0xF81F,0xF81F,0xF81F,
    0xF81F,0xF81F,0xF81F,0xF81F,0xF81F,0xF81F,0x09E8,0x09E8,0x1208,0x5CF3,0x6DB6,0x6DB6,
    0x6DB6,0x6DB6,0x6DB6,0x6DB6,0x6DB6,0x6DB6,0x6DB6,0xAEDA,0xD79D,0xD79D,0xD79D,0xD79D,
    0xD79D,0xD79D,0xD79D,0xD79D,0xD79D,0xD79D,0xD79D,0xD79D,0xD79D,0xD79D,0xD79D,0xD79D,
    0xD79D,0xD79D,0xCF5C,0x4BAE,0x09E8,0x11E8,0x7207,0xC227,0xC227,0xC227,0xC227,0x7A07,
    0x11E8,0x09E8,0x436E,0xCF3C,0xD79D,0xD79D,0xD79D,0xD79D,0xD79D,0xD79D,0xD79D,0xD79D,
    0xD79D,0xD79D,0xD79D,0xD79D,0xD79D,0xD79D,0xD79D,0xD79D,0xD79D,0xD79D,0xAEDA,0x6DB6,
    0x6DB6,0x6DB6,0x6DB6,0x6DB6,0x6DB6,0x6DB6,0x6DB6,0x6DB6,0x5CF3,0x11E8,0x09E8,0x09E8,
    0x09E8,0x09E8,0x09E8,0x09E8,0x09E8,0x09E8,0x09E8,0x09E8,0x09E8,0x09E8,0x09E8,0x09E8,
    0x09E8,0x09E8,0x09E8,0xF81F,0xF81F,0xF81F,0xF81F,0xF81F,0xF81F,0xF81F,0xF81F,0xF81F,
    0xF81F,0xF81F,0xF81F,0xF81F,0xF81F,0xF81F,0xF81F,0xF81F,0xF81F,0xF81F,0xF81F,0xF81F,
    0xF81F,0xF81F,0xF81F,0xF81F,0xF81F,0xF81F,0xF81F,0xF81F,0xF81F,0xF81F,0xF81F,0xF81F,
    0xF81F,0xF81F,0xF81F,0xF81F,0xF81F,0xF81F,0xF81F,0xF81F,0xF81F,0xF81F,0xF81F,0xF81F,
    0xF81F,0xF81F,0xF81F,0xF81F,0xF81F,0xF81F,0xF81F,0xF81F,0xF81F,0xF81F,0xF81F,0xF81F,
    0x09E8,0x09E8,0x09E8,0x1A6A,0x6D75,0x6DB6,0x6DB6,0x6DB6,0x6DB6,0x6DB6,0x6DB6,0x6DB6,
    0x6DB6,0x75D6,0xC75C,0xD79D,0xD79D,0xD79D,0xD79D,0xD79D,0xD79D,0xD79D,0xD79D,0xD79D,
    0xD79D,0xD79D,0xD79D,0xD79D,0xD79D,0xD79D,0xD79D,0xD79D,0xD79D,0xD77D,0x6C92,0x09E8,
    0x09E8,0x5207,0xBA27,0xBA27,0x6207,0x09E8,0x09E8,0x5C30,0xD77D,0xD79D,0xD79D,0xD79D,
    0xD79D,0xD79D,0xD79D,0xD79D,0xD79D,0xD79D,0xD79D,0xD79D,0xD79D,0xD79D,0xD79D,0xD79D,
    0xD79D,0xD79D,0xD79D,0xC75C,0x75D6,0x6DB6,0x6DB6,0x6DB6,0x6DB6,0x6DB6,0x6DB6,0x6DB6,
    0x6DB6,0x6574,0x1A6A,0x09E8,0x09E8,0x09E8,0x09E8,0x09E8,0x09E8,0x09E8,0x09E8,0x09E8,
    0x09E8,0x09E8,0x09E8,0x09E8,0x09E8,0x09E8,0x09E8,0x09E8,0xF81F,0xF81F,0xF81F,0xF81F,
    0xF81F,0xF81F,0xF81F,0xF81F,0xF81F,0xF81F,0xF81F,0xF81F,0xF81F,0xF81F,0xF81F,0xF81F,
    0xF81F,0xF81F,0xF81F,0xF81F,0xF81F,0xF81F,0xF81F,0xF81F,0xF81F,0xF81F,0xF81F,0xF81F,
    0xF81F,0xF81F,0xF81F,0xF81F,0xF81F,0xF81F,0xF81F,0xF81F,0xF81F,0xF81F,0xF81F,0xF81F,
    0xF81F,0xF81F,0xF81F,0xF81F,0xF81F,0xF81F,0xF81F,0xF81F,0xF81F,0xF81F,0xF81F,0xF81F,
    0xF81F,0xF81F,0xF81F,0xF81F,0xF81F,0xF81F,0xF81F,0x09E8,0x09E8,0x09E8,0x2AEC,0x6DB5,
    0x6DB6,0x6DB6,0x6DB6,0x6DB6,0x6DB6,0x6DB6,0x6DB6,0x6DB6,0x7DF7,0xCF7C,0xD79D,0xD79D,
    0xD79D,0xD79D,0xD79D,0xD79D,0xD79D,0xD79D,0xD79D,0xD79D,0xD79D,0xD79D,0xD79D,0xD79D,
    0xD79D,0xD79D,0xD79D,0xD79D,0xD79D,0x8555,0x1208,0x09E8,0x41E8,0x41E8,0x09E8,0x1208,
    0x8555,0xD79D,0xD79D,0xD79D,0xD79D,0xD79D,0xD79D,0xD79D,0xD79D,0xD79D,0xD79D,0xD79D,
    0xD79D,0xD79D,0xD79D,0xD79D,0xD79D,0xD79D,0xD79D,0xD79D,0xCF7D,0x7E17,0x6DB6,0x6DB6,
    0x6DB6,0x6DB6,0x6DB6,0x6DB6,0x6DB6,0x6DB6,0x6DB6,0x2B0C,0x09E8,0x09E8,0x09E8,0xF81F,
    0xF81F,0xF81F,0xF81F,0xF81F,0xF81F,0xF81F,0xF81F,0xF81F,0xF81F,0xF81F,0xF81F,0xF81F,
    0xF81F,0xF81F,0xF81F,0xF81F,0xF81F,0xF81F,0xF81F,0xF81F,0xF81F,0xF81F,0xF81F,0xF81F,
    0xF81F,0xF81F,0xF81F,0xF81F,0xF81F,0xF81F,0xF81F,0xF81F,0xF81F,0xF81F,0xF81F,0xF81F,
    0xF81F,0xF81F,0xF81F,0xF81F,0xF81F,0xF81F,0xF81F,0xF81F,0xF81F,0xF81F,0xF81F,0xF81F,
    0xF81F,0xF81F,0xF81F,0xF81F,0xF81F,0xF81F,0xF81F,0xF81F,0xF81F,0xF81F,0xF81F,0xF81F,
    0xF81F,0xF81F,0xF81F,0xF81F,0xF81F,0xF81F,0xF81F,0xF81F,0xF81F,0xF81F,0xF81F,0xF81F,
    0xF81F,0xF81F,0x09E8,0x09E8,0x09E8,0x3BAE,0x6DB6,0x6DB6,0x6DB6,0x6DB6,0x6DB6,0x6DB6,
    0x6DB6,0x6DB6,0x6DB6,0x8617,0xCF7D,0xD79D,0xD79D,0xD79D,0xD79D,0xD79D,0xD79D,0xD79D,
    0xD79D,0xD79D,0xD79D,0xD79D,0xD79D,0xD79D,0xD79D,0xD79D,0xD79D,0xD79D,0xD79D,0xD79D,
    0x5C30,0x09E8,0x09E8,0x09E8,0x09E8,0x5C30,0xD79D,0xD79D,0xD79D,0xD79D,0xD79D,0xD79D,
    0xD79D,0xD79D,0xD79D,0xD79D,0xD79D,0xD79D,0xD79D,0xD79D,0xD79D,0xD79D,0xD79D,0xD79D,
    0xD79D,0xCF7D,0x8617,0x6DB6,0x6DB6,0x6DB6,0x6DB6,0x6DB6,0x6DB6,0x6DB6,0x6DB6,0x6DB6,
    0x3BAE,0x09E8,0x09E8,0x09E8,0xF81F,0xF81F,0xF81F,0xF81F,0xF81F,0xF81F,0xF81F,0xF81F,
    0xF81F,0xF81F,0xF81F,0xF81F,0xF81F,0xF81F,0xF81F,0xF81F,0xF81F,0xF81F,0xF81F,0xF81F,
    0xF81F,0xF81F,0xF81F,0xF81F,0xF81F,0xF81F,0xF81F,0xF81F,0xF81F,0xF81F,0xF81F,0xF81F,
    0xF81F,0xF81F,0xF81F,0xF81F,0xF81F,0xF81F,0xF81F,0xF81F,0xF81F,0xF81F,0xF81F,0xF81F,
    0xF81F,0xF81F,0xF81F,0xF81F,0xF81F,0xF81F,0xF81F,0xF81F,0xF81F,0xF81F,0xF81F,0xF81F,
    0xF81F,0xF81F,0xF81F,0xF81F,0xF81F,0xF81F,0xF81F,0xF81F,0xF81F,0xF81F,0xF81F,0xF81F,
    0xF81F,0xF81F,0xF81F,0xF81F,0xF81F,0xF81F,0xF81F,0xF81F,0x09E8,0x09E8,0x09E8,0x09E8,
    0x43EF,0x6DB6,0x6DB6,0x6DB6,0x6DB6,0x6DB6,0x6DB6,0x6DB6,0x6DB6,0x6DB6,0x8617,0xCF7D,
    0xD79D,0xD79D,0xD79D,0xD79D,0xD79D,0xD79D,0xD79D,0xD79D,0xD79D,0xD79D,0xD79D,0xD79D,
    0xD79D,0xD79D,0xD79D,0xD79D,0xD79D,0xD79D,0x330C,0x09E8,0x21E8,0x21E8,0x09E8,0x330C,
    0xD79D,0xD79D,0xD79D,0xD79D,0xD79D,0xD79D,0xD79D,0xD79D,0xD79D,0xD79D,0xD79D,0xD79D,
    0xD79D,0xD79D,0xD79D,0xD79D,0xD79D,0xD79D,0xCF7D,0x8617,0x6DB6,0x6DB6,0x6DB6,0x6DB6,
    0x6DB6,0x6DB6,0x6DB6,0x6DB6,0x6DB6,0x3BCF,0x09E8,0x09E8,0x09E8,0xF81F,0xF81F,0xF81F,
    0xF81F,0xF81F,0xF81F,0xF81F,0xF81F,0xF81F,0xF81F,0xF81F,0xF81F,0xF81F,0xF81F,0xF81F,
    0xF81F,0xF81F,0xF81F,0xF81F,0xF81F,0xF81F,0xF81F,0xF81F,0xF81F,0xF81F,0xF81F,0xF81F,
    0xF81F,0xF81F,0xF81F,0xF81F,0xF81F,0xF81F,0xF81F,0xF81F,0xF81F,0xF81F,0xF81F,0xF81F,
    0xF81F,0xF81F,0xF81F,0xF81F,0xF81F,0xF81F,0xF81F,0xF81F,0xF81F,0xF81F,0xF81F,0xF81F,
    0xF81F,0xF81F,0xF81F,0xF81F,0xF81F,0xF81F,0xF81F,0xF81F,0xF81F,0xF81F,0xF81F,0xF81F,
    0xF81F,0xF81F,0xF81F,0xF81F,0xF81F,0xF81F,0xF81F,0xF81F,0xF81F,0xF81F,0xF81F,0xF81F,
    0xF81F,0xF81F,0xF81F,0x09E8,0x09E8,0x09E8,0x09E8,0x4410,0x6DB6,0x6DB6,0x6DB6,0x6DB6,
    0x6DB6,0x6DB6,0x6DB6,0x6DB6,0x6DB6,0x8617,0xC75C,0xD79D,0xD79D,0xD79D,0xD79D,0xD79D,
    0xD79D,0xD79D,0xD79D,0xD79D,0xD79D,0xD79D,0xD79D,0xD79D,0xD79D,0xD79D,0xD79D,0xBEDA,
    0x11E8,0x11E8,0xB207,0xB207,0x19E8,0x09E8,0xBEDA,0xD79D,0xD79D,0xD79D,0xD79D,0xD79D,
    0xD79D,0xD79D,0xD79D,0xD79D,0xD79D,0xD79D,0xD79D,0xD79D,0xD79D,0xD79D,0xD79D,0xC75C,
    0x8617,0x6DB6,0x6DB6,0x6DB6,0x6DB6,0x6DB6,0x6DB6,0x6DB6,0x6DB6,0x6DB6,0x4410,0x09E8,
    0x09E8,0x09E8,0x09E8,0xF81F,0xF81F,0xF81F,0xF81F,0xF81F,0xF81F,0xF81F,0xF81F,0xF81F,
    0xF81F,0xF81F,0xF81F,0xF81F,0xF81F,0xF81F,0xF81F,0xF81F,0xF81F,0xF81F,0xF81F,0xF81F,
    0xF81F,0xF81F,0xF81F,0xF81F,0xF81F,0xF81F,0xF81F,0xF81F,0xF81F,0xF81F,0xF81F,0xF81F,
    0xF81F,0xF81F,0xF81F,0xF81F,0xF81F,0xF81F,0xF81F,0xF81F,0xF81F,0xF81F,0xF81F,0xF81F,
    0xF81F,0xF81F,0xF81F,0xF81F,0xF81F,0xF81F,0xF81F,0xF81F,0xF81F,0xF81F,0xF81F,0xF81F,
    0xF81F,0xF81F,0xF81F,0xF81F,0xF81F,0xF81F,0xF81F,0xF81F,0xF81F,0xF81F,0xF81F,0xF81F,
    0xF81F,0xF81F,0xF81F,0xF81F,0xF81F,0xF81F,0xF81F,0xF81F,0xF81F,0xF81F,0x09E8,0x09E8,
    0x09E8,0x09E8,0x4410,0x6DB6,0x6DB6,0x6DB6,0x6DB6,0x6DB6,0x6DB6,0x6DB6,0x6DB6,0x6DB6,
    0x75D6,0xB71B,0xD79D,0xD79D,0xD79D,0xD79D,0xD79D,0xD79D,0xD79D,0xD79D,0xD79D,0xD79D,
    0xD79D,0xD79D,0xD79D,0xD79D,0xD79D,0x7D14,0x09E8,0x49E8,0xC227,0xC227,0x49E8,0x09E8,
    0x7D14,0xD79D,0xD79D,0xD79D,0xD79D,0xD79D,0xD79D,0xD79D,0xD79D,0xD79D,0xD79D,0xD79D,
    0xD79D,0xD79D,0xD79D,0xD79D,0xB71B,0x75D6,0x6DB6,0x6DB6,0x6DB6,0x6DB6,0x6DB6,0x6DB6,
    0x6DB6,0x6DB6,0x6DB6,0x4410,0x09E8,0x09E8,0x09E8,0x09E8,0xF81F,0xF81F,0xF81F,0xF81F,
    0xF81F,0xF81F,0xF81F,0xF81F,0xF81F,0xF81F,0xF81F,0xF81F,0xF81F,0xF81F,0xF81F,0xF81F,
    0xF81F,0xF81F,0xF81F,0xF81F,0xF81F,0xF81F,0xF81F,0xF81F,0xF81F,0xF81F,0xF81F,0xF81F,
    0xF81F,0xF81F,0xF81F,0xF81F,0xF81F,0xF81F,0xF81F,0xF81F,0xF81F,0xF81F,0xF81F,0xF81F,
    0xF81F,0xF81F,0xF81F,0xF81F,0xF81F,0xF81F,0xF81F,0xF81F,0xF81F,0xF81F,0xF81F,0xF81F,
    0xF81F,0xF81F,0xF81F,0xF81F,0xF81F,0xF81F,0xF81F,0xF81F,0xF81F,0xF81F,0xF81F,0xF81F,
    0xF81F,0xF81F,0xF81F,0xF81F,0xF81F,0xF81F,0xF81F,0xF81F,0xF81F,0xF81F,0xF81F,0xF81F,
    0xF81F,0xF81F,0xF81F,0xF81F,0xF81F,0x09E8,0x09E8,0x09E8,0x09E8,0x3B8E,0x6DB5,0x6DB6,
    0x6DB6,0x6DB6,0x6DB6,0x6DB6,0x6DB6,0x6DB6,0x6DB6,0x75D6,0x9E99,0xCF7D,0xD79D,0xD79D,
    0xD79D,0xD79D,0xD79D,0xD79D,0xD79D,0xD79D,0xD79D,0xD79D,0xD79D,0xD79D,0xD79D,0x3B4D,
    0x09E8,0x8207,0xC227,0xC227,0x8207,0x09E8,0x3B4D,0xD79D,0xD79D,0xD79D,0xD79D,0xD79D,
    0xD79D,0xD79D,0xD79D,0xD79D,0xD79D,0xD79D,0xD79D,0xD79D,0xCF7D,0x9E99,0x75D6,0x6DB6,
    0x6DB6,0x6DB6,0x6DB6,0x6DB6,0x6DB6,0x6DB6,0x6DB6,0x6DB5,0x3B8E,0x09E8,0x09E8,0x09E8,
    0x09E8,0xF81F,0xF81F,0xF81F,0xF81F,0xF81F,0xF81F,0xF81F,0xF81F,0xF81F,0xF81F,0xF81F,
    0xF81F,0xF81F,0xF81F,0xF81F,0xF81F,0xF81F,0xF81F,0xF81F,0xF81F,0xF81F,0xF81F,0xF81F,
    0xF81F,0xF81F,0xF81F,0xF81F,0xF81F,0xF81F,0xF81F,0xF81F,0xF81F,0xF81F,0xF81F,0xF81F,
    0xF81F,0xF81F,0xF81F,0xF81F,0xF81F,0xF81F,0xF81F,0xF81F,0xF81F,0xF81F,0xF81F,0xF81F,
    0xF81F,0xF81F,0xF81F,0xF81F,0xF81F,0xF81F,0xF81F,0xF81F,0xF81F,0xF81F,0xF81F,0xF81F,
    0xF81F,0xF81F,0xF81F,0xF81F,0xF81F,0xF81F,0xF81F,0xF81F,0xF81F,0xF81F,0xF81F,0xF81F,
    0xF81F,0xF81F,0xF81F,0xF81F,0xF81F,0xF81F,0xF81F,0xF81F,0xF81F,0xF81F,0xF81F,0xF81F,
    0x09E8,0x09E8,0x09E8,0x09E8,0x2B0C,0x6D95,0x6DB6,0x6DB6,0x6DB6,0x6DB6,0x6DB6,0x6DB6,
    0x6DB6,0x6DB6,0x6DB6,0x7DF7,0xB71B,0xD79D,0xD79D,0xD79D,0xD79D,0xD79D,0xD79D,0xD79D,
    0xD79D,0xD79D,0xD79D,0xD79D,0xC71B,0x11E8,0x11E8,0xB207,0xC227,0xC227,0xB227,0x11E8,
    0x11E8,0xC71B,0xD79D,0xD79D,0xD79D,0xD79D,0xD79D,0xD79D,0xD79D,0xD79D,0xD79D,0xD79D,
    0xD79D,0xB6FB,0x7DF6,0x6DB6,0x6DB6,0x6DB6,0x6DB6,0x6DB6,0x6DB6,0x6DB6,0x6DB6,0x6DB6,
    0x6D95,0x2B0C,0x09E8,0x09E8,0x09E8,0x09E8,0xF81F,0xF81F,0xF81F,0xF81F,0xF81F,0xF81F,
    0xF81F,0xF81F,0xF81F,0xF81F,0xF81F,0xF81F,0xF81F,0xF81F,0xF81F,0xF81F,0xF81F,0xF81F,
    0xF81F,0xF81F,0xF81F,0xF81F,0xF81F,0xF81F,0xF81F,0xF81F,0xF81F,0xF81F,0xF81F,0xF81F,
    0xF81F,0xF81F,0xF81F,0xF81F,0xF81F,0xF81F,0xF81F,0xF81F,0xF81F,0xF81F,0xF81F,0xF81F,
    0xF81F,0xF81F,0xF81F,0xF81F,0xF81F,0xF81F,0xF81F,0xF81F,0xF81F,0xF81F,0xF81F,0xF81F,
    0xF81F,0xF81F,0xF81F,0xF81F,0xF81F,0xF81F,0xF81F,0xF81F,0xF81F,0xF81F,0xF81F,0xF81F,
    0xF81F,0xF81F,0xF81F,0xF81F,0xF81F,0xF81F,0xF81F,0xF81F,0xF81F,0xF81F,0xF81F,0xF81F,
    0xF81F,0xF81F,0xF81F,0xF81F,0xF81F,0xF81F,0xF81F,0x09E8,0x09E8,0x09E8,0x09E8,0x1A8A,
    0x5D13,0x6DB6,0x6DB6,0x6DB6,0x6DB6,0x6DB6,0x6DB6,0x6DB6,0x6DB6,0x6DB6,0x6DB6,0x8637,
    0xBF1B,0xD79D,0xD79D,0xD79D,0xD79D,0xD79D,0xD79D,0xD79D,0xD79D,0xD79D,0x8555,0x09E8,
    0x41E8,0xC227,0xC227,0xC227,0xC227,0x41E8,0x09E8,0x8555,0xD79D,0xD79D,0xD79D,0xD79D,
    0xD79D,0xD79D,0xD79D,0xD79D,0xD79D,0xBF1B,0x8637,0x6DB6,0x6DB6,0x6DB6,0x6DB6,0x6DB6,
    0x6DB6,0x6DB6,0x6DB6,0x6DB6,0x6DB6,0x5D13,0x228A,0x09E8,0x09E8,0x09E8,0x09E8,0xF81F,
    0xF81F,0xF81F,0xF81F,0xF81F,0xF81F,0xF81F,0xF81F,0xF81F,0xF81F,0xF81F,0xF81F,0xF81F,
    0xF81F,0xF81F,0xF81F,0xF81F,0xF81F,0xF81F,0xF81F,0xF81F,0xF81F,0xF81F,0xF81F,0xF81F,
    0xF81F,0xF81F,0xF81F,0xF81F,0xF81F,0xF81F,0xF81F,0xF81F,0xF81F,0xF81F,0xF81F,0xF81F,
    0xF81F,0xF81F,0xF81F,0xF81F,0xF81F,0xF81F,0xF81F,0xF81F,0xF81F,0xF81F,0xF81F,0xF81F,
    0xF81F,0xF81F,0xF81F,0xF81F,0xF81F,0xF81F,0xF81F,0xF81F,0xF81F,0xF81F,0xF81F,0xF81F,
    0xF81F,0xF81F,0xF81F,0xF81F,0xF81F,0xF81F,0xF81F,0xF81F,0xF81F,0xF81F,0xF81F,0xF81F,
    0xF81F,0xF81F,0xF81F,0xF81F,0xF81F,0xF81F,0xF81F,0xF81F,0xF81F,0xF81F,0xF81F,0xF81F,
    0xF81F,0xF81F,0x09E8,0x09E8,0x09E8,0x09E8,0x1208,0x43EF,0x6DB6,0x6DB6,0x6DB6,0x6DB6,
    0x6DB6,0x6DB6,0x6DB6,0x6DB6,0x6DB6,0x6DB6,0x6DB6,0x8617,0xAEDA,0xCF9D,0xD79D,0xD79D,
    0xD79D,0xD79D,0xD79D,0xD79D,0x438E,0x09E8,0x7A07,0xC227,0xC227,0xC227,0xC227,0x7A07,
    0x09E8,0x4B8E,0xD79D,0xD79D,0xD79D,0xD79D,0xD79D,0xD79D,0xCF9D,0xAEDA,0x8617,0x6DB6,
    0x6DB6,0x6DB6,0x6DB6,0x6DB6,0x6DB6,0x6DB6,0x6DB6,0x6DB6,0x6DB6,0x6DB5,0x4C30,0x1208,
    0x09E8,0x09E8,0x09E8,0x09E8,0xF81F,0xF81F,0xF81F,0xF81F,0xF81F,0xF81F,0xF81F,0xF81F,
    0xF81F,0xF81F,0xF81F,0xF81F,0xF81F,0xF81F,0xF81F,0xF81F,0xF81F,0xF81F,0xF81F,0xF81F,
    0xF81F,0xF81F,0xF81F,0xF81F,0xF81F,0xF81F,0xF81F,0xF81F,0xF81F,0xF81F,0xF81F,0xF81F,
    0xF81F,0xF81F,0xF81F,0xF81F,0xF81F,0xF81F,0xF81F,0xF81F,0xF81F,0xF81F,0xF81F,0xF81F,
    0xF81F,0xF81F,0xF81F,0xF81F,0xF81F,0xF81F,0xF81F,0xF81F,0xF81F,0xF81F,0xF81F,0xF81F,
    0xF81F,0xF81F,0xF81F,0xF81F,0xF81F,0xF81F,0xF81F,0xF81F,0xF81F,0xF81F,0xF81F,0xF81F,
    0xF81F,0xF81F,0xF81F,0xF81F,0xF81F,0xF81F,0xF81F,0xF81F,0xF81F,0xF81F,0xF81F,0xF81F,
    0xF81F,0xF81F,0xF81F,0xF81F,0xF81F,0xF81F,0xF81F,0xF81F,0xF81F,0xF81F,0x09E8,0x09E8,
    0x09E8,0x09E8,0x2AEC,0x6534,0x6DB6,0x6DB6,0x6DB6,0x6DB6,0x6DB6,0x6DB6,0x6DB6,0x6DB6,
    0x6DB6,0x6DB6,0x6DB6,0x75D6,0x9658,0xAEFA,0xCF7D,0xD79D,0xD79D,0xCF5C,0x1208,0x11E8,
    0xB207,0xC227,0xC227,0xC227,0xC227,0xB227,0x11E8,0x1208,0xCF3C,0xD79D,0xD79D,0xCF7C,
    0xAEFA,0x8E58,0x75D6,0x6DB6,0x6DB6,0x6DB6,0x6DB6,0x6DB6,0x6DB6,0x6DB6,0x6DB6,0x6DB6,
    0x6DB6,0x6DB6,0x6534,0x2AEC,0x09E8,0x09E8,0x09E8,0x09E8,0xF81F,0xF81F,0xF81F,0xF81F,
    0xF81F,0xF81F,0xF81F,0xF81F,0xF81F,0xF81F,0xF81F,0xF81F,0xF81F,0xF81F,0xF81F,0xF81F,
    0xF81F,0xF81F,0xF81F,0xF81F,0xF81F,0xF81F,0xF81F,0xF81F,0xF81F,0xF81F,0xF81F,0xF81F,
    0xF81F,0xF81F,0xF81F,0xF81F,0xF81F,0xF81F,0xF81F,0xF81F,0xF81F,0xF81F,0xF81F,0xF81F,
    0xF81F,0xF81F,0xF81F,0xF81F,0xF81F,0xF81F,0xF81F,0xF81F,0xF81F,0xF81F,0xF81F,0xF81F,
    0xF81F,0xF81F,0xF81F,0xF81F,0xF81F,0xF81F,0xF81F,0xF81F,0xF81F,0xF81F,0xF81F,0xF81F,
    0xF81F,0xF81F,0xF81F,0xF81F,0xF81F,0xF81F,0xF81F,0xF81F,0xF81F,0xF81F,0xF81F,0xF81F,
    0xF81F,0xF81F,0xF81F,0xF81F,0xF81F,0xF81F,0xF81F,0xF81F,0xF81F,0xF81F,0xF81F,0xF81F,
    0xF81F,0xF81F,0xF81F,0xF81F,0xF81F,0x09E8,0x09E8,0x09E8,0x09E8,0x1208,0x3B8E,0x6D95,
    0x6DB6,0x6DB6,0x6DB6,0x6DB6,0x6DB6,0x6DB6,0x6DB6,0x6DB6,0x6DB6,0x6DB6,0x6DB6,0x6DB6,
    0x6DB6,0x7E17,0x9678,0x7513,0x09E8,0x39E8,0xC227,0xC227,0xC227,0xC227,0xC227,0xC227,
    0x39E8,0x09E8,0x7513,0x9678,0x7E17,0x6DB6,0x6DB6,0x6DB6,0x6DB6,0x6DB6,0x6DB6,0x6DB6,
    0x6DB6,0x6DB6,0x6DB6,0x6DB6,0x6DB6,0x6DB6,0x6D95,0x3BCF,0x1208,0x09E8,0x09E8,0x09E8,
    0x09E8,0xF81F,0xF81F,0xF81F,0xF81F,0xF81F,0xF81F,0xF81F,0xF81F,0xF81F,0xF81F,0xF81F,
    0xF81F,0xF81F,0xF81F,0xF81F,0xF81F,0xF81F,0xF81F,0xF81F,0xF81F,0xF81F,0xF81F,0xF81F,
    0xF81F,0xF81F,0xF81F,0xF81F,0xF81F,0xF81F,0xF81F,0xF81F,0xF81F,0xF81F,0xF81F,0xF81F,
    0xF81F,0xF81F,0xF81F,0xF81F,0xF81F,0xF81F,0xF81F,0xF81F,0xF81F,0xF81F,0xF81F,0xF81F,
    0xF81F,0xF81F,0xF81F,0xF81F,0xF81F,0xF81F,0xF81F,0xF81F,0xF81F,0xF81F,0xF81F,0xF81F,
    0xF81F,0xF81F,0xF81F,0xF81F,0xF81F,0xF81F,0xF81F,0xF81F,0xF81F,0xF81F,0xF81F,0xF81F,
    0xF81F,0xF81F,0xF81F,0xF81F,0xF81F,0xF81F,0xF81F,0xF81F,0xF81F,0xF81F,0xF81F,0xF81F,
    0xF81F,0xF81F,0xF81F,0xF81F,0xF81F,0xF81F,0xF81F,0xF81F,0xF81F,0xF81F,0xF81F,0xF81F,
    0x09E8,0x09E8,0x09E8,0x09E8,0x09E8,0x1A49,0x4C30,0x6D95,0x6DB6,0x6DB6,0x6DB6,0x6DB6,
    0x6DB6,0x6DB6,0x6DB6,0x6DB6,0x6DB6,0x6DB6,0x6DB6,0x6DB6,0x6DB6,0x2B2C,0x09E8,0x7207,
    0xC227,0xC227,0xC227,0xC227,0xC227,0xC227,0x7207,0x09E8,0x2B2D,0x6DB6,0x6DB6,0x6DB6,
    0x6DB6,0x6DB6,0x6DB6,0x6DB6,0x6DB6,0x6DB6,0x6DB6,0x6DB6,0x6DB6,0x6DB6,0x6D95,0x4430,
    0x1A49,0x09E8,0x09E8,0x09E8,0x09E8,0x09E8,0xF81F,0xF81F,0xF81F,0xF81F,0xF81F,0xF81F,
    0xF81F,0xF81F,0xF81F,0xF81F,0xF81F,0xF81F,0xF81F,0xF81F,0xF81F,0xF81F,0xF81F,0xF81F,
    0xF81F,0xF81F,0xF81F,0xF81F,0xF81F,0xF81F,0xF81F,0xF81F,0xF81F,0xF81F,0xF81F,0xF81F,
    0xF81F,0xF81F,0xF81F,0xF81F,0xF81F,0xF81F,0xF81F,0xF81F,0xF81F,0xF81F,0xF81F,0xF81F,
    0xF81F,0xF81F,0xF81F,0xF81F,0xF81F,0xF81F,0xF81F,0xF81F,0xF81F,0xF81F,0xF81F,0xF81F,
    0xF81F,0xF81F,0xF81F,0xF81F,0xF81F,0xF81F,0xF81F,0xF81F,0xF81F,0xF81F,0xF81F,0xF81F,
    0xF81F,0xF81F,0xF81F,0xF81F,0xF81F,0xF81F,0xF81F,0xF81F,0xF81F,0xF81F,0xF81F,0xF81F,
    0xF81F,0xF81F,0xF81F,0xF81F,0xF81F,0xF81F,0xF81F,0xF81F,0xF81F,0xF81F,0xF81F,0xF81F,
    0xF81F,0xF81F,0xF81F,0xF81F,0xF81F,0xF81F,0x09E8,0x09E8,0x09E8,0x09E8,0x09E8,0x09E8,
    0x09E8,0x1229,0x3BCF,0x6D75,0x6DB6,0x6DB6,0x6DB6,0x6DB6,0x6DB6,0x6DB6,0x6DB6,0x6DB6,
    0x6DB6,0x6DB6,0x6DB5,0x1209,0x11E8,0xAA07,0xC227,0xC227,0xC227,0xC227,0xC227,0xC227,
    0xAA27,0x11E8,0x1209,0x6D95,0x6DB6,0x6DB6,0x6DB6,0x6DB6,0x6DB6,0x6DB6,0x6DB6,0x6DB6,
    0x6DB6,0x6DB6,0x6D95,0x4410,0x1A49,0x09E8,0x09E8,0x09E8,0x09E8,0x09E8,0x09E8,0x09E8,
    0xF81F,0xF81F,0xF81F,0xF81F,0xF81F,0xF81F,0xF81F,0xF81F,0xF81F,0xF81F,0xF81F,0xF81F,
    0xF81F,0xF81F,0xF81F,0xF81F,0xF81F,0xF81F,0xF81F,0xF81F,0xF81F,0xF81F,0xF81F,0xF81F,
    0xF81F,0xF81F,0xF81F,0xF81F,0xF81F,0xF81F,0xF81F,0xF81F,0xF81F,0xF81F,0xF81F,0xF81F,
    0xF81F,0xF81F,0xF81F,0xF81F,0xF81F,0xF81F,0xF81F,0xF81F,0xF81F,0xF81F,0xF81F,0xF81F,
    0xF81F,0xF81F,0xF81F,0xF81F,0xF81F,0xF81F,0xF81F,0xF81F,0xF81F,0xF81F,0xF81F,0xF81F,
    0xF81F,0xF81F,0xF81F,0xF81F,0xF81F,0xF81F,0xF81F,0xF81F,0xF81F,0xF81F,0xF81F,0xF81F,
    0xF81F,0xF81F,0xF81F,0xF81F,0xF81F,0xF81F,0xF81F,0xF81F,0xF81F,0xF81F,0xF81F,0xF81F,
    0xF81F,0xF81F,0xF81F,0xF81F,0xF81F,0xF81F,0xF81F,0xF81F,0xF81F,0xF81F,0xF81F,0x09E8,
    0x09E8,0x1229,0x338D,0x338E,0x1229,0x09E8,0x09E8,0x09E8,0x09E8,0x1209,0x336D,0x54D2,
    0x6DB5,0x6DB6,0x6DB6,0x6DB6,0x6DB6,0x6DB6,0x6DB6,0x6DB6,0x5491,0x09E8,0x31E8,0xC227,
    0xC227,0xC227,0xC227,0xC227,0xC227,0xC227,0xC227,0x31E8,0x09E8,0x5491,0x6DB6,0x6DB6,
    0x6DB6,0x6DB6,0x6DB6,0x6DB6,0x6DB6,0x6DB5,0x54B2,0x336D,0x1209,0x09E8,0x09E8,0x09E8,
    0x09E8,0x1229,0x33AE,0x338D,0x1229,0x09E8,0x09E8,0xF81F,0xF81F,0xF81F,0xF81F,0xF81F,
    0xF81F,0xF81F,0xF81F,0xF81F,0xF81F,0xF81F,0xF81F,0xF81F,0xF81F,0xF81F,0xF81F,0xF81F,
    0xF81F,0xF81F,0xF81F,0xF81F,0xF81F,0xF81F,0xF81F,0xF81F,0xF81F,0xF81F,0xF81F,0xF81F,
    0xF81F,0xF81F,0xF81F,0xF81F,0xF81F,0xF81F,0xF81F,0xF81F,0xF81F,0xF81F,0xF81F,0xF81F,
    0xF81F,0xF81F,0xF81F,0xF81F,0xF81F,0xF81F,0xF81F,0xF81F,0xF81F,0xF81F,0xF81F,0xF81F,
    0xF81F,0xF81F,0xF81F,0xF81F,0xF81F,0xF81F,0xF81F,0xF81F,0xF81F,0xF81F,0xF81F,0xF81F,
    0xF81F,0xF81F,0xF81F,0xF81F,0xF81F,0xF81F,0xF81F,0xF81F,0xF81F,0xF81F,0xF81F,0xF81F,
    0xF81F,0xF81F,0xF81F,0xF81F,0xF81F,0xF81F,0xF81F,0xF81F,0xF81F,0xF81F,0xF81F,0xF81F,
    0xF81F,0xF81F,0xF81F,0xF81F,0x09E8,0x09E8,0x22EB,0x4C71,0x4C91,0x4C91,0x4C91,0x336D,
    0x1249,0x09E8,0x09E8,0x09E8,0x09E8,0x09E8,0x1A49,0x3B8E,0x54D2,0x6D95,0x6DB6,0x6DB6,
    0x6DB6,0x6DB6,0x334D,0x09E8,0x6A07,0xC227,0xC227,0xC227,0xC227,0xC227,0xC227,0xC227,
    0xC227,0x6A07,0x09E8,0x336D,0x6DB6,0x6DB6,0x6DB6,0x6DB6,0x6D95,0x54B2,0x3B8E,0x1A49,
    0x09E8,0x09E8,0x09E8,0x09E8,0x09E8,0x1229,0x336D,0x4C71,0x4C91,0x4C91,0x4C71,0x22EB,
    0x09E8,0x09E8,0xF81F,0xF81F,0xF81F,0xF81F,0xF81F,0xF81F,0xF81F,0xF81F,0xF81F,0xF81F,
    0xF81F,0xF81F,0xF81F,0xF81F,0xF81F,0xF81F,0xF81F,0xF81F,0xF81F,0xF81F,0xF81F,0xF81F,
    0xF81F,0xF81F,0xF81F,0xF81F,0xF81F,0xF81F,0xF81F,0xF81F,0xF81F,0xF81F,0xF81F,0xF81F,
    0xF81F,0xF81F,0xF81F,0xF81F,0xF81F,0xF81F,0xF81F,0xF81F,0xF81F,0xF81F,0xF81F,0xF81F,
    0xF81F,0xF81F,0xF81F,0xF81F,0xF81F,0xF81F,0xF81F,0xF81F,0xF81F,0xF81F,0xF81F,0xF81F,
    0xF81F,0xF81F,0xF81F,0xF81F,0xF81F,0xF81F,0xF81F,0xF81F,0xF81F,0xF81F,0xF81F,0xF81F,
    0xF81F,0xF81F,0xF81F,0xF81F,0xF81F,0xF81F,0xF81F,0xF81F,0xF81F,0xF81F,0xF81F,0xF81F,
    0xF81F,0xF81F,0xF81F,0xF81F,0xF81F,0xF81F,0xF81F,0xF81F,0xF81F,0x09E8,0x09E8,0x2B2C,
    0x4C91,0x4C91,0x4C91,0x4C91,0x4C91,0x4C91,0x4C91,0x33AE,0x1A6A,0x09E8,0x09E8,0x09E8,
    0x09E8,0x09E8,0x09E8,0x1208,0x22CB,0x3BCE,0x5491,0x5D13,0x1229,0x09E8,0xA207,0xC227,
    0xC227,0xC227,0xC227,0xC227,0xC227,0xC227,0xC227,0xA207,0x09E8,0x1229,0x5D13,0x5491,
    0x3BAE,0x22CB,0x1208,0x09E8,0x09E8,0x09E8,0x09E8,0x09E8,0x09E8,0x1A6A,0x33AE,0x4C91,
    0x4C91,0x4C91,0x4C91,0x4C91,0x4C91,0x4C91,0x2B0C,0x09E8,0x09E8,0xF81F,0xF81F,0xF81F,
    0xF81F,0xF81F,0xF81F,0xF81F,0xF81F,0xF81F,0xF81F,0xF81F,0xF81F,0xF81F,0xF81F,0xF81F,
    0xF81F,0xF81F,0xF81F,0xF81F,0xF81F,0xF81F,0xF81F,0xF81F,0xF81F,0xF81F,0xF81F,0xF81F,
    0xF81F,0xF81F,0xF81F,0xF81F,0xF81F,0xF81F,0xF81F,0xF81F,0xF81F,0xF81F,0xF81F,0xF81F,
    0xF81F,0xF81F,0xF81F,0xF81F,0xF81F,0xF81F,0xF81F,0xF81F,0xF81F,0xF81F,0xF81F,0xF81F,
    0xF81F,0xF81F,0xF81F,0xF81F,0xF81F,0xF81F,0xF81F,0xF81F,0xF81F,0xF81F,0xF81F,0xF81F,
    0xF81F,0xF81F,0xF81F,0xF81F,0xF81F,0xF81F,0xF81F,0xF81F,0xF81F,0xF81F,0xF81F,0xF81F,
    0xF81F,0xF81F,0xF81F,0xF81F,0xF81F,0xF81F,0xF81F,0xF81F,0xF81F,0xF81F,0xF81F,0xF81F,
    0xF81F,0xF81F,0xF81F,0x09E8,0x1A8A,0x4C91,0x4C91,0x4C91,0x4C91,0x4C91,0x4C91,0x4C91,
    0x4C91,0x4C91,0x4C91,0x440F,0x2B0C,0x1229,0x09E8,0x09E8,0x09E8,0x09E8,0x09E8,0x09E8,
    0x09E8,0x09E8,0x09E8,0x29E8,0xC227,0xC227,0xC227,0xC227,0xC227,0xC227,0xC227,0xC227,
    0xC227,0xC227,0x29E8,0x09E8,0x09E8,0x09E8,0x09E8,0x09E8,0x09E8,0x09E8,0x09E8,0x09E8,
    0x1229,0x2B0C,0x440F,0x4C91,0x4C91,0x4C91,0x4C91,0x4C91,0x4C91,0x4C91,0x4C91,0x4C91,
    0x4C91,0x1A8A,0x09E8,0xF81F,0xF81F,0xF81F,0xF81F,0xF81F,0xF81F,0xF81F,0xF81F,0xF81F,
    0xF81F,0xF81F,0xF81F,0xF81F,0xF81F,0xF81F,0xF81F,0xF81F,0xF81F,0xF81F,0xF81F,0xF81F,
    0xF81F,0xF81F,0xF81F,0xF81F,0xF81F,0xF81F,0xF81F,0xF81F,0xF81F,0xF81F,0xF81F,0xF81F,
    0xF81F,0xF81F,0xF81F,0xF81F,0xF81F,0xF81F,0xF81F,0xF81F,0xF81F,0xF81F,0xF81F,0xF81F,
    0xF81F,0xF81F,0xF81F,0xF81F,0xF81F,0xF81F,0xF81F,0xF81F,0xF81F,0xF81F,0xF81F,0xF81F,
    0xF81F,0xF81F,0xF81F,0xF81F,0xF81F,0xF81F,0xF81F,0xF81F,0xF81F,0xF81F,0xF81F,0xF81F,
    0xF81F,0xF81F,0xF81F,0xF81F,0xF81F,0xF81F,0xF81F,0xF81F,0xF81F,0xF81F,0xF81F,0xF81F,
    0xF81F,0xF81F,0xF81F,0xF81F,0xF81F,0xF81F,0xF81F,0xF81F,0x09E8,0x09E8,0x3BCE,0x4C91,
    0x4C91,0x4C91,0x4C91,0x4C91,0x4C91,0x4C91,0x4C91,0x4C91,0x4C91,0x4C91,0x4C91,0x4C91,
    0x3BEF,0x2B0C,0x1A49,0x09E8,0x09E8,0x09E8,0x09E8,0x09E8,0x09E8,0x6207,0xC227,0xC227,
    0xC227,0xC227,0xC227,0xC227,0xC227,0xC227,0xC227,0xC227,0x6207,0x09E8,0x09E8,0x09E8,
    0x09E8,0x09E8,0x11E8,0x1A6A,0x2B0C,0x3BEF,0x4C91,0x4C91,0x4C91,0x4C91,0x4C91,0x4C91,
    0x4C91,0x4C91,0x4C91,0x4C91,0x4C91,0x4C91,0x4C91,0x3BCE,0x09E8,0x09E8,0xF81F,0xF81F,
    0xF81F,0xF81F,0xF81F,0xF81F,0xF81F,0xF81F,0xF81F,0xF81F,0xF81F,0xF81F,0xF81F,0xF81F,
    0xF81F,0xF81F,0xF81F,0xF81F,0xF81F,0xF81F,0xF81F,0xF81F,0xF81F,0xF81F,0xF81F,0xF81F,
    0xF81F,0xF81F,0xF81F,0xF81F,0xF81F,0xF81F,0xF81F,0xF81F,0xF81F,0xF81F,0xF81F,0xF81F,
    0xF81F,0xF81F,0xF81F,0xF81F,0xF81F,0xF81F,0xF81F,0xF81F,0xF81F,0xF81F,0xF81F,0xF81F,
    0xF81F,0xF81F,0xF81F,0xF81F,0xF81F,0xF81F,0xF81F,0xF81F,0xF81F,0xF81F,0xF81F,0xF81F,
    0xF81F,0xF81F,0xF81F,0xF81F,0xF81F,0xF81F,0xF81F,0xF81F,0xF81F,0xF81F,0xF81F,0xF81F,
    0xF81F,0xF81F,0xF81F,0xF81F,0xF81F,0xF81F,0xF81F,0xF81F,0xF81F,0xF81F,0xF81F,0xF81F,
    0xF81F,0xF81F,0x09E8,0x09E8,0x4C70,0x4C91,0x4C91,0x4C91,0x4C91,0x4C91,0x4C91,0x4C91,
    0x4C91,0x4C91,0x4C91,0x4C91,0x4C91,0x4C91,0x4C91,0x4C91,0x4C91,0x4C70,0x3BAE,0x2B0C,
    0x22AA,0x11E8,0x09E8,0x8A07,0xC227,0xC227,0xC227,0xC227,0xC227,0xC227,0xC227,0xC227,
    0xC227,0xC227,0x8A07,0x09E8,0x11E8,0x22AA,0x2B2C,0x3BCE,0x4C70,0x4C91,0x4C91,0x4C91,
    0x4C91,0x4C91,0x4C91,0x4C91,0x4C91,0x4C91,0x4C91,0x4C91,0x4C91,0x4C91,0x4C91,0x4C91,
    0x4C91,0x4C70,0x09E8,0x09E8,0xF81F,0xF81F,0xF81F,0xF81F,0xF81F,0xF81F,0xF81F,0xF81F,
    0xF81F,0xF81F,0xF81F,0xF81F,0xF81F,0xF81F,0xF81F,0xF81F,0xF81F,0xF81F,0xF81F,0xF81F,
    0xF81F,0xF81F,0xF81F,0xF81F,0xF81F,0xF81F,0xF81F,0xF81F,0xF81F,0xF81F,0xF81F,0xF81F,
    0xF81F,0xF81F,0xF81F,0xF81F,0xF81F,0xF81F,0xF81F,0xF81F,0xF81F,0xF81F,0xF81F,0xF81F,
    0xF81F,0xF81F,0xF81F,0xF81F,0xF81F,0xF81F,0xF81F,0xF81F,0xF81F,0xF81F,0xF81F,0xF81F,
    0xF81F,0xF81F,0xF81F,0xF81F,0xF81F,0xF81F,0xF81F,0xF81F,0xF81F,0xF81F,0xF81F,0xF81F,
    0xF81F,0xF81F,0xF81F,0xF81F,0xF81F,0xF81F,0xF81F,0xF81F,0xF81F,0xF81F,0xF81F,0xF81F,
    0xF81F,0xF81F,0xF81F,0xF81F,0xF81F,0xF81F,0xF81F,0xF81F,0x09E8,0x09E8,0x4C70,0x4C91,
    0x4C91,0x4C91,0x4C91,0x4C91,0x4C91,0x4C91,0x4C91,0x4C91,0x4C91,0x4C91,0x4C91,0x4C91,
    0x4C91,0x4C91,0x4C91,0x4C91,0x4C91,0x4C91,0x4C91,0x1A49,0x09E8,0x21E8,0x9A07,0xC227,
    0xC227,0xC227,0xC227,0xC227,0xC227,0xC227,0xC227,0x9A07,0x21E8,0x09E8,0x1A49,0x4C91,
    0x4C91,0x4C91,0x4C91,0x4C91,0x4C91,0x4C91,0x4C91,0x4C91,0x4C91,0x4C91,0x4C91,0x4C91,
    0x4C91,0x4C91,0x4C91,0x4C91,0x4C91,0x4C91,0x4C91,0x4C70,0x09E8,0x09E8,0xF81F,0xF81F,
    0xF81F,0xF81F,0xF81F,0xF81F,0xF81F,0xF81F,0xF81F,0xF81F,0xF81F,0xF81F,0xF81F,0xF81F,
    0xF81F,0xF81F,0xF81F,0xF81F,0xF81F,0xF81F,0xF81F,0xF81F,0xF81F,0xF81F,0xF81F,0xF81F,
    0xF81F,0xF81F,0xF81F,0xF81F,0xF81F,0xF81F,0xF81F,0xF81F,0xF81F,0xF81F,0xF81F,0xF81F,
    0xF81F,0xF81F,0xF81F,0xF81F,0xF81F,0xF81F,0xF81F,0xF81F,0xF81F,0xF81F,0xF81F,0xF81F,
    0xF81F,0xF81F,0xF81F,0xF81F,0xF81F,0xF81F,0xF81F,0xF81F,0xF81F,0xF81F,0xF81F,0xF81F,
    0xF81F,0xF81F,0xF81F,0xF81F,0xF81F,0xF81F,0xF81F,0xF81F,0xF81F,0xF81F,0xF81F,0xF81F,
    0xF81F,0xF81F,0xF81F,0xF81F,0xF81F,0xF81F,0xF81F,0xF81F,0xF81F,0xF81F,0xF81F,0xF81F,
    0xF81F,0xF81F,0x09E8,0x09E8,0x3BCE,0x4C91,0x4C91,0x4C91,0x4C91,0x4C91,0x4C91,0x4C91,
    0x4C91,0x4C91,0x4C91,0x4C91,0x4C91,0x4C91,0x4C91,0x4C91,0x4C91,0x4C91,0x4C91,0x4C91,
    0x4C91,0x3BAE,0x09E8,0x09E8,0x11E8,0x8207,0xC227,0xC227,0xC227,0xC227,0xC227,0xC227,
    0x8207,0x11E8,0x09E8,0x09E8,0x3BAE,0x4C91,0x4C91,0x4C91,0x4C91,0x4C91,0x4C91,0x4C91,
    0x4C91,0x4C91,0x4C91,0x4C91,0x4C91,0x4C91,0x4C91,0x4C91,0x4C91,0x4C91,0x4C91,0x4C91,
    0x4C91,0x3BCE,0x09E8,0x09E8,0xF81F,0xF81F,0xF81F,0xF81F,0xF81F,0xF81F,0xF81F,0xF81F,
    0xF81F,0xF81F,0xF81F,0xF81F,0xF81F,0xF81F,0xF81F,0xF81F,0xF81F,0xF81F,0xF81F,0xF81F,
    0xF81F,0xF81F,0xF81F,0xF81F,0xF81F,0xF81F,0xF81F,0xF81F,0xF81F,0xF81F,0xF81F,0xF81F,
    0xF81F,0xF81F,0xF81F,0xF81F,0xF81F,0xF81F,0xF81F,0xF81F,0xF81F,0xF81F,0xF81F,0xF81F,
    0xF81F,0xF81F,0xF81F,0xF81F,0xF81F,0xF81F,0xF81F,0xF81F,0xF81F,0xF81F,0xF81F,0xF81F,
    0xF81F,0xF81F,0xF81F,0xF81F,0xF81F,0xF81F,0xF81F,0xF81F,0xF81F,0xF81F,0xF81F,0xF81F,
    0xF81F,0xF81F,0xF81F,0xF81F,0xF81F,0xF81F,0xF81F,0xF81F,0xF81F,0xF81F,0xF81F,0xF81F,
    0xF81F,0xF81F,0xF81F,0xF81F,0xF81F,0xF81F,0xF81F,0xF81F,0xF81F,0x09E8,0x1A8A,0x4C91,
    0x4C91,0x4C91,0x4C91,0x4C91,0x4C91,0x4C91,0x4C91,0x4C91,0x4C91,0x4C91,0x4C91,0x4C91,
    0x4C91,0x4C91,0x4C91,0x4C91,0x4C91,0x4C91,0x4C91,0x1A8A,0x09E8,0x09E8,0x09E8,0x11E8,
    0x6A07,0xC227,0xC227,0xC227,0xC227,0x7207,0x11E8,0x09E8,0x09E8,0x09E8,0x1A8A,0x4C91,
    0x4C91,0x4C91,0x4C91,0x4C91,0x4C91,0x4C91,0x4C91,0x4C91,0x4C91,0x4C91,0x4C91,0x4C91,
    0x4C91,0x4C91,0x4C91,0x4C91,0x4C91,0x4C91,0x4C91,0x1A8A,0x09E8,0xF81F,0xF81F,0xF81F,
    0xF81F,0xF81F,0xF81F,0xF81F,0xF81F,0xF81F,0xF81F,0xF81F,0xF81F,0xF81F,0xF81F,0xF81F,
    0xF81F,0xF81F,0xF81F,0xF81F,0xF81F,0xF81F,0xF81F,0xF81F,0xF81F,0xF81F,0xF81F,0xF81F,
    0xF81F,0xF81F,0xF81F,0xF81F,0xF81F,0xF81F,0xF81F,0xF81F,0xF81F,0xF81F,0xF81F,0xF81F,
    0xF81F,0xF81F,0xF81F,0xF81F,0xF81F,0xF81F,0xF81F,0xF81F,0xF81F,0xF81F,0xF81F,0xF81F,
    0xF81F,0xF81F,0xF81F,0xF81F,0xF81F,0xF81F,0xF81F,0xF81F,0xF81F,0xF81F,0xF81F,0xF81F,
    0xF81F,0xF81F,0xF81F,0xF81F,0xF81F,0xF81F,0xF81F,0xF81F,0xF81F,0xF81F,0xF81F,0xF81F,
    0xF81F,0xF81F,0xF81F,0xF81F,0xF81F,0xF81F,0xF81F,0xF81F,0xF81F,0xF81F,0xF81F,0xF81F,
    0xF81F,0xF81F,0xF81F,0x09E8,0x09E8,0x2B0C,0x4C91,0x4C91,0x4C91,0x4C91,0x4C91,0x4C91,
    0x4C91,0x4C91,0x4C91,0x4C91,0x4C91,0x4C91,0x4C91,0x4C91,0x4C91,0x4C91,0x4C91,0x4C91,
    0x2B0C,0x09E8,0x09E8,0xF81F,0xF81F,0x09E8,0x09E8,0x5207,0xBA27,0xBA27,0x5A07,0x09E8,
    0x09E8,0x09E8,0xF81F,0x09E8,0x09E8,0x2B0C,0x4C91,0x4C91,0x4C91,0x4C91,0x4C91,0x4C91,
    0x4C91,0x4C91,0x4C91,0x4C91,0x4C91,0x4C91,0x4C91,0x4C91,0x4C91,0x4C91,0x4C91,0x4C91,
    0x2B0C,0x09E8,0x09E8,0xF81F,0xF81F,0xF81F,0xF81F,0xF81F,0xF81F,0xF81F,0xF81F,0xF81F,
    0xF81F,0xF81F,0xF81F,0xF81F,0xF81F,0xF81F,0xF81F,0xF81F,0xF81F,0xF81F,0xF81F,0xF81F,
    0xF81F,0xF81F,0xF81F,0xF81F,0xF81F,0xF81F,0xF81F,0xF81F,0xF81F,0xF81F,0xF81F,0xF81F,
    0xF81F,0xF81F,0xF81F,0xF81F,0xF81F,0xF81F,0xF81F,0xF81F,0xF81F,0xF81F,0xF81F,0xF81F,
    0xF81F,0xF81F,0xF81F,0xF81F,0xF81F,0xF81F,0xF81F,0xF81F,0xF81F,0xF81F,0xF81F,0xF81F,
    0xF81F,0xF81F,0xF81F,0xF81F,0xF81F,0xF81F,0xF81F,0xF81F,0xF81F,0xF81F,0xF81F,0xF81F,
    0xF81F,0xF81F,0xF81F,0xF81F,0xF81F,0xF81F,0xF81F,0xF81F,0xF81F,0xF81F,0xF81F,0xF81F,
    0xF81F,0xF81F,0xF81F,0xF81F,0xF81F,0xF81F,0xF81F,0xF81F,0xF81F,0xF81F,0x09E8,0x09E8,
    0x22EB,0x4C91,0x4C91,0x4C91,0x4C91,0x4C91,0x4C91,0x4C91,0x4C91,0x4C91,0x4C91,0x4C91,
    0x4C91,0x4C91,0x4C91,0x4C91,0x4C91,0x22EB,0x09E8,0x09E8,0xF81F,0xF81F,0xF81F,0xF81F,
    0x09E8,0x09E8,0x39E8,0x39E8,0x09E8,0x09E8,0xF81F,0xF81F,0xF81F,0xF81F,0x09E8,0x09E8,
    0x22EB,0x4C91,0x4C91,0x4C91,0x4C91,0x4C91,0x4C91,0x4C91,0x4C91,0x4C91,0x4C91,0x4C91,
    0x4C91,0x4C91,0x4C91,0x4C91,0x4C91,0x22EB,0x09E8,0x09E8,0xF81F,0xF81F,0xF81F,0xF81F,
    0xF81F,0xF81F,0xF81F,0xF81F,0xF81F,0xF81F,0xF81F,0xF81F,0xF81F,0xF81F,0xF81F,0xF81F,
    0xF81F,0xF81F,0xF81F,0xF81F,0xF81F,0xF81F,0xF81F,0xF81F,0xF81F,0xF81F,0xF81F,0xF81F,
    0xF81F,0xF81F,0xF81F,0xF81F,0xF81F,0xF81F,0xF81F,0xF81F,0xF81F,0xF81F,0xF81F,0xF81F,
    0xF81F,0xF81F,0xF81F,0xF81F,0xF81F,0xF81F,0xF81F,0xF81F,0xF81F,0xF81F,0xF81F,0xF81F,
    0xF81F,0xF81F,0xF81F,0xF81F,0xF81F,0xF81F,0xF81F,0xF81F,0xF81F,0xF81F,0xF81F,0xF81F,
    0xF81F,0xF81F,0xF81F,0xF81F,0xF81F,0xF81F,0xF81F,0xF81F,0xF81F,0xF81F,0xF81F,0xF81F,
    0xF81F,0xF81F,0xF81F,0xF81F,0xF81F,0xF81F,0xF81F,0xF81F,0xF81F,0xF81F,0xF81F,0xF81F,
    0xF81F,0xF81F,0xF81F,0xF81F,0xF81F,0x09E8,0x09E8,0x1229,0x338D,0x4C91,0x4C91,0x4C91,
    0x4C91,0x4C91,0x4C91,0x4C91,0x4C91,0x4C91,0x4C91,0x4C91,0x4C91,0x338D,0x1229,0x09E8,
    0x09E8,0xF81F,0xF81F,0xF81F,0xF81F,0xF81F,0xF81F,0x09E8,0x09E8,0x09E8,0x09E8,0xF81F,
    0xF81F,0xF81F,0xF81F,0xF81F,0xF81F,0x09E8,0x09E8,0x1229,0x338D,0x4C91,0x4C91,0x4C91,
    0x4C91,0x4C91,0x4C91,0x4C91,0x4C91,0x4C91,0x4C91,0x4C91,0x4C91,0x338D,0x1229,0x09E8,
    0x09E8,0xF81F,0xF81F,0xF81F,0xF81F,0xF81F,0xF81F,0xF81F,0xF81F,0xF81F,0xF81F,0xF81F,
    0xF81F,0xF81F,0xF81F,0xF81F,0xF81F,0xF81F,0xF81F,0xF81F,0xF81F,0xF81F,0xF81F,0xF81F,
    0xF81F,0xF81F,0xF81F,0xF81F,0xF81F,0xF81F,0xF81F,0xF81F,0xF81F,0xF81F,0xF81F,0xF81F,
    0xF81F,0xF81F,0xF81F,0xF81F,0xF81F,0xF81F,0xF81F,0xF81F,0xF81F,0xF81F,0xF81F,0xF81F,
    0xF81F,0xF81F,0xF81F,0xF81F,0xF81F,0xF81F,0xF81F,0xF81F,0xF81F,0xF81F,0xF81F,0xF81F,
    0xF81F,0xF81F,0xF81F,0xF81F,0xF81F,0xF81F,0xF81F,0xF81F,0xF81F,0xF81F,0xF81F,0xF81F,
    0xF81F,0xF81F,0xF81F,0xF81F,0xF81F,0xF81F,0xF81F,0xF81F,0xF81F,0xF81F,0xF81F,0xF81F,
    0xF81F,0xF81F,0xF81F,0xF81F,0xF81F,0xF81F,0xF81F,0xF81F,0xF81F,0xF81F,0xF81F,0xF81F,
    0x09E8,0x09E8,0x09E8,0x1208,0x22CB,0x338D,0x440F,0x4C50,0x4C91,0x4C91,0x4C50,0x440F,
    0x336D,0x22CB,0x1208,0x09E8,0x09E8,0x09E8,0xF81F,0xF81F,0xF81F,0xF81F,0xF81F,0xF81F,
    0xF81F,0xF81F,0x09E8,0x09E8,0xF81F,0xF81F,0xF81F,0xF81F,0xF81F,0xF81F,0xF81F,0xF81F,
    0x09E8,0x09E8,0x09E8,0x1208,0x22CB,0x338D,0x440F,0x4C50,0x4C91,0x4C91,0x4C50,0x440F,
    0x336D,0x22CB,0x1208,0x09E8,0x09E8,0x09E8,0xF81F,0xF81F,0xF81F,0xF81F,0xF81F,0xF81F,
    0xF81F,0xF81F,0xF81F,0xF81F,0xF81F,0xF81F,0xF81F,0xF81F,0xF81F,0xF81F,0xF81F,0xF81F,
    0xF81F,0xF81F,0xF81F,0xF81F,0xF81F,0xF81F,0xF81F,0xF81F,0xF81F,0xF81F,0xF81F,0xF81F,
    0xF81F,0xF81F,0xF81F,0xF81F,0xF81F,0xF81F,0xF81F,0xF81F,0xF81F,0xF81F,0xF81F,0xF81F,
    0xF81F,0xF81F,0xF81F,0xF81F,0xF81F,0xF81F,0xF81F,0xF81F,0xF81F,0xF81F,0xF81F,0xF81F,
    0xF81F,0xF81F,0xF81F,0xF81F,0xF81F,0xF81F,0xF81F,0xF81F,0xF81F,0xF81F,0xF81F,0xF81F,
    0xF81F,0xF81F,0xF81F,0xF81F,0xF81F,0xF81F,0xF81F,0xF81F,0xF81F,0xF81F,0xF81F,0xF81F,
    0xF81F,0xF81F,0xF81F,0xF81F,0xF81F,0xF81F,0xF81F,0xF81F,0xF81F,0xF81F,0xF81F,0xF81F,
    0xF81F,0xF81F,0xF81F,0xF81F,0xF81F,0xF81F,0xF81F,0xF81F,0x09E8,0x09E8,0x09E8,0x09E8,
    0x09E8,0x09E8,0x09E8,0x09E8,0x09E8,0x09E8,0x09E8,0x09E8,0x09E8,0x09E8,0xF81F,0xF81F,
    0xF81F,0xF81F,0xF81F,0xF81F,0xF81F,0xF81F,0xF81F,0xF81F,0xF81F,0xF81F,0xF81F,0xF81F,
    0xF81F,0xF81F,0xF81F,0xF81F,0xF81F,0xF81F,0xF81F,0xF81F,0x09E8,0x09E8,0x09E8,0x09E8,
    0x09E8,0x09E8,0x09E8,0x09E8,0x09E8,0x09E8,0x09E8,0x09E8,0x09E8,0x09E8,0xF81F,0xF81F,
    0xF81F,0xF81F,0xF81F,0xF81F,0xF81F,0xF81F,0xF81F,0xF81F,0xF81F,0xF81F,0xF81F,0xF81F,
    0xF81F,0xF81F,0xF81F,0xF81F,0xF81F,0xF81F,0xF81F,0xF81F,0xF81F,0xF81F,0xF81F,0xF81F,
    0xF81F,0xF81F,0xF81F,0xF81F,0xF81F,0xF81F,0xF81F,0xF81F,0xF81F,0xF81F,0xF81F,0xF81F,
    0xF81F,0xF81F,0xF81F,0xF81F,0xF81F,0xF81F,0xF81F,0xF81F,0xF81F,0xF81F,0xF81F,0xF81F,
    0xF81F,0xF81F,0xF81F,0xF81F,0xF81F,0xF81F,0xF81F,0xF81F,0xF81F,0xF81F,0xF81F,0xF81F,
    0xF81F,0xF81F,0xF81F,0xF81F,0xF81F,0xF81F,0xF81F,0xF81F,0xF81F,0xF81F,0xF81F,0xF81F,
    0xF81F,0xF81F,0xF81F,0xF81F,0xF81F,0xF81F,0xF81F,0xF81F,0xF81F,0xF81F,0xF81F,0xF81F,
    0xF81F,0xF81F,0xF81F,0xF81F,0xF81F,0xF81F,0xF81F,0xF81F,0xF81F,0xF81F,0xF81F,0xF81F,
    0xF81F,0xF81F,0xF81F,0xF81F,0xF81F,0x09E8,0x09E8,0x09E8,0x09E8,0x09E8,0x09E8,0x09E8,
    0x09E8,0xF81F,0xF81F,0xF81F,0xF81F,0xF81F,0xF81F,0xF81F,0xF81F,0xF81F,0xF81F,0xF81F,
    0xF81F,0xF81F,0xF81F,0xF81F,0xF81F,0xF81F,0xF81F,0xF81F,0xF81F,0xF81F,0xF81F,0xF81F,
    0xF81F,0xF81F,0xF81F,0xF81F,0xF81F,0x09E8,0x09E8,0x09E8,0x09E8,0x09E8,0x09E8,0x09E8,
    0x09E8,0xF81F,0xF81F,0xF81F,0xF81F,0xF81F,0xF81F,0xF81F,0xF81F,0xF81F,0xF81F,0xF81F,
    0xF81F,0xF81F,0xF81F,0xF81F,0xF81F,0xF81F,0xF81F,0xF81F,0xF81F,0xF81F,0xF81F,0xF81F,
    0xF81F,0xF81F,0xF81F,0xF81F,0xF81F,0xF81F,0xF81F,0xF81F,0xF81F,0xF81F,0xF81F,0xF81F,
    0xF81F,0xF81F,0xF81F,0xF81F,0xF81F,0xF81F,0xF81F,0xF81F,0xF81F,0xF81F,0xF81F,0xF81F,
    0xF81F,0xF81F,0xF81F,0xF81F,0xF81F,0xF81F,0xF81F,0xF81F,0xF81F,0xF81F,0xF81F,0xF81F,
    0xF81F,0xF81F,0xF81F,0xF81F,0xF81F,0xF81F,0xF81F,0xF81F,0xF81F,0xF81F,0xF81F,0xF81F,
    0xF81F,0xF81F,0xF81F,0xF81F,0xF81F,0xF81F,0xF81F,0xF81F,0xF81F,0xF81F,0xF81F,0xF81F,
    0xF81F,0xF81F,0xF81F,0xF81F,0xF81F,0xF81F,0xF81F,0xF81F,0xF81F,0xF81F,0xF81F,0xF81F,
    0xF81F,0xF81F,0xF81F,0xF81F,0xF81F,0xF81F,0xF81F,0xF81F,0xF81F,0xF81F,0xF81F,0xF81F,
    0xF81F,0xF81F,0xF81F,0xF81F,0xF81F,0xF81F,0xF81F,0xF81F,0xF81F,0xF81F,0xF81F,0xF81F,
    0xF81F,0xF81F,0xF81F,0xF81F,0xF81F,0xF81F,0xF81F,0xF81F,0xF81F,0xF81F,0xF81F,0xF81F,
    0xF81F,0xF81F,0xF81F,0xF81F,0xF81F,0xF81F,0xF81F,0xF81F,0xF81F,0xF81F,0xF81F,0xF81F,
    0xF81F,0xF81F,0xF81F,0xF81F,0xF81F,0xF81F,0xF81F,0xF81F,0xF81F,0xF81F,0xF81F,0xF81F,
    0xF81F,0xF81F,0xF81F,0xF81F,0xF81F,0xF81F,0xF81F,0xF81F,0xF81F,0xF81F,0xF81F,0xF81F,
    0xF81F,0xF81F,0xF81F,0xF81F,0xF81F,0xF81F,0xF81F,0xF81F,0xF81F,0xF81F,0xF81F,0xF81F,
    0xF81F,0xF81F,0xF81F,0xF81F,0xF81F,0xF81F,0xF81F,0xF81F,0xF81F,0xF81F,0xF81F,0xF81F,
    0xF81F,0xF81F,0xF81F,0xF81F,0xF81F,0xF81F,0xF81F,0xF81F,0xF81F,0xF81F,0xF81F,0xF81F,
    0xF81F,0xF81F,0xF81F,0xF81F,0xF81F,0xF81F,0xF81F,0xF81F,0xF81F,0xF81F,0xF81F,0xF81F,
    0xF81F,0xF81F,0xF81F,0xF81F,0xF81F,0xF81F,0xF81F,0xF81F,0xF81F,0xF81F,0xF81F,0xF81F,
    0xF81F,0xF81F,0xF81F,0xF81F,0xF81F,0xF81F,0xF81F,0xF81F,0xF81F,0xF81F,0xF81F,0xF81F,
    0xF81F,0xF81F,0xF81F,0xF81F,0xF81F,0xF81F,0xF81F,0xF81F,0xF81F,0xF81F,0xF81F,0xF81F,
    0xF81F,0xF81F,0xF81F,0xF81F,0xF81F,0xF81F,0xF81F,0xF81F,0xF81F,0xF81F,0xF81F,0xF81F,
    0xF81F,0xF81F,0xF81F,0xF81F,0xF81F,0xF81F,0xF81F,0xF81F,0xF81F,0xF81F,0xF81F,0xF81F,
    0xF81F,0xF81F,0xF81F,0xF81F,0xF81F,0xF81F,0xF81F,0xF81F,0xF81F,0xF81F,0xF81F,0xF81F,
    0xF81F,0xF81F,0xF81F,0xF81F,0xF81F,0xF81F,0xF81F,0xF81F,0xF81F,0xF81F,0xF81F,0xF81F,
    0xF81F,0xF81F,0xF81F,0xF81F,0xF81F,0xF81F,0xF81F,0xF81F,0xF81F,0xF81F,0xF81F,0xF81F,
    0xF81F,0xF81F,0xF81F,0xF81F,0xF81F,0xF81F,0xF81F,0xF81F,0xF81F,0xF81F,0xF81F,0xF81F,
    0xF81F,0xF81F,0xF81F,0xF81F,0xF81F,0xF81F,0xF81F,0xF81F,0xF81F,0xF81F,0xF81F,0xF81F,
    0xF81F,0xF81F,0xF81F,0xF81F,0xF81F,0xF81F,0xF81F,0xF81F,0xF81F,0xF81F,0xF81F,0xF81F,
    0xF81F,0xF81F,0xF81F,0xF81F,0xF81F,0xF81F,0xF81F,0xF81F,0xF81F,0xF81F,0xF81F,0xF81F,
    0xF81F,0xF81F,0xF81F,0xF81F,0xF81F,0xF81F,0xF81F,0xF81F,0xF81F,0xF81F,0xF81F,0xF81F,
    0xF81F,0xF81F,0xF81F,0xF81F,0xF81F,0xF81F,0xF81F,0xF81F,0xF81F,0xF81F,0xF81F,0xF81F,
    0xF81F,0xF81F,0xF81F,0xF81F,0xF81F,0xF81F,0xF81F,0xF81F,0xF81F,0xF81F,0xF81F,0xF81F,
    0xF81F,0xF81F,0xF81F,0xF81F,0xF81F,0xF81F,0xF81F,0xF81F,0xF81F,0xF81F,0xF81F,0xF81F,
    0xF81F,0xF81F,0xF81F,0xF81F,0xF81F,0xF81F,0xF81F,0xF81F,0xF81F,0xF81F,0xF81F,0xF81F,
    0xF81F,0xF81F,0xF81F,0xF81F,0xF81F,0xF81F,0xF81F,0xF81F,0xF81F,0xF81F,0xF81F,0xF81F,
    0xF81F,0xF81F,0xF81F,0xF81F,0xF81F,0xF81F,0xF81F,0xF81F,0xF81F,0xF81F,0xF81F,0xF81F,
    0xF81F,0xF81F,0xF81F,0xF81F,0xF81F,0xF81F,0xF81F,0xF81F,0xF81F,0xF81F,0xF81F,0xF81F,
    0xF81F,0xF81F,0xF81F,0xF81F,0xF81F,0xF81F,0xF81F,0xF81F,0xF81F,0xF81F,0xF81F,0xF81F,
    0xF81F,0xF81F,0xF81F,0xF81F,0xF81F,0xF81F,0xF81F,0xF81F,0xF81F,0xF81F,0xF81F,0xF81F,
    0xF81F,0xF81F,0xF81F,0xF81F,0xF81F,0xF81F,0xF81F,0xF81F,0xF81F,0xF81F,0xF81F,0xF81F,
    0xF81F,0xF81F,0xF81F,0xF81F,0xF81F,0xF81F,0xF81F,0xF81F,0xF81F,0xF81F,0xF81F,0xF81F,
    0xF81F,0xF81F,0xF81F,0xF81F,0xF81F,0xF81F,0xF81F,0xF81F,0xF81F,0xF81F,0xF81F,0xF81F,
    0xF81F,0xF81F,0xF81F,0xF81F,0xF81F,0xF81F,0xF81F,0xF81F,0xF81F,0xF81F,0xF81F,0xF81F,
    0xF81F,0xF81F,0xF81F,0xF81F,0xF81F,0xF81F,0xF81F,0xF81F,0xF81F,0xF81F,0xF81F,0xF81F,
    0xF81F,0xF81F,0xF81F,0xF81F,0xF81F,0xF81F,0xF81F,0xF81F,0xF81F,0xF81F,0xF81F,0xF81F,
    0xF81F,0xF81F,0xF81F,0xF81F,0xF81F,0xF81F,0xF81F,0xF81F,0xF81F,0xF81F,0xF81F,0xF81F,
    0xF81F,0xF81F,0xF81F,0xF81F,0xF81F,0xF81F,0xF81F,0xF81F,0xF81F,0xF81F,0xF81F,0xF81F,
    0xF81F,0xF81F,0xF81F,0xF81F,0xF81F,0xF81F,0xF81F,0xF81F,0xF81F,0xF81F,0xF81F,0xF81F,
    0xF81F,0xF81F,0xF81F,0xF81F,0xF81F,0xF81F,0xF81F,0xF81F,0xF81F,0xF81F,0xF81F,0xF81F,
    0xF81F,0xF81F,0xF81F,0xF81F,0xF81F,0xF81F,0xF81F,0xF81F,0xF81F,0xF81F,0xF81F,0xF81F,
    0xF81F,0xF81F,0xF81F,0xF81F,0xF81F,0xF81F,0xF81F,0xF81F,0xF81F,0xF81F,0xF81F,0xF81F,
    0xF81F,0xF81F,0xF81F,0xF81F,0xF81F,0xF81F,0xF81F,0xF81F,0xF81F,0xF81F,0xF81F,0xF81F,
    0xF81F,0xF81F,0xF81F,0xF81F,0xF81F,0xF81F,0xF81F,0xF81F,0xF81F,0xF81F,0xF81F,0xF81F,
    0xF81F,0xF81F,0xF81F,0xF81F,0xF81F,0xF81F,0xF81F,0xF81F,0xF81F,0xF81F,0xF81F,0xF81F,
    0xF81F,0xF81F,0xF81F,0xF81F,0xF81F,0xF81F,0xF81F,0xF81F,0xF81F,0xF81F,0xF81F,0xF81F,
    0xF81F,0xF81F,0xF81F,0xF81F,0xF81F,0xF81F,0xF81F,0xF81F,0xF81F,0xF81F,0xF81F,0xF81F,
    0xF81F,0xF81F,0xF81F,0xF81F,0xF81F,0xF81F,0xF81F,0xF81F,0xF81F,0xF81F,0xF81F,0xF81F,
    0xF81F,0xF81F,0xF81F,0xF81F,0xF81F,0xF81F,0xF81F,0xF81F,0xF81F,0xF81F,0xF81F,0xF81F,
    0xF81F,0xF81F,0xF81F,0xF81F,0xF81F,0xF81F,0xF81F,0xF81F,0xF81F,0xF81F,0xF81F,0xF81F,
    0xF81F,0xF81F,0xF81F,0xF81F,0xF81F,0xF81F,0xF81F,0xF81F,0xF81F,0xF81F,0xF81F,0xF81F,
    0xF81F,0xF81F,0xF81F,0xF81F,0xF81F,0xF81F,0xF81F,0xF81F,0xF81F,0xF81F,0xF81F,0xF81F,
    0xF81F,0xF81F,0xF81F,0xF81F,0xF81F,0xF81F,0xF81F,0xF81F,0xF81F,0xF81F,0xF81F,0xF81F,
    0xF81F,0xF81F,0xF81F,0xF81F,0xF81F,0xF81F,0xF81F,0xF81F,0xF81F,0xF81F,0xF81F,0xF81F,
    0xF81F,0xF81F,0xF81F,0xF81F,0xF81F,0xF81F,0xF81F,0xF81F,0xF81F,0xF81F,0xF81F,0xF81F,
    0xF81F,0xF81F,0xF81F,0xF81F,0xF81F,0xF81F,0xF81F,0xF81F,0xF81F,0xF81F,0xF81F,0xF81F,
    0xF81F,0xF81F,0xF81F,0xF81F,0xF81F,0xF81F,0xF81F,0xF81F,0xF81F,0xF81F,0xF81F,0xF81F,
    0xF81F,0xF81F,0xF81F,0xF81F,0xF81F,0xF81F,0xF81F,0xF81F,0xF81F,0xF81F,0xF81F,0xF81F,
    0xF81F,0xF81F,0xF81F,0xF81F,0xF81F,0xF81F,0xF81F,0xF81F,0xF81F,0xF81F,0xF81F,0xF81F,
    0xF81F,0xF81F,0xF81F,0xF81F,0xF81F,0xF81F,0xF81F,0xF81F,0xF81F,0xF81F,0xF81F,0xF81F,
    0xF81F,0xF81F,0xF81F,0xF81F,0xF81F,0xF81F,0xF81F,0xF81F,0xF81F,0xF81F,0xF81F,0xF81F,
    0xF81F,0xF81F,0xF81F,0xF81F,0xF81F,0xF81F,0xF81F,0xF81F,0xF81F,0xF81F,0xF81F,0xF81F,
    0xF81F,0xF81F,0xF81F,0xF81F,0xF81F,0xF81F,0xF81F,0xF81F,0xF81F,0xF81F,0xF81F,0xF81F,
    0xF81F,0xF81F,0xF81F,0xF81F,0xF81F,0xF81F,0xF81F,0xF81F,0xF81F,0xF81F,0xF81F,0xF81F,
    0xF81F,0xF81F,0xF81F,0xF81F,0xF81F,0xF81F,0xF81F,0xF81F,0xF81F,0xF81F,0xF81F,0xF81F,
    0xF81F,0xF81F,0xF81F,0xF81F,0xF81F,0xF81F,0xF81F,0xF81F,0xF81F,0xF81F,0xF81F,0xF81F,
    0xF81F,0xF81F,0xF81F,0xF81F,0xF81F,0xF81F,0xF81F,0xF81F,0xF81F,0xF81F,0xF81F,0xF81F,
    0xF81F,0xF81F,0xF81F,0xF81F,0xF81F,0xF81F,0xF81F,0xF81F,0xF81F,0xF81F,0xF81F,0xF81F,
    0xF81F,0xF81F,0xF81F,0xF81F,0xF81F,0xF81F,0xF81F,0xF81F,0xF81F,0xF81F,0xF81F,0xF81F,
    0xF81F,0xF81F,0xF81F,0xF81F,0xF81F,0xF81F,0xF81F,0xF81F,0xF81F,0xF81F,0xF81F,0xF81F,
    0xF81F,0xF81F,0xF81F,0xF81F,0xF81F,0xF81F,0xF81F,0xF81F,0xF81F,0xF81F,0xF81F,0xF81F,
    0xF81F,0xF81F,0xF81F,0xF81F,0xF81F,0xF81F,0xF81F,0xF81F,0xF81F,0xF81F,0xF81F,0xF81F,
    0xF81F,0xF81F,0xF81F,0xF81F,0xF81F,0xF81F,0xF81F,0xF81F,0xF81F,0xF81F,0xF81F,0xF81F,
    0xF81F,0xF81F,0xF81F,0xF81F,0xF81F,0xF81F,0xF81F,0xF81F,0xF81F,0xF81F,0xF81F,0xF81F,
    0xF81F,0xF81F,0xF81F,0xF81F,0xF81F,0xF81F,0xF81F,0xF81F,0xF81F,0xF81F,0xF81F,0xF81F,
    0xF81F,0xF81F,0xF81F,0xF81F,0xF81F,0xF81F,0xF81F,0xF81F,0xF81F,0xF81F,0xF81F,0xF81F,
    0xF81F,0xF81F,0xF81F,0xF81F,0xF81F,0xF81F,0xF81F,0xF81F,0xF81F,0xF81F,0xF81F,0xF81F,
    0xF81F,0xF81F,0xF81F,0xF81F,0xF81F,0xF81F,0xF81F,0xF81F,0xF81F,0xF81F,0xF81F,0xF81F,
    0xF81F,0xF81F,0xF81F,0xF81F,0xF81F,0xF81F,0xF81F,0xF81F,0xF81F,0xF81F,0xF81F,0xF81F,
    0xF81F,0xF81F,0xF81F,0xF81F,0xF81F,0xF81F,0xF81F,0xF81F,0xF81F,0xF81F,0xF81F,0xF81F,
    0xF81F,0xF81F,0xF81F,0xF81F,0xF81F,0xF81F,0xF81F,0xF81F,0xF81F,0xF81F,0xF81F,0xF81F,
    0xF81F,0xF81F,0xF81F,0xF81F,0xF81F,0xF81F,0xF81F,0xF81F,0xF81F,0xF81F,0xF81F,0xF81F,
    0xF81F,0xF81F,0xF81F,0xF81F,0xF81F,0xF81F,0xF81F,0xF81F,0xF81F,0xF81F,0xF81F,0xF81F,
    0xF81F,0xF81F,0xF81F,0xF81F,0xF81F,0xF81F,0xF81F,0xF81F,0xF81F,0xF81F,0xF81F,0xF81F,
    0xF81F,0xF81F,0xF81F,0xF81F,0xF81F,0xF81F,0xF81F,0xF81F,0xF81F,0xF81F,0xF81F,0xF81F,
    0xF81F,0xF81F,0xF81F,0xF81F,0xF81F,0xF81F,0xF81F,0xF81F,0xF81F,0xF81F,0xF81F,0xF81F,
    0xF81F,0xF81F,0xF81F,0xF81F,0xF81F,0xF81F,0xF81F,0xF81F,0xF81F,0xF81F,0xF81F,0xF81F,
    0xF81F,0xF81F,0xF81F,0xF81F,0xF81F,0xF81F,0xF81F,0xF81F,0xF81F,0xF81F,0xF81F,0xF81F,
    0xF81F,0xF81F,0xF81F,0xF81F,0xF81F,0xF81F,0xF81F,0xF81F,0xF81F,0xF81F,0xF81F,0xF81F,
    0xF81F,0xF81F,0xF81F,0xF81F,0xF81F,0xF81F,0xF81F,0xF81F,0xF81F,0xF81F,0xF81F,0xF81F,
    0xF81F,0xF81F,0xF81F,0xF81F,0xF81F,0xF81F,0xF81F,0xF81F,0xF81F,0xF81F,0xF81F,0xF81F,
    0xF81F,0xF81F,0xF81F,0xF81F,0xF81F,0xF81F,0xF81F,0xF81F,0xF81F,0xF81F,0xF81F,0xF81F,
    0xF81F,0xF81F,0xF81F,0xF81F,0xF81F,0xF81F,0xF81F,0xF81F,0xF81F,0xF81F,0xF81F,0xF81F,
    0xF81F,0xF81F,0xF81F,0xF81F,0xF81F,0xF81F,0xF81F,0xF81F,0xF81F,0xF81F,0xF81F,0xF81F,
    0xF81F,0xF81F,0xF81F,0xF81F,0xF81F,0xF81F,0xF81F,0xF81F,0xF81F,0xF81F,0xF81F,0xF81F,
    0xF81F,0xF81F,0xF81F,0xF81F,0xF81F,0xF81F,0xF81F,0xF81F,0xF81F,0xF81F,0xF81F,0xF81F,
    0xF81F,0xF81F,0xF81F,0xF81F,0xF81F,0xF81F,0xF81F,0xF81F,0xF81F,0xF81F,0xF81F,0xF81F,
    0xF81F,0xF81F,0xF81F,0xF81F,0xF81F,0xF81F,0xF81F,0xF81F,0xF81F,0xF81F,0xF81F,0xF81F,
    0xF81F,0xF81F,0xF81F,0xF81F,0xF81F,0xF81F,0xF81F,0xF81F,0xF81F,0xF81F,0xF81F,0xF81F,
    0xF81F,0xF81F,0xF81F,0xF81F,0xF81F,0xF81F,0xF81F,0xF81F,0xF81F,0xF81F,0xF81F,0xF81F,
    0xF81F,0xF81F,0xF81F,0xF81F,0xF81F,0xF81F,0xF81F,0xF81F,0xF81F,0xF81F,0xF81F,0xF81F,
    0xF81F,0xF81F,0xF81F,0xF81F,0xF81F,0xF81F,0xF81F,0xF81F,0xF81F,0xF81F,0xF81F,0xF81F,
    0xF81F,0xF81F,0xF81F,0xF81F,0xF81F,0xF81F,0xF81F,0xF81F,0xF81F,0xF81F,0xF81F,0xF81F,
    0xF81F,0xF81F,0xF81F,0xF81F,0xF81F,0xF81F,0xF81F,0xF81F,0xF81F,0xF81F,0xF81F,0xF81F,
    0xF81F,0xF81F,0xF81F,0xF81F,0xF81F,0xF81F,0xF81F,0xF81F,0xF81F,0xF81F,0xF81F,0xF81F,
    0xF81F,0xF81F,0xF81F,0xF81F,0xF81F,0xF81F,0xF81F,0xF81F,0xF81F,0xF81F,0xF81F,0xF81F,
    0xF81F,0xF81F,0xF81F,0xF81F,0xF81F,0xF81F,0xF81F,0xF81F,0xF81F,0xF81F,0xF81F,0xF81F,
    0xF81F,0xF81F,0xF81F,0xF81F,0xF81F,0xF81F,0xF81F,0xF81F,0xF81F,0xF81F,0xF81F,0xF81F,
    0xF81F,0xF81F,0xF81F,0xF81F,0xF81F,0xF81F,0xF81F,0xF81F,0xF81F,0xF81F,0xF81F,0xF81F,
    0xF81F,0xF81F,0xF81F,0xF81F,0xF81F,0xF81F,0xF81F,0xF81F,0xF81F,0xF81F,0xF81F,0xF81F,
    0xF81F,0xF81F,0xF81F,0xF81F,0xF81F,0xF81F,0xF81F,0xF81F,0xF81F,0xF81F,0xF81F,0xF81F,
    0xF81F,0xF81F,0xF81F,0xF81F,0xF81F,0xF81F,0xF81F,0xF81F,0xF81F,0xF81F,0xF81F,0xF81F,
    0xF81F,0xF81F,0xF81F,0xF81F,0xF81F,0xF81F,0xF81F,0xF81F,0xF81F,0xF81F,0xF81F,0xF81F,
    0xF81F,0xF81F,0xF81F,0xF81F,0xF81F,0xF81F,0xF81F,0xF81F,0xF81F,0xF81F,0xF81F,0xF81F,
    0xF81F,0xF81F,0xF81F,0xF81F,0xF81F,0xF81F,0xF81F,0xF81F,0xF81F,0xF81F,0xF81F,0xF81F,
    0xF81F,0xF81F,0xF81F,0xF81F,0xF81F,0xF81F,0xF81F,0xF81F,0xF81F,0xF81F,0xF81F,0xF81F,
    0xF81F,0xF81F,0xF81F,0xF81F,0xF81F,0xF81F,0xF81F,0xF81F,0xF81F,0xF81F,0xF81F,0xF81F,
    0xF81F,0xF81F,0xF81F,0xF81F,0xF81F,0xF81F,0xF81F,0xF81F,0xF81F,0xF81F,0xF81F,0xF81F,
    0xF81F,0xF81F,0xF81F,0xF81F,0xF81F,0xF81F,0xF81F,0xF81F,0xF81F,0xF81F,0xF81F,0xF81F,
    0xF81F,0xF81F,0xF81F,0xF81F,0xF81F,0xF81F,0xF81F,0xF81F,0xF81F,0xF81F,0xF81F,0xF81F,
    0xF81F,0xF81F,0xF81F,0xF81F,0xF81F,0xF81F,0xF81F,0xF81F,0xF81F,0xF81F,0xF81F,0xF81F,
    0xF81F,0xF81F,0xF81F,0xF81F,0xF81F,0xF81F,0xF81F,0xF81F,0xF81F,0xF81F,0xF81F,0xF81F,
    0xF81F,0xF81F,0xF81F,0xF81F,0xF81F,0xF81F,0xF81F,0xF81F,0xF81F,0xF81F,0xF81F,0xF81F,
    0xF81F,0xF81F,0xF81F,0xF81F,0xF81F,0xF81F,0xF81F,0xF81F,0xF81F,0xF81F,0xF81F,0xF81F,
    0xF81F,0xF81F,0xF81F,0xF81F,0xF81F,0xF81F,0xF81F,0xF81F,0xF81F,0xF81F,0xF81F,0xF81F,
    0xF81F,0xF81F,0xF81F,0xF81F,0xF81F,0xF81F,0xF81F,0xF81F,0xF81F,0xF81F,0xF81F,0xF81F,
    0xF81F,0xF81F,0xF81F,0xF81F,0xF81F,0xF81F,0xF81F,0xF81F,0xF81F,0xF81F,0xF81F,0xF81F,
    0xF81F,0xF81F,0xF81F,0xF81F,0xF81F,0xF81F,0xF81F,0xF81F,0xF81F,0xF81F,0xF81F,0xF81F,
    0xF81F,0xF81F,0xF81F,0xF81F,0xF81F,0xF81F,0xF81F,0xF81F,0xF81F,0xF81F,0xF81F,0xF81F,
    0xF81F,0xF81F,0xF81F,0xF81F,0xF81F,0xF81F,0xF81F,0xF81F,0xF81F,0xF81F,0xF81F,0xF81F,
    0xF81F,0xF81F,0xF81F,0xF81F,0xF81F,0xF81F,0xF81F,0xF81F,0xF81F,0xF81F,0xF81F,0xF81F,
    0xF81F,0xF81F,0xF81F,0xF81F,0xF81F,0xF81F,0xF81F,0xF81F,0xF81F,0xF81F,0xF81F,0xF81F,
};
inline const uint16_t* const img_end_normal_frames[1] = { img_end_normal_0 };
