// 由 tools/build_assets.py 自動產生（來源 web/demo-assets），請勿手改。
#pragma once
#include <cstdint>

constexpr int IMG_IDLE_W = 150;
constexpr int IMG_IDLE_H = 150;
constexpr int IMG_IDLE_N = 3;

inline const uint16_t img_idle_0[22500] = {
    0xF81F,0xF81F,0xF81F,0xF81F,0xF81F,0xF81F,0xF81F,0xF81F,0xF81F,0xF81F,0xF81F,0xF81F,
    0xF81F,0xF81F,0xF81F,0xF81F,0xF81F,0xF81F,0xF81F,0xF81F,0xF81F,0xF81F,0xF81F,0xF81F,
    0xF81F,0xF81F,0xF81F,0xF81F,0xF81F,0xF81F,0xF81F,0xF81F,0xF81F,0xF81F,0xF81F,0xF81F,
    0xF81F,0xF81F,0xF81F,0xF81F,0xF81F,0xF81F,0xF81F,0xF81F,0xF81F,0xF81F,0xF81F,0xF81F,
    0xF81F,0xF81F,0xF81F,0xF81F,0xF81F,0xF81F,0xF81F,0xF81F,0xF81F,0xF81F,0xF81F,0xF81F,
    0xF81F,0xF81F,0xF81F,0xF81F,0xF81F,0xF81F,0xF81F,0xF81F,0xF81F,0xF81F,0xF81F,0xF81F,
    0xF81F,0xF81F,0xF81F,0xF81F,0xF81F,0xF81F,0xF81F,0xF81F,0xF81F,0xF81F,0xF81F,0xF81F,
    0xF81F,0xF81F,0xF81F,0xF81F,0xF81F,0xF81F,0xF81F,0xF81F,0xF81F,0xF81F,0xF81F,0xF81F,
    0xF81F,0xF81F,0xF81F,0xF81F,0xF81F,0xF81F,0xF81F,0xF81F,0xF81F,0xF81F,0xF81F,0xF81F,
    0xF81F,0xF81F,0xF81F,0xF81F,0xF81F,0xF81F,0xF81F,0xF81F,0xF81F,0xF81F,0xF81F,0xF81F,
    0xF81F,0xF81F,0xF81F,0xF81F,0xF81F,0xF81F,0xF81F,0xF81F,0xF81F,0xF81F,0xF81F,0xF81F,
    0xF81F,0xF81F,0xF81F,0xF81F,0xF81F,0xF81F,0xF81F,0xF81F,0xF81F,0xF81F,0xF81F,0xF81F,
    0xF81F,0xF81F,0xF81F,0xF81F,0xF81F,0xF81F,0xF81F,0xF81F,0xF81F,0xF81F,0xF81F,0xF81F,
    0xF81F,0xF81F,0xF81F,0xF81F,0xF81F,0xF81F,0xF81F,0xF81F,0xF81F,0xF81F,0xF81F,0xF81F,
    0xF81F,0xF81F,0xF81F,0xF81F,0xF81F,0xF81F,0xF81F,0xF81F,0xF81F,0xF81F,0xF81F,0xF81F,
    0xF81F,0xF81F,0xF81F,0xF81F,0xF81F,0xF81F,0xF81F,0xF81F,0xF81F,0xF81F,0xF81F,0xF81F,
    0xF81F,0xF81F,0xF81F,0xF81F,0xF81F,0xF81F,0xF81F,0xF81F,0xF81F,0xF81F,0xF81F,0xF81F,
    0xF81F,0xF81F,0xF81F,0xF81F,0xF81F,0xF81F,0xF81F,0xF81F,0xF81F,0xF81F,0xF81F,0xF81F,
    0xF81F,0xF81F,0xF81F,0xF81F,0xF81F,0xF81F,0xF81F,0xF81F,0xF81F,0xF81F,0xF81F,0xF81F,
    0xF81F,0xF81F,0xF81F,0xF81F,0xF81F,0xF81F,0xF81F,0xF81F,0xF81F,0xF81F,0xF81F,0xF81F,
    0xF81F,0xF81F,0xF81F,0xF81F,0xF81F,0xF81F,0xF81F,0xF81F,0xF81F,0xF81F,0xF81F,0xF81F,
    0xF81F,0xF81F,0xF81F,0xF81F,0xF81F,0xF81F,0xF81F,0xF81F,0xF81F,0xF81F,0xF81F,0xF81F,
    0xF81F,0xF81F,0xF81F,0xF81F,0xF81F,0xF81F,0xF81F,0xF81F,0xF81F,0xF81F,0xF81F,0xF81F,
    0xF81F,0xF81F,0xF81F,0xF81F,0xF81F,0xF81F,0xF81F,0xF81F,0xF81F,0xF81F,0xF81F,0xF81F,
    0xF81F,0xF81F,0xF81F,0xF81F,0xF81F,0xF81F,0xF81F,0xF81F,0xF81F,0xF81F,0xF81F,0xF81F,
    0xF81F,0xF81F,0xF81F,0xF81F,0xF81F,0xF81F,0xF81F,0xF81F,0xF81F,0xF81F,0xF81F,0xF81F,
    0xF81F,0xF81F,0xF81F,0xF81F,0xF81F,0xF81F,0xF81F,0xF81F,0xF81F,0xF81F,0xF81F,0xF81F,
    0xF81F,0xF81F,0xF81F,0xF81F,0xF81F,0xF81F,0xF81F,0xF81F,0xF81F,0xF81F,0xF81F,0xF81F,
    0xF81F,0xF81F,0xF81F,0xF81F,0xF81F,0xF81F,0xF81F,0xF81F,0xF81F,0xF81F,0xF81F,0xF81F,
    0xF81F,0xF81F,0xF81F,0xF81F,0xF81F,0xF81F,0xF81F,0xF81F,0xF81F,0xF81F,0xF81F,0xF81F,
    0xF81F,0xF81F,0xF81F,0xF81F,0xF81F,0xF81F,0xF81F,0xF81F,0xF81F,0xF81F,0xF81F,0xF81F,
    0xF81F,0xF81F,0xF81F,0xF81F,0xF81F,0xF81F,0xF81F,0xF81F,0xF81F,0xF81F,0xF81F,0xF81F,
    0xF81F,0xF81F,0xF81F,0xF81F,0xF81F,0xF81F,0xF81F,0xF81F,0xF81F,0xF81F,0xF81F,0xF81F,
    0xF81F,0xF81F,0xF81F,0xF81F,0xF81F,0xF81F,0xF81F,0xF81F,0xF81F,0xF81F,0xF81F,0xF81F,
    0xF81F,0xF81F,0xF81F,0xF81F,0xF81F,0xF81F,0xF81F,0xF81F,0xF81F,0xF81F,0xF81F,0xF81F,
    0xF81F,0xF81F,0xF81F,0xF81F,0xF81F,0xF81F,0xF81F,0xF81F,0xF81F,0xF81F,0xF81F,0xF81F,
    0xF81F,0xF81F,0xF81F,0xF81F,0xF81F,0xF81F,0xF81F,0xF81F,0xF81F,0xF81F,0xF81F,0xF81F,
    0xF81F,0xF81F,0xF81F,0xF81F,0xF81F,0xF81F,0xF81F,0xF81F,0xF81F,0xF81F,0xF81F,0xF81F,
    0xF81F,0xF81F,0xF81F,0xF81F,0xF81F,0xF81F,0xF81F,0xF81F,0xF81F,0xF81F,0xF81F,0xF81F,
    0xF81F,0xF81F,0xF81F,0xF81F,0xF81F,0xF81F,0xF81F,0xF81F,0xF81F,0xF81F,0xF81F,0xF81F,
    0xF81F,0xF81F,0xF81F,0xF81F,0xF81F,0xF81F,0xF81F,0xF81F,0xF81F,0xF81F,0xF81F,0xF81F,
    0xF81F,0xF81F,0xF81F,0xF81F,0xF81F,0xF81F,0xF81F,0xF81F,0xF81F,0xF81F,0xF81F,0xF81F,
    0xF81F,0xF81F,0xF81F,0xF81F,0xF81F,0xF81F,0xF81F,0xF81F,0xF81F,0xF81F,0xF81F,0xF81F,
    0xF81F,0xF81F,0xF81F,0xF81F,0xF81F,0xF81F,0xF81F,0xF81F,0xF81F,0xF81F,0xF81F,0xF81F,
    0xF81F,0xF81F,0xF81F,0xF81F,0xF81F,0xF81F,0xF81F,0xF81F,0xF81F,0xF81F,0xF81F,0xF81F,
    0xF81F,0xF81F,0xF81F,0xF81F,0xF81F,0xF81F,0xF81F,0xF81F,0xF81F,0xF81F,0xF81F,0xF81F,
    0xF81F,0xF81F,0xF81F,0xF81F,0xF81F,0xF81F,0xF81F,0xF81F,0xF81F,0xF81F,0xF81F,0xF81F,
    0xF81F,0xF81F,0xF81F,0xF81F,0xF81F,0xF81F,0xF81F,0xF81F,0xF81F,0xF81F,0xF81F,0xF81F,
    0xF81F,0xF81F,0xF81F,0xF81F,0xF81F,0xF81F,0xF81F,0xF81F,0xF81F,0xF81F,0xF81F,0xF81F,
    0xF81F,0xF81F,0xF81F,0xF81F,0xF81F,0xF81F,0xF81F,0xF81F,0xF81F,0xF81F,0xF81F,0xF81F,
    0xF81F,0xF81F,0xF81F,0xF81F,0xF81F,0xF81F,0xF81F,0xF81F,0xF81F,0xF81F,0xF81F,0xF81F,
    0xF81F,0xF81F,0xF81F,0xF81F,0xF81F,0xF81F,0xF81F,0xF81F,0xF81F,0xF81F,0xF81F,0xF81F,
    0xF81F,0xF81F,0xF81F,0xF81F,0xF81F,0xF81F,0xF81F,0xF81F,0xF81F,0xF81F,0xF81F,0xF81F,
    0xF81F,0xF81F,0xF81F,0xF81F,0xF81F,0xF81F,0xF81F,0xF81F,0xF81F,0xF81F,0xF81F,0xF81F,
    0xF81F,0xF81F,0xF81F,0xF81F,0xF81F,0xF81F,0xF81F,0xF81F,0xF81F,0xF81F,0xF81F,0xF81F,
    0xF81F,0xF81F,0xF81F,0xF81F,0xF81F,0xF81F,0xF81F,0xF81F,0xF81F,0xF81F,0xF81F,0xF81F,
    0xF81F,0xF81F,0xF81F,0xF81F,0xF81F,0xF81F,0xF81F,0xF81F,0xF81F,0xF81F,0xF81F,0xF81F,
    0xF81F,0xF81F,0xF81F,0xF81F,0xF81F,0xF81F,0xF81F,0xF81F,0xF81F,0xF81F,0xF81F,0xF81F,
    0xF81F,0xF81F,0xF81F,0xF81F,0xF81F,0xF81F,0xF81F,0xF81F,0xF81F,0xF81F,0xF81F,0xF81F,
    0xF81F,0xF81F,0xF81F,0xF81F,0xF81F,0xF81F,0xF81F,0xF81F,0xF81F,0xF81F,0xF81F,0xF81F,
    0xF81F,0xF81F,0xF81F,0xF81F,0xF81F,0xF81F,0xF81F,0xF81F,0xF81F,0xF81F,0xF81F,0xF81F,
    0xF81F,0xF81F,0xF81F,0xF81F,0xF81F,0xF81F,0xF81F,0xF81F,0xF81F,0xF81F,0xF81F,0xF81F,
    0xF81F,0xF81F,0xF81F,0xF81F,0xF81F,0xF81F,0xF81F,0xF81F,0xF81F,0xF81F,0xF81F,0xF81F,
    0xF81F,0xF81F,0xF81F,0xF81F,0xF81F,0xF81F,0xF81F,0xF81F,0xF81F,0xF81F,0xF81F,0xF81F,
    0xF81F,0xF81F,0xF81F,0xF81F,0xF81F,0xF81F,0xF81F,0xF81F,0xF81F,0xF81F,0xF81F,0xF81F,
    0xF81F,0xF81F,0xF81F,0xF81F,0xF81F,0xF81F,0xF81F,0xF81F,0xF81F,0xF81F,0xF81F,0xF81F,
    0xF81F,0xF81F,0xF81F,0xF81F,0xF81F,0xF81F,0xF81F,0xF81F,0xF81F,0xF81F,0xF81F,0xF81F,
    0xF81F,0xF81F,0xF81F,0xF81F,0xF81F,0xF81F,0xF81F,0xF81F,0xF81F,0xF81F,0xF81F,0xF81F,
    0xF81F,0xF81F,0xF81F,0xF81F,0xF81F,0xF81F,0xF81F,0xF81F,0xF81F,0xF81F,0xF81F,0xF81F,
    0xF81F,0xF81F,0xF81F,0xF81F,0xF81F,0xF81F,0xF81F,0xF81F,0xF81F,0xF81F,0xF81F,0xF81F,
    0xF81F,0xF81F,0xF81F,0xF81F,0xF81F,0xF81F,0xF81F,0xF81F,0xF81F,0xF81F,0xF81F,0xF81F,
    0xF81F,0xF81F,0xF81F,0xF81F,0xF81F,0xF81F,0xF81F,0xF81F,0xF81F,0xF81F,0xF81F,0xF81F,
    0xF81F,0xF81F,0xF81F,0xF81F,0xF81F,0xF81F,0xF81F,0xF81F,0xF81F,0xF81F,0xF81F,0xF81F,
    0xF81F,0xF81F,0xF81F,0xF81F,0xF81F,0xF81F,0xF81F,0xF81F,0xF81F,0xF81F,0xF81F,0xF81F,
    0xF81F,0xF81F,0xF81F,0xF81F,0xF81F,0xF81F,0xF81F,0xF81F,0xF81F,0xF81F,0xF81F,0xF81F,
    0xF81F,0xF81F,0xF81F,0xF81F,0xF81F,0xF81F,0xF81F,0xF81F,0xF81F,0xF81F,0xF81F,0xF81F,
    0xF81F,0xF81F,0xF81F,0xF81F,0xF81F,0xF81F,0xF81F,0xF81F,0xF81F,0xF81F,0xF81F,0xF81F,
    0xF81F,0xF81F,0xF81F,0xF81F,0xF81F,0xF81F,0xF81F,0xF81F,0xF81F,0xF81F,0xF81F,0xF81F,
    0xF81F,0xF81F,0xF81F,0xF81F,0xF81F,0xF81F,0xF81F,0xF81F,0xF81F,0xF81F,0xF81F,0xF81F,
    0xF81F,0xF81F,0xF81F,0xF81F,0xF81F,0xF81F,0xF81F,0xF81F,0xF81F,0xF81F,0xF81F,0xF81F,
    0xF81F,0xF81F,0xF81F,0xF81F,0xF81F,0xF81F,0xF81F,0xF81F,0xF81F,0xF81F,0xF81F,0xF81F,
    0xF81F,0xF81F,0xF81F,0xF81F,0xF81F,0xF81F,0xF81F,0xF81F,0xF81F,0xF81F,0xF81F,0xF81F,
    0xF81F,0xF81F,0xF81F,0xF81F,0xF81F,0xF81F,0xF81F,0xF81F,0xF81F,0xF81F,0xF81F,0xF81F,
    0xF81F,0xF81F,0xF81F,0xF81F,0xF81F,0xF81F,0xF81F,0xF81F,0xF81F,0xF81F,0xF81F,0xF81F,
    0xF81F,0xF81F,0xF81F,0xF81F,0xF81F,0xF81F,0xF81F,0xF81F,0xF81F,0xF81F,0xF81F,0xF81F,
    0xF81F,0xF81F,0xF81F,0xF81F,0xF81F,0xF81F,0xF81F,0xF81F,0xF81F,0xF81F,0xF81F,0xF81F,
    0xF81F,0xF81F,0xF81F,0xF81F,0xF81F,0xF81F,0xF81F,0xF81F,0xF81F,0xF81F,0xF81F,0xF81F,
    0xF81F,0xF81F,0xF81F,0xF81F,0xF81F,0xF81F,0xF81F,0xF81F,0xF81F,0xF81F,0xF81F,0xF81F,
    0xF81F,0xF81F,0xF81F,0xF81F,0xF81F,0xF81F,0xF81F,0xF81F,0xF81F,0xF81F,0xF81F,0xF81F,
    0xF81F,0xF81F,0xF81F,0xF81F,0xF81F,0xF81F,0xF81F,0xF81F,0xF81F,0xF81F,0xF81F,0xF81F,
    0xF81F,0xF81F,0xF81F,0xF81F,0xF81F,0xF81F,0xF81F,0xF81F,0xF81F,0xF81F,0xF81F,0xF81F,
    0xF81F,0xF81F,0xF81F,0xF81F,0xF81F,0xF81F,0xF81F,0xF81F,0xF81F,0xF81F,0xF81F,0xF81F,
    0xF81F,0xF81F,0xF81F,0xF81F,0xF81F,0xF81F,0xF81F,0xF81F,0xF81F,0xF81F,0xF81F,0xF81F,
    0xF81F,0xF81F,0xF81F,0xF81F,0xF81F,0xF81F,0xF81F,0xF81F,0xF81F,0xF81F,0xF81F,0xF81F,
    0xF81F,0xF81F,0xF81F,0xF81F,0xF81F,0xF81F,0xF81F,0xF81F,0xF81F,0xF81F,0xF81F,0xF81F,
    0xF81F,0xF81F,0xF81F,0xF81F,0xF81F,0xF81F,0xF81F,0xF81F,0xF81F,0xF81F,0xF81F,0xF81F,
    0xF81F,0xF81F,0xF81F,0xF81F,0xF81F,0xF81F,0xF81F,0xF81F,0xF81F,0xF81F,0xF81F,0xF81F,
    0xF81F,0xF81F,0xF81F,0xF81F,0xF81F,0xF81F,0xF81F,0xF81F,0xF81F,0xF81F,0xF81F,0xF81F,
    0xF81F,0xF81F,0xF81F,0xF81F,0xF81F,0xF81F,0xF81F,0xF81F,0xF81F,0xF81F,0xF81F,0xF81F,
    0xF81F,0xF81F,0xF81F,0xF81F,0xF81F,0xF81F,0xF81F,0xF81F,0xF81F,0xF81F,0xF81F,0xF81F,
    0xF81F,0xF81F,0xF81F,0xF81F,0xF81F,0xF81F,0xF81F,0xF81F,0xF81F,0xF81F,0xF81F,0xF81F,
    0xF81F,0xF81F,0xF81F,0xF81F,0xF81F,0xF81F,0xF81F,0xF81F,0xF81F,0xF81F,0xF81F,0xF81F,
    0xF81F,0xF81F,0xF81F,0xF81F,0xF81F,0xF81F,0xF81F,0xF81F,0xF81F,0xF81F,0xF81F,0xF81F,
    0xF81F,0xF81F,0xF81F,0xF81F,0xF81F,0xF81F,0xF81F,0xF81F,0xF81F,0xF81F,0xF81F,0xF81F,
    0xF81F,0xF81F,0xF81F,0xF81F,0xF81F,0xF81F,0xF81F,0xF81F,0xF81F,0xF81F,0xF81F,0xF81F,
    0xF81F,0xF81F,0xF81F,0xF81F,0xF81F,0xF81F,0xF81F,0xF81F,0xF81F,0xF81F,0xF81F,0xF81F,
    0xF81F,0xF81F,0xF81F,0xF81F,0xF81F,0xF81F,0xF81F,0xF81F,0xF81F,0xF81F,0xF81F,0xF81F,
    0xF81F,0xF81F,0xF81F,0xF81F,0xF81F,0xF81F,0xF81F,0xF81F,0xF81F,0xF81F,0xF81F,0xF81F,
    0xF81F,0xF81F,0xF81F,0xF81F,0xF81F,0xF81F,0xF81F,0xF81F,0xF81F,0xF81F,0xF81F,0xF81F,
    0xF81F,0xF81F,0xF81F,0xF81F,0xF81F,0xF81F,0xF81F,0xF81F,0xF81F,0xF81F,0xF81F,0xF81F,
    0xF81F,0xF81F,0xF81F,0xF81F,0xF81F,0xF81F,0xF81F,0xF81F,0xF81F,0xF81F,0xF81F,0xF81F,
    0xF81F,0xF81F,0xF81F,0xF81F,0xF81F,0xF81F,0xF81F,0xF81F,0xF81F,0xF81F,0xF81F,0xF81F,
    0xF81F,0xF81F,0xF81F,0xF81F,0xF81F,0xF81F,0xF81F,0xF81F,0xF81F,0xF81F,0xF81F,0xF81F,
    0xF81F,0xF81F,0xF81F,0xF81F,0xF81F,0xF81F,0xF81F,0xF81F,0xF81F,0xF81F,0xF81F,0xF81F,
    0xF81F,0xF81F,0xF81F,0xF81F,0xF81F,0xF81F,0xF81F,0xF81F,0xF81F,0xF81F,0xF81F,0xF81F,
    0xF81F,0xF81F,0xF81F,0xF81F,0xF81F,0xF81F,0xF81F,0xF81F,0xF81F,0xF81F,0xF81F,0xF81F,
    0xF81F,0xF81F,0xF81F,0xF81F,0xF81F,0xF81F,0xF81F,0xF81F,0xF81F,0xF81F,0xF81F,0xF81F,
    0xF81F,0xF81F,0xF81F,0xF81F,0xF81F,0xF81F,0xF81F,0xF81F,0xF81F,0xF81F,0xF81F,0xF81F,
    0xF81F,0xF81F,0xF81F,0xF81F,0xF81F,0xF81F,0xF81F,0xF81F,0xF81F,0xF81F,0xF81F,0xF81F,
    0xF81F,0xF81F,0xF81F,0xF81F,0xF81F,0xF81F,0xF81F,0xF81F,0xF81F,0xF81F,0xF81F,0xF81F,
    0xF81F,0xF81F,0xF81F,0xF81F,0xF81F,0xF81F,0xF81F,0xF81F,0xF81F,0xF81F,0xF81F,0xF81F,
    0xF81F,0xF81F,0xF81F,0xF81F,0xF81F,0xF81F,0xF81F,0xF81F,0xF81F,0xF81F,0xF81F,0xF81F,
    0xF81F,0xF81F,0xF81F,0xF81F,0xF81F,0xF81F,0xF81F,0xF81F,0xF81F,0xF81F,0xF81F,0xF81F,
    0xF81F,0xF81F,0xF81F,0xF81F,0xF81F,0xF81F,0xF81F,0xF81F,0xF81F,0xF81F,0xF81F,0xF81F,
    0xF81F,0xF81F,0xF81F,0xF81F,0xF81F,0xF81F,0xF81F,0xF81F,0xF81F,0xF81F,0xF81F,0xF81F,
    0xF81F,0xF81F,0xF81F,0xF81F,0xF81F,0xF81F,0xF81F,0xF81F,0xF81F,0xF81F,0xF81F,0xF81F,
    0xF81F,0xF81F,0xF81F,0xF81F,0xF81F,0xF81F,0xF81F,0xF81F,0xF81F,0xF81F,0xF81F,0xF81F,
    0xF81F,0xF81F,0xF81F,0xF81F,0xF81F,0xF81F,0xF81F,0xF81F,0xF81F,0xF81F,0xF81F,0xF81F,
    0xF81F,0xF81F,0xF81F,0xF81F,0xF81F,0xF81F,0xF81F,0xF81F,0xF81F,0xF81F,0xF81F,0xF81F,
    0xF81F,0xF81F,0xF81F,0xF81F,0xF81F,0xF81F,0xF81F,0xF81F,0xF81F,0xF81F,0xF81F,0xF81F,
    0xF81F,0xF81F,0xF81F,0xF81F,0xF81F,0xF81F,0xF81F,0xF81F,0xF81F,0xF81F,0xF81F,0xF81F,
    0xF81F,0xF81F,0xF81F,0xF81F,0xF81F,0xF81F,0xF81F,0xF81F,0xF81F,0xF81F,0xF81F,0xF81F,
    0xF81F,0xF81F,0xF81F,0xF81F,0xF81F,0xF81F,0xF81F,0xF81F,0xF81F,0xF81F,0xF81F,0xF81F,
    0xF81F,0xF81F,0xF81F,0xF81F,0xF81F,0xF81F,0xF81F,0xF81F,0xF81F,0xF81F,0xF81F,0xF81F,
    0xF81F,0xF81F,0xF81F,0xF81F,0xF81F,0xF81F,0xF81F,0xF81F,0xF81F,0xF81F,0xF81F,0xF81F,
    0xF81F,0xF81F,0xF81F,0xF81F,0xF81F,0xF81F,0xF81F,0xF81F,0xF81F,0xF81F,0xF81F,0xF81F,
    0xF81F,0xF81F,0xF81F,0xF81F,0xF81F,0xF81F,0xF81F,0xF81F,0xF81F,0xF81F,0xF81F,0xF81F,
    0xF81F,0xF81F,0xF81F,0xF81F,0xF81F,0xF81F,0xF81F,0xF81F,0xF81F,0xF81F,0xF81F,0xF81F,
    0xF81F,0xF81F,0xF81F,0xF81F,0xF81F,0xF81F,0xF81F,0xF81F,0xF81F,0xF81F,0xF81F,0xF81F,
    0xF81F,0xF81F,0xF81F,0xF81F,0xF81F,0xF81F,0xF81F,0xF81F,0xF81F,0xF81F,0xF81F,0xF81F,
    0xF81F,0xF81F,0xF81F,0xF81F,0xF81F,0xF81F,0xF81F,0xF81F,0xF81F,0xF81F,0xF81F,0xF81F,
    0xF81F,0xF81F,0xF81F,0xF81F,0xF81F,0xF81F,0xF81F,0xF81F,0xF81F,0xF81F,0xF81F,0xF81F,
    0xF81F,0xF81F,0xF81F,0xF81F,0xF81F,0xF81F,0xF81F,0xF81F,0xF81F,0xF81F,0xF81F,0xF81F,
    0xF81F,0xF81F,0xF81F,0xF81F,0xF81F,0xF81F,0xF81F,0xF81F,0xF81F,0xF81F,0xF81F,0xF81F,
    0xF81F,0xF81F,0xF81F,0xF81F,0xF81F,0xF81F,0xF81F,0xF81F,0xF81F,0xF81F,0xF81F,0xF81F,
    0xF81F,0xF81F,0xF81F,0xF81F,0xF81F,0xF81F,0xF81F,0xF81F,0xF81F,0xF81F,0xF81F,0xF81F,
    0xF81F,0xF81F,0xF81F,0xF81F,0xF81F,0xF81F,0xF81F,0xF81F,0xF81F,0xF81F,0xF81F,0xF81F,
    0xF81F,0xF81F,0xF81F,0xF81F,0xF81F,0xF81F,0xF81F,0xF81F,0xF81F,0xF81F,0xF81F,0xF81F,
    0xF81F,0xF81F,0xF81F,0xF81F,0xF81F,0xF81F,0xF81F,0xF81F,0xF81F,0xF81F,0xF81F,0xF81F,
    0xF81F,0xF81F,0xF81F,0xF81F,0xF81F,0xF81F,0xF81F,0xF81F,0xF81F,0xF81F,0xF81F,0xF81F,
    0xF81F,0xF81F,0xF81F,0xF81F,0xF81F,0xF81F,0xF81F,0xF81F,0xF81F,0xF81F,0xF81F,0xF81F,
    0xF81F,0xF81F,0xF81F,0xF81F,0xF81F,0xF81F,0xF81F,0xF81F,0xF81F,0xF81F,0xF81F,0xF81F,
    0xF81F,0xF81F,0xF81F,0xF81F,0xF81F,0xF81F,0xF81F,0xF81F,0xF81F,0xF81F,0xF81F,0xF81F,
    0xF81F,0xF81F,0xF81F,0xF81F,0xF81F,0xF81F,0xF81F,0xF81F,0xF81F,0xF81F,0xF81F,0xF81F,
    0xF81F,0xF81F,0xF81F,0xF81F,0xF81F,0xF81F,0xF81F,0xF81F,0xF81F,0xF81F,0xF81F,0xF81F,
    0xF81F,0xF81F,0xF81F,0xF81F,0xF81F,0xF81F,0xF81F,0xF81F,0xF81F,0xF81F,0xF81F,0xF81F,
    0xF81F,0xF81F,0xF81F,0xF81F,0xF81F,0xF81F,0xF81F,0xF81F,0xF81F,0xF81F,0xF81F,0xF81F,
    0xF81F,0xF81F,0xF81F,0xF81F,0xF81F,0xF81F,0xF81F,0xF81F,0xF81F,0xF81F,0xF81F,0xF81F,
    0xF81F,0xF81F,0xF81F,0xF81F,0xF81F,0xF81F,0xF81F,0xF81F,0xF81F,0xF81F,0xF81F,0xF81F,
    0xF81F,0xF81F,0xF81F,0xF81F,0xF81F,0xF81F,0xF81F,0xF81F,0xF81F,0xF81F,0xF81F,0xF81F,
    0xF81F,0xF81F,0xF81F,0xF81F,0xF81F,0xF81F,0xF81F,0xF81F,0xF81F,0xF81F,0xF81F,0xF81F,
    0xF81F,0xF81F,0xF81F,0xF81F,0xF81F,0xF81F,0xF81F,0xF81F,0xF81F,0xF81F,0xF81F,0xF81F,
    0xF81F,0xF81F,0xF81F,0xF81F,0xF81F,0xF81F,0xF81F,0xF81F,0xF81F,0xF81F,0xF81F,0xF81F,
    0xF81F,0xF81F,0xF81F,0xF81F,0xF81F,0xF81F,0xF81F,0xF81F,0xF81F,0xF81F,0xF81F,0xF81F,
    0xF81F,0xF81F,0xF81F,0xF81F,0xF81F,0xF81F,0xF81F,0xF81F,0xF81F,0xF81F,0xF81F,0xF81F,
    0xF81F,0xF81F,0xF81F,0xF81F,0xF81F,0xF81F,0xF81F,0xF81F,0xF81F,0xF81F,0xF81F,0xF81F,
    0xF81F,0xF81F,0xF81F,0xF81F,0xF81F,0xF81F,0xF81F,0xF81F,0xF81F,0xF81F,0xF81F,0xF81F,
    0xF81F,0xF81F,0xF81F,0xF81F,0xF81F,0xF81F,0xF81F,0xF81F,0xF81F,0xF81F,0xF81F,0xF81F,
    0xF81F,0xF81F,0xF81F,0xF81F,0xF81F,0xF81F,0xF81F,0xF81F,0xF81F,0xF81F,0xF81F,0xF81F,
    0xF81F,0xF81F,0xF81F,0xF81F,0xF81F,0xF81F,0xF81F,0xF81F,0xF81F,0xF81F,0xF81F,0xF81F,
    0xF81F,0xF81F,0xF81F,0xF81F,0xF81F,0xF81F,0xF81F,0xF81F,0xF81F,0xF81F,0xF81F,0xF81F,
    0xF81F,0xF81F,0xF81F,0xF81F,0xF81F,0xF81F,0xF81F,0xF81F,0xF81F,0xF81F,0xF81F,0xF81F,
    0xF81F,0xF81F,0xF81F,0xF81F,0xF81F,0xF81F,0xF81F,0xF81F,0xF81F,0xF81F,0xF81F,0xF81F,
    0xF81F,0xF81F,0xF81F,0xF81F,0xF81F,0xF81F,0xF81F,0xF81F,0xF81F,0xF81F,0xF81F,0xF81F,
    0xF81F,0xF81F,0xF81F,0xF81F,0xF81F,0xF81F,0xF81F,0xF81F,0xF81F,0xF81F,0xF81F,0xF81F,
    0xF81F,0xF81F,0xF81F,0xF81F,0xF81F,0xF81F,0xF81F,0xF81F,0xF81F,0xF81F,0xF81F,0xF81F,
    0xF81F,0xF81F,0xF81F,0xF81F,0xF81F,0xF81F,0xF81F,0xF81F,0xF81F,0xF81F,0xF81F,0xF81F,
    0xF81F,0xF81F,0xF81F,0xF81F,0xF81F,0xF81F,0xF81F,0xF81F,0xF81F,0xF81F,0xF81F,0xF81F,
    0xF81F,0xF81F,0xF81F,0xF81F,0xF81F,0xF81F,0xF81F,0xF81F,0xF81F,0xF81F,0xF81F,0xF81F,
    0xF81F,0xF81F,0xF81F,0xF81F,0xF81F,0xF81F,0xF81F,0xF81F,0xF81F,0xF81F,0xF81F,0xF81F,
    0xF81F,0xF81F,0xF81F,0xF81F,0xF81F,0xF81F,0xF81F,0xF81F,0xF81F,0xF81F,0xF81F,0xF81F,
    0xF81F,0xF81F,0xF81F,0xF81F,0xF81F,0xF81F,0xF81F,0xF81F,0xF81F,0xF81F,0xF81F,0xF81F,
    0xF81F,0xF81F,0xF81F,0xF81F,0xF81F,0xF81F,0xF81F,0xF81F,0xF81F,0xF81F,0xF81F,0xF81F,
    0xF81F,0xF81F,0xF81F,0xF81F,0xF81F,0xF81F,0xF81F,0xF81F,0xF81F,0xF81F,0xF81F,0xF81F,
    0xF81F,0xF81F,0xF81F,0xF81F,0xF81F,0xF81F,0xF81F,0xF81F,0xF81F,0xF81F,0xF81F,0xF81F,
    0xF81F,0xF81F,0xF81F,0xF81F,0xF81F,0xF81F,0xF81F,0xF81F,0xF81F,0xF81F,0xF81F,0xF81F,
    0xF81F,0xF81F,0xF81F,0xF81F,0xF81F,0xF81F,0xF81F,0xF81F,0xF81F,0xF81F,0xF81F,0xF81F,
    0xF81F,0xF81F,0xF81F,0xF81F,0xF81F,0xF81F,0xF81F,0xF81F,0xF81F,0xF81F,0xF81F,0xF81F,
    0xF81F,0xF81F,0xF81F,0xF81F,0xF81F,0xF81F,0xF81F,0xF81F,0xF81F,0xF81F,0xF81F,0xF81F,
    0xF81F,0xF81F,0xF81F,0xF81F,0xF81F,0xF81F,0xF81F,0xF81F,0xF81F,0xF81F,0xF81F,0xF81F,
    0xF81F,0xF81F,0xF81F,0xF81F,0xF81F,0xF81F,0xF81F,0xF81F,0xF81F,0xF81F,0xF81F,0xF81F,
    0xF81F,0xF81F,0xF81F,0xF81F,0xF81F,0xF81F,0xF81F,0xF81F,0xF81F,0xF81F,0xF81F,0xF81F,
    0xF81F,0xF81F,0xF81F,0xF81F,0xF81F,0xF81F,0xF81F,0xF81F,0xF81F,0xF81F,0xF81F,0xF81F,
    0xF81F,0xF81F,0xF81F,0xF81F,0xF81F,0xF81F,0xF81F,0xF81F,0xF81F,0xF81F,0xF81F,0xF81F,
    0xF81F,0xF81F,0xF81F,0xF81F,0xF81F,0xF81F,0xF81F,0xF81F,0xF81F,0xF81F,0xF81F,0xF81F,
    0xF81F,0xF81F,0xF81F,0xF81F,0xF81F,0xF81F,0xF81F,0xF81F,0xF81F,0xF81F,0xF81F,0xF81F,
    0xF81F,0xF81F,0xF81F,0xF81F,0xF81F,0xF81F,0xF81F,0xF81F,0xF81F,0xF81F,0xF81F,0xF81F,
    0xF81F,0xF81F,0xF81F,0xF81F,0xF81F,0xF81F,0xF81F,0xF81F,0xF81F,0xF81F,0xF81F,0xF81F,
    0xF81F,0xF81F,0xF81F,0xF81F,0xF81F,0xF81F,0xF81F,0xF81F,0xF81F,0xF81F,0xF81F,0xF81F,
    0xF81F,0xF81F,0xF81F,0xF81F,0xF81F,0xF81F,0xF81F,0xF81F,0xF81F,0xF81F,0xF81F,0xF81F,
    0xF81F,0xF81F,0xF81F,0xF81F,0xF81F,0xF81F,0xF81F,0xF81F,0xF81F,0xF81F,0xF81F,0xF81F,
    0xF81F,0xF81F,0xF81F,0xF81F,0xF81F,0xF81F,0xF81F,0xF81F,0xF81F,0xF81F,0xF81F,0xF81F,
    0xF81F,0xF81F,0xF81F,0xF81F,0xF81F,0xF81F,0xF81F,0xF81F,0xF81F,0xF81F,0xF81F,0xF81F,
    0xF81F,0xF81F,0xF81F,0xF81F,0xF81F,0xF81F,0xF81F,0xF81F,0xF81F,0xF81F,0xF81F,0xF81F,
    0xF81F,0xF81F,0xF81F,0xF81F,0xF81F,0xF81F,0xF81F,0xF81F,0xF81F,0xF81F,0xF81F,0xF81F,
    0xF81F,0xF81F,0xF81F,0xF81F,0xF81F,0xF81F,0xF81F,0xF81F,0xF81F,0xF81F,0xF81F,0xF81F,
    0xF81F,0xF81F,0xF81F,0xF81F,0xF81F,0xF81F,0xF81F,0xF81F,0xF81F,0xF81F,0xF81F,0xF81F,
    0xF81F,0xF81F,0xF81F,0xF81F,0xF81F,0xF81F,0xF81F,0xF81F,0xF81F,0xF81F,0xF81F,0xF81F,
    0xF81F,0xF81F,0xF81F,0xF81F,0xF81F,0xF81F,0xF81F,0xF81F,0xF81F,0xF81F,0xF81F,0xF81F,
    0xF81F,0xF81F,0xF81F,0xF81F,0xF81F,0xF81F,0xF81F,0xF81F,0xF81F,0xF81F,0xF81F,0xF81F,
    0xF81F,0xF81F,0xF81F,0xF81F,0xF81F,0xF81F,0xF81F,0xF81F,0xF81F,0xF81F,0xF81F,0xF81F,
    0xF81F,0xF81F,0xF81F,0xF81F,0xF81F,0xF81F,0xF81F,0xF81F,0xF81F,0xF81F,0xF81F,0xF81F,
    0xF81F,0xF81F,0xF81F,0xF81F,0xF81F,0xF81F,0xF81F,0xF81F,0xF81F,0xF81F,0xF81F,0xF81F,
    0xF81F,0xF81F,0xF81F,0xF81F,0xF81F,0xF81F,0xF81F,0xF81F,0xF81F,0xF81F,0xF81F,0xF81F,
    0xF81F,0xF81F,0xF81F,0xF81F,0xF81F,0xF81F,0xF81F,0xF81F,0xF81F,0xF81F,0xF81F,0xF81F,
    0xF81F,0xF81F,0xF81F,0xF81F,0xF81F,0xF81F,0xF81F,0xF81F,0xF81F,0xF81F,0xF81F,0xF81F,
    0xF81F,0xF81F,0xF81F,0xF81F,0xF81F,0xF81F,0xF81F,0xF81F,0xF81F,0xF81F,0xF81F,0xF81F,
    0xF81F,0xF81F,0xF81F,0xF81F,0xF81F,0xF81F,0xF81F,0xF81F,0xF81F,0xF81F,0xF81F,0xF81F,
    0xF81F,0xF81F,0xF81F,0xF81F,0xF81F,0xF81F,0xF81F,0xF81F,0xF81F,0xF81F,0xF81F,0xF81F,
    0xF81F,0xF81F,0xF81F,0xF81F,0xF81F,0xF81F,0xF81F,0xF81F,0xF81F,0xF81F,0xF81F,0xF81F,
    0xF81F,0xF81F,0xF81F,0xF81F,0xF81F,0xF81F,0xF81F,0xF81F,0xF81F,0xF81F,0xF81F,0xF81F,
    0xF81F,0xF81F,0xF81F,0xF81F,0xF81F,0xF81F,0xF81F,0xF81F,0xF81F,0xF81F,0xF81F,0xF81F,
    0xF81F,0xF81F,0xF81F,0xF81F,0xF81F,0xF81F,0xF81F,0xF81F,0xF81F,0xF81F,0xF81F,0xF81F,
    0xF81F,0xF81F,0xF81F,0xF81F,0xF81F,0xF81F,0xF81F,0xF81F,0xF81F,0xF81F,0xF81F,0xF81F,
    0xF81F,0xF81F,0xF81F,0xF81F,0xF81F,0xF81F,0xF81F,0xF81F,0xF81F,0xF81F,0xF81F,0xF81F,
    0xF81F,0xF81F,0xF81F,0xF81F,0xF81F,0xF81F,0xF81F,0xF81F,0xF81F,0xF81F,0xF81F,0xF81F,
    0xF81F,0xF81F,0xF81F,0xF81F,0xF81F,0xF81F,0xF81F,0xF81F,0xF81F,0xF81F,0xF81F,0xF81F,
    0xF81F,0xF81F,0xF81F,0xF81F,0xF81F,0xF81F,0xF81F,0xF81F,0xF81F,0xF81F,0xF81F,0xF81F,
    0xF81F,0xF81F,0xF81F,0xF81F,0xF81F,0xF81F,0xF81F,0xF81F,0xF81F,0xF81F,0xF81F,0xF81F,
    0xF81F,0xF81F,0xF81F,0xF81F,0xF81F,0xF81F,0xF81F,0xF81F,0xF81F,0xF81F,0xF81F,0xF81F,
    0xF81F,0xF81F,0xF81F,0xF81F,0xF81F,0xF81F,0xF81F,0xF81F,0xF81F,0xF81F,0xF81F,0xF81F,
    0xF81F,0xF81F,0xF81F,0xF81F,0xF81F,0xF81F,0xF81F,0xF81F,0xF81F,0xF81F,0xF81F,0xF81F,
    0xF81F,0xF81F,0xF81F,0xF81F,0xF81F,0xF81F,0xF81F,0xF81F,0xF81F,0xF81F,0xF81F,0xF81F,
    0xF81F,0xF81F,0xF81F,0xF81F,0xF81F,0xF81F,0xF81F,0xF81F,0xF81F,0xF81F,0xF81F,0xF81F,
    0xF81F,0xF81F,0xF81F,0xF81F,0xF81F,0xF81F,0xF81F,0xF81F,0xF81F,0xF81F,0xF81F,0xF81F,
    0xF81F,0xF81F,0xF81F,0xF81F,0xF81F,0xF81F,0xF81F,0xF81F,0xF81F,0xF81F,0xF81F,0xF81F,
    0xF81F,0xF81F,0xF81F,0xF81F,0xF81F,0xF81F,0xF81F,0xF81F,0xF81F,0xF81F,0xF81F,0xF81F,
    0xF81F,0xF81F,0xF81F,0xF81F,0xF81F,0xF81F,0xF81F,0xF81F,0xF81F,0xF81F,0xF81F,0xF81F,
    0xF81F,0xF81F,0xF81F,0xF81F,0xF81F,0xF81F,0xF81F,0xF81F,0xF81F,0xF81F,0xF81F,0xF81F,
    0xF81F,0xF81F,0xF81F,0xF81F,0xF81F,0xF81F,0xF81F,0xF81F,0xF81F,0xF81F,0xF81F,0xF81F,
    0xF81F,0xF81F,0xF81F,0xF81F,0xF81F,0xF81F,0xF81F,0xF81F,0xF81F,0xF81F,0xF81F,0xF81F,
    0xF81F,0xF81F,0xF81F,0xF81F,0xF81F,0xF81F,0xF81F,0xF81F,0xF81F,0xF81F,0xF81F,0xF81F,
    0xF81F,0xF81F,0xF81F,0xF81F,0xF81F,0xF81F,0xF81F,0xF81F,0xF81F,0xF81F,0xF81F,0xF81F,
    0xF81F,0xF81F,0xF81F,0xF81F,0xF81F,0xF81F,0xF81F,0xF81F,0xED47,0xF547,0xF81F,0xF81F,
    0xF81F,0xF81F,0xF81F,0xF81F,0xF81F,0xF81F,0xF81F,0xF81F,0xF81F,0xF81F,0xF81F,0xF81F,
    0xF81F,0xF81F,0xF81F,0xF81F,0xF81F,0xF81F,0xF81F,0xF81F,0xF81F,0xF81F,0xF81F,0xF81F,
    0xF81F,0xF81F,0xF81F,0xF81F,0xF81F,0xF81F,0xF81F,0xF81F,0xF81F,0xF81F,0xF81F,0xF81F,
    0xF81F,0xF81F,0xF81F,0xF81F,0xF81F,0xF81F,0xF81F,0xF81F,0xF81F,0xF81F,0xF81F,0xF81F,
    0xF81F,0xF81F,0xF81F,0xF81F,0xF81F,0xF81F,0xF81F,0xF81F,0xF81F,0xF81F,0xF81F,0xF81F,
    0xF81F,0xF81F,0xF81F,0xF81F,0xF81F,0xF81F,0xF81F,0xF81F,0xF81F,0xF81F,0xF81F,0xF81F,
    0xF81F,0xF81F,0xF81F,0xF81F,0xF81F,0xF81F,0xF81F,0xF81F,0xF81F,0xF81F,0xF81F,0xF81F,
    0xF81F,0xF81F,0xF81F,0xF81F,0xF81F,0xF81F,0xF81F,0xF81F,0xF81F,0xF81F,0xF81F,0xF81F,
    0xF81F,0xF81F,0xF81F,0xF81F,0xF81F,0xF81F,0xF81F,0xF81F,0xF81F,0xF81F,0xF81F,0xF81F,
    0xF81F,0xF81F,0xF81F,0xF81F,0xF81F,0xF81F,0xF81F,0xF81F,0xF81F,0xF81F,0xF81F,0xF81F,
    0xF81F,0xF81F,0xF81F,0xF81F,0xF81F,0xF81F,0xF81F,0xF81F,0xF81F,0xF81F,0xF81F,0xF81F,
    0xF81F,0xF81F,0xF81F,0xF81F,0xF81F,0xF81F,0xF81F,0xF81F,0xF81F,0xF81F,0xF81F,0xF81F,
    0xF81F,0xF81F,0xF547,0xF547,0xF81F,0xF81F,0xF81F,0xF81F,0xF81F,0xF81F,0xF81F,0xF81F,
    0xF81F,0xF81F,0xF81F,0xF81F,0xF81F,0xF81F,0xF81F,0xF81F,0xF81F,0xF81F,0xF81F,0xF81F,
    0xF81F,0xF81F,0xF81F,0xF81F,0xF81F,0xF81F,0xF81F,0xF81F,0xF81F,0xF81F,0xF81F,0xF81F,
    0xF81F,0xF81F,0xF81F,0xF81F,0xF81F,0xF81F,0xF81F,0xF81F,0xF81F,0xF81F,0xF81F,0xF81F,
    0xF81F,0xF81F,0xF81F,0xF81F,0xF81F,0xF81F,0xF81F,0xF81F,0xF81F,0xF81F,0xF81F,0xF81F,
    0xF81F,0xF81F,0xF81F,0xF81F,0xF81F,0xF81F,0xF81F,0xF81F,0xF81F,0xF81F,0xF81F,0xF81F,
    0xF81F,0xF81F,0xF81F,0xF81F,0xF81F,0xF81F,0xF81F,0xF81F,0xF81F,0xF81F,0xF81F,0xF81F,
    0xF81F,0xF81F,0xF81F,0xF81F,0xF81F,0xF81F,0xF81F,0xF81F,0xF81F,0xF81F,0xF81F,0xF81F,
    0xF81F,0xF81F,0xF81F,0xF81F,0xF81F,0xF81F,0xF81F,0xF81F,0xF81F,0xF81F,0xF81F,0xF81F,
    0xF81F,0xF81F,0xF81F,0xF81F,0xF81F,0xF81F,0xF81F,0xF81F,0xF81F,0xF81F,0xF81F,0xF81F,
    0xF81F,0xF81F,0xF81F,0xF81F,0xF81F,0xF81F,0xF81F,0xF81F,0xF81F,0xF81F,0xF81F,0xF81F,
    0xF81F,0xF81F,0xF81F,0xF81F,0xF81F,0xF81F,0xF81F,0xF81F,0xF81F,0xF81F,0xF81F,0xF81F,
    0xF81F,0xF81F,0xF81F,0xF81F,0xF81F,0xF81F,0xF81F,0xED47,0xF547,0xF547,0xED47,0xF81F,
    0xF81F,0xF81F,0xF81F,0xF81F,0xF81F,0xF81F,0xF81F,0xF81F,0xF81F,0xF81F,0xF81F,0xF81F,
    0xF81F,0xF81F,0xF81F,0xF81F,0xF81F,0xF81F,0xF81F,0xF81F,0xF81F,0xF81F,0xF81F,0xF81F,
    0xF81F,0xF81F,0xF81F,0xF81F,0xF81F,0xF81F,0xF81F,0xF81F,0xF81F,0xF81F,0xF81F,0xF81F,
    0xF81F,0xF81F,0xF81F,0xF81F,0xF81F,0xF81F,0xF81F,0xF81F,0xF81F,0xF81F,0xF81F,0xF81F,
    0xF81F,0xF81F,0xF81F,0xF81F,0xF81F,0xF81F,0xF81F,0xF81F,0xF81F,0xF81F,0xF81F,0xF81F,
    0xF81F,0xF81F,0xF81F,0xF81F,0xF81F,0xF81F,0xF81F,0xF81F,0xF81F,0xF81F,0xF81F,0xF81F,
    0xF81F,0xF81F,0xF81F,0xF81F,0xF81F,0xF81F,0xF81F,0xF81F,0xF81F,0xF81F,0xF81F,0xF81F,
    0xF81F,0xF81F,0xF81F,0xF81F,0xF81F,0xF81F,0xF81F,0xF81F,0xF81F,0xF81F,0xF81F,0xF81F,
    0xF81F,0xF81F,0xF81F,0xF81F,0xF81F,0xF81F,0xF81F,0xF81F,0xF81F,0xF81F,0xF81F,0xF81F,
    0xF81F,0xF81F,0xF81F,0xF81F,0xF81F,0xF81F,0xF81F,0xF81F,0xF81F,0xF81F,0xF81F,0xF81F,
    0xF81F,0xF81F,0xF81F,0xF81F,0xF81F,0xF81F,0xF81F,0xF81F,0xF81F,0xF81F,0xF81F,0xF81F,
    0xF81F,0xF81F,0xF81F,0xF81F,0xF81F,0xF81F,0xF81F,0xF81F,0xF81F,0xF81F,0xF81F,0xF81F,
    0xF81F,0xED47,0xF547,0xF547,0xED47,0xF81F,0xF81F,0xF81F,0xF81F,0xF81F,0xF81F,0xF81F,
    0xF81F,0xF81F,0xF81F,0xF81F,0xF81F,0xF81F,0xF81F,0xF81F,0xF81F,0xF81F,0xF81F,0xF81F,
    0xF81F,0xF81F,0xF81F,0xF81F,0xF81F,0xF81F,0xF81F,0xF81F,0xF81F,0xF81F,0xF81F,0xF81F,
    0xF81F,0xF81F,0xF81F,0xF81F,0xF81F,0xF81F,0xF81F,0xF81F,0xF81F,0xF81F,0xF81F,0xF81F,
    0xF81F,0xF81F,0xF81F,0xF81F,0xF81F,0xF81F,0xF81F,0xF81F,0xF81F,0xF81F,0xF81F,0xF81F,
    0xF81F,0xF81F,0xF81F,0xF81F,0xF81F,0xF81F,0xF81F,0xF81F,0xF81F,0xF81F,0xF81F,0xF81F,
    0xF81F,0xF81F,0xF81F,0xF81F,0xF81F,0xF81F,0xF81F,0xF81F,0xF81F,0xF81F,0xF81F,0xF81F,
    0xF81F,0xF81F,0xF81F,0xF81F,0xF81F,0xF81F,0xF81F,0xF81F,0xF81F,0xF81F,0xF81F,0xF81F,
    0xF81F,0xF81F,0xF81F,0xF81F,0xF81F,0xF81F,0xF81F,0xF81F,0xF81F,0xF81F,0xF81F,0xF81F,
    0xF81F,0xF81F,0xF81F,0xF81F,0xF81F,0xF81F,0xF81F,0xF81F,0xF81F,0xF81F,0xF81F,0xF81F,
    0xF81F,0xF81F,0xF81F,0xF81F,0xF81F,0xF81F,0xF81F,0xF81F,0xF81F,0xF81F,0xF81F,0xF81F,
    0xF81F,0xF81F,0xF81F,0xF81F,0xF81F,0xF81F,0xF81F,0xF81F,0xF81F,0xF81F,0xF81F,0xF81F,
    0xF81F,0xF81F,0xF81F,0xF81F,0xF81F,0xF81F,0xF81F,0xF547,0xF5A7,0xF5A7,0xF547,0xF81F,
    0xF81F,0xF81F,0xF81F,0xF81F,0xF81F,0xF81F,0xF81F,0xF81F,0xF81F,0xF81F,0xF81F,0xF81F,
    0xF81F,0xF81F,0xF81F,0xF81F,0xF81F,0xF81F,0xF81F,0xF81F,0xF81F,0xF81F,0xF81F,0xF81F,
    0xF81F,0xF81F,0xF81F,0xF81F,0xF81F,0xF81F,0xF81F,0xF81F,0xF81F,0xF81F,0xF81F,0xF81F,
    0xF81F,0xF81F,0xF81F,0xF81F,0xF81F,0xF81F,0xF81F,0xF81F,0xF81F,0xF81F,0xF81F,0xF81F,
    0xF81F,0xF81F,0xF81F,0xF81F,0xF81F,0xF81F,0xF81F,0xF81F,0xF81F,0xF81F,0xF81F,0xF81F,
    0xF81F,0xF81F,0xF81F,0xF81F,0xF81F,0xF81F,0xF81F,0xF81F,0xF81F,0xF81F,0xF81F,0xF81F,
    0xF81F,0xF81F,0xF81F,0xF81F,0xF81F,0xF81F,0xF81F,0xF81F,0xF81F,0xF81F,0xF81F,0xF81F,
    0xF81F,0xF81F,0xF81F,0xF81F,0xF81F,0xF81F,0xF81F,0xF81F,0xF81F,0xF81F,0xF81F,0xF81F,
    0xF81F,0xF81F,0xF81F,0xF81F,0xF81F,0xF81F,0xF81F,0xF81F,0xF81F,0xF81F,0xF81F,0xF81F,
    0xF81F,0xF81F,0xF81F,0xF81F,0xF81F,0xF81F,0xF81F,0xF81F,0xF81F,0xF81F,0xF81F,0xF81F,
    0xF81F,0xF81F,0xF81F,0xF81F,0xF81F,0xF81F,0xF81F,0xF81F,0xF81F,0xF81F,0xF81F,0xF81F,
    0xF81F,0xF81F,0xF81F,0xF81F,0xF81F,0xF81F,0xF81F,0xF81F,0xF81F,0xF81F,0xF81F,0xF81F,
    0xF547,0xF547,0xFE28,0xFE28,0xF547,0xF547,0xF81F,0xF81F,0xF81F,0xF81F,0xF81F,0xF81F,
    0xF81F,0xF81F,0xF81F,0xF81F,0xF81F,0xF81F,0xF81F,0xF81F,0xF81F,0xF81F,0xF81F,0xF81F,
    0xF81F,0xF81F,0xF81F,0xF81F,0xF81F,0xF81F,0xF81F,0xF81F,0xF81F,0xF81F,0xF81F,0xF81F,
    0xF81F,0xF81F,0xF81F,0xF81F,0xF81F,0xF81F,0xF81F,0xF81F,0xF81F,0xF81F,0xF81F,0xF81F,
    0xF81F,0xF81F,0xF81F,0xF81F,0xF81F,0xF81F,0xF81F,0xF81F,0xF81F,0xF81F,0xF81F,0xF81F,
    0xF81F,0xF81F,0xF81F,0xF81F,0xF81F,0xF81F,0xF81F,0xF81F,0xF81F,0xF81F,0xF81F,0xF81F,
    0xF81F,0xF81F,0xF81F,0xF81F,0xF81F,0xF81F,0xF81F,0xF81F,0xF81F,0xF81F,0xF81F,0xF81F,
    0xF81F,0xF81F,0xF81F,0xF81F,0xF81F,0xF81F,0xF81F,0xF81F,0xF81F,0xF81F,0xF81F,0xF81F,
    0xF81F,0xF81F,0xF81F,0xF81F,0xF81F,0xF81F,0xF81F,0xF81F,0xF81F,0xF81F,0xF81F,0xF81F,
    0xF81F,0xF81F,0xF81F,0xF81F,0xF81F,0xF81F,0xF81F,0xF81F,0xF81F,0xF81F,0xF81F,0xF81F,
    0xF81F,0xF81F,0xF81F,0xF81F,0xF81F,0xF81F,0xF81F,0xF81F,0xF81F,0xF81F,0xF81F,0xF81F,
    0xF81F,0xF81F,0xF81F,0xF81F,0xF81F,0xF81F,0xF81F,0xF81F,0xF81F,0xF81F,0xF81F,0xF81F,
    0xF81F,0xF81F,0xF81F,0xF81F,0xF81F,0xF81F,0xF547,0xF547,0xFE89,0xFE89,0xF567,0xF547,
    0xF81F,0xF81F,0xF81F,0xF81F,0xF81F,0xF81F,0xF81F,0xF81F,0xF81F,0xF81F,0xF81F,0xF81F,
    0xF81F,0xF81F,0xF81F,0xF81F,0xF81F,0xF81F,0xF81F,0xF81F,0xF81F,0xF81F,0xF81F,0xF81F,
    0xF81F,0xF81F,0xF81F,0xF81F,0xF81F,0xF81F,0xF81F,0xF81F,0xF81F,0xF81F,0xF81F,0xF81F,
    0xF81F,0xF81F,0xF81F,0xF81F,0xF81F,0xF81F,0xF81F,0xF81F,0xF81F,0xF81F,0xF81F,0xF81F,
    0xF81F,0xF81F,0xF81F,0xF81F,0xF81F,0xF81F,0xF81F,0xF81F,0xF81F,0xF81F,0xF81F,0xF81F,
    0xF81F,0xF81F,0xF81F,0xF81F,0xF81F,0xF81F,0xF81F,0xF81F,0xF81F,0xF81F,0xF81F,0xF81F,
    0xF81F,0xF81F,0xF81F,0xF81F,0xF81F,0xF81F,0xF81F,0xF81F,0xF81F,0xF81F,0xF81F,0xF81F,
    0xF81F,0xF81F,0xF81F,0xF81F,0xF81F,0xF81F,0xF81F,0xF81F,0xF81F,0xF81F,0xF81F,0xF81F,
    0xF81F,0xF81F,0xF81F,0xF81F,0xF81F,0xF81F,0xF81F,0xF81F,0xF81F,0xF81F,0xF81F,0xF81F,
    0xF81F,0xF81F,0xF81F,0xF81F,0xF81F,0xF81F,0xF81F,0xF81F,0xF81F,0xF81F,0xF81F,0xF81F,
    0xF81F,0xF81F,0xF81F,0xF81F,0xF81F,0xF81F,0xF81F,0xF81F,0xF81F,0xF81F,0xF81F,0xF81F,
    0xF81F,0xF81F,0xF81F,0xF81F,0xF81F,0xF81F,0xF81F,0xF81F,0xF81F,0xF81F,0xF81F,0xED47,
    0xF547,0xF5C8,0xFE89,0xFE89,0xF5C8,0xF547,0xED47,0xF81F,0xF81F,0xF81F,0xF81F,0xF81F,
    0xF81F,0xF81F,0xF81F,0xF81F,0xF81F,0xF81F,0xF81F,0xF81F,0xF81F,0xF81F,0xF81F,0xF81F,
    0xF81F,0xF81F,0xF81F,0xF81F,0xF81F,0xF81F,0xF81F,0xF81F,0xF81F,0xF81F,0xF81F,0xF81F,
    0xF81F,0xF81F,0xF81F,0xF81F,0xF81F,0xF81F,0xF81F,0xF81F,0xF81F,0xF81F,0xF81F,0xF81F,
    0xF81F,0xF81F,0xF81F,0xF81F,0xF81F,0xF81F,0xF81F,0xF81F,0xF81F,0xF81F,0xF81F,0xF81F,
    0xF81F,0xF81F,0xF81F,0xF81F,0xF81F,0xF81F,0xF81F,0xF81F,0xF81F,0xF81F,0xF81F,0xF81F,
    0xF81F,0xF81F,0xF81F,0xF81F,0xF81F,0xF81F,0xF81F,0xF81F,0xF81F,0xF81F,0xF81F,0xF81F,
    0xF81F,0xF81F,0xF81F,0xF81F,0xF81F,0xF81F,0xF81F,0xF81F,0xF81F,0xF81F,0xF81F,0xF81F,
    0xF81F,0xF81F,0xF81F,0xF81F,0xF81F,0xF81F,0xF81F,0xF81F,0xF81F,0xF81F,0xF81F,0xF81F,
    0xF81F,0xF81F,0xF81F,0xF81F,0xF81F,0xF81F,0xF81F,0xF81F,0xF81F,0xF81F,0xF81F,0xF81F,
    0xF81F,0xF81F,0xF81F,0xF81F,0xF81F,0xF81F,0xF81F,0xF81F,0xF81F,0xF81F,0xF81F,0xF81F,
    0xF81F,0xF81F,0xF81F,0xF81F,0xF81F,0xF81F,0xF81F,0xF81F,0xF81F,0xF81F,0xF81F,0xF81F,
    0xF81F,0xF81F,0xF81F,0xF81F,0xF81F,0xF547,0xF547,0xFE48,0xFE89,0xFE89,0xFE48,0xF547,
    0xF547,0xF81F,0xF81F,0xF81F,0xF81F,0xF81F,0xF81F,0xF81F,0xF81F,0xF81F,0xF81F,0xF81F,
    0xF81F,0xF81F,0xF81F,0xF81F,0xF81F,0xF81F,0xF81F,0xF81F,0xF81F,0xF81F,0xF81F,0xF81F,
    0xF81F,0xF81F,0xF81F,0xF81F,0xF81F,0xF81F,0xF81F,0xF81F,0xF81F,0xF81F,0xF81F,0xF81F,
    0xF81F,0xF81F,0xF81F,0xF81F,0xF81F,0xF81F,0xF81F,0xF81F,0xF81F,0xF81F,0xF81F,0xF81F,
    0xF81F,0xF81F,0xF81F,0xF81F,0xF81F,0xF81F,0xF81F,0xF81F,0xF81F,0xF81F,0xF81F,0xF81F,
    0xF81F,0xF81F,0xF81F,0xF81F,0xF81F,0xF81F,0xF81F,0xF81F,0xF81F,0xF81F,0xF81F,0xF81F,
    0xF81F,0xF81F,0xF81F,0xF81F,0xF81F,0xF81F,0xF81F,0xF81F,0xF81F,0xF81F,0xF81F,0xF81F,
    0xF81F,0xF81F,0xF81F,0xF81F,0xF81F,0xF81F,0xF81F,0xF81F,0xF81F,0xF81F,0xF81F,0xF81F,
    0xF81F,0xF81F,0xF81F,0xF81F,0xF81F,0xF81F,0xF81F,0xF81F,0xF81F,0xF81F,0xF81F,0xF81F,
    0xF81F,0xF81F,0xF81F,0xF81F,0xF81F,0xF81F,0xF81F,0xF81F,0xF81F,0xF81F,0xF81F,0xF81F,
    0xF81F,0xF81F,0xF81F,0xF81F,0xF81F,0xF81F,0xF81F,0xF81F,0xF81F,0xF81F,0xF81F,0xF81F,
    0xF81F,0xF81F,0xF81F,0xF81F,0xF81F,0xF547,0xED47,0xED47,0xF547,0xF547,0xED47,0xF547,
    0xF587,0xFE89,0xFE89,0xFE89,0xFE89,0xF587,0xF547,0xED47,0xF547,0xF547,0xED47,0xED47,
    0xF547,0xF81F,0xF81F,0xF81F,0xF81F,0xF81F,0xF81F,0xF81F,0xF81F,0xF81F,0xF81F,0xF81F,
    0xF81F,0xF81F,0xF81F,0xF81F,0xF81F,0xF81F,0xF81F,0xF81F,0xF81F,0xF81F,0xF81F,0xF81F,
    0xF81F,0xF81F,0xF81F,0xF81F,0xF81F,0xF81F,0xF81F,0xF81F,0xF81F,0xF81F,0xF81F,0xF81F,
    0xF81F,0xF81F,0xF81F,0xF81F,0xF81F,0xF81F,0xF81F,0xF81F,0xF81F,0xF81F,0xF81F,0xF81F,
    0xF81F,0xF81F,0xF81F,0xF81F,0xF81F,0xF81F,0xF81F,0xF81F,0xF81F,0xF81F,0xF81F,0xF81F,
    0xF81F,0xF81F,0xF81F,0xF81F,0xF81F,0xF81F,0xF81F,0xF81F,0xF81F,0xF81F,0xF81F,0xF81F,
    0xF81F,0xF81F,0xF81F,0xF81F,0xF81F,0xF81F,0xF81F,0xF81F,0xF81F,0xF81F,0xF81F,0xF81F,
    0xF81F,0xF81F,0xF81F,0xF81F,0xF81F,0xF81F,0xF81F,0xF81F,0xF81F,0xF81F,0xF81F,0xF81F,
    0xF81F,0xF81F,0xF81F,0xF81F,0xF81F,0xF81F,0xF81F,0xF81F,0xF81F,0xF81F,0xF81F,0xF81F,
    0xF81F,0xF81F,0xF81F,0xF81F,0xF81F,0xF81F,0xF81F,0xF81F,0xF81F,0xF81F,0xF81F,0xF81F,
    0xF81F,0xF81F,0xF81F,0xF81F,0xF81F,0xF81F,0xF547,0xF547,0xF547,0xF547,0xF547,0xF547,
    0xF547,0xF547,0xF547,0xF547,0xF547,0xF547,0xFE08,0xFE89,0xFE89,0xFE89,0xFE89,0xFE08,
    0xF547,0xF547,0xF547,0xF547,0xF547,0xF547,0xF547,0xF547,0xF547,0xF547,0xF547,0xF547,
    0xF81F,0xF81F,0xF81F,0xF81F,0xF81F,0xF81F,0xF81F,0xF81F,0xF81F,0xF81F,0xF81F,0xF81F,
    0xF81F,0xF81F,0xF81F,0xF81F,0xF81F,0xF81F,0xF81F,0xF81F,0xF81F,0xF81F,0xF81F,0xF81F,
    0xF81F,0xF81F,0xF81F,0xF81F,0xF81F,0xF81F,0xF81F,0xF81F,0xF81F,0xF81F,0xF81F,0xF81F,
    0xF81F,0xF81F,0xF81F,0xF81F,0xF81F,0xF81F,0xF81F,0xF81F,0xF81F,0xF81F,0xF81F,0xF81F,
    0xF81F,0xF81F,0xF81F,0xF81F,0xF81F,0xF81F,0xF81F,0xF81F,0xF81F,0xF81F,0xF81F,0xF81F,
    0xF81F,0xF81F,0xF81F,0xF81F,0xF81F,0xF81F,0xF81F,0xF81F,0xF81F,0xF81F,0xF81F,0xF81F,
    0xF81F,0xF81F,0xF81F,0xF81F,0xF81F,0xF81F,0xF81F,0xF81F,0xF81F,0xF81F,0xF81F,0xF81F,
    0xF81F,0xF81F,0xF81F,0xF81F,0xF81F,0xF81F,0xF81F,0xF81F,0xF81F,0xF81F,0xF81F,0xF81F,
    0xF81F,0xF81F,0xF81F,0xF81F,0xF81F,0xF81F,0xF81F,0xF81F,0xF81F,0xF81F,0xF81F,0xF81F,
    0xF81F,0xF81F,0xF81F,0xF81F,0xF81F,0xF81F,0xF81F,0xF81F,0xF81F,0xF81F,0xF81F,0xF81F,
    0xF81F,0xED47,0xF547,0xF547,0xF587,0xFDE8,0xFE08,0xFE08,0xFE28,0xFE28,0xFE48,0xFE68,
    0xFE89,0xFE89,0xFE89,0xFE89,0xFE89,0xFE89,0xFE68,0xFE48,0xFE28,0xFE28,0xFE08,0xFE08,
    0xFDE8,0xF587,0xF547,0xF547,0xED47,0xF81F,0xF81F,0xF81F,0xF81F,0xF81F,0xF81F,0xF81F,
    0xF81F,0xF81F,0xF81F,0xF81F,0xF81F,0xF81F,0xF81F,0xF81F,0xF81F,0xF81F,0xF81F,0xF81F,
    0xF81F,0xF81F,0xF81F,0xF81F,0xF81F,0xF81F,0xF81F,0xF81F,0xF81F,0xF81F,0xF81F,0xF81F,
    0xF81F,0xF81F,0xF81F,0xF81F,0xF81F,0xF81F,0xF81F,0xF81F,0xF81F,0xF81F,0xF81F,0xF81F,
    0xF81F,0xF81F,0xF81F,0xF81F,0xF81F,0xF81F,0xF81F,0xF81F,0xF81F,0xF81F,0xF81F,0xF81F,
    0xF81F,0xF81F,0xF81F,0xF81F,0xF81F,0xF81F,0xF81F,0xF81F,0xF81F,0xF81F,0xF81F,0xF81F,
    0xF81F,0xF81F,0xF81F,0xF81F,0xF81F,0xF81F,0xF81F,0xF81F,0xF81F,0xF81F,0xF81F,0xF81F,
    0xF81F,0xF81F,0xF81F,0xF81F,0xF81F,0xF81F,0xF81F,0xF81F,0xF81F,0xF81F,0xF81F,0xF81F,
    0xF81F,0xF81F,0xF81F,0xF81F,0xF81F,0xF81F,0xF81F,0xF81F,0xF81F,0xF81F,0xF81F,0xF81F,
    0xF81F,0xF81F,0xF81F,0xF81F,0xF81F,0xF81F,0xF81F,0xF81F,0xF81F,0xF81F,0xF81F,0xF81F,
    0xF81F,0xF81F,0xF81F,0xF81F,0xF81F,0xF81F,0xF81F,0xF81F,0xF547,0xF547,0xF547,0xF5E8,
    0xFE89,0xFE89,0xFE89,0xFE89,0xFE89,0xFE89,0xFE89,0xFE89,0xFE89,0xFE89,0xFE89,0xFE89,
    0xFE89,0xFE89,0xFE89,0xFE89,0xFE89,0xFE89,0xFDE8,0xF547,0xF547,0xED47,0xF81F,0xF81F,
    0xF81F,0xF81F,0xF81F,0xF81F,0xF81F,0xF81F,0xF81F,0xF81F,0xF81F,0xF81F,0xF81F,0xF81F,
    0xF81F,0xF81F,0xF81F,0xF81F,0xF81F,0xF81F,0xF81F,0xF81F,0xF81F,0xF81F,0xF81F,0xF81F,
    0xF81F,0xF81F,0xF81F,0xF81F,0xF81F,0xF81F,0xF81F,0xF81F,0xF81F,0xF81F,0xF81F,0xF81F,
    0xF81F,0xF81F,0xF81F,0xF81F,0xF81F,0xF81F,0xF81F,0xF81F,0xF81F,0xF81F,0xF81F,0xF81F,
    0xF81F,0xF81F,0xF81F,0xF81F,0xF81F,0xF81F,0xF81F,0xF81F,0xF81F,0xF81F,0xF81F,0xF81F,
    0xF81F,0xF81F,0xF81F,0xF81F,0xF81F,0xF81F,0xF81F,0xF81F,0xF81F,0xF81F,0xF81F,0xF81F,
    0xF81F,0xF81F,0xF81F,0xF81F,0xF81F,0xF81F,0xF81F,0xF81F,0xF81F,0xF81F,0xF81F,0xF81F,
    0xF81F,0xF81F,0xF81F,0xF81F,0xF81F,0xF81F,0xF81F,0xF81F,0xF81F,0xF81F,0xF81F,0xF81F,
    0xF81F,0xF81F,0xF81F,0xF81F,0xF81F,0xF81F,0xF81F,0xF81F,0xF81F,0xF81F,0xF81F,0xF81F,
    0xF81F,0xF81F,0xF81F,0xF81F,0xF81F,0xF81F,0xF81F,0xF81F,0xF81F,0xF81F,0xF81F,0xF81F,
    0xF81F,0xF81F,0xF81F,0xF81F,0xED47,0xF547,0xF5A7,0xFE89,0xFE89,0xFE89,0xFE89,0xFE89,
    0xFE89,0xFE89,0xFE89,0xFE89,0xFE89,0xFE89,0xFE89,0xFE89,0xFE89,0xFE89,0xFE89,0xF5A7,
    0xF547,0xED47,0xF81F,0xF81F,0xF81F,0xF81F,0xF81F,0xF81F,0xF81F,0xF81F,0xF81F,0xF81F,
    0xF81F,0xF81F,0xF81F,0xF81F,0xF81F,0xF81F,0xF81F,0xF81F,0xF81F,0xF81F,0xF81F,0xF81F,
    0xF81F,0xF81F,0xF81F,0xF81F,0xF81F,0xF81F,0xF81F,0xF81F,0xF81F,0xF81F,0xF81F,0xF81F,
    0xF81F,0xF81F,0xF81F,0xF81F,0xF81F,0xF81F,0xF81F,0xF81F,0xF81F,0xF81F,0xF81F,0xF81F,
    0xF81F,0xF81F,0xF81F,0xF81F,0xF81F,0xF81F,0xF81F,0xF81F,0xF81F,0xF81F,0xF81F,0xF81F,
    0xF81F,0xF81F,0xF81F,0xF81F,0xF81F,0xF81F,0xF81F,0xF81F,0xF81F,0xF81F,0xF81F,0xF81F,
    0xF81F,0xF81F,0xF81F,0xF81F,0xF81F,0xF81F,0xF81F,0xF81F,0xF81F,0xF81F,0xF81F,0xF81F,
    0xF81F,0xF81F,0xF81F,0xF81F,0xF81F,0xF81F,0xF81F,0xF81F,0xF81F,0xF81F,0xF81F,0xF81F,
    0xF81F,0xF81F,0xF81F,0xF81F,0xF81F,0xF81F,0xF81F,0xF81F,0xF81F,0xF81F,0xF81F,0xF81F,
    0xF81F,0xF81F,0xF81F,0xF81F,0xF81F,0xF81F,0xF81F,0xF81F,0xF81F,0xF81F,0xF81F,0xF81F,
    0xF81F,0xF81F,0xF81F,0xF81F,0xF81F,0xF81F,0xF81F,0xF81F,0xF81F,0xF81F,0xF81F,0xED47,
    0xF547,0xF567,0xFE48,0xFE89,0xFE89,0xFE89,0xFE89,0xFE89,0xFE89,0xFE89,0xFE89,0xFE89,
    0xFE89,0xFE89,0xFE89,0xFE69,0xF587,0xF547,0xED47,0xF81F,0xF81F,0xF81F,0xF81F,0xF81F,
    0xF81F,0xF81F,0xF81F,0xF81F,0xF81F,0xF81F,0xF81F,0xF81F,0xF81F,0xF81F,0xF81F,0xF81F,
    0xF81F,0xF81F,0xF81F,0xF81F,0xF81F,0xF81F,0xF81F,0xF81F,0xF81F,0xF81F,0xF81F,0xF81F,
    0xF81F,0xF81F,0xF81F,0xF81F,0xF81F,0xF81F,0xF81F,0xF81F,0xF81F,0xF81F,0xF81F,0xF81F,
    0xF81F,0xF81F,0xF81F,0xF81F,0xF81F,0xF81F,0xF81F,0xF81F,0xF81F,0xF81F,0xF81F,0xF81F,
    0xF81F,0xF81F,0xF81F,0xF81F,0xF81F,0xF81F,0xF81F,0xF81F,0xF81F,0xF81F,0xF81F,0xF81F,
    0xF81F,0xF81F,0xF81F,0xF81F,0xF81F,0xF81F,0xF81F,0xF81F,0xF81F,0xF81F,0xF81F,0xF81F,
    0xF81F,0xF81F,0xF81F,0xF81F,0xF81F,0xF81F,0xF81F,0xF81F,0xF81F,0xF81F,0xF81F,0xF81F,
    0xF81F,0xF81F,0xF81F,0xF81F,0xF81F,0xF81F,0xF81F,0xF81F,0xF81F,0xF81F,0xF81F,0xF81F,
    0xF81F,0xF81F,0xF81F,0xF81F,0xF81F,0xF81F,0xF81F,0xF81F,0xF81F,0xF81F,0xF81F,0xF81F,
    0xF81F,0xF81F,0xF81F,0xF81F,0xF81F,0xF81F,0xF81F,0xF81F,0xF81F,0xF81F,0xF81F,0xF81F,
    0xF81F,0xF81F,0xF81F,0xF81F,0xF81F,0xF81F,0xF547,0xF547,0xF547,0xFE28,0xFE89,0xFE89,
    0xFE89,0xFE89,0xFE89,0xFE89,0xFE89,0xFE89,0xFE89,0xFE89,0xFE28,0xF567,0xF547,0xED47,
    0xF81F,0xF81F,0xF81F,0xF81F,0xF81F,0xF81F,0xF81F,0xF81F,0xF81F,0xF81F,0xF81F,0xF81F,
    0xF81F,0xF81F,0xF81F,0xF81F,0xF81F,0xF81F,0xF81F,0xF81F,0xF81F,0xF81F,0xF81F,0xF81F,
    0xF81F,0xF81F,0xF81F,0xF81F,0xF81F,0xF81F,0xF81F,0xF81F,0xF81F,0xF81F,0xF81F,0xF81F,
    0xF81F,0xF81F,0xF81F,0xF81F,0xF81F,0xF81F,0xF81F,0xF81F,0xF81F,0xF81F,0xF81F,0xF81F,
    0xF81F,0xF81F,0xF81F,0xF81F,0xF81F,0xF81F,0xF81F,0xF81F,0xF81F,0xF81F,0xF81F,0xF81F,
    0xF81F,0xF81F,0xF81F,0xF81F,0xF81F,0xF81F,0xF81F,0xF81F,0xF81F,0xF81F,0xF81F,0xF81F,
    0xF81F,0xF81F,0xF81F,0xF81F,0xF81F,0xF81F,0xF81F,0xF81F,0xF81F,0xF81F,0xF81F,0xF81F,
    0xF81F,0xF81F,0xF81F,0xF81F,0xF81F,0xF81F,0xF81F,0xF81F,0xF81F,0xF81F,0xF81F,0xF81F,
    0xF81F,0xF81F,0xF81F,0xF81F,0xF81F,0xF81F,0xF81F,0xF81F,0xF81F,0xF81F,0xF81F,0xF81F,
    0xF81F,0xF81F,0xF81F,0xF81F,0xF81F,0xF81F,0xF81F,0xF81F,0xF81F,0xF81F,0xF81F,0xF81F,
    0xF81F,0xF81F,0xF81F,0xF81F,0xF81F,0xF81F,0xF81F,0xF81F,0xF81F,0xF81F,0xF81F,0xF81F,
    0xF81F,0xF547,0xF547,0xF547,0xFE28,0xFE89,0xFE89,0xFE89,0xFE89,0xFE89,0xFE89,0xFE89,
    0xFE89,0xFE28,0xF547,0xF547,0xF547,0xF81F,0xF81F,0xF81F,0xF81F,0xF81F,0xF81F,0xF81F,
    0xF81F,0xF81F,0xF81F,0xF81F,0xF81F,0xF81F,0xF81F,0xF81F,0xF81F,0xF81F,0xF81F,0xF81F,
    0xF81F,0xF81F,0xF81F,0xF81F,0xF81F,0xF81F,0xF81F,0xF81F,0xF81F,0xF81F,0xF81F,0xF81F,
    0xF81F,0xF81F,0xF81F,0xF81F,0xF81F,0xF81F,0xF81F,0xF81F,0xF81F,0xF81F,0xF81F,0xF81F,
    0xF81F,0xF81F,0xF81F,0xF81F,0xF81F,0xF81F,0xF81F,0xF81F,0xF81F,0xF81F,0xF81F,0xF81F,
    0xF81F,0xF81F,0xF81F,0xF81F,0xF81F,0xF81F,0xF81F,0xF81F,0xF81F,0xF81F,0xF81F,0xF81F,
    0xF81F,0xF81F,0xF81F,0xF81F,0xF81F,0xF81F,0xF81F,0xF81F,0xF81F,0xF81F,0xF81F,0xF81F,
    0xF81F,0xF81F,0xF81F,0xF81F,0xF81F,0xF81F,0xF81F,0xF81F,0xF81F,0xF81F,0xF81F,0xF81F,
    0xF81F,0xF81F,0xF81F,0xF81F,0xF81F,0xF81F,0xF81F,0xF81F,0xF81F,0xF81F,0xF81F,0xF81F,
    0xF81F,0xF81F,0xF81F,0xF81F,0xF81F,0xF81F,0xF81F,0xF81F,0xF81F,0xF81F,0xF81F,0xF81F,
    0xF81F,0xF81F,0xF81F,0xF81F,0xF81F,0xF81F,0xF81F,0xF81F,0xF81F,0xF81F,0xF81F,0xF81F,
    0xF81F,0xF81F,0xF81F,0xF81F,0xF81F,0xF81F,0xF81F,0xF81F,0xF547,0xF547,0xFE69,0xFE89,
    0xFE89,0xFE89,0xFE89,0xFE89,0xFE89,0xFE89,0xFE89,0xFE69,0xF547,0xF547,0xF81F,0xF81F,
    0xF81F,0xF81F,0xF81F,0xF81F,0xF81F,0xF81F,0xF81F,0xF81F,0xF81F,0xF81F,0xF81F,0xF81F,
    0xF81F,0xF81F,0xF81F,0xF81F,0xF81F,0xF81F,0xF81F,0xF81F,0xF81F,0xF81F,0xF81F,0xF81F,
    0xF81F,0xF81F,0xF81F,0xF81F,0xF81F,0xF81F,0xF81F,0xF81F,0xF81F,0xF81F,0xF81F,0xF81F,
    0xF81F,0xF81F,0xF81F,0xF81F,0xF81F,0xF81F,0xF81F,0xF81F,0xF81F,0xF81F,0xF81F,0xF81F,
    0xF81F,0xF81F,0xF81F,0xF81F,0xF81F,0xF81F,0xF81F,0xF81F,0xF81F,0xF81F,0xF81F,0xF81F,
    0xF81F,0xF81F,0xF81F,0xF81F,0xF81F,0xF81F,0xF81F,0xF81F,0xF81F,0xF81F,0xF81F,0xF81F,
    0xF81F,0xF81F,0xF81F,0xF81F,0xF81F,0xF81F,0xF81F,0xF81F,0xF81F,0xF81F,0xF81F,0xF81F,
    0xF81F,0xF81F,0xF81F,0xF81F,0xF81F,0xF81F,0xF81F,0xF81F,0xF81F,0xF81F,0xF81F,0xF81F,
    0xF81F,0xF81F,0xF81F,0xF81F,0xF81F,0xF81F,0xF81F,0xF81F,0xF81F,0xF81F,0xF81F,0xF81F,
    0xF81F,0xF81F,0xF81F,0xF81F,0xF81F,0xF81F,0xF81F,0xF81F,0xF81F,0xF81F,0xF81F,0xF81F,
    0xF81F,0xF81F,0xF81F,0xF81F,0xF81F,0xF81F,0xF81F,0xF81F,0xF81F,0xF81F,0xF81F,0xF81F,
    0xF81F,0xF81F,0xF547,0xF567,0xFE89,0xFE89,0xFE89,0xFE89,0xFE89,0xFE89,0xFE89,0xFE89,
    0xFE89,0xFE89,0xF567,0xF547,0xF81F,0xF81F,0xF81F,0xF81F,0xF81F,0xF81F,0xF81F,0xF81F,
    0xF81F,0xF81F,0xF81F,0xF81F,0xF81F,0xF81F,0xF81F,0xF81F,0xF81F,0xF81F,0xF81F,0xF81F,
    0xF81F,0xF81F,0xF81F,0xF81F,0xF81F,0xF81F,0xF81F,0xF81F,0xF81F,0xF81F,0xF81F,0xF81F,
    0xF81F,0xF81F,0xF81F,0xF81F,0xF81F,0xF81F,0xF81F,0xF81F,0xF81F,0xF81F,0xF81F,0xF81F,
    0xF81F,0xF81F,0xF81F,0xF81F,0xF81F,0xF81F,0xF81F,0xF81F,0xF81F,0xF81F,0xF81F,0xF81F,
    0xF81F,0xF81F,0xF81F,0xF81F,0xF81F,0xF81F,0xF81F,0xF81F,0xF81F,0xF81F,0xF81F,0xF81F,
    0xF81F,0xF81F,0xF81F,0xF81F,0xF81F,0xF81F,0xF81F,0xF81F,0xF81F,0xF81F,0xF81F,0xF81F,
    0xF81F,0xF81F,0xF81F,0xF81F,0xF81F,0xF81F,0xF81F,0xF81F,0xF81F,0xF81F,0xF81F,0xF81F,
    0xF81F,0xF81F,0xF81F,0xF81F,0xF81F,0xF81F,0xF81F,0xF81F,0xF81F,0xF81F,0xF81F,0xF81F,
    0xF81F,0xF81F,0xF81F,0xF81F,0xF81F,0xF81F,0xF81F,0xF81F,0xF81F,0xF81F,0xF81F,0xF81F,
    0xF81F,0xF81F,0xF81F,0xF81F,0xF81F,0xF81F,0xF81F,0xF81F,0xF81F,0xF81F,0xF81F,0xF81F,
    0xF81F,0xF81F,0xF81F,0xF81F,0xF81F,0xF81F,0xF81F,0xF81F,0xF547,0xF5C8,0xFE89,0xFE89,
    0xFE89,0xFE89,0xFE89,0xFE89,0xFE89,0xFE89,0xFE89,0xFE89,0xF5C8,0xF547,0xF81F,0xF81F,
    0xF81F,0xF81F,0xF81F,0xF81F,0xF81F,0xF81F,0xF81F,0xF81F,0xF81F,0xF81F,0xF81F,0xF81F,
    0xF81F,0xF81F,0xF81F,0xF81F,0xF81F,0xF81F,0xF81F,0xF81F,0xF81F,0xF81F,0xF81F,0xF81F,
    0xF81F,0xF81F,0xF81F,0xF81F,0xF81F,0xF81F,0xF81F,0xF81F,0xF81F,0xF81F,0xF81F,0xF81F,
    0xF81F,0xF81F,0xF81F,0xF81F,0xF81F,0xF81F,0xF81F,0xF81F,0xF81F,0xF81F,0xF81F,0xF81F,
    0xF81F,0xF81F,0xF81F,0xF81F,0xF81F,0xF81F,0xF81F,0xF81F,0xF81F,0xF81F,0xF81F,0xF81F,
    0xF81F,0xF81F,0xF81F,0xF81F,0xF81F,0xF81F,0xF81F,0xF81F,0xF81F,0xF81F,0xF81F,0xF81F,
    0xF81F,0xF81F,0xF81F,0xF81F,0xF81F,0xF81F,0xF81F,0xF81F,0xF81F,0xF81F,0xF81F,0xF81F,
    0xF81F,0xF81F,0xF81F,0xF81F,0xF81F,0xF81F,0xF81F,0xF81F,0xF81F,0xF81F,0xF81F,0xF81F,
    0xF81F,0xF81F,0xF81F,0xF81F,0xF81F,0xF81F,0xF81F,0xF81F,0xF81F,0xF81F,0xF81F,0xF81F,
    0xF81F,0xF81F,0xF81F,0xF81F,0xF81F,0xF81F,0xF81F,0xF81F,0xF81F,0xF81F,0xF81F,0xF81F,
    0xF81F,0xF81F,0xF81F,0xF81F,0xF81F,0xF81F,0xF81F,0xF81F,0xF81F,0xF81F,0xF81F,0xF81F,
    0xF81F,0xED47,0xF547,0xFE28,0xFE89,0xFE89,0xFE89,0xFE48,0xF587,0xF567,0xFE28,0xFE89,
    0xFE89,0xFE89,0xFE08,0xF547,0xED47,0xF81F,0xF81F,0xF81F,0xF81F,0xF81F,0xF81F,0xF81F,
    0xF81F,0xF81F,0xF81F,0xF81F,0xF81F,0xF81F,0xF81F,0xF81F,0xF81F,0xF81F,0xF81F,0xF81F,
    0xF81F,0xF81F,0xF81F,0xF81F,0xF81F,0xF81F,0xF81F,0xF81F,0xF81F,0xF81F,0xF81F,0xF81F,
    0xF81F,0xF81F,0xF81F,0xF81F,0xF81F,0xF81F,0xF81F,0xF81F,0xF81F,0xF81F,0xF81F,0xF81F,
    0xF81F,0xF81F,0xF81F,0xF81F,0xF81F,0xF81F,0xF81F,0xF81F,0xF81F,0xF81F,0xF81F,0xF81F,
    0xF81F,0xF81F,0xF81F,0xF81F,0xF81F,0xF81F,0xF81F,0xF81F,0xF81F,0xF81F,0xF81F,0xF81F,
    0xF81F,0xF81F,0xF81F,0xF81F,0xF81F,0xF81F,0xF81F,0xF81F,0xF81F,0xF81F,0xF81F,0xF81F,
    0xF81F,0xF81F,0xF81F,0xF81F,0xF81F,0xF81F,0xF81F,0xF81F,0xF81F,0xF81F,0xF81F,0xF81F,
    0xF81F,0xF81F,0xF81F,0xF81F,0xF81F,0xF81F,0xF81F,0xF81F,0xF81F,0xF81F,0xF81F,0xF81F,
    0xF81F,0xF81F,0xF81F,0xF81F,0xF81F,0xF81F,0xF81F,0xF81F,0xF81F,0xF81F,0xF81F,0xF81F,
    0xF81F,0xF81F,0xF81F,0xF81F,0xF81F,0xF81F,0xF81F,0xF81F,0xF81F,0xF81F,0xF81F,0xF81F,
    0xF81F,0xF81F,0xF81F,0xF81F,0xF81F,0xF81F,0xF81F,0xF547,0xF547,0xFE69,0xFE89,0xFE89,
    0xF5C8,0xF547,0xF547,0xF547,0xF547,0xF5C8,0xFE89,0xFE89,0xFE69,0xF547,0xF547,0xF81F,
    0xF81F,0xF81F,0xF81F,0xF81F,0xF81F,0xF81F,0xF81F,0xF81F,0xF81F,0xF81F,0xF81F,0xF81F,
    0xF81F,0xF81F,0xF81F,0xF81F,0xF81F,0xF81F,0xF81F,0xF81F,0xF81F,0xF81F,0xF81F,0xF81F,
    0xF81F,0xF81F,0xF81F,0xF81F,0xF81F,0xF81F,0xF81F,0xF81F,0xF81F,0xF81F,0xF81F,0xF81F,
    0xF81F,0xF81F,0xF81F,0xF81F,0xF81F,0xF81F,0xF81F,0xF81F,0xF81F,0xF81F,0xF81F,0xF81F,
    0xF81F,0xF81F,0xF81F,0xF81F,0xF81F,0xF81F,0xF81F,0xF81F,0xF81F,0xF81F,0xF81F,0xF81F,
    0xF81F,0xF81F,0xF81F,0xF81F,0xF81F,0xF81F,0xF81F,0xF81F,0xF81F,0xF81F,0xF81F,0xF81F,
    0xF81F,0xF81F,0xF81F,0xF81F,0xF81F,0xF81F,0xF81F,0xF81F,0xF81F,0xF81F,0xF81F,0xF81F,
    0xF81F,0xF81F,0xF81F,0xF81F,0xF81F,0xF81F,0xF81F,0xF81F,0xF81F,0xF81F,0xF81F,0xF81F,
    0xF81F,0xF81F,0xF81F,0xF81F,0xF81F,0xF81F,0xF81F,0xF81F,0xF81F,0xF81F,0xF81F,0xF81F,
    0xF81F,0xF81F,0xF81F,0xF81F,0xF81F,0xF81F,0xF81F,0xF81F,0xF81F,0xF81F,0xF81F,0xF81F,
    0xF81F,0xF81F,0xF81F,0xF81F,0xF81F,0xF81F,0xF81F,0xF81F,0xF81F,0xF81F,0xF81F,0xF81F,
    0xF81F,0xF547,0xF587,0xFE89,0xFE28,0xF567,0xF547,0xED47,0xAC47,0xAC47,0xED47,0xF547,
    0xF567,0xFE28,0xFE89,0xF587,0xF547,0xF81F,0xF81F,0xF81F,0xF81F,0xF81F,0xF81F,0xF81F,
    0xF81F,0xF81F,0xF81F,0xF81F,0xF81F,0xF81F,0xF81F,0xF81F,0xF81F,0xF81F,0xF81F,0xF81F,
    0xF81F,0xF81F,0xF81F,0xF81F,0xF81F,0xF81F,0xF81F,0xF81F,0xF81F,0xF81F,0xF81F,0xF81F,
    0xF81F,0xF81F,0xF81F,0xF81F,0xF81F,0xF81F,0xF81F,0xF81F,0xF81F,0xF81F,0xF81F,0xF81F,
    0xF81F,0xF81F,0xF81F,0xF81F,0xF81F,0xF81F,0xF81F,0xF81F,0xF81F,0xF81F,0xF81F,0xF81F,
    0xF81F,0xF81F,0xF81F,0xF81F,0xF81F,0xF81F,0xF81F,0xF81F,0xF81F,0xF81F,0xF81F,0xF81F,
    0xF81F,0xF81F,0xF81F,0xF81F,0xF81F,0xF81F,0xF81F,0xF81F,0xF81F,0xF81F,0xF81F,0xF81F,
    0xF81F,0xF81F,0xF81F,0xF81F,0xF81F,0xF81F,0xF81F,0xF81F,0xF81F,0xF81F,0xF81F,0xF81F,
    0xF81F,0xF81F,0xF81F,0xF81F,0xF81F,0xF81F,0xF81F,0xF81F,0xF81F,0xF81F,0xF81F,0xF81F,
    0xF81F,0xF81F,0xF81F,0xF81F,0xF81F,0xF81F,0xF81F,0xF81F,0xF81F,0xF81F,0xF81F,0xF81F,
    0xF81F,0xF81F,0xF81F,0xF81F,0xF81F,0xF81F,0xF81F,0xF81F,0xF81F,0xF81F,0xF81F,0xF81F,
    0xF81F,0xF81F,0xF81F,0xF81F,0xF81F,0x09E8,0x93E7,0xF547,0xF5C8,0xF5C8,0xF547,0xF547,
    0xC4A7,0x3A88,0x09E8,0x09E8,0x3288,0xC487,0xF547,0xF547,0xF5A8,0xF5C8,0xF547,0x93E7,
    0x09E8,0xF81F,0xF81F,0xF81F,0xF81F,0xF81F,0xF81F,0xF81F,0xF81F,0xF81F,0xF81F,0xF81F,
    0xF81F,0xF81F,0xF81F,0xF81F,0xF81F,0xF81F,0xF81F,0xF81F,0xF81F,0xF81F,0xF81F,0xF81F,
    0xF81F,0xF81F,0xF81F,0xF81F,0xF81F,0xF81F,0xF81F,0xF81F,0xF81F,0xF81F,0xF81F,0xF81F,
    0xF81F,0xF81F,0xF81F,0xF81F,0xF81F,0xF81F,0xF81F,0xF81F,0xF81F,0xF81F,0xF81F,0xF81F,
    0xF81F,0xF81F,0xF81F,0xF81F,0xF81F,0xF81F,0xF81F,0xF81F,0xF81F,0xF81F,0xF81F,0xF81F,
    0xF81F,0xF81F,0xF81F,0xF81F,0xF81F,0xF81F,0xF81F,0xF81F,0xF81F,0xF81F,0xF81F,0xF81F,
    0xF81F,0xF81F,0xF81F,0xF81F,0xF81F,0xF81F,0xF81F,0xF81F,0xF81F,0xF81F,0xF81F,0xF81F,
    0xF81F,0xF81F,0xF81F,0xF81F,0xF81F,0xF81F,0xF81F,0xF81F,0xF81F,0xF81F,0xF81F,0xF81F,
    0xF81F,0xF81F,0xF81F,0xF81F,0xF81F,0xF81F,0xF81F,0xF81F,0xF81F,0xF81F,0xF81F,0xF81F,
    0xF81F,0xF81F,0xF81F,0xF81F,0xF81F,0xF81F,0xF81F,0xF81F,0xF81F,0xF81F,0xF81F,0xF81F,
    0xF81F,0xF81F,0xF81F,0xF81F,0xF81F,0xF81F,0xF81F,0x09E8,0x09E8,0x09E8,0x09E8,0x09E8,
    0xBC87,0xF547,0xF547,0xF547,0xED27,0x7367,0x11E8,0x09E8,0x09E8,0x09E8,0x09E8,0x11E8,
    0x7367,0xED27,0xF547,0xF547,0xF547,0xBC87,0x09E8,0x09E8,0x09E8,0x09E8,0x09E8,0xF81F,
    0xF81F,0xF81F,0xF81F,0xF81F,0xF81F,0xF81F,0xF81F,0xF81F,0xF81F,0xF81F,0xF81F,0xF81F,
    0xF81F,0xF81F,0xF81F,0xF81F,0xF81F,0xF81F,0xF81F,0xF81F,0xF81F,0xF81F,0xF81F,0xF81F,
    0xF81F,0xF81F,0xF81F,0xF81F,0xF81F,0xF81F,0xF81F,0xF81F,0xF81F,0xF81F,0xF81F,0xF81F,
    0xF81F,0xF81F,0xF81F,0xF81F,0xF81F,0xF81F,0xF81F,0xF81F,0xF81F,0xF81F,0xF81F,0xF81F,
    0xF81F,0xF81F,0xF81F,0xF81F,0xF81F,0xF81F,0xF81F,0xF81F,0xF81F,0xF81F,0xF81F,0xF81F,
    0xF81F,0xF81F,0xF81F,0xF81F,0xF81F,0xF81F,0xF81F,0xF81F,0xF81F,0xF81F,0xF81F,0xF81F,
    0xF81F,0xF81F,0xF81F,0xF81F,0xF81F,0xF81F,0xF81F,0xF81F,0xF81F,0xF81F,0xF81F,0xF81F,
    0xF81F,0xF81F,0xF81F,0xF81F,0xF81F,0xF81F,0xF81F,0xF81F,0xF81F,0xF81F,0xF81F,0xF81F,
    0xF81F,0xF81F,0xF81F,0xF81F,0xF81F,0xF81F,0xF81F,0xF81F,0xF81F,0xF81F,0xF81F,0xF81F,
    0xF81F,0xF81F,0xF81F,0xF81F,0xF81F,0xF81F,0xF81F,0xF81F,0xF81F,0xF81F,0x09E8,0x09E8,
    0x09E8,0x09E8,0x09E8,0x09E8,0x09E8,0x1A08,0xED27,0xF547,0xF547,0xBCA8,0x3B8C,0x1B8E,
    0x23CE,0x23EF,0x2430,0x2430,0x23EF,0x23CE,0x1B8E,0x3B8C,0xBCA8,0xF547,0xF547,0xED27,
    0x1A08,0x09E8,0x09E8,0x09E8,0x09E8,0x09E8,0x09E8,0x09E8,0xF81F,0xF81F,0xF81F,0xF81F,
    0xF81F,0xF81F,0xF81F,0xF81F,0xF81F,0xF81F,0xF81F,0xF81F,0xF81F,0xF81F,0xF81F,0xF81F,
    0xF81F,0xF81F,0xF81F,0xF81F,0xF81F,0xF81F,0xF81F,0xF81F,0xF81F,0xF81F,0xF81F,0xF81F,
    0xF81F,0xF81F,0xF81F,0xF81F,0xF81F,0xF81F,0xF81F,0xF81F,0xF81F,0xF81F,0xF81F,0xF81F,
    0xF81F,0xF81F,0xF81F,0xF81F,0xF81F,0xF81F,0xF81F,0xF81F,0xF81F,0xF81F,0xF81F,0xF81F,
    0xF81F,0xF81F,0xF81F,0xF81F,0xF81F,0xF81F,0xF81F,0xF81F,0xF81F,0xF81F,0xF81F,0xF81F,
    0xF81F,0xF81F,0xF81F,0xF81F,0xF81F,0xF81F,0xF81F,0xF81F,0xF81F,0xF81F,0xF81F,0xF81F,
    0xF81F,0xF81F,0xF81F,0xF81F,0xF81F,0xF81F,0xF81F,0xF81F,0xF81F,0xF81F,0xF81F,0xF81F,
    0xF81F,0xF81F,0xF81F,0xF81F,0xF81F,0xF81F,0xF81F,0xF81F,0xF81F,0xF81F,0xF81F,0xF81F,
    0xF81F,0xF81F,0xF81F,0xF81F,0xF81F,0xF81F,0xF81F,0xF81F,0xF81F,0xF81F,0xF81F,0xF81F,
    0xF81F,0xF81F,0x09E8,0x09E8,0x09E8,0x09E8,0x09E8,0x09E8,0x09E8,0x1208,0x1B0C,0x648D,
    0xF547,0xE548,0x8611,0x46D9,0x3ED9,0x3ED9,0x3ED9,0x3ED9,0x3ED9,0x3ED9,0x3ED9,0x3ED9,
    0x3ED9,0x3ED9,0x46D9,0x8611,0xE548,0xF547,0x648D,0x1B0C,0x1208,0x09E8,0x09E8,0x09E8,
    0x09E8,0x09E8,0x09E8,0x09E8,0xF81F,0xF81F,0xF81F,0xF81F,0xF81F,0xF81F,0xF81F,0xF81F,
    0xF81F,0xF81F,0xF81F,0xF81F,0xF81F,0xF81F,0xF81F,0xF81F,0xF81F,0xF81F,0xF81F,0xF81F,
    0xF81F,0xF81F,0xF81F,0xF81F,0xF81F,0xF81F,0xF81F,0xF81F,0xF81F,0xF81F,0xF81F,0xF81F,
    0xF81F,0xF81F,0xF81F,0xF81F,0xF81F,0xF81F,0xF81F,0xF81F,0xF81F,0xF81F,0xF81F,0xF81F,
    0xF81F,0xF81F,0xF81F,0xF81F,0xF81F,0xF81F,0xF81F,0xF81F,0xF81F,0xF81F,0xF81F,0xF81F,
    0xF81F,0xF81F,0xF81F,0xF81F,0xF81F,0xF81F,0xF81F,0xF81F,0xF81F,0xF81F,0xF81F,0xF81F,
    0xF81F,0xF81F,0xF81F,0xF81F,0xF81F,0xF81F,0xF81F,0xF81F,0xF81F,0xF81F,0xF81F,0xF81F,
    0xF81F,0xF81F,0xF81F,0xF81F,0xF81F,0xF81F,0xF81F,0xF81F,0xF81F,0xF81F,0xF81F,0xF81F,
    0xF81F,0xF81F,0xF81F,0xF81F,0xF81F,0xF81F,0xF81F,0xF81F,0xF81F,0xF81F,0xF81F,0xF81F,
    0xF81F,0xF81F,0xF81F,0xF81F,0xF81F,0xF81F,0x09E8,0x09E8,0x09E8,0x09E8,0x09E8,0x09E8,
    0x126A,0x240F,0x3595,0x3E98,0x3ED9,0xA5EE,0xBDAC,0x5697,0x3ED9,0x3ED9,0x3ED9,0x3ED9,
    0x3ED9,0x3ED9,0x3ED9,0x3ED9,0x3ED9,0x3ED9,0x3ED9,0x3ED9,0x3ED9,0x3ED9,0x56B7,0xB5CD,
    0xA5EF,0x3ED9,0x3E98,0x3594,0x240F,0x126A,0x09E8,0x09E8,0x09E8,0x09E8,0x09E8,0x09E8,
    0xF81F,0xF81F,0xF81F,0xF81F,0xF81F,0xF81F,0xF81F,0xF81F,0xF81F,0xF81F,0xF81F,0xF81F,
    0xF81F,0xF81F,0xF81F,0xF81F,0xF81F,0xF81F,0xF81F,0xF81F,0xF81F,0xF81F,0xF81F,0xF81F,
    0xF81F,0xF81F,0xF81F,0xF81F,0xF81F,0xF81F,0xF81F,0xF81F,0xF81F,0xF81F,0xF81F,0xF81F,
    0xF81F,0xF81F,0xF81F,0xF81F,0xF81F,0xF81F,0xF81F,0xF81F,0xF81F,0xF81F,0xF81F,0xF81F,
    0xF81F,0xF81F,0xF81F,0xF81F,0xF81F,0xF81F,0xF81F,0xF81F,0xF81F,0xF81F,0xF81F,0xF81F,
    0xF81F,0xF81F,0xF81F,0xF81F,0xF81F,0xF81F,0xF81F,0xF81F,0xF81F,0xF81F,0xF81F,0xF81F,
    0xF81F,0xF81F,0xF81F,0xF81F,0xF81F,0xF81F,0xF81F,0xF81F,0xF81F,0xF81F,0xF81F,0xF81F,
    0xF81F,0xF81F,0xF81F,0xF81F,0xF81F,0xF81F,0xF81F,0xF81F,0xF81F,0xF81F,0xF81F,0xF81F,
    0xF81F,0xF81F,0xF81F,0xF81F,0xF81F,0xF81F,0xF81F,0xF81F,0xF81F,0xF81F,0x09E8,0x09E8,
    0x09E8,0x09E8,0x09E8,0x1229,0x23CE,0x3594,0x3EB9,0x3ED9,0x3ED9,0x3ED9,0x3ED9,0x6675,
    0x3ED9,0x3ED9,0x3ED9,0x3ED9,0x3ED9,0x3ED9,0x3ED9,0x3ED9,0x3ED9,0x3ED9,0x3ED9,0x3ED9,
    0x3ED9,0x3ED9,0x3ED9,0x3ED9,0x3ED9,0x3ED9,0x6675,0x3ED9,0x3ED9,0x3ED9,0x3ED9,0x3EB9,
    0x3594,0x23CE,0x1229,0x09E8,0x09E8,0x09E8,0x09E8,0x09E8,0xF81F,0xF81F,0xF81F,0xF81F,
    0xF81F,0xF81F,0xF81F,0xF81F,0xF81F,0xF81F,0xF81F,0xF81F,0xF81F,0xF81F,0xF81F,0xF81F,
    0xF81F,0xF81F,0xF81F,0xF81F,0xF81F,0xF81F,0xF81F,0xF81F,0xF81F,0xF81F,0xF81F,0xF81F,
    0xF81F,0xF81F,0xF81F,0xF81F,0xF81F,0xF81F,0xF81F,0xF81F,0xF81F,0xF81F,0xF81F,0xF81F,
    0xF81F,0xF81F,0xF81F,0xF81F,0xF81F,0xF81F,0xF81F,0xF81F,0xF81F,0xF81F,0xF81F,0xF81F,
    0xF81F,0xF81F,0xF81F,0xF81F,0xF81F,0xF81F,0xF81F,0xF81F,0xF81F,0xF81F,0xF81F,0xF81F,
    0xF81F,0xF81F,0xF81F,0xF81F,0xF81F,0xF81F,0xF81F,0xF81F,0xF81F,0xF81F,0xF81F,0xF81F,
    0xF81F,0xF81F,0xF81F,0xF81F,0xF81F,0xF81F,0xF81F,0xF81F,0xF81F,0xF81F,0xF81F,0xF81F,
    0xF81F,0xF81F,0xF81F,0xF81F,0xF81F,0xF81F,0xF81F,0xF81F,0xF81F,0xF81F,0xF81F,0xF81F,
    0xF81F,0xF81F,0x09E8,0x09E8,0x09E8,0x09E8,0x09E8,0x1249,0x2450,0x3E78,0x3ED9,0x3ED9,
    0x3ED9,0x3ED9,0x3ED9,0x3ED9,0x3ED9,0x3ED9,0x3ED9,0x3ED9,0x3ED9,0x3ED9,0x3ED9,0x3ED9,
    0x3ED9,0x3ED9,0x3ED9,0x3ED9,0x3ED9,0x3ED9,0x3ED9,0x3ED9,0x3ED9,0x3ED9,0x3ED9,0x3ED9,
    0x3ED9,0x3ED9,0x3ED9,0x3ED9,0x3ED9,0x3ED9,0x3ED9,0x3ED9,0x3E78,0x2CB1,0x126A,0x09E8,
    0x09E8,0x09E8,0x09E8,0x09E8,0xF81F,0xF81F,0xF81F,0xF81F,0xF81F,0xF81F,0xF81F,0xF81F,
    0xF81F,0xF81F,0xF81F,0xF81F,0xF81F,0xF81F,0xF81F,0xF81F,0xF81F,0xF81F,0xF81F,0xF81F,
    0xF81F,0xF81F,0xF81F,0xF81F,0xF81F,0xF81F,0xF81F,0xF81F,0xF81F,0xF81F,0xF81F,0xF81F,
    0xF81F,0xF81F,0xF81F,0xF81F,0xF81F,0xF81F,0xF81F,0xF81F,0xF81F,0xF81F,0xF81F,0xF81F,
    0xF81F,0xF81F,0xF81F,0xF81F,0xF81F,0xF81F,0xF81F,0xF81F,0xF81F,0xF81F,0xF81F,0xF81F,
    0xF81F,0xF81F,0xF81F,0xF81F,0xF81F,0xF81F,0xF81F,0xF81F,0xF81F,0xF81F,0xF81F,0xF81F,
    0xF81F,0xF81F,0xF81F,0xF81F,0xF81F,0xF81F,0xF81F,0xF81F,0xF81F,0xF81F,0xF81F,0xF81F,
    0xF81F,0xF81F,0xF81F,0xF81F,0xF81F,0xF81F,0xF81F,0xF81F,0xF81F,0xF81F,0xF81F,0xF81F,
    0xF81F,0xF81F,0xF81F,0xF81F,0xF81F,0xF81F,0x09E8,0x09E8,0x09E8,0x09E8,0x09E8,0x126A,
    0x2CD2,0x3EB8,0x3ED9,0x3ED9,0x3ED9,0x3ED9,0x3ED9,0x3ED9,0x3ED9,0x3ED9,0x3ED9,0x3ED9,
    0x3ED9,0x3ED9,0x3ED9,0x3ED9,0x3ED9,0x3ED9,0x3ED9,0x3ED9,0x3ED9,0x3ED9,0x3ED9,0x3ED9,
    0x3ED9,0x3ED9,0x3ED9,0x3ED9,0x3ED9,0x3ED9,0x3ED9,0x3ED9,0x3ED9,0x3ED9,0x3ED9,0x3ED9,
    0x3ED9,0x3ED9,0x3ED9,0x3ED9,0x3E98,0x2CD2,0x126A,0x09E8,0x09E8,0x09E8,0x09E8,0x09E8,
    0xF81F,0xF81F,0xF81F,0xF81F,0xF81F,0xF81F,0xF81F,0xF81F,0xF81F,0xF81F,0xF81F,0xF81F,
    0xF81F,0xF81F,0xF81F,0xF81F,0xF81F,0xF81F,0xF81F,0xF81F,0xF81F,0xF81F,0xF81F,0xF81F,
    0xF81F,0xF81F,0xF81F,0xF81F,0xF81F,0xF81F,0xF81F,0xF81F,0xF81F,0xF81F,0xF81F,0xF81F,
    0xF81F,0xF81F,0xF81F,0xF81F,0xF81F,0xF81F,0xF81F,0xF81F,0xF81F,0xF81F,0xF81F,0xF81F,
    0xF81F,0xF81F,0xF81F,0xF81F,0xF81F,0xF81F,0xF81F,0xF81F,0xF81F,0xF81F,0xF81F,0xF81F,
    0xF81F,0xF81F,0xF81F,0xF81F,0xF81F,0xF81F,0xF81F,0xF81F,0xF81F,0xF81F,0xF81F,0xF81F,
    0xF81F,0xF81F,0xF81F,0xF81F,0xF81F,0xF81F,0xF81F,0xF81F,0xF81F,0xF81F,0xF81F,0xF81F,
    0xF81F,0xF81F,0xF81F,0xF81F,0xF81F,0xF81F,0xF81F,0xF81F,0xF81F,0xF81F,0xF81F,0x09E8,
    0x09E8,0x09E8,0x09E8,0x1208,0x240F,0x3E98,0x3ED9,0x3ED9,0x3ED9,0x3ED9,0x3ED9,0x3ED9,
    0x3ED9,0x3ED9,0x3ED9,0x3ED9,0x3ED9,0x3ED9,0x3ED9,0x3ED9,0x3ED9,0x3ED9,0x3ED9,0x3ED9,
    0x3ED9,0x3ED9,0x3ED9,0x3ED9,0x3ED9,0x3ED9,0x3ED9,0x3ED9,0x3ED9,0x3ED9,0x3ED9,0x3ED9,
    0x3ED9,0x3ED9,0x3ED9,0x3ED9,0x3ED9,0x3ED9,0x3ED9,0x3ED9,0x3ED9,0x3ED9,0x3ED9,0x3ED9,
    0x3E98,0x2450,0x1208,0x09E8,0x09E8,0x09E8,0x09E8,0xF81F,0xF81F,0xF81F,0xF81F,0xF81F,
    0xF81F,0xF81F,0xF81F,0xF81F,0xF81F,0xF81F,0xF81F,0xF81F,0xF81F,0xF81F,0xF81F,0xF81F,
    0xF81F,0xF81F,0xF81F,0xF81F,0xF81F,0xF81F,0xF81F,0xF81F,0xF81F,0xF81F,0xF81F,0xF81F,
    0xF81F,0xF81F,0xF81F,0xF81F,0xF81F,0xF81F,0xF81F,0xF81F,0xF81F,0xF81F,0xF81F,0xF81F,
    0xF81F,0xF81F,0xF81F,0xF81F,0xF81F,0xF81F,0xF81F,0xF81F,0xF81F,0xF81F,0xF81F,0xF81F,
    0xF81F,0xF81F,0xF81F,0xF81F,0xF81F,0xF81F,0xF81F,0xF81F,0xF81F,0xF81F,0xF81F,0xF81F,
    0xF81F,0xF81F,0xF81F,0xF81F,0xF81F,0xF81F,0xF81F,0xF81F,0xF81F,0xF81F,0xF81F,0xF81F,
    0xF81F,0xF81F,0xF81F,0xF81F,0xF81F,0xF81F,0xF81F,0xF81F,0xF81F,0xF81F,0xF81F,0xF81F,
    0xF81F,0xF81F,0xF81F,0xF81F,0x09E8,0x09E8,0x09E8,0x09E8,0x1B4D,0x3E16,0x3ED9,0x3ED9,
    0x3ED9,0x3ED9,0x3ED9,0x3ED9,0x3ED9,0x3ED9,0x3ED9,0x3ED9,0x3ED9,0x3ED9,0x3ED9,0x3ED9,
    0x3ED9,0x3ED9,0x3ED9,0x3ED9,0x3ED9,0x3ED9,0x3ED9,0x3ED9,0x3ED9,0x3ED9,0x3ED9,0x3ED9,
    0x3ED9,0x3ED9,0x3ED9,0x3ED9,0x3ED9,0x3ED9,0x3ED9,0x3ED9,0x3ED9,0x3ED9,0x3ED9,0x3ED9,
    0x3ED9,0x3ED9,0x3ED9,0x3ED9,0x3ED9,0x3ED9,0x3ED9,0x3ED9,0x3E16,0x1B4D,0x09E8,0x09E8,
    0x09E8,0x09E8,0xF81F,0xF81F,0xF81F,0xF81F,0xF81F,0xF81F,0xF81F,0xF81F,0xF81F,0xF81F,
    0xF81F,0xF81F,0xF81F,0xF81F,0xF81F,0xF81F,0xF81F,0xF81F,0xF81F,0xF81F,0xF81F,0xF81F,
    0xF81F,0xF81F,0xF81F,0xF81F,0xF81F,0xF81F,0xF81F,0xF81F,0xF81F,0xF81F,0xF81F,0xF81F,
    0xF81F,0xF81F,0xF81F,0xF81F,0xF81F,0xF81F,0xF81F,0xF81F,0xF81F,0xF81F,0xF81F,0xF81F,
    0xF81F,0xF81F,0xF81F,0xF81F,0xF81F,0xF81F,0xF81F,0xF81F,0xF81F,0xF81F,0xF81F,0xF81F,
    0xF81F,0xF81F,0xF81F,0xF81F,0xF81F,0xF81F,0xF81F,0xF81F,0xF81F,0xF81F,0xF81F,0xF81F,
    0xF81F,0xF81F,0xF81F,0xF81F,0xF81F,0xF81F,0xF81F,0xF81F,0xF81F,0xF81F,0xF81F,0xF81F,
    0xF81F,0xF81F,0xF81F,0xF81F,0xF81F,0xF81F,0xF81F,0xF81F,0x09E8,0x09E8,0x09E8,0x09E8,
    0x1208,0x2CB1,0x3EB9,0x3ED9,0x3ED9,0x3ED9,0x3ED9,0x3ED9,0x3ED9,0x3ED9,0x3ED9,0x3ED9,
    0x3ED9,0x3ED9,0x3ED9,0x3ED9,0x3ED9,0x3ED9,0x3ED9,0x3ED9,0x3ED9,0x3ED9,0x3ED9,0x3ED9,
    0x3ED9,0x3ED9,0x3ED9,0x3ED9,0x3ED9,0x3ED9,0x3ED9,0x3ED9,0x3ED9,0x3ED9,0x3ED9,0x3ED9,
    0x3ED9,0x3ED9,0x3ED9,0x3ED9,0x3ED9,0x3ED9,0x3ED9,0x3ED9,0x3ED9,0x3ED9,0x3ED9,0x3ED9,
    0x3ED9,0x3ED9,0x3ED9,0x3EB9,0x2CD2,0x1209,0x09E8,0x09E8,0x09E8,0x09E8,0xF81F,0xF81F,
    0xF81F,0xF81F,0xF81F,0xF81F,0xF81F,0xF81F,0xF81F,0xF81F,0xF81F,0xF81F,0xF81F,0xF81F,
    0xF81F,0xF81F,0xF81F,0xF81F,0xF81F,0xF81F,0xF81F,0xF81F,0xF81F,0xF81F,0xF81F,0xF81F,
    0xF81F,0xF81F,0xF81F,0xF81F,0xF81F,0xF81F,0xF81F,0xF81F,0xF81F,0xF81F,0xF81F,0xF81F,
    0xF81F,0xF81F,0xF81F,0xF81F,0xF81F,0xF81F,0xF81F,0xF81F,0xF81F,0xF81F,0xF81F,0xF81F,
    0xF81F,0xF81F,0xF81F,0xF81F,0xF81F,0xF81F,0xF81F,0xF81F,0xF81F,0xF81F,0xF81F,0xF81F,
    0xF81F,0xF81F,0xF81F,0xF81F,0xF81F,0xF81F,0xF81F,0xF81F,0xF81F,0xF81F,0xF81F,0xF81F,
    0xF81F,0xF81F,0xF81F,0xF81F,0xF81F,0xF81F,0xF81F,0xF81F,0xF81F,0xF81F,0xF81F,0xF81F,
    0xF81F,0x09E8,0x09E8,0x09E8,0x09E8,0x12AB,0x35D6,0x3ED9,0x3ED9,0x3ED9,0x3ED9,0x3ED9,
    0x3ED9,0x3ED9,0x3ED9,0x3ED9,0x3ED9,0x3ED9,0x3ED9,0x3ED9,0x3ED9,0x3ED9,0x3ED9,0x3ED9,
    0x3ED9,0x3ED9,0x3ED9,0x3ED9,0x3ED9,0x3ED9,0x3ED9,0x3ED9,0x3ED9,0x3ED9,0x3ED9,0x3ED9,
    0x3ED9,0x3ED9,0x3ED9,0x3ED9,0x3ED9,0x3ED9,0x3ED9,0x3ED9,0x3ED9,0x3ED9,0x3ED9,0x3ED9,
    0x3ED9,0x3ED9,0x3ED9,0x3ED9,0x3ED9,0x3ED9,0x3ED9,0x3ED9,0x3ED9,0x3ED9,0x3ED9,0x35F6,
    0x1ACB,0x09E8,0x09E8,0x09E8,0x09E8,0xF81F,0xF81F,0xF81F,0xF81F,0xF81F,0xF81F,0xF81F,
    0xF81F,0xF81F,0xF81F,0xF81F,0xF81F,0xF81F,0xF81F,0xF81F,0xF81F,0xF81F,0xF81F,0xF81F,
    0xF81F,0xF81F,0xF81F,0xF81F,0xF81F,0xF81F,0xF81F,0xF81F,0xF81F,0xF81F,0xF81F,0xF81F,
    0xF81F,0xF81F,0xF81F,0xF81F,0xF81F,0xF81F,0xF81F,0xF81F,0xF81F,0xF81F,0xF81F,0xF81F,
    0xF81F,0xF81F,0xF81F,0xF81F,0xF81F,0xF81F,0xF81F,0xF81F,0xF81F,0xF81F,0xF81F,0xF81F,
    0xF81F,0xF81F,0xF81F,0xF81F,0xF81F,0xF81F,0xF81F,0xF81F,0xF81F,0xF81F,0xF81F,0xF81F,
    0xF81F,0xF81F,0xF81F,0xF81F,0xF81F,0xF81F,0xF81F,0xF81F,0xF81F,0xF81F,0xF81F,0xF81F,
    0xF81F,0xF81F,0xF81F,0xF81F,0xF81F,0xF81F,0x09E8,0x09E8,0x09E8,0x09E8,0x1B6D,0x3E98,
    0x3ED9,0x3ED9,0x3ED9,0x3ED9,0x3ED9,0x3ED9,0x3ED9,0x3ED9,0x3ED9,0x3ED9,0x3ED9,0x3ED9,
    0x3ED9,0x3ED9,0x3ED9,0x3ED9,0x3ED9,0x3ED9,0x3ED9,0x3ED9,0x3ED9,0x3ED9,0x3ED9,0x3ED9,
    0x3ED9,0x3ED9,0x3ED9,0x3ED9,0x3ED9,0x3ED9,0x3ED9,0x3ED9,0x3ED9,0x3ED9,0x3ED9,0x3ED9,
    0x3ED9,0x3ED9,0x3ED9,0x3ED9,0x3ED9,0x3ED9,0x3ED9,0x3ED9,0x3ED9,0x3ED9,0x3ED9,0x3ED9,
    0x3ED9,0x3ED9,0x3ED9,0x3ED9,0x3ED9,0x3ED9,0x3E98,0x1B6D,0x09E8,0x09E8,0x09E8,0x09E8,
    0xF81F,0xF81F,0xF81F,0xF81F,0xF81F,0xF81F,0xF81F,0xF81F,0xF81F,0xF81F,0xF81F,0xF81F,
    0xF81F,0xF81F,0xF81F,0xF81F,0xF81F,0xF81F,0xF81F,0xF81F,0xF81F,0xF81F,0xF81F,0xF81F,
    0xF81F,0xF81F,0xF81F,0xF81F,0xF81F,0xF81F,0xF81F,0xF81F,0xF81F,0xF81F,0xF81F,0xF81F,
    0xF81F,0xF81F,0xF81F,0xF81F,0xF81F,0xF81F,0xF81F,0xF81F,0xF81F,0xF81F,0xF81F,0xF81F,
    0xF81F,0xF81F,0xF81F,0xF81F,0xF81F,0xF81F,0xF81F,0xF81F,0xF81F,0xF81F,0xF81F,0xF81F,
    0xF81F,0xF81F,0xF81F,0xF81F,0xF81F,0xF81F,0xF81F,0xF81F,0xF81F,0xF81F,0xF81F,0xF81F,
    0xF81F,0xF81F,0xF81F,0xF81F,0xF81F,0xF81F,0xF81F,0xF81F,0xF81F,0xF81F,0xF81F,0x09E8,
    0x09E8,0x09E8,0x09E8,0x240F,0x3EB9,0x3ED9,0x3ED9,0x3ED9,0x3ED9,0x3ED9,0x3ED9,0x3ED9,
    0x3ED9,0x3ED9,0x3ED9,0x3ED9,0x3ED9,0x3ED9,0x3ED9,0x3ED9,0x3ED9,0x3ED9,0x3ED9,0x3ED9,
    0x3ED9,0x3ED9,0x3ED9,0x3ED9,0x3ED9,0x3ED9,0x3ED9,0x3ED9,0x3ED9,0x3ED9,0x3ED9,0x3ED9,
    0x3ED9,0x3ED9,0x3ED9,0x3ED9,0x3ED9,0x3ED9,0x3ED9,0x3ED9,0x3ED9,0x3ED9,0x3ED9,0x3ED9,
    0x3ED9,0x3ED9,0x3ED9,0x3ED9,0x3ED9,0x3ED9,0x3ED9,0x3ED9,0x3ED9,0x3ED9,0x3ED9,0x3ED9,
    0x3ED9,0x3EB9,0x2450,0x09E8,0x09E8,0x09E8,0x09E8,0xF81F,0xF81F,0xF81F,0xF81F,0xF81F,
    0xF81F,0xF81F,0xF81F,0xF81F,0xF81F,0xF81F,0xF81F,0xF81F,0xF81F,0xF81F,0xF81F,0xF81F,
    0xF81F,0xF81F,0xF81F,0xF81F,0xF81F,0xF81F,0xF81F,0xF81F,0xF81F,0xF81F,0xF81F,0xF81F,
    0xF81F,0xF81F,0xF81F,0xF81F,0xF81F,0xF81F,0xF81F,0xF81F,0xF81F,0xF81F,0xF81F,0xF81F,
    0xF81F,0xF81F,0xF81F,0xF81F,0xF81F,0xF81F,0xF81F,0xF81F,0xF81F,0xF81F,0xF81F,0xF81F,
    0xF81F,0xF81F,0xF81F,0xF81F,0xF81F,0xF81F,0xF81F,0xF81F,0xF81F,0xF81F,0xF81F,0xF81F,
    0xF81F,0xF81F,0xF81F,0xF81F,0xF81F,0xF81F,0xF81F,0xF81F,0xF81F,0xF81F,0xF81F,0xF81F,
    0xF81F,0xF81F,0xF81F,0xF81F,0x09E8,0x09E8,0x09E8,0x09E8,0x2CB1,0x3ED9,0x3ED9,0x3ED9,
    0x3ED9,0x3ED9,0x3ED9,0x3ED9,0x3ED9,0x3ED9,0x3ED9,0x3ED9,0x3ED9,0x3ED9,0x3ED9,0x3ED9,
    0x3ED9,0x3ED9,0x3ED9,0x3ED9,0x3ED9,0x3ED9,0x3ED9,0x3ED9,0x3ED9,0x3ED9,0x3ED9,0x3ED9,
    0x3ED9,0x3ED9,0x3ED9,0x3ED9,0x3ED9,0x3ED9,0x3ED9,0x3ED9,0x3ED9,0x3ED9,0x3ED9,0x3ED9,
    0x3ED9,0x3ED9,0x3ED9,0x3ED9,0x3ED9,0x3ED9,0x3ED9,0x3ED9,0x3ED9,0x3ED9,0x3ED9,0x3ED9,
    0x3ED9,0x3ED9,0x3ED9,0x3ED9,0x3ED9,0x3ED9,0x3ED9,0x3ED9,0x3ED9,0x2CB1,0x09E8,0x09E8,
    0x09E8,0x09E8,0xF81F,0xF81F,0xF81F,0xF81F,0xF81F,0xF81F,0xF81F,0xF81F,0xF81F,0xF81F,
    0xF81F,0xF81F,0xF81F,0xF81F,0xF81F,0xF81F,0xF81F,0xF81F,0xF81F,0xF81F,0xF81F,0xF81F,
    0xF81F,0xF81F,0xF81F,0xF81F,0xF81F,0xF81F,0xF81F,0xF81F,0xF81F,0xF81F,0xF81F,0xF81F,
    0xF81F,0xF81F,0xF81F,0xF81F,0xF81F,0xF81F,0xF81F,0xF81F,0xF81F,0xF81F,0xF81F,0xF81F,
    0xF81F,0xF81F,0xF81F,0xF81F,0xF81F,0xF81F,0xF81F,0xF81F,0xF81F,0xF81F,0xF81F,0xF81F,
    0xF81F,0xF81F,0xF81F,0xF81F,0xF81F,0xF81F,0xF81F,0xF81F,0xF81F,0xF81F,0xF81F,0xF81F,
    0xF81F,0xF81F,0xF81F,0xF81F,0xF81F,0xF81F,0xF81F,0xF81F,0xF81F,0x09E8,0x09E8,0x09E8,
    0x09E8,0x2CB1,0x3ED9,0x3ED9,0x3ED9,0x3ED9,0x3ED9,0x3ED9,0x3ED9,0x3ED9,0x3ED9,0x3ED9,
    0x3ED9,0x3ED9,0x3ED9,0x3ED9,0x3ED9,0x3ED9,0x3ED9,0x3ED9,0x3ED9,0x3ED9,0x3ED9,0x3ED9,
    0x3ED9,0x3ED9,0x3ED9,0x3ED9,0x3ED9,0x3ED9,0x3ED9,0x3ED9,0x3ED9,0x3ED9,0x3ED9,0x3ED9,
    0x3ED9,0x3ED9,0x3ED9,0x3ED9,0x3ED9,0x3ED9,0x3ED9,0x3ED9,0x3ED9,0x3ED9,0x3ED9,0x3ED9,
    0x3ED9,0x3ED9,0x3ED9,0x3ED9,0x3ED9,0x3ED9,0x3ED9,0x3ED9,0x3ED9,0x3ED9,0x3ED9,0x3ED9,
    0x3ED9,0x3ED9,0x3ED9,0x3ED9,0x2CB1,0x09E8,0x09E8,0x09E8,0x09E8,0xF81F,0xF81F,0xF81F,
    0xF81F,0xF81F,0xF81F,0xF81F,0xF81F,0xF81F,0xF81F,0xF81F,0xF81F,0xF81F,0xF81F,0xF81F,
    0xF81F,0xF81F,0xF81F,0xF81F,0xF81F,0xF81F,0xF81F,0xF81F,0xF81F,0xF81F,0xF81F,0xF81F,
    0xF81F,0xF81F,0xF81F,0xF81F,0xF81F,0xF81F,0xF81F,0xF81F,0xF81F,0xF81F,0xF81F,0xF81F,
    0xF81F,0xF81F,0xF81F,0xF81F,0xF81F,0xF81F,0xF81F,0xF81F,0xF81F,0xF81F,0xF81F,0xF81F,
    0xF81F,0xF81F,0xF81F,0xF81F,0xF81F,0xF81F,0xF81F,0xF81F,0xF81F,0xF81F,0xF81F,0xF81F,
    0xF81F,0xF81F,0xF81F,0xF81F,0xF81F,0xF81F,0xF81F,0xF81F,0xF81F,0xF81F,0xF81F,0xF81F,
    0xF81F,0xF81F,0x09E8,0x09E8,0x09E8,0x09E8,0x2C71,0x3ED9,0x3ED9,0x3ED9,0x3ED9,0x3ED9,
    0x3ED9,0x3ED9,0x3ED9,0x3ED9,0x3ED9,0x3ED9,0x3ED9,0x3ED9,0x3ED9,0x3ED9,0x3ED9,0x3ED9,
    0x3ED9,0x3ED9,0x3ED9,0x3ED9,0x3ED9,0x3ED9,0x3ED9,0x3ED9,0x3ED9,0x3ED9,0x3ED9,0x3ED9,
    0x3ED9,0x3ED9,0x3ED9,0x3ED9,0x3ED9,0x3ED9,0x3ED9,0x3ED9,0x3ED9,0x3ED9,0x3ED9,0x3ED9,
    0x3ED9,0x3ED9,0x3ED9,0x3ED9,0x3ED9,0x3ED9,0x3ED9,0x3ED9,0x3ED9,0x3ED9,0x3ED9,0x3ED9,
    0x3ED9,0x3ED9,0x3ED9,0x3ED9,0x3ED9,0x3ED9,0x3ED9,0x3ED9,0x3ED9,0x3ED9,0x3ED9,0x2470,
    0x09E8,0x09E8,0x09E8,0x09E8,0xF81F,0xF81F,0xF81F,0xF81F,0xF81F,0xF81F,0xF81F,0xF81F,
    0xF81F,0xF81F,0xF81F,0xF81F,0xF81F,0xF81F,0xF81F,0xF81F,0xF81F,0xF81F,0xF81F,0xF81F,
    0xF81F,0xF81F,0xF81F,0xF81F,0xF81F,0xF81F,0xF81F,0xF81F,0xF81F,0xF81F,0xF81F,0xF81F,
    0xF81F,0xF81F,0xF81F,0xF81F,0xF81F,0xF81F,0xF81F,0xF81F,0xF81F,0xF81F,0xF81F,0xF81F,
    0xF81F,0xF81F,0xF81F,0xF81F,0xF81F,0xF81F,0xF81F,0xF81F,0xF81F,0xF81F,0xF81F,0xF81F,
    0xF81F,0xF81F,0xF81F,0xF81F,0xF81F,0xF81F,0xF81F,0xF81F,0xF81F,0xF81F,0xF81F,0xF81F,
    0xF81F,0xF81F,0xF81F,0xF81F,0xF81F,0xF81F,0xF81F,0xF81F,0x09E8,0x09E8,0x09E8,0x2430,
    0x3ED9,0x3ED9,0x3ED9,0x3ED9,0x3ED9,0x3ED9,0x3ED9,0x3ED9,0x3ED9,0x3ED9,0x3ED9,0x3ED9,
    0x3ED9,0x3ED9,0x3ED9,0x3ED9,0x3ED9,0x3ED9,0x3ED9,0x3ED9,0x3ED9,0x3ED9,0x3ED9,0x3ED9,
    0x3ED9,0x3ED9,0x3ED9,0x3ED9,0x3ED9,0x3ED9,0x3ED9,0x3ED9,0x3ED9,0x3ED9,0x3ED9,0x3ED9,
    0x3ED9,0x3ED9,0x3ED9,0x3ED9,0x3ED9,0x3ED9,0x3ED9,0x3ED9,0x3ED9,0x3ED9,0x3ED9,0x3ED9,
    0x3ED9,0x3ED9,0x3ED9,0x3ED9,0x3ED9,0x3ED9,0x3ED9,0x3ED9,0x3ED9,0x3ED9,0x3ED9,0x3ED9,
    0x3ED9,0x3ED9,0x3ED9,0x3ED9,0x3ED9,0x3ED9,0x2410,0x09E8,0x09E8,0x09E8,0xF81F,0xF81F,
    0xF81F,0xF81F,0xF81F,0xF81F,0xF81F,0xF81F,0xF81F,0xF81F,0xF81F,0xF81F,0xF81F,0xF81F,
    0xF81F,0xF81F,0xF81F,0xF81F,0xF81F,0xF81F,0xF81F,0xF81F,0xF81F,0xF81F,0xF81F,0xF81F,
    0xF81F,0xF81F,0xF81F,0xF81F,0xF81F,0xF81F,0xF81F,0xF81F,0xF81F,0xF81F,0xF81F,0xF81F,
    0xF81F,0xF81F,0xF81F,0xF81F,0xF81F,0xF81F,0xF81F,0xF81F,0xF81F,0xF81F,0xF81F,0xF81F,
    0xF81F,0xF81F,0xF81F,0xF81F,0xF81F,0xF81F,0xF81F,0xF81F,0xF81F,0xF81F,0xF81F,0xF81F,
    0xF81F,0xF81F,0xF81F,0xF81F,0xF81F,0xF81F,0xF81F,0xF81F,0xF81F,0xF81F,0xF81F,0xF81F,
    0xF81F,0x09E8,0x09E8,0x09E8,0x1B2C,0x3EB9,0x3ED9,0x3ED9,0x3ED9,0x3ED9,0x3ED9,0x3ED9,
    0x3ED9,0x3ED9,0x3ED9,0x3ED9,0x3ED9,0x4ED9,0x66FA,0x771A,0x7F3B,0x873B,0x8F3B,0x8F3B,
    0x873B,0x7F3B,0x771A,0x66FA,0x4ED9,0x3ED9,0x3ED9,0x3ED9,0x3ED9,0x3ED9,0x3ED9,0x3ED9,
    0x3ED9,0x3ED9,0x3ED9,0x3ED9,0x3ED9,0x3ED9,0x3ED9,0x3ED9,0x3ED9,0x3ED9,0x3ED9,0x3ED9,
    0x3ED9,0x3ED9,0x3ED9,0x3ED9,0x3ED9,0x3ED9,0x3ED9,0x3ED9,0x3ED9,0x3ED9,0x3ED9,0x3ED9,
    0x3ED9,0x3ED9,0x3ED9,0x3ED9,0x3ED9,0x3ED9,0x3ED9,0x3ED9,0x3ED9,0x3ED9,0x3ED9,0x3ED9,
    0x3EB9,0x1B4D,0x09E8,0x09E8,0x09E8,0xF81F,0xF81F,0xF81F,0xF81F,0xF81F,0xF81F,0xF81F,
    0xF81F,0xF81F,0xF81F,0xF81F,0xF81F,0xF81F,0xF81F,0xF81F,0xF81F,0xF81F,0xF81F,0xF81F,
    0xF81F,0xF81F,0xF81F,0xF81F,0xF81F,0xF81F,0xF81F,0xF81F,0xF81F,0xF81F,0xF81F,0xF81F,
    0xF81F,0xF81F,0xF81F,0xF81F,0xF81F,0xF81F,0xF81F,0xF81F,0xF81F,0xF81F,0xF81F,0xF81F,
    0xF81F,0xF81F,0xF81F,0xF81F,0xF81F,0xF81F,0xF81F,0xF81F,0xF81F,0xF81F,0xF81F,0xF81F,
    0xF81F,0xF81F,0xF81F,0xF81F,0xF81F,0xF81F,0xF81F,0xF81F,0xF81F,0xF81F,0xF81F,0xF81F,
    0xF81F,0xF81F,0xF81F,0xF81F,0xF81F,0xF81F,0x09E8,0x09E8,0x09E8,0x128A,0x3E78,0x3ED9,
    0x3ED9,0x3ED9,0x3ED9,0x3ED9,0x3ED9,0x3ED9,0x3ED9,0x3ED9,0x46D9,0x5EFA,0x7F3B,0x8F5B,
    0x8F5B,0x8F5B,0x8F5B,0x8F5B,0x8F5B,0x8F5B,0x8F5B,0x8F5B,0x8F5B,0x8F5B,0x8F5B,0x7F3B,
    0x5EFA,0x46D9,0x3ED9,0x3ED9,0x3ED9,0x3ED9,0x3ED9,0x3ED9,0x3ED9,0x3ED9,0x3ED9,0x3ED9,
    0x3ED9,0x3ED9,0x3ED9,0x3ED9,0x3ED9,0x3ED9,0x3ED9,0x3ED9,0x3ED9,0x3ED9,0x3ED9,0x3ED9,
    0x3ED9,0x3ED9,0x3ED9,0x3ED9,0x3ED9,0x3ED9,0x3ED9,0x3ED9,0x3ED9,0x3ED9,0x3ED9,0x3ED9,
    0x3ED9,0x3ED9,0x3ED9,0x3ED9,0x3ED9,0x3ED9,0x3ED9,0x3E77,0x128A,0x09E8,0x09E8,0x09E8,
    0xF81F,0xF81F,0xF81F,0xF81F,0xF81F,0xF81F,0xF81F,0xF81F,0xF81F,0xF81F,0xF81F,0xF81F,
    0xF81F,0xF81F,0xF81F,0xF81F,0xF81F,0xF81F,0xF81F,0xF81F,0xF81F,0xF81F,0xF81F,0xF81F,
    0xF81F,0xF81F,0xF81F,0xF81F,0xF81F,0xF81F,0xF81F,0xF81F,0xF81F,0xF81F,0xF81F,0xF81F,
    0xF81F,0xF81F,0xF81F,0xF81F,0xF81F,0xF81F,0xF81F,0xF81F,0xF81F,0xF81F,0xF81F,0xF81F,
    0xF81F,0xF81F,0xF81F,0xF81F,0xF81F,0xF81F,0xF81F,0xF81F,0xF81F,0xF81F,0xF81F,0xF81F,
    0xF81F,0xF81F,0xF81F,0xF81F,0xF81F,0xF81F,0xF81F,0xF81F,0xF81F,0xF81F,0xF81F,0xF81F,
    0x09E8,0x09E8,0x1208,0x35D5,0x3ED9,0x3ED9,0x3ED9,0x3ED9,0x3ED9,0x3ED9,0x3ED9,0x3ED9,
    0x3ED9,0x56FA,0x873B,0x8F5B,0x8F5B,0x8F5B,0x8F5B,0x8F5B,0x8F5B,0x8F5B,0x8F5B,0x8F5B,
    0x8F5B,0x8F5B,0x8F5B,0x8F5B,0x8F5B,0x8F5B,0x8F5B,0x873B,0x56FA,0x3ED9,0x3ED9,0x3ED9,
    0x3ED9,0x3ED9,0x3ED9,0x3ED9,0x3ED9,0x3ED9,0x3ED9,0x3ED9,0x3ED9,0x3ED9,0x3ED9,0x3ED9,
    0x3ED9,0x3ED9,0x3ED9,0x3ED9,0x3ED9,0x3ED9,0x3ED9,0x3ED9,0x3ED9,0x3ED9,0x3ED9,0x3ED9,
    0x3ED9,0x3ED9,0x3ED9,0x3ED9,0x3ED9,0x3ED9,0x3ED9,0x3ED9,0x3ED9,0x3ED9,0x3ED9,0x3ED9,
    0x3ED9,0x3ED9,0x35D5,0x1208,0x09E8,0x09E8,0xF81F,0xF81F,0xF81F,0xF81F,0xF81F,0xF81F,
    0xF81F,0xF81F,0xF81F,0xF81F,0xF81F,0xF81F,0xF81F,0xF81F,0xF81F,0xF81F,0xF81F,0xF81F,
    0xF81F,0xF81F,0xF81F,0xF81F,0xF81F,0xF81F,0xF81F,0xF81F,0xF81F,0xF81F,0xF81F,0xF81F,
    0xF81F,0xF81F,0xF81F,0xF81F,0xF81F,0xF81F,0xF81F,0xF81F,0xF81F,0xF81F,0xF81F,0xF81F,
    0xF81F,0xF81F,0xF81F,0xF81F,0xF81F,0xF81F,0xF81F,0xF81F,0xF81F,0xF81F,0xF81F,0xF81F,
    0xF81F,0xF81F,0xF81F,0xF81F,0xF81F,0xF81F,0xF81F,0xF81F,0xF81F,0xF81F,0xF81F,0xF81F,
    0xF81F,0xF81F,0xF81F,0xF81F,0xF81F,0x09E8,0x09E8,0x09E8,0x2C71,0x3ED9,0x3ED9,0x3ED9,
    0x3ED9,0x3ED9,0x3ED9,0x3ED9,0x3ED9,0x3ED9,0x671A,0x8F5B,0x8F5B,0x8F5B,0x8F5B,0x8F5B,
    0x8F5B,0x8F5B,0x8F5B,0x8F5B,0x8F5B,0x8F5B,0x8F5B,0x8F5B,0x8F5B,0x8F5B,0x8F5B,0x8F5B,
    0x8F5B,0x8F5B,0x8F5B,0x6F1A,0x46D9,0x3ED9,0x3ED9,0x3ED9,0x3ED9,0x3ED9,0x3ED9,0x3ED9,
    0x3ED9,0x3ED9,0x3ED9,0x3ED9,0x3ED9,0x3ED9,0x3ED9,0x3ED9,0x3ED9,0x3ED9,0x3ED9,0x3ED9,
    0x3ED9,0x3ED9,0x3ED9,0x3ED9,0x3ED9,0x3ED9,0x3ED9,0x3ED9,0x3ED9,0x3ED9,0x3ED9,0x3ED9,
    0x3ED9,0x3ED9,0x3ED9,0x3ED9,0x3ED9,0x3ED9,0x3ED9,0x3ED9,0x3ED9,0x2470,0x09E8,0x09E8,
    0x09E8,0xF81F,0xF81F,0xF81F,0xF81F,0xF81F,0xF81F,0xF81F,0xF81F,0xF81F,0xF81F,0xF81F,
    0xF81F,0xF81F,0xF81F,0xF81F,0xF81F,0xF81F,0xF81F,0xF81F,0xF81F,0xF81F,0xF81F,0xF81F,
    0xF81F,0xF81F,0xF81F,0xF81F,0xF81F,0xF81F,0xF81F,0xF81F,0xF81F,0xF81F,0xF81F,0xF81F,
    0xF81F,0xF81F,0xF81F,0xF81F,0xF81F,0xF81F,0xF81F,0xF81F,0xF81F,0xF81F,0xF81F,0xF81F,
    0xF81F,0xF81F,0xF81F,0xF81F,0xF81F,0xF81F,0xF81F,0xF81F,0xF81F,0xF81F,0xF81F,0xF81F,
    0xF81F,0xF81F,0xF81F,0xF81F,0xF81F,0xF81F,0xF81F,0xF81F,0xF81F,0xF81F,0x09E8,0x09E8,
    0x09E8,0x12CB,0x3EB8,0x3ED9,0x3ED9,0x3ED9,0x3ED9,0x3ED9,0x3ED9,0x3ED9,0x3ED9,0x771A,
    0x8F5B,0x8F5B,0x8F5B,0x8F5B,0x8F5B,0x8F5B,0x8F5B,0x8F5B,0x8F5B,0x8F5B,0x8F5B,0x8F5B,
    0x8F5B,0x8F5B,0x8F5B,0x8F5B,0x8F5B,0x8F5B,0x8F5B,0x8F5B,0x8F5B,0x8F5B,0x771A,0x3ED9,
    0x3ED9,0x3ED9,0x3ED9,0x3ED9,0x3ED9,0x3ED9,0x3ED9,0x3ED9,0x3ED9,0x3ED9,0x3ED9,0x3ED9,
    0x3ED9,0x3ED9,0x3ED9,0x3ED9,0x3ED9,0x3ED9,0x3ED9,0x3ED9,0x3ED9,0x3ED9,0x3ED9,0x3ED9,
    0x3ED9,0x3ED9,0x3ED9,0x3ED9,0x3ED9,0x3ED9,0x3ED9,0x3ED9,0x3ED9,0x3ED9,0x3ED9,0x3ED9,
    0x3ED9,0x3ED9,0x3ED9,0x3EB8,0x12AB,0x09E8,0x09E8,0x09E8,0xF81F,0xF81F,0xF81F,0xF81F,
    0xF81F,0xF81F,0xF81F,0xF81F,0xF81F,0xF81F,0xF81F,0xF81F,0xF81F,0xF81F,0xF81F,0xF81F,
    0xF81F,0xF81F,0xF81F,0xF81F,0xF81F,0xF81F,0xF81F,0xF81F,0xF81F,0xF81F,0xF81F,0xF81F,
    0xF81F,0xF81F,0xF81F,0xF81F,0xF81F,0xF81F,0xF81F,0xF81F,0xF81F,0xF81F,0xF81F,0xF81F,
    0xF81F,0xF81F,0xF81F,0xF81F,0xF81F,0xF81F,0xF81F,0xF81F,0xF81F,0xF81F,0xF81F,0xF81F,
    0xF81F,0xF81F,0xF81F,0xF81F,0xF81F,0xF81F,0xF81F,0xF81F,0xF81F,0xF81F,0xF81F,0xF81F,
    0xF81F,0xF81F,0xF81F,0xF81F,0x09E8,0x09E8,0x09E8,0x35B5,0x3ED9,0x3ED9,0x3ED9,0x3ED9,
    0x3ED9,0x3ED9,0x3ED9,0x3ED9,0x66FA,0x8F5B,0x8F5B,0x8F5B,0x8F5B,0x8F5B,0x8F5B,0x8F5B,
    0x8F5B,0x8F5B,0x8F5B,0x8F5B,0x8F5B,0x8F5B,0x8F5B,0x8F5B,0x8F5B,0x8F5B,0x8F5B,0x8F5B,
    0x8F5B,0x8F5B,0x8F5B,0x8F5B,0x8F5B,0x66FA,0x3ED9,0x3ED9,0x3ED9,0x3ED9,0x3ED9,0x3ED9,
    0x3ED9,0x3ED9,0x3ED9,0x3ED9,0x3ED9,0x3ED9,0x3ED9,0x3ED9,0x3ED9,0x3ED9,0x3ED9,0x3ED9,
    0x3ED9,0x3ED9,0x3ED9,0x3ED9,0x3ED9,0x3ED9,0x3ED9,0x3ED9,0x3ED9,0x3ED9,0x3ED9,0x3ED9,
    0x3ED9,0x3ED9,0x3ED9,0x3ED9,0x3ED9,0x3ED9,0x3ED9,0x3ED9,0x3ED9,0x3ED9,0x35B5,0x09E8,
    0x09E8,0x09E8,0xF81F,0xF81F,0xF81F,0xF81F,0xF81F,0xF81F,0xF81F,0xF81F,0xF81F,0xF81F,
    0xF81F,0xF81F,0xF81F,0xF81F,0xF81F,0xF81F,0xF81F,0xF81F,0xF81F,0xF81F,0xF81F,0xF81F,
    0xF81F,0xF81F,0xF81F,0xF81F,0xF81F,0xF81F,0xF81F,0xF81F,0xF81F,0xF81F,0xF81F,0xF81F,
    0xF81F,0xF81F,0xF81F,0xF81F,0xF81F,0xF81F,0xF81F,0xF81F,0xF81F,0xF81F,0xF81F,0xF81F,
    0xF81F,0xF81F,0xF81F,0xF81F,0xF81F,0xF81F,0xF81F,0xF81F,0xF81F,0xF81F,0xF81F,0xF81F,
    0xF81F,0xF81F,0xF81F,0xF81F,0xF81F,0xF81F,0xF81F,0xF81F,0xF81F,0x09E8,0x09E8,0x09E8,
    0x23CF,0x3ED9,0x3ED9,0x3ED9,0x3ED9,0x3ED9,0x3ED9,0x3ED9,0x3ED9,0x46D9,0x8F3B,0x8F5B,
    0x8F5B,0x8F5B,0x8F5B,0x8F5B,0x8F5B,0x8F5B,0x8F5B,0x8F5B,0x8F5B,0x8F5B,0x8F5B,0x8F5B,
    0x8F5B,0x8F5B,0x8F5B,0x8F5B,0x8F5B,0x8F5B,0x8F5B,0x8F5B,0x8F5B,0x8F5B,0x8F5B,0x8F3B,
    0x46D9,0x3ED9,0x3ED9,0x3ED9,0x3ED9,0x3ED9,0x3ED9,0x3ED9,0x3ED9,0x3ED9,0x3ED9,0x3ED9,
    0x3ED9,0x3ED9,0x3ED9,0x3ED9,0x3ED9,0x3ED9,0x3ED9,0x3ED9,0x3ED9,0x3ED9,0x3ED9,0x3ED9,
    0x3ED9,0x3ED9,0x3ED9,0x3ED9,0x3ED9,0x3ED9,0x3ED9,0x3ED9,0x3ED9,0x3ED9,0x3ED9,0x3ED9,
    0x3ED9,0x3ED9,0x3ED9,0x3ED9,0x3ED9,0x23CE,0x09E8,0x09E8,0x09E8,0xF81F,0xF81F,0xF81F,
    0xF81F,0xF81F,0xF81F,0xF81F,0xF81F,0xF81F,0xF81F,0xF81F,0xF81F,0xF81F,0xF81F,0xF81F,
    0xF81F,0xF81F,0xF81F,0xF81F,0xF81F,0xF81F,0xF81F,0xF81F,0xF81F,0xF81F,0xF81F,0xF81F,
    0xF81F,0xF81F,0xF81F,0xF81F,0xF81F,0xF81F,0xF81F,0xF81F,0xF81F,0xF81F,0xF81F,0xF81F,
    0xF81F,0xF81F,0xF81F,0xF81F,0xF81F,0xF81F,0xF81F,0xF81F,0xF81F,0xF81F,0xF81F,0xF81F,
    0xF81F,0xF81F,0xF81F,0xF81F,0xF81F,0xF81F,0xF81F,0xF81F,0xF81F,0xF81F,0xF81F,0xF81F,
    0xF81F,0xF81F,0xF81F,0x09E8,0x09E8,0x1208,0x3E37,0x3ED9,0x3ED9,0x3ED9,0x3ED9,0x3ED9,
    0x3ED9,0x3ED9,0x3ED9,0x671A,0x8F5B,0x8F5B,0x8F5B,0x8F5B,0x8F5B,0x8F5B,0x8F5B,0x8F5B,
    0x8F5B,0x8F5B,0x8F5B,0x8F5B,0x8F5B,0x8F5B,0x8F5B,0x8F5B,0x8F5B,0x8F5B,0x8F5B,0x8F5B,
    0x8F5B,0x8F5B,0x8F5B,0x8F5B,0x8F5B,0x8F5B,0x671A,0x3ED9,0x3ED9,0x3ED9,0x3ED9,0x3ED9,
    0x3ED9,0x3ED9,0x3ED9,0x3ED9,0x3ED9,0x3ED9,0x3ED9,0x3ED9,0x3ED9,0x3ED9,0x3ED9,0x3ED9,
    0x3ED9,0x3ED9,0x3ED9,0x3ED9,0x3ED9,0x3ED9,0x3ED9,0x3ED9,0x3ED9,0x3ED9,0x3ED9,0x3ED9,
    0x3ED9,0x3ED9,0x3ED9,0x3ED9,0x3ED9,0x3ED9,0x3ED9,0x3ED9,0x3ED9,0x3ED9,0x3ED9,0x3E37,
    0x1208,0x09E8,0x09E8,0xF81F,0xF81F,0xF81F,0xF81F,0xF81F,0xF81F,0xF81F,0xF81F,0xF81F,
    0xF81F,0xF81F,0xF81F,0xF81F,0xF81F,0xF81F,0xF81F,0xF81F,0xF81F,0xF81F,0xF81F,0xF81F,
    0xF81F,0xF81F,0xF81F,0xF81F,0xF81F,0xF81F,0xF81F,0xF81F,0xF81F,0xF81F,0xF81F,0xF81F,
    0xF81F,0xF81F,0xF81F,0xF81F,0xF81F,0xF81F,0xF81F,0xF81F,0xF81F,0xF81F,0xF81F,0xF81F,
    0xF81F,0xF81F,0xF81F,0xF81F,0xF81F,0xF81F,0xF81F,0xF81F,0xF81F,0xF81F,0xF81F,0xF81F,
    0xF81F,0xF81F,0xF81F,0xF81F,0xF81F,0xF81F,0xF81F,0xF81F,0x09E8,0x09E8,0x09E8,0x23EF,
    0x3ED9,0x3ED9,0x3ED9,0x3ED9,0x3ED9,0x3ED9,0x3ED9,0x3ED9,0x3ED9,0x7F3B,0x8F5B,0x8F5B,
    0x8F5B,0x8F5B,0x8F5B,0x8F5B,0x8F5B,0x8F1B,0x6DF7,0x5D54,0x54F3,0x54F3,0x5D54,0x6DF7,
    0x8F1B,0x8F5B,0x8F5B,0x8F5B,0x8F5B,0x8F5B,0x8F5B,0x8F5B,0x8F5B,0x8F5B,0x8F5B,0x8F5B,
    0x7F3B,0x3ED9,0x3ED9,0x3ED9,0x3ED9,0x3ED9,0x3ED9,0x3ED9,0x3ED9,0x3ED9,0x3ED9,0x3ED9,
    0x3ED9,0x3ED9,0x3ED9,0x3ED9,0x3ED9,0x3E98,0x3595,0x2D13,0x2C91,0x2C91,0x2D13,0x3595,
    0x3E98,0x3ED9,0x3ED9,0x3ED9,0x3ED9,0x3ED9,0x3ED9,0x3ED9,0x3ED9,0x3ED9,0x3ED9,0x3ED9,
    0x3ED9,0x3ED9,0x3ED9,0x3ED9,0x3ED9,0x3ED9,0x23CF,0x09E8,0x09E8,0x09E8,0xF81F,0xF81F,
    0xF81F,0xF81F,0xF81F,0xF81F,0xF81F,0xF81F,0xF81F,0xF81F,0xF81F,0xF81F,0xF81F,0xF81F,
    0xF81F,0xF81F,0xF81F,0xF81F,0xF81F,0xF81F,0xF81F,0xF81F,0xF81F,0xF81F,0xF81F,0xF81F,
    0xF81F,0xF81F,0xF81F,0xF81F,0xF81F,0xF81F,0xF81F,0xF81F,0xF81F,0xF81F,0xF81F,0xF81F,
    0xF81F,0xF81F,0xF81F,0xF81F,0xF81F,0xF81F,0xF81F,0xF81F,0xF81F,0xF81F,0xF81F,0xF81F,
    0xF81F,0xF81F,0xF81F,0xF81F,0xF81F,0xF81F,0xF81F,0xF81F,0xF81F,0xF81F,0xF81F,0xF81F,
    0xF81F,0xF81F,0x09E8,0x09E8,0x1208,0x3E37,0x3ED9,0x3ED9,0x3ED9,0x3ED9,0x3ED9,0x3ED9,
    0x3ED9,0x3ED9,0x3ED9,0x873B,0x8F5B,0x8F5B,0x8F5B,0x8F5B,0x8F5B,0x65B6,0x3BAE,0x1229,
    0x09E8,0x09E8,0x09E8,0x09E8,0x09E8,0x09E8,0x1229,0x3BAE,0x65B6,0x8F5B,0x8F5B,0x8F5B,
    0x8F5B,0x8F5B,0x8F5B,0x8F5B,0x8F5B,0x8F5B,0x873B,0x3ED9,0x3ED9,0x3ED9,0x3ED9,0x3ED9,
    0x3ED9,0x3ED9,0x3ED9,0x3ED9,0x3ED9,0x3ED9,0x3ED9,0x3ED9,0x3ED9,0x3554,0x1B6D,0x1209,
    0x09E8,0x09E8,0x09E8,0x09E8,0x09E8,0x09E8,0x1209,0x1B6D,0x3554,0x3ED9,0x3ED9,0x3ED9,
    0x3ED9,0x3ED9,0x3ED9,0x3ED9,0x3ED9,0x3ED9,0x3ED9,0x3ED9,0x3ED9,0x3ED9,0x3ED9,0x3ED9,
    0x3E37,0x1208,0x09E8,0x09E8,0xF81F,0xF81F,0xF81F,0xF81F,0xF81F,0xF81F,0xF81F,0xF81F,
    0xF81F,0xF81F,0xF81F,0xF81F,0xF81F,0xF81F,0xF81F,0xF81F,0xF81F,0xF81F,0xF81F,0xF81F,
    0xF81F,0xF81F,0xF81F,0xF81F,0xF81F,0xF81F,0xF81F,0xF81F,0xF81F,0xF81F,0xF81F,0xF81F,
    0xF81F,0xF81F,0xF81F,0xF81F,0xF81F,0xF81F,0xF81F,0xF81F,0xF81F,0xF81F,0xF81F,0xF81F,
    0xF81F,0xF81F,0xF81F,0xF81F,0xF81F,0xF81F,0xF81F,0xF81F,0xF81F,0xF81F,0xF81F,0xF81F,
    0xF81F,0xF81F,0xF81F,0xF81F,0xF81F,0xF81F,0xF81F,0x09E8,0x09E8,0x09E8,0x1B8E,0x3ED9,
    0x3ED9,0x3ED9,0x3ED9,0x3ED9,0x3ED9,0x3ED9,0x3ED9,0x3ED9,0x3ED9,0x873B,0x8F5B,0x8F5B,
    0x8F5B,0x7617,0x2B2C,0x09E8,0x09E8,0x11E8,0x3B2D,0x6410,0x7C92,0x7C92,0x6410,0x3B0D,
    0x11E8,0x09E8,0x09E8,0x2B2D,0x7637,0x8F5B,0x8F5B,0x9F5C,0xAF7C,0xBF9D,0xC7BD,0xD7BE,
    0xD7BE,0xC7BD,0xCFBE,0xCFBD,0xC7BD,0xBFBD,0xB79D,0x9F7C,0x8F5B,0x771A,0x56F9,0x46D9,
    0x3ED9,0x35B5,0x1B0C,0x09E8,0x09E8,0x11E8,0x3B2D,0x6410,0x7C92,0x7C92,0x6410,0x3B0D,
    0x11E8,0x09E8,0x09E8,0x1B0C,0x35D5,0x3ED9,0x3ED9,0x3ED9,0x3ED9,0x3ED9,0x3ED9,0x3ED9,
    0x3ED9,0x3ED9,0x3ED9,0x3ED9,0x3ED9,0x3ED9,0x3ED9,0x1B8D,0x09E8,0x09E8,0x09E8,0xF81F,
    0xF81F,0xF81F,0xF81F,0xF81F,0xF81F,0xF81F,0xF81F,0xF81F,0xF81F,0xF81F,0xF81F,0xF81F,
    0xF81F,0xF81F,0xF81F,0xF81F,0xF81F,0xF81F,0xF81F,0xF81F,0xF81F,0xF81F,0xF81F,0xF81F,
    0xF81F,0xF81F,0xF81F,0xF81F,0xF81F,0xF81F,0xF81F,0xF81F,0xF81F,0xF81F,0xF81F,0xF81F,
    0xF81F,0xF81F,0xF81F,0xF81F,0xF81F,0xF81F,0xF81F,0xF81F,0xF81F,0xF81F,0xF81F,0xF81F,
    0xF81F,0xF81F,0xF81F,0xF81F,0xF81F,0xF81F,0xF81F,0xF81F,0xF81F,0xF81F,0xF81F,0xF81F,
    0xF81F,0x09E8,0x09E8,0x09E8,0x3574,0x3ED9,0x3ED9,0x3ED9,0x3ED9,0x3ED9,0x3ED9,0x3ED9,
    0x3ED9,0x3ED9,0x3ED9,0x7F3B,0x8F5B,0x8F5B,0x5D13,0x1208,0x09E8,0x226A,0x9555,0xE75D,
    0xFFFF,0xFFFF,0xFFFF,0xFFFF,0xFFFF,0xFFFF,0xE75D,0x9555,0x226A,0x09E8,0x1208,0x7D55,
    0xDFDE,0xE7DE,0xE7DE,0xE7DE,0xE7DE,0xE7DE,0xDFDE,0xCFBE,0xCFBE,0xCFBE,0xCFBE,0xCFBE,
    0xCFBE,0xCFBE,0xCFBE,0xCFBE,0xCFBE,0xC7BD,0x6534,0x1208,0x09E8,0x226A,0x9555,0xE75D,
    0xFFFF,0xFFFF,0xFFFF,0xFFFF,0xFFFF,0xFFFF,0xE75D,0x9555,0x226A,0x09E8,0x1208,0x2CD2,
    0x3ED9,0x3ED9,0x3ED9,0x3ED9,0x3ED9,0x3ED9,0x3ED9,0x3ED9,0x3ED9,0x3ED9,0x3ED9,0x3ED9,
    0x3ED9,0x3554,0x09E8,0x09E8,0x09E8,0xF81F,0xF81F,0xF81F,0xF81F,0xF81F,0xF81F,0xF81F,
    0xF81F,0xF81F,0xF81F,0xF81F,0xF81F,0xF81F,0xF81F,0xF81F,0xF81F,0xF81F,0xF81F,0xF81F,
    0xF81F,0xF81F,0xF81F,0xF81F,0xF81F,0xF81F,0xF81F,0xF81F,0xF81F,0xF81F,0xF81F,0xF81F,
    0xF81F,0xF81F,0xF81F,0xF81F,0xF81F,0xF81F,0xF81F,0xF81F,0xF81F,0xF81F,0xF81F,0xF81F,
    0xF81F,0xF81F,0xF81F,0xF81F,0xF81F,0xF81F,0xF81F,0xF81F,0xF81F,0xF81F,0xF81F,0xF81F,
    0xF81F,0xF81F,0xF81F,0xF81F,0xF81F,0xF81F,0xF81F,0x09E8,0x09E8,0x126A,0x3EB9,0x3ED9,
    0x3ED9,0x3ED9,0x3ED9,0x3ED9,0x3ED9,0x3ED9,0x3ED9,0x3ED9,0x3ED9,0x671A,0x8F5B,0x4C51,
    0x09E8,0x11E8,0x7CB3,0xF7BE,0xFFFF,0xFFFF,0xFFFF,0xFFFF,0xFFFF,0xFFFF,0xFFFF,0xFFFF,
    0xFFFF,0xFFFF,0xF7BE,0x7CB2,0x11E8,0x09E8,0x6CB2,0xE7DE,0xE7DE,0xE7DE,0xE7DE,0xE7DE,
    0xD7DE,0xCFBE,0xCFBE,0xCFBE,0xCFBE,0xCFBE,0xCFBE,0xCFBE,0xCFBE,0xCFBE,0xCFBE,0x6492,
    0x09E8,0x11E8,0x7CB3,0xF7BE,0xFFFF,0xFFFF,0xFFFF,0xFFFF,0xFFFF,0xFFFF,0xFFFF,0xFFFF,
    0xFFFF,0xFFFF,0xF7BE,0x7CB2,0x11E8,0x09E8,0x2430,0x3ED9,0x3ED9,0x3ED9,0x3ED9,0x3ED9,
    0x3ED9,0x3ED9,0x3ED9,0x3ED9,0x3ED9,0x3ED9,0x3ED9,0x3EB9,0x126A,0x09E8,0x09E8,0xF81F,
    0xF81F,0xF81F,0xF81F,0xF81F,0xF81F,0xF81F,0xF81F,0xF81F,0xF81F,0xF81F,0xF81F,0xF81F,
    0xF81F,0xF81F,0xF81F,0xF81F,0xF81F,0xF81F,0xF81F,0xF81F,0xF81F,0xF81F,0xF81F,0xF81F,
    0xF81F,0xF81F,0xF81F,0xF81F,0xF81F,0xF81F,0xF81F,0xF81F,0xF81F,0xF81F,0xF81F,0xF81F,
    0xF81F,0xF81F,0xF81F,0xF81F,0xF81F,0xF81F,0xF81F,0xF81F,0xF81F,0xF81F,0xF81F,0xF81F,
    0xF81F,0xF81F,0xF81F,0xF81F,0xF81F,0xF81F,0xF81F,0xF81F,0xF81F,0xF81F,0xF81F,0xF81F,
    0x09E8,0x09E8,0x09E8,0x2450,0x3ED9,0x3ED9,0x3ED9,0x3ED9,0x3ED9,0x3ED9,0x3ED9,0x3ED9,
    0x3ED9,0x3ED9,0x3ED9,0x46D9,0x5513,0x09E8,0x1209,0xADF7,0xFFFF,0xFFFF,0xFFFF,0xFFFF,
    0xFFFF,0xFFFF,0xFFFF,0xFFFF,0xFFFF,0xFFFF,0xFFFF,0xFFFF,0xFFFF,0xFFFF,0xADD7,0x1209,
    0x09E8,0x8D75,0xE7DE,0xE7DE,0xE7DE,0xDFDE,0xCFBE,0xCFBE,0xCFBE,0xCFBE,0xCFBE,0xCFBE,
    0xCFBE,0xCFBE,0xCFBE,0xCFBE,0x7D55,0x09E8,0x1209,0xADF7,0xFFFF,0xFFFF,0xFFFF,0xFFFF,
    0xFFFF,0xFFFF,0xFFFF,0xFFFF,0xFFFF,0xFFFF,0xFFFF,0xFFFF,0xFFFF,0xFFFF,0xADD7,0x1209,
    0x09E8,0x2CD2,0x3ED9,0x3ED9,0x3ED9,0x3ED9,0x3ED9,0x3ED9,0x3ED9,0x3ED9,0x3ED9,0x3ED9,
    0x3ED9,0x3ED9,0x2430,0x09E8,0x09E8,0x09E8,0xF81F,0xF81F,0xF81F,0xF81F,0xF81F,0xF81F,
    0xF81F,0xF81F,0xF81F,0xF81F,0xF81F,0xF81F,0xF81F,0xF81F,0xF81F,0xF81F,0xF81F,0xF81F,
    0xF81F,0xF81F,0xF81F,0xF81F,0xF81F,0xF81F,0xF81F,0xF81F,0xF81F,0xF81F,0xF81F,0xF81F,
    0xF81F,0xF81F,0xF81F,0xF81F,0xF81F,0xF81F,0xF81F,0xF81F,0xF81F,0xF81F,0xF81F,0xF81F,
    0xF81F,0xF81F,0xF81F,0xF81F,0xF81F,0xF81F,0xF81F,0xF81F,0xF81F,0xF81F,0xF81F,0xF81F,
    0xF81F,0xF81F,0xF81F,0xF81F,0xF81F,0xF81F,0x09E8,0x09E8,0x09E8,0x35B5,0x3ED9,0x3ED9,
    0x3ED9,0x3ED9,0x3ED9,0x3ED9,0x3ED9,0x3ED9,0x3ED9,0x3ED9,0x3ED9,0x35B5,0x1208,0x11E8,
    0xADF7,0xFFFF,0xFFFF,0xFFFF,0xFFFF,0xFFFF,0xFFFF,0xFFFF,0xFFFF,0xFFFF,0xFFFF,0xFFFF,
    0xFFFF,0xFFFF,0xFFFF,0xFFFF,0xFFFF,0xADD7,0x11E8,0x1208,0xB69A,0xE7DE,0xE7DE,0xD7DE,
    0xCFBE,0xCFBE,0xCFBE,0xCFBE,0xCFBE,0xCFBE,0xCFBE,0xCFBE,0xCFBE,0xA679,0x1208,0x11E8,
    0xADF7,0xFFFF,0xFFFF,0xFFFF,0xFFFF,0xFFFF,0xFFFF,0xFFFF,0xFFFF,0xFFFF,0xFFFF,0xFFFF,
    0xFFFF,0xFFFF,0xFFFF,0xFFFF,0xFFFF,0xADD7,0x11E8,0x1208,0x35D5,0x3ED9,0x3ED9,0x3ED9,
    0x3ED9,0x3ED9,0x3ED9,0x3ED9,0x3ED9,0x3ED9,0x3ED9,0x3ED9,0x3595,0x09E8,0x09E8,0x09E8,
    0xF81F,0xF81F,0xF81F,0xF81F,0xF81F,0xF81F,0xF81F,0xF81F,0xF81F,0xF81F,0xF81F,0xF81F,
    0xF81F,0xF81F,0xF81F,0xF81F,0xF81F,0xF81F,0xF81F,0xF81F,0xF81F,0xF81F,0xF81F,0xF81F,
    0xF81F,0xF81F,0xF81F,0xF81F,0xF81F,0xF81F,0xF81F,0xF81F,0xF81F,0xF81F,0xF81F,0xF81F,
    0xF81F,0xF81F,0xF81F,0xF81F,0xF81F,0xF81F,0xF81F,0xF81F,0xF81F,0xF81F,0xF81F,0xF81F,
    0xF81F,0xF81F,0xF81F,0xF81F,0xF81F,0xF81F,0xF81F,0xF81F,0xF81F,0xF81F,0xF81F,0xF81F,
    0x09E8,0x09E8,0x1229,0x3EB8,0x3ED9,0x3ED9,0x3ED9,0x3ED9,0x3ED9,0x3ED9,0x3ED9,0x3ED9,
    0x3ED9,0x3ED9,0x3ED9,0x1B0C,0x09E8,0x7CB3,0xFFFF,0xFFFF,0xFFFF,0xFFFF,0xFFFF,0xFFFF,
    0xFFFF,0xFFFF,0xFFFF,0xFFFF,0xFFFF,0xFFFF,0xFFFF,0xFFFF,0xFFFF,0xFFFF,0xFFFF,0xFFFF,
    0x7CB3,0x09E8,0x434D,0xE7DE,0xDFDE,0xCFBE,0xCFBE,0xCFBE,0xCFBE,0xCFBE,0xCFBE,0xCFBE,
    0xCFBE,0xCFBE,0xCFBE,0x3B4D,0x09E8,0x7CB3,0xFFFF,0xFFFF,0xFFFF,0xFFFF,0xFFFF,0xFFFF,
    0xFFFF,0xFFFF,0xFFFF,0xFFFF,0xFFFF,0xFFFF,0xFFFF,0xFFFF,0xFFFF,0xFFFF,0xFFFF,0xFFFF,
    0x7CB3,0x09E8,0x1B0C,0x3ED9,0x3ED9,0x3ED9,0x3ED9,0x3ED9,0x3ED9,0x3ED9,0x3ED9,0x3ED9,
    0x3ED9,0x3ED9,0x3EB8,0x1229,0x09E8,0x09E8,0xF81F,0xF81F,0xF81F,0xF81F,0xF81F,0xF81F,
    0xF81F,0xF81F,0xF81F,0xF81F,0xF81F,0xF81F,0xF81F,0xF81F,0xF81F,0xF81F,0xF81F,0xF81F,
    0xF81F,0xF81F,0xF81F,0xF81F,0xF81F,0xF81F,0xF81F,0xF81F,0xF81F,0xF81F,0xF81F,0xF81F,
    0xF81F,0xF81F,0xF81F,0xF81F,0xF81F,0xF81F,0xF81F,0xF81F,0xF81F,0xF81F,0xF81F,0xF81F,
    0xF81F,0xF81F,0xF81F,0xF81F,0xF81F,0xF81F,0xF81F,0xF81F,0xF81F,0xF81F,0xF81F,0xF81F,
    0xF81F,0xF81F,0xF81F,0xF81F,0xF81F,0xF81F,0x09E8,0x09E8,0x1B6D,0x3ED9,0x3ED9,0x3ED9,
    0x3ED9,0x3ED9,0x3ED9,0x3ED9,0x3ED9,0x3ED9,0x3ED9,0x3ED9,0x3554,0x09E8,0x226A,0xF7BE,
    0xFFFF,0xFFFF,0xFFFF,0xFFFF,0xFFFF,0xEF7D,0x84B3,0x42CB,0x19E8,0x19E8,0x42CB,0x84B3,
    0xEF7D,0xFFFF,0xFFFF,0xFFFF,0xFFFF,0xFFFF,0xF7BE,0x226A,0x09E8,0x9E18,0xCFBE,0xCFBE,
    0xCFBE,0xCFBE,0xCFBE,0xCFBE,0xCFBE,0xCFBE,0xCFBE,0xCFBE,0x95F7,0x09E8,0x226A,0xF7BE,
    0xFFFF,0xFFFF,0xFFFF,0xFFFF,0xFFFF,0xEF7D,0x84B3,0x42CB,0x19E8,0x19E8,0x42CB,0x84B3,
    0xEF7D,0xFFFF,0xFFFF,0xFFFF,0xFFFF,0xFFFF,0xF7BE,0x226A,0x09E8,0x3554,0x3ED9,0x3ED9,
    0x3ED9,0x3ED9,0x3ED9,0x3ED9,0x3ED9,0x3ED9,0x3ED9,0x3ED9,0x3ED9,0x1B6D,0x09E8,0x09E8,
    0xF81F,0xF81F,0xF81F,0xF81F,0xF81F,0xF81F,0xF81F,0xF81F,0xF81F,0xF81F,0xF81F,0xF81F,
    0xF81F,0xF81F,0xF81F,0xF81F,0xF81F,0xF81F,0xF81F,0xF81F,0xF81F,0xF81F,0xF81F,0xF81F,
    0xF81F,0xF81F,0xF81F,0xF81F,0xF81F,0xF81F,0xF81F,0xF81F,0xF81F,0xF81F,0xF81F,0xF81F,
    0xF81F,0xF81F,0xF81F,0xF81F,0xF81F,0xF81F,0xF81F,0xF81F,0xF81F,0xF81F,0xF81F,0xF81F,
    0xF81F,0xF81F,0xF81F,0xF81F,0xF81F,0xF81F,0xF81F,0xF81F,0xF81F,0xF81F,0xF81F,0x09E8,
    0x09E8,0x09E8,0x2CB2,0x3ED9,0x3ED9,0x3ED9,0x3ED9,0x3ED9,0x3ED9,0x3ED9,0x3ED9,0x3ED9,
    0x3ED9,0x3ED9,0x1B6D,0x09E8,0x9555,0xFFFF,0xFFFF,0xFFFF,0xFFFF,0xFFFF,0xB5D7,0x3AAB,
    0x8CD3,0x8CD3,0x326A,0x11A7,0x11A7,0x11A7,0x21E8,0xB5F7,0xFFFF,0xFFFF,0xFFFF,0xFFFF,
    0xFFFF,0x9555,0x09E8,0x4BCF,0xCFBE,0xCFBE,0xCFBE,0xCFBE,0xCFBE,0xCFBE,0xCFBE,0xCFBE,
    0xCFBE,0xCFBE,0x4BCF,0x09E8,0x9555,0xFFFF,0xFFFF,0xFFFF,0xFFFF,0xFFFF,0xB5D7,0x3AAB,
    0x8CD3,0x8CD3,0x326A,0x11A7,0x11A7,0x11A7,0x21E8,0xB5F7,0xFFFF,0xFFFF,0xFFFF,0xFFFF,
    0xFFFF,0x9555,0x09E8,0x1B8D,0x3ED9,0x3ED9,0x3ED9,0x3ED9,0x3ED9,0x3ED9,0x3ED9,0x3ED9,
    0x3ED9,0x3ED9,0x3ED9,0x2CB1,0x09E8,0x09E8,0x09E8,0xF81F,0xF81F,0xF81F,0xF81F,0xF81F,
    0xF81F,0xF81F,0xF81F,0xF81F,0xF81F,0xF81F,0xF81F,0xF81F,0xF81F,0xF81F,0xF81F,0xF81F,
    0xF81F,0xF81F,0xF81F,0xF81F,0xF81F,0xF81F,0xF81F,0xF81F,0xF81F,0xF81F,0xF81F,0xF81F,
    0xF81F,0xF81F,0xF81F,0xF81F,0xF81F,0xF81F,0xF81F,0xF81F,0xF81F,0xF81F,0xF81F,0xF81F,
    0xF81F,0xF81F,0xF81F,0xF81F,0xF81F,0xF81F,0xF81F,0xF81F,0xF81F,0xF81F,0xF81F,0xF81F,
    0xF81F,0xF81F,0xF81F,0xF81F,0xF81F,0x09E8,0x09E8,0x09E8,0x3595,0x3ED9,0x3ED9,0x3ED9,
    0x3ED9,0x3ED9,0x3ED9,0x3ED9,0x3ED9,0x3ED9,0x3ED9,0x3E98,0x1209,0x11E8,0xE75D,0xFFFF,
    0xFFFF,0xFFFF,0xFFFF,0xB5D7,0x326A,0xF79E,0xFFFF,0xFFFF,0xF79E,0x326A,0x11A7,0x11A7,
    0x11A7,0x11A7,0xB5F7,0xFFFF,0xFFFF,0xFFFF,0xFFFF,0xE75D,0x11E8,0x1A29,0xC79D,0xCFBE,
    0xCFBE,0xCFBE,0xCFBE,0xCFBE,0xCFBE,0xCFBE,0xCFBE,0xC77D,0x1229,0x11E8,0xE75D,0xFFFF,
    0xFFFF,0xFFFF,0xFFFF,0xB5D7,0x326A,0xF79E,0xFFFF,0xFFFF,0xF79E,0x326A,0x11A7,0x11A7,
    0x11A7,0x11A7,0xB5F7,0xFFFF,0xFFFF,0xFFFF,0xFFFF,0xE75D,0x11E8,0x1229,0x3E98,0x3ED9,
    0x3ED9,0x3ED9,0x3ED9,0x3ED9,0x3ED9,0x3ED9,0x3ED9,0x3ED9,0x3ED9,0x3595,0x09E8,0x09E8,
    0x09E8,0xF81F,0xF81F,0xF81F,0xF81F,0xF81F,0xF81F,0xF81F,0xF81F,0xF81F,0xF81F,0xF81F,
    0xF81F,0xF81F,0xF81F,0xF81F,0xF81F,0xF81F,0xF81F,0xF81F,0xF81F,0xF81F,0xF81F,0xF81F,
    0xF81F,0xF81F,0xF81F,0xF81F,0xF81F,0xF81F,0xF81F,0xF81F,0xF81F,0xF81F,0xF81F,0xF81F,
    0xF81F,0xF81F,0xF81F,0xF81F,0xF81F,0xF81F,0xF81F,0xF81F,0xF81F,0xF81F,0xF81F,0xF81F,
    0xF81F,0xF81F,0xF81F,0xF81F,0xF81F,0xF81F,0xF81F,0xF81F,0xF81F,0xF81F,0xF81F,0x09E8,
    0x09E8,0x09E8,0x3E77,0x3ED9,0x3ED9,0x3ED9,0x3ED9,0x3ED9,0x3ED9,0x3ED9,0x3ED9,0x3ED9,
    0x3ED9,0x3595,0x09E8,0x432D,0xFFFF,0xFFFF,0xFFFF,0xFFFF,0xEF7D,0x21E8,0x8CD3,0xFFFF,
    0xFFFF,0xFFFF,0xFFFF,0x8CD3,0x11A7,0x11A7,0x11A7,0x11A7,0x21E8,0xEF7D,0xFFFF,0xFFFF,
    0xFFFF,0xFFFF,0x3B0D,0x09E8,0x9E58,0xCFBE,0xCFBE,0xCFBE,0xCFBE,0xCFBE,0xCFBE,0xCFBE,
    0xCFBE,0x9E58,0x09E8,0x432D,0xFFFF,0xFFFF,0xFFFF,0xFFFF,0xEF7D,0x21E8,0x8CD3,0xFFFF,
    0xFFFF,0xFFFF,0xFFFF,0x8CD3,0x11A7,0x11A7,0x11A7,0x11A7,0x21E8,0xEF7D,0xFFFF,0xFFFF,
    0xFFFF,0xFFFF,0x3B0D,0x09E8,0x3595,0x3ED9,0x3ED9,0x3ED9,0x3ED9,0x3ED9,0x3ED9,0x3ED9,
    0x3ED9,0x3ED9,0x3ED9,0x3E57,0x09E8,0x09E8,0x09E8,0xF81F,0xF81F,0xF81F,0xF81F,0xF81F,
    0xF81F,0xF81F,0xF81F,0xF81F,0xF81F,0xF81F,0xF81F,0xF81F,0xF81F,0xF81F,0xF81F,0xF81F,
    0xF81F,0xF81F,0xF81F,0xF81F,0xF81F,0xF81F,0xF81F,0xF81F,0xF81F,0xF81F,0xF81F,0xF81F,
    0xF81F,0xF81F,0xF81F,0xF81F,0xF81F,0xF81F,0xF81F,0xF81F,0xF81F,0xF81F,0xF81F,0xF81F,
    0xF81F,0xF81F,0xF81F,0xF81F,0xF81F,0xF81F,0xF81F,0xF81F,0xF81F,0xF81F,0xF81F,0xF81F,
    0xF81F,0xF81F,0xF81F,0xF81F,0xF81F,0x09E8,0x09E8,0x1249,0x3ED9,0x3ED9,0x3ED9,0x3ED9,
    0x3ED9,0x3ED9,0x3ED9,0x3ED9,0x3ED9,0x3ED9,0x3ED9,0x2D13,0x09E8,0x6410,0xFFFF,0xFFFF,
    0xFFFF,0xFFFF,0x84B3,0x11A7,0x8CD3,0xFFFF,0xFFFF,0xFFFF,0xFFFF,0x8CD3,0x11A7,0x11A7,
    0x11A7,0x11A7,0x11A7,0x84D3,0xFFFF,0xFFFF,0xFFFF,0xFFFF,0x6410,0x09E8,0x8DB6,0xCFBE,
    0xCFBE,0xCFBE,0xCFBE,0xCFBE,0xCFBE,0xCFBE,0xCFBE,0x8DB6,0x09E8,0x6410,0xFFFF,0xFFFF,
    0xFFFF,0xFFFF,0x84B3,0x11A7,0x8CD3,0xFFFF,0xFFFF,0xFFFF,0xFFFF,0x8CD3,0x11A7,0x11A7,
    0x11A7,0x11A7,0x11A7,0x84D3,0xFFFF,0xFFFF,0xFFFF,0xFFFF,0x6410,0x09E8,0x2D13,0x3ED9,
    0x3ED9,0x3ED9,0x3ED9,0x3ED9,0x3ED9,0x3ED9,0x3ED9,0x3ED9,0x3ED9,0x3ED9,0x1249,0x09E8,
    0x09E8,0xF81F,0xF81F,0xF81F,0xF81F,0xF81F,0xF81F,0xF81F,0xF81F,0xF81F,0xF81F,0xF81F,
    0xF81F,0xF81F,0xF81F,0xF81F,0xF81F,0xF81F,0xF81F,0xF81F,0xF81F,0xF81F,0xF81F,0xF81F,
    0xF81F,0xF81F,0xF81F,0xF81F,0xF81F,0xF81F,0xF81F,0xF81F,0xF81F,0xF81F,0xF81F,0xF81F,
    0xF81F,0xF81F,0xF81F,0xF81F,0xF81F,0xF81F,0xF81F,0xF81F,0xF81F,0xF81F,0xF81F,0xF81F,
    0xF81F,0xF81F,0xF81F,0xF81F,0xF81F,0xF81F,0xF81F,0xF81F,0xF81F,0xF81F,0x09E8,0x09E8,
    0x09E8,0x1B0C,0x3ED9,0x3ED9,0x3ED9,0x3ED9,0x3ED9,0x3ED9,0x3ED9,0x3ED9,0x3ED9,0x3ED9,
    0x3ED9,0x2C91,0x09E8,0x7CB3,0xFFFF,0xFFFF,0xFFFF,0xFFFF,0x3ACB,0x11A7,0x326A,0xF79E,
    0xFFFF,0xFFFF,0xEF9E,0x3269,0x11A7,0x11A7,0x11A7,0x11A7,0x11A7,0x42CB,0xFFFF,0xFFFF,
    0xFFFF,0xFFFF,0x7CB3,0x09E8,0x7514,0xCFBE,0xCFBE,0xCFBE,0xCFBE,0xCFBE,0xCFBE,0xCFBE,
    0xCFBE,0x7514,0x09E8,0x7CB3,0xFFFF,0xFFFF,0xFFFF,0xFFFF,0x3ACB,0x11A7,0x326A,0xF79E,
    0xFFFF,0xFFFF,0xEF9E,0x3269,0x11A7,0x11A7,0x11A7,0x11A7,0x11A7,0x42CB,0xFFFF,0xFFFF,
    0xFFFF,0xFFFF,0x7CB3,0x09E8,0x2C91,0x3ED9,0x3ED9,0x3ED9,0x3ED9,0x3ED9,0x3ED9,0x3ED9,
    0x3ED9,0x3ED9,0x3ED9,0x3ED9,0x1AEC,0x09E8,0x09E8,0x09E8,0xF81F,0xF81F,0xF81F,0xF81F,
    0xF81F,0xF81F,0xF81F,0xF81F,0xF81F,0xF81F,0xF81F,0xF81F,0xF81F,0xF81F,0xF81F,0xF81F,
    0xF81F,0xF81F,0xF81F,0xF81F,0xF81F,0xF81F,0xF81F,0xF81F,0xF81F,0xF81F,0xF81F,0xF81F,
    0xF81F,0xF81F,0xF81F,0xF81F,0xF81F,0xF81F,0xF81F,0xF81F,0xF81F,0xF81F,0xF81F,0xF81F,
    0xF81F,0xF81F,0xF81F,0xF81F,0xF81F,0xF81F,0xF81F,0xF81F,0xF81F,0xF81F,0xF81F,0xF81F,
    0xF81F,0xF81F,0x09E8,0x09E8,0x09E8,0x09E8,0x09E8,0x1B6D,0x3ED9,0x3ED9,0x3ED9,0x3ED9,
    0x3ED9,0x3ED9,0x3ED9,0x3ED9,0x3ED9,0x3ED9,0x3ED9,0x2C91,0x09E8,0x7CB3,0xFFFF,0xFFFF,
    0xFFFF,0xFFFF,0x19E8,0x11A7,0x11A7,0x326A,0x8CD3,0x8CD3,0x3269,0x11A7,0x11A7,0x11A7,
    0x11A7,0x11A7,0x11A7,0x21E8,0xFFFF,0xFFFF,0xFFFF,0xFFFF,0x7CB2,0x09E8,0x7514,0xCFBE,
    0xCFBE,0xCFBE,0xCFBE,0xCFBE,0xCFBE,0xCFBE,0xCFBE,0x7514,0x09E8,0x7CB3,0xFFFF,0xFFFF,
    0xFFFF,0xFFFF,0x19E8,0x11A7,0x11A7,0x326A,0x8CD3,0x8CD3,0x3269,0x11A7,0x11A7,0x11A7,
    0x11A7,0x11A7,0x11A7,0x21E8,0xFFFF,0xFFFF,0xFFFF,0xFFFF,0x7CB2,0x09E8,0x2C91,0x3ED9,
    0x3ED9,0x3ED9,0x3ED9,0x3ED9,0x3ED9,0x3ED9,0x3ED9,0x3ED9,0x3ED9,0x3ED9,0x1B6D,0x09E8,
    0x09E8,0x09E8,0x09E8,0x09E8,0xF81F,0xF81F,0xF81F,0xF81F,0xF81F,0xF81F,0xF81F,0xF81F,
    0xF81F,0xF81F,0xF81F,0xF81F,0xF81F,0xF81F,0xF81F,0xF81F,0xF81F,0xF81F,0xF81F,0xF81F,
    0xF81F,0xF81F,0xF81F,0xF81F,0xF81F,0xF81F,0xF81F,0xF81F,0xF81F,0xF81F,0xF81F,0xF81F,
    0xF81F,0xF81F,0xF81F,0xF81F,0xF81F,0xF81F,0xF81F,0xF81F,0xF81F,0xF81F,0xF81F,0xF81F,
    0xF81F,0xF81F,0xF81F,0xF81F,0xF81F,0xF81F,0xF81F,0xF81F,0x09E8,0x09E8,0x1249,0x09E8,
    0x09E8,0x23AE,0x3ED9,0x3ED9,0x3ED9,0x3ED9,0x3ED9,0x3ED9,0x3ED9,0x3ED9,0x3ED9,0x3ED9,
    0x3ED9,0x2D13,0x09E8,0x6410,0xFFFF,0xFFFF,0xFFFF,0xFFFF,0x21E8,0x11A7,0x11A7,0x11A7,
    0x11A7,0x11A7,0x11A7,0x11A7,0x11A7,0x11A7,0x11A7,0x11A7,0x11A7,0x21E8,0xFFFF,0xFFFF,
    0xFFFF,0xFFFF,0x63F0,0x09E8,0x8DB6,0xCFBE,0xCFBE,0xCFBE,0xCFBE,0xCFBE,0xCFBE,0xCFBE,
    0xCFBE,0x8DB6,0x09E8,0x6410,0xFFFF,0xFFFF,0xFFFF,0xFFFF,0x21E8,0x11A7,0x11A7,0x11A7,
    0x11A7,0x11A7,0x11A7,0x11A7,0x11A7,0x11A7,0x11A7,0x11A7,0x11A7,0x21E8,0xFFFF,0xFFFF,
    0xFFFF,0xFFFF,0x63F0,0x09E8,0x2D13,0x3ED9,0x3ED9,0x3ED9,0x3ED9,0x3ED9,0x3ED9,0x3ED9,
    0x3ED9,0x3ED9,0x3ED9,0x3ED9,0x23AE,0x09E8,0x09E8,0x1249,0x09E8,0x09E8,0xF81F,0xF81F,
    0xF81F,0xF81F,0xF81F,0xF81F,0xF81F,0xF81F,0xF81F,0xF81F,0xF81F,0xF81F,0xF81F,0xF81F,
    0xF81F,0xF81F,0xF81F,0xF81F,0xF81F,0xF81F,0xF81F,0xF81F,0xF81F,0xF81F,0xF81F,0xF81F,
    0xF81F,0xF81F,0xF81F,0xF81F,0xF81F,0xF81F,0xF81F,0xF81F,0xF81F,0xF81F,0xF81F,0xF81F,
    0xF81F,0xF81F,0xF81F,0xF81F,0xF81F,0xF81F,0xF81F,0xF81F,0xF81F,0xF81F,0xF81F,0xF81F,
    0xF81F,0x09E8,0x09E8,0x128A,0x2471,0x09E8,0x09E8,0x23EF,0x3ED9,0x3ED9,0x3ED9,0x3ED9,
    0x3ED9,0x3ED9,0x3ED9,0x3ED9,0x3ED9,0x3ED9,0x3ED9,0x3595,0x09E8,0x3B2D,0xFFFF,0xFFFF,
    0xFFFF,0xFFFF,0x42CB,0x11A7,0x11A7,0x11A7,0x11A7,0x11A7,0x11A7,0x11A7,0x11A7,0x11A7,
    0x11A7,0x11A7,0x11A7,0x42CB,0xFFFF,0xFFFF,0xFFFF,0xFFFF,0x3B0C,0x09E8,0x9E59,0xCFBE,
    0xCFBE,0xCFBE,0xCFBE,0xCFBE,0xCFBE,0xCFBE,0xCFBE,0x9E58,0x09E8,0x3B2D,0xFFFF,0xFFFF,
    0xFFFF,0xFFFF,0x42CB,0x11A7,0x11A7,0x11A7,0x11A7,0x11A7,0x11A7,0x11A7,0x11A7,0x11A7,
    0x11A7,0x11A7,0x11A7,0x42CB,0xFFFF,0xFFFF,0xFFFF,0xFFFF,0x3B0C,0x09E8,0x3595,0x3ED9,
    0x3ED9,0x3ED9,0x3ED9,0x3ED9,0x3ED9,0x3ED9,0x3ED9,0x3ED9,0x3ED9,0x3ED9,0x23EF,0x09E8,
    0x09E8,0x2C71,0x128A,0x09E8,0x09E8,0xF81F,0xF81F,0xF81F,0xF81F,0xF81F,0xF81F,0xF81F,
    0xF81F,0xF81F,0xF81F,0xF81F,0xF81F,0xF81F,0xF81F,0xF81F,0xF81F,0xF81F,0xF81F,0xF81F,
    0xF81F,0xF81F,0xF81F,0xF81F,0xF81F,0xF81F,0xF81F,0xF81F,0xF81F,0xF81F,0xF81F,0xF81F,
    0xF81F,0xF81F,0xF81F,0xF81F,0xF81F,0xF81F,0xF81F,0xF81F,0xF81F,0xF81F,0xF81F,0xF81F,
    0xF81F,0xF81F,0xF81F,0xF81F,0xF81F,0xF81F,0x09E8,0x09E8,0x09E8,0x3595,0x2C71,0x09E8,
    0x09E8,0x2430,0x3ED9,0x3ED9,0x3ED9,0x3ED9,0x3ED9,0x3ED9,0x3ED9,0x3ED9,0x3ED9,0x3ED9,
    0x3ED9,0x3EB8,0x1229,0x11E8,0xE75D,0xFFFF,0xFFFF,0xFFFF,0x84B3,0x11A7,0x11A7,0x11A7,
    0x11A7,0x11A7,0x11A7,0x11A7,0x11A7,0x11A7,0x11A7,0x11A7,0x11A7,0x8CD3,0xFFFF,0xFFFF,
    0xFFFF,0xE75D,0x11E8,0x1A29,0xC79D,0xCFBE,0xCFBE,0xCFBE,0xCFBE,0xCFBE,0xCFBE,0xCFBE,
    0xCFBE,0xC79D,0x1A29,0x11E8,0xE75D,0xFFFF,0xFFFF,0xFFFF,0x84B3,0x11A7,0x11A7,0x11A7,
    0x11A7,0x11A7,0x11A7,0x11A7,0x11A7,0x11A7,0x11A7,0x11A7,0x11A7,0x8CD3,0xFFFF,0xFFFF,
    0xFFFF,0xE75D,0x11E8,0x1229,0x3E98,0x3ED9,0x3ED9,0x3ED9,0x3ED9,0x3ED9,0x3ED9,0x3ED9,
    0x3ED9,0x3ED9,0x3ED9,0x3ED9,0x2430,0x09E8,0x09E8,0x2C71,0x3594,0x09E8,0x09E8,0x09E8,
    0xF81F,0xF81F,0xF81F,0xF81F,0xF81F,0xF81F,0xF81F,0xF81F,0xF81F,0xF81F,0xF81F,0xF81F,
    0xF81F,0xF81F,0xF81F,0xF81F,0xF81F,0xF81F,0xF81F,0xF81F,0xF81F,0xF81F,0xF81F,0xF81F,
    0xF81F,0xF81F,0xF81F,0xF81F,0xF81F,0xF81F,0xF81F,0xF81F,0xF81F,0xF81F,0xF81F,0xF81F,
    0xF81F,0xF81F,0xF81F,0xF81F,0xF81F,0xF81F,0xF81F,0xF81F,0xF81F,0xF81F,0xF81F,0xF81F,
    0x09E8,0x09E8,0x1B2C,0x3ED9,0x2C71,0x09E8,0x09E8,0x2430,0x3ED9,0x3ED9,0x3ED9,0x3ED9,
    0x3ED9,0x3ED9,0x3ED9,0x3ED9,0x3ED9,0x3ED9,0x3ED9,0x3ED9,0x1B6D,0x09E8,0x9555,0xFFFF,
    0xFFFF,0xFFFF,0xEF7D,0x21E8,0x11A7,0x11A7,0x11A7,0x11A7,0x11A7,0x11A7,0x11A7,0x11A7,
    0x11A7,0x11A7,0x2208,0xEF7D,0xFFFF,0xFFFF,0xFFFF,0x9555,0x09E8,0x4BCF,0xCFBE,0xCFBE,
    0xCFBE,0xCFBE,0xCFBE,0xCFBE,0xCFBE,0xCFBE,0xCFBE,0xCFBE,0x4BCF,0x09E8,0x9555,0xFFFF,
    0xFFFF,0xFFFF,0xEF7D,0x21E8,0x11A7,0x11A7,0x11A7,0x11A7,0x11A7,0x11A7,0x11A7,0x11A7,
    0x11A7,0x11A7,0x2208,0xEF7D,0xFFFF,0xFFFF,0xFFFF,0x9555,0x09E8,0x1B8E,0x3ED9,0x3ED9,
    0x3ED9,0x3ED9,0x3ED9,0x3ED9,0x3ED9,0x3ED9,0x3ED9,0x3ED9,0x3ED9,0x3ED9,0x2430,0x09E8,
    0x09E8,0x2C71,0x3ED9,0x1B2C,0x09E8,0x09E8,0xF81F,0xF81F,0xF81F,0xF81F,0xF81F,0xF81F,
    0xF81F,0xF81F,0xF81F,0xF81F,0xF81F,0xF81F,0xF81F,0xF81F,0xF81F,0xF81F,0xF81F,0xF81F,
    0xF81F,0xF81F,0xF81F,0xF81F,0xF81F,0xF81F,0xF81F,0xF81F,0xF81F,0xF81F,0xF81F,0xF81F,
    0xF81F,0xF81F,0xF81F,0xF81F,0xF81F,0xF81F,0xF81F,0xF81F,0xF81F,0xF81F,0xF81F,0xF81F,
    0xF81F,0xF81F,0xF81F,0xF81F,0xF81F,0xF81F,0x09E8,0x09E8,0x2D13,0x3ED9,0x2CB2,0x09E8,
    0x09E8,0x23EF,0x3ED9,0x3ED9,0x3ED9,0x3ED9,0x3ED9,0x3ED9,0x3ED9,0x3ED9,0x3ED9,0x3ED9,
    0x3ED9,0x3ED9,0x3554,0x09E8,0x226A,0xF7BE,0xFFFF,0xFFFF,0xFFFF,0xB5F7,0x11A7,0x11A7,
    0x11A7,0x11A7,0x11A7,0x11A7,0x11A7,0x11A7,0x11A7,0x11A7,0xB5F7,0xFFFF,0xFFFF,0xFFFF,
    0xF7BE,0x226A,0x09E8,0x9617,0xCFBE,0xCFBE,0xCFBE,0xCFBE,0xCFBE,0xCFBE,0xCFBE,0xCFBE,
    0xCFBE,0xCFBE,0x95F7,0x09E8,0x226A,0xF7BE,0xFFFF,0xFFFF,0xFFFF,0xB5F7,0x11A7,0x11A7,
    0x11A7,0x11A7,0x11A7,0x11A7,0x11A7,0x11A7,0x11A7,0x11A7,0xB5F7,0xFFFF,0xFFFF,0xFFFF,
    0xF7BE,0x226A,0x09E8,0x3554,0x3ED9,0x3ED9,0x3ED9,0x3ED9,0x3ED9,0x3ED9,0x3ED9,0x3ED9,
    0x3ED9,0x3ED9,0x3ED9,0x3ED9,0x23EF,0x09E8,0x09E8,0x2CB2,0x3ED9,0x2D13,0x09E8,0x09E8,
    0xF81F,0xF81F,0xF81F,0xF81F,0xF81F,0xF81F,0xF81F,0xF81F,0xF81F,0xF81F,0xF81F,0xF81F,
    0xF81F,0xF81F,0xF81F,0xF81F,0xF81F,0xF81F,0xF81F,0xF81F,0xF81F,0xF81F,0xF81F,0xF81F,
    0xF81F,0xF81F,0xF81F,0xF81F,0xF81F,0xF81F,0xF81F,0xF81F,0xF81F,0xF81F,0xF81F,0xF81F,
    0xF81F,0xF81F,0xF81F,0xF81F,0xF81F,0xF81F,0xF81F,0xF81F,0xF81F,0xF81F,0xF81F,0xF81F,
    0x09E8,0x09E8,0x3E37,0x3ED9,0x2CF2,0x09E8,0x09E8,0x23AE,0x3ED9,0x3ED9,0x3ED9,0x3ED9,
    0x3ED9,0x3ED9,0x3ED9,0x3ED9,0x3ED9,0x46B9,0x5E58,0x7E18,0x85F8,0x6B90,0x5AAC,0x9493,
    0xFFFF,0xFFFF,0xFFFF,0xFFFF,0xB5F7,0x21E8,0x11A7,0x11A7,0x11A7,0x11A7,0x11A7,0x11A7,
    0x2208,0xB5F7,0xFFFF,0xFFFF,0xFFFF,0xFFFF,0x7C92,0x09E8,0x3B4D,0xCFBE,0xCFBE,0xCFBE,
    0xCFBE,0xCFBE,0xCFBE,0xCFBE,0xCFBE,0xCFBE,0xCFBE,0xCFBE,0xCFBE,0x3B4D,0x09E8,0x7CB3,
    0xFFFF,0xFFFF,0xFFFF,0xFFFF,0xB5F7,0x21E8,0x11A7,0x11A7,0x11A7,0x11A7,0x11A7,0x11A7,
    0x2208,0xB5F7,0xFFFF,0xFFFF,0xFFFF,0xFFFF,0x8C93,0x5AAC,0x73B0,0x85F8,0x7E18,0x5E58,
    0x46B9,0x3ED9,0x3ED9,0x3ED9,0x3ED9,0x3ED9,0x3ED9,0x3ED9,0x3ED9,0x3ED9,0x23AE,0x09E8,
    0x09E8,0x2CF3,0x3ED9,0x3E37,0x09E8,0x09E8,0xF81F,0xF81F,0xF81F,0xF81F,0xF81F,0xF81F,
    0xF81F,0xF81F,0xF81F,0xF81F,0xF81F,0xF81F,0xF81F,0xF81F,0xF81F,0xF81F,0xF81F,0xF81F,
    0xF81F,0xF81F,0xF81F,0xF81F,0xF81F,0xF81F,0xF81F,0xF81F,0xF81F,0xF81F,0xF81F,0xF81F,
    0xF81F,0xF81F,0xF81F,0xF81F,0xF81F,0xF81F,0xF81F,0xF81F,0xF81F,0xF81F,0xF81F,0xF81F,
    0xF81F,0xF81F,0xF81F,0xF81F,0xF81F,0x09E8,0x09E8,0x1249,0x3ED9,0x3ED9,0x3533,0x09E8,
    0x09E8,0x1B6D,0x3ED9,0x3ED9,0x3ED9,0x3ED9,0x3ED9,0x3ED9,0x3ED9,0x4EB9,0x95D8,0xCD17,
    0xDCF7,0xDCF7,0xDCF7,0xDCB6,0xD3F4,0xCBF4,0xECD7,0xFE9C,0xFFDF,0xFFFF,0xFFFF,0xEF7D,
    0x84D3,0x42EB,0x19E8,0x19E8,0x42EB,0x8CD3,0xEF7D,0xFFFF,0xFFFF,0xFFFF,0xFFFF,0xADD7,
    0x09E8,0x1208,0xA699,0xCFBE,0xCFBE,0xCFBE,0xCFBE,0xCFBE,0xCFBE,0xCFBE,0xCFBE,0xCFBE,
    0xCFBE,0xCFBE,0xCFBE,0xA699,0x1208,0x11E8,0xADD7,0xFFFF,0xFFFF,0xFFFF,0xFFFF,0xEF7D,
    0x84D3,0x42EB,0x19E8,0x19E8,0x42EB,0x8CD3,0xEF7D,0xFFFF,0xFFFF,0xFFDF,0xFE7C,0xECD7,
    0xCBF3,0xD3F4,0xDCB6,0xDCF7,0xDCF7,0xDCF7,0xCD17,0x95D8,0x4EB9,0x3ED9,0x3ED9,0x3ED9,
    0x3ED9,0x3ED9,0x3ED9,0x3ED9,0x1B6D,0x09E8,0x09E8,0x3554,0x3ED9,0x3ED9,0x1249,0x09E8,
    0x09E8,0xF81F,0xF81F,0xF81F,0xF81F,0xF81F,0xF81F,0xF81F,0xF81F,0xF81F,0xF81F,0xF81F,
    0xF81F,0xF81F,0xF81F,0xF81F,0xF81F,0xF81F,0xF81F,0xF81F,0xF81F,0xF81F,0xF81F,0xF81F,
    0xF81F,0xF81F,0xF81F,0xF81F,0xF81F,0xF81F,0xF81F,0xF81F,0xF81F,0xF81F,0xF81F,0xF81F,
    0xF81F,0xF81F,0xF81F,0xF81F,0xF81F,0xF81F,0xF81F,0xF81F,0xF81F,0xF81F,0xF81F,0x09E8,
    0x09E8,0x12AA,0x3ED9,0x3ED9,0x3594,0x09E8,0x09E8,0x1B0C,0x3ED9,0x3ED9,0x3ED9,0x3ED9,
    0x3ED9,0x3ED9,0x6658,0xCD17,0xDCF7,0xDCF7,0xDCF7,0xDCF7,0xDCF7,0xE4F7,0xE4B6,0xCBF3,
    0xD3F4,0xECB7,0xFD79,0xFF7E,0xFFFF,0xFFFF,0xFFFF,0xFFFF,0xFFFF,0xFFFF,0xFFFF,0xFFFF,
    0xFFFF,0xFFFF,0xFFFF,0xFFFF,0xADD7,0x1209,0x09E8,0x8575,0xCFBE,0xCFBE,0xCFBE,0xCFBE,
    0xCFBE,0xCFBE,0xCFBE,0xCFBE,0xCFBE,0xCFBE,0xCFBE,0xCFBE,0xCFBE,0xCFBE,0x7D75,0x09E8,
    0x1209,0xADD7,0xFFFF,0xFFFF,0xFFFF,0xFFFF,0xFFFF,0xFFFF,0xFFFF,0xFFFF,0xFFFF,0xFFFF,
    0xFFFF,0xFFFF,0xFF5E,0xFD79,0xECB7,0xD3F4,0xCBF3,0xE4B6,0xE4F7,0xDCF7,0xDCF7,0xDCF7,
    0xDCF7,0xDCF7,0xCD17,0x6678,0x3ED9,0x3ED9,0x3ED9,0x3ED9,0x3ED9,0x3ED9,0x1AEC,0x09E8,
    0x09E8,0x3595,0x3ED9,0x3ED9,0x128A,0x09E8,0x09E8,0xF81F,0xF81F,0xF81F,0xF81F,0xF81F,
    0xF81F,0xF81F,0xF81F,0xF81F,0xF81F,0xF81F,0xF81F,0xF81F,0xF81F,0xF81F,0xF81F,0xF81F,
    0xF81F,0xF81F,0xF81F,0xF81F,0xF81F,0xF81F,0xF81F,0xF81F,0xF81F,0xF81F,0xF81F,0xF81F,
    0xF81F,0xF81F,0xF81F,0xF81F,0xF81F,0xF81F,0xF81F,0xF81F,0xF81F,0xF81F,0xF81F,0xF81F,
    0xF81F,0xF81F,0xF81F,0xF81F,0xF81F,0x09E8,0x09E8,0x1ACB,0x3ED9,0x3ED9,0x3E37,0x09E8,
    0x09E8,0x1249,0x3ED9,0x3ED9,0x3ED9,0x3ED9,0x3ED9,0x5698,0xD517,0xDCF7,0xDCF7,0xDCF7,
    0xDCF7,0xDCF7,0xDCF7,0xE517,0xF518,0xE475,0xCBF3,0xCBF4,0xE496,0xFD58,0xFF9E,0xFFFF,
    0xFFFF,0xFFFF,0xFFFF,0xFFFF,0xFFFF,0xFFFF,0xFFFF,0xFFFF,0xF7BE,0x7C92,0x09E8,0x09E8,
    0x6492,0xCFBE,0xCFBE,0xCFBE,0xCFBE,0xCFBE,0xCFBE,0xCFBE,0xCFBE,0xCFBE,0xCFBE,0xCFBE,
    0xCFBE,0xCFBE,0xCFBE,0xCFBE,0xCFBE,0x6492,0x09E8,0x11E8,0x7CB3,0xF7BE,0xFFFF,0xFFFF,
    0xFFFF,0xFFFF,0xFFFF,0xFFFF,0xFFFF,0xFFFF,0xFFFF,0xFF9E,0xFD58,0xE476,0xCBF3,0xCBF3,
    0xE475,0xF518,0xE517,0xDCF7,0xDCF7,0xDCF7,0xDCF7,0xDCF7,0xDCF7,0xCD17,0x5678,0x3ED9,
    0x3ED9,0x3ED9,0x3ED9,0x3ED9,0x1249,0x09E8,0x09E8,0x3E57,0x3ED9,0x3ED9,0x1ACB,0x09E8,
    0x09E8,0xF81F,0xF81F,0xF81F,0xF81F,0xF81F,0xF81F,0xF81F,0xF81F,0xF81F,0xF81F,0xF81F,
    0xF81F,0xF81F,0xF81F,0xF81F,0xF81F,0xF81F,0xF81F,0xF81F,0xF81F,0xF81F,0xF81F,0xF81F,
    0xF81F,0xF81F,0xF81F,0xF81F,0xF81F,0xF81F,0xF81F,0xF81F,0xF81F,0xF81F,0xF81F,0xF81F,
    0xF81F,0xF81F,0xF81F,0xF81F,0xF81F,0xF81F,0xF81F,0xF81F,0xF81F,0xF81F,0xF81F,0x09E8,
    0x09E8,0x128A,0x3ED9,0x3ED9,0x3EB9,0x1229,0x09E8,0x09E8,0x3E77,0x3ED9,0x3ED9,0x3ED9,
    0x3ED9,0xA598,0xDCF7,0xDCF7,0xDCF7,0xDCF7,0xDCF7,0xDCF7,0xDCF7,0xED18,0xF518,0xF518,
    0xE4B6,0xD3F4,0xCBF3,0xD414,0xCCD6,0xE75D,0xFFFF,0xFFFF,0xFFFF,0xFFFF,0xFFFF,0xFFFF,
    0xE75D,0x9555,0x226A,0x09E8,0x1208,0x8575,0xCFBE,0xCFBE,0xCFBE,0xCFBE,0xCFBE,0xCFBE,
    0xCFBE,0xCFBE,0xCFBE,0xCFBE,0xCFBE,0xCFBE,0xCFBE,0xCFBE,0xCFBE,0xCFBE,0xCFBE,0xCFBE,
    0x7D55,0x1208,0x09E8,0x226A,0x9555,0xE75D,0xFFFF,0xFFFF,0xFFFF,0xFFFF,0xFFFF,0xFFFF,
    0xE75D,0xCCD6,0xD414,0xCBF3,0xD3F4,0xE4B6,0xF518,0xF518,0xED18,0xDCF7,0xDCF7,0xDCF7,
    0xDCF7,0xDCF7,0xDCF7,0xDCF7,0xA597,0x3ED9,0x3ED9,0x3ED9,0x3ED9,0x3E57,0x09E8,0x09E8,
    0x1229,0x3ED9,0x3ED9,0x3ED9,0x126A,0x09E8,0x09E8,0xF81F,0xF81F,0xF81F,0xF81F,0xF81F,
    0xF81F,0xF81F,0xF81F,0xF81F,0xF81F,0xF81F,0xF81F,0xF81F,0xF81F,0xF81F,0xF81F,0xF81F,
    0xF81F,0xF81F,0xF81F,0xF81F,0xF81F,0xF81F,0xF81F,0xF81F,0xF81F,0xF81F,0xF81F,0xF81F,
    0xF81F,0xF81F,0xF81F,0xF81F,0xF81F,0xF81F,0xF81F,0xF81F,0xF81F,0xF81F,0xF81F,0xF81F,
    0xF81F,0xF81F,0xF81F,0xF81F,0xF81F,0x09E8,0x09E8,0x1208,0x3EB9,0x3ED9,0x3ED9,0x1AEB,
    0x09E8,0x09E8,0x3595,0x3ED9,0x3ED9,0x3ED9,0x3ED9,0xCD17,0xDCF7,0xDCF7,0xDCF7,0xDCF7,
    0xDCF7,0xDCF7,0xDCF7,0xF518,0xF518,0xF518,0xF518,0xECF7,0xDC35,0xCBF3,0xC3D2,0x11E8,
    0x3B0C,0x6410,0x7C92,0x7C92,0x6410,0x3B0C,0x11E8,0x09E8,0x09E8,0x3B4D,0xA699,0xCFBE,
    0xCFBE,0xCFBE,0xCFBE,0xCFBE,0xCFBE,0xCFBE,0xCFBE,0xCFBE,0xCFBE,0xCFBE,0xCFBE,0xCFBE,
    0xCFBE,0xCFBE,0xCFBE,0xCFBE,0xCFBE,0xCFBE,0xCFBE,0xA699,0x3B4D,0x09E8,0x09E8,0x11E8,
    0x3B0C,0x6410,0x7C92,0x7C92,0x6410,0x3B0C,0x11E8,0xC3D3,0xCBF3,0xDC35,0xECF7,0xF518,
    0xF518,0xF518,0xF518,0xDCF7,0xDCF7,0xDCF7,0xDCF7,0xDCF7,0xDCF7,0xDCF7,0xCD17,0x3ED9,
    0x3ED9,0x3ED9,0x3ED9,0x3595,0x09E8,0x09E8,0x1AEC,0x3ED9,0x3ED9,0x3EB9,0x1208,0x09E8,
    0x09E8,0xF81F,0xF81F,0xF81F,0xF81F,0xF81F,0xF81F,0xF81F,0xF81F,0xF81F,0xF81F,0xF81F,
    0xF81F,0xF81F,0xF81F,0xF81F,0xF81F,0xF81F,0xF81F,0xF81F,0xF81F,0xF81F,0xF81F,0xF81F,
    0xF81F,0xF81F,0xF81F,0xF81F,0xF81F,0xF81F,0xF81F,0xF81F,0xF81F,0xF81F,0xF81F,0xF81F,
    0xF81F,0xF81F,0xF81F,0xF81F,0xF81F,0xF81F,0xF81F,0xF81F,0xF81F,0xF81F,0xF81F,0xF81F,
    0x09E8,0x09E8,0x3616,0x3ED9,0x3ED9,0x23AE,0x09E8,0x09E8,0x2CB2,0x3ED9,0x3ED9,0x3ED9,
    0x3ED9,0xCD17,0xDCF7,0xDCF7,0xDCF7,0xDCF7,0xDCF7,0xDCF7,0xDCF7,0xF518,0xF518,0xF518,
    0xF518,0xF518,0xF518,0xECD7,0xD454,0x1A29,0x09E8,0x09E8,0x09E8,0x09E8,0x09E8,0x09E8,
    0x1A29,0x4BCF,0x9617,0xCFBE,0xCFBE,0xCFBE,0xCFBE,0xCFBE,0xCFBE,0xCFBE,0xCFBE,0xCFBE,
    0xCFBE,0xCFBE,0xCFBE,0xCFBE,0xCFBE,0xCFBE,0xCFBE,0xCFBE,0xCFBE,0xCFBE,0xCFBE,0xCFBE,
    0xCFBE,0xCFBE,0xCFBE,0x9617,0x4BCF,0x1A29,0x09E8,0x09E8,0x09E8,0x09E8,0x09E8,0x09E8,
    0x1A29,0xD454,0xECD7,0xF518,0xF518,0xF518,0xF518,0xF518,0xF518,0xDCF7,0xDCF7,0xDCF7,
    0xDCF7,0xDCF7,0xDCF7,0xDCF7,0xCD17,0x3ED9,0x3ED9,0x3ED9,0x3ED9,0x2CB1,0x09E8,0x09E8,
    0x23AE,0x3ED9,0x3ED9,0x35F6,0x09E8,0x09E8,0xF81F,0xF81F,0xF81F,0xF81F,0xF81F,0xF81F,
    0xF81F,0xF81F,0xF81F,0xF81F,0xF81F,0xF81F,0xF81F,0xF81F,0xF81F,0xF81F,0xF81F,0xF81F,
    0xF81F,0xF81F,0xF81F,0xF81F,0xF81F,0xF81F,0xF81F,0xF81F,0xF81F,0xF81F,0xF81F,0xF81F,
    0xF81F,0xF81F,0xF81F,0xF81F,0xF81F,0xF81F,0xF81F,0xF81F,0xF81F,0xF81F,0xF81F,0xF81F,
    0xF81F,0xF81F,0xF81F,0xF81F,0xF81F,0xF81F,0x09E8,0x09E8,0x2CD2,0x3ED9,0x3ED9,0x2CB2,
    0x09E8,0x09E8,0x1B6D,0x3ED9,0x3ED9,0x3ED9,0x3ED9,0xA597,0xDCF7,0xDCF7,0xDCF7,0xDCF7,
    0xDCF7,0xDCF7,0xDCF7,0xF518,0xF518,0xF518,0xF518,0xF518,0xF518,0xF518,0xE61A,0xC79D,
    0x9E59,0x8DB6,0x7D34,0x7D34,0x8DB6,0x9E59,0xC79D,0xCFBE,0xCFBE,0xCFBE,0xCFBE,0xCFBE,
    0xCFBE,0xCFBE,0xCFBE,0xCFBE,0xCFBE,0xCFBE,0xCFBE,0xCFBE,0xCFBE,0xCFBE,0xCFBE,0xCFBE,
    0xCFBE,0xCFBE,0xCFBE,0xCFBE,0xCFBE,0xCFBE,0xCFBE,0xCFBE,0xCFBE,0xCFBE,0xCFBE,0xC79D,
    0x9E59,0x8DB6,0x7D34,0x7D34,0x8DB6,0x9E59,0xC79D,0xE61A,0xF518,0xF518,0xF518,0xF518,
    0xF518,0xF518,0xF518,0xDCF7,0xDCF7,0xDCF7,0xDCF7,0xDCF7,0xDCF7,0xDCF7,0xA597,0x3ED9,
    0x3ED9,0x3ED9,0x3ED9,0x1B6D,0x09E8,0x09E8,0x2CD2,0x3ED9,0x3ED9,0x2CD2,0x09E8,0x09E8,
    0xF81F,0xF81F,0xF81F,0xF81F,0xF81F,0xF81F,0xF81F,0xF81F,0xF81F,0xF81F,0xF81F,0xF81F,
    0xF81F,0xF81F,0xF81F,0xF81F,0xF81F,0xF81F,0xF81F,0xF81F,0xF81F,0xF81F,0xF81F,0xF81F,
    0xF81F,0xF81F,0xF81F,0xF81F,0xF81F,0xF81F,0xF81F,0xF81F,0xF81F,0xF81F,0xF81F,0xF81F,
    0xF81F,0xF81F,0xF81F,0xF81F,0xF81F,0xF81F,0xF81F,0xF81F,0xF81F,0xF81F,0xF81F,0xF81F,
    0x09E8,0x09E8,0x1B6D,0x3ED9,0x3ED9,0x3E16,0x09E8,0x09E8,0x1229,0x3EB8,0x3ED9,0x3ED9,
    0x3ED9,0x5698,0xD517,0xDCF7,0xDCF7,0xDCF7,0xDCF7,0xDCF7,0xDCF7,0xF518,0xF518,0xF518,
    0xF518,0xF518,0xF518,0xF558,0xD75D,0xCFBE,0xCFBE,0xCFBE,0xCFBE,0xCFBE,0xCFBE,0xCFBE,
    0xCFBE,0xCFBE,0xCFBE,0xCFBE,0xCFBE,0xCFBE,0xCFBE,0xCFBE,0xCFBE,0xCFBE,0xCFBE,0xCFBE,
    0xCFBE,0xCFBE,0xCFBE,0xCFBE,0xCFBE,0xCFBE,0xCFBE,0xCFBE,0xCFBE,0xCFBE,0xCFBE,0xCFBE,
    0xCFBE,0xCFBE,0xCFBE,0xCFBE,0xCFBE,0xCFBE,0xCFBE,0xCFBE,0xCFBE,0xCFBE,0xCFBE,0xCFBE,
    0xCFBE,0xD75D,0xF558,0xF518,0xF518,0xF518,0xF518,0xF518,0xF518,0xDCF7,0xDCF7,0xDCF7,
    0xDCF7,0xDCF7,0xDCF7,0xCD17,0x5698,0x3ED9,0x3ED9,0x3ED9,0x3EB8,0x1229,0x09E8,0x09E8,
    0x3E16,0x3ED9,0x3ED9,0x1B6D,0x09E8,0x09E8,0xF81F,0xF81F,0xF81F,0xF81F,0xF81F,0xF81F,
    0xF81F,0xF81F,0xF81F,0xF81F,0xF81F,0xF81F,0xF81F,0xF81F,0xF81F,0xF81F,0xF81F,0xF81F,
    0xF81F,0xF81F,0xF81F,0xF81F,0xF81F,0xF81F,0xF81F,0xF81F,0xF81F,0xF81F,0xF81F,0xF81F,
    0xF81F,0xF81F,0xF81F,0xF81F,0xF81F,0xF81F,0xF81F,0xF81F,0xF81F,0xF81F,0xF81F,0xF81F,
    0xF81F,0xF81F,0xF81F,0xF81F,0xF81F,0xF81F,0x09E8,0x09E8,0x1208,0x3E57,0x3ED9,0x3ED9,
    0x128A,0x09E8,0x09E8,0x35B5,0x3ED9,0x3ED9,0x3ED9,0x3ED9,0x6678,0xCD17,0xDCF7,0xDCF7,
    0xDCF7,0xDCF7,0xDCF7,0xF518,0xF518,0xF518,0xF518,0xF518,0xF558,0xD73C,0xCFBE,0xCFBE,
    0xCFBE,0xCFBE,0xCFBE,0xCFBE,0xCFBE,0xCFBE,0xCFBE,0xCFBE,0xCFBE,0xCFBE,0xCFBE,0xCFBE,
    0xCFBE,0xCFBE,0xCFBE,0xCFBE,0xCFBE,0xCFBE,0xCFBE,0xCFBE,0xCFBE,0xCFBE,0xCFBE,0xCFBE,
    0xCFBE,0xCFBE,0xCFBE,0xCFBE,0xCFBE,0xCFBE,0xCFBE,0xCFBE,0xCFBE,0xCFBE,0xCFBE,0xCFBE,
    0xCFBE,0xCFBE,0xCFBE,0xCFBE,0xCFBE,0xCFBE,0xCFBE,0xCFBE,0xD73C,0xF558,0xF518,0xF518,
    0xF518,0xF518,0xF518,0xDCF7,0xDCF7,0xDCF7,0xDCF7,0xDCF7,0xCD17,0x5E78,0x3ED9,0x3ED9,
    0x3ED9,0x3ED9,0x3595,0x09E8,0x09E8,0x128A,0x3ED9,0x3ED9,0x3E57,0x1208,0x09E8,0x09E8,
    0xF81F,0xF81F,0xF81F,0xF81F,0xF81F,0xF81F,0xF81F,0xF81F,0xF81F,0xF81F,0xF81F,0xF81F,
    0xF81F,0xF81F,0xF81F,0xF81F,0xF81F,0xF81F,0xF81F,0xF81F,0xF81F,0xF81F,0xF81F,0xF81F,
    0xF81F,0xF81F,0xF81F,0xF81F,0xF81F,0xF81F,0xF81F,0xF81F,0xF81F,0xF81F,0xF81F,0xF81F,
    0xF81F,0xF81F,0xF81F,0xF81F,0xF81F,0xF81F,0xF81F,0xF81F,0xF81F,0xF81F,0xF81F,0xF81F,
    0xF81F,0x09E8,0x09E8,0x2470,0x3ED9,0x3ED9,0x23CF,0x09E8,0x09E8,0x2430,0x3ED9,0x3ED9,
    0x3ED9,0x3ED9,0x3ED9,0x4EB9,0x8DD8,0xCD17,0xDCF7,0xDCF7,0xDCF7,0xF518,0xF518,0xF518,
    0xF558,0xE67B,0xCF9D,0xCFBE,0xCFBE,0xCFBE,0xCFBE,0xCFBE,0xCFBE,0xCFBE,0xCFBE,0xCFBE,
    0xCFBE,0xCFBE,0xCFBD,0x8D95,0x8D95,0xCFBD,0xCFBE,0xCFBE,0xCFBE,0xCFBE,0xCFBE,0xCFBE,
    0xCFBE,0xCFBE,0xCFBE,0xCFBE,0xCFBE,0xCFBE,0xCFBE,0xCFBE,0xCFBE,0xCFBE,0xCFBE,0xCFBE,
    0xCFBD,0x8D95,0x8D95,0xCFBD,0xCFBE,0xCFBE,0xCFBE,0xCFBE,0xCFBE,0xCFBE,0xCFBE,0xCFBE,
    0xCFBE,0xCFBE,0xCFBE,0xCF9D,0xE65A,0xF558,0xF518,0xF518,0xF518,0xDCF7,0xDCF7,0xDCF7,
    0xCD17,0x8DD8,0x46B9,0x3ED9,0x3ED9,0x3ED9,0x3ED9,0x3ED9,0x2430,0x09E8,0x09E8,0x23CF,
    0x3ED9,0x3ED9,0x2450,0x09E8,0x09E8,0xF81F,0xF81F,0xF81F,0xF81F,0xF81F,0xF81F,0xF81F,
    0xF81F,0xF81F,0xF81F,0xF81F,0xF81F,0xF81F,0xF81F,0xF81F,0xF81F,0xF81F,0xF81F,0xF81F,
    0xF81F,0xF81F,0xF81F,0xF81F,0xF81F,0xF81F,0xF81F,0xF81F,0xF81F,0xF81F,0xF81F,0xF81F,
    0xF81F,0xF81F,0xF81F,0xF81F,0xF81F,0xF81F,0xF81F,0xF81F,0xF81F,0xF81F,0xF81F,0xF81F,
    0xF81F,0xF81F,0xF81F,0xF81F,0xF81F,0xF81F,0xF81F,0x09E8,0x09E8,0x1229,0x3E57,0x3ED9,
    0x3554,0x09E8,0x09E8,0x126A,0x3EB9,0x3ED9,0x3ED9,0x3ED9,0x3ED9,0x3ED9,0x3ED9,0x46D9,
    0x5E78,0x7E18,0x85F8,0xC65A,0xDEBB,0xD73C,0xCFBE,0xCFBE,0xCFBE,0xCFBE,0xCFBE,0xCFBE,
    0xCFBE,0xCFBE,0xCFBE,0xCFBE,0xCFBE,0xCFBE,0xCFBE,0xCFBE,0x8D75,0x11A7,0x11A7,0x53AE,
    0xC79D,0xCFBE,0xCFBE,0xCFBE,0xCFBE,0xCFBE,0xCFBE,0xCFBE,0xCFBE,0xCFBE,0xCFBE,0xCFBE,
    0xCFBE,0xCFBE,0xCFBE,0xCFBE,0xCFBE,0xC77D,0x4B8E,0x11A7,0x11A7,0x8D75,0xCFBE,0xCFBE,
    0xCFBE,0xCFBE,0xCFBE,0xCFBE,0xCFBE,0xCFBE,0xCFBE,0xCFBE,0xCFBE,0xCFBE,0xCFBE,0xCFBE,
    0xD73C,0xDEBB,0xC65A,0x85F8,0x7E18,0x5E78,0x46D9,0x3ED9,0x3ED9,0x3ED9,0x3ED9,0x3ED9,
    0x3ED9,0x3EB9,0x126A,0x09E8,0x09E8,0x3554,0x3ED9,0x3E57,0x1229,0x09E8,0x09E8,0xF81F,
    0xF81F,0xF81F,0xF81F,0xF81F,0xF81F,0xF81F,0xF81F,0xF81F,0xF81F,0xF81F,0xF81F,0xF81F,
    0xF81F,0xF81F,0xF81F,0xF81F,0xF81F,0xF81F,0xF81F,0xF81F,0xF81F,0xF81F,0xF81F,0xF81F,
    0xF81F,0xF81F,0xF81F,0xF81F,0xF81F,0xF81F,0xF81F,0xF81F,0xF81F,0xF81F,0xF81F,0xF81F,
    0xF81F,0xF81F,0xF81F,0xF81F,0xF81F,0xF81F,0xF81F,0xF81F,0xF81F,0xF81F,0xF81F,0xF81F,
    0xF81F,0xF81F,0x09E8,0x09E8,0x23AE,0x3ED9,0x3EB8,0x124A,0x09E8,0x09E8,0x3574,0x3ED9,
    0x3ED9,0x3ED9,0x3ED9,0x3ED9,0x3ED9,0x3ED9,0x3ED9,0x3ED9,0x3ED9,0x8F3B,0xCFBE,0xCFBE,
    0xCFBE,0xCFBE,0xCFBE,0xCFBE,0xCFBE,0xCFBE,0xCFBE,0xCFBE,0xCFBE,0xCFBE,0xCFBE,0xCFBE,
    0xCFBE,0xCFBE,0x8D75,0x11A7,0x11A7,0x11A7,0x3B0C,0xBF5C,0xCFBE,0xCFBE,0xCFBE,0xCFBE,
    0xCFBE,0xCFBE,0xCFBE,0xCFBE,0xCFBE,0xCFBE,0xCFBE,0xCFBE,0xCFBE,0xCFBE,0xBF3C,0x3B0C,
    0x11A7,0x11A7,0x11A7,0x8D75,0xCFBE,0xCFBE,0xCFBE,0xCFBE,0xCFBE,0xCFBE,0xCFBE,0xCFBE,
    0xCFBE,0xCFBE,0xCFBE,0xCFBE,0xCFBE,0xCFBE,0xCFBE,0xCFBE,0x8F5B,0x3ED9,0x3ED9,0x3ED9,
    0x3ED9,0x3ED9,0x3ED9,0x3ED9,0x3ED9,0x3ED9,0x3ED9,0x3554,0x09E8,0x09E8,0x124A,0x3EB8,
    0x3ED9,0x23AE,0x09E8,0x09E8,0xF81F,0xF81F,0xF81F,0xF81F,0xF81F,0xF81F,0xF81F,0xF81F,
    0xF81F,0xF81F,0xF81F,0xF81F,0xF81F,0xF81F,0xF81F,0xF81F,0xF81F,0xF81F,0xF81F,0xF81F,
    0xF81F,0xF81F,0xF81F,0xF81F,0xF81F,0xF81F,0xF81F,0xF81F,0xF81F,0xF81F,0xF81F,0xF81F,
    0xF81F,0xF81F,0xF81F,0xF81F,0xF81F,0xF81F,0xF81F,0xF81F,0xF81F,0xF81F,0xF81F,0xF81F,
    0xF81F,0xF81F,0xF81F,0xF81F,0xF81F,0xF81F,0xF81F,0xF81F,0x09E8,0x09E8,0x09E8,0x2CF2,
    0x3ED9,0x2410,0x09E8,0x09E8,0x1B8E,0x3ED9,0x3ED9,0x3ED9,0x3ED9,0x3ED9,0x3ED9,0x3ED9,
    0x3ED9,0x3ED9,0x3ED9,0x6F1A,0xCFBE,0xCFBE,0xCFBE,0xCFBE,0xCFBE,0xCFBE,0xCFBE,0xCFBE,
    0xCFBE,0xCFBE,0xCFBE,0xCFBE,0xCFBE,0xCFBE,0xCFBE,0xCFBE,0xCFBD,0x6451,0x11A7,0x11A7,
    0x11A7,0x2A6A,0x9E17,0xCFBE,0xCFBE,0xCFBE,0xCFBE,0xCFBE,0xCFBE,0xCFBE,0xCFBE,0xCFBE,
    0xCFBE,0xCFBE,0xCFBE,0x9E17,0x2A6A,0x11A7,0x11A7,0x11A7,0x6451,0xCFBD,0xCFBE,0xCFBE,
    0xCFBE,0xCFBE,0xCFBE,0xCFBE,0xCFBE,0xCFBE,0xCFBE,0xCFBE,0xCFBE,0xCFBE,0xCFBE,0xCFBE,
    0xCFBE,0xCFBE,0x6F1A,0x3ED9,0x3ED9,0x3ED9,0x3ED9,0x3ED9,0x3ED9,0x3ED9,0x3ED9,0x3ED9,
    0x3ED9,0x1B8D,0x09E8,0x09E8,0x2430,0x3ED9,0x2CF2,0x09E8,0x09E8,0x09E8,0xF81F,0xF81F,
    0xF81F,0xF81F,0xF81F,0xF81F,0xF81F,0xF81F,0xF81F,0xF81F,0xF81F,0xF81F,0xF81F,0xF81F,
    0xF81F,0xF81F,0xF81F,0xF81F,0xF81F,0xF81F,0xF81F,0xF81F,0xF81F,0xF81F,0xF81F,0xF81F,
    0xF81F,0xF81F,0xF81F,0xF81F,0xF81F,0xF81F,0xF81F,0xF81F,0xF81F,0xF81F,0xF81F,0xF81F,
    0xF81F,0xF81F,0xF81F,0xF81F,0xF81F,0xF81F,0xF81F,0xF81F,0xF81F,0xF81F,0xF81F,0xF81F,
    0xF81F,0xF81F,0xF81F,0x09E8,0x09E8,0x1208,0x3574,0x35F6,0x09E8,0x09E8,0x1208,0x3E37,
    0x3ED9,0x3ED9,0x3ED9,0x3ED9,0x3ED9,0x3ED9,0x3ED9,0x3ED9,0x3ED9,0x46D9,0xCFBD,0xCFBE,
    0xCFBE,0xCFBE,0xCFBE,0xCFBE,0xCFBE,0xCFBE,0xCFBE,0xCFBE,0xCFBE,0xCFBE,0xCFBE,0xCFBE,
    0xCFBE,0xCFBE,0xCFBE,0xCFBE,0x7D14,0x11A7,0x11A7,0x11A7,0x11A7,0x53CF,0xBF1B,0xCFBE,
    0xCFBE,0xCFBE,0xCFBE,0xCFBE,0xCFBE,0xCFBE,0xCFBE,0xB71B,0x53CF,0x11A7,0x11A7,0x11A7,
    0x11A7,0x7D34,0xCFBE,0xCFBE,0xCFBE,0xCFBE,0xCFBE,0xCFBE,0xCFBE,0xCFBE,0xCFBE,0xCFBE,
    0xCFBE,0xCFBE,0xCFBE,0xCFBE,0xCFBE,0xCFBE,0xCFBE,0xC7BD,0x46D9,0x3ED9,0x3ED9,0x3ED9,
    0x3ED9,0x3ED9,0x3ED9,0x3ED9,0x3ED9,0x3ED9,0x3E37,0x1208,0x09E8,0x09E8,0x3616,0x3574,
    0x1208,0x09E8,0x09E8,0xF81F,0xF81F,0xF81F,0xF81F,0xF81F,0xF81F,0xF81F,0xF81F,0xF81F,
    0xF81F,0xF81F,0xF81F,0xF81F,0xF81F,0xF81F,0xF81F,0xF81F,0xF81F,0xF81F,0xF81F,0xF81F,
    0xF81F,0xF81F,0xF81F,0xF81F,0xF81F,0xF81F,0xF81F,0xF81F,0xF81F,0xF81F,0xF81F,0xF81F,
    0xF81F,0xF81F,0xF81F,0xF81F,0xF81F,0xF81F,0xF81F,0xF81F,0xF81F,0xF81F,0xF81F,0xF81F,
    0xF81F,0xF81F,0xF81F,0xF81F,0xF81F,0xF81F,0xF81F,0xF81F,0xF81F,0xF81F,0x09E8,0x09E8,
    0x1208,0x2D13,0x1B0C,0x09E8,0x09E8,0x23EF,0x3ED9,0x3ED9,0x3ED9,0x3ED9,0x3ED9,0x3ED9,
    0x3ED9,0x3ED9,0x3ED9,0x3ED9,0xA77C,0xCFBE,0xCFBE,0xCFBE,0xCFBE,0xCFBE,0xCFBE,0xCFBE,
    0xCFBE,0xCFBE,0xCFBE,0xCFBE,0xCFBE,0xCFBE,0xCFBE,0xCFBE,0xCFBE,0xCFBE,0xCFBE,0x95D7,
    0x2208,0x11A7,0x11A7,0x11A7,0x19C7,0x53AE,0x8D95,0xB6DA,0xC77D,0xC77D,0xB6DA,0x8D95,
    0x4B8E,0x19C7,0x11A7,0x11A7,0x11A7,0x2208,0x95F7,0xCFBE,0xCFBE,0xCFBE,0xCFBE,0xCFBE,
    0xCFBE,0xCFBE,0xCFBE,0xCFBE,0xCFBE,0xCFBE,0xCFBE,0xCFBE,0xCFBE,0xCFBE,0xCFBE,0xCFBE,
    0xCFBE,0xA77C,0x3ED9,0x3ED9,0x3ED9,0x3ED9,0x3ED9,0x3ED9,0x3ED9,0x3ED9,0x3ED9,0x3ED9,
    0x23CF,0x09E8,0x09E8,0x1B2C,0x2CF3,0x1208,0x09E8,0x09E8,0xF81F,0xF81F,0xF81F,0xF81F,
    0xF81F,0xF81F,0xF81F,0xF81F,0xF81F,0xF81F,0xF81F,0xF81F,0xF81F,0xF81F,0xF81F,0xF81F,
    0xF81F,0xF81F,0xF81F,0xF81F,0xF81F,0xF81F,0xF81F,0xF81F,0xF81F,0xF81F,0xF81F,0xF81F,
    0xF81F,0xF81F,0xF81F,0xF81F,0xF81F,0xF81F,0xF81F,0xF81F,0xF81F,0xF81F,0xF81F,0xF81F,
    0xF81F,0xF81F,0xF81F,0xF81F,0xF81F,0xF81F,0xF81F,0xF81F,0xF81F,0xF81F,0xF81F,0xF81F,
    0xF81F,0xF81F,0xF81F,0xF81F,0xF81F,0x09E8,0x09E8,0x09E8,0x1B0C,0x09E8,0x09E8,0x1208,
    0x3E37,0x3ED9,0x3ED9,0x3ED9,0x3ED9,0x3ED9,0x3ED9,0x3ED9,0x3ED9,0x3ED9,0x6F1A,0xCFBE,
    0xCFBE,0xCFBE,0xCFBE,0xCFBE,0xCFBE,0xCFBE,0xCFBE,0xCFBE,0xCFBE,0xCFBE,0xCFBE,0xCFBE,
    0xCFBE,0xCFBE,0xCFBE,0xCFBE,0xCFBE,0xCFBE,0xBF5C,0x5C10,0x11A7,0x11A7,0x11A7,0x11A7,
    0x11A7,0x11A7,0x11A7,0x11A7,0x11A7,0x11A7,0x11A7,0x11A7,0x11A7,0x11A7,0x53AE,0xBF3C,
    0xCFBE,0xCFBE,0xCFBE,0xCFBE,0xCFBE,0xCFBE,0xCFBE,0xCFBE,0xCFBE,0xCFBE,0xCFBE,0xCFBE,
    0xCFBE,0xCFBE,0xCFBE,0xCFBE,0xCFBE,0xCFBE,0xCFBE,0x6F1A,0x3ED9,0x3ED9,0x3ED9,0x3ED9,
    0x3ED9,0x3ED9,0x3ED9,0x3ED9,0x3ED9,0x3E37,0x1208,0x09E8,0x09E8,0x1B0C,0x09E8,0x09E8,
    0x09E8,0xF81F,0xF81F,0xF81F,0xF81F,0xF81F,0xF81F,0xF81F,0xF81F,0xF81F,0xF81F,0xF81F,
    0xF81F,0xF81F,0xF81F,0xF81F,0xF81F,0xF81F,0xF81F,0xF81F,0xF81F,0xF81F,0xF81F,0xF81F,
    0xF81F,0xF81F,0xF81F,0xF81F,0xF81F,0xF81F,0xF81F,0xF81F,0xF81F,0xF81F,0xF81F,0xF81F,
    0xF81F,0xF81F,0xF81F,0xF81F,0xF81F,0xF81F,0xF81F,0xF81F,0xF81F,0xF81F,0xF81F,0xF81F,
    0xF81F,0xF81F,0xF81F,0xF81F,0xF81F,0xF81F,0xF81F,0xF81F,0xF81F,0xF81F,0xF81F,0xF81F,
    0x09E8,0x09E8,0x09E8,0x09E8,0x09E8,0x09E8,0x23CF,0x3ED9,0x3ED9,0x3ED9,0x3ED9,0x3ED9,
    0x3ED9,0x3ED9,0x3ED9,0x3ED9,0x46D9,0xBFBD,0xCFBE,0xCFBE,0xCFBE,0xCFBE,0xCFBE,0xCFBE,
    0xCFBE,0xCFBE,0xCFBE,0xCFBE,0xCFBE,0xCFBE,0xCFBE,0xCFBE,0xCFBE,0xCFBE,0xCFBE,0xCFBE,
    0xCFBE,0xCFBE,0x9E38,0x432C,0x11A7,0x11A7,0x11A7,0x11A7,0x11A7,0x11A7,0x11A7,0x11A7,
    0x11A7,0x11A7,0x432C,0x9E38,0xCFBE,0xCFBE,0xCFBE,0xCFBE,0xCFBE,0xCFBE,0xCFBE,0xCFBE,
    0xCFBE,0xCFBE,0xCFBE,0xCFBE,0xCFBE,0xCFBE,0xCFBE,0xCFBE,0xCFBE,0xCFBE,0xCFBE,0xCFBE,
    0xBF9D,0x46D9,0x3ED9,0x3ED9,0x3ED9,0x3ED9,0x3ED9,0x3ED9,0x3ED9,0x3ED9,0x3ED9,0x23AE,
    0x09E8,0x09E8,0x09E8,0x09E8,0x09E8,0x09E8,0xF81F,0xF81F,0xF81F,0xF81F,0xF81F,0xF81F,
    0xF81F,0xF81F,0xF81F,0xF81F,0xF81F,0xF81F,0xF81F,0xF81F,0xF81F,0xF81F,0xF81F,0xF81F,
    0xF81F,0xF81F,0xF81F,0xF81F,0xF81F,0xF81F,0xF81F,0xF81F,0xF81F,0xF81F,0xF81F,0xF81F,
    0xF81F,0xF81F,0xF81F,0xF81F,0xF81F,0xF81F,0xF81F,0xF81F,0xF81F,0xF81F,0xF81F,0xF81F,
    0xF81F,0xF81F,0xF81F,0xF81F,0xF81F,0xF81F,0xF81F,0xF81F,0xF81F,0xF81F,0xF81F,0xF81F,
    0xF81F,0xF81F,0xF81F,0xF81F,0xF81F,0xF81F,0xF81F,0x09E8,0x09E8,0x09E8,0x09E8,0x09E8,
    0x09E8,0x35B5,0x3ED9,0x3ED9,0x3ED9,0x3ED9,0x3ED9,0x3ED9,0x3ED9,0x3ED9,0x3ED9,0x7F3B,
    0xCFBE,0xCFBE,0xCFBE,0xCFBE,0xCFBE,0xCFBE,0xCFBE,0xCFBE,0xCFBE,0xCFBE,0xCFBE,0xCFBE,
    0xCFBE,0xCFBE,0xCFBE,0xCFBE,0xCFBE,0xCFBE,0xCFBE,0xCFBE,0xCFBE,0xCFBE,0xAEBA,0x74D2,
    0x434D,0x2249,0x19C7,0x19C7,0x2A49,0x434D,0x74D3,0xAEBA,0xCFBE,0xCFBE,0xCFBE,0xCFBE,
    0xCFBE,0xCFBE,0xCFBE,0xCFBE,0xCFBE,0xCFBE,0xCFBE,0xCFBE,0xCFBE,0xCFBE,0xCFBE,0xCFBE,
    0xCFBE,0xCFBE,0xCFBE,0xCFBE,0xCFBE,0xCFBE,0x7F3B,0x3ED9,0x3ED9,0x3ED9,0x3ED9,0x3ED9,
    0x3ED9,0x3ED9,0x3ED9,0x3ED9,0x35B5,0x09E8,0x09E8,0x09E8,0x09E8,0x09E8,0x09E8,0xF81F,
    0xF81F,0xF81F,0xF81F,0xF81F,0xF81F,0xF81F,0xF81F,0xF81F,0xF81F,0xF81F,0xF81F,0xF81F,
    0xF81F,0xF81F,0xF81F,0xF81F,0xF81F,0xF81F,0xF81F,0xF81F,0xF81F,0xF81F,0xF81F,0xF81F,
    0xF81F,0xF81F,0xF81F,0xF81F,0xF81F,0xF81F,0xF81F,0xF81F,0xF81F,0xF81F,0xF81F,0xF81F,
    0xF81F,0xF81F,0xF81F,0xF81F,0xF81F,0xF81F,0xF81F,0xF81F,0xF81F,0xF81F,0xF81F,0xF81F,
    0xF81F,0xF81F,0xF81F,0xF81F,0xF81F,0xF81F,0xF81F,0xF81F,0xF81F,0xF81F,0xF81F,0xF81F,
    0xF81F,0xF81F,0xF81F,0xF81F,0x09E8,0x09E8,0x09E8,0x12CB,0x3EB8,0x3ED9,0x3ED9,0x3ED9,
    0x3ED9,0x3ED9,0x3ED9,0x3ED9,0x3ED9,0x46D9,0xB79D,0xCFBE,0xCFBE,0xCFBE,0xCFBE,0xCFBE,
    0xCFBE,0xCFBE,0xCFBE,0xCFBE,0xCFBE,0xCFBE,0xCFBE,0xCFBE,0xCFBE,0xCFBE,0xCFBE,0xCFBE,
    0xCFBE,0xCFBE,0xCFBE,0xCFBE,0xCFBE,0xCFBE,0xCFBE,0xCFBE,0xCFBE,0xCFBE,0xCFBE,0xCFBE,
    0xCFBE,0xCFBE,0xCFBE,0xCFBE,0xCFBE,0xCFBE,0xCFBE,0xCFBE,0xCFBE,0xCFBE,0xCFBE,0xCFBE,
    0xCFBE,0xCFBE,0xCFBE,0xCFBE,0xCFBE,0xCFBE,0xCFBE,0xCFBE,0xCFBE,0xCFBE,0xCFBE,0xB79D,
    0x46D9,0x3ED9,0x3ED9,0x3ED9,0x3ED9,0x3ED9,0x3ED9,0x3ED9,0x3ED9,0x3EB8,0x12AB,0x09E8,
    0x09E8,0x09E8,0xF81F,0xF81F,0xF81F,0xF81F,0xF81F,0xF81F,0xF81F,0xF81F,0xF81F,0xF81F,
    0xF81F,0xF81F,0xF81F,0xF81F,0xF81F,0xF81F,0xF81F,0xF81F,0xF81F,0xF81F,0xF81F,0xF81F,
    0xF81F,0xF81F,0xF81F,0xF81F,0xF81F,0xF81F,0xF81F,0xF81F,0xF81F,0xF81F,0xF81F,0xF81F,
    0xF81F,0xF81F,0xF81F,0xF81F,0xF81F,0xF81F,0xF81F,0xF81F,0xF81F,0xF81F,0xF81F,0xF81F,
    0xF81F,0xF81F,0xF81F,0xF81F,0xF81F,0xF81F,0xF81F,0xF81F,0xF81F,0xF81F,0xF81F,0xF81F,
    0xF81F,0xF81F,0xF81F,0xF81F,0xF81F,0xF81F,0xF81F,0xF81F,0xF81F,0xF81F,0xF81F,0x09E8,
    0x09E8,0x09E8,0x2C71,0x3ED9,0x3ED9,0x3ED9,0x3ED9,0x3ED9,0x3ED9,0x3ED9,0x3ED9,0x3ED9,
    0x6F1A,0xCFBE,0xCFBE,0xCFBE,0xCFBE,0xCFBE,0xCFBE,0xCFBE,0xCFBE,0xCFBE,0xCFBE,0xCFBE,
    0xCFBE,0xCFBE,0xCFBE,0xCFBE,0xCFBE,0xCFBE,0xCFBE,0xCFBE,0xCFBE,0xCFBE,0xCFBE,0xCFBE,
    0xCFBE,0xCFBE,0xCFBE,0xCFBE,0xCFBE,0xCFBE,0xCFBE,0xCFBE,0xCFBE,0xCFBE,0xCFBE,0xCFBE,
    0xCFBE,0xCFBE,0xCFBE,0xCFBE,0xCFBE,0xCFBE,0xCFBE,0xCFBE,0xCFBE,0xCFBE,0xCFBE,0xCFBE,
    0xCFBE,0xCFBE,0xCFBE,0xCFBE,0xCFBE,0x671A,0x3ED9,0x3ED9,0x3ED9,0x3ED9,0x3ED9,0x3ED9,
    0x3ED9,0x3ED9,0x3ED9,0x2450,0x09E8,0x09E8,0x09E8,0xF81F,0xF81F,0xF81F,0xF81F,0xF81F,
    0xF81F,0xF81F,0xF81F,0xF81F,0xF81F,0xF81F,0xF81F,0xF81F,0xF81F,0xF81F,0xF81F,0xF81F,
    0xF81F,0xF81F,0xF81F,0xF81F,0xF81F,0xF81F,0xF81F,0xF81F,0xF81F,0xF81F,0xF81F,0xF81F,
    0xF81F,0xF81F,0xF81F,0xF81F,0xF81F,0xF81F,0xF81F,0xF81F,0xF81F,0xF81F,0xF81F,0xF81F,
    0xF81F,0xF81F,0xF81F,0xF81F,0xF81F,0xF81F,0xF81F,0xF81F,0xF81F,0xF81F,0xF81F,0xF81F,
    0xF81F,0xF81F,0xF81F,0xF81F,0xF81F,0xF81F,0xF81F,0xF81F,0xF81F,0xF81F,0xF81F,0xF81F,
    0xF81F,0xF81F,0xF81F,0xF81F,0xF81F,0xF81F,0x09E8,0x09E8,0x1208,0x35D5,0x3ED9,0x3ED9,
    0x3ED9,0x3ED9,0x3ED9,0x3ED9,0x3ED9,0x3ED9,0x3ED9,0x975C,0xCFBE,0xCFBE,0xCFBE,0xCFBE,
    0xCFBE,0xCFBE,0xCFBE,0xCFBE,0xCFBE,0xCFBE,0xCFBE,0xCFBE,0xCFBE,0xCFBE,0xCFBE,0xCFBE,
    0xCFBE,0xCFBE,0xCFBE,0xCFBE,0xCFBE,0xCFBE,0xCFBE,0xCFBE,0xCFBE,0xCFBE,0xCFBE,0xCFBE,
    0xCFBE,0xCFBE,0xCFBE,0xCFBE,0xCFBE,0xCFBE,0xCFBE,0xCFBE,0xCFBE,0xCFBE,0xCFBE,0xCFBE,
    0xCFBE,0xCFBE,0xCFBE,0xCFBE,0xCFBE,0xCFBE,0xCFBE,0xCFBE,0xCFBE,0xCFBE,0x975B,0x3ED9,
    0x3ED9,0x3ED9,0x3ED9,0x3ED9,0x3ED9,0x3ED9,0x3ED9,0x3ED9,0x35D5,0x1208,0x09E8,0x09E8,
    0xF81F,0xF81F,0xF81F,0xF81F,0xF81F,0xF81F,0xF81F,0xF81F,0xF81F,0xF81F,0xF81F,0xF81F,
    0xF81F,0xF81F,0xF81F,0xF81F,0xF81F,0xF81F,0xF81F,0xF81F,0xF81F,0xF81F,0xF81F,0xF81F,
    0xF81F,0xF81F,0xF81F,0xF81F,0xF81F,0xF81F,0xF81F,0xF81F,0xF81F,0xF81F,0xF81F,0xF81F,
    0xF81F,0xF81F,0xF81F,0xF81F,0xF81F,0xF81F,0xF81F,0xF81F,0xF81F,0xF81F,0xF81F,0xF81F,
    0xF81F,0xF81F,0xF81F,0xF81F,0xF81F,0xF81F,0xF81F,0xF81F,0xF81F,0xF81F,0xF81F,0xF81F,
    0xF81F,0xF81F,0xF81F,0xF81F,0xF81F,0xF81F,0xF81F,0xF81F,0xF81F,0xF81F,0xF81F,0xF81F,
    0x09E8,0x09E8,0x09E8,0x128A,0x3E78,0x3ED9,0x3ED9,0x3ED9,0x3ED9,0x3ED9,0x3ED9,0x3ED9,
    0x3ED9,0x46D9,0xB79D,0xCFBE,0xCFBE,0xCFBE,0xCFBE,0xCFBE,0xCFBE,0xCFBE,0xCFBE,0xCFBE,
    0xCFBE,0xCFBE,0xCFBE,0xCFBE,0xCFBE,0xCFBE,0xCFBE,0xCFBE,0xCFBE,0xCFBE,0xCFBE,0xCFBE,
    0xCFBE,0xCFBE,0xCFBE,0xCFBE,0xCFBE,0xCFBE,0xCFBE,0xCFBE,0xCFBE,0xCFBE,0xCFBE,0xCFBE,
    0xCFBE,0xCFBE,0xCFBE,0xCFBE,0xCFBE,0xCFBE,0xCFBE,0xCFBE,0xCFBE,0xCFBE,0xCFBE,0xCFBE,
    0xCFBE,0xCFBE,0xCFBE,0xB79D,0x46D9,0x3ED9,0x3ED9,0x3ED9,0x3ED9,0x3ED9,0x3ED9,0x3ED9,
    0x3ED9,0x3E77,0x128A,0x09E8,0x09E8,0x09E8,0xF81F,0xF81F,0xF81F,0xF81F,0xF81F,0xF81F,
    0xF81F,0xF81F,0xF81F,0xF81F,0xF81F,0xF81F,0xF81F,0xF81F,0xF81F,0xF81F,0xF81F,0xF81F,
    0xF81F,0xF81F,0xF81F,0xF81F,0xF81F,0xF81F,0xF81F,0xF81F,0xF81F,0xF81F,0xF81F,0xF81F,
    0xF81F,0xF81F,0xF81F,0xF81F,0xF81F,0xF81F,0xF81F,0xF81F,0xF81F,0xF81F,0xF81F,0xF81F,
    0xF81F,0xF81F,0xF81F,0xF81F,0xF81F,0xF81F,0xF81F,0xF81F,0xF81F,0xF81F,0xF81F,0xF81F,
    0xF81F,0xF81F,0xF81F,0xF81F,0xF81F,0xF81F,0xF81F,0xF81F,0xF81F,0xF81F,0xF81F,0xF81F,
    0xF81F,0xF81F,0xF81F,0xF81F,0xF81F,0xF81F,0xF81F,0x09E8,0x09E8,0x09E8,0x1B2C,0x3EB9,
    0x3ED9,0x3ED9,0x3ED9,0x3ED9,0x3ED9,0x3ED9,0x3ED9,0x3ED9,0x56F9,0xBFBD,0xCFBE,0xCFBE,
    0xCFBE,0xCFBE,0xCFBE,0xCFBE,0xCFBE,0xCFBE,0xCFBE,0xCFBE,0xCFBE,0xCFBE,0xCFBE,0xCFBE,
    0xCFBE,0xCFBE,0xCFBE,0xCFBE,0xCFBE,0xCFBE,0xCFBE,0xCFBE,0xCFBE,0xCFBE,0xCFBE,0xCFBE,
    0xCFBE,0xCFBE,0xCFBE,0xCFBE,0xCFBE,0xCFBE,0xCFBE,0xCFBE,0xCFBE,0xCFBE,0xCFBE,0xCFBE,
    0xCFBE,0xCFBE,0xCFBE,0xCFBE,0xCFBE,0xCFBE,0xCFBE,0xCFBE,0xC7BD,0x56F9,0x3ED9,0x3ED9,
    0x3ED9,0x3ED9,0x3ED9,0x3ED9,0x3ED9,0x3ED9,0x3EB9,0x1B4D,0x09E8,0x09E8,0x09E8,0xF81F,
    0xF81F,0xF81F,0xF81F,0xF81F,0xF81F,0xF81F,0xF81F,0xF81F,0xF81F,0xF81F,0xF81F,0xF81F,
    0xF81F,0xF81F,0xF81F,0xF81F,0xF81F,0xF81F,0xF81F,0xF81F,0xF81F,0xF81F,0xF81F,0xF81F,
    0xF81F,0xF81F,0xF81F,0xF81F,0xF81F,0xF81F,0xF81F,0xF81F,0xF81F,0xF81F,0xF81F,0xF81F,
    0xF81F,0xF81F,0xF81F,0xF81F,0xF81F,0xF81F,0xF81F,0xF81F,0xF81F,0xF81F,0xF81F,0xF81F,
    0xF81F,0xF81F,0xF81F,0xF81F,0xF81F,0xF81F,0xF81F,0xF81F,0xF81F,0xF81F,0xF81F,0xF81F,
    0xF81F,0xF81F,0xF81F,0xF81F,0xF81F,0xF81F,0xF81F,0xF81F,0xF81F,0xF81F,0xF81F,0xF81F,
    0xF81F,0xF81F,0x09E8,0x09E8,0x09E8,0x2430,0x3ED9,0x3ED9,0x3ED9,0x3ED9,0x3ED9,0x3ED9,
    0x3ED9,0x3ED9,0x3ED9,0x5EFA,0xC7BD,0xCFBE,0xCFBE,0xCFBE,0xCFBE,0xCFBE,0xCFBE,0xCFBE,
    0xCFBE,0xCFBE,0xCFBE,0xCFBE,0xCFBE,0xCFBE,0xCFBE,0xCFBE,0xCFBE,0xCFBE,0xCFBE,0xCFBE,
    0xCFBE,0xCFBE,0xCFBE,0xCFBE,0xCFBE,0xCFBE,0xCFBE,0xCFBE,0xCFBE,0xCFBE,0xCFBE,0xCFBE,
    0xCFBE,0xCFBE,0xCFBE,0xCFBE,0xCFBE,0xCFBE,0xCFBE,0xCFBE,0xCFBE,0xCFBE,0xCFBE,0xCFBE,
    0xCFBE,0xC7BD,0x5EFA,0x3ED9,0x3ED9,0x3ED9,0x3ED9,0x3ED9,0x3ED9,0x3ED9,0x3ED9,0x3ED9,
    0x240F,0x09E8,0x09E8,0x09E8,0xF81F,0xF81F,0xF81F,0xF81F,0xF81F,0xF81F,0xF81F,0xF81F,
    0xF81F,0xF81F,0xF81F,0xF81F,0xF81F,0xF81F,0xF81F,0xF81F,0xF81F,0xF81F,0xF81F,0xF81F,
    0xF81F,0xF81F,0xF81F,0xF81F,0xF81F,0xF81F,0xF81F,0xF81F,0xF81F,0xF81F,0xF81F,0xF81F,
    0xF81F,0xF81F,0xF81F,0xF81F,0xF81F,0xF81F,0xF81F,0xF81F,0xF81F,0xF81F,0xF81F,0xF81F,
    0xF81F,0xF81F,0xF81F,0xF81F,0xF81F,0xF81F,0xF81F,0xF81F,0xF81F,0xF81F,0xF81F,0xF81F,
    0xF81F,0xF81F,0xF81F,0xF81F,0xF81F,0xF81F,0xF81F,0xF81F,0xF81F,0xF81F,0xF81F,0xF81F,
    0xF81F,0xF81F,0xF81F,0xF81F,0xF81F,0xF81F,0xF81F,0xF81F,0x09E8,0x09E8,0x09E8,0x09E8,
    0x2C71,0x3ED9,0x3ED9,0x3ED9,0x3ED9,0x3ED9,0x3ED9,0x3ED9,0x3ED9,0x3ED9,0x5EFA,0xC7BD,
    0xCFBE,0xCFBE,0xCFBE,0xCFBE,0xCFBE,0xCFBE,0xCFBE,0xCFBE,0xCFBE,0xCFBE,0xCFBE,0xCFBE,
    0xCFBE,0xCFBE,0xCFBE,0xCFBE,0xCFBE,0xCFBE,0xCFBE,0xCFBE,0xCFBE,0xCFBE,0xCFBE,0xCFBE,
    0xCFBE,0xCFBE,0xCFBE,0xCFBE,0xCFBE,0xCFBE,0xCFBE,0xCFBE,0xCFBE,0xCFBE,0xCFBE,0xCFBE,
    0xCFBE,0xCFBE,0xCFBE,0xCFBE,0xCFBE,0xCFBE,0xC7BD,0x5EFA,0x3ED9,0x3ED9,0x3ED9,0x3ED9,
    0x3ED9,0x3ED9,0x3ED9,0x3ED9,0x3ED9,0x2450,0x09E8,0x09E8,0x09E8,0xF81F,0xF81F,0xF81F,
    0xF81F,0xF81F,0xF81F,0xF81F,0xF81F,0xF81F,0xF81F,0xF81F,0xF81F,0xF81F,0xF81F,0xF81F,
    0xF81F,0xF81F,0xF81F,0xF81F,0xF81F,0xF81F,0xF81F,0xF81F,0xF81F,0xF81F,0xF81F,0xF81F,
    0xF81F,0xF81F,0xF81F,0xF81F,0xF81F,0xF81F,0xF81F,0xF81F,0xF81F,0xF81F,0xF81F,0xF81F,
    0xF81F,0xF81F,0xF81F,0xF81F,0xF81F,0xF81F,0xF81F,0xF81F,0xF81F,0xF81F,0xF81F,0xF81F,
    0xF81F,0xF81F,0xF81F,0xF81F,0xF81F,0xF81F,0xF81F,0xF81F,0xF81F,0xF81F,0xF81F,0xF81F,
    0xF81F,0xF81F,0xF81F,0xF81F,0xF81F,0xF81F,0xF81F,0xF81F,0xF81F,0xF81F,0xF81F,0xF81F,
    0xF81F,0xF81F,0xF81F,0x09E8,0x09E8,0x09E8,0x09E8,0x2CB1,0x3ED9,0x3ED9,0x3ED9,0x3ED9,
    0x3ED9,0x3ED9,0x3ED9,0x3ED9,0x3ED9,0x5EFA,0xBF9D,0xCFBE,0xCFBE,0xCFBE,0xCFBE,0xCFBE,
    0xCFBE,0xCFBE,0xCFBE,0xCFBE,0xCFBE,0xCFBE,0xCFBE,0xCFBE,0xCFBE,0xCFBE,0xCFBE,0xCFBE,
    0xCFBE,0xCFBE,0xCFBE,0xCFBE,0xCFBE,0xCFBE,0xCFBE,0xCFBE,0xCFBE,0xCFBE,0xCFBE,0xCFBE,
    0xCFBE,0xCFBE,0xCFBE,0xCFBE,0xCFBE,0xCFBE,0xCFBE,0xCFBE,0xCFBE,0xCFBE,0xCFBE,0xBF9D,
    0x56FA,0x3ED9,0x3ED9,0x3ED9,0x3ED9,0x3ED9,0x3ED9,0x3ED9,0x3ED9,0x3ED9,0x2CB1,0x09E8,
    0x09E8,0x09E8,0x09E8,0xF81F,0xF81F,0xF81F,0xF81F,0xF81F,0xF81F,0xF81F,0xF81F,0xF81F,
    0xF81F,0xF81F,0xF81F,0xF81F,0xF81F,0xF81F,0xF81F,0xF81F,0xF81F,0xF81F,0xF81F,0xF81F,
    0xF81F,0xF81F,0xF81F,0xF81F,0xF81F,0xF81F,0xF81F,0xF81F,0xF81F,0xF81F,0xF81F,0xF81F,
    0xF81F,0xF81F,0xF81F,0xF81F,0xF81F,0xF81F,0xF81F,0xF81F,0xF81F,0xF81F,0xF81F,0xF81F,
    0xF81F,0xF81F,0xF81F,0xF81F,0xF81F,0xF81F,0xF81F,0xF81F,0xF81F,0xF81F,0xF81F,0xF81F,
    0xF81F,0xF81F,0xF81F,0xF81F,0xF81F,0xF81F,0xF81F,0xF81F,0xF81F,0xF81F,0xF81F,0xF81F,
    0xF81F,0xF81F,0xF81F,0xF81F,0xF81F,0xF81F,0xF81F,0xF81F,0xF81F,0xF81F,0x09E8,0x09E8,
    0x09E8,0x09E8,0x2CB1,0x3ED9,0x3ED9,0x3ED9,0x3ED9,0x3ED9,0x3ED9,0x3ED9,0x3ED9,0x3ED9,
    0x4ED9,0xA77C,0xCFBE,0xCFBE,0xCFBE,0xCFBE,0xCFBE,0xCFBE,0xCFBE,0xCFBE,0xCFBE,0xCFBE,
    0xCFBE,0xCFBE,0xCFBE,0xCFBE,0xCFBE,0xCFBE,0xCFBE,0xCFBE,0xCFBE,0xCFBE,0xCFBE,0xCFBE,
    0xCFBE,0xCFBE,0xCFBE,0xCFBE,0xCFBE,0xCFBE,0xCFBE,0xCFBE,0xCFBE,0xCFBE,0xCFBE,0xCFBE,
    0xCFBE,0xCFBE,0xCFBE,0xCFBE,0xA77C,0x4ED9,0x3ED9,0x3ED9,0x3ED9,0x3ED9,0x3ED9,0x3ED9,
    0x3ED9,0x3ED9,0x3ED9,0x2CB1,0x09E8,0x09E8,0x09E8,0x09E8,0xF81F,0xF81F,0xF81F,0xF81F,
    0xF81F,0xF81F,0xF81F,0xF81F,0xF81F,0xF81F,0xF81F,0xF81F,0xF81F,0xF81F,0xF81F,0xF81F,
    0xF81F,0xF81F,0xF81F,0xF81F,0xF81F,0xF81F,0xF81F,0xF81F,0xF81F,0xF81F,0xF81F,0xF81F,
    0xF81F,0xF81F,0xF81F,0xF81F,0xF81F,0xF81F,0xF81F,0xF81F,0xF81F,0xF81F,0xF81F,0xF81F,
    0xF81F,0xF81F,0xF81F,0xF81F,0xF81F,0xF81F,0xF81F,0xF81F,0xF81F,0xF81F,0xF81F,0xF81F,
    0xF81F,0xF81F,0xF81F,0xF81F,0xF81F,0xF81F,0xF81F,0xF81F,0xF81F,0xF81F,0xF81F,0xF81F,
    0xF81F,0xF81F,0xF81F,0xF81F,0xF81F,0xF81F,0xF81F,0xF81F,0xF81F,0xF81F,0xF81F,0xF81F,
    0xF81F,0xF81F,0xF81F,0xF81F,0xF81F,0x09E8,0x09E8,0x09E8,0x09E8,0x240F,0x3EB9,0x3ED9,
    0x3ED9,0x3ED9,0x3ED9,0x3ED9,0x3ED9,0x3ED9,0x3ED9,0x46D9,0x7F3B,0xC7BD,0xCFBE,0xCFBE,
    0xCFBE,0xCFBE,0xCFBE,0xCFBE,0xCFBE,0xCFBE,0xCFBE,0xCFBE,0xCFBE,0xCFBE,0xCFBE,0xCFBE,
    0xCFBE,0xCFBE,0xCFBE,0xCFBE,0xCFBE,0xCFBE,0xCFBE,0xCFBE,0xCFBE,0xCFBE,0xCFBE,0xCFBE,
    0xCFBE,0xCFBE,0xCFBE,0xCFBE,0xCFBE,0xCFBE,0xCFBE,0xCFBE,0xC7BD,0x7F3B,0x46D9,0x3ED9,
    0x3ED9,0x3ED9,0x3ED9,0x3ED9,0x3ED9,0x3ED9,0x3ED9,0x3EB9,0x240F,0x09E8,0x09E8,0x09E8,
    0x09E8,0xF81F,0xF81F,0xF81F,0xF81F,0xF81F,0xF81F,0xF81F,0xF81F,0xF81F,0xF81F,0xF81F,
    0xF81F,0xF81F,0xF81F,0xF81F,0xF81F,0xF81F,0xF81F,0xF81F,0xF81F,0xF81F,0xF81F,0xF81F,
    0xF81F,0xF81F,0xF81F,0xF81F,0xF81F,0xF81F,0xF81F,0xF81F,0xF81F,0xF81F,0xF81F,0xF81F,
    0xF81F,0xF81F,0xF81F,0xF81F,0xF81F,0xF81F,0xF81F,0xF81F,0xF81F,0xF81F,0xF81F,0xF81F,
    0xF81F,0xF81F,0xF81F,0xF81F,0xF81F,0xF81F,0xF81F,0xF81F,0xF81F,0xF81F,0xF81F,0xF81F,
    0xF81F,0xF81F,0xF81F,0xF81F,0xF81F,0xF81F,0xF81F,0xF81F,0xF81F,0xF81F,0xF81F,0xF81F,
    0xF81F,0xF81F,0xF81F,0xF81F,0xF81F,0xF81F,0xF81F,0xF81F,0xF81F,0xF81F,0xF81F,0xF81F,
    0x09E8,0x09E8,0x09E8,0x09E8,0x1B6D,0x3E98,0x3ED9,0x3ED9,0x3ED9,0x3ED9,0x3ED9,0x3ED9,
    0x3ED9,0x3ED9,0x3ED9,0x56F9,0xA77C,0xCFBE,0xCFBE,0xCFBE,0xCFBE,0xCFBE,0xCFBE,0xCFBE,
    0xCFBE,0xCFBE,0xCFBE,0xCFBE,0xCFBE,0xCFBE,0xCFBE,0xCFBE,0xCFBE,0xCFBE,0xCFBE,0xCFBE,
    0xCFBE,0xCFBE,0xCFBE,0xCFBE,0xCFBE,0xCFBE,0xCFBE,0xCFBE,0xCFBE,0xCFBE,0xCFBE,0xCFBE,
    0xCFBE,0xA77C,0x56F9,0x3ED9,0x3ED9,0x3ED9,0x3ED9,0x3ED9,0x3ED9,0x3ED9,0x3ED9,0x3ED9,
    0x3E98,0x1B6D,0x09E8,0x09E8,0x09E8,0x09E8,0xF81F,0xF81F,0xF81F,0xF81F,0xF81F,0xF81F,
    0xF81F,0xF81F,0xF81F,0xF81F,0xF81F,0xF81F,0xF81F,0xF81F,0xF81F,0xF81F,0xF81F,0xF81F,
    0xF81F,0xF81F,0xF81F,0xF81F,0xF81F,0xF81F,0xF81F,0xF81F,0xF81F,0xF81F,0xF81F,0xF81F,
    0xF81F,0xF81F,0xF81F,0xF81F,0xF81F,0xF81F,0xF81F,0xF81F,0xF81F,0xF81F,0xF81F,0xF81F,
    0xF81F,0xF81F,0xF81F,0xF81F,0xF81F,0xF81F,0xF81F,0xF81F,0xF81F,0xF81F,0xF81F,0xF81F,
    0xF81F,0xF81F,0xF81F,0xF81F,0xF81F,0xF81F,0xF81F,0xF81F,0xF81F,0xF81F,0xF81F,0xF81F,
    0xF81F,0xF81F,0xF81F,0xF81F,0xF81F,0xF81F,0xF81F,0xF81F,0xF81F,0xF81F,0xF81F,0xF81F,
    0xF81F,0xF81F,0xF81F,0xF81F,0xF81F,0xF81F,0xF81F,0x09E8,0x09E8,0x09E8,0x09E8,0x12AB,
    0x35D6,0x3ED9,0x3ED9,0x3ED9,0x3ED9,0x3ED9,0x3ED9,0x3ED9,0x3ED9,0x3ED9,0x3ED9,0x5EFA,
    0xAF7C,0xCFBE,0xCFBE,0xCFBE,0xCFBE,0xCFBE,0xCFBE,0xCFBE,0xCFBE,0xCFBE,0xCFBE,0xCFBE,
    0xCFBE,0xCFBE,0xCFBE,0xCFBE,0xCFBE,0xCFBE,0xCFBE,0xCFBE,0xCFBE,0xCFBE,0xCFBE,0xCFBE,
    0xCFBE,0xCFBE,0xCFBE,0xCFBE,0xCFBE,0xA77C,0x5EFA,0x3ED9,0x3ED9,0x3ED9,0x3ED9,0x3ED9,
    0x3ED9,0x3ED9,0x3ED9,0x3ED9,0x3ED9,0x35F6,0x12CB,0x09E8,0x09E8,0x09E8,0x09E8,0xF81F,
    0xF81F,0xF81F,0xF81F,0xF81F,0xF81F,0xF81F,0xF81F,0xF81F,0xF81F,0xF81F,0xF81F,0xF81F,
    0xF81F,0xF81F,0xF81F,0xF81F,0xF81F,0xF81F,0xF81F,0xF81F,0xF81F,0xF81F,0xF81F,0xF81F,
    0xF81F,0xF81F,0xF81F,0xF81F,0xF81F,0xF81F,0xF81F,0xF81F,0xF81F,0xF81F,0xF81F,0xF81F,
    0xF81F,0xF81F,0xF81F,0xF81F,0xF81F,0xF81F,0xF81F,0xF81F,0xF81F,0xF81F,0xF81F,0xF81F,
    0xF81F,0xF81F,0xF81F,0xF81F,0xF81F,0xF81F,0xF81F,0xF81F,0xF81F,0xF81F,0xF81F,0xF81F,
    0xF81F,0xF81F,0xF81F,0xF81F,0xF81F,0xF81F,0xF81F,0xF81F,0xF81F,0xF81F,0xF81F,0xF81F,
    0xF81F,0xF81F,0xF81F,0xF81F,0xF81F,0xF81F,0xF81F,0xF81F,0xF81F,0xF81F,0xF81F,0xF81F,
    0xF81F,0xF81F,0x09E8,0x09E8,0x09E8,0x09E8,0x1208,0x2C71,0x3EB9,0x3ED9,0x3ED9,0x3ED9,
    0x3ED9,0x3ED9,0x3ED9,0x3ED9,0x3ED9,0x3ED9,0x3ED9,0x5EFA,0x975C,0xC7BD,0xCFBE,0xCFBE,
    0xCFBE,0xCFBE,0xCFBE,0xCFBE,0xCFBE,0xCFBE,0xCFBE,0xCFBE,0xCFBE,0xCFBE,0xCFBE,0xCFBE,
    0xCFBE,0xCFBE,0xCFBE,0xCFBE,0xCFBE,0xCFBE,0xCFBE,0xCFBE,0xC7BD,0x975C,0x5EFA,0x3ED9,
    0x3ED9,0x3ED9,0x3ED9,0x3ED9,0x3ED9,0x3ED9,0x3ED9,0x3ED9,0x3ED9,0x3EB9,0x2CD2,0x1209,
    0x09E8,0x09E8,0x09E8,0x09E8,0xF81F,0xF81F,0xF81F,0xF81F,0xF81F,0xF81F,0xF81F,0xF81F,
    0xF81F,0xF81F,0xF81F,0xF81F,0xF81F,0xF81F,0xF81F,0xF81F,0xF81F,0xF81F,0xF81F,0xF81F,
    0xF81F,0xF81F,0xF81F,0xF81F,0xF81F,0xF81F,0xF81F,0xF81F,0xF81F,0xF81F,0xF81F,0xF81F,
    0xF81F,0xF81F,0xF81F,0xF81F,0xF81F,0xF81F,0xF81F,0xF81F,0xF81F,0xF81F,0xF81F,0xF81F,
    0xF81F,0xF81F,0xF81F,0xF81F,0xF81F,0xF81F,0xF81F,0xF81F,0xF81F,0xF81F,0xF81F,0xF81F,
    0xF81F,0xF81F,0xF81F,0xF81F,0xF81F,0xF81F,0xF81F,0xF81F,0xF81F,0xF81F,0xF81F,0xF81F,
    0xF81F,0xF81F,0xF81F,0xF81F,0xF81F,0xF81F,0xF81F,0xF81F,0xF81F,0xF81F,0xF81F,0xF81F,
    0xF81F,0xF81F,0xF81F,0xF81F,0xF81F,0xF81F,0xF81F,0xF81F,0xF81F,0xF81F,0x09E8,0x09E8,
    0x09E8,0x09E8,0x1B4D,0x3E16,0x3ED9,0x3ED9,0x3ED9,0x3ED9,0x3ED9,0x3ED9,0x3ED9,0x3ED9,
    0x3ED9,0x3ED9,0x3ED9,0x46D9,0x6F1A,0x9F5C,0xC7BD,0xCFBE,0xCFBE,0xCFBE,0xCFBE,0xCFBE,
    0xCFBE,0xCFBE,0xCFBE,0xCFBE,0xCFBE,0xCFBE,0xCFBE,0xCFBE,0xCFBE,0xCFBE,0xCFBE,0xBFBD,
    0x9F5C,0x6F1A,0x46D9,0x3ED9,0x3ED9,0x3ED9,0x3ED9,0x3ED9,0x3ED9,0x3ED9,0x3ED9,0x3ED9,
    0x3ED9,0x3ED9,0x3E16,0x1B2D,0x09E8,0x09E8,0x09E8,0x09E8,0xF81F,0xF81F,0xF81F,0xF81F,
    0xF81F,0xF81F,0xF81F,0xF81F,0xF81F,0xF81F,0xF81F,0xF81F,0xF81F,0xF81F,0xF81F,0xF81F,
    0xF81F,0xF81F,0xF81F,0xF81F,0xF81F,0xF81F,0xF81F,0xF81F,0xF81F,0xF81F,0xF81F,0xF81F,
    0xF81F,0xF81F,0xF81F,0xF81F,0xF81F,0xF81F,0xF81F,0xF81F,0xF81F,0xF81F,0xF81F,0xF81F,
    0xF81F,0xF81F,0xF81F,0xF81F,0xF81F,0xF81F,0xF81F,0xF81F,0xF81F,0xF81F,0xF81F,0xF81F,
    0xF81F,0xF81F,0xF81F,0xF81F,0xF81F,0xF81F,0xF81F,0xF81F,0xF81F,0xF81F,0xF81F,0xF81F,
    0xF81F,0xF81F,0xF81F,0xF81F,0xF81F,0xF81F,0xF81F,0xF81F,0xF81F,0xF81F,0xF81F,0xF81F,
    0xF81F,0xF81F,0xF81F,0xF81F,0xF81F,0xF81F,0xF81F,0xF81F,0xF81F,0xF81F,0xF81F,0xF81F,
    0xF81F,0xF81F,0xF81F,0xF81F,0xF81F,0x09E8,0x09E8,0x09E8,0x09E8,0x1208,0x240F,0x3E78,
    0x3ED9,0x3ED9,0x3ED9,0x3ED9,0x3ED9,0x3ED9,0x3ED9,0x3ED9,0x3ED9,0x3ED9,0x3ED9,0x3ED9,
    0x3ED9,0x56FA,0x771A,0x8F5B,0x9F7C,0xB79D,0xBF9D,0xC7BD,0xCFBD,0xCFBD,0xC7BD,0xBF9D,
    0xB79D,0x9F7C,0x8F5B,0x771B,0x56FA,0x3ED9,0x3ED9,0x3ED9,0x3ED9,0x3ED9,0x3ED9,0x3ED9,
    0x3ED9,0x3ED9,0x3ED9,0x3ED9,0x3ED9,0x3ED9,0x3E98,0x2450,0x1208,0x09E8,0x09E8,0x09E8,
    0x09E8,0xF81F,0xF81F,0xF81F,0xF81F,0xF81F,0xF81F,0xF81F,0xF81F,0xF81F,0xF81F,0xF81F,
    0xF81F,0xF81F,0xF81F,0xF81F,0xF81F,0xF81F,0xF81F,0xF81F,0xF81F,0xF81F,0xF81F,0xF81F,
    0xF81F,0xF81F,0xF81F,0xF81F,0xF81F,0xF81F,0xF81F,0xF81F,0xF81F,0xF81F,0xF81F,0xF81F,
    0xF81F,0xF81F,0xF81F,0xF81F,0xF81F,0xF81F,0xF81F,0xF81F,0xF81F,0xF81F,0xF81F,0xF81F,
    0xF81F,0xF81F,0xF81F,0xF81F,0xF81F,0xF81F,0xF81F,0xF81F,0xF81F,0xF81F,0xF81F,0xF81F,
    0xF81F,0xF81F,0xF81F,0xF81F,0xF81F,0xF81F,0xF81F,0xF81F,0xF81F,0xF81F,0xF81F,0xF81F,
    0xF81F,0xF81F,0xF81F,0xF81F,0xF81F,0xF81F,0xF81F,0xF81F,0xF81F,0xF81F,0xF81F,0xF81F,
    0xF81F,0xF81F,0xF81F,0xF81F,0xF81F,0xF81F,0xF81F,0xF81F,0xF81F,0xF81F,0xF81F,0xF81F,
    0x09E8,0x09E8,0x09E8,0x09E8,0x09E8,0x126A,0x2CD2,0x3E98,0x3ED9,0x3ED9,0x3ED9,0x3ED9,
    0x3ED9,0x3ED9,0x3ED9,0x3ED9,0x3ED9,0x3ED9,0x3ED9,0x3ED9,0x3ED9,0x3ED9,0x3ED9,0x3ED9,
    0x3ED9,0x3ED9,0x3ED9,0x3ED9,0x3ED9,0x3ED9,0x3ED9,0x3ED9,0x3ED9,0x3ED9,0x3ED9,0x3ED9,
    0x3ED9,0x3ED9,0x3ED9,0x3ED9,0x3ED9,0x3ED9,0x3ED9,0x3ED9,0x3ED9,0x3ED9,0x3E98,0x2CB2,
    0x124A,0x09E8,0x09E8,0x09E8,0x09E8,0x09E8,0xF81F,0xF81F,0xF81F,0xF81F,0xF81F,0xF81F,
    0xF81F,0xF81F,0xF81F,0xF81F,0xF81F,0xF81F,0xF81F,0xF81F,0xF81F,0xF81F,0xF81F,0xF81F,
    0xF81F,0xF81F,0xF81F,0xF81F,0xF81F,0xF81F,0xF81F,0xF81F,0xF81F,0xF81F,0xF81F,0xF81F,
    0xF81F,0xF81F,0xF81F,0xF81F,0xF81F,0xF81F,0xF81F,0xF81F,0xF81F,0xF81F,0xF81F,0xF81F,
    0xF81F,0xF81F,0xF81F,0xF81F,0xF81F,0xF81F,0xF81F,0xF81F,0xF81F,0xF81F,0xF81F,0xF81F,
    0xF81F,0xF81F,0xF81F,0xF81F,0xF81F,0xF81F,0xF81F,0xF81F,0xF81F,0xF81F,0xF81F,0xF81F,
    0xF81F,0xF81F,0xF81F,0xF81F,0xF81F,0xF81F,0xF81F,0xF81F,0xF81F,0xF81F,0xF81F,0xF81F,
    0xF81F,0xF81F,0xF81F,0xF81F,0xF81F,0xF81F,0xF81F,0xF81F,0xF81F,0xF81F,0xF81F,0xF81F,
    0xF81F,0xF81F,0xF81F,0xF81F,0xF81F,0xF81F,0x09E8,0x09E8,0x09E8,0x09E8,0x09E8,0x09E8,
    0x09E8,0x1249,0x2450,0x3E78,0x3ED9,0x3ED9,0x3ED9,0x3ED9,0x3ED9,0x3ED9,0x3ED9,0x3ED9,
    0x3ED9,0x3ED9,0x3ED9,0x3ED9,0x3ED9,0x3ED9,0x3ED9,0x3ED9,0x3ED9,0x3ED9,0x3ED9,0x3ED9,
    0x3ED9,0x3ED9,0x3ED9,0x3ED9,0x3ED9,0x3ED9,0x3ED9,0x3ED9,0x3ED9,0x3ED9,0x3ED9,0x3ED9,
    0x3ED9,0x3ED9,0x3E78,0x2CB1,0x126A,0x09E8,0x09E8,0x09E8,0x09E8,0x09E8,0x09E8,0x09E8,
    0xF81F,0xF81F,0xF81F,0xF81F,0xF81F,0xF81F,0xF81F,0xF81F,0xF81F,0xF81F,0xF81F,0xF81F,
    0xF81F,0xF81F,0xF81F,0xF81F,0xF81F,0xF81F,0xF81F,0xF81F,0xF81F,0xF81F,0xF81F,0xF81F,
    0xF81F,0xF81F,0xF81F,0xF81F,0xF81F,0xF81F,0xF81F,0xF81F,0xF81F,0xF81F,0xF81F,0xF81F,
    0xF81F,0xF81F,0xF81F,0xF81F,0xF81F,0xF81F,0xF81F,0xF81F,0xF81F,0xF81F,0xF81F,0xF81F,
    0xF81F,0xF81F,0xF81F,0xF81F,0xF81F,0xF81F,0xF81F,0xF81F,0xF81F,0xF81F,0xF81F,0xF81F,
    0xF81F,0xF81F,0xF81F,0xF81F,0xF81F,0xF81F,0xF81F,0xF81F,0xF81F,0xF81F,0xF81F,0xF81F,
    0xF81F,0xF81F,0xF81F,0xF81F,0xF81F,0xF81F,0xF81F,0xF81F,0xF81F,0xF81F,0xF81F,0xF81F,
    0xF81F,0xF81F,0xF81F,0xF81F,0xF81F,0xF81F,0xF81F,0xF81F,0xF81F,0xF81F,0xF81F,0x09E8,
    0x09E8,0x1249,0x1C2F,0x1C50,0x1249,0x09E8,0x09E8,0x09E8,0x09E8,0x1229,0x23CE,0x3594,
    0x3EB9,0x3ED9,0x3ED9,0x3ED9,0x3ED9,0x3ED9,0x3ED9,0x3ED9,0x3ED9,0x3ED9,0x3ED9,0x3ED9,
    0x3ED9,0x3ED9,0x3ED9,0x3ED9,0x3ED9,0x3ED9,0x3ED9,0x3ED9,0x3ED9,0x3ED9,0x3ED9,0x3ED9,
    0x3ED9,0x3ED9,0x3ED9,0x3ED9,0x3ED9,0x3EB9,0x3574,0x23CE,0x1229,0x09E8,0x09E8,0x09E8,
    0x09E8,0x1249,0x1C50,0x1C2F,0x1249,0x09E8,0x09E8,0xF81F,0xF81F,0xF81F,0xF81F,0xF81F,
    0xF81F,0xF81F,0xF81F,0xF81F,0xF81F,0xF81F,0xF81F,0xF81F,0xF81F,0xF81F,0xF81F,0xF81F,
    0xF81F,0xF81F,0xF81F,0xF81F,0xF81F,0xF81F,0xF81F,0xF81F,0xF81F,0xF81F,0xF81F,0xF81F,
    0xF81F,0xF81F,0xF81F,0xF81F,0xF81F,0xF81F,0xF81F,0xF81F,0xF81F,0xF81F,0xF81F,0xF81F,
    0xF81F,0xF81F,0xF81F,0xF81F,0xF81F,0xF81F,0xF81F,0xF81F,0xF81F,0xF81F,0xF81F,0xF81F,
    0xF81F,0xF81F,0xF81F,0xF81F,0xF81F,0xF81F,0xF81F,0xF81F,0xF81F,0xF81F,0xF81F,0xF81F,
    0xF81F,0xF81F,0xF81F,0xF81F,0xF81F,0xF81F,0xF81F,0xF81F,0xF81F,0xF81F,0xF81F,0xF81F,
    0xF81F,0xF81F,0xF81F,0xF81F,0xF81F,0xF81F,0xF81F,0xF81F,0xF81F,0xF81F,0xF81F,0xF81F,
    0xF81F,0xF81F,0xF81F,0xF81F,0x09E8,0x09E8,0x134D,0x2594,0x25B5,0x25B5,0x2594,0x1C0F,
    0x1269,0x09E8,0x09E8,0x09E8,0x09E8,0x09E8,0x126A,0x240F,0x3594,0x3E98,0x3ED9,0x3ED9,
    0x3ED9,0x3ED9,0x3ED9,0x3ED9,0x3ED9,0x3ED9,0x3ED9,0x3ED9,0x3ED9,0x3ED9,0x3ED9,0x3ED9,
    0x3ED9,0x3ED9,0x3ED9,0x3ED9,0x3ED9,0x3ED9,0x3ED9,0x3ED9,0x3E98,0x3574,0x240F,0x126A,
    0x09E8,0x09E8,0x09E8,0x09E8,0x09E8,0x126A,0x1C0F,0x2594,0x25B5,0x25B5,0x2594,0x134D,
    0x09E8,0x09E8,0xF81F,0xF81F,0xF81F,0xF81F,0xF81F,0xF81F,0xF81F,0xF81F,0xF81F,0xF81F,
    0xF81F,0xF81F,0xF81F,0xF81F,0xF81F,0xF81F,0xF81F,0xF81F,0xF81F,0xF81F,0xF81F,0xF81F,
    0xF81F,0xF81F,0xF81F,0xF81F,0xF81F,0xF81F,0xF81F,0xF81F,0xF81F,0xF81F,0xF81F,0xF81F,
    0xF81F,0xF81F,0xF81F,0xF81F,0xF81F,0xF81F,0xF81F,0xF81F,0xF81F,0xF81F,0xF81F,0xF81F,
    0xF81F,0xF81F,0xF81F,0xF81F,0xF81F,0xF81F,0xF81F,0xF81F,0xF81F,0xF81F,0xF81F,0xF81F,
    0xF81F,0xF81F,0xF81F,0xF81F,0xF81F,0xF81F,0xF81F,0xF81F,0xF81F,0xF81F,0xF81F,0xF81F,
    0xF81F,0xF81F,0xF81F,0xF81F,0xF81F,0xF81F,0xF81F,0xF81F,0xF81F,0xF81F,0xF81F,0xF81F,
    0xF81F,0xF81F,0xF81F,0xF81F,0xF81F,0xF81F,0xF81F,0xF81F,0xF81F,0x09E8,0x09E8,0x1BAE,
    0x25B5,0x25B5,0x25B5,0x25B5,0x25B5,0x25B5,0x25B4,0x1C50,0x12AA,0x09E8,0x09E8,0x09E8,
    0x09E8,0x09E8,0x09E8,0x1208,0x1B0C,0x2430,0x3533,0x3616,0x3EB8,0x3ED9,0x3ED9,0x3ED9,
    0x3ED9,0x3ED9,0x3ED9,0x3ED9,0x3ED9,0x3ED9,0x3ED9,0x3ED9,0x3ED9,0x3EB8,0x35F6,0x3533,
    0x2430,0x1B0C,0x1208,0x09E8,0x09E8,0x09E8,0x09E8,0x09E8,0x09E8,0x12AA,0x1C70,0x25B4,
    0x25B5,0x25B5,0x25B5,0x25B5,0x25B5,0x25B5,0x138E,0x09E8,0x09E8,0xF81F,0xF81F,0xF81F,
    0xF81F,0xF81F,0xF81F,0xF81F,0xF81F,0xF81F,0xF81F,0xF81F,0xF81F,0xF81F,0xF81F,0xF81F,
    0xF81F,0xF81F,0xF81F,0xF81F,0xF81F,0xF81F,0xF81F,0xF81F,0xF81F,0xF81F,0xF81F,0xF81F,
    0xF81F,0xF81F,0xF81F,0xF81F,0xF81F,0xF81F,0xF81F,0xF81F,0xF81F,0xF81F,0xF81F,0xF81F,
    0xF81F,0xF81F,0xF81F,0xF81F,0xF81F,0xF81F,0xF81F,0xF81F,0xF81F,0xF81F,0xF81F,0xF81F,
    0xF81F,0xF81F,0xF81F,0xF81F,0xF81F,0xF81F,0xF81F,0xF81F,0xF81F,0xF81F,0xF81F,0xF81F,
    0xF81F,0xF81F,0xF81F,0xF81F,0xF81F,0xF81F,0xF81F,0xF81F,0xF81F,0xF81F,0xF81F,0xF81F,
    0xF81F,0xF81F,0xF81F,0xF81F,0xF81F,0xF81F,0xF81F,0xF81F,0xF81F,0xF81F,0xF81F,0xF81F,
    0xF81F,0xF81F,0xF81F,0x09E8,0x12CB,0x25B5,0x25B5,0x25B5,0x25B5,0x25B5,0x25B5,0x25B5,
    0x25B5,0x25B5,0x25B5,0x1CF2,0x138D,0x1249,0x09E8,0x09E8,0x09E8,0x09E8,0x09E8,0x09E8,
    0x09E8,0x09E8,0x11E8,0x128A,0x1B2C,0x1B8E,0x23CE,0x23EF,0x2430,0x2430,0x23EF,0x23CE,
    0x1B8E,0x1B2C,0x128A,0x11E8,0x09E8,0x09E8,0x09E8,0x09E8,0x09E8,0x09E8,0x09E8,0x09E8,
    0x1249,0x138E,0x1CF2,0x25B5,0x25B5,0x25B5,0x25B5,0x25B5,0x25B5,0x25B5,0x25B5,0x25B5,
    0x25B4,0x12CB,0x09E8,0xF81F,0xF81F,0xF81F,0xF81F,0xF81F,0xF81F,0xF81F,0xF81F,0xF81F,
    0xF81F,0xF81F,0xF81F,0xF81F,0xF81F,0xF81F,0xF81F,0xF81F,0xF81F,0xF81F,0xF81F,0xF81F,
    0xF81F,0xF81F,0xF81F,0xF81F,0xF81F,0xF81F,0xF81F,0xF81F,0xF81F,0xF81F,0xF81F,0xF81F,
    0xF81F,0xF81F,0xF81F,0xF81F,0xF81F,0xF81F,0xF81F,0xF81F,0xF81F,0xF81F,0xF81F,0xF81F,
    0xF81F,0xF81F,0xF81F,0xF81F,0xF81F,0xF81F,0xF81F,0xF81F,0xF81F,0xF81F,0xF81F,0xF81F,
    0xF81F,0xF81F,0xF81F,0xF81F,0xF81F,0xF81F,0xF81F,0xF81F,0xF81F,0xF81F,0xF81F,0xF81F,
    0xF81F,0xF81F,0xF81F,0xF81F,0xF81F,0xF81F,0xF81F,0xF81F,0xF81F,0xF81F,0xF81F,0xF81F,
    0xF81F,0xF81F,0xF81F,0xF81F,0xF81F,0xF81F,0xF81F,0xF81F,0x09E8,0x09E8,0x1C91,0x25B5,
    0x25B5,0x25B5,0x25B5,0x25B5,0x25B5,0x25B5,0x25B5,0x25B5,0x25B5,0x25B5,0x25B5,0x25B4,
    0x1CB1,0x138D,0x128A,0x09E8,0x09E8,0x09E8,0x09E8,0x09E8,0x09E8,0x09E8,0x09E8,0x09E8,
    0x09E8,0x09E8,0x09E8,0x09E8,0x09E8,0x09E8,0x09E8,0x09E8,0x09E8,0x09E8,0x09E8,0x09E8,
    0x09E8,0x09E8,0x09E8,0x128A,0x1B8D,0x1CD1,0x25B5,0x25B5,0x25B5,0x25B5,0x25B5,0x25B5,
    0x25B5,0x25B5,0x25B5,0x25B5,0x25B5,0x25B5,0x25B5,0x1C91,0x09E8,0x09E8,0xF81F,0xF81F,
    0xF81F,0xF81F,0xF81F,0xF81F,0xF81F,0xF81F,0xF81F,0xF81F,0xF81F,0xF81F,0xF81F,0xF81F,
    0xF81F,0xF81F,0xF81F,0xF81F,0xF81F,0xF81F,0xF81F,0xF81F,0xF81F,0xF81F,0xF81F,0xF81F,
    0xF81F,0xF81F,0xF81F,0xF81F,0xF81F,0xF81F,0xF81F,0xF81F,0xF81F,0xF81F,0xF81F,0xF81F,
    0xF81F,0xF81F,0xF81F,0xF81F,0xF81F,0xF81F,0xF81F,0xF81F,0xF81F,0xF81F,0xF81F,0xF81F,
    0xF81F,0xF81F,0xF81F,0xF81F,0xF81F,0xF81F,0xF81F,0xF81F,0xF81F,0xF81F,0xF81F,0xF81F,
    0xF81F,0xF81F,0xF81F,0xF81F,0xF81F,0xF81F,0xF81F,0xF81F,0xF81F,0xF81F,0xF81F,0xF81F,
    0xF81F,0xF81F,0xF81F,0xF81F,0xF81F,0xF81F,0xF81F,0xF81F,0xF81F,0xF81F,0xF81F,0xF81F,
    0xF81F,0xF81F,0x09E8,0x09E8,0x2574,0x25B5,0x25B5,0x25B5,0x25B5,0x25B5,0x25B5,0x25B5,
    0x25B5,0x25B5,0x25B5,0x25B5,0x25B5,0x25B5,0x25B5,0x25B5,0x25B5,0x2574,0x1C71,0x138D,
    0x12EB,0x1269,0x09E8,0x09E8,0x09E8,0x09E8,0x09E8,0x09E8,0x09E8,0x09E8,0x09E8,0x09E8,
    0x09E8,0x09E8,0x09E8,0x09E8,0x1269,0x12EB,0x138E,0x1C91,0x2574,0x25B5,0x25B5,0x25B5,
    0x25B5,0x25B5,0x25B5,0x25B5,0x25B5,0x25B5,0x25B5,0x25B5,0x25B5,0x25B5,0x25B5,0x25B5,
    0x25B5,0x2574,0x09E8,0x09E8,0xF81F,0xF81F,0xF81F,0xF81F,0xF81F,0xF81F,0xF81F,0xF81F,
    0xF81F,0xF81F,0xF81F,0xF81F,0xF81F,0xF81F,0xF81F,0xF81F,0xF81F,0xF81F,0xF81F,0xF81F,
    0xF81F,0xF81F,0xF81F,0xF81F,0xF81F,0xF81F,0xF81F,0xF81F,0xF81F,0xF81F,0xF81F,0xF81F,
    0xF81F,0xF81F,0xF81F,0xF81F,0xF81F,0xF81F,0xF81F,0xF81F,0xF81F,0xF81F,0xF81F,0xF81F,
    0xF81F,0xF81F,0xF81F,0xF81F,0xF81F,0xF81F,0xF81F,0xF81F,0xF81F,0xF81F,0xF81F,0xF81F,
    0xF81F,0xF81F,0xF81F,0xF81F,0xF81F,0xF81F,0xF81F,0xF81F,0xF81F,0xF81F,0xF81F,0xF81F,
    0xF81F,0xF81F,0xF81F,0xF81F,0xF81F,0xF81F,0xF81F,0xF81F,0xF81F,0xF81F,0xF81F,0xF81F,
    0xF81F,0xF81F,0xF81F,0xF81F,0xF81F,0xF81F,0xF81F,0xF81F,0x09E8,0x09E8,0x2574,0x25B5,
    0x25B5,0x25B5,0x25B5,0x25B5,0x25B5,0x25B5,0x25B5,0x25B5,0x25B5,0x25B5,0x25B5,0x25B5,
    0x25B5,0x25B5,0x25B5,0x25B5,0x25B5,0x25B5,0x25B5,0x2574,0x09E8,0x09E8,0xF81F,0xF81F,
    0xF81F,0xF81F,0xF81F,0xF81F,0xF81F,0xF81F,0xF81F,0xF81F,0x09C8,0x09E8,0x2574,0x25B5,
    0x25B5,0x25B5,0x25B5,0x25B5,0x25B5,0x25B5,0x25B5,0x25B5,0x25B5,0x25B5,0x25B5,0x25B5,
    0x25B5,0x25B5,0x25B5,0x25B5,0x25B5,0x25B5,0x25B5,0x2574,0x09E8,0x09E8,0xF81F,0xF81F,
    0xF81F,0xF81F,0xF81F,0xF81F,0xF81F,0xF81F,0xF81F,0xF81F,0xF81F,0xF81F,0xF81F,0xF81F,
    0xF81F,0xF81F,0xF81F,0xF81F,0xF81F,0xF81F,0xF81F,0xF81F,0xF81F,0xF81F,0xF81F,0xF81F,
    0xF81F,0xF81F,0xF81F,0xF81F,0xF81F,0xF81F,0xF81F,0xF81F,0xF81F,0xF81F,0xF81F,0xF81F,
    0xF81F,0xF81F,0xF81F,0xF81F,0xF81F,0xF81F,0xF81F,0xF81F,0xF81F,0xF81F,0xF81F,0xF81F,
    0xF81F,0xF81F,0xF81F,0xF81F,0xF81F,0xF81F,0xF81F,0xF81F,0xF81F,0xF81F,0xF81F,0xF81F,
    0xF81F,0xF81F,0xF81F,0xF81F,0xF81F,0xF81F,0xF81F,0xF81F,0xF81F,0xF81F,0xF81F,0xF81F,
    0xF81F,0xF81F,0xF81F,0xF81F,0xF81F,0xF81F,0xF81F,0xF81F,0xF81F,0xF81F,0xF81F,0xF81F,
    0xF81F,0xF81F,0x09E8,0x09E8,0x1C91,0x25B5,0x25B5,0x25B5,0x25B5,0x25B5,0x25B5,0x25B5,
    0x25B5,0x25B5,0x25B5,0x25B5,0x25B5,0x25B5,0x25B5,0x25B5,0x25B5,0x25B5,0x25B5,0x25B5,
    0x25B5,0x1C91,0x09E8,0x09E8,0xF81F,0xF81F,0xF81F,0xF81F,0xF81F,0xF81F,0xF81F,0xF81F,
    0xF81F,0xF81F,0x09E8,0x09E8,0x1C91,0x25B5,0x25B5,0x25B5,0x25B5,0x25B5,0x25B5,0x25B5,
    0x25B5,0x25B5,0x25B5,0x25B5,0x25B5,0x25B5,0x25B5,0x25B5,0x25B5,0x25B5,0x25B5,0x25B5,
    0x25B5,0x1C91,0x09E8,0x09E8,0xF81F,0xF81F,0xF81F,0xF81F,0xF81F,0xF81F,0xF81F,0xF81F,
    0xF81F,0xF81F,0xF81F,0xF81F,0xF81F,0xF81F,0xF81F,0xF81F,0xF81F,0xF81F,0xF81F,0xF81F,
    0xF81F,0xF81F,0xF81F,0xF81F,0xF81F,0xF81F,0xF81F,0xF81F,0xF81F,0xF81F,0xF81F,0xF81F,
    0xF81F,0xF81F,0xF81F,0xF81F,0xF81F,0xF81F,0xF81F,0xF81F,0xF81F,0xF81F,0xF81F,0xF81F,
    0xF81F,0xF81F,0xF81F,0xF81F,0xF81F,0xF81F,0xF81F,0xF81F,0xF81F,0xF81F,0xF81F,0xF81F,
    0xF81F,0xF81F,0xF81F,0xF81F,0xF81F,0xF81F,0xF81F,0xF81F,0xF81F,0xF81F,0xF81F,0xF81F,
    0xF81F,0xF81F,0xF81F,0xF81F,0xF81F,0xF81F,0xF81F,0xF81F,0xF81F,0xF81F,0xF81F,0xF81F,
    0xF81F,0xF81F,0xF81F,0xF81F,0xF81F,0xF81F,0xF81F,0xF81F,0xF81F,0x09E8,0x12CB,0x25B4,
    0x25B5,0x25B5,0x25B5,0x25B5,0x25B5,0x25B5,0x25B5,0x25B5,0x25B5,0x25B5,0x25B5,0x25B5,
    0x25B5,0x25B5,0x25B5,0x25B5,0x25B5,0x25B5,0x25B4,0x12CB,0x09E8,0xF81F,0xF81F,0xF81F,
    0xF81F,0xF81F,0xF81F,0xF81F,0xF81F,0xF81F,0xF81F,0xF81F,0xF81F,0x09E8,0x12CB,0x25B4,
    0x25B5,0x25B5,0x25B5,0x25B5,0x25B5,0x25B5,0x25B5,0x25B5,0x25B5,0x25B5,0x25B5,0x25B5,
    0x25B5,0x25B5,0x25B5,0x25B5,0x25B5,0x25B5,0x25B4,0x12CB,0x09E8,0xF81F,0xF81F,0xF81F,
    0xF81F,0xF81F,0xF81F,0xF81F,0xF81F,0xF81F,0xF81F,0xF81F,0xF81F,0xF81F,0xF81F,0xF81F,
    0xF81F,0xF81F,0xF81F,0xF81F,0xF81F,0xF81F,0xF81F,0xF81F,0xF81F,0xF81F,0xF81F,0xF81F,
    0xF81F,0xF81F,0xF81F,0xF81F,0xF81F,0xF81F,0xF81F,0xF81F,0xF81F,0xF81F,0xF81F,0xF81F,
    0xF81F,0xF81F,0xF81F,0xF81F,0xF81F,0xF81F,0xF81F,0xF81F,0xF81F,0xF81F,0xF81F,0xF81F,
    0xF81F,0xF81F,0xF81F,0xF81F,0xF81F,0xF81F,0xF81F,0xF81F,0xF81F,0xF81F,0xF81F,0xF81F,
    0xF81F,0xF81F,0xF81F,0xF81F,0xF81F,0xF81F,0xF81F,0xF81F,0xF81F,0xF81F,0xF81F,0xF81F,
    0xF81F,0xF81F,0xF81F,0xF81F,0xF81F,0xF81F,0xF81F,0xF81F,0xF81F,0xF81F,0xF81F,0xF81F,
    0xF81F,0xF81F,0xF81F,0x09E8,0x09E8,0x138E,0x25B5,0x25B5,0x25B5,0x25B5,0x25B5,0x25B5,
    0x25B5,0x25B5,0x25B5,0x25B5,0x25B5,0x25B5,0x25B5,0x25B5,0x25B5,0x25B5,0x25B5,0x25B5,
    0x138E,0x09E8,0x09E8,0xF81F,0xF81F,0xF81F,0xF81F,0xF81F,0xF81F,0xF81F,0xF81F,0xF81F,
    0xF81F,0xF81F,0xF81F,0x09E8,0x09E8,0x138E,0x25B5,0x25B5,0x25B5,0x25B5,0x25B5,0x25B5,
    0x25B5,0x25B5,0x25B5,0x25B5,0x25B5,0x25B5,0x25B5,0x25B5,0x25B5,0x25B5,0x25B5,0x25B5,
    0x138E,0x09E8,0x09E8,0xF81F,0xF81F,0xF81F,0xF81F,0xF81F,0xF81F,0xF81F,0xF81F,0xF81F,
    0xF81F,0xF81F,0xF81F,0xF81F,0xF81F,0xF81F,0xF81F,0xF81F,0xF81F,0xF81F,0xF81F,0xF81F,
    0xF81F,0xF81F,0xF81F,0xF81F,0xF81F,0xF81F,0xF81F,0xF81F,0xF81F,0xF81F,0xF81F,0xF81F,
    0xF81F,0xF81F,0xF81F,0xF81F,0xF81F,0xF81F,0xF81F,0xF81F,0xF81F,0xF81F,0xF81F,0xF81F,
    0xF81F,0xF81F,0xF81F,0xF81F,0xF81F,0xF81F,0xF81F,0xF81F,0xF81F,0xF81F,0xF81F,0xF81F,
    0xF81F,0xF81F,0xF81F,0xF81F,0xF81F,0xF81F,0xF81F,0xF81F,0xF81F,0xF81F,0xF81F,0xF81F,
    0xF81F,0xF81F,0xF81F,0xF81F,0xF81F,0xF81F,0xF81F,0xF81F,0xF81F,0xF81F,0xF81F,0xF81F,
    0xF81F,0xF81F,0xF81F,0xF81F,0xF81F,0xF81F,0xF81F,0xF81F,0xF81F,0xF81F,0x09E8,0x09E8,
    0x134D,0x2594,0x25B5,0x25B5,0x25B5,0x25B5,0x25B5,0x25B5,0x25B5,0x25B5,0x25B5,0x25B5,
    0x25B5,0x25B5,0x25B5,0x25B5,0x2594,0x134D,0x09E8,0x09E8,0xF81F,0xF81F,0xF81F,0xF81F,
    0xF81F,0xF81F,0xF81F,0xF81F,0xF81F,0xF81F,0xF81F,0xF81F,0xF81F,0xF81F,0x09E8,0x09E8,
    0x134D,0x2594,0x25B5,0x25B5,0x25B5,0x25B5,0x25B5,0x25B5,0x25B5,0x25B5,0x25B5,0x25B5,
    0x25B5,0x25B5,0x25B5,0x25B5,0x2594,0x134D,0x09E8,0x09E8,0xF81F,0xF81F,0xF81F,0xF81F,
    0xF81F,0xF81F,0xF81F,0xF81F,0xF81F,0xF81F,0xF81F,0xF81F,0xF81F,0xF81F,0xF81F,0xF81F,
    0xF81F,0xF81F,0xF81F,0xF81F,0xF81F,0xF81F,0xF81F,0xF81F,0xF81F,0xF81F,0xF81F,0xF81F,
    0xF81F,0xF81F,0xF81F,0xF81F,0xF81F,0xF81F,0xF81F,0xF81F,0xF81F,0xF81F,0xF81F,0xF81F,
    0xF81F,0xF81F,0xF81F,0xF81F,0xF81F,0xF81F,0xF81F,0xF81F,0xF81F,0xF81F,0xF81F,0xF81F,
    0xF81F,0xF81F,0xF81F,0xF81F,0xF81F,0xF81F,0xF81F,0xF81F,0xF81F,0xF81F,0xF81F,0xF81F,
    0xF81F,0xF81F,0xF81F,0xF81F,0xF81F,0xF81F,0xF81F,0xF81F,0xF81F,0xF81F,0xF81F,0xF81F,
    0xF81F,0xF81F,0xF81F,0xF81F,0xF81F,0xF81F,0xF81F,0xF81F,0xF81F,0xF81F,0xF81F,0xF81F,
    0xF81F,0xF81F,0xF81F,0xF81F,0xF81F,0x09E8,0x09E8,0x1249,0x1C2F,0x2594,0x25B5,0x25B5,
    0x25B5,0x25B5,0x25B5,0x25B5,0x25B5,0x25B5,0x25B5,0x25B5,0x2594,0x1C2F,0x1249,0x09E8,
    0x09E8,0xF81F,0xF81F,0xF81F,0xF81F,0xF81F,0xF81F,0xF81F,0xF81F,0xF81F,0xF81F,0xF81F,
    0xF81F,0xF81F,0xF81F,0xF81F,0xF81F,0x09E8,0x09E8,0x1249,0x1C2F,0x2594,0x25B5,0x25B5,
    0x25B5,0x25B5,0x25B5,0x25B5,0x25B5,0x25B5,0x25B5,0x25B5,0x2594,0x1C2F,0x1249,0x09E8,
    0x09E8,0xF81F,0xF81F,0xF81F,0xF81F,0xF81F,0xF81F,0xF81F,0xF81F,0xF81F,0xF81F,0xF81F,
    0xF81F,0xF81F,0xF81F,0xF81F,0xF81F,0xF81F,0xF81F,0xF81F,0xF81F,0xF81F,0xF81F,0xF81F,
    0xF81F,0xF81F,0xF81F,0xF81F,0xF81F,0xF81F,0xF81F,0xF81F,0xF81F,0xF81F,0xF81F,0xF81F,
    0xF81F,0xF81F,0xF81F,0xF81F,0xF81F,0xF81F,0xF81F,0xF81F,0xF81F,0xF81F,0xF81F,0xF81F,
    0xF81F,0xF81F,0xF81F,0xF81F,0xF81F,0xF81F,0xF81F,0xF81F,0xF81F,0xF81F,0xF81F,0xF81F,
    0xF81F,0xF81F,0xF81F,0xF81F,0xF81F,0xF81F,0xF81F,0xF81F,0xF81F,0xF81F,0xF81F,0xF81F,
    0xF81F,0xF81F,0xF81F,0xF81F,0xF81F,0xF81F,0xF81F,0xF81F,0xF81F,0xF81F,0xF81F,0xF81F,
    0xF81F,0xF81F,0xF81F,0xF81F,0xF81F,0xF81F,0xF81F,0xF81F,0xF81F,0xF81F,0xF81F,0xF81F,
    0x09E8,0x09E8,0x09E8,0x1209,0x134C,0x1C2F,0x1CF2,0x2553,0x2594,0x2594,0x2553,0x1CF2,
    0x1C2F,0x132C,0x1209,0x09E8,0x09E8,0x09E8,0xF81F,0xF81F,0xF81F,0xF81F,0xF81F,0xF81F,
    0xF81F,0xF81F,0xF81F,0xF81F,0xF81F,0xF81F,0xF81F,0xF81F,0xF81F,0xF81F,0xF81F,0xF81F,
    0x09E8,0x09E8,0x09E8,0x1209,0x134C,0x1C2F,0x1CF2,0x2553,0x2594,0x2594,0x2553,0x1CF2,
    0x1C2F,0x132C,0x1209,0x09E8,0x09E8,0x09E8,0xF81F,0xF81F,0xF81F,0xF81F,0xF81F,0xF81F,
    0xF81F,0xF81F,0xF81F,0xF81F,0xF81F,0xF81F,0xF81F,0xF81F,0xF81F,0xF81F,0xF81F,0xF81F,
    0xF81F,0xF81F,0xF81F,0xF81F,0xF81F,0xF81F,0xF81F,0xF81F,0xF81F,0xF81F,0xF81F,0xF81F,
    0xF81F,0xF81F,0xF81F,0xF81F,0xF81F,0xF81F,0xF81F,0xF81F,0xF81F,0xF81F,0xF81F,0xF81F,
    0xF81F,0xF81F,0xF81F,0xF81F,0xF81F,0xF81F,0xF81F,0xF81F,0xF81F,0xF81F,0xF81F,0xF81F,
    0xF81F,0xF81F,0xF81F,0xF81F,0xF81F,0xF81F,0xF81F,0xF81F,0xF81F,0xF81F,0xF81F,0xF81F,
    0xF81F,0xF81F,0xF81F,0xF81F,0xF81F,0xF81F,0xF81F,0xF81F,0xF81F,0xF81F,0xF81F,0xF81F,
    0xF81F,0xF81F,0xF81F,0xF81F,0xF81F,0xF81F,0xF81F,0xF81F,0xF81F,0xF81F,0xF81F,0xF81F,
    0xF81F,0xF81F,0xF81F,0xF81F,0xF81F,0xF81F,0xF81F,0xF81F,0x09E8,0x09E8,0x09E8,0x09E8,
    0x09E8,0x09E8,0x09E8,0x09E8,0x09E8,0x09E8,0x09E8,0x09E8,0x09E8,0x09E8,0xF81F,0xF81F,
    0xF81F,0xF81F,0xF81F,0xF81F,0xF81F,0xF81F,0xF81F,0xF81F,0xF81F,0xF81F,0xF81F,0xF81F,
    0xF81F,0xF81F,0xF81F,0xF81F,0xF81F,0xF81F,0xF81F,0xF81F,0x09E8,0x09E8,0x09E8,0x09E8,
    0x09E8,0x09E8,0x09E8,0x09E8,0x09E8,0x09E8,0x09E8,0x09E8,0x09E8,0x09E8,0xF81F,0xF81F,
    0xF81F,0xF81F,0xF81F,0xF81F,0xF81F,0xF81F,0xF81F,0xF81F,0xF81F,0xF81F,0xF81F,0xF81F,
    0xF81F,0xF81F,0xF81F,0xF81F,0xF81F,0xF81F,0xF81F,0xF81F,0xF81F,0xF81F,0xF81F,0xF81F,
    0xF81F,0xF81F,0xF81F,0xF81F,0xF81F,0xF81F,0xF81F,0xF81F,0xF81F,0xF81F,0xF81F,0xF81F,
    0xF81F,0xF81F,0xF81F,0xF81F,0xF81F,0xF81F,0xF81F,0xF81F,0xF81F,0xF81F,0xF81F,0xF81F,
    0xF81F,0xF81F,0xF81F,0xF81F,0xF81F,0xF81F,0xF81F,0xF81F,0xF81F,0xF81F,0xF81F,0xF81F,
    0xF81F,0xF81F,0xF81F,0xF81F,0xF81F,0xF81F,0xF81F,0xF81F,0xF81F,0xF81F,0xF81F,0xF81F,
    0xF81F,0xF81F,0xF81F,0xF81F,0xF81F,0xF81F,0xF81F,0xF81F,0xF81F,0xF81F,0xF81F,0xF81F,
    0xF81F,0xF81F,0xF81F,0xF81F,0xF81F,0xF81F,0xF81F,0xF81F,0xF81F,0xF81F,0xF81F,0xF81F,
    0xF81F,0xF81F,0xF81F,0xF81F,0xF81F,0x09E8,0x09E8,0x09E8,0x09E8,0x09E8,0x09E8,0x09E8,
    0x09E8,0xF81F,0xF81F,0xF81F,0xF81F,0xF81F,0xF81F,0xF81F,0xF81F,0xF81F,0xF81F,0xF81F,
    0xF81F,0xF81F,0xF81F,0xF81F,0xF81F,0xF81F,0xF81F,0xF81F,0xF81F,0xF81F,0xF81F,0xF81F,
    0xF81F,0xF81F,0xF81F,0xF81F,0xF81F,0x09E8,0x09E8,0x09E8,0x09E8,0x09E8,0x09E8,0x09E8,
    0x09E8,0xF81F,0xF81F,0xF81F,0xF81F,0xF81F,0xF81F,0xF81F,0xF81F,0xF81F,0xF81F,0xF81F,
    0xF81F,0xF81F,0xF81F,0xF81F,0xF81F,0xF81F,0xF81F,0xF81F,0xF81F,0xF81F,0xF81F,0xF81F,
    0xF81F,0xF81F,0xF81F,0xF81F,0xF81F,0xF81F,0xF81F,0xF81F,0xF81F,0xF81F,0xF81F,0xF81F,
    0xF81F,0xF81F,0xF81F,0xF81F,0xF81F,0xF81F,0xF81F,0xF81F,0xF81F,0xF81F,0xF81F,0xF81F,
    0xF81F,0xF81F,0xF81F,0xF81F,0xF81F,0xF81F,0xF81F,0xF81F,0xF81F,0xF81F,0xF81F,0xF81F,
    0xF81F,0xF81F,0xF81F,0xF81F,0xF81F,0xF81F,0xF81F,0xF81F,0xF81F,0xF81F,0xF81F,0xF81F,
    0xF81F,0xF81F,0xF81F,0xF81F,0xF81F,0xF81F,0xF81F,0xF81F,0xF81F,0xF81F,0xF81F,0xF81F,
    0xF81F,0xF81F,0xF81F,0xF81F,0xF81F,0xF81F,0xF81F,0xF81F,0xF81F,0xF81F,0xF81F,0xF81F,
    0xF81F,0xF81F,0xF81F,0xF81F,0xF81F,0xF81F,0xF81F,0xF81F,0xF81F,0xF81F,0xF81F,0xF81F,
    0xF81F,0xF81F,0xF81F,0xF81F,0xF81F,0xF81F,0xF81F,0xF81F,0xF81F,0xF81F,0xF81F,0xF81F,
    0xF81F,0xF81F,0xF81F,0xF81F,0xF81F,0xF81F,0xF81F,0xF81F,0xF81F,0xF81F,0xF81F,0xF81F,
    0xF81F,0xF81F,0xF81F,0xF81F,0xF81F,0xF81F,0xF81F,0xF81F,0xF81F,0xF81F,0xF81F,0xF81F,
    0xF81F,0xF81F,0xF81F,0xF81F,0xF81F,0xF81F,0xF81F,0xF81F,0xF81F,0xF81F,0xF81F,0xF81F,
    0xF81F,0xF81F,0xF81F,0xF81F,0xF81F,0xF81F,0xF81F,0xF81F,0xF81F,0xF81F,0xF81F,0xF81F,
    0xF81F,0xF81F,0xF81F,0xF81F,0xF81F,0xF81F,0xF81F,0xF81F,0xF81F,0xF81F,0xF81F,0xF81F,
    0xF81F,0xF81F,0xF81F,0xF81F,0xF81F,0xF81F,0xF81F,0xF81F,0xF81F,0xF81F,0xF81F,0xF81F,
    0xF81F,0xF81F,0xF81F,0xF81F,0xF81F,0xF81F,0xF81F,0xF81F,0xF81F,0xF81F,0xF81F,0xF81F,
    0xF81F,0xF81F,0xF81F,0xF81F,0xF81F,0xF81F,0xF81F,0xF81F,0xF81F,0xF81F,0xF81F,0xF81F,
    0xF81F,0xF81F,0xF81F,0xF81F,0xF81F,0xF81F,0xF81F,0xF81F,0xF81F,0xF81F,0xF81F,0xF81F,
    0xF81F,0xF81F,0xF81F,0xF81F,0xF81F,0xF81F,0xF81F,0xF81F,0xF81F,0xF81F,0xF81F,0xF81F,
    0xF81F,0xF81F,0xF81F,0xF81F,0xF81F,0xF81F,0xF81F,0xF81F,0xF81F,0xF81F,0xF81F,0xF81F,
    0xF81F,0xF81F,0xF81F,0xF81F,0xF81F,0xF81F,0xF81F,0xF81F,0xF81F,0xF81F,0xF81F,0xF81F,
    0xF81F,0xF81F,0xF81F,0xF81F,0xF81F,0xF81F,0xF81F,0xF81F,0xF81F,0xF81F,0xF81F,0xF81F,
    0xF81F,0xF81F,0xF81F,0xF81F,0xF81F,0xF81F,0xF81F,0xF81F,0xF81F,0xF81F,0xF81F,0xF81F,
    0xF81F,0xF81F,0xF81F,0xF81F,0xF81F,0xF81F,0xF81F,0xF81F,0xF81F,0xF81F,0xF81F,0xF81F,
    0xF81F,0xF81F,0xF81F,0xF81F,0xF81F,0xF81F,0xF81F,0xF81F,0xF81F,0xF81F,0xF81F,0xF81F,
    0xF81F,0xF81F,0xF81F,0xF81F,0xF81F,0xF81F,0xF81F,0xF81F,0xF81F,0xF81F,0xF81F,0xF81F,
    0xF81F,0xF81F,0xF81F,0xF81F,0xF81F,0xF81F,0xF81F,0xF81F,0xF81F,0xF81F,0xF81F,0xF81F,
    0xF81F,0xF81F,0xF81F,0xF81F,0xF81F,0xF81F,0xF81F,0xF81F,0xF81F,0xF81F,0xF81F,0xF81F,
    0xF81F,0xF81F,0xF81F,0xF81F,0xF81F,0xF81F,0xF81F,0xF81F,0xF81F,0xF81F,0xF81F,0xF81F,
    0xF81F,0xF81F,0xF81F,0xF81F,0xF81F,0xF81F,0xF81F,0xF81F,0xF81F,0xF81F,0xF81F,0xF81F,
    0xF81F,0xF81F,0xF81F,0xF81F,0xF81F,0xF81F,0xF81F,0xF81F,0xF81F,0xF81F,0xF81F,0xF81F,
    0xF81F,0xF81F,0xF81F,0xF81F,0xF81F,0xF81F,0xF81F,0xF81F,0xF81F,0xF81F,0xF81F,0xF81F,
    0xF81F,0xF81F,0xF81F,0xF81F,0xF81F,0xF81F,0xF81F,0xF81F,0xF81F,0xF81F,0xF81F,0xF81F,
    0xF81F,0xF81F,0xF81F,0xF81F,0xF81F,0xF81F,0xF81F,0xF81F,0xF81F,0xF81F,0xF81F,0xF81F,
    0xF81F,0xF81F,0xF81F,0xF81F,0xF81F,0xF81F,0xF81F,0xF81F,0xF81F,0xF81F,0xF81F,0xF81F,
    0xF81F,0xF81F,0xF81F,0xF81F,0xF81F,0xF81F,0xF81F,0xF81F,0xF81F,0xF81F,0xF81F,0xF81F,
    0xF81F,0xF81F,0xF81F,0xF81F,0xF81F,0xF81F,0xF81F,0xF81F,0xF81F,0xF81F,0xF81F,0xF81F,
    0xF81F,0xF81F,0xF81F,0xF81F,0xF81F,0xF81F,0xF81F,0xF81F,0xF81F,0xF81F,0xF81F,0xF81F,
    0xF81F,0xF81F,0xF81F,0xF81F,0xF81F,0xF81F,0xF81F,0xF81F,0xF81F,0xF81F,0xF81F,0xF81F,
    0xF81F,0xF81F,0xF81F,0xF81F,0xF81F,0xF81F,0xF81F,0xF81F,0xF81F,0xF81F,0xF81F,0xF81F,
    0xF81F,0xF81F,0xF81F,0xF81F,0xF81F,0xF81F,0xF81F,0xF81F,0xF81F,0xF81F,0xF81F,0xF81F,
    0xF81F,0xF81F,0xF81F,0xF81F,0xF81F,0xF81F,0xF81F,0xF81F,0xF81F,0xF81F,0xF81F,0xF81F,
    0xF81F,0xF81F,0xF81F,0xF81F,0xF81F,0xF81F,0xF81F,0xF81F,0xF81F,0xF81F,0xF81F,0xF81F,
    0xF81F,0xF81F,0xF81F,0xF81F,0xF81F,0xF81F,0xF81F,0xF81F,0xF81F,0xF81F,0xF81F,0xF81F,
    0xF81F,0xF81F,0xF81F,0xF81F,0xF81F,0xF81F,0xF81F,0xF81F,0xF81F,0xF81F,0xF81F,0xF81F,
    0xF81F,0xF81F,0xF81F,0xF81F,0xF81F,0xF81F,0xF81F,0xF81F,0xF81F,0xF81F,0xF81F,0xF81F,
    0xF81F,0xF81F,0xF81F,0xF81F,0xF81F,0xF81F,0xF81F,0xF81F,0xF81F,0xF81F,0xF81F,0xF81F,
    0xF81F,0xF81F,0xF81F,0xF81F,0xF81F,0xF81F,0xF81F,0xF81F,0xF81F,0xF81F,0xF81F,0xF81F,
    0xF81F,0xF81F,0xF81F,0xF81F,0xF81F,0xF81F,0xF81F,0xF81F,0xF81F,0xF81F,0xF81F,0xF81F,
    0xF81F,0xF81F,0xF81F,0xF81F,0xF81F,0xF81F,0xF81F,0xF81F,0xF81F,0xF81F,0xF81F,0xF81F,
    0xF81F,0xF81F,0xF81F,0xF81F,0xF81F,0xF81F,0xF81F,0xF81F,0xF81F,0xF81F,0xF81F,0xF81F,
    0xF81F,0xF81F,0xF81F,0xF81F,0xF81F,0xF81F,0xF81F,0xF81F,0xF81F,0xF81F,0xF81F,0xF81F,
    0xF81F,0xF81F,0xF81F,0xF81F,0xF81F,0xF81F,0xF81F,0xF81F,0xF81F,0xF81F,0xF81F,0xF81F,
    0xF81F,0xF81F,0xF81F,0xF81F,0xF81F,0xF81F,0xF81F,0xF81F,0xF81F,0xF81F,0xF81F,0xF81F,
    0xF81F,0xF81F,0xF81F,0xF81F,0xF81F,0xF81F,0xF81F,0xF81F,0xF81F,0xF81F,0xF81F,0xF81F,
    0xF81F,0xF81F,0xF81F,0xF81F,0xF81F,0xF81F,0xF81F,0xF81F,0xF81F,0xF81F,0xF81F,0xF81F,
    0xF81F,0xF81F,0xF81F,0xF81F,0xF81F,0xF81F,0xF81F,0xF81F,0xF81F,0xF81F,0xF81F,0xF81F,
    0xF81F,0xF81F,0xF81F,0xF81F,0xF81F,0xF81F,0xF81F,0xF81F,0xF81F,0xF81F,0xF81F,0xF81F,
    0xF81F,0xF81F,0xF81F,0xF81F,0xF81F,0xF81F,0xF81F,0xF81F,0xF81F,0xF81F,0xF81F,0xF81F,
    0xF81F,0xF81F,0xF81F,0xF81F,0xF81F,0xF81F,0xF81F,0xF81F,0xF81F,0xF81F,0xF81F,0xF81F,
    0xF81F,0xF81F,0xF81F,0xF81F,0xF81F,0xF81F,0xF81F,0xF81F,0xF81F,0xF81F,0xF81F,0xF81F,
    0xF81F,0xF81F,0xF81F,0xF81F,0xF81F,0xF81F,0xF81F,0xF81F,0xF81F,0xF81F,0xF81F,0xF81F,
    0xF81F,0xF81F,0xF81F,0xF81F,0xF81F,0xF81F,0xF81F,0xF81F,0xF81F,0xF81F,0xF81F,0xF81F,
    0xF81F,0xF81F,0xF81F,0xF81F,0xF81F,0xF81F,0xF81F,0xF81F,0xF81F,0xF81F,0xF81F,0xF81F,
    0xF81F,0xF81F,0xF81F,0xF81F,0xF81F,0xF81F,0xF81F,0xF81F,0xF81F,0xF81F,0xF81F,0xF81F,
    0xF81F,0xF81F,0xF81F,0xF81F,0xF81F,0xF81F,0xF81F,0xF81F,0xF81F,0xF81F,0xF81F,0xF81F,
    0xF81F,0xF81F,0xF81F,0xF81F,0xF81F,0xF81F,0xF81F,0xF81F,0xF81F,0xF81F,0xF81F,0xF81F,
    0xF81F,0xF81F,0xF81F,0xF81F,0xF81F,0xF81F,0xF81F,0xF81F,0xF81F,0xF81F,0xF81F,0xF81F,
    0xF81F,0xF81F,0xF81F,0xF81F,0xF81F,0xF81F,0xF81F,0xF81F,0xF81F,0xF81F,0xF81F,0xF81F,
    0xF81F,0xF81F,0xF81F,0xF81F,0xF81F,0xF81F,0xF81F,0xF81F,0xF81F,0xF81F,0xF81F,0xF81F,
    0xF81F,0xF81F,0xF81F,0xF81F,0xF81F,0xF81F,0xF81F,0xF81F,0xF81F,0xF81F,0xF81F,0xF81F,
    0xF81F,0xF81F,0xF81F,0xF81F,0xF81F,0xF81F,0xF81F,0xF81F,0xF81F,0xF81F,0xF81F,0xF81F,
    0xF81F,0xF81F,0xF81F,0xF81F,0xF81F,0xF81F,0xF81F,0xF81F,0xF81F,0xF81F,0xF81F,0xF81F,
    0xF81F,0xF81F,0xF81F,0xF81F,0xF81F,0xF81F,0xF81F,0xF81F,0xF81F,0xF81F,0xF81F,0xF81F,
    0xF81F,0xF81F,0xF81F,0xF81F,0xF81F,0xF81F,0xF81F,0xF81F,0xF81F,0xF81F,0xF81F,0xF81F,
    0xF81F,0xF81F,0xF81F,0xF81F,0xF81F,0xF81F,0xF81F,0xF81F,0xF81F,0xF81F,0xF81F,0xF81F,
    0xF81F,0xF81F,0xF81F,0xF81F,0xF81F,0xF81F,0xF81F,0xF81F,0xF81F,0xF81F,0xF81F,0xF81F,
    0xF81F,0xF81F,0xF81F,0xF81F,0xF81F,0xF81F,0xF81F,0xF81F,0xF81F,0xF81F,0xF81F,0xF81F,
    0xF81F,0xF81F,0xF81F,0xF81F,0xF81F,0xF81F,0xF81F,0xF81F,0xF81F,0xF81F,0xF81F,0xF81F,
    0xF81F,0xF81F,0xF81F,0xF81F,0xF81F,0xF81F,0xF81F,0xF81F,0xF81F,0xF81F,0xF81F,0xF81F,
    0xF81F,0xF81F,0xF81F,0xF81F,0xF81F,0xF81F,0xF81F,0xF81F,0xF81F,0xF81F,0xF81F,0xF81F,
    0xF81F,0xF81F,0xF81F,0xF81F,0xF81F,0xF81F,0xF81F,0xF81F,0xF81F,0xF81F,0xF81F,0xF81F,
    0xF81F,0xF81F,0xF81F,0xF81F,0xF81F,0xF81F,0xF81F,0xF81F,0xF81F,0xF81F,0xF81F,0xF81F,
    0xF81F,0xF81F,0xF81F,0xF81F,0xF81F,0xF81F,0xF81F,0xF81F,0xF81F,0xF81F,0xF81F,0xF81F,
    0xF81F,0xF81F,0xF81F,0xF81F,0xF81F,0xF81F,0xF81F,0xF81F,0xF81F,0xF81F,0xF81F,0xF81F,
    0xF81F,0xF81F,0xF81F,0xF81F,0xF81F,0xF81F,0xF81F,0xF81F,0xF81F,0xF81F,0xF81F,0xF81F,
    0xF81F,0xF81F,0xF81F,0xF81F,0xF81F,0xF81F,0xF81F,0xF81F,0xF81F,0xF81F,0xF81F,0xF81F,
    0xF81F,0xF81F,0xF81F,0xF81F,0xF81F,0xF81F,0xF81F,0xF81F,0xF81F,0xF81F,0xF81F,0xF81F,
    0xF81F,0xF81F,0xF81F,0xF81F,0xF81F,0xF81F,0xF81F,0xF81F,0xF81F,0xF81F,0xF81F,0xF81F,
    0xF81F,0xF81F,0xF81F,0xF81F,0xF81F,0xF81F,0xF81F,0xF81F,0xF81F,0xF81F,0xF81F,0xF81F,
    0xF81F,0xF81F,0xF81F,0xF81F,0xF81F,0xF81F,0xF81F,0xF81F,0xF81F,0xF81F,0xF81F,0xF81F,
    0xF81F,0xF81F,0xF81F,0xF81F,0xF81F,0xF81F,0xF81F,0xF81F,0xF81F,0xF81F,0xF81F,0xF81F,
    0xF81F,0xF81F,0xF81F,0xF81F,0xF81F,0xF81F,0xF81F,0xF81F,0xF81F,0xF81F,0xF81F,0xF81F,
    0xF81F,0xF81F,0xF81F,0xF81F,0xF81F,0xF81F,0xF81F,0xF81F,0xF81F,0xF81F,0xF81F,0xF81F,
    0xF81F,0xF81F,0xF81F,0xF81F,0xF81F,0xF81F,0xF81F,0xF81F,0xF81F,0xF81F,0xF81F,0xF81F,
    0xF81F,0xF81F,0xF81F,0xF81F,0xF81F,0xF81F,0xF81F,0xF81F,0xF81F,0xF81F,0xF81F,0xF81F,
    0xF81F,0xF81F,0xF81F,0xF81F,0xF81F,0xF81F,0xF81F,0xF81F,0xF81F,0xF81F,0xF81F,0xF81F,
    0xF81F,0xF81F,0xF81F,0xF81F,0xF81F,0xF81F,0xF81F,0xF81F,0xF81F,0xF81F,0xF81F,0xF81F,
    0xF81F,0xF81F,0xF81F,0xF81F,0xF81F,0xF81F,0xF81F,0xF81F,0xF81F,0xF81F,0xF81F,0xF81F,
    0xF81F,0xF81F,0xF81F,0xF81F,0xF81F,0xF81F,0xF81F,0xF81F,0xF81F,0xF81F,0xF81F,0xF81F,
    0xF81F,0xF81F,0xF81F,0xF81F,0xF81F,0xF81F,0xF81F,0xF81F,0xF81F,0xF81F,0xF81F,0xF81F,
    0xF81F,0xF81F,0xF81F,0xF81F,0xF81F,0xF81F,0xF81F,0xF81F,0xF81F,0xF81F,0xF81F,0xF81F,
    0xF81F,0xF81F,0xF81F,0xF81F,0xF81F,0xF81F,0xF81F,0xF81F,0xF81F,0xF81F,0xF81F,0xF81F,
    0xF81F,0xF81F,0xF81F,0xF81F,0xF81F,0xF81F,0xF81F,0xF81F,0xF81F,0xF81F,0xF81F,0xF81F,
    0xF81F,0xF81F,0xF81F,0xF81F,0xF81F,0xF81F,0xF81F,0xF81F,0xF81F,0xF81F,0xF81F,0xF81F,
    0xF81F,0xF81F,0xF81F,0xF81F,0xF81F,0xF81F,0xF81F,0xF81F,0xF81F,0xF81F,0xF81F,0xF81F,
    0xF81F,0xF81F,0xF81F,0xF81F,0xF81F,0xF81F,0xF81F,0xF81F,0xF81F,0xF81F,0xF81F,0xF81F,
    0xF81F,0xF81F,0xF81F,0xF81F,0xF81F,0xF81F,0xF81F,0xF81F,0xF81F,0xF81F,0xF81F,0xF81F,
    0xF81F,0xF81F,0xF81F,0xF81F,0xF81F,0xF81F,0xF81F,0xF81F,0xF81F,0xF81F,0xF81F,0xF81F,
    0xF81F,0xF81F,0xF81F,0xF81F,0xF81F,0xF81F,0xF81F,0xF81F,0xF81F,0xF81F,0xF81F,0xF81F,
    0xF81F,0xF81F,0xF81F,0xF81F,0xF81F,0xF81F,0xF81F,0xF81F,0xF81F,0xF81F,0xF81F,0xF81F,
    0xF81F,0xF81F,0xF81F,0xF81F,0xF81F,0xF81F,0xF81F,0xF81F,0xF81F,0xF81F,0xF81F,0xF81F,
    0xF81F,0xF81F,0xF81F,0xF81F,0xF81F,0xF81F,0xF81F,0xF81F,0xF81F,0xF81F,0xF81F,0xF81F,
    0xF81F,0xF81F,0xF81F,0xF81F,0xF81F,0xF81F,0xF81F,0xF81F,0xF81F,0xF81F,0xF81F,0xF81F,
    0xF81F,0xF81F,0xF81F,0xF81F,0xF81F,0xF81F,0xF81F,0xF81F,0xF81F,0xF81F,0xF81F,0xF81F,
    0xF81F,0xF81F,0xF81F,0xF81F,0xF81F,0xF81F,0xF81F,0xF81F,0xF81F,0xF81F,0xF81F,0xF81F,
    0xF81F,0xF81F,0xF81F,0xF81F,0xF81F,0xF81F,0xF81F,0xF81F,0xF81F,0xF81F,0xF81F,0xF81F,
    0xF81F,0xF81F,0xF81F,0xF81F,0xF81F,0xF81F,0xF81F,0xF81F,0xF81F,0xF81F,0xF81F,0xF81F,
    0xF81F,0xF81F,0xF81F,0xF81F,0xF81F,0xF81F,0xF81F,0xF81F,0xF81F,0xF81F,0xF81F,0xF81F,
    0xF81F,0xF81F,0xF81F,0xF81F,0xF81F,0xF81F,0xF81F,0xF81F,0xF81F,0xF81F,0xF81F,0xF81F,
    0xF81F,0xF81F,0xF81F,0xF81F,0xF81F,0xF81F,0xF81F,0xF81F,0xF81F,0xF81F,0xF81F,0xF81F,
    0xF81F,0xF81F,0xF81F,0xF81F,0xF81F,0xF81F,0xF81F,0xF81F,0xF81F,0xF81F,0xF81F,0xF81F,
    0xF81F,0xF81F,0xF81F,0xF81F,0xF81F,0xF81F,0xF81F,0xF81F,0xF81F,0xF81F,0xF81F,0xF81F,
    0xF81F,0xF81F,0xF81F,0xF81F,0xF81F,0xF81F,0xF81F,0xF81F,0xF81F,0xF81F,0xF81F,0xF81F,
    0xF81F,0xF81F,0xF81F,0xF81F,0xF81F,0xF81F,0xF81F,0xF81F,0xF81F,0xF81F,0xF81F,0xF81F,
    0xF81F,0xF81F,0xF81F,0xF81F,0xF81F,0xF81F,0xF81F,0xF81F,0xF81F,0xF81F,0xF81F,0xF81F,
    0xF81F,0xF81F,0xF81F,0xF81F,0xF81F,0xF81F,0xF81F,0xF81F,0xF81F,0xF81F,0xF81F,0xF81F,
    0xF81F,0xF81F,0xF81F,0xF81F,0xF81F,0xF81F,0xF81F,0xF81F,0xF81F,0xF81F,0xF81F,0xF81F,
    0xF81F,0xF81F,0xF81F,0xF81F,0xF81F,0xF81F,0xF81F,0xF81F,0xF81F,0xF81F,0xF81F,0xF81F,
    0xF81F,0xF81F,0xF81F,0xF81F,0xF81F,0xF81F,0xF81F,0xF81F,0xF81F,0xF81F,0xF81F,0xF81F,
    0xF81F,0xF81F,0xF81F,0xF81F,0xF81F,0xF81F,0xF81F,0xF81F,0xF81F,0xF81F,0xF81F,0xF81F,
    0xF81F,0xF81F,0xF81F,0xF81F,0xF81F,0xF81F,0xF81F,0xF81F,0xF81F,0xF81F,0xF81F,0xF81F,
    0xF81F,0xF81F,0xF81F,0xF81F,0xF81F,0xF81F,0xF81F,0xF81F,0xF81F,0xF81F,0xF81F,0xF81F,
    0xF81F,0xF81F,0xF81F,0xF81F,0xF81F,0xF81F,0xF81F,0xF81F,0xF81F,0xF81F,0xF81F,0xF81F,
    0xF81F,0xF81F,0xF81F,0xF81F,0xF81F,0xF81F,0xF81F,0xF81F,0xF81F,0xF81F,0xF81F,0xF81F,
    0xF81F,0xF81F,0xF81F,0xF81F,0xF81F,0xF81F,0xF81F,0xF81F,0xF81F,0xF81F,0xF81F,0xF81F,
    0xF81F,0xF81F,0xF81F,0xF81F,0xF81F,0xF81F,0xF81F,0xF81F,0xF81F,0xF81F,0xF81F,0xF81F,
    0xF81F,0xF81F,0xF81F,0xF81F,0xF81F,0xF81F,0xF81F,0xF81F,0xF81F,0xF81F,0xF81F,0xF81F,
    0xF81F,0xF81F,0xF81F,0xF81F,0xF81F,0xF81F,0xF81F,0xF81F,0xF81F,0xF81F,0xF81F,0xF81F,
    0xF81F,0xF81F,0xF81F,0xF81F,0xF81F,0xF81F,0xF81F,0xF81F,0xF81F,0xF81F,0xF81F,0xF81F,
    0xF81F,0xF81F,0xF81F,0xF81F,0xF81F,0xF81F,0xF81F,0xF81F,0xF81F,0xF81F,0xF81F,0xF81F,
};
inline const uint16_t img_idle_1[22500] = {
    0xF81F,0xF81F,0xF81F,0xF81F,0xF81F,0xF81F,0xF81F,0xF81F,0xF81F,0xF81F,0xF81F,0xF81F,
    0xF81F,0xF81F,0xF81F,0xF81F,0xF81F,0xF81F,0xF81F,0xF81F,0xF81F,0xF81F,0xF81F,0xF81F,
    0xF81F,0xF81F,0xF81F,0xF81F,0xF81F,0xF81F,0xF81F,0xF81F,0xF81F,0xF81F,0xF81F,0xF81F,
    0xF81F,0xF81F,0xF81F,0xF81F,0xF81F,0xF81F,0xF81F,0xF81F,0xF81F,0xF81F,0xF81F,0xF81F,
    0xF81F,0xF81F,0xF81F,0xF81F,0xF81F,0xF81F,0xF81F,0xF81F,0xF81F,0xF81F,0xF81F,0xF81F,
    0xF81F,0xF81F,0xF81F,0xF81F,0xF81F,0xF81F,0xF81F,0xF81F,0xF81F,0xF81F,0xF81F,0xF81F,
    0xF81F,0xF81F,0xF81F,0xF81F,0xF81F,0xF81F,0xF81F,0xF81F,0xF81F,0xF81F,0xF81F,0xF81F,
    0xF81F,0xF81F,0xF81F,0xF81F,0xF81F,0xF81F,0xF81F,0xF81F,0xF81F,0xF81F,0xF81F,0xF81F,
    0xF81F,0xF81F,0xF81F,0xF81F,0xF81F,0xF81F,0xF81F,0xF81F,0xF81F,0xF81F,0xF81F,0xF81F,
    0xF81F,0xF81F,0xF81F,0xF81F,0xF81F,0xF81F,0xF81F,0xF81F,0xF81F,0xF81F,0xF81F,0xF81F,
    0xF81F,0xF81F,0xF81F,0xF81F,0xF81F,0xF81F,0xF81F,0xF81F,0xF81F,0xF81F,0xF81F,0xF81F,
    0xF81F,0xF81F,0xF81F,0xF81F,0xF81F,0xF81F,0xF81F,0xF81F,0xF81F,0xF81F,0xF81F,0xF81F,
    0xF81F,0xF81F,0xF81F,0xF81F,0xF81F,0xF81F,0xF81F,0xF81F,0xF81F,0xF81F,0xF81F,0xF81F,
    0xF81F,0xF81F,0xF81F,0xF81F,0xF81F,0xF81F,0xF81F,0xF81F,0xF81F,0xF81F,0xF81F,0xF81F,
    0xF81F,0xF81F,0xF81F,0xF81F,0xF81F,0xF81F,0xF81F,0xF81F,0xF81F,0xF81F,0xF81F,0xF81F,
    0xF81F,0xF81F,0xF81F,0xF81F,0xF81F,0xF81F,0xF81F,0xF81F,0xF81F,0xF81F,0xF81F,0xF81F,
    0xF81F,0xF81F,0xF81F,0xF81F,0xF81F,0xF81F,0xF81F,0xF81F,0xF81F,0xF81F,0xF81F,0xF81F,
    0xF81F,0xF81F,0xF81F,0xF81F,0xF81F,0xF81F,0xF81F,0xF81F,0xF81F,0xF81F,0xF81F,0xF81F,
    0xF81F,0xF81F,0xF81F,0xF81F,0xF81F,0xF81F,0xF81F,0xF81F,0xF81F,0xF81F,0xF81F,0xF81F,
    0xF81F,0xF81F,0xF81F,0xF81F,0xF81F,0xF81F,0xF81F,0xF81F,0xF81F,0xF81F,0xF81F,0xF81F,
    0xF81F,0xF81F,0xF81F,0xF81F,0xF81F,0xF81F,0xF81F,0xF81F,0xF81F,0xF81F,0xF81F,0xF81F,
    0xF81F,0xF81F,0xF81F,0xF81F,0xF81F,0xF81F,0xF81F,0xF81F,0xF81F,0xF81F,0xF81F,0xF81F,
    0xF81F,0xF81F,0xF81F,0xF81F,0xF81F,0xF81F,0xF81F,0xF81F,0xF81F,0xF81F,0xF81F,0xF81F,
    0xF81F,0xF81F,0xF81F,0xF81F,0xF81F,0xF81F,0xF81F,0xF81F,0xF81F,0xF81F,0xF81F,0xF81F,
    0xF81F,0xF81F,0xF81F,0xF81F,0xF81F,0xF81F,0xF81F,0xF81F,0xF81F,0xF81F,0xF81F,0xF81F,
    0xF81F,0xF81F,0xF81F,0xF81F,0xF81F,0xF81F,0xF81F,0xF81F,0xF81F,0xF81F,0xF81F,0xF81F,
    0xF81F,0xF81F,0xF81F,0xF81F,0xF81F,0xF81F,0xF81F,0xF81F,0xF81F,0xF81F,0xF81F,0xF81F,
    0xF81F,0xF81F,0xF81F,0xF81F,0xF81F,0xF81F,0xF81F,0xF81F,0xF81F,0xF81F,0xF81F,0xF81F,
    0xF81F,0xF81F,0xF81F,0xF81F,0xF81F,0xF81F,0xF81F,0xF81F,0xF81F,0xF81F,0xF81F,0xF81F,
    0xF81F,0xF81F,0xF81F,0xF81F,0xF81F,0xF81F,0xF81F,0xF81F,0xF81F,0xF81F,0xF81F,0xF81F,
    0xF81F,0xF81F,0xF81F,0xF81F,0xF81F,0xF81F,0xF81F,0xF81F,0xF81F,0xF81F,0xF81F,0xF81F,
    0xF81F,0xF81F,0xF81F,0xF81F,0xF81F,0xF81F,0xF81F,0xF81F,0xF81F,0xF81F,0xF81F,0xF81F,
    0xF81F,0xF81F,0xF81F,0xF81F,0xF81F,0xF81F,0xF81F,0xF81F,0xF81F,0xF81F,0xF81F,0xF81F,
    0xF81F,0xF81F,0xF81F,0xF81F,0xF81F,0xF81F,0xF81F,0xF81F,0xF81F,0xF81F,0xF81F,0xF81F,
    0xF81F,0xF81F,0xF81F,0xF81F,0xF81F,0xF81F,0xF81F,0xF81F,0xF81F,0xF81F,0xF81F,0xF81F,
    0xF81F,0xF81F,0xF81F,0xF81F,0xF81F,0xF81F,0xF81F,0xF81F,0xF81F,0xF81F,0xF81F,0xF81F,
    0xF81F,0xF81F,0xF81F,0xF81F,0xF81F,0xF81F,0xF81F,0xF81F,0xF81F,0xF81F,0xF81F,0xF81F,
    0xF81F,0xF81F,0xF81F,0xF81F,0xF81F,0xF81F,0xF81F,0xF81F,0xF81F,0xF81F,0xF81F,0xF81F,
    0xF81F,0xF81F,0xF81F,0xF81F,0xF81F,0xF81F,0xF81F,0xF81F,0xF81F,0xF81F,0xF81F,0xF81F,
    0xF81F,0xF81F,0xF81F,0xF81F,0xF81F,0xF81F,0xF81F,0xF81F,0xF81F,0xF81F,0xF81F,0xF81F,
    0xF81F,0xF81F,0xF81F,0xF81F,0xF81F,0xF81F,0xF81F,0xF81F,0xF81F,0xF81F,0xF81F,0xF81F,
    0xF81F,0xF81F,0xF81F,0xF81F,0xF81F,0xF81F,0xF81F,0xF81F,0xF81F,0xF81F,0xF81F,0xF81F,
    0xF81F,0xF81F,0xF81F,0xF81F,0xF81F,0xF81F,0xF81F,0xF81F,0xF81F,0xF81F,0xF81F,0xF81F,
    0xF81F,0xF81F,0xF81F,0xF81F,0xF81F,0xF81F,0xF81F,0xF81F,0xF81F,0xF81F,0xF81F,0xF81F,
    0xF81F,0xF81F,0xF81F,0xF81F,0xF81F,0xF81F,0xF81F,0xF81F,0xF81F,0xF81F,0xF81F,0xF81F,
    0xF81F,0xF81F,0xF81F,0xF81F,0xF81F,0xF81F,0xF81F,0xF81F,0xF81F,0xF81F,0xF81F,0xF81F,
    0xF81F,0xF81F,0xF81F,0xF81F,0xF81F,0xF81F,0xF81F,0xF81F,0xF81F,0xF81F,0xF81F,0xF81F,
    0xF81F,0xF81F,0xF81F,0xF81F,0xF81F,0xF81F,0xF81F,0xF81F,0xF81F,0xF81F,0xF81F,0xF81F,
    0xF81F,0xF81F,0xF81F,0xF81F,0xF81F,0xF81F,0xF81F,0xF81F,0xF81F,0xF81F,0xF81F,0xF81F,
    0xF81F,0xF81F,0xF81F,0xF81F,0xF81F,0xF81F,0xF81F,0xF81F,0xF81F,0xF81F,0xF81F,0xF81F,
    0xF81F,0xF81F,0xF81F,0xF81F,0xF81F,0xF81F,0xF81F,0xF81F,0xF81F,0xF81F,0xF81F,0xF81F,
    0xF81F,0xF81F,0xF81F,0xF81F,0xF81F,0xF81F,0xF81F,0xF81F,0xF81F,0xF81F,0xF81F,0xF81F,
    0xF81F,0xF81F,0xF81F,0xF81F,0xF81F,0xF81F,0xF81F,0xF81F,0xF81F,0xF81F,0xF81F,0xF81F,
    0xF81F,0xF81F,0xF81F,0xF81F,0xF81F,0xF81F,0xF81F,0xF81F,0xF81F,0xF81F,0xF81F,0xF81F,
    0xF81F,0xF81F,0xF81F,0xF81F,0xF81F,0xF81F,0xF81F,0xF81F,0xF81F,0xF81F,0xF81F,0xF81F,
    0xF81F,0xF81F,0xF81F,0xF81F,0xF81F,0xF81F,0xF81F,0xF81F,0xF81F,0xF81F,0xF81F,0xF81F,
    0xF81F,0xF81F,0xF81F,0xF81F,0xF81F,0xF81F,0xF81F,0xF81F,0xF81F,0xF81F,0xF81F,0xF81F,
    0xF81F,0xF81F,0xF81F,0xF81F,0xF81F,0xF81F,0xF81F,0xF81F,0xF81F,0xF81F,0xF81F,0xF81F,
    0xF81F,0xF81F,0xF81F,0xF81F,0xF81F,0xF81F,0xF81F,0xF81F,0xF81F,0xF81F,0xF81F,0xF81F,
    0xF81F,0xF81F,0xF81F,0xF81F,0xF81F,0xF81F,0xF81F,0xF81F,0xF81F,0xF81F,0xF81F,0xF81F,
    0xF81F,0xF81F,0xF81F,0xF81F,0xF81F,0xF81F,0xF81F,0xF81F,0xF81F,0xF81F,0xF81F,0xF81F,
    0xF81F,0xF81F,0xF81F,0xF81F,0xF81F,0xF81F,0xF81F,0xF81F,0xF81F,0xF81F,0xF81F,0xF81F,
    0xF81F,0xF81F,0xF81F,0xF81F,0xF81F,0xF81F,0xF81F,0xF81F,0xF81F,0xF81F,0xF81F,0xF81F,
    0xF81F,0xF81F,0xF81F,0xF81F,0xF81F,0xF81F,0xF81F,0xF81F,0xF81F,0xF81F,0xF81F,0xF81F,
    0xF81F,0xF81F,0xF81F,0xF81F,0xF81F,0xF81F,0xF81F,0xF81F,0xF81F,0xF81F,0xF81F,0xF81F,
    0xF81F,0xF81F,0xF81F,0xF81F,0xF81F,0xF81F,0xF81F,0xF81F,0xF81F,0xF81F,0xF81F,0xF81F,
    0xF81F,0xF81F,0xF81F,0xF81F,0xF81F,0xF81F,0xF81F,0xF81F,0xF81F,0xF81F,0xF81F,0xF81F,
    0xF81F,0xF81F,0xF81F,0xF81F,0xF81F,0xF81F,0xF81F,0xF81F,0xF81F,0xF81F,0xF81F,0xF81F,
    0xF81F,0xF81F,0xF81F,0xF81F,0xF81F,0xF81F,0xF81F,0xF81F,0xF81F,0xF81F,0xF81F,0xF81F,
    0xF81F,0xF81F,0xF81F,0xF81F,0xF81F,0xF81F,0xF81F,0xF81F,0xF81F,0xF81F,0xF81F,0xF81F,
    0xF81F,0xF81F,0xF81F,0xF81F,0xF81F,0xF81F,0xF81F,0xF81F,0xF81F,0xF81F,0xF81F,0xF81F,
    0xF81F,0xF81F,0xF81F,0xF81F,0xF81F,0xF81F,0xF81F,0xF81F,0xF81F,0xF81F,0xF81F,0xF81F,
    0xF81F,0xF81F,0xF81F,0xF81F,0xF81F,0xF81F,0xF81F,0xF81F,0xF81F,0xF81F,0xF81F,0xF81F,
    0xF81F,0xF81F,0xF81F,0xF81F,0xF81F,0xF81F,0xF81F,0xF81F,0xF81F,0xF81F,0xF81F,0xF81F,
    0xF81F,0xF81F,0xF81F,0xF81F,0xF81F,0xF81F,0xF81F,0xF81F,0xF81F,0xF81F,0xF81F,0xF81F,
    0xF81F,0xF81F,0xF81F,0xF81F,0xF81F,0xF81F,0xF81F,0xF81F,0xF81F,0xF81F,0xF81F,0xF81F,
    0xF81F,0xF81F,0xF81F,0xF81F,0xF81F,0xF81F,0xF81F,0xF81F,0xF81F,0xF81F,0xF81F,0xF81F,
    0xF81F,0xF81F,0xF81F,0xF81F,0xF81F,0xF81F,0xF81F,0xF81F,0xF81F,0xF81F,0xF81F,0xF81F,
    0xF81F,0xF81F,0xF81F,0xF81F,0xF81F,0xF81F,0xF81F,0xF81F,0xF81F,0xF81F,0xF81F,0xF81F,
    0xF81F,0xF81F,0xF81F,0xF81F,0xF81F,0xF81F,0xF81F,0xF81F,0xF81F,0xF81F,0xF81F,0xF81F,
    0xF81F,0xF81F,0xF81F,0xF81F,0xF81F,0xF81F,0xF81F,0xF81F,0xF81F,0xF81F,0xF81F,0xF81F,
    0xF81F,0xF81F,0xF81F,0xF81F,0xF81F,0xF81F,0xF81F,0xF81F,0xF81F,0xF81F,0xF81F,0xF81F,
    0xF81F,0xF81F,0xF81F,0xF81F,0xF81F,0xF81F,0xF81F,0xF81F,0xF81F,0xF81F,0xF81F,0xF81F,
    0xF81F,0xF81F,0xF81F,0xF81F,0xF81F,0xF81F,0xF81F,0xF81F,0xF81F,0xF81F,0xF81F,0xF81F,
    0xF81F,0xF81F,0xF81F,0xF81F,0xF81F,0xF81F,0xF81F,0xF81F,0xF81F,0xF81F,0xF81F,0xF81F,
    0xF81F,0xF81F,0xF81F,0xF81F,0xF81F,0xF81F,0xF81F,0xF81F,0xF81F,0xF81F,0xF81F,0xF81F,
    0xF81F,0xF81F,0xF81F,0xF81F,0xF81F,0xF81F,0xF81F,0xF81F,0xF81F,0xF81F,0xF81F,0xF81F,
    0xF81F,0xF81F,0xF81F,0xF81F,0xF81F,0xF81F,0xF81F,0xF81F,0xF81F,0xF81F,0xF81F,0xF81F,
    0xF81F,0xF81F,0xF81F,0xF81F,0xF81F,0xF81F,0xF81F,0xF81F,0xF81F,0xF81F,0xF81F,0xF81F,
    0xF81F,0xF81F,0xF81F,0xF81F,0xF81F,0xF81F,0xF81F,0xF81F,0xF81F,0xF81F,0xF81F,0xF81F,
    0xF81F,0xF81F,0xF81F,0xF81F,0xF81F,0xF81F,0xF81F,0xF81F,0xF81F,0xF81F,0xF81F,0xF81F,
    0xF81F,0xF81F,0xF81F,0xF81F,0xF81F,0xF81F,0xF81F,0xF81F,0xF81F,0xF81F,0xF81F,0xF81F,
    0xF81F,0xF81F,0xF81F,0xF81F,0xF81F,0xF81F,0xF81F,0xF81F,0xF81F,0xF81F,0xF81F,0xF81F,
    0xF81F,0xF81F,0xF81F,0xF81F,0xF81F,0xF81F,0xF81F,0xF81F,0xF81F,0xF81F,0xF81F,0xF81F,
    0xF81F,0xF81F,0xF81F,0xF81F,0xF81F,0xF81F,0xF81F,0xF81F,0xF81F,0xF81F,0xF81F,0xF81F,
    0xF81F,0xF81F,0xF81F,0xF81F,0xF81F,0xF81F,0xF81F,0xF81F,0xF81F,0xF81F,0xF81F,0xF81F,
    0xF81F,0xF81F,0xF81F,0xF81F,0xF81F,0xF81F,0xF81F,0xF81F,0xF81F,0xF81F,0xF81F,0xF81F,
    0xF81F,0xF81F,0xF81F,0xF81F,0xF81F,0xF81F,0xF81F,0xF81F,0xF81F,0xF81F,0xF81F,0xF81F,
    0xF81F,0xF81F,0xF81F,0xF81F,0xF81F,0xF81F,0xF81F,0xF81F,0xF81F,0xF81F,0xF81F,0xF81F,
    0xF81F,0xF81F,0xF81F,0xF81F,0xF81F,0xF81F,0xF81F,0xF81F,0xF81F,0xF81F,0xF81F,0xF81F,
    0xF81F,0xF81F,0xF81F,0xF81F,0xF81F,0xF81F,0xF81F,0xF81F,0xF81F,0xF81F,0xF81F,0xF81F,
    0xF81F,0xF81F,0xF81F,0xF81F,0xF81F,0xF81F,0xF81F,0xF81F,0xF81F,0xF81F,0xF81F,0xF81F,
    0xF81F,0xF81F,0xF81F,0xF81F,0xF81F,0xF81F,0xF81F,0xF81F,0xF81F,0xF81F,0xF81F,0xF81F,
    0xF81F,0xF81F,0xF81F,0xF81F,0xF81F,0xF81F,0xF81F,0xF81F,0xF81F,0xF81F,0xF81F,0xF81F,
    0xF81F,0xF81F,0xF81F,0xF81F,0xF81F,0xF81F,0xF81F,0xF81F,0xF81F,0xF81F,0xF81F,0xF81F,
    0xF81F,0xF81F,0xF81F,0xF81F,0xF81F,0xF81F,0xF81F,0xF81F,0xF81F,0xF81F,0xF81F,0xF81F,
    0xF81F,0xF81F,0xF81F,0xF81F,0xF81F,0xF81F,0xF81F,0xF81F,0xF81F,0xF81F,0xF81F,0xF81F,
    0xF81F,0xF81F,0xF81F,0xF81F,0xF81F,0xF81F,0xF81F,0xF81F,0xF81F,0xF81F,0xF81F,0xF81F,
    0xF81F,0xF81F,0xF81F,0xF81F,0xF81F,0xF81F,0xF81F,0xF81F,0xF81F,0xF81F,0xF81F,0xF81F,
    0xF81F,0xF81F,0xF81F,0xF81F,0xF81F,0xF81F,0xF81F,0xF81F,0xF81F,0xF81F,0xF81F,0xF81F,
    0xF81F,0xF81F,0xF81F,0xF81F,0xF81F,0xF81F,0xF81F,0xF81F,0xF81F,0xF81F,0xF81F,0xF81F,
    0xF81F,0xF81F,0xF81F,0xF81F,0xF81F,0xF81F,0xF81F,0xF81F,0xF81F,0xF81F,0xF81F,0xF81F,
    0xF81F,0xF81F,0xF81F,0xF81F,0xF81F,0xF81F,0xF81F,0xF81F,0xF81F,0xF81F,0xF81F,0xF81F,
    0xF81F,0xF81F,0xF81F,0xF81F,0xF81F,0xF81F,0xF81F,0xF81F,0xF81F,0xF81F,0xF81F,0xF81F,
    0xF81F,0xF81F,0xF81F,0xF81F,0xF81F,0xF81F,0xF81F,0xF81F,0xF81F,0xF81F,0xF81F,0xF81F,
    0xF81F,0xF81F,0xF81F,0xF81F,0xF81F,0xF81F,0xF81F,0xF81F,0xF81F,0xF81F,0xF81F,0xF81F,
    0xF81F,0xF81F,0xF81F,0xF81F,0xF81F,0xF81F,0xF81F,0xF81F,0xF81F,0xF81F,0xF81F,0xF81F,
    0xF81F,0xF81F,0xF81F,0xF81F,0xF81F,0xF81F,0xF81F,0xF81F,0xF81F,0xF81F,0xF81F,0xF81F,
    0xF81F,0xF81F,0xF81F,0xF81F,0xF81F,0xF81F,0xF81F,0xF81F,0xF81F,0xF81F,0xF81F,0xF81F,
    0xF81F,0xF81F,0xF81F,0xF81F,0xF81F,0xF81F,0xF81F,0xF81F,0xF81F,0xF81F,0xF81F,0xF81F,
    0xF81F,0xF81F,0xF81F,0xF81F,0xF81F,0xF81F,0xF81F,0xF81F,0xF81F,0xF81F,0xF81F,0xF81F,
    0xF81F,0xF81F,0xF81F,0xF81F,0xF81F,0xF81F,0xF81F,0xF81F,0xF81F,0xF81F,0xF81F,0xF81F,
    0xF81F,0xF81F,0xF81F,0xF81F,0xF81F,0xF81F,0xF81F,0xF81F,0xF81F,0xF81F,0xF81F,0xF81F,
    0xF81F,0xF81F,0xF81F,0xF81F,0xF81F,0xF81F,0xF81F,0xF81F,0xF81F,0xF81F,0xF81F,0xF81F,
    0xF81F,0xF81F,0xF81F,0xF81F,0xF81F,0xF81F,0xF81F,0xF81F,0xF81F,0xF81F,0xF81F,0xF81F,
    0xF81F,0xF81F,0xF81F,0xF81F,0xF81F,0xF81F,0xF81F,0xF81F,0xF81F,0xF81F,0xF81F,0xF81F,
    0xF81F,0xF81F,0xF81F,0xF81F,0xF81F,0xF81F,0xF81F,0xF81F,0xF81F,0xF81F,0xF81F,0xF81F,
    0xF81F,0xF81F,0xF81F,0xF81F,0xF81F,0xF81F,0xF81F,0xF81F,0xF81F,0xF81F,0xF81F,0xF81F,
    0xF81F,0xF81F,0xF81F,0xF81F,0xF81F,0xF81F,0xF81F,0xF81F,0xF81F,0xF81F,0xF81F,0xF81F,
    0xF81F,0xF81F,0xF81F,0xF81F,0xF81F,0xF81F,0xF81F,0xF81F,0xF81F,0xF81F,0xF81F,0xF81F,
    0xF81F,0xF81F,0xF81F,0xF81F,0xF81F,0xF81F,0xF81F,0xF81F,0xF81F,0xF81F,0xF81F,0xF81F,
    0xF81F,0xF81F,0xF81F,0xF81F,0xF81F,0xF81F,0xF81F,0xF81F,0xF81F,0xF81F,0xF81F,0xF81F,
    0xF81F,0xF81F,0xF81F,0xF81F,0xF81F,0xF81F,0xF81F,0xF81F,0xF81F,0xF81F,0xF81F,0xF81F,
    0xF81F,0xF81F,0xF81F,0xF81F,0xF81F,0xF81F,0xF81F,0xF81F,0xF81F,0xF81F,0xF81F,0xF81F,
    0xF81F,0xF81F,0xF81F,0xF81F,0xF81F,0xF81F,0xF81F,0xF81F,0xF81F,0xF81F,0xF81F,0xF81F,
    0xF81F,0xF81F,0xF81F,0xF81F,0xF81F,0xF81F,0xF81F,0xF81F,0xF81F,0xF81F,0xF81F,0xF81F,
    0xF81F,0xF81F,0xF81F,0xF81F,0xF81F,0xF81F,0xF81F,0xF81F,0xF81F,0xF81F,0xF81F,0xF81F,
    0xF81F,0xF81F,0xF81F,0xF81F,0xF81F,0xF81F,0xF81F,0xF81F,0xF81F,0xF81F,0xF81F,0xF81F,
    0xF81F,0xF81F,0xF81F,0xF81F,0xF81F,0xF81F,0xF81F,0xF81F,0xF81F,0xF81F,0xF81F,0xF81F,
    0xF81F,0xF81F,0xF81F,0xF81F,0xF81F,0xF81F,0xF81F,0xF81F,0xF81F,0xF81F,0xF81F,0xF81F,
    0xF81F,0xF81F,0xF81F,0xF81F,0xF81F,0xF81F,0xF81F,0xF81F,0xF81F,0xF81F,0xF81F,0xF81F,
    0xF81F,0xF81F,0xF81F,0xF81F,0xF81F,0xF81F,0xF81F,0xF81F,0xF81F,0xF81F,0xF81F,0xF81F,
    0xF81F,0xF81F,0xF81F,0xF81F,0xF81F,0xF81F,0xF81F,0xF81F,0xF81F,0xF81F,0xF81F,0xF81F,
    0xF81F,0xF81F,0xF81F,0xF81F,0xF81F,0xF81F,0xF81F,0xF81F,0xF81F,0xF81F,0xF81F,0xF81F,
    0xF81F,0xF81F,0xF81F,0xF81F,0xF81F,0xF81F,0xF81F,0xF81F,0xF81F,0xF81F,0xF81F,0xF81F,
    0xF81F,0xF81F,0xF81F,0xF81F,0xF81F,0xF81F,0xF81F,0xF81F,0xF81F,0xF81F,0xF81F,0xF81F,
    0xF81F,0xF81F,0xF81F,0xF81F,0xF81F,0xF81F,0xF81F,0xF81F,0xF81F,0xF81F,0xF81F,0xF81F,
    0xF81F,0xF81F,0xF81F,0xF81F,0xF81F,0xF81F,0xF81F,0xF81F,0xF81F,0xF81F,0xF81F,0xF81F,
    0xF81F,0xF81F,0xF81F,0xF81F,0xF81F,0xF81F,0xF81F,0xF81F,0xF81F,0xF81F,0xF81F,0xF81F,
    0xF81F,0xF81F,0xF81F,0xF81F,0xF81F,0xF81F,0xF81F,0xF81F,0xF81F,0xF81F,0xF81F,0xF81F,
    0xF81F,0xF81F,0xF81F,0xF81F,0xF81F,0xF81F,0xF81F,0xF81F,0xF81F,0xF81F,0xF81F,0xF81F,
    0xF81F,0xF81F,0xF81F,0xF81F,0xF81F,0xF81F,0xF81F,0xF81F,0xF81F,0xF81F,0xF81F,0xF81F,
    0xF81F,0xF81F,0xF81F,0xF81F,0xF81F,0xF81F,0xF81F,0xF81F,0xF81F,0xF81F,0xF81F,0xF81F,
    0xF81F,0xF81F,0xF81F,0xF81F,0xF81F,0xF81F,0xF81F,0xF81F,0xF81F,0xF81F,0xF81F,0xF81F,
    0xF81F,0xF81F,0xF81F,0xF81F,0xF81F,0xF81F,0xF81F,0xF81F,0xF81F,0xF81F,0xF81F,0xF81F,
    0xF81F,0xF81F,0xF81F,0xF81F,0xF81F,0xF81F,0xF81F,0xF81F,0xF81F,0xF81F,0xF81F,0xF81F,
    0xF81F,0xF81F,0xF81F,0xF81F,0xF81F,0xF81F,0xF81F,0xF81F,0xF81F,0xF81F,0xF81F,0xF81F,
    0xF81F,0xF81F,0xF81F,0xF81F,0xF81F,0xF81F,0xF81F,0xF81F,0xF81F,0xF81F,0xF81F,0xF81F,
    0xF81F,0xF81F,0xF81F,0xF81F,0xF81F,0xF81F,0xF81F,0xF81F,0xF81F,0xF81F,0xF81F,0xF81F,
    0xF81F,0xF81F,0xF81F,0xF81F,0xF81F,0xF81F,0xF81F,0xF81F,0xF81F,0xF81F,0xF81F,0xF81F,
    0xF81F,0xF81F,0xF81F,0xF81F,0xF81F,0xF81F,0xF81F,0xF81F,0xF81F,0xF81F,0xF81F,0xF81F,
    0xF81F,0xF81F,0xF81F,0xF81F,0xF81F,0xF81F,0xF81F,0xF81F,0xF81F,0xF81F,0xF81F,0xF81F,
    0xF81F,0xF81F,0xF81F,0xF81F,0xF81F,0xF81F,0xF81F,0xF81F,0xF81F,0xF81F,0xF81F,0xF81F,
    0xF81F,0xF81F,0xF81F,0xF81F,0xF81F,0xF81F,0xF81F,0xF81F,0xF81F,0xF81F,0xF81F,0xF81F,
    0xF81F,0xF81F,0xF81F,0xF81F,0xF81F,0xF81F,0xF81F,0xF81F,0xF81F,0xF81F,0xF81F,0xF81F,
    0xF81F,0xF81F,0xF81F,0xF81F,0xF81F,0xF81F,0xF81F,0xF81F,0xF81F,0xF81F,0xF81F,0xF81F,
    0xF81F,0xF81F,0xF81F,0xF81F,0xF81F,0xF81F,0xF81F,0xF81F,0xF81F,0xF81F,0xF81F,0xF81F,
    0xF81F,0xF81F,0xF81F,0xF81F,0xF81F,0xF81F,0xF81F,0xF81F,0xF81F,0xF81F,0xF81F,0xF81F,
    0xF81F,0xF81F,0xF81F,0xF81F,0xF81F,0xF81F,0xF81F,0xF81F,0xF81F,0xF81F,0xF81F,0xF81F,
    0xF81F,0xF81F,0xF81F,0xF81F,0xF81F,0xF81F,0xF81F,0xF81F,0xF81F,0xF81F,0xF81F,0xF81F,
    0xF81F,0xF81F,0xF81F,0xF81F,0xF81F,0xF81F,0xF81F,0xF81F,0xF81F,0xF81F,0xF81F,0xF81F,
    0xF81F,0xF81F,0xF81F,0xF81F,0xF81F,0xF81F,0xF81F,0xF81F,0xF81F,0xF81F,0xF81F,0xF81F,
    0xF81F,0xF81F,0xF81F,0xF81F,0xF81F,0xF81F,0xF81F,0xF81F,0xF81F,0xF81F,0xF81F,0xF81F,
    0xF81F,0xF81F,0xF81F,0xF81F,0xF81F,0xF81F,0xF81F,0xF81F,0xF81F,0xF81F,0xF81F,0xF81F,
    0xF81F,0xF81F,0xF81F,0xF81F,0xF81F,0xF81F,0xF81F,0xF81F,0xF81F,0xF81F,0xF81F,0xF81F,
    0xF81F,0xF81F,0xF81F,0xF81F,0xF81F,0xF81F,0xF81F,0xF81F,0xF81F,0xF81F,0xF81F,0xF81F,
    0xF81F,0xF81F,0xF81F,0xF81F,0xF81F,0xF81F,0xF81F,0xF81F,0xF81F,0xF81F,0xF81F,0xF81F,
    0xF81F,0xF81F,0xF81F,0xF81F,0xF81F,0xF81F,0xF81F,0xF81F,0xF81F,0xF81F,0xF81F,0xF81F,
    0xF81F,0xF81F,0xF81F,0xF81F,0xF81F,0xF81F,0xF81F,0xF81F,0xF81F,0xF81F,0xF81F,0xF81F,
    0xF81F,0xF81F,0xF81F,0xF81F,0xF81F,0xF81F,0xF81F,0xF81F,0xF81F,0xF81F,0xF81F,0xF81F,
    0xF81F,0xF81F,0xF81F,0xF81F,0xF81F,0xF81F,0xF81F,0xF81F,0xF81F,0xF81F,0xF81F,0xF81F,
    0xF81F,0xF81F,0xF81F,0xF81F,0xF81F,0xF81F,0xF81F,0xF81F,0xF81F,0xF81F,0xF81F,0xF81F,
    0xF81F,0xF81F,0xF81F,0xF81F,0xF81F,0xF81F,0xF81F,0xF81F,0xF81F,0xF81F,0xF81F,0xF81F,
    0xF81F,0xF81F,0xF81F,0xF81F,0xF81F,0xF81F,0xF81F,0xF81F,0xF81F,0xF81F,0xF81F,0xF81F,
    0xF81F,0xF81F,0xF81F,0xF81F,0xF81F,0xF81F,0xF81F,0xF81F,0xF81F,0xF81F,0xF81F,0xF81F,
    0xF81F,0xF81F,0xF81F,0xF81F,0xF81F,0xF81F,0xF81F,0xF81F,0xF81F,0xF81F,0xF81F,0xF81F,
    0xF81F,0xF81F,0xF81F,0xF81F,0xF81F,0xF81F,0xF81F,0xF81F,0xF81F,0xF81F,0xF81F,0xF81F,
    0xF81F,0xF81F,0xF81F,0xF81F,0xF81F,0xF81F,0xF81F,0xF81F,0xF81F,0xF81F,0xF81F,0xF81F,
    0xF81F,0xF81F,0xF81F,0xF81F,0xF81F,0xF81F,0xF81F,0xF81F,0xF81F,0xF81F,0xF81F,0xF81F,
    0xF81F,0xF81F,0xF81F,0xF81F,0xF81F,0xF81F,0xF81F,0xF81F,0xF81F,0xF81F,0xF81F,0xF81F,
    0xF81F,0xF81F,0xF81F,0xF81F,0xF81F,0xF81F,0xF81F,0xF81F,0xF81F,0xF81F,0xF81F,0xF81F,
    0xF81F,0xF81F,0xF81F,0xF81F,0xF81F,0xF81F,0xF81F,0xF81F,0xF81F,0xF81F,0xF81F,0xF81F,
    0xF81F,0xF81F,0xF81F,0xF81F,0xF81F,0xF81F,0xF81F,0xF81F,0xF81F,0xF81F,0xF81F,0xF81F,
    0xF81F,0xF81F,0xF81F,0xF81F,0xF81F,0xF81F,0xF81F,0xF81F,0xF81F,0xF81F,0xF81F,0xF81F,
    0xF81F,0xF81F,0xF81F,0xF81F,0xF81F,0xF81F,0xF81F,0xF81F,0xF81F,0xF81F,0xF81F,0xF81F,
    0xF81F,0xF81F,0xF81F,0xF81F,0xF81F,0xF81F,0xF81F,0xF81F,0xF81F,0xF81F,0xF81F,0xF81F,
    0xF81F,0xF81F,0xF81F,0xF81F,0xF81F,0xF81F,0xF81F,0xF81F,0xF81F,0xF81F,0xF81F,0xF81F,
    0xF81F,0xF81F,0xF81F,0xF81F,0xF81F,0xF81F,0xF81F,0xF81F,0xF81F,0xF81F,0xF81F,0xF81F,
    0xF81F,0xF81F,0xF81F,0xF81F,0xF81F,0xF81F,0xF81F,0xF81F,0xF81F,0xF81F,0xF81F,0xF81F,
    0xF81F,0xF81F,0xF81F,0xF81F,0xF81F,0xF81F,0xF81F,0xF81F,0xF81F,0xF81F,0xF81F,0xF81F,
    0xF81F,0xF81F,0xF81F,0xF81F,0xF81F,0xF81F,0xF81F,0xF81F,0xF81F,0xF81F,0xF81F,0xF81F,
    0xF81F,0xF81F,0xF81F,0xF81F,0xF81F,0xF81F,0xF81F,0xF81F,0xF81F,0xF81F,0xF81F,0xF81F,
    0xF81F,0xF81F,0xF81F,0xF81F,0xF81F,0xF81F,0xF81F,0xF81F,0xF81F,0xF81F,0xF81F,0xF81F,
    0xF81F,0xF81F,0xF81F,0xF81F,0xF81F,0xF81F,0xF81F,0xF81F,0xF81F,0xF81F,0xF81F,0xF81F,
    0xF81F,0xF81F,0xF81F,0xF81F,0xF81F,0xF81F,0xF81F,0xF81F,0xF81F,0xF81F,0xF81F,0xF81F,
    0xF81F,0xF81F,0xF81F,0xF81F,0xF81F,0xF81F,0xF81F,0xF81F,0xF81F,0xF81F,0xF81F,0xF81F,
    0xF81F,0xF81F,0xED47,0xF547,0xF81F,0xF81F,0xF81F,0xF81F,0xF81F,0xF81F,0xF81F,0xF81F,
    0xF81F,0xF81F,0xF81F,0xF81F,0xF81F,0xF81F,0xF81F,0xF81F,0xF81F,0xF81F,0xF81F,0xF81F,
    0xF81F,0xF81F,0xF81F,0xF81F,0xF81F,0xF81F,0xF81F,0xF81F,0xF81F,0xF81F,0xF81F,0xF81F,
    0xF81F,0xF81F,0xF81F,0xF81F,0xF81F,0xF81F,0xF81F,0xF81F,0xF81F,0xF81F,0xF81F,0xF81F,
    0xF81F,0xF81F,0xF81F,0xF81F,0xF81F,0xF81F,0xF81F,0xF81F,0xF81F,0xF81F,0xF81F,0xF81F,
    0xF81F,0xF81F,0xF81F,0xF81F,0xF81F,0xF81F,0xF81F,0xF81F,0xF81F,0xF81F,0xF81F,0xF81F,
    0xF81F,0xF81F,0xF81F,0xF81F,0xF81F,0xF81F,0xF81F,0xF81F,0xF81F,0xF81F,0xF81F,0xF81F,
    0xF81F,0xF81F,0xF81F,0xF81F,0xF81F,0xF81F,0xF81F,0xF81F,0xF81F,0xF81F,0xF81F,0xF81F,
    0xF81F,0xF81F,0xF81F,0xF81F,0xF81F,0xF81F,0xF81F,0xF81F,0xF81F,0xF81F,0xF81F,0xF81F,
    0xF81F,0xF81F,0xF81F,0xF81F,0xF81F,0xF81F,0xF81F,0xF81F,0xF81F,0xF81F,0xF81F,0xF81F,
    0xF81F,0xF81F,0xF81F,0xF81F,0xF81F,0xF81F,0xF81F,0xF81F,0xF81F,0xF81F,0xF81F,0xF81F,
    0xF81F,0xF81F,0xF81F,0xF81F,0xF81F,0xF81F,0xF81F,0xF81F,0xF81F,0xF81F,0xF81F,0xF81F,
    0xF81F,0xF81F,0xF81F,0xF81F,0xF81F,0xF81F,0xF81F,0xF81F,0xF547,0xF547,0xF81F,0xF81F,
    0xF81F,0xF81F,0xF81F,0xF81F,0xF81F,0xF81F,0xF81F,0xF81F,0xF81F,0xF81F,0xF81F,0xF81F,
    0xF81F,0xF81F,0xF81F,0xF81F,0xF81F,0xF81F,0xF81F,0xF81F,0xF81F,0xF81F,0xF81F,0xF81F,
    0xF81F,0xF81F,0xF81F,0xF81F,0xF81F,0xF81F,0xF81F,0xF81F,0xF81F,0xF81F,0xF81F,0xF81F,
    0xF81F,0xF81F,0xF81F,0xF81F,0xF81F,0xF81F,0xF81F,0xF81F,0xF81F,0xF81F,0xF81F,0xF81F,
    0xF81F,0xF81F,0xF81F,0xF81F,0xF81F,0xF81F,0xF81F,0xF81F,0xF81F,0xF81F,0xF81F,0xF81F,
    0xF81F,0xF81F,0xF81F,0xF81F,0xF81F,0xF81F,0xF81F,0xF81F,0xF81F,0xF81F,0xF81F,0xF81F,
    0xF81F,0xF81F,0xF81F,0xF81F,0xF81F,0xF81F,0xF81F,0xF81F,0xF81F,0xF81F,0xF81F,0xF81F,
    0xF81F,0xF81F,0xF81F,0xF81F,0xF81F,0xF81F,0xF81F,0xF81F,0xF81F,0xF81F,0xF81F,0xF81F,
    0xF81F,0xF81F,0xF81F,0xF81F,0xF81F,0xF81F,0xF81F,0xF81F,0xF81F,0xF81F,0xF81F,0xF81F,
    0xF81F,0xF81F,0xF81F,0xF81F,0xF81F,0xF81F,0xF81F,0xF81F,0xF81F,0xF81F,0xF81F,0xF81F,
    0xF81F,0xF81F,0xF81F,0xF81F,0xF81F,0xF81F,0xF81F,0xF81F,0xF81F,0xF81F,0xF81F,0xF81F,
    0xF81F,0xF81F,0xF81F,0xF81F,0xF81F,0xF81F,0xF81F,0xF81F,0xF81F,0xF81F,0xF81F,0xF81F,
    0xF81F,0xED47,0xF547,0xF547,0xED47,0xF81F,0xF81F,0xF81F,0xF81F,0xF81F,0xF81F,0xF81F,
    0xF81F,0xF81F,0xF81F,0xF81F,0xF81F,0xF81F,0xF81F,0xF81F,0xF81F,0xF81F,0xF81F,0xF81F,
    0xF81F,0xF81F,0xF81F,0xF81F,0xF81F,0xF81F,0xF81F,0xF81F,0xF81F,0xF81F,0xF81F,0xF81F,
    0xF81F,0xF81F,0xF81F,0xF81F,0xF81F,0xF81F,0xF81F,0xF81F,0xF81F,0xF81F,0xF81F,0xF81F,
    0xF81F,0xF81F,0xF81F,0xF81F,0xF81F,0xF81F,0xF81F,0xF81F,0xF81F,0xF81F,0xF81F,0xF81F,
    0xF81F,0xF81F,0xF81F,0xF81F,0xF81F,0xF81F,0xF81F,0xF81F,0xF81F,0xF81F,0xF81F,0xF81F,
    0xF81F,0xF81F,0xF81F,0xF81F,0xF81F,0xF81F,0xF81F,0xF81F,0xF81F,0xF81F,0xF81F,0xF81F,
    0xF81F,0xF81F,0xF81F,0xF81F,0xF81F,0xF81F,0xF81F,0xF81F,0xF81F,0xF81F,0xF81F,0xF81F,
    0xF81F,0xF81F,0xF81F,0xF81F,0xF81F,0xF81F,0xF81F,0xF81F,0xF81F,0xF81F,0xF81F,0xF81F,
    0xF81F,0xF81F,0xF81F,0xF81F,0xF81F,0xF81F,0xF81F,0xF81F,0xF81F,0xF81F,0xF81F,0xF81F,
    0xF81F,0xF81F,0xF81F,0xF81F,0xF81F,0xF81F,0xF81F,0xF81F,0xF81F,0xF81F,0xF81F,0xF81F,
    0xF81F,0xF81F,0xF81F,0xF81F,0xF81F,0xF81F,0xF81F,0xF81F,0xF81F,0xF81F,0xF81F,0xF81F,
    0xF81F,0xF81F,0xF81F,0xF81F,0xF81F,0xF81F,0xF81F,0xED47,0xF547,0xF547,0xED47,0xF81F,
    0xF81F,0xF81F,0xF81F,0xF81F,0xF81F,0xF81F,0xF81F,0xF81F,0xF81F,0xF81F,0xF81F,0xF81F,
    0xF81F,0xF81F,0xF81F,0xF81F,0xF81F,0xF81F,0xF81F,0xF81F,0xF81F,0xF81F,0xF81F,0xF81F,
    0xF81F,0xF81F,0xF81F,0xF81F,0xF81F,0xF81F,0xF81F,0xF81F,0xF81F,0xF81F,0xF81F,0xF81F,
    0xF81F,0xF81F,0xF81F,0xF81F,0xF81F,0xF81F,0xF81F,0xF81F,0xF81F,0xF81F,0xF81F,0xF81F,
    0xF81F,0xF81F,0xF81F,0xF81F,0xF81F,0xF81F,0xF81F,0xF81F,0xF81F,0xF81F,0xF81F,0xF81F,
    0xF81F,0xF81F,0xF81F,0xF81F,0xF81F,0xF81F,0xF81F,0xF81F,0xF81F,0xF81F,0xF81F,0xF81F,
    0xF81F,0xF81F,0xF81F,0xF81F,0xF81F,0xF81F,0xF81F,0xF81F,0xF81F,0xF81F,0xF81F,0xF81F,
    0xF81F,0xF81F,0xF81F,0xF81F,0xF81F,0xF81F,0xF81F,0xF81F,0xF81F,0xF81F,0xF81F,0xF81F,
    0xF81F,0xF81F,0xF81F,0xF81F,0xF81F,0xF81F,0xF81F,0xF81F,0xF81F,0xF81F,0xF81F,0xF81F,
    0xF81F,0xF81F,0xF81F,0xF81F,0xF81F,0xF81F,0xF81F,0xF81F,0xF81F,0xF81F,0xF81F,0xF81F,
    0xF81F,0xF81F,0xF81F,0xF81F,0xF81F,0xF81F,0xF81F,0xF81F,0xF81F,0xF81F,0xF81F,0xF81F,
    0xF81F,0xF81F,0xF81F,0xF81F,0xF81F,0xF81F,0xF81F,0xF81F,0xF81F,0xF81F,0xF81F,0xF81F,
    0xF81F,0xF547,0xF5A7,0xF5A7,0xF547,0xF81F,0xF81F,0xF81F,0xF81F,0xF81F,0xF81F,0xF81F,
    0xF81F,0xF81F,0xF81F,0xF81F,0xF81F,0xF81F,0xF81F,0xF81F,0xF81F,0xF81F,0xF81F,0xF81F,
    0xF81F,0xF81F,0xF81F,0xF81F,0xF81F,0xF81F,0xF81F,0xF81F,0xF81F,0xF81F,0xF81F,0xF81F,
    0xF81F,0xF81F,0xF81F,0xF81F,0xF81F,0xF81F,0xF81F,0xF81F,0xF81F,0xF81F,0xF81F,0xF81F,
    0xF81F,0xF81F,0xF81F,0xF81F,0xF81F,0xF81F,0xF81F,0xF81F,0xF81F,0xF81F,0xF81F,0xF81F,
    0xF81F,0xF81F,0xF81F,0xF81F,0xF81F,0xF81F,0xF81F,0xF81F,0xF81F,0xF81F,0xF81F,0xF81F,
    0xF81F,0xF81F,0xF81F,0xF81F,0xF81F,0xF81F,0xF81F,0xF81F,0xF81F,0xF81F,0xF81F,0xF81F,
    0xF81F,0xF81F,0xF81F,0xF81F,0xF81F,0xF81F,0xF81F,0xF81F,0xF81F,0xF81F,0xF81F,0xF81F,
    0xF81F,0xF81F,0xF81F,0xF81F,0xF81F,0xF81F,0xF81F,0xF81F,0xF81F,0xF81F,0xF81F,0xF81F,
    0xF81F,0xF81F,0xF81F,0xF81F,0xF81F,0xF81F,0xF81F,0xF81F,0xF81F,0xF81F,0xF81F,0xF81F,
    0xF81F,0xF81F,0xF81F,0xF81F,0xF81F,0xF81F,0xF81F,0xF81F,0xF81F,0xF81F,0xF81F,0xF81F,
    0xF81F,0xF81F,0xF81F,0xF81F,0xF81F,0xF81F,0xF81F,0xF81F,0xF81F,0xF81F,0xF81F,0xF81F,
    0xF81F,0xF81F,0xF81F,0xF81F,0xF81F,0xF81F,0xF547,0xF547,0xFE28,0xFE28,0xF547,0xF547,
    0xF81F,0xF81F,0xF81F,0xF81F,0xF81F,0xF81F,0xF81F,0xF81F,0xF81F,0xF81F,0xF81F,0xF81F,
    0xF81F,0xF81F,0xF81F,0xF81F,0xF81F,0xF81F,0xF81F,0xF81F,0xF81F,0xF81F,0xF81F,0xF81F,
    0xF81F,0xF81F,0xF81F,0xF81F,0xF81F,0xF81F,0xF81F,0xF81F,0xF81F,0xF81F,0xF81F,0xF81F,
    0xF81F,0xF81F,0xF81F,0xF81F,0xF81F,0xF81F,0xF81F,0xF81F,0xF81F,0xF81F,0xF81F,0xF81F,
    0xF81F,0xF81F,0xF81F,0xF81F,0xF81F,0xF81F,0xF81F,0xF81F,0xF81F,0xF81F,0xF81F,0xF81F,
    0xF81F,0xF81F,0xF81F,0xF81F,0xF81F,0xF81F,0xF81F,0xF81F,0xF81F,0xF81F,0xF81F,0xF81F,
    0xF81F,0xF81F,0xF81F,0xF81F,0xF81F,0xF81F,0xF81F,0xF81F,0xF81F,0xF81F,0xF81F,0xF81F,
    0xF81F,0xF81F,0xF81F,0xF81F,0xF81F,0xF81F,0xF81F,0xF81F,0xF81F,0xF81F,0xF81F,0xF81F,
    0xF81F,0xF81F,0xF81F,0xF81F,0xF81F,0xF81F,0xF81F,0xF81F,0xF81F,0xF81F,0xF81F,0xF81F,
    0xF81F,0xF81F,0xF81F,0xF81F,0xF81F,0xF81F,0xF81F,0xF81F,0xF81F,0xF81F,0xF81F,0xF81F,
    0xF81F,0xF81F,0xF81F,0xF81F,0xF81F,0xF81F,0xF81F,0xF81F,0xF81F,0xF81F,0xF81F,0xF81F,
    0xF81F,0xF81F,0xF81F,0xF81F,0xF81F,0xF81F,0xF81F,0xF81F,0xF81F,0xF81F,0xF81F,0xF81F,
    0xF547,0xF547,0xFE89,0xFE89,0xF567,0xF547,0xF81F,0xF81F,0xF81F,0xF81F,0xF81F,0xF81F,
    0xF81F,0xF81F,0xF81F,0xF81F,0xF81F,0xF81F,0xF81F,0xF81F,0xF81F,0xF81F,0xF81F,0xF81F,
    0xF81F,0xF81F,0xF81F,0xF81F,0xF81F,0xF81F,0xF81F,0xF81F,0xF81F,0xF81F,0xF81F,0xF81F,
    0xF81F,0xF81F,0xF81F,0xF81F,0xF81F,0xF81F,0xF81F,0xF81F,0xF81F,0xF81F,0xF81F,0xF81F,
    0xF81F,0xF81F,0xF81F,0xF81F,0xF81F,0xF81F,0xF81F,0xF81F,0xF81F,0xF81F,0xF81F,0xF81F,
    0xF81F,0xF81F,0xF81F,0xF81F,0xF81F,0xF81F,0xF81F,0xF81F,0xF81F,0xF81F,0xF81F,0xF81F,
    0xF81F,0xF81F,0xF81F,0xF81F,0xF81F,0xF81F,0xF81F,0xF81F,0xF81F,0xF81F,0xF81F,0xF81F,
    0xF81F,0xF81F,0xF81F,0xF81F,0xF81F,0xF81F,0xF81F,0xF81F,0xF81F,0xF81F,0xF81F,0xF81F,
    0xF81F,0xF81F,0xF81F,0xF81F,0xF81F,0xF81F,0xF81F,0xF81F,0xF81F,0xF81F,0xF81F,0xF81F,
    0xF81F,0xF81F,0xF81F,0xF81F,0xF81F,0xF81F,0xF81F,0xF81F,0xF81F,0xF81F,0xF81F,0xF81F,
    0xF81F,0xF81F,0xF81F,0xF81F,0xF81F,0xF81F,0xF81F,0xF81F,0xF81F,0xF81F,0xF81F,0xF81F,
    0xF81F,0xF81F,0xF81F,0xF81F,0xF81F,0xF81F,0xF81F,0xF81F,0xF81F,0xF81F,0xF81F,0xF81F,
    0xF81F,0xF81F,0xF81F,0xF81F,0xF81F,0xED47,0xF547,0xF5C8,0xFE89,0xFE89,0xF5C8,0xF547,
    0xED47,0xF81F,0xF81F,0xF81F,0xF81F,0xF81F,0xF81F,0xF81F,0xF81F,0xF81F,0xF81F,0xF81F,
    0xF81F,0xF81F,0xF81F,0xF81F,0xF81F,0xF81F,0xF81F,0xF81F,0xF81F,0xF81F,0xF81F,0xF81F,
    0xF81F,0xF81F,0xF81F,0xF81F,0xF81F,0xF81F,0xF81F,0xF81F,0xF81F,0xF81F,0xF81F,0xF81F,
    0xF81F,0xF81F,0xF81F,0xF81F,0xF81F,0xF81F,0xF81F,0xF81F,0xF81F,0xF81F,0xF81F,0xF81F,
    0xF81F,0xF81F,0xF81F,0xF81F,0xF81F,0xF81F,0xF81F,0xF81F,0xF81F,0xF81F,0xF81F,0xF81F,
    0xF81F,0xF81F,0xF81F,0xF81F,0xF81F,0xF81F,0xF81F,0xF81F,0xF81F,0xF81F,0xF81F,0xF81F,
    0xF81F,0xF81F,0xF81F,0xF81F,0xF81F,0xF81F,0xF81F,0xF81F,0xF81F,0xF81F,0xF81F,0xF81F,
    0xF81F,0xF81F,0xF81F,0xF81F,0xF81F,0xF81F,0xF81F,0xF81F,0xF81F,0xF81F,0xF81F,0xF81F,
    0xF81F,0xF81F,0xF81F,0xF81F,0xF81F,0xF81F,0xF81F,0xF81F,0xF81F,0xF81F,0xF81F,0xF81F,
    0xF81F,0xF81F,0xF81F,0xF81F,0xF81F,0xF81F,0xF81F,0xF81F,0xF81F,0xF81F,0xF81F,0xF81F,
    0xF81F,0xF81F,0xF81F,0xF81F,0xF81F,0xF81F,0xF81F,0xF81F,0xF81F,0xF81F,0xF81F,0xF81F,
    0xF81F,0xF81F,0xF81F,0xF81F,0xF81F,0xF81F,0xF81F,0xF81F,0xF81F,0xF81F,0xF81F,0xF547,
    0xF547,0xFE48,0xFE89,0xFE89,0xFE48,0xF547,0xF547,0xF81F,0xF81F,0xF81F,0xF81F,0xF81F,
    0xF81F,0xF81F,0xF81F,0xF81F,0xF81F,0xF81F,0xF81F,0xF81F,0xF81F,0xF81F,0xF81F,0xF81F,
    0xF81F,0xF81F,0xF81F,0xF81F,0xF81F,0xF81F,0xF81F,0xF81F,0xF81F,0xF81F,0xF81F,0xF81F,
    0xF81F,0xF81F,0xF81F,0xF81F,0xF81F,0xF81F,0xF81F,0xF81F,0xF81F,0xF81F,0xF81F,0xF81F,
    0xF81F,0xF81F,0xF81F,0xF81F,0xF81F,0xF81F,0xF81F,0xF81F,0xF81F,0xF81F,0xF81F,0xF81F,
    0xF81F,0xF81F,0xF81F,0xF81F,0xF81F,0xF81F,0xF81F,0xF81F,0xF81F,0xF81F,0xF81F,0xF81F,
    0xF81F,0xF81F,0xF81F,0xF81F,0xF81F,0xF81F,0xF81F,0xF81F,0xF81F,0xF81F,0xF81F,0xF81F,
    0xF81F,0xF81F,0xF81F,0xF81F,0xF81F,0xF81F,0xF81F,0xF81F,0xF81F,0xF81F,0xF81F,0xF81F,
    0xF81F,0xF81F,0xF81F,0xF81F,0xF81F,0xF81F,0xF81F,0xF81F,0xF81F,0xF81F,0xF81F,0xF81F,
    0xF81F,0xF81F,0xF81F,0xF81F,0xF81F,0xF81F,0xF81F,0xF81F,0xF81F,0xF81F,0xF81F,0xF81F,
    0xF81F,0xF81F,0xF81F,0xF81F,0xF81F,0xF81F,0xF81F,0xF81F,0xF81F,0xF81F,0xF81F,0xF81F,
    0xF81F,0xF81F,0xF81F,0xF81F,0xF81F,0xF81F,0xF81F,0xF81F,0xF81F,0xF81F,0xF81F,0xF547,
    0xED47,0xED47,0xF547,0xF547,0xED47,0xF547,0xF587,0xFE89,0xFE89,0xFE89,0xFE89,0xF587,
    0xF547,0xED47,0xF547,0xF547,0xED47,0xED47,0xF547,0xF81F,0xF81F,0xF81F,0xF81F,0xF81F,
    0xF81F,0xF81F,0xF81F,0xF81F,0xF81F,0xF81F,0xF81F,0xF81F,0xF81F,0xF81F,0xF81F,0xF81F,
    0xF81F,0xF81F,0xF81F,0xF81F,0xF81F,0xF81F,0xF81F,0xF81F,0xF81F,0xF81F,0xF81F,0xF81F,
    0xF81F,0xF81F,0xF81F,0xF81F,0xF81F,0xF81F,0xF81F,0xF81F,0xF81F,0xFE89,0xFE89,0xFE89,
    0xF81F,0xF81F,0xF81F,0xF81F,0xF81F,0xF81F,0xF81F,0xF81F,0xF81F,0xF81F,0xF81F,0xF81F,
    0xF81F,0xF81F,0xF81F,0xF81F,0xF81F,0xF81F,0xF81F,0xF81F,0xF81F,0xF81F,0xF81F,0xF81F,
    0xF81F,0xF81F,0xF81F,0xF81F,0xF81F,0xF81F,0xF81F,0xF81F,0xF81F,0xF81F,0xF81F,0xF81F,
    0xF81F,0xF81F,0xF81F,0xF81F,0xF81F,0xF81F,0xF81F,0xF81F,0xF81F,0xF81F,0xF81F,0xF81F,
    0xF81F,0xF81F,0xF81F,0xF81F,0xF81F,0xF81F,0xF81F,0xF81F,0xF81F,0xF81F,0xF81F,0xF81F,
    0xF81F,0xF81F,0xF81F,0xF81F,0xF81F,0xF81F,0xF81F,0xF81F,0xF81F,0xF81F,0xF81F,0xF81F,
    0xF81F,0xF81F,0xF81F,0xF81F,0xF81F,0xF81F,0xF81F,0xF81F,0xF81F,0xF81F,0xF81F,0xF81F,
    0xF547,0xF547,0xF547,0xF547,0xF547,0xF547,0xF547,0xF547,0xF547,0xF547,0xF547,0xF547,
    0xFE08,0xFE89,0xFE89,0xFE89,0xFE89,0xFE08,0xF547,0xF547,0xF547,0xF547,0xF547,0xF547,
    0xF547,0xF547,0xF547,0xF547,0xF547,0xF547,0xF81F,0xF81F,0xF81F,0xF81F,0xF81F,0xF81F,
    0xF81F,0xF81F,0xF81F,0xF81F,0xF81F,0xF81F,0xF81F,0xF81F,0xF81F,0xF81F,0xF81F,0xF81F,
    0xF81F,0xF81F,0xF81F,0xF81F,0xF81F,0xF81F,0xF81F,0xF81F,0xF81F,0xF81F,0xF81F,0xF81F,
    0xF81F,0xF81F,0xF81F,0xFE89,0xFE89,0xFE89,0xFE89,0xFE89,0xF81F,0xF81F,0xF81F,0xF81F,
    0xF81F,0xF81F,0xF81F,0xF81F,0xF81F,0xF81F,0xF81F,0xF81F,0xF81F,0xF81F,0xF81F,0xF81F,
    0xF81F,0xF81F,0xF81F,0xF81F,0xF81F,0xF81F,0xF81F,0xF81F,0xF81F,0xF81F,0xF81F,0xF81F,
    0xF81F,0xF81F,0xF81F,0xF81F,0xF81F,0xF81F,0xF81F,0xF81F,0xF81F,0xF81F,0xF81F,0xF81F,
    0xF81F,0xF81F,0xF81F,0xF81F,0xF81F,0xF81F,0xF81F,0xF81F,0xF81F,0xF81F,0xF81F,0xF81F,
    0xF81F,0xF81F,0xF81F,0xF81F,0xF81F,0xF81F,0xF81F,0xF81F,0xF81F,0xF81F,0xF81F,0xF81F,
    0xF81F,0xF81F,0xF81F,0xF81F,0xF81F,0xF81F,0xF81F,0xF81F,0xF81F,0xF81F,0xF81F,0xF81F,
    0xF81F,0xF81F,0xF81F,0xF81F,0xF81F,0xF81F,0xF81F,0xED47,0xF547,0xF547,0xF587,0xFDE8,
    0xFE08,0xFE08,0xFE28,0xFE28,0xFE48,0xFE68,0xFE89,0xFE89,0xFE89,0xFE89,0xFE89,0xFE89,
    0xFE68,0xFE48,0xFE28,0xFE28,0xFE08,0xFE08,0xFDE8,0xF587,0xF547,0xF547,0xED47,0xF81F,
    0xF81F,0xF81F,0xF81F,0xF81F,0xF81F,0xF81F,0xF81F,0xF81F,0xF81F,0xF81F,0xF81F,0xF81F,
    0xF81F,0xF81F,0xF81F,0xF81F,0xF81F,0xF81F,0xF81F,0xF81F,0xF81F,0xF81F,0xF81F,0xF81F,
    0xF81F,0xF81F,0xF81F,0xF81F,0xF81F,0xF81F,0xF81F,0xF81F,0xF81F,0xFE89,0xFE89,0xFE89,
    0xFE89,0xFE89,0xF81F,0xF81F,0xF81F,0xF81F,0xF81F,0xF81F,0xF81F,0xF81F,0xF81F,0xF81F,
    0xF81F,0xF81F,0xF81F,0xF81F,0xF81F,0xF81F,0xF81F,0xF81F,0xF81F,0xF81F,0xF81F,0xF81F,
    0xF81F,0xF81F,0xF81F,0xF81F,0xF81F,0xF81F,0xF81F,0xF81F,0xF81F,0xF81F,0xF81F,0xF81F,
    0xF81F,0xF81F,0xF81F,0xF81F,0xF81F,0xF81F,0xF81F,0xF81F,0xF81F,0xF81F,0xF81F,0xF81F,
    0xF81F,0xF81F,0xF81F,0xF81F,0xF81F,0xF81F,0xF81F,0xF81F,0xF81F,0xF81F,0xF81F,0xF81F,
    0xF81F,0xF81F,0xF81F,0xF81F,0xF81F,0xF81F,0xF81F,0xF81F,0xF81F,0xF81F,0xF81F,0xF81F,
    0xF81F,0xF81F,0xF81F,0xF81F,0xF81F,0xF81F,0xF81F,0xF81F,0xF81F,0xF81F,0xF81F,0xF81F,
    0xF81F,0xF81F,0xF547,0xF547,0xF547,0xF5E8,0xFE89,0xFE89,0xFE89,0xFE89,0xFE89,0xFE89,
    0xFE89,0xFE89,0xFE89,0xFE89,0xFE89,0xFE89,0xFE89,0xFE89,0xFE89,0xFE89,0xFE89,0xFE89,
    0xFDE8,0xF547,0xF547,0xED47,0xF81F,0xF81F,0xF81F,0xF81F,0xF81F,0xF81F,0xF81F,0xF81F,
    0xF81F,0xF81F,0xF81F,0xF81F,0xF81F,0xF81F,0xF81F,0xF81F,0xF81F,0xF81F,0xF81F,0xF81F,
    0xF81F,0xF81F,0xF81F,0xF81F,0xF81F,0xF81F,0xF81F,0xF81F,0xF81F,0xF81F,0xF81F,0xF81F,
    0xF81F,0xF81F,0xF81F,0xFE89,0xF81F,0xF81F,0xF81F,0xFE89,0xFE89,0xF81F,0xF81F,0xF81F,
    0xF81F,0xF81F,0xF81F,0xF81F,0xF81F,0xF81F,0xF81F,0xF81F,0xF81F,0xF81F,0xF81F,0xF81F,
    0xF81F,0xF81F,0xF81F,0xF81F,0xF81F,0xF81F,0xF81F,0xF81F,0xF81F,0xF81F,0xF81F,0xF81F,
    0xF81F,0xF81F,0xF81F,0xF81F,0xF81F,0xF81F,0xF81F,0xF81F,0xF81F,0xF81F,0xF81F,0xF81F,
    0xF81F,0xF81F,0xF81F,0xF81F,0xF81F,0xF81F,0xF81F,0xF81F,0xF81F,0xF81F,0xF81F,0xF81F,
    0xF81F,0xF81F,0xF81F,0xF81F,0xF81F,0xF81F,0xF81F,0xF81F,0xF81F,0xF81F,0xF81F,0xF81F,
    0xF81F,0xF81F,0xF81F,0xF81F,0xF81F,0xF81F,0xF81F,0xF81F,0xF81F,0xF81F,0xF81F,0xF81F,
    0xF81F,0xF81F,0xF81F,0xF81F,0xF81F,0xF81F,0xF81F,0xF81F,0xF81F,0xF81F,0xED47,0xF547,
    0xF5A7,0xFE89,0xFE89,0xFE89,0xFE89,0xFE89,0xFE89,0xFE89,0xFE89,0xFE89,0xFE89,0xFE89,
    0xFE89,0xFE89,0xFE89,0xFE89,0xFE89,0xF5A7,0xF547,0xED47,0xF81F,0xF81F,0xF81F,0xF81F,
    0xF81F,0xF81F,0xF81F,0xF81F,0xF81F,0xF81F,0xF81F,0xF81F,0xF81F,0xF81F,0xF81F,0xF81F,
    0xF81F,0xF81F,0xF81F,0xF81F,0xF81F,0xF81F,0xF81F,0xF81F,0xF81F,0xF81F,0xF81F,0xF81F,
    0xF81F,0xF81F,0xF81F,0xF81F,0xF81F,0xF81F,0xF81F,0xF81F,0xF81F,0xFE89,0xF81F,0xF81F,
    0xF81F,0xFE89,0xFE89,0xF81F,0xF81F,0xF81F,0xF81F,0xF81F,0xF81F,0xF81F,0xF81F,0xF81F,
    0xF81F,0xF81F,0xF81F,0xF81F,0xF81F,0xF81F,0xF81F,0xF81F,0xF81F,0xF81F,0xF81F,0xF81F,
    0xF81F,0xF81F,0xF81F,0xF81F,0xF81F,0xF81F,0xF81F,0xF81F,0xF81F,0xF81F,0xF81F,0xF81F,
    0xF81F,0xF81F,0xF81F,0xF81F,0xF81F,0xF81F,0xF81F,0xF81F,0xF81F,0xF81F,0xF81F,0xF81F,
    0xF81F,0xF81F,0xF81F,0xF81F,0xF81F,0xF81F,0xF81F,0xF81F,0xF81F,0xF81F,0xF81F,0xF81F,
    0xF81F,0xF81F,0xF81F,0xF81F,0xF81F,0xF81F,0xF81F,0xF81F,0xF81F,0xF81F,0xF81F,0xF81F,
    0xF81F,0xF81F,0xF81F,0xF81F,0xF81F,0xF81F,0xF81F,0xF81F,0xF81F,0xF81F,0xF81F,0xF81F,
    0xF81F,0xF81F,0xF81F,0xF81F,0xF81F,0xED47,0xF547,0xF567,0xFE48,0xFE89,0xFE89,0xFE89,
    0xFE89,0xFE89,0xFE89,0xFE89,0xFE89,0xFE89,0xFE89,0xFE89,0xFE89,0xFE69,0xF587,0xF547,
    0xED47,0xF81F,0xF81F,0xF81F,0xF81F,0xF81F,0xF81F,0xF81F,0xF81F,0xF81F,0xF81F,0xF81F,
    0xF81F,0xF81F,0xF81F,0xF81F,0xF81F,0xF81F,0xF81F,0xF81F,0xF81F,0xF81F,0xF81F,0xF81F,
    0xF81F,0xF81F,0xF81F,0xF81F,0xF81F,0xF81F,0xF81F,0xF81F,0xF81F,0xF81F,0xF81F,0xF81F,
    0xF81F,0xF81F,0xF81F,0xFE89,0xF81F,0xF81F,0xF81F,0xF81F,0xF81F,0xF81F,0xF81F,0xF81F,
    0xF81F,0xF81F,0xF81F,0xF81F,0xF81F,0xF81F,0xF81F,0xF81F,0xF81F,0xF81F,0xF81F,0xF81F,
    0xF81F,0xF81F,0xF81F,0xF81F,0xF81F,0xF81F,0xF81F,0xF81F,0xF81F,0xF81F,0xF81F,0xF81F,
    0xF81F,0xF81F,0xF81F,0xF81F,0xF81F,0xF81F,0xF81F,0xF81F,0xF81F,0xF81F,0xF81F,0xF81F,
    0xF81F,0xF81F,0xF81F,0xF81F,0xF81F,0xF81F,0xF81F,0xF81F,0xF81F,0xF81F,0xF81F,0xF81F,
    0xF81F,0xF81F,0xF81F,0xF81F,0xF81F,0xF81F,0xF81F,0xF81F,0xF81F,0xF81F,0xF81F,0xF81F,
    0xF81F,0xF81F,0xF81F,0xF81F,0xF81F,0xF81F,0xF81F,0xF81F,0xF81F,0xF81F,0xF81F,0xF81F,
    0xF81F,0xF81F,0xF81F,0xF81F,0xF81F,0xF81F,0xF81F,0xF81F,0xF81F,0xF81F,0xF81F,0xF81F,
    0xF547,0xF547,0xF547,0xFE28,0xFE89,0xFE89,0xFE89,0xFE89,0xFE89,0xFE89,0xFE89,0xFE89,
    0xFE89,0xFE89,0xFE28,0xF567,0xF547,0xED47,0xF81F,0xF81F,0xF81F,0xF81F,0xF81F,0xF81F,
    0xF81F,0xF81F,0xF81F,0xF81F,0xF81F,0xF81F,0xF81F,0xF81F,0xF81F,0xF81F,0xF81F,0xF81F,
    0xF81F,0xF81F,0xF81F,0xF81F,0xF81F,0xF81F,0xF81F,0xF81F,0xF81F,0xF81F,0xF81F,0xF81F,
    0xF81F,0xF81F,0xF81F,0xF81F,0xF81F,0xF81F,0xF81F,0xF81F,0xF81F,0xFE89,0xF81F,0xF81F,
    0xF81F,0xF81F,0xF81F,0xF81F,0xF81F,0xF81F,0xF81F,0xF81F,0xF81F,0xF81F,0xF81F,0xF81F,
    0xF81F,0xF81F,0xF81F,0xF81F,0xF81F,0xF81F,0xF81F,0xF81F,0xF81F,0xF81F,0xF81F,0xF81F,
    0xF81F,0xF81F,0xF81F,0xF81F,0xF81F,0xF81F,0xF81F,0xF81F,0xF81F,0xF81F,0xF81F,0xF81F,
    0xF81F,0xF81F,0xF81F,0xF81F,0xF81F,0xF81F,0xF81F,0xF81F,0xF81F,0xF81F,0xF81F,0xF81F,
    0xF81F,0xF81F,0xF81F,0xF81F,0xF81F,0xF81F,0xF81F,0xF81F,0xF81F,0xF81F,0xF81F,0xF81F,
    0xF81F,0xF81F,0xF81F,0xF81F,0xF81F,0xF81F,0xF81F,0xF81F,0xF81F,0xF81F,0xF81F,0xF81F,
    0xF81F,0xF81F,0xF81F,0xF81F,0xF81F,0xF81F,0xF81F,0xF81F,0xF81F,0xF81F,0xF81F,0xF81F,
    0xF81F,0xF81F,0xF81F,0xF81F,0xF81F,0xF81F,0xF81F,0xF547,0xF547,0xF547,0xFE28,0xFE89,
    0xFE89,0xFE89,0xFE89,0xFE89,0xFE89,0xFE89,0xFE89,0xFE28,0xF547,0xF547,0xF547,0xF81F,
    0xF81F,0xF81F,0xF81F,0xF81F,0xF81F,0xF81F,0xF81F,0xF81F,0xF81F,0xF81F,0xF81F,0xF81F,
    0xF81F,0xF81F,0xF81F,0xF81F,0xF81F,0xF81F,0xF81F,0xF81F,0xF81F,0xF81F,0xF81F,0xF81F,
    0xF81F,0xF81F,0xF81F,0xF81F,0xF81F,0xF81F,0xF81F,0xF81F,0xF81F,0xF81F,0xF81F,0xF81F,
    0xF81F,0xF81F,0xF81F,0xFE89,0xF81F,0xF81F,0xF81F,0xF81F,0xF81F,0xF81F,0xF81F,0xF81F,
    0xF81F,0xF81F,0xF81F,0xF81F,0xF81F,0xF81F,0xF81F,0xF81F,0xF81F,0xF81F,0xF81F,0xF81F,
    0xF81F,0xF81F,0xF81F,0xF81F,0xF81F,0xF81F,0xF81F,0xF81F,0xF81F,0xF81F,0xF81F,0xF81F,
    0xF81F,0xF81F,0xF81F,0xF81F,0xF81F,0xF81F,0xF81F,0xF81F,0xF81F,0xF81F,0xF81F,0xF81F,
    0xF81F,0xF81F,0xF81F,0xF81F,0xF81F,0xF81F,0xF81F,0xF81F,0xF81F,0xF81F,0xF81F,0xF81F,
    0xF81F,0xF81F,0xF81F,0xF81F,0xF81F,0xF81F,0xF81F,0xF81F,0xF81F,0xF81F,0xF81F,0xF81F,
    0xF81F,0xF81F,0xF81F,0xF81F,0xF81F,0xF81F,0xF81F,0xF81F,0xF81F,0xF81F,0xF81F,0xF81F,
    0xF81F,0xF81F,0xF81F,0xF81F,0xF81F,0xF81F,0xF81F,0xF81F,0xF81F,0xF81F,0xF81F,0xF81F,
    0xF81F,0xF81F,0xF547,0xF547,0xFE69,0xFE89,0xFE89,0xFE89,0xFE89,0xFE89,0xFE89,0xFE89,
    0xFE89,0xFE69,0xF547,0xF547,0xF81F,0xF81F,0xF81F,0xF81F,0xF81F,0xF81F,0xF81F,0xF81F,
    0xF81F,0xF81F,0xF81F,0xF81F,0xF81F,0xF81F,0xF81F,0xF81F,0xF81F,0xF81F,0xF81F,0xF81F,
    0xF81F,0xF81F,0xF81F,0xF81F,0xF81F,0xF81F,0xF81F,0xF81F,0xF81F,0xF81F,0xF81F,0xF81F,
    0xF81F,0xF81F,0xF81F,0xF81F,0xF81F,0xF81F,0xF81F,0xF81F,0xF81F,0xFE89,0xF81F,0xF81F,
    0xF81F,0xF81F,0xF81F,0xF81F,0xF81F,0xF81F,0xF81F,0xF81F,0xF81F,0xF81F,0xF81F,0xF81F,
    0xF81F,0xF81F,0xF81F,0xF81F,0xF81F,0xF81F,0xF81F,0xF81F,0xF81F,0xF81F,0xF81F,0xF81F,
    0xF81F,0xF81F,0xF81F,0xF81F,0xF81F,0xF81F,0xF81F,0xF81F,0xF81F,0xF81F,0xF81F,0xF81F,
    0xF81F,0xF81F,0xF81F,0xF81F,0xF81F,0xF81F,0xF81F,0xF81F,0xF81F,0xF81F,0xF81F,0xF81F,
    0xF81F,0xF81F,0xF81F,0xF81F,0xF81F,0xF81F,0xF81F,0xF81F,0xF81F,0xF81F,0xF81F,0xF81F,
    0xF81F,0xF81F,0xF81F,0xF81F,0xF81F,0xF81F,0xF81F,0xF81F,0xF81F,0xF81F,0xF81F,0xF81F,
    0xF81F,0xF81F,0xF81F,0xF81F,0xF81F,0xF81F,0xF81F,0xF81F,0xF81F,0xF81F,0xF81F,0xF81F,
    0xF81F,0xF81F,0xF81F,0xF81F,0xF81F,0xF81F,0xF81F,0xF81F,0xF547,0xF567,0xFE89,0xFE89,
    0xFE89,0xFE89,0xFE89,0xFE89,0xFE89,0xFE89,0xFE89,0xFE89,0xF567,0xF547,0xF81F,0xF81F,
    0xF81F,0xF81F,0xF81F,0xF81F,0xF81F,0xF81F,0xF81F,0xF81F,0xF81F,0xF81F,0xF81F,0xF81F,
    0xF81F,0xF81F,0xF81F,0xF81F,0xF81F,0xF81F,0xF81F,0xF81F,0xF81F,0xF81F,0xF81F,0xF81F,
    0xF81F,0xF81F,0xF81F,0xF81F,0xF81F,0xF81F,0xF81F,0xF81F,0xF81F,0xF81F,0xF81F,0xF81F,
    0xF81F,0xF81F,0xF81F,0xFE89,0xF81F,0xF81F,0xF81F,0xF81F,0xF81F,0xF81F,0xF81F,0xF81F,
    0xF81F,0xF81F,0xF81F,0xF81F,0xF81F,0xF81F,0xF81F,0xF81F,0xF81F,0xF81F,0xF81F,0xF81F,
    0xF81F,0xF81F,0xF81F,0xF81F,0xF81F,0xF81F,0xF81F,0xF81F,0xF81F,0xF81F,0xF81F,0xF81F,
    0xF81F,0xF81F,0xF81F,0xF81F,0xF81F,0xF81F,0xF81F,0xF81F,0xF81F,0xF81F,0xF81F,0xF81F,
    0xF81F,0xF81F,0xF81F,0xF81F,0xF81F,0xF81F,0xF81F,0xF81F,0xF81F,0xF81F,0xF81F,0xF81F,
    0xF81F,0xF81F,0xF81F,0xF81F,0xF81F,0xF81F,0xF81F,0xF81F,0xF81F,0xF81F,0xF81F,0xF81F,
    0xF81F,0xF81F,0xF81F,0xF81F,0xF81F,0xF81F,0xF81F,0xF81F,0xF81F,0xF81F,0xF81F,0xF81F,
    0xF81F,0xF81F,0xF81F,0xF81F,0xF81F,0xF81F,0xF81F,0xF81F,0xF81F,0xF81F,0xF81F,0xF81F,
    0xF81F,0xF81F,0xF547,0xF5C8,0xFE89,0xFE89,0xFE89,0xFE89,0xFE89,0xFE89,0xFE89,0xFE89,
    0xFE89,0xFE89,0xF5C8,0xF547,0xF81F,0xF81F,0xF81F,0xF81F,0xF81F,0xF81F,0xF81F,0xF81F,
    0xF81F,0xF81F,0xF81F,0xF81F,0xF81F,0xF81F,0xF81F,0xF81F,0xF81F,0xF81F,0xF81F,0xF81F,
    0xF81F,0xF81F,0xF81F,0xF81F,0xF81F,0xF81F,0xF81F,0xF81F,0xF81F,0xF81F,0xF81F,0xF81F,
    0xF81F,0xF81F,0xF81F,0xF81F,0xF81F,0xF81F,0xFE89,0xFE89,0xF81F,0xFE89,0xF81F,0xF81F,
    0xF81F,0xF81F,0xF81F,0xF81F,0xF81F,0xF81F,0xF81F,0xF81F,0xF81F,0xF81F,0xF81F,0xF81F,
    0xF81F,0xF81F,0xF81F,0xF81F,0xF81F,0xF81F,0xF81F,0xF81F,0xF81F,0xF81F,0xF81F,0xF81F,
    0xF81F,0xF81F,0xF81F,0xF81F,0xF81F,0xF81F,0xF81F,0xF81F,0xF81F,0xF81F,0xF81F,0xF81F,
    0xF81F,0xF81F,0xF81F,0xF81F,0xF81F,0xF81F,0xF81F,0xF81F,0xF81F,0xF81F,0xF81F,0xF81F,
    0xF81F,0xF81F,0xF81F,0xF81F,0xF81F,0xF81F,0xF81F,0xF81F,0xF81F,0xF81F,0xF81F,0xF81F,
    0xF81F,0xF81F,0xF81F,0xF81F,0xF81F,0xF81F,0xF81F,0xF81F,0xF81F,0xF81F,0xF81F,0xF81F,
    0xF81F,0xF81F,0xF81F,0xF81F,0xF81F,0xF81F,0xF81F,0xF81F,0xF81F,0xF81F,0xF81F,0xF81F,
    0xF81F,0xF81F,0xF81F,0xF81F,0xF81F,0xF81F,0xF81F,0xED47,0xF547,0xFE28,0xFE89,0xFE89,
    0xFE89,0xFE48,0xF587,0xF567,0xFE28,0xFE89,0xFE89,0xFE89,0xFE08,0xF547,0xED47,0xF81F,
    0xF81F,0xF81F,0xF81F,0xF81F,0xF81F,0xF81F,0xF81F,0xF81F,0xF81F,0xF81F,0xF81F,0xF81F,
    0xF81F,0xF81F,0xF81F,0xF81F,0xF81F,0xF81F,0xF81F,0xF81F,0xF81F,0xF81F,0xF81F,0xF81F,
    0xF81F,0xF81F,0xF81F,0xF81F,0xF81F,0xF81F,0xF81F,0xF81F,0xF81F,0xF81F,0xF81F,0xFE89,
    0xFE89,0xFE89,0xFE89,0xFE89,0xF81F,0xF81F,0xF81F,0xF81F,0xF81F,0xF81F,0xF81F,0xF81F,
    0xF81F,0xF81F,0xF81F,0xF81F,0xF81F,0xF81F,0xF81F,0xF81F,0xF81F,0xF81F,0xF81F,0xF81F,
    0xF81F,0xF81F,0xF81F,0xF81F,0xF81F,0xF81F,0xF81F,0xF81F,0xF81F,0xF81F,0xF81F,0xF81F,
    0xF81F,0xF81F,0xF81F,0xF81F,0xF81F,0xF81F,0xF81F,0xF81F,0xF81F,0xF81F,0xF81F,0xF81F,
    0xF81F,0xF81F,0xF81F,0xF81F,0xF81F,0xF81F,0xF81F,0xF81F,0xF81F,0xF81F,0xF81F,0xF81F,
    0xF81F,0xF81F,0xF81F,0xF81F,0xF81F,0xF81F,0xF81F,0xF81F,0xF81F,0xF81F,0xF81F,0xF81F,
    0xF81F,0xF81F,0xF81F,0xF81F,0xF81F,0xF81F,0xF81F,0xF81F,0xF81F,0xF81F,0xF81F,0xF81F,
    0xF81F,0xF81F,0xF81F,0xF81F,0xF81F,0xF81F,0xF81F,0xF81F,0xF81F,0xF81F,0xF81F,0xF81F,
    0xF81F,0xF547,0xF547,0xFE69,0xFE89,0xFE89,0xF5C8,0xF547,0xF547,0xF547,0xF547,0xF5C8,
    0xFE89,0xFE89,0xFE69,0xF547,0xF547,0xF81F,0xF81F,0xF81F,0xF81F,0xF81F,0xF81F,0xF81F,
    0xF81F,0xF81F,0xF81F,0xF81F,0xF81F,0xF81F,0xF81F,0xF81F,0xF81F,0xF81F,0xF81F,0xF81F,
    0xF81F,0xF81F,0xF81F,0xF81F,0xF81F,0xF81F,0xF81F,0xF81F,0xF81F,0xF81F,0xF81F,0xF81F,
    0xF81F,0xF81F,0xF81F,0xF81F,0xFE89,0xFE89,0xFE89,0xFE89,0xFE89,0xFE89,0xF81F,0xF81F,
    0xF81F,0xF81F,0xF81F,0xF81F,0xF81F,0xF81F,0xF81F,0xF81F,0xF81F,0xF81F,0xF81F,0xF81F,
    0xF81F,0xF81F,0xF81F,0xF81F,0xF81F,0xF81F,0xF81F,0xF81F,0xF81F,0xF81F,0xF81F,0xF81F,
    0xF81F,0xF81F,0xF81F,0xF81F,0xF81F,0xF81F,0xF81F,0xF81F,0xF81F,0xF81F,0xF81F,0xF81F,
    0xF81F,0xF81F,0xF81F,0xF81F,0xF81F,0xF81F,0xF81F,0xF81F,0xF81F,0xF81F,0xF81F,0xF81F,
    0xF81F,0xF81F,0xF81F,0xF81F,0xF81F,0xF81F,0xF81F,0xF81F,0xF81F,0xF81F,0xF81F,0xF81F,
    0xF81F,0xF81F,0xF81F,0xF81F,0xF81F,0xF81F,0xF81F,0xF81F,0xF81F,0xF81F,0xF81F,0xF81F,
    0xF81F,0xF81F,0xF81F,0xF81F,0xF81F,0xF81F,0xF81F,0xF81F,0xF81F,0xF81F,0xF81F,0xF81F,
    0xF81F,0xF81F,0xF81F,0xF81F,0xF81F,0xF81F,0xF81F,0xF547,0xF587,0xFE89,0xFE28,0xF567,
    0xF547,0xED47,0xAC47,0xAC47,0xED47,0xF547,0xF567,0xFE28,0xFE89,0xF587,0xF547,0xF81F,
    0xF81F,0xF81F,0xF81F,0xF81F,0xF81F,0xF81F,0xF81F,0xF81F,0xF81F,0xF81F,0xF81F,0xF81F,
    0xF81F,0xF81F,0xF81F,0xF81F,0xF81F,0xF81F,0xF81F,0xF81F,0xF81F,0xF81F,0xF81F,0xF81F,
    0xF81F,0xF81F,0xF81F,0xF81F,0xF81F,0xF81F,0xF81F,0xF81F,0xF81F,0xF81F,0xFE89,0xFE89,
    0xFE89,0xFE89,0xFE89,0xFE89,0xF81F,0xF81F,0xF81F,0xF81F,0xF81F,0xF81F,0xF81F,0xF81F,
    0xF81F,0xF81F,0xF81F,0xF81F,0xF81F,0xF81F,0xF81F,0xF81F,0xF81F,0xF81F,0xF81F,0xF81F,
    0xF81F,0xF81F,0xF81F,0xF81F,0xF81F,0xF81F,0xF81F,0xF81F,0xF81F,0xF81F,0xF81F,0xF81F,
    0xF81F,0xF81F,0xF81F,0xF81F,0xF81F,0xF81F,0xF81F,0xF81F,0xF81F,0xF81F,0xF81F,0xF81F,
    0xF81F,0xF81F,0xF81F,0xF81F,0xF81F,0xF81F,0xF81F,0xF81F,0xF81F,0xF81F,0xF81F,0xF81F,
    0xF81F,0xF81F,0xF81F,0xF81F,0xF81F,0xF81F,0xF81F,0xF81F,0xF81F,0xF81F,0xF81F,0xF81F,
    0xF81F,0xF81F,0xF81F,0xF81F,0xF81F,0xF81F,0xF81F,0xF81F,0xF81F,0xF81F,0xF81F,0xF81F,
    0xF81F,0xF81F,0xF81F,0xF81F,0xF81F,0xF81F,0xF81F,0xF81F,0xF81F,0xF81F,0xF81F,0x09E8,
    0x93E7,0xF547,0xF5C8,0xF5C8,0xF547,0xF547,0xC4A7,0x3A88,0x09E8,0x09E8,0x3288,0xC487,
    0xF547,0xF547,0xF5A8,0xF5C8,0xF547,0x93E7,0x09E8,0xF81F,0xF81F,0xF81F,0xF81F,0xF81F,
    0xF81F,0xF81F,0xF81F,0xF81F,0xF81F,0xF81F,0xF81F,0xF81F,0xF81F,0xF81F,0xF81F,0xF81F,
    0xF81F,0xF81F,0xF81F,0xF81F,0xF81F,0xF81F,0xF81F,0xF81F,0xF81F,0xF81F,0xF81F,0xF81F,
    0xF81F,0xF81F,0xF81F,0xF81F,0xF81F,0xFE89,0xFE89,0xFE89,0xFE89,0xF81F,0xF81F,0xF81F,
    0xF81F,0xF81F,0xF81F,0xF81F,0xF81F,0xF81F,0xF81F,0xF81F,0xF81F,0xF81F,0xF81F,0xF81F,
    0xF81F,0xF81F,0xF81F,0xF81F,0xF81F,0xF81F,0xF81F,0xF81F,0xF81F,0xF81F,0xF81F,0xF81F,
    0xF81F,0xF81F,0xF81F,0xF81F,0xF81F,0xF81F,0xF81F,0xF81F,0xF81F,0xF81F,0xF81F,0xF81F,
    0xF81F,0xF81F,0xF81F,0xF81F,0xF81F,0xF81F,0xF81F,0xF81F,0xF81F,0xF81F,0xF81F,0xF81F,
    0xF81F,0xF81F,0xF81F,0xF81F,0xF81F,0xF81F,0xF81F,0xF81F,0xF81F,0xF81F,0xF81F,0xF81F,
    0xF81F,0xF81F,0xF81F,0xF81F,0xF81F,0xF81F,0xF81F,0xF81F,0xF81F,0xF81F,0xF81F,0xF81F,
    0xF81F,0xF81F,0xF81F,0xF81F,0xF81F,0xF81F,0xF81F,0xF81F,0xF81F,0xF81F,0xF81F,0xF81F,
    0xF81F,0x09E8,0x09E8,0x09E8,0x09E8,0x09E8,0xBC87,0xF547,0xF547,0xF547,0xED27,0x7367,
    0x11E8,0x09E8,0x09E8,0x09E8,0x09E8,0x11E8,0x7367,0xED27,0xF547,0xF547,0xF547,0xBC87,
    0x09E8,0x09E8,0x09E8,0x09E8,0x09E8,0xF81F,0xF81F,0xF81F,0xF81F,0xF81F,0xF81F,0xF81F,
    0xF81F,0xF81F,0xF81F,0xF81F,0xF81F,0xF81F,0xF81F,0xF81F,0xF81F,0xF81F,0xF81F,0xF81F,
    0xF81F,0xF81F,0xF81F,0xF81F,0xF81F,0xF81F,0xF81F,0xF81F,0xF81F,0xF81F,0xF81F,0xF81F,
    0xF81F,0xF81F,0xF81F,0xF81F,0xF81F,0xF81F,0xF81F,0xF81F,0xF81F,0xF81F,0xF81F,0xF81F,
    0xF81F,0xF81F,0xF81F,0xF81F,0xF81F,0xF81F,0xF81F,0xF81F,0xF81F,0xF81F,0xF81F,0xF81F,
    0xF81F,0xF81F,0xF81F,0xF81F,0xF81F,0xF81F,0xF81F,0xF81F,0xF81F,0xF81F,0xF81F,0xF81F,
    0xF81F,0xF81F,0xF81F,0xF81F,0xF81F,0xF81F,0xF81F,0xF81F,0xF81F,0xF81F,0xF81F,0xF81F,
    0xF81F,0xF81F,0xF81F,0xF81F,0xF81F,0xF81F,0xF81F,0xF81F,0xF81F,0xF81F,0xF81F,0xF81F,
    0xF81F,0xF81F,0xF81F,0xF81F,0xF81F,0xF81F,0xF81F,0xF81F,0xF81F,0xF81F,0xF81F,0xF81F,
    0xF81F,0xF81F,0xF81F,0xF81F,0xF81F,0xF81F,0xF81F,0xF81F,0xF81F,0xF81F,0xF81F,0xF81F,
    0xF81F,0xF81F,0xF81F,0xF81F,0x09E8,0x09E8,0x09E8,0x09E8,0x09E8,0x09E8,0x09E8,0x1A08,
    0xED27,0xF547,0xF547,0xBCA8,0x3B8C,0x1B8E,0x23CE,0x23EF,0x2430,0x2430,0x23EF,0x23CE,
    0x1B8E,0x3B8C,0xBCA8,0xF547,0xF547,0xED27,0x1A08,0x09E8,0x09E8,0x09E8,0x09E8,0x09E8,
    0x09E8,0x09E8,0xF81F,0xF81F,0xF81F,0xF81F,0xF81F,0xF81F,0xF81F,0xF81F,0xF81F,0xF81F,
    0xF81F,0xF81F,0xF81F,0xF81F,0xF81F,0xF81F,0xF81F,0xF81F,0xF81F,0xF81F,0xF81F,0xF81F,
    0xF81F,0xF81F,0xF81F,0xF81F,0xF81F,0xF81F,0xF81F,0xF81F,0xF81F,0xF81F,0xF81F,0xF81F,
    0xF81F,0xF81F,0xF81F,0xF81F,0xF81F,0xF81F,0xF81F,0xF81F,0xF81F,0xF81F,0xF81F,0xF81F,
    0xF81F,0xF81F,0xF81F,0xF81F,0xF81F,0xF81F,0xF81F,0xF81F,0xF81F,0xF81F,0xF81F,0xF81F,
    0xF81F,0xF81F,0xF81F,0xF81F,0xF81F,0xF81F,0xF81F,0xF81F,0xF81F,0xF81F,0xF81F,0xF81F,
    0xF81F,0xF81F,0xF81F,0xF81F,0xF81F,0xF81F,0xF81F,0xF81F,0xF81F,0xF81F,0xF81F,0xF81F,
    0xF81F,0xF81F,0xF81F,0xF81F,0xF81F,0xF81F,0xF81F,0xF81F,0xF81F,0xF81F,0xF81F,0xF81F,
    0xF81F,0xF81F,0xF81F,0xF81F,0xF81F,0xF81F,0xF81F,0xF81F,0xF81F,0xF81F,0xF81F,0xF81F,
    0xF81F,0xF81F,0xF81F,0xF81F,0xF81F,0xF81F,0xF81F,0xF81F,0x09E8,0x09E8,0x09E8,0x09E8,
    0x09E8,0x09E8,0x09E8,0x1208,0x1B0C,0x648D,0xF547,0xE548,0x8611,0x46D9,0x3ED9,0x3ED9,
    0x3ED9,0x3ED9,0x3ED9,0x3ED9,0x3ED9,0x3ED9,0x3ED9,0x3ED9,0x46D9,0x8611,0xE548,0xF547,
    0x648D,0x1B0C,0x1208,0x09E8,0x09E8,0x09E8,0x09E8,0x09E8,0x09E8,0x09E8,0xF81F,0xF81F,
    0xF81F,0xF81F,0xF81F,0xF81F,0xF81F,0xF81F,0xF81F,0xF81F,0xF81F,0xF81F,0xF81F,0xF81F,
    0xF81F,0xF81F,0xF81F,0xF81F,0xF81F,0xF81F,0xF81F,0xF81F,0xF81F,0xF81F,0xF81F,0xF81F,
    0xF81F,0xF81F,0xF81F,0xF81F,0xF81F,0xF81F,0xF81F,0xF81F,0xF81F,0xF81F,0xF81F,0xF81F,
    0xF81F,0xF81F,0xF81F,0xF81F,0xF81F,0xF81F,0xF81F,0xF81F,0xF81F,0xF81F,0xF81F,0xF81F,
    0xF81F,0xF81F,0xF81F,0xF81F,0xF81F,0xF81F,0xF81F,0xF81F,0xF81F,0xF81F,0xF81F,0xF81F,
    0xF81F,0xF81F,0xF81F,0xF81F,0xF81F,0xF81F,0xF81F,0xF81F,0xF81F,0xF81F,0xF81F,0xF81F,
    0xF81F,0xF81F,0xF81F,0xF81F,0xF81F,0xF81F,0xF81F,0xF81F,0xF81F,0xF81F,0xF81F,0xF81F,
    0xF81F,0xF81F,0xF81F,0xF81F,0xF81F,0xF81F,0xF81F,0xF81F,0xF81F,0xF81F,0xF81F,0xF81F,
    0xF81F,0xF81F,0xF81F,0xF81F,0xF81F,0xF81F,0xF81F,0xF81F,0xF81F,0xF81F,0xF81F,0xF81F,
    0x09E8,0x09E8,0x09E8,0x09E8,0x09E8,0x09E8,0x126A,0x240F,0x3595,0x3E98,0x3ED9,0xA5EE,
    0xBDAC,0x5697,0x3ED9,0x3ED9,0x3ED9,0x3ED9,0x3ED9,0x3ED9,0x3ED9,0x3ED9,0x3ED9,0x3ED9,
    0x3ED9,0x3ED9,0x3ED9,0x3ED9,0x56B7,0xB5CD,0xA5EF,0x3ED9,0x3E98,0x3594,0x240F,0x126A,
    0x09E8,0x09E8,0x09E8,0x09E8,0x09E8,0x09E8,0xF81F,0xF81F,0xF81F,0xF81F,0xF81F,0xF81F,
    0xF81F,0xF81F,0xF81F,0xF81F,0xF81F,0xF81F,0xF81F,0xF81F,0xF81F,0xF81F,0xF81F,0xF81F,
    0xF81F,0xF81F,0xF81F,0xF81F,0xF81F,0xF81F,0xF81F,0xF81F,0xF81F,0xF81F,0xF81F,0xF81F,
    0xF81F,0xF81F,0xF81F,0xF81F,0xF81F,0xF81F,0xF81F,0xF81F,0xF81F,0xF81F,0xF81F,0xF81F,
    0xF81F,0xF81F,0xF81F,0xF81F,0xF81F,0xF81F,0xF81F,0xF81F,0xF81F,0xF81F,0xF81F,0xF81F,
    0xF81F,0xF81F,0xF81F,0xF81F,0xF81F,0xF81F,0xF81F,0xF81F,0xF81F,0xF81F,0xF81F,0xF81F,
    0xF81F,0xF81F,0xF81F,0xF81F,0xF81F,0xF81F,0xF81F,0xF81F,0xF81F,0xF81F,0xF81F,0xF81F,
    0xF81F,0xF81F,0xF81F,0xF81F,0xF81F,0xF81F,0xF81F,0xF81F,0xF81F,0xF81F,0xF81F,0xF81F,
    0xF81F,0xF81F,0xF81F,0xF81F,0xF81F,0xF81F,0xF81F,0xF81F,0xF81F,0xF81F,0xF81F,0xF81F,
    0xF81F,0xF81F,0xF81F,0xF81F,0x09E8,0x09E8,0x09E8,0x09E8,0x09E8,0x1229,0x23CE,0x3594,
    0x3EB9,0x3ED9,0x3ED9,0x3ED9,0x3ED9,0x6675,0x3ED9,0x3ED9,0x3ED9,0x3ED9,0x3ED9,0x3ED9,
    0x3ED9,0x3ED9,0x3ED9,0x3ED9,0x3ED9,0x3ED9,0x3ED9,0x3ED9,0x3ED9,0x3ED9,0x3ED9,0x3ED9,
    0x6675,0x3ED9,0x3ED9,0x3ED9,0x3ED9,0x3EB9,0x3594,0x23CE,0x1229,0x09E8,0x09E8,0x09E8,
    0x09E8,0x09E8,0xF81F,0xF81F,0xF81F,0xF81F,0xF81F,0xF81F,0xF81F,0xF81F,0xF81F,0xF81F,
    0xF81F,0xF81F,0xF81F,0xF81F,0xF81F,0xF81F,0xF81F,0xF81F,0xF81F,0xF81F,0xF81F,0xF81F,
    0xF81F,0xF81F,0xF81F,0xF81F,0xF81F,0xF81F,0xF81F,0xF81F,0xF81F,0xF81F,0xF81F,0xF81F,
    0xF81F,0xF81F,0xF81F,0xF81F,0xF81F,0xF81F,0xF81F,0xF81F,0xF81F,0xF81F,0xF81F,0xF81F,
    0xF81F,0xF81F,0xF81F,0xF81F,0xF81F,0xF81F,0xF81F,0xF81F,0xF81F,0xF81F,0xF81F,0xF81F,
    0xF81F,0xF81F,0xF81F,0xF81F,0xF81F,0xF81F,0xF81F,0xF81F,0xF81F,0xF81F,0xF81F,0xF81F,
    0xF81F,0xF81F,0xF81F,0xF81F,0xF81F,0xF81F,0xF81F,0xF81F,0xF81F,0xF81F,0xF81F,0xF81F,
    0xF81F,0xF81F,0xF81F,0xF81F,0xF81F,0xF81F,0xF81F,0xF81F,0xF81F,0xF81F,0xF81F,0xF81F,
    0xF81F,0xF81F,0xF81F,0xF81F,0xF81F,0xF81F,0xF81F,0xF81F,0x09E8,0x09E8,0x09E8,0x09E8,
    0x09E8,0x1249,0x2450,0x3E78,0x3ED9,0x3ED9,0x3ED9,0x3ED9,0x3ED9,0x3ED9,0x3ED9,0x3ED9,
    0x3ED9,0x3ED9,0x3ED9,0x3ED9,0x3ED9,0x3ED9,0x3ED9,0x3ED9,0x3ED9,0x3ED9,0x3ED9,0x3ED9,
    0x3ED9,0x3ED9,0x3ED9,0x3ED9,0x3ED9,0x3ED9,0x3ED9,0x3ED9,0x3ED9,0x3ED9,0x3ED9,0x3ED9,
    0x3ED9,0x3ED9,0x3E78,0x2CB1,0x126A,0x09E8,0x09E8,0x09E8,0x09E8,0x09E8,0xF81F,0xF81F,
    0xF81F,0xF81F,0xF81F,0xF81F,0xF81F,0xF81F,0xF81F,0xF81F,0xF81F,0xF81F,0xF81F,0xF81F,
    0xF81F,0xF81F,0xF81F,0xF81F,0xF81F,0xF81F,0xF81F,0xF81F,0xF81F,0xF81F,0xF81F,0xF81F,
    0xF81F,0xF81F,0xF81F,0xF81F,0xF81F,0xF81F,0xF81F,0xF81F,0xF81F,0xF81F,0xF81F,0xF81F,
    0xF81F,0xF81F,0xF81F,0xF81F,0xF81F,0xF81F,0xF81F,0xF81F,0xF81F,0xF81F,0xF81F,0xF81F,
    0xF81F,0xF81F,0xF81F,0xF81F,0xF81F,0xF81F,0xF81F,0xF81F,0xF81F,0xF81F,0xF81F,0xF81F,
    0xF81F,0xF81F,0xF81F,0xF81F,0xF81F,0xF81F,0xF81F,0xF81F,0xF81F,0xF81F,0xF81F,0xF81F,
    0xF81F,0xF81F,0xF81F,0xF81F,0xF81F,0xF81F,0xF81F,0xF81F,0xF81F,0xF81F,0xF81F,0xF81F,
    0xF81F,0xF81F,0xF81F,0xF81F,0xF81F,0xF81F,0xF81F,0xF81F,0xF81F,0xF81F,0xF81F,0xF81F,
    0x09E8,0x09E8,0x09E8,0x09E8,0x09E8,0x126A,0x2CD2,0x3EB8,0x3ED9,0x3ED9,0x3ED9,0x3ED9,
    0x3ED9,0x3ED9,0x3ED9,0x3ED9,0x3ED9,0x3ED9,0x3ED9,0x3ED9,0x3ED9,0x3ED9,0x3ED9,0x3ED9,
    0x3ED9,0x3ED9,0x3ED9,0x3ED9,0x3ED9,0x3ED9,0x3ED9,0x3ED9,0x3ED9,0x3ED9,0x3ED9,0x3ED9,
    0x3ED9,0x3ED9,0x3ED9,0x3ED9,0x3ED9,0x3ED9,0x3ED9,0x3ED9,0x3ED9,0x3ED9,0x3E98,0x2CD2,
    0x126A,0x09E8,0x09E8,0x09E8,0x09E8,0x09E8,0xF81F,0xF81F,0xF81F,0xF81F,0xF81F,0xF81F,
    0xF81F,0xF81F,0xF81F,0xF81F,0xF81F,0xF81F,0xF81F,0xF81F,0xF81F,0xF81F,0xF81F,0xF81F,
    0xF81F,0xF81F,0xF81F,0xF81F,0xF81F,0xF81F,0xF81F,0xF81F,0xF81F,0xF81F,0xF81F,0xF81F,
    0xF81F,0xF81F,0xF81F,0xF81F,0xF81F,0xF81F,0xF81F,0xF81F,0xF81F,0xF81F,0xF81F,0xF81F,
    0xF81F,0xF81F,0xF81F,0xF81F,0xF81F,0xF81F,0xF81F,0xF81F,0xF81F,0xF81F,0xF81F,0xF81F,
    0xF81F,0xF81F,0xF81F,0xF81F,0xF81F,0xF81F,0xF81F,0xF81F,0xF81F,0xF81F,0xF81F,0xF81F,
    0xF81F,0xF81F,0xF81F,0xF81F,0xF81F,0xF81F,0xF81F,0xF81F,0xF81F,0xF81F,0xF81F,0xF81F,
    0xF81F,0xF81F,0xF81F,0xF81F,0xF81F,0xF81F,0xF81F,0xF81F,0xF81F,0xF81F,0xF81F,0xF81F,
    0xF81F,0xF81F,0xF81F,0xF81F,0xF81F,0x09E8,0x09E8,0x09E8,0x09E8,0x1208,0x240F,0x3E98,
    0x3ED9,0x3ED9,0x3ED9,0x3ED9,0x3ED9,0x3ED9,0x3ED9,0x3ED9,0x3ED9,0x3ED9,0x3ED9,0x3ED9,
    0x3ED9,0x3ED9,0x3ED9,0x3ED9,0x3ED9,0x3ED9,0x3ED9,0x3ED9,0x3ED9,0x3ED9,0x3ED9,0x3ED9,
    0x3ED9,0x3ED9,0x3ED9,0x3ED9,0x3ED9,0x3ED9,0x3ED9,0x3ED9,0x3ED9,0x3ED9,0x3ED9,0x3ED9,
    0x3ED9,0x3ED9,0x3ED9,0x3ED9,0x3ED9,0x3ED9,0x3E98,0x2450,0x1208,0x09E8,0x09E8,0x09E8,
    0x09E8,0xF81F,0xF81F,0xF81F,0xF81F,0xF81F,0xF81F,0xF81F,0xF81F,0xF81F,0xF81F,0xF81F,
    0xF81F,0xF81F,0xF81F,0xF81F,0xF81F,0xF81F,0xF81F,0xF81F,0xF81F,0xF81F,0xF81F,0xF81F,
    0xF81F,0xF81F,0xF81F,0xF81F,0xF81F,0xF81F,0xF81F,0xF81F,0xF81F,0xF81F,0xF81F,0xF81F,
    0xF81F,0xF81F,0xF81F,0xF81F,0xF81F,0xF81F,0xF81F,0xF81F,0xF81F,0xF81F,0xF81F,0xF81F,
    0xF81F,0xF81F,0xF81F,0xF81F,0xF81F,0xF81F,0xF81F,0xF81F,0xF81F,0xF81F,0xF81F,0xF81F,
    0xF81F,0xF81F,0xF81F,0xF81F,0xF81F,0xF81F,0xF81F,0xF81F,0xF81F,0xF81F,0xF81F,0xF81F,
    0xF81F,0xF81F,0xF81F,0xF81F,0xF81F,0xF81F,0xF81F,0xF81F,0xF81F,0xF81F,0xF81F,0xF81F,
    0xF81F,0xF81F,0xF81F,0xF81F,0xF81F,0xF81F,0xF81F,0xF81F,0xF81F,0xF81F,0x09E8,0x09E8,
    0x09E8,0x09E8,0x1B4D,0x3E16,0x3ED9,0x3ED9,0x3ED9,0x3ED9,0x3ED9,0x3ED9,0x3ED9,0x3ED9,
    0x3ED9,0x3ED9,0x3ED9,0x3ED9,0x3ED9,0x3ED9,0x3ED9,0x3ED9,0x3ED9,0x3ED9,0x3ED9,0x3ED9,
    0x3ED9,0x3ED9,0x3ED9,0x3ED9,0x3ED9,0x3ED9,0x3ED9,0x3ED9,0x3ED9,0x3ED9,0x3ED9,0x3ED9,
    0x3ED9,0x3ED9,0x3ED9,0x3ED9,0x3ED9,0x3ED9,0x3ED9,0x3ED9,0x3ED9,0x3ED9,0x3ED9,0x3ED9,
    0x3ED9,0x3ED9,0x3E16,0x1B4D,0x09E8,0x09E8,0x09E8,0x09E8,0xF81F,0xF81F,0xF81F,0xF81F,
    0xF81F,0xF81F,0xF81F,0xF81F,0xF81F,0xF81F,0xF81F,0xF81F,0xF81F,0xF81F,0xF81F,0xF81F,
    0xF81F,0xF81F,0xF81F,0xF81F,0xF81F,0xF81F,0xF81F,0xF81F,0xF81F,0xF81F,0xF81F,0xF81F,
    0xF81F,0xF81F,0xF81F,0xF81F,0xF81F,0xF81F,0xF81F,0xF81F,0xF81F,0xF81F,0xF81F,0xF81F,
    0xF81F,0xF81F,0xF81F,0xF81F,0xF81F,0xF81F,0xF81F,0xF81F,0xF81F,0xF81F,0xF81F,0xF81F,
    0xF81F,0xF81F,0xF81F,0xF81F,0xF81F,0xF81F,0xF81F,0xF81F,0xF81F,0xF81F,0xF81F,0xF81F,
    0xF81F,0xF81F,0xF81F,0xF81F,0xF81F,0xF81F,0xF81F,0xF81F,0xF81F,0xF81F,0xF81F,0xF81F,
    0xF81F,0xF81F,0xF81F,0xF81F,0xF81F,0xF81F,0xF81F,0xF81F,0xF81F,0xF81F,0xF81F,0xF81F,
    0xF81F,0xF81F,0x09E8,0x09E8,0x09E8,0x09E8,0x1208,0x2CB1,0x3EB9,0x3ED9,0x3ED9,0x3ED9,
    0x3ED9,0x3ED9,0x3ED9,0x3ED9,0x3ED9,0x3ED9,0x3ED9,0x3ED9,0x3ED9,0x3ED9,0x3ED9,0x3ED9,
    0x3ED9,0x3ED9,0x3ED9,0x3ED9,0x3ED9,0x3ED9,0x3ED9,0x3ED9,0x3ED9,0x3ED9,0x3ED9,0x3ED9,
    0x3ED9,0x3ED9,0x3ED9,0x3ED9,0x3ED9,0x3ED9,0x3ED9,0x3ED9,0x3ED9,0x3ED9,0x3ED9,0x3ED9,
    0x3ED9,0x3ED9,0x3ED9,0x3ED9,0x3ED9,0x3ED9,0x3ED9,0x3ED9,0x3ED9,0x3EB9,0x2CD2,0x1209,
    0x09E8,0x09E8,0x09E8,0x09E8,0xF81F,0xF81F,0xF81F,0xF81F,0xF81F,0xF81F,0xF81F,0xF81F,
    0xF81F,0xF81F,0xF81F,0xF81F,0xF81F,0xF81F,0xF81F,0xF81F,0xF81F,0xF81F,0xF81F,0xF81F,
    0xF81F,0xF81F,0xF81F,0xF81F,0xF81F,0xF81F,0xF81F,0xF81F,0xF81F,0xF81F,0xF81F,0xF81F,
    0xF81F,0xF81F,0xF81F,0xF81F,0xF81F,0xF81F,0xF81F,0xF81F,0xF81F,0xF81F,0xF81F,0xF81F,
    0xF81F,0xF81F,0xF81F,0xF81F,0xF81F,0xF81F,0xF81F,0xF81F,0xF81F,0xF81F,0xF81F,0xF81F,
    0xF81F,0xF81F,0xF81F,0xF81F,0xF81F,0xF81F,0xF81F,0xF81F,0xF81F,0xF81F,0xF81F,0xF81F,
    0xF81F,0xF81F,0xF81F,0xF81F,0xF81F,0xF81F,0xF81F,0xF81F,0xF81F,0xF81F,0xF81F,0xF81F,
    0xF81F,0xF81F,0xF81F,0xF81F,0xF81F,0xF81F,0xF81F,0x09E8,0x09E8,0x09E8,0x09E8,0x12AB,
    0x35D6,0x3ED9,0x3ED9,0x3ED9,0x3ED9,0x3ED9,0x3ED9,0x3ED9,0x3ED9,0x3ED9,0x3ED9,0x3ED9,
    0x3ED9,0x3ED9,0x3ED9,0x3ED9,0x3ED9,0x3ED9,0x3ED9,0x3ED9,0x3ED9,0x3ED9,0x3ED9,0x3ED9,
    0x3ED9,0x3ED9,0x3ED9,0x3ED9,0x3ED9,0x3ED9,0x3ED9,0x3ED9,0x3ED9,0x3ED9,0x3ED9,0x3ED9,
    0x3ED9,0x3ED9,0x3ED9,0x3ED9,0x3ED9,0x3ED9,0x3ED9,0x3ED9,0x3ED9,0x3ED9,0x3ED9,0x3ED9,
    0x3ED9,0x3ED9,0x3ED9,0x3ED9,0x3ED9,0x35F6,0x1ACB,0x09E8,0x09E8,0x09E8,0x09E8,0xF81F,
    0xF81F,0xF81F,0xF81F,0xF81F,0xF81F,0xF81F,0xF81F,0xF81F,0xF81F,0xF81F,0xF81F,0xF81F,
    0xF81F,0xF81F,0xF81F,0xF81F,0xF81F,0xF81F,0xF81F,0xF81F,0xF81F,0xF81F,0xF81F,0xF81F,
    0xF81F,0xF81F,0xF81F,0xF81F,0xF81F,0xF81F,0xF81F,0xF81F,0xF81F,0xF81F,0xF81F,0xF81F,
    0xF81F,0xF81F,0xF81F,0xF81F,0xF81F,0xF81F,0xF81F,0xF81F,0xF81F,0xF81F,0xF81F,0xF81F,
    0xF81F,0xF81F,0xF81F,0xF81F,0xF81F,0xF81F,0xF81F,0xF81F,0xF81F,0xF81F,0xF81F,0xF81F,
    0xF81F,0xF81F,0xF81F,0xF81F,0xF81F,0xF81F,0xF81F,0xF81F,0xF81F,0xF81F,0xF81F,0xF81F,
    0xF81F,0xF81F,0xF81F,0xF81F,0xF81F,0xF81F,0xF81F,0xF81F,0xF81F,0xF81F,0xF81F,0xF81F,
    0x09E8,0x09E8,0x09E8,0x09E8,0x1B6D,0x3E98,0x3ED9,0x3ED9,0x3ED9,0x3ED9,0x3ED9,0x3ED9,
    0x3ED9,0x3ED9,0x3ED9,0x3ED9,0x3ED9,0x3ED9,0x3ED9,0x3ED9,0x3ED9,0x3ED9,0x3ED9,0x3ED9,
    0x3ED9,0x3ED9,0x3ED9,0x3ED9,0x3ED9,0x3ED9,0x3ED9,0x3ED9,0x3ED9,0x3ED9,0x3ED9,0x3ED9,
    0x3ED9,0x3ED9,0x3ED9,0x3ED9,0x3ED9,0x3ED9,0x3ED9,0x3ED9,0x3ED9,0x3ED9,0x3ED9,0x3ED9,
    0x3ED9,0x3ED9,0x3ED9,0x3ED9,0x3ED9,0x3ED9,0x3ED9,0x3ED9,0x3ED9,0x3ED9,0x3ED9,0x3ED9,
    0x3E98,0x1B6D,0x09E8,0x09E8,0x09E8,0x09E8,0xF81F,0xF81F,0xF81F,0xF81F,0xF81F,0xF81F,
    0xF81F,0xF81F,0xF81F,0xF81F,0xF81F,0xF81F,0xF81F,0xF81F,0xF81F,0xF81F,0xF81F,0xF81F,
    0xF81F,0xF81F,0xF81F,0xF81F,0xF81F,0xF81F,0xF81F,0xF81F,0xF81F,0xF81F,0xF81F,0xF81F,
    0xF81F,0xF81F,0xF81F,0xF81F,0xF81F,0xF81F,0xF81F,0xF81F,0xF81F,0xF81F,0xF81F,0xF81F,
    0xF81F,0xF81F,0xF81F,0xF81F,0xF81F,0xF81F,0xF81F,0xF81F,0xF81F,0xF81F,0xF81F,0xF81F,
    0xF81F,0xF81F,0xF81F,0xF81F,0xF81F,0xF81F,0xF81F,0xF81F,0xF81F,0xF81F,0xF81F,0xF81F,
    0xF81F,0xF81F,0xF81F,0xF81F,0xF81F,0xF81F,0xF81F,0xF81F,0xF81F,0xF81F,0xF81F,0xF81F,
    0xF81F,0xF81F,0xF81F,0xF81F,0xF81F,0x09E8,0x09E8,0x09E8,0x09E8,0x240F,0x3EB9,0x3ED9,
    0x3ED9,0x3ED9,0x3ED9,0x3ED9,0x3ED9,0x3ED9,0x3ED9,0x3ED9,0x3ED9,0x3ED9,0x3ED9,0x3ED9,
    0x3ED9,0x3ED9,0x3ED9,0x3ED9,0x3ED9,0x3ED9,0x3ED9,0x3ED9,0x3ED9,0x3ED9,0x3ED9,0x3ED9,
    0x3ED9,0x3ED9,0x3ED9,0x3ED9,0x3ED9,0x3ED9,0x3ED9,0x3ED9,0x3ED9,0x3ED9,0x3ED9,0x3ED9,
    0x3ED9,0x3ED9,0x3ED9,0x3ED9,0x3ED9,0x3ED9,0x3ED9,0x3ED9,0x3ED9,0x3ED9,0x3ED9,0x3ED9,
    0x3ED9,0x3ED9,0x3ED9,0x3ED9,0x3ED9,0x3ED9,0x3ED9,0x3EB9,0x2450,0x09E8,0x09E8,0x09E8,
    0x09E8,0xF81F,0xF81F,0xF81F,0xF81F,0xF81F,0xF81F,0xF81F,0xF81F,0xF81F,0xF81F,0xF81F,
    0xF81F,0xF81F,0xF81F,0xF81F,0xF81F,0xF81F,0xF81F,0xF81F,0xF81F,0xF81F,0xF81F,0xF81F,
    0xF81F,0xF81F,0xF81F,0xF81F,0xF81F,0xF81F,0xF81F,0xF81F,0xF81F,0xF81F,0xF81F,0xF81F,
    0xF81F,0xF81F,0xF81F,0xF81F,0xF81F,0xF81F,0xF81F,0xF81F,0xF81F,0xF81F,0xF81F,0xF81F,
    0xF81F,0xF81F,0xF81F,0xF81F,0xF81F,0xF81F,0xF81F,0xF81F,0xF81F,0xF81F,0xF81F,0xF81F,
    0xF81F,0xF81F,0xF81F,0xF81F,0xF81F,0xF81F,0xF81F,0xF81F,0xF81F,0xF81F,0xF81F,0xF81F,
    0xF81F,0xF81F,0xF81F,0xF81F,0xF81F,0xF81F,0xF81F,0xF81F,0xF81F,0xF81F,0x09E8,0x09E8,
    0x09E8,0x09E8,0x2CB1,0x3ED9,0x3ED9,0x3ED9,0x3ED9,0x3ED9,0x3ED9,0x3ED9,0x3ED9,0x3ED9,
    0x3ED9,0x3ED9,0x3ED9,0x3ED9,0x3ED9,0x3ED9,0x3ED9,0x3ED9,0x3ED9,0x3ED9,0x3ED9,0x3ED9,
    0x3ED9,0x3ED9,0x3ED9,0x3ED9,0x3ED9,0x3ED9,0x3ED9,0x3ED9,0x3ED9,0x3ED9,0x3ED9,0x3ED9,
    0x3ED9,0x3ED9,0x3ED9,0x3ED9,0x3ED9,0x3ED9,0x3ED9,0x3ED9,0x3ED9,0x3ED9,0x3ED9,0x3ED9,
    0x3ED9,0x3ED9,0x3ED9,0x3ED9,0x3ED9,0x3ED9,0x3ED9,0x3ED9,0x3ED9,0x3ED9,0x3ED9,0x3ED9,
    0x3ED9,0x3ED9,0x3ED9,0x2CB1,0x09E8,0x09E8,0x09E8,0x09E8,0xF81F,0xF81F,0xF81F,0xF81F,
    0xF81F,0xF81F,0xF81F,0xF81F,0xF81F,0xF81F,0xF81F,0xF81F,0xF81F,0xF81F,0xF81F,0xF81F,
    0xF81F,0xF81F,0xF81F,0xF81F,0xF81F,0xF81F,0xF81F,0xF81F,0xF81F,0xF81F,0xF81F,0xF81F,
    0xF81F,0xF81F,0xF81F,0xF81F,0xF81F,0xF81F,0xF81F,0xF81F,0xF81F,0xF81F,0xF81F,0xF81F,
    0xF81F,0xF81F,0xF81F,0xF81F,0xF81F,0xF81F,0xF81F,0xF81F,0xF81F,0xF81F,0xF81F,0xF81F,
    0xF81F,0xF81F,0xF81F,0xF81F,0xF81F,0xF81F,0xF81F,0xF81F,0xF81F,0xF81F,0xF81F,0xF81F,
    0xF81F,0xF81F,0xF81F,0xF81F,0xF81F,0xF81F,0xF81F,0xF81F,0xF81F,0xF81F,0xF81F,0xF81F,
    0xF81F,0xF81F,0xF81F,0x09E8,0x09E8,0x09E8,0x09E8,0x2CB1,0x3ED9,0x3ED9,0x3ED9,0x3ED9,
    0x3ED9,0x3ED9,0x3ED9,0x3ED9,0x3ED9,0x3ED9,0x3ED9,0x3ED9,0x3ED9,0x3ED9,0x3ED9,0x3ED9,
    0x3ED9,0x3ED9,0x3ED9,0x3ED9,0x3ED9,0x3ED9,0x3ED9,0x3ED9,0x3ED9,0x3ED9,0x3ED9,0x3ED9,
    0x3ED9,0x3ED9,0x3ED9,0x3ED9,0x3ED9,0x3ED9,0x3ED9,0x3ED9,0x3ED9,0x3ED9,0x3ED9,0x3ED9,
    0x3ED9,0x3ED9,0x3ED9,0x3ED9,0x3ED9,0x3ED9,0x3ED9,0x3ED9,0x3ED9,0x3ED9,0x3ED9,0x3ED9,
    0x3ED9,0x3ED9,0x3ED9,0x3ED9,0x3ED9,0x3ED9,0x3ED9,0x3ED9,0x3ED9,0x3ED9,0x2CB1,0x09E8,
    0x09E8,0x09E8,0x09E8,0xF81F,0xF81F,0xF81F,0xF81F,0xF81F,0xF81F,0xF81F,0xF81F,0xF81F,
    0xF81F,0xF81F,0xF81F,0xF81F,0xF81F,0xF81F,0xF81F,0xF81F,0xF81F,0xF81F,0xF81F,0xF81F,
    0xF81F,0xF81F,0xF81F,0xF81F,0xF81F,0xF81F,0xF81F,0xF81F,0xF81F,0xF81F,0xF81F,0xF81F,
    0xF81F,0xF81F,0xF81F,0xF81F,0xF81F,0xF81F,0xF81F,0xF81F,0xF81F,0xF81F,0xF81F,0xF81F,
    0xF81F,0xF81F,0xF81F,0xF81F,0xF81F,0xF81F,0xF81F,0xF81F,0xF81F,0xF81F,0xF81F,0xF81F,
    0xF81F,0xF81F,0xF81F,0xF81F,0xF81F,0xF81F,0xF81F,0xF81F,0xF81F,0xF81F,0xF81F,0xF81F,
    0xF81F,0xF81F,0xF81F,0xF81F,0xF81F,0xF81F,0xF81F,0xF81F,0x09E8,0x09E8,0x09E8,0x09E8,
    0x2C71,0x3ED9,0x3ED9,0x3ED9,0x3ED9,0x3ED9,0x3ED9,0x3ED9,0x3ED9,0x3ED9,0x3ED9,0x3ED9,
    0x3ED9,0x3ED9,0x3ED9,0x3ED9,0x3ED9,0x3ED9,0x3ED9,0x3ED9,0x3ED9,0x3ED9,0x3ED9,0x3ED9,
    0x3ED9,0x3ED9,0x3ED9,0x3ED9,0x3ED9,0x3ED9,0x3ED9,0x3ED9,0x3ED9,0x3ED9,0x3ED9,0x3ED9,
    0x3ED9,0x3ED9,0x3ED9,0x3ED9,0x3ED9,0x3ED9,0x3ED9,0x3ED9,0x3ED9,0x3ED9,0x3ED9,0x3ED9,
    0x3ED9,0x3ED9,0x3ED9,0x3ED9,0x3ED9,0x3ED9,0x3ED9,0x3ED9,0x3ED9,0x3ED9,0x3ED9,0x3ED9,
    0x3ED9,0x3ED9,0x3ED9,0x3ED9,0x3ED9,0x2470,0x09E8,0x09E8,0x09E8,0x09E8,0xF81F,0xF81F,
    0xF81F,0xF81F,0xF81F,0xF81F,0xF81F,0xF81F,0xF81F,0xF81F,0xF81F,0xF81F,0xF81F,0xF81F,
    0xF81F,0xF81F,0xF81F,0xF81F,0xF81F,0xF81F,0xF81F,0xF81F,0xF81F,0xF81F,0xF81F,0xF81F,
    0xF81F,0xF81F,0xF81F,0xF81F,0xF81F,0xF81F,0xF81F,0xF81F,0xF81F,0xF81F,0xF81F,0xF81F,
    0xF81F,0xF81F,0xF81F,0xF81F,0xF81F,0xF81F,0xF81F,0xF81F,0xF81F,0xF81F,0xF81F,0xF81F,
    0xF81F,0xF81F,0xF81F,0xF81F,0xF81F,0xF81F,0xF81F,0xF81F,0xF81F,0xF81F,0xF81F,0xF81F,
    0xF81F,0xF81F,0xF81F,0xF81F,0xF81F,0xF81F,0xF81F,0xF81F,0xF81F,0xF81F,0xF81F,0xF81F,
    0xF81F,0xF81F,0x09E8,0x09E8,0x09E8,0x2430,0x3ED9,0x3ED9,0x3ED9,0x3ED9,0x3ED9,0x3ED9,
    0x3ED9,0x3ED9,0x3ED9,0x3ED9,0x3ED9,0x3ED9,0x3ED9,0x3ED9,0x3ED9,0x3ED9,0x3ED9,0x3ED9,
    0x3ED9,0x3ED9,0x3ED9,0x3ED9,0x3ED9,0x3ED9,0x3ED9,0x3ED9,0x3ED9,0x3ED9,0x3ED9,0x3ED9,
    0x3ED9,0x3ED9,0x3ED9,0x3ED9,0x3ED9,0x3ED9,0x3ED9,0x3ED9,0x3ED9,0x3ED9,0x3ED9,0x3ED9,
    0x3ED9,0x3ED9,0x3ED9,0x3ED9,0x3ED9,0x3ED9,0x3ED9,0x3ED9,0x3ED9,0x3ED9,0x3ED9,0x3ED9,
    0x3ED9,0x3ED9,0x3ED9,0x3ED9,0x3ED9,0x3ED9,0x3ED9,0x3ED9,0x3ED9,0x3ED9,0x3ED9,0x3ED9,
    0x2410,0x09E8,0x09E8,0x09E8,0xF81F,0xF81F,0xF81F,0xF81F,0xF81F,0xF81F,0xF81F,0xF81F,
    0xF81F,0xF81F,0xF81F,0xF81F,0xF81F,0xF81F,0xF81F,0xF81F,0xF81F,0xF81F,0xF81F,0xF81F,
    0xF81F,0xF81F,0xF81F,0xF81F,0xF81F,0xF81F,0xF81F,0xF81F,0xF81F,0xF81F,0xF81F,0xF81F,
    0xF81F,0xF81F,0xF81F,0xF81F,0xF81F,0xF81F,0xF81F,0xF81F,0xF81F,0xF81F,0xF81F,0xF81F,
    0xF81F,0xF81F,0xF81F,0xF81F,0xF81F,0xF81F,0xF81F,0xF81F,0xF81F,0xF81F,0xF81F,0xF81F,
    0xF81F,0xF81F,0xF81F,0xF81F,0xF81F,0xF81F,0xF81F,0xF81F,0xF81F,0xF81F,0xF81F,0xF81F,
    0xF81F,0xF81F,0xF81F,0xF81F,0xF81F,0xF81F,0xF81F,0x09E8,0x09E8,0x09E8,0x1B2C,0x3EB9,
    0x3ED9,0x3ED9,0x3ED9,0x3ED9,0x3ED9,0x3ED9,0x3ED9,0x3ED9,0x3ED9,0x3ED9,0x3ED9,0x4ED9,
    0x66FA,0x771A,0x7F3B,0x873B,0x8F3B,0x8F3B,0x873B,0x7F3B,0x771A,0x66FA,0x4ED9,0x3ED9,
    0x3ED9,0x3ED9,0x3ED9,0x3ED9,0x3ED9,0x3ED9,0x3ED9,0x3ED9,0x3ED9,0x3ED9,0x3ED9,0x3ED9,
    0x3ED9,0x3ED9,0x3ED9,0x3ED9,0x3ED9,0x3ED9,0x3ED9,0x3ED9,0x3ED9,0x3ED9,0x3ED9,0x3ED9,
    0x3ED9,0x3ED9,0x3ED9,0x3ED9,0x3ED9,0x3ED9,0x3ED9,0x3ED9,0x3ED9,0x3ED9,0x3ED9,0x3ED9,
    0x3ED9,0x3ED9,0x3ED9,0x3ED9,0x3ED9,0x3ED9,0x3EB9,0x1B4D,0x09E8,0x09E8,0x09E8,0xF81F,
    0xF81F,0xF81F,0xF81F,0xF81F,0xF81F,0xF81F,0xF81F,0xF81F,0xF81F,0xF81F,0xF81F,0xF81F,
    0xF81F,0xF81F,0xF81F,0xF81F,0xF81F,0xF81F,0xF81F,0xF81F,0xF81F,0xF81F,0xF81F,0xF81F,
    0xF81F,0xF81F,0xF81F,0xF81F,0xF81F,0xF81F,0xF81F,0xF81F,0xF81F,0xF81F,0xF81F,0xF81F,
    0xF81F,0xF81F,0xF81F,0xF81F,0xF81F,0xF81F,0xF81F,0xF81F,0xF81F,0xF81F,0xF81F,0xF81F,
    0xF81F,0xF81F,0xF81F,0xF81F,0xF81F,0xF81F,0xF81F,0xF81F,0xF81F,0xF81F,0xF81F,0xF81F,
    0xF81F,0xF81F,0xF81F,0xF81F,0xF81F,0xF81F,0xF81F,0xF81F,0xF81F,0xF81F,0xF81F,0xF81F,
    0x09E8,0x09E8,0x09E8,0x128A,0x3E78,0x3ED9,0x3ED9,0x3ED9,0x3ED9,0x3ED9,0x3ED9,0x3ED9,
    0x3ED9,0x3ED9,0x46D9,0x5EFA,0x7F3B,0x8F5B,0x8F5B,0x8F5B,0x8F5B,0x8F5B,0x8F5B,0x8F5B,
    0x8F5B,0x8F5B,0x8F5B,0x8F5B,0x8F5B,0x7F3B,0x5EFA,0x46D9,0x3ED9,0x3ED9,0x3ED9,0x3ED9,
    0x3ED9,0x3ED9,0x3ED9,0x3ED9,0x3ED9,0x3ED9,0x3ED9,0x3ED9,0x3ED9,0x3ED9,0x3ED9,0x3ED9,
    0x3ED9,0x3ED9,0x3ED9,0x3ED9,0x3ED9,0x3ED9,0x3ED9,0x3ED9,0x3ED9,0x3ED9,0x3ED9,0x3ED9,
    0x3ED9,0x3ED9,0x3ED9,0x3ED9,0x3ED9,0x3ED9,0x3ED9,0x3ED9,0x3ED9,0x3ED9,0x3ED9,0x3ED9,
    0x3ED9,0x3E77,0x128A,0x09E8,0x09E8,0x09E8,0xF81F,0xF81F,0xF81F,0xF81F,0xF81F,0xF81F,
    0xF81F,0xF81F,0xF81F,0xF81F,0xF81F,0xF81F,0xF81F,0xF81F,0xF81F,0xF81F,0xF81F,0xF81F,
    0xF81F,0xF81F,0xF81F,0xF81F,0xF81F,0xF81F,0xF81F,0xF81F,0xF81F,0xF81F,0xF81F,0xF81F,
    0xF81F,0xF81F,0xF81F,0xF81F,0xF81F,0xF81F,0xF81F,0xF81F,0xF81F,0xF81F,0xF81F,0xF81F,
    0xF81F,0xF81F,0xF81F,0xF81F,0xF81F,0xF81F,0xF81F,0xF81F,0xF81F,0xF81F,0xF81F,0xF81F,
    0xF81F,0xF81F,0xF81F,0xF81F,0xF81F,0xF81F,0xF81F,0xF81F,0xF81F,0xF81F,0xF81F,0xF81F,
    0xF81F,0xF81F,0xF81F,0xF81F,0xF81F,0xF81F,0x09E8,0x09E8,0x1208,0x35D5,0x3ED9,0x3ED9,
    0x3ED9,0x3ED9,0x3ED9,0x3ED9,0x3ED9,0x3ED9,0x3ED9,0x56FA,0x873B,0x8F5B,0x8F5B,0x8F5B,
    0x8F5B,0x8F5B,0x8F5B,0x8F5B,0x8F5B,0x8F5B,0x8F5B,0x8F5B,0x8F5B,0x8F5B,0x8F5B,0x8F5B,
    0x8F5B,0x873B,0x56FA,0x3ED9,0x3ED9,0x3ED9,0x3ED9,0x3ED9,0x3ED9,0x3ED9,0x3ED9,0x3ED9,
    0x3ED9,0x3ED9,0x3ED9,0x3ED9,0x3ED9,0x3ED9,0x3ED9,0x3ED9,0x3ED9,0x3ED9,0x3ED9,0x3ED9,
    0x3ED9,0x3ED9,0x3ED9,0x3ED9,0x3ED9,0x3ED9,0x3ED9,0x3ED9,0x3ED9,0x3ED9,0x3ED9,0x3ED9,
    0x3ED9,0x3ED9,0x3ED9,0x3ED9,0x3ED9,0x3ED9,0x3ED9,0x3ED9,0x35D5,0x1208,0x09E8,0x09E8,
    0xF81F,0xF81F,0xF81F,0xF81F,0xF81F,0xF81F,0xF81F,0xF81F,0xF81F,0xF81F,0xF81F,0xF81F,
    0xF81F,0xF81F,0xF81F,0xF81F,0xF81F,0xF81F,0xF81F,0xF81F,0xF81F,0xF81F,0xF81F,0xF81F,
    0xF81F,0xF81F,0xF81F,0xF81F,0xF81F,0xF81F,0xF81F,0xF81F,0xF81F,0xF81F,0xF81F,0xF81F,
    0xF81F,0xF81F,0xF81F,0xF81F,0xF81F,0xF81F,0xF81F,0xF81F,0xF81F,0xF81F,0xF81F,0xF81F,
    0xF81F,0xF81F,0xF81F,0xF81F,0xF81F,0xF81F,0xF81F,0xF81F,0xF81F,0xF81F,0xF81F,0xF81F,
    0xF81F,0xF81F,0xF81F,0xF81F,0xF81F,0xF81F,0xF81F,0xF81F,0xF81F,0xF81F,0xF81F,0x09E8,
    0x09E8,0x09E8,0x2C71,0x3ED9,0x3ED9,0x3ED9,0x3ED9,0x3ED9,0x3ED9,0x3ED9,0x3ED9,0x3ED9,
    0x671A,0x8F5B,0x8F5B,0x8F5B,0x8F5B,0x8F5B,0x8F5B,0x8F5B,0x8F5B,0x8F5B,0x8F5B,0x8F5B,
    0x8F5B,0x8F5B,0x8F5B,0x8F5B,0x8F5B,0x8F5B,0x8F5B,0x8F5B,0x8F5B,0x6F1A,0x46D9,0x3ED9,
    0x3ED9,0x3ED9,0x3ED9,0x3ED9,0x3ED9,0x3ED9,0x3ED9,0x3ED9,0x3ED9,0x3ED9,0x3ED9,0x3ED9,
    0x3ED9,0x3ED9,0x3ED9,0x3ED9,0x3ED9,0x3ED9,0x3ED9,0x3ED9,0x3ED9,0x3ED9,0x3ED9,0x3ED9,
    0x3ED9,0x3ED9,0x3ED9,0x3ED9,0x3ED9,0x3ED9,0x3ED9,0x3ED9,0x3ED9,0x3ED9,0x3ED9,0x3ED9,
    0x3ED9,0x3ED9,0x3ED9,0x2470,0x09E8,0x09E8,0x09E8,0xF81F,0xF81F,0xF81F,0xF81F,0xF81F,
    0xF81F,0xF81F,0xF81F,0xF81F,0xF81F,0xF81F,0xF81F,0xF81F,0xF81F,0xF81F,0xF81F,0xF81F,
    0xF81F,0xF81F,0xF81F,0xF81F,0xF81F,0xF81F,0xF81F,0xF81F,0xF81F,0xF81F,0xF81F,0xF81F,
    0xF81F,0xF81F,0xF81F,0xF81F,0xF81F,0xF81F,0xF81F,0xF81F,0xF81F,0xF81F,0xF81F,0xF81F,
    0xF81F,0xF81F,0xF81F,0xF81F,0xF81F,0xF81F,0xF81F,0xF81F,0xF81F,0xF81F,0xF81F,0xF81F,
    0xF81F,0xF81F,0xF81F,0xF81F,0xF81F,0xF81F,0xF81F,0xF81F,0xF81F,0xF81F,0xF81F,0xF81F,
    0xF81F,0xF81F,0xF81F,0xF81F,0x09E8,0x09E8,0x09E8,0x12CB,0x3EB8,0x3ED9,0x3ED9,0x3ED9,
    0x3ED9,0x3ED9,0x3ED9,0x3ED9,0x3ED9,0x771A,0x8F5B,0x8F5B,0x8F5B,0x8F5B,0x8F5B,0x8F5B,
    0x8F5B,0x8F5B,0x8F5B,0x8F5B,0x8F5B,0x8F5B,0x8F5B,0x8F5B,0x8F5B,0x8F5B,0x8F5B,0x8F5B,
    0x8F5B,0x8F5B,0x8F5B,0x8F5B,0x771A,0x3ED9,0x3ED9,0x3ED9,0x3ED9,0x3ED9,0x3ED9,0x3ED9,
    0x3ED9,0x3ED9,0x3ED9,0x3ED9,0x3ED9,0x3ED9,0x3ED9,0x3ED9,0x3ED9,0x3ED9,0x3ED9,0x3ED9,
    0x3ED9,0x3ED9,0x3ED9,0x3ED9,0x3ED9,0x3ED9,0x3ED9,0x3ED9,0x3ED9,0x3ED9,0x3ED9,0x3ED9,
    0x3ED9,0x3ED9,0x3ED9,0x3ED9,0x3ED9,0x3ED9,0x3ED9,0x3ED9,0x3ED9,0x3EB8,0x12AB,0x09E8,
    0x09E8,0x09E8,0xF81F,0xF81F,0xF81F,0xF81F,0xF81F,0xF81F,0xF81F,0xF81F,0xF81F,0xF81F,
    0xF81F,0xF81F,0xF81F,0xF81F,0xF81F,0xF81F,0xF81F,0xF81F,0xF81F,0xF81F,0xF81F,0xF81F,
    0xF81F,0xF81F,0xF81F,0xF81F,0xF81F,0xF81F,0xF81F,0xF81F,0xF81F,0xF81F,0xF81F,0xF81F,
    0xF81F,0xF81F,0xF81F,0xF81F,0xF81F,0xF81F,0xF81F,0xF81F,0xF81F,0xF81F,0xF81F,0xF81F,
    0xF81F,0xF81F,0xF81F,0xF81F,0xF81F,0xF81F,0xF81F,0xF81F,0xF81F,0xF81F,0xF81F,0xF81F,
    0xF81F,0xF81F,0xF81F,0xF81F,0xF81F,0xF81F,0xF81F,0xF81F,0xF81F,0xF81F,0x09E8,0x09E8,
    0x09E8,0x35B5,0x3ED9,0x3ED9,0x3ED9,0x3ED9,0x3ED9,0x3ED9,0x3ED9,0x3ED9,0x66FA,0x8F5B,
    0x8F5B,0x8F5B,0x8F5B,0x8F5B,0x8F5B,0x8F5B,0x8F5B,0x8F5B,0x8F5B,0x8F5B,0x8F5B,0x8F5B,
    0x8F5B,0x8F5B,0x8F5B,0x8F5B,0x8F5B,0x8F5B,0x8F5B,0x8F5B,0x8F5B,0x8F5B,0x8F5B,0x66FA,
    0x3ED9,0x3ED9,0x3ED9,0x3ED9,0x3ED9,0x3ED9,0x3ED9,0x3ED9,0x3ED9,0x3ED9,0x3ED9,0x3ED9,
    0x3ED9,0x3ED9,0x3ED9,0x3ED9,0x3ED9,0x3ED9,0x3ED9,0x3ED9,0x3ED9,0x3ED9,0x3ED9,0x3ED9,
    0x3ED9,0x3ED9,0x3ED9,0x3ED9,0x3ED9,0x3ED9,0x3ED9,0x3ED9,0x3ED9,0x3ED9,0x3ED9,0x3ED9,
    0x3ED9,0x3ED9,0x3ED9,0x3ED9,0x35B5,0x09E8,0x09E8,0x09E8,0xF81F,0xF81F,0xF81F,0xF81F,
    0xF81F,0xF81F,0xF81F,0xF81F,0xF81F,0xF81F,0xF81F,0xF81F,0xF81F,0xF81F,0xF81F,0xF81F,
    0xF81F,0xF81F,0xF81F,0xF81F,0xF81F,0xF81F,0xF81F,0xF81F,0xF81F,0xF81F,0xF81F,0xF81F,
    0xF81F,0xF81F,0xF81F,0xF81F,0xF81F,0xF81F,0xF81F,0xF81F,0xF81F,0xF81F,0xF81F,0xF81F,
    0xF81F,0xF81F,0xF81F,0xF81F,0xF81F,0xF81F,0xF81F,0xF81F,0xF81F,0xF81F,0xF81F,0xF81F,
    0xF81F,0xF81F,0xF81F,0xF81F,0xF81F,0xF81F,0xF81F,0xF81F,0xF81F,0xF81F,0xF81F,0xF81F,
    0xF81F,0xF81F,0xF81F,0x09E8,0x09E8,0x09E8,0x23CF,0x3ED9,0x3ED9,0x3ED9,0x3ED9,0x3ED9,
    0x3ED9,0x3ED9,0x3ED9,0x46D9,0x8F3B,0x8F5B,0x8F5B,0x8F5B,0x8F5B,0x8F5B,0x8F5B,0x8F5B,
    0x8F5B,0x8F5B,0x8F5B,0x8F5B,0x8F5B,0x8F5B,0x8F5B,0x8F5B,0x8F5B,0x8F5B,0x8F5B,0x8F5B,
    0x8F5B,0x8F5B,0x8F5B,0x8F5B,0x8F5B,0x8F3B,0x46D9,0x3ED9,0x3ED9,0x3ED9,0x3ED9,0x3ED9,
    0x3ED9,0x3ED9,0x3ED9,0x3ED9,0x3ED9,0x3ED9,0x3ED9,0x3ED9,0x3ED9,0x3ED9,0x3ED9,0x3ED9,
    0x3ED9,0x3ED9,0x3ED9,0x3ED9,0x3ED9,0x3ED9,0x3ED9,0x3ED9,0x3ED9,0x3ED9,0x3ED9,0x3ED9,
    0x3ED9,0x3ED9,0x3ED9,0x3ED9,0x3ED9,0x3ED9,0x3ED9,0x3ED9,0x3ED9,0x3ED9,0x3ED9,0x23CE,
    0x09E8,0x09E8,0x09E8,0xF81F,0xF81F,0xF81F,0xF81F,0xF81F,0xF81F,0xF81F,0xF81F,0xF81F,
    0xF81F,0xF81F,0xF81F,0xF81F,0xF81F,0xF81F,0xF81F,0xF81F,0xF81F,0xF81F,0xF81F,0xF81F,
    0xF81F,0xF81F,0xF81F,0xF81F,0xF81F,0xF81F,0xF81F,0xF81F,0xF81F,0xF81F,0xF81F,0xF81F,
    0xF81F,0xF81F,0xF81F,0xF81F,0xF81F,0xF81F,0xF81F,0xF81F,0xF81F,0xF81F,0xF81F,0xF81F,
    0xF81F,0xF81F,0xF81F,0xF81F,0xF81F,0xF81F,0xF81F,0xF81F,0xF81F,0xF81F,0xF81F,0xF81F,
    0xF81F,0xF81F,0xF81F,0xF81F,0xF81F,0xF81F,0xF81F,0xF81F,0xF81F,0x09E8,0x09E8,0x1208,
    0x3E37,0x3ED9,0x3ED9,0x3ED9,0x3ED9,0x3ED9,0x3ED9,0x3ED9,0x3ED9,0x671A,0x8F5B,0x8F5B,
    0x8F5B,0x8F5B,0x8F5B,0x8F5B,0x8F5B,0x8F5B,0x8F5B,0x8F5B,0x8F5B,0x8F5B,0x8F5B,0x8F5B,
    0x8F5B,0x8F5B,0x8F5B,0x8F5B,0x8F5B,0x8F5B,0x8F5B,0x8F5B,0x8F5B,0x8F5B,0x8F5B,0x8F5B,
    0x671A,0x3ED9,0x3ED9,0x3ED9,0x3ED9,0x3ED9,0x3ED9,0x3ED9,0x3ED9,0x3ED9,0x3ED9,0x3ED9,
    0x3ED9,0x3ED9,0x3ED9,0x3ED9,0x3ED9,0x3ED9,0x3ED9,0x3ED9,0x3ED9,0x3ED9,0x3ED9,0x3ED9,
    0x3ED9,0x3ED9,0x3ED9,0x3ED9,0x3ED9,0x3ED9,0x3ED9,0x3ED9,0x3ED9,0x3ED9,0x3ED9,0x3ED9,
    0x3ED9,0x3ED9,0x3ED9,0x3ED9,0x3ED9,0x3E37,0x1208,0x09E8,0x09E8,0xF81F,0xF81F,0xF81F,
    0xF81F,0xF81F,0xF81F,0xF81F,0xF81F,0xF81F,0xF81F,0xF81F,0xF81F,0xF81F,0xF81F,0xF81F,
    0xF81F,0xF81F,0xF81F,0xF81F,0xF81F,0xF81F,0xF81F,0xF81F,0xF81F,0xF81F,0xF81F,0xF81F,
    0xF81F,0xF81F,0xF81F,0xF81F,0xF81F,0xF81F,0xF81F,0xF81F,0xF81F,0xF81F,0xF81F,0xF81F,
    0xF81F,0xF81F,0xF81F,0xF81F,0xF81F,0xF81F,0xF81F,0xF81F,0xF81F,0xF81F,0xF81F,0xF81F,
    0xF81F,0xF81F,0xF81F,0xF81F,0xF81F,0xF81F,0xF81F,0xF81F,0xF81F,0xF81F,0xF81F,0xF81F,
    0xF81F,0xF81F,0x09E8,0x09E8,0x09E8,0x23EF,0x3ED9,0x3ED9,0x3ED9,0x3ED9,0x3ED9,0x3ED9,
    0x3ED9,0x3ED9,0x3ED9,0x7F3B,0x8F5B,0x8F5B,0x8F5B,0x8F5B,0x8F5B,0x8F5B,0x8F5B,0x8F1B,
    0x6DF7,0x5D54,0x54F3,0x54F3,0x5D54,0x6DF7,0x8F1B,0x8F5B,0x8F5B,0x8F5B,0x8F5B,0x8F5B,
    0x8F5B,0x8F5B,0x8F5B,0x8F5B,0x8F5B,0x8F5B,0x7F3B,0x3ED9,0x3ED9,0x3ED9,0x3ED9,0x3ED9,
    0x3ED9,0x3ED9,0x3ED9,0x3ED9,0x3ED9,0x3ED9,0x3ED9,0x3ED9,0x3ED9,0x3ED9,0x3ED9,0x3E98,
    0x3595,0x2D13,0x2C91,0x2C91,0x2D13,0x3595,0x3E98,0x3ED9,0x3ED9,0x3ED9,0x3ED9,0x3ED9,
    0x3ED9,0x3ED9,0x3ED9,0x3ED9,0x3ED9,0x3ED9,0x3ED9,0x3ED9,0x3ED9,0x3ED9,0x3ED9,0x3ED9,
    0x23CF,0x09E8,0x09E8,0x09E8,0xF81F,0xF81F,0xF81F,0xF81F,0xF81F,0xF81F,0xF81F,0xF81F,
    0xF81F,0xF81F,0xF81F,0xF81F,0xF81F,0xF81F,0xF81F,0xF81F,0xF81F,0xF81F,0xF81F,0xF81F,
    0xF81F,0xF81F,0xF81F,0xF81F,0xF81F,0xF81F,0xF81F,0xF81F,0xF81F,0xF81F,0xF81F,0xF81F,
    0xF81F,0xF81F,0xF81F,0xF81F,0xF81F,0xF81F,0xF81F,0xF81F,0xF81F,0xF81F,0xF81F,0xF81F,
    0xF81F,0xF81F,0xF81F,0xF81F,0xF81F,0xF81F,0xF81F,0xF81F,0xF81F,0xF81F,0xF81F,0xF81F,
    0xF81F,0xF81F,0xF81F,0xF81F,0xF81F,0xF81F,0xF81F,0xF81F,0x09E8,0x09E8,0x1208,0x3E37,
    0x3ED9,0x3ED9,0x3ED9,0x3ED9,0x3ED9,0x3ED9,0x3ED9,0x3ED9,0x3ED9,0x873B,0x8F5B,0x8F5B,
    0x8F5B,0x8F5B,0x8F5B,0x65B6,0x3BAE,0x1229,0x09E8,0x09E8,0x09E8,0x09E8,0x09E8,0x09E8,
    0x1229,0x3BAE,0x65B6,0x8F5B,0x8F5B,0x8F5B,0x8F5B,0x8F5B,0x8F5B,0x8F5B,0x8F5B,0x8F5B,
    0x873B,0x3ED9,0x3ED9,0x3ED9,0x3ED9,0x3ED9,0x3ED9,0x3ED9,0x3ED9,0x3ED9,0x3ED9,0x3ED9,
    0x3ED9,0x3ED9,0x3ED9,0x3554,0x1B6D,0x1209,0x09E8,0x09E8,0x09E8,0x09E8,0x09E8,0x09E8,
    0x1209,0x1B6D,0x3554,0x3ED9,0x3ED9,0x3ED9,0x3ED9,0x3ED9,0x3ED9,0x3ED9,0x3ED9,0x3ED9,
    0x3ED9,0x3ED9,0x3ED9,0x3ED9,0x3ED9,0x3ED9,0x3E37,0x1208,0x09E8,0x09E8,0xF81F,0xF81F,
    0xF81F,0xF81F,0xF81F,0xF81F,0xF81F,0xF81F,0xF81F,0xF81F,0xF81F,0xF81F,0xF81F,0xF81F,
    0xF81F,0xF81F,0xF81F,0xF81F,0xF81F,0xF81F,0xF81F,0xF81F,0xF81F,0xF81F,0xF81F,0xF81F,
    0xF81F,0xF81F,0xF81F,0xF81F,0xF81F,0xF81F,0xF81F,0xF81F,0xF81F,0xF81F,0xF81F,0xF81F,
    0xF81F,0xF81F,0xF81F,0xF81F,0xF81F,0xF81F,0xF81F,0xF81F,0xF81F,0xF81F,0xF81F,0xF81F,
    0xF81F,0xF81F,0xF81F,0xF81F,0xF81F,0xF81F,0xF81F,0xF81F,0xF81F,0xF81F,0xF81F,0xF81F,
    0xF81F,0x09E8,0x09E8,0x09E8,0x1B8E,0x3ED9,0x3ED9,0x3ED9,0x3ED9,0x3ED9,0x3ED9,0x3ED9,
    0x3ED9,0x3ED9,0x3ED9,0x873B,0x8F5B,0x8F5B,0x8F5B,0x7617,0x2B2C,0x09E8,0x09E8,0x11E8,
    0x3B2D,0x6410,0x7C92,0x7C92,0x6410,0x3B0D,0x11E8,0x09E8,0x09E8,0x2B2D,0x7637,0x8F5B,
    0x8F5B,0x9F5C,0xAF7C,0xBF9D,0xC7BD,0xD7BE,0xD7BE,0xC7BD,0xCFBE,0xCFBD,0xC7BD,0xBFBD,
    0xB79D,0x9F7C,0x8F5B,0x771A,0x56F9,0x46D9,0x3ED9,0x35B5,0x1B0C,0x09E8,0x09E8,0x11E8,
    0x3B2D,0x6410,0x7C92,0x7C92,0x6410,0x3B0D,0x11E8,0x09E8,0x09E8,0x1B0C,0x35D5,0x3ED9,
    0x3ED9,0x3ED9,0x3ED9,0x3ED9,0x3ED9,0x3ED9,0x3ED9,0x3ED9,0x3ED9,0x3ED9,0x3ED9,0x3ED9,
    0x3ED9,0x1B8D,0x09E8,0x09E8,0x09E8,0xF81F,0xF81F,0xF81F,0xF81F,0xF81F,0xF81F,0xF81F,
    0xF81F,0xF81F,0xF81F,0xF81F,0xF81F,0xF81F,0xF81F,0xF81F,0xF81F,0xF81F,0xF81F,0xF81F,
    0xF81F,0xF81F,0xF81F,0xF81F,0xF81F,0xF81F,0xF81F,0xF81F,0xF81F,0xF81F,0xF81F,0xF81F,
    0xF81F,0xF81F,0xF81F,0xF81F,0xF81F,0xF81F,0xF81F,0xF81F,0xF81F,0xF81F,0xF81F,0xF81F,
    0xF81F,0xF81F,0xF81F,0xF81F,0xF81F,0xF81F,0xF81F,0xF81F,0xF81F,0xF81F,0xF81F,0xF81F,
    0xF81F,0xF81F,0xF81F,0xF81F,0xF81F,0xF81F,0xF81F,0x09E8,0x09E8,0x09E8,0x3574,0x3ED9,
    0x3ED9,0x3ED9,0x3ED9,0x3ED9,0x3ED9,0x3ED9,0x3ED9,0x3ED9,0x3ED9,0x7F3B,0x8F5B,0x8F5B,
    0x5D13,0x1208,0x09E8,0x226A,0x9555,0xE75D,0xFFFF,0xFFFF,0xFFFF,0xFFFF,0xFFFF,0xFFFF,
    0xE75D,0x9555,0x226A,0x09E8,0x1208,0x7D55,0xDFDE,0xE7DE,0xE7DE,0xE7DE,0xE7DE,0xE7DE,
    0xDFDE,0xCFBE,0xCFBE,0xCFBE,0xCFBE,0xCFBE,0xCFBE,0xCFBE,0xCFBE,0xCFBE,0xCFBE,0xC7BD,
    0x6534,0x1208,0x09E8,0x226A,0x9555,0xE75D,0xFFFF,0xFFFF,0xFFFF,0xFFFF,0xFFFF,0xFFFF,
    0xE75D,0x9555,0x226A,0x09E8,0x1208,0x2CD2,0x3ED9,0x3ED9,0x3ED9,0x3ED9,0x3ED9,0x3ED9,
    0x3ED9,0x3ED9,0x3ED9,0x3ED9,0x3ED9,0x3ED9,0x3ED9,0x3554,0x09E8,0x09E8,0x09E8,0xF81F,
    0xF81F,0xF81F,0xF81F,0xF81F,0xF81F,0xF81F,0xF81F,0xF81F,0xF81F,0xF81F,0xF81F,0xF81F,
    0xF81F,0xF81F,0xF81F,0xF81F,0xF81F,0xF81F,0xF81F,0xF81F,0xF81F,0xF81F,0xF81F,0xF81F,
    0xF81F,0xF81F,0xF81F,0xF81F,0xF81F,0xF81F,0xF81F,0xF81F,0xF81F,0xF81F,0xF81F,0xF81F,
    0xF81F,0xF81F,0xF81F,0xF81F,0xF81F,0xF81F,0xF81F,0xF81F,0xF81F,0xF81F,0xF81F,0xF81F,
    0xF81F,0xF81F,0xF81F,0xF81F,0xF81F,0xF81F,0xF81F,0xF81F,0xF81F,0xF81F,0xF81F,0xF81F,
    0xF81F,0x09E8,0x09E8,0x126A,0x3EB9,0x3ED9,0x3ED9,0x3ED9,0x3ED9,0x3ED9,0x3ED9,0x3ED9,
    0x3ED9,0x3ED9,0x3ED9,0x671A,0x8F5B,0x4C51,0x09E8,0x11E8,0x7CB3,0xF7BE,0xFFFF,0xFFFF,
    0xFFFF,0xFFFF,0xFFFF,0xFFFF,0xFFFF,0xFFFF,0xFFFF,0xFFFF,0xF7BE,0x7CB2,0x11E8,0x09E8,
    0x6CB2,0xE7DE,0xE7DE,0xE7DE,0xE7DE,0xE7DE,0xD7DE,0xCFBE,0xCFBE,0xCFBE,0xCFBE,0xCFBE,
    0xCFBE,0xCFBE,0xCFBE,0xCFBE,0xCFBE,0x6492,0x09E8,0x11E8,0x7CB3,0xF7BE,0xFFFF,0xFFFF,
    0xFFFF,0xFFFF,0xFFFF,0xFFFF,0xFFFF,0xFFFF,0xFFFF,0xFFFF,0xF7BE,0x7CB2,0x11E8,0x09E8,
    0x2430,0x3ED9,0x3ED9,0x3ED9,0x3ED9,0x3ED9,0x3ED9,0x3ED9,0x3ED9,0x3ED9,0x3ED9,0x3ED9,
    0x3ED9,0x3EB9,0x126A,0x09E8,0x09E8,0xF81F,0xF81F,0xF81F,0xF81F,0xF81F,0xF81F,0xF81F,
    0xF81F,0xF81F,0xF81F,0xF81F,0xF81F,0xF81F,0xF81F,0xF81F,0xF81F,0xF81F,0xF81F,0xF81F,
    0xF81F,0xF81F,0xF81F,0xF81F,0xF81F,0xF81F,0xF81F,0xF81F,0xF81F,0xF81F,0xF81F,0xF81F,
    0xF81F,0xF81F,0xF81F,0xF81F,0xF81F,0xF81F,0xF81F,0xF81F,0xF81F,0xF81F,0xF81F,0xF81F,
    0xF81F,0xF81F,0xF81F,0xF81F,0xF81F,0xF81F,0xF81F,0xF81F,0xF81F,0xF81F,0xF81F,0xF81F,
    0xF81F,0xF81F,0xF81F,0xF81F,0xF81F,0xF81F,0x09E8,0x09E8,0x09E8,0x2450,0x3ED9,0x3ED9,
    0x3ED9,0x3ED9,0x3ED9,0x3ED9,0x3ED9,0x3ED9,0x3ED9,0x3ED9,0x3ED9,0x46D9,0x5513,0x09E8,
    0x1209,0xADF7,0xFFFF,0xFFFF,0xFFFF,0xFFFF,0xFFFF,0xFFFF,0xFFFF,0xFFFF,0xFFFF,0xFFFF,
    0xFFFF,0xFFFF,0xFFFF,0xFFFF,0xADD7,0x1209,0x09E8,0x8D75,0xE7DE,0xE7DE,0xE7DE,0xDFDE,
    0xCFBE,0xCFBE,0xCFBE,0xCFBE,0xCFBE,0xCFBE,0xCFBE,0xCFBE,0xCFBE,0xCFBE,0x7D55,0x09E8,
    0x1209,0xADF7,0xFFFF,0xFFFF,0xFFFF,0xFFFF,0xFFFF,0xFFFF,0xFFFF,0xFFFF,0xFFFF,0xFFFF,
    0xFFFF,0xFFFF,0xFFFF,0xFFFF,0xADD7,0x1209,0x09E8,0x2CD2,0x3ED9,0x3ED9,0x3ED9,0x3ED9,
    0x3ED9,0x3ED9,0x3ED9,0x3ED9,0x3ED9,0x3ED9,0x3ED9,0x3ED9,0x2430,0x09E8,0x09E8,0x09E8,
    0xF81F,0xF81F,0xF81F,0xF81F,0xF81F,0xF81F,0xF81F,0xF81F,0xF81F,0xF81F,0xF81F,0xF81F,
    0xF81F,0xF81F,0xF81F,0xF81F,0xF81F,0xF81F,0xF81F,0xF81F,0xF81F,0xF81F,0xF81F,0xF81F,
    0xF81F,0xF81F,0xF81F,0xF81F,0xF81F,0xF81F,0xF81F,0xF81F,0xF81F,0xF81F,0xF81F,0xF81F,
    0xF81F,0xF81F,0xF81F,0xF81F,0xF81F,0xF81F,0xF81F,0xF81F,0xF81F,0xF81F,0xF81F,0xF81F,
    0xF81F,0xF81F,0xF81F,0xF81F,0xF81F,0xF81F,0xF81F,0xF81F,0xF81F,0xF81F,0xF81F,0xF81F,
    0x09E8,0x09E8,0x09E8,0x35B5,0x3ED9,0x3ED9,0x3ED9,0x3ED9,0x3ED9,0x3ED9,0x3ED9,0x3ED9,
    0x3ED9,0x3ED9,0x3ED9,0x35B5,0x1208,0x11E8,0xADF7,0xFFFF,0xFFFF,0xFFFF,0xFFFF,0xFFFF,
    0xFFFF,0xFFFF,0xFFFF,0xFFFF,0xFFFF,0xFFFF,0xFFFF,0xFFFF,0xFFFF,0xFFFF,0xFFFF,0xADD7,
    0x11E8,0x1208,0xB69A,0xE7DE,0xE7DE,0xD7DE,0xCFBE,0xCFBE,0xCFBE,0xCFBE,0xCFBE,0xCFBE,
    0xCFBE,0xCFBE,0xCFBE,0xA679,0x1208,0x11E8,0xADF7,0xFFFF,0xFFFF,0xFFFF,0xFFFF,0xFFFF,
    0xFFFF,0xFFFF,0xFFFF,0xFFFF,0xFFFF,0xFFFF,0xFFFF,0xFFFF,0xFFFF,0xFFFF,0xFFFF,0xADD7,
    0x11E8,0x1208,0x35D5,0x3ED9,0x3ED9,0x3ED9,0x3ED9,0x3ED9,0x3ED9,0x3ED9,0x3ED9,0x3ED9,
    0x3ED9,0x3ED9,0x3595,0x09E8,0x09E8,0x09E8,0xF81F,0xF81F,0xF81F,0xF81F,0xF81F,0xF81F,
    0xF81F,0xF81F,0xF81F,0xF81F,0xF81F,0xF81F,0xF81F,0xF81F,0xF81F,0xF81F,0xF81F,0xF81F,
    0xF81F,0xF81F,0xF81F,0xF81F,0xF81F,0xF81F,0xF81F,0xF81F,0xF81F,0xF81F,0xF81F,0xF81F,
    0xF81F,0xF81F,0xF81F,0xF81F,0xF81F,0xF81F,0xF81F,0xF81F,0xF81F,0xF81F,0xF81F,0xF81F,
    0xF81F,0xF81F,0xF81F,0xF81F,0xF81F,0xF81F,0xF81F,0xF81F,0xF81F,0xF81F,0xF81F,0xF81F,
    0xF81F,0xF81F,0xF81F,0xF81F,0xF81F,0xF81F,0x09E8,0x09E8,0x1229,0x3EB8,0x3ED9,0x3ED9,
    0x3ED9,0x3ED9,0x3ED9,0x3ED9,0x3ED9,0x3ED9,0x3ED9,0x3ED9,0x3ED9,0x1B0C,0x09E8,0x7CB3,
    0xFFFF,0xFFFF,0xFFFF,0xFFFF,0xFFFF,0xFFFF,0xFFFF,0xFFFF,0xFFFF,0xFFFF,0xFFFF,0xFFFF,
    0xFFFF,0xFFFF,0xFFFF,0xFFFF,0xFFFF,0xFFFF,0x7CB3,0x09E8,0x434D,0xE7DE,0xDFDE,0xCFBE,
    0xCFBE,0xCFBE,0xCFBE,0xCFBE,0xCFBE,0xCFBE,0xCFBE,0xCFBE,0xCFBE,0x3B4D,0x09E8,0x7CB3,
    0xFFFF,0xFFFF,0xFFFF,0xFFFF,0xFFFF,0xFFFF,0xFFFF,0xFFFF,0xFFFF,0xFFFF,0xFFFF,0xFFFF,
    0xFFFF,0xFFFF,0xFFFF,0xFFFF,0xFFFF,0xFFFF,0x7CB3,0x09E8,0x1B0C,0x3ED9,0x3ED9,0x3ED9,
    0x3ED9,0x3ED9,0x3ED9,0x3ED9,0x3ED9,0x3ED9,0x3ED9,0x3ED9,0x3EB8,0x1229,0x09E8,0x09E8,
    0xF81F,0xF81F,0xF81F,0xF81F,0xF81F,0xF81F,0xF81F,0xF81F,0xF81F,0xF81F,0xF81F,0xF81F,
    0xF81F,0xF81F,0xF81F,0xF81F,0xF81F,0xF81F,0xF81F,0xF81F,0xF81F,0xF81F,0xF81F,0xF81F,
    0xF81F,0xF81F,0xF81F,0xF81F,0xF81F,0xF81F,0xF81F,0xF81F,0xF81F,0xF81F,0xF81F,0xF81F,
    0xF81F,0xF81F,0xF81F,0xF81F,0xF81F,0xF81F,0xF81F,0xF81F,0xF81F,0xF81F,0xF81F,0xF81F,
    0xF81F,0xF81F,0xF81F,0xF81F,0xF81F,0xF81F,0xF81F,0xF81F,0xF81F,0xF81F,0xF81F,0xF81F,
    0x09E8,0x09E8,0x1B6D,0x3ED9,0x3ED9,0x3ED9,0x3ED9,0x3ED9,0x3ED9,0x3ED9,0x3ED9,0x3ED9,
    0x3ED9,0x3ED9,0x3554,0x09E8,0x226A,0xF7BE,0xFFFF,0xFFFF,0xFFFF,0xFFFF,0xFFFF,0xEF7D,
    0x84B3,0x42CB,0x19E8,0x19E8,0x42CB,0x84B3,0xEF7D,0xFFFF,0xFFFF,0xFFFF,0xFFFF,0xFFFF,
    0xF7BE,0x226A,0x09E8,0x9E18,0xCFBE,0xCFBE,0xCFBE,0xCFBE,0xCFBE,0xCFBE,0xCFBE,0xCFBE,
    0xCFBE,0xCFBE,0x95F7,0x09E8,0x226A,0xF7BE,0xFFFF,0xFFFF,0xFFFF,0xFFFF,0xFFFF,0xEF7D,
    0x84B3,0x42CB,0x19E8,0x19E8,0x42CB,0x84B3,0xEF7D,0xFFFF,0xFFFF,0xFFFF,0xFFFF,0xFFFF,
    0xF7BE,0x226A,0x09E8,0x3554,0x3ED9,0x3ED9,0x3ED9,0x3ED9,0x3ED9,0x3ED9,0x3ED9,0x3ED9,
    0x3ED9,0x3ED9,0x3ED9,0x1B6D,0x09E8,0x09E8,0xF81F,0xF81F,0xF81F,0xF81F,0xF81F,0xF81F,
    0xF81F,0xF81F,0xF81F,0xF81F,0xF81F,0xF81F,0xF81F,0xF81F,0xF81F,0xF81F,0xF81F,0xF81F,
    0xF81F,0xF81F,0xF81F,0xF81F,0xF81F,0xF81F,0xF81F,0xF81F,0xF81F,0xF81F,0xF81F,0xF81F,
    0xF81F,0xF81F,0xF81F,0xF81F,0xF81F,0xF81F,0xF81F,0xF81F,0xF81F,0xF81F,0xF81F,0xF81F,
    0xF81F,0xF81F,0xF81F,0xF81F,0xF81F,0xF81F,0xF81F,0xF81F,0xF81F,0xF81F,0xF81F,0xF81F,
    0xF81F,0xF81F,0xF81F,0xF81F,0xF81F,0x09E8,0x09E8,0x09E8,0x2CB2,0x3ED9,0x3ED9,0x3ED9,
    0x3ED9,0x3ED9,0x3ED9,0x3ED9,0x3ED9,0x3ED9,0x3ED9,0x3ED9,0x1B6D,0x09E8,0x9555,0xFFFF,
    0xFFFF,0xFFFF,0xFFFF,0xFFFF,0xB5D7,0x3AAB,0x8CD3,0x8CD3,0x326A,0x11A7,0x11A7,0x11A7,
    0x21E8,0xB5F7,0xFFFF,0xFFFF,0xFFFF,0xFFFF,0xFFFF,0x9555,0x09E8,0x4BCF,0xCFBE,0xCFBE,
    0xCFBE,0xCFBE,0xCFBE,0xCFBE,0xCFBE,0xCFBE,0xCFBE,0xCFBE,0x4BCF,0x09E8,0x9555,0xFFFF,
    0xFFFF,0xFFFF,0xFFFF,0xFFFF,0xB5D7,0x3AAB,0x8CD3,0x8CD3,0x326A,0x11A7,0x11A7,0x11A7,
    0x21E8,0xB5F7,0xFFFF,0xFFFF,0xFFFF,0xFFFF,0xFFFF,0x9555,0x09E8,0x1B8D,0x3ED9,0x3ED9,
    0x3ED9,0x3ED9,0x3ED9,0x3ED9,0x3ED9,0x3ED9,0x3ED9,0x3ED9,0x3ED9,0x2CB1,0x09E8,0x09E8,
    0x09E8,0xF81F,0xF81F,0xF81F,0xF81F,0xF81F,0xF81F,0xF81F,0xF81F,0xF81F,0xF81F,0xF81F,
    0xF81F,0xF81F,0xF81F,0xF81F,0xF81F,0xF81F,0xF81F,0xF81F,0xF81F,0xF81F,0xF81F,0xF81F,
    0xF81F,0xF81F,0xF81F,0xF81F,0xF81F,0xF81F,0xF81F,0xF81F,0xF81F,0xF81F,0xF81F,0xF81F,
    0xF81F,0xF81F,0xF81F,0xF81F,0xF81F,0xF81F,0xF81F,0xF81F,0xF81F,0xF81F,0xF81F,0xF81F,
    0xF81F,0xF81F,0xF81F,0xF81F,0xF81F,0xF81F,0xF81F,0xF81F,0xF81F,0xF81F,0xF81F,0x09E8,
    0x09E8,0x09E8,0x3595,0x3ED9,0x3ED9,0x3ED9,0x3ED9,0x3ED9,0x3ED9,0x3ED9,0x3ED9,0x3ED9,
    0x3ED9,0x3E98,0x1209,0x11E8,0xE75D,0xFFFF,0xFFFF,0xFFFF,0xFFFF,0xB5D7,0x326A,0xF79E,
    0xFFFF,0xFFFF,0xF79E,0x326A,0x11A7,0x11A7,0x11A7,0x11A7,0xB5F7,0xFFFF,0xFFFF,0xFFFF,
    0xFFFF,0xE75D,0x11E8,0x1A29,0xC79D,0xCFBE,0xCFBE,0xCFBE,0xCFBE,0xCFBE,0xCFBE,0xCFBE,
    0xCFBE,0xC77D,0x1229,0x11E8,0xE75D,0xFFFF,0xFFFF,0xFFFF,0xFFFF,0xB5D7,0x326A,0xF79E,
    0xFFFF,0xFFFF,0xF79E,0x326A,0x11A7,0x11A7,0x11A7,0x11A7,0xB5F7,0xFFFF,0xFFFF,0xFFFF,
    0xFFFF,0xE75D,0x11E8,0x1229,0x3E98,0x3ED9,0x3ED9,0x3ED9,0x3ED9,0x3ED9,0x3ED9,0x3ED9,
    0x3ED9,0x3ED9,0x3ED9,0x3595,0x09E8,0x09E8,0x09E8,0xF81F,0xF81F,0xF81F,0xF81F,0xF81F,
    0xF81F,0xF81F,0xF81F,0xF81F,0xF81F,0xF81F,0xF81F,0xF81F,0xF81F,0xF81F,0xF81F,0xF81F,
    0xF81F,0xF81F,0xF81F,0xF81F,0xF81F,0xF81F,0xF81F,0xF81F,0xF81F,0xF81F,0xF81F,0xF81F,
    0xF81F,0xF81F,0xF81F,0xF81F,0xF81F,0xF81F,0xF81F,0xF81F,0xF81F,0xF81F,0xF81F,0xF81F,
    0xF81F,0xF81F,0xF81F,0xF81F,0xF81F,0xF81F,0xF81F,0xF81F,0xF81F,0xF81F,0xF81F,0xF81F,
    0xF81F,0xF81F,0xF81F,0xF81F,0xF81F,0x09E8,0x09E8,0x09E8,0x3E77,0x3ED9,0x3ED9,0x3ED9,
    0x3ED9,0x3ED9,0x3ED9,0x3ED9,0x3ED9,0x3ED9,0x3ED9,0x3595,0x09E8,0x432D,0xFFFF,0xFFFF,
    0xFFFF,0xFFFF,0xEF7D,0x21E8,0x8CD3,0xFFFF,0xFFFF,0xFFFF,0xFFFF,0x8CD3,0x11A7,0x11A7,
    0x11A7,0x11A7,0x21E8,0xEF7D,0xFFFF,0xFFFF,0xFFFF,0xFFFF,0x3B0D,0x09E8,0x9E58,0xCFBE,
    0xCFBE,0xCFBE,0xCFBE,0xCFBE,0xCFBE,0xCFBE,0xCFBE,0x9E58,0x09E8,0x432D,0xFFFF,0xFFFF,
    0xFFFF,0xFFFF,0xEF7D,0x21E8,0x8CD3,0xFFFF,0xFFFF,0xFFFF,0xFFFF,0x8CD3,0x11A7,0x11A7,
    0x11A7,0x11A7,0x21E8,0xEF7D,0xFFFF,0xFFFF,0xFFFF,0xFFFF,0x3B0D,0x09E8,0x3595,0x3ED9,
    0x3ED9,0x3ED9,0x3ED9,0x3ED9,0x3ED9,0x3ED9,0x3ED9,0x3ED9,0x3ED9,0x3E57,0x09E8,0x09E8,
    0x09E8,0xF81F,0xF81F,0xF81F,0xF81F,0xF81F,0xF81F,0xF81F,0xF81F,0xF81F,0xF81F,0xF81F,
    0xF81F,0xF81F,0xF81F,0xF81F,0xF81F,0xF81F,0xF81F,0xF81F,0xF81F,0xF81F,0xF81F,0xF81F,
    0xF81F,0xF81F,0xF81F,0xF81F,0xF81F,0xF81F,0xF81F,0xF81F,0xF81F,0xF81F,0xF81F,0xF81F,
    0xF81F,0xF81F,0xF81F,0xF81F,0xF81F,0xF81F,0xF81F,0xF81F,0xF81F,0xF81F,0xF81F,0xF81F,
    0xF81F,0xF81F,0xF81F,0xF81F,0xF81F,0xF81F,0xF81F,0xF81F,0xF81F,0xF81F,0xF81F,0x09E8,
    0x09E8,0x1249,0x3ED9,0x3ED9,0x3ED9,0x3ED9,0x3ED9,0x3ED9,0x3ED9,0x3ED9,0x3ED9,0x3ED9,
    0x3ED9,0x2D13,0x09E8,0x6410,0xFFFF,0xFFFF,0xFFFF,0xFFFF,0x84B3,0x11A7,0x8CD3,0xFFFF,
    0xFFFF,0xFFFF,0xFFFF,0x8CD3,0x11A7,0x11A7,0x11A7,0x11A7,0x11A7,0x84D3,0xFFFF,0xFFFF,
    0xFFFF,0xFFFF,0x6410,0x09E8,0x8DB6,0xCFBE,0xCFBE,0xCFBE,0xCFBE,0xCFBE,0xCFBE,0xCFBE,
    0xCFBE,0x8DB6,0x09E8,0x6410,0xFFFF,0xFFFF,0xFFFF,0xFFFF,0x84B3,0x11A7,0x8CD3,0xFFFF,
    0xFFFF,0xFFFF,0xFFFF,0x8CD3,0x11A7,0x11A7,0x11A7,0x11A7,0x11A7,0x84D3,0xFFFF,0xFFFF,
    0xFFFF,0xFFFF,0x6410,0x09E8,0x2D13,0x3ED9,0x3ED9,0x3ED9,0x3ED9,0x3ED9,0x3ED9,0x3ED9,
    0x3ED9,0x3ED9,0x3ED9,0x3ED9,0x1249,0x09E8,0x09E8,0xF81F,0xF81F,0xF81F,0xF81F,0xF81F,
    0xF81F,0xF81F,0xF81F,0xF81F,0xF81F,0xF81F,0xF81F,0xF81F,0xF81F,0xF81F,0xF81F,0xF81F,
    0xF81F,0xF81F,0xF81F,0xF81F,0xF81F,0xF81F,0xF81F,0xF81F,0xF81F,0xF81F,0xF81F,0xF81F,
    0xF81F,0xF81F,0xF81F,0xF81F,0xF81F,0xF81F,0xF81F,0xF81F,0xF81F,0xF81F,0xF81F,0xF81F,
    0xF81F,0xF81F,0xF81F,0xF81F,0xF81F,0xF81F,0xF81F,0xF81F,0xF81F,0xF81F,0xF81F,0xF81F,
    0xF81F,0xF81F,0xF81F,0xF81F,0x09E8,0x09E8,0x09E8,0x1B0C,0x3ED9,0x3ED9,0x3ED9,0x3ED9,
    0x3ED9,0x3ED9,0x3ED9,0x3ED9,0x3ED9,0x3ED9,0x3ED9,0x2C91,0x09E8,0x7CB3,0xFFFF,0xFFFF,
    0xFFFF,0xFFFF,0x3ACB,0x11A7,0x326A,0xF79E,0xFFFF,0xFFFF,0xEF9E,0x3269,0x11A7,0x11A7,
    0x11A7,0x11A7,0x11A7,0x42CB,0xFFFF,0xFFFF,0xFFFF,0xFFFF,0x7CB3,0x09E8,0x7514,0xCFBE,
    0xCFBE,0xCFBE,0xCFBE,0xCFBE,0xCFBE,0xCFBE,0xCFBE,0x7514,0x09E8,0x7CB3,0xFFFF,0xFFFF,
    0xFFFF,0xFFFF,0x3ACB,0x11A7,0x326A,0xF79E,0xFFFF,0xFFFF,0xEF9E,0x3269,0x11A7,0x11A7,
    0x11A7,0x11A7,0x11A7,0x42CB,0xFFFF,0xFFFF,0xFFFF,0xFFFF,0x7CB3,0x09E8,0x2C91,0x3ED9,
    0x3ED9,0x3ED9,0x3ED9,0x3ED9,0x3ED9,0x3ED9,0x3ED9,0x3ED9,0x3ED9,0x3ED9,0x1AEC,0x09E8,
    0x09E8,0x09E8,0xF81F,0xF81F,0xF81F,0xF81F,0xF81F,0xF81F,0xF81F,0xF81F,0xF81F,0xF81F,
    0xF81F,0xF81F,0xF81F,0xF81F,0xF81F,0xF81F,0xF81F,0xF81F,0xF81F,0xF81F,0xF81F,0xF81F,
    0xF81F,0xF81F,0xF81F,0xF81F,0xF81F,0xF81F,0xF81F,0xF81F,0xF81F,0xF81F,0xF81F,0xF81F,
    0xF81F,0xF81F,0xF81F,0xF81F,0xF81F,0xF81F,0xF81F,0xF81F,0xF81F,0xF81F,0xF81F,0xF81F,
    0xF81F,0xF81F,0xF81F,0xF81F,0xF81F,0xF81F,0xF81F,0xF81F,0x09E8,0x09E8,0x09E8,0x09E8,
    0x09E8,0x1B6D,0x3ED9,0x3ED9,0x3ED9,0x3ED9,0x3ED9,0x3ED9,0x3ED9,0x3ED9,0x3ED9,0x3ED9,
    0x3ED9,0x2C91,0x09E8,0x7CB3,0xFFFF,0xFFFF,0xFFFF,0xFFFF,0x19E8,0x11A7,0x11A7,0x326A,
    0x8CD3,0x8CD3,0x3269,0x11A7,0x11A7,0x11A7,0x11A7,0x11A7,0x11A7,0x21E8,0xFFFF,0xFFFF,
    0xFFFF,0xFFFF,0x7CB2,0x09E8,0x7514,0xCFBE,0xCFBE,0xCFBE,0xCFBE,0xCFBE,0xCFBE,0xCFBE,
    0xCFBE,0x7514,0x09E8,0x7CB3,0xFFFF,0xFFFF,0xFFFF,0xFFFF,0x19E8,0x11A7,0x11A7,0x326A,
    0x8CD3,0x8CD3,0x3269,0x11A7,0x11A7,0x11A7,0x11A7,0x11A7,0x11A7,0x21E8,0xFFFF,0xFFFF,
    0xFFFF,0xFFFF,0x7CB2,0x09E8,0x2C91,0x3ED9,0x3ED9,0x3ED9,0x3ED9,0x3ED9,0x3ED9,0x3ED9,
    0x3ED9,0x3ED9,0x3ED9,0x3ED9,0x1B6D,0x09E8,0x09E8,0x09E8,0x09E8,0x09E8,0xF81F,0xF81F,
    0xF81F,0xF81F,0xF81F,0xF81F,0xF81F,0xF81F,0xF81F,0xF81F,0xF81F,0xF81F,0xF81F,0xF81F,
    0xF81F,0xF81F,0xF81F,0xF81F,0xF81F,0xF81F,0xF81F,0xF81F,0xF81F,0xF81F,0xF81F,0xF81F,
    0xF81F,0xF81F,0xF81F,0xF81F,0xF81F,0xF81F,0xF81F,0xF81F,0xF81F,0xF81F,0xF81F,0xF81F,
    0xF81F,0xF81F,0xF81F,0xF81F,0xF81F,0xF81F,0xF81F,0xF81F,0xF81F,0xF81F,0xF81F,0xF81F,
    0xF81F,0xF81F,0x09E8,0x09E8,0x1249,0x09E8,0x09E8,0x23AE,0x3ED9,0x3ED9,0x3ED9,0x3ED9,
    0x3ED9,0x3ED9,0x3ED9,0x3ED9,0x3ED9,0x3ED9,0x3ED9,0x2D13,0x09E8,0x6410,0xFFFF,0xFFFF,
    0xFFFF,0xFFFF,0x21E8,0x11A7,0x11A7,0x11A7,0x11A7,0x11A7,0x11A7,0x11A7,0x11A7,0x11A7,
    0x11A7,0x11A7,0x11A7,0x21E8,0xFFFF,0xFFFF,0xFFFF,0xFFFF,0x63F0,0x09E8,0x8DB6,0xCFBE,
    0xCFBE,0xCFBE,0xCFBE,0xCFBE,0xCFBE,0xCFBE,0xCFBE,0x8DB6,0x09E8,0x6410,0xFFFF,0xFFFF,
    0xFFFF,0xFFFF,0x21E8,0x11A7,0x11A7,0x11A7,0x11A7,0x11A7,0x11A7,0x11A7,0x11A7,0x11A7,
    0x11A7,0x11A7,0x11A7,0x21E8,0xFFFF,0xFFFF,0xFFFF,0xFFFF,0x63F0,0x09E8,0x2D13,0x3ED9,
    0x3ED9,0x3ED9,0x3ED9,0x3ED9,0x3ED9,0x3ED9,0x3ED9,0x3ED9,0x3ED9,0x3ED9,0x23AE,0x09E8,
    0x09E8,0x1249,0x09E8,0x09E8,0xF81F,0xF81F,0xF81F,0xF81F,0xF81F,0xF81F,0xF81F,0xF81F,
    0xF81F,0xF81F,0xF81F,0xF81F,0xF81F,0xF81F,0xF81F,0xF81F,0xF81F,0xF81F,0xF81F,0xF81F,
    0xF81F,0xF81F,0xF81F,0xF81F,0xF81F,0xF81F,0xF81F,0xF81F,0xF81F,0xF81F,0xF81F,0xF81F,
    0xF81F,0xF81F,0xF81F,0xF81F,0xF81F,0xF81F,0xF81F,0xF81F,0xF81F,0xF81F,0xF81F,0xF81F,
    0xF81F,0xF81F,0xF81F,0xF81F,0xF81F,0xF81F,0xF81F,0x09E8,0x09E8,0x128A,0x2471,0x09E8,
    0x09E8,0x23EF,0x3ED9,0x3ED9,0x3ED9,0x3ED9,0x3ED9,0x3ED9,0x3ED9,0x3ED9,0x3ED9,0x3ED9,
    0x3ED9,0x3595,0x09E8,0x3B2D,0xFFFF,0xFFFF,0xFFFF,0xFFFF,0x42CB,0x11A7,0x11A7,0x11A7,
    0x11A7,0x11A7,0x11A7,0x11A7,0x11A7,0x11A7,0x11A7,0x11A7,0x11A7,0x42CB,0xFFFF,0xFFFF,
    0xFFFF,0xFFFF,0x3B0C,0x09E8,0x9E59,0xCFBE,0xCFBE,0xCFBE,0xCFBE,0xCFBE,0xCFBE,0xCFBE,
    0xCFBE,0x9E58,0x09E8,0x3B2D,0xFFFF,0xFFFF,0xFFFF,0xFFFF,0x42CB,0x11A7,0x11A7,0x11A7,
    0x11A7,0x11A7,0x11A7,0x11A7,0x11A7,0x11A7,0x11A7,0x11A7,0x11A7,0x42CB,0xFFFF,0xFFFF,
    0xFFFF,0xFFFF,0x3B0C,0x09E8,0x3595,0x3ED9,0x3ED9,0x3ED9,0x3ED9,0x3ED9,0x3ED9,0x3ED9,
    0x3ED9,0x3ED9,0x3ED9,0x3ED9,0x23EF,0x09E8,0x09E8,0x2C71,0x128A,0x09E8,0x09E8,0xF81F,
    0xF81F,0xF81F,0xF81F,0xF81F,0xF81F,0xF81F,0xF81F,0xF81F,0xF81F,0xF81F,0xF81F,0xF81F,
    0xF81F,0xF81F,0xF81F,0xF81F,0xF81F,0xF81F,0xF81F,0xF81F,0xF81F,0xF81F,0xF81F,0xF81F,
    0xF81F,0xF81F,0xF81F,0xF81F,0xF81F,0xF81F,0xF81F,0xF81F,0xF81F,0xF81F,0xF81F,0xF81F,
    0xF81F,0xF81F,0xF81F,0xF81F,0xF81F,0xF81F,0xF81F,0xF81F,0xF81F,0xF81F,0xF81F,0xF81F,
    0x09E8,0x09E8,0x09E8,0x3595,0x2C71,0x09E8,0x09E8,0x2430,0x3ED9,0x3ED9,0x3ED9,0x3ED9,
    0x3ED9,0x3ED9,0x3ED9,0x3ED9,0x3ED9,0x3ED9,0x3ED9,0x3EB8,0x1229,0x11E8,0xE75D,0xFFFF,
    0xFFFF,0xFFFF,0x84B3,0x11A7,0x11A7,0x11A7,0x11A7,0x11A7,0x11A7,0x11A7,0x11A7,0x11A7,
    0x11A7,0x11A7,0x11A7,0x8CD3,0xFFFF,0xFFFF,0xFFFF,0xE75D,0x11E8,0x1A29,0xC79D,0xCFBE,
    0xCFBE,0xCFBE,0xCFBE,0xCFBE,0xCFBE,0xCFBE,0xCFBE,0xC79D,0x1A29,0x11E8,0xE75D,0xFFFF,
    0xFFFF,0xFFFF,0x84B3,0x11A7,0x11A7,0x11A7,0x11A7,0x11A7,0x11A7,0x11A7,0x11A7,0x11A7,
    0x11A7,0x11A7,0x11A7,0x8CD3,0xFFFF,0xFFFF,0xFFFF,0xE75D,0x11E8,0x1229,0x3E98,0x3ED9,
    0x3ED9,0x3ED9,0x3ED9,0x3ED9,0x3ED9,0x3ED9,0x3ED9,0x3ED9,0x3ED9,0x3ED9,0x2430,0x09E8,
    0x09E8,0x2C71,0x3594,0x09E8,0x09E8,0x09E8,0xF81F,0xF81F,0xF81F,0xF81F,0xF81F,0xF81F,
    0xF81F,0xF81F,0xF81F,0xF81F,0xF81F,0xF81F,0xF81F,0xF81F,0xF81F,0xF81F,0xF81F,0xF81F,
    0xF81F,0xF81F,0xF81F,0xF81F,0xF81F,0xF81F,0xF81F,0xF81F,0xF81F,0xF81F,0xF81F,0xF81F,
    0xF81F,0xF81F,0xF81F,0xF81F,0xF81F,0xF81F,0xF81F,0xF81F,0xF81F,0xF81F,0xF81F,0xF81F,
    0xF81F,0xF81F,0xF81F,0xF81F,0xF81F,0xF81F,0x09E8,0x09E8,0x1B2C,0x3ED9,0x2C71,0x09E8,
    0x09E8,0x2430,0x3ED9,0x3ED9,0x3ED9,0x3ED9,0x3ED9,0x3ED9,0x3ED9,0x3ED9,0x3ED9,0x3ED9,
    0x3ED9,0x3ED9,0x1B6D,0x09E8,0x9555,0xFFFF,0xFFFF,0xFFFF,0xEF7D,0x21E8,0x11A7,0x11A7,
    0x11A7,0x11A7,0x11A7,0x11A7,0x11A7,0x11A7,0x11A7,0x11A7,0x2208,0xEF7D,0xFFFF,0xFFFF,
    0xFFFF,0x9555,0x09E8,0x4BCF,0xCFBE,0xCFBE,0xCFBE,0xCFBE,0xCFBE,0xCFBE,0xCFBE,0xCFBE,
    0xCFBE,0xCFBE,0x4BCF,0x09E8,0x9555,0xFFFF,0xFFFF,0xFFFF,0xEF7D,0x21E8,0x11A7,0x11A7,
    0x11A7,0x11A7,0x11A7,0x11A7,0x11A7,0x11A7,0x11A7,0x11A7,0x2208,0xEF7D,0xFFFF,0xFFFF,
    0xFFFF,0x9555,0x09E8,0x1B8E,0x3ED9,0x3ED9,0x3ED9,0x3ED9,0x3ED9,0x3ED9,0x3ED9,0x3ED9,
    0x3ED9,0x3ED9,0x3ED9,0x3ED9,0x2430,0x09E8,0x09E8,0x2C71,0x3ED9,0x1B2C,0x09E8,0x09E8,
    0xF81F,0xF81F,0xF81F,0xF81F,0xF81F,0xF81F,0xF81F,0xF81F,0xF81F,0xF81F,0xF81F,0xF81F,
    0xF81F,0xF81F,0xF81F,0xF81F,0xF81F,0xF81F,0xF81F,0xF81F,0xF81F,0xF81F,0xF81F,0xF81F,
    0xF81F,0xF81F,0xF81F,0xF81F,0xF81F,0xF81F,0xF81F,0xF81F,0xF81F,0xF81F,0xF81F,0xF81F,
    0xF81F,0xF81F,0xF81F,0xF81F,0xF81F,0xF81F,0xF81F,0xF81F,0xF81F,0xF81F,0xF81F,0xF81F,
    0x09E8,0x09E8,0x2D13,0x3ED9,0x2CB2,0x09E8,0x09E8,0x23EF,0x3ED9,0x3ED9,0x3ED9,0x3ED9,
    0x3ED9,0x3ED9,0x3ED9,0x3ED9,0x3ED9,0x3ED9,0x3ED9,0x3ED9,0x3554,0x09E8,0x226A,0xF7BE,
    0xFFFF,0xFFFF,0xFFFF,0xB5F7,0x11A7,0x11A7,0x11A7,0x11A7,0x11A7,0x11A7,0x11A7,0x11A7,
    0x11A7,0x11A7,0xB5F7,0xFFFF,0xFFFF,0xFFFF,0xF7BE,0x226A,0x09E8,0x9617,0xCFBE,0xCFBE,
    0xCFBE,0xCFBE,0xCFBE,0xCFBE,0xCFBE,0xCFBE,0xCFBE,0xCFBE,0x95F7,0x09E8,0x226A,0xF7BE,
    0xFFFF,0xFFFF,0xFFFF,0xB5F7,0x11A7,0x11A7,0x11A7,0x11A7,0x11A7,0x11A7,0x11A7,0x11A7,
    0x11A7,0x11A7,0xB5F7,0xFFFF,0xFFFF,0xFFFF,0xF7BE,0x226A,0x09E8,0x3554,0x3ED9,0x3ED9,
    0x3ED9,0x3ED9,0x3ED9,0x3ED9,0x3ED9,0x3ED9,0x3ED9,0x3ED9,0x3ED9,0x3ED9,0x23EF,0x09E8,
    0x09E8,0x2CB2,0x3ED9,0x2D13,0x09E8,0x09E8,0xF81F,0xF81F,0xF81F,0xF81F,0xF81F,0xF81F,
    0xF81F,0xF81F,0xF81F,0xF81F,0xF81F,0xF81F,0xF81F,0xF81F,0xF81F,0xF81F,0xF81F,0xF81F,
    0xF81F,0xF81F,0xF81F,0xF81F,0xF81F,0xF81F,0xF81F,0xF81F,0xF81F,0xF81F,0xF81F,0xF81F,
    0xF81F,0xF81F,0xF81F,0xF81F,0xF81F,0xF81F,0xF81F,0xF81F,0xF81F,0xF81F,0xF81F,0xF81F,
    0xF81F,0xF81F,0xF81F,0xF81F,0xF81F,0xF81F,0x09E8,0x09E8,0x3E37,0x3ED9,0x2CF2,0x09E8,
    0x09E8,0x23AE,0x3ED9,0x3ED9,0x3ED9,0x3ED9,0x3ED9,0x3ED9,0x3ED9,0x3ED9,0x3ED9,0x46B9,
    0x5E58,0x7E18,0x85F8,0x6B90,0x5AAC,0x9493,0xFFFF,0xFFFF,0xFFFF,0xFFFF,0xB5F7,0x21E8,
    0x11A7,0x11A7,0x11A7,0x11A7,0x11A7,0x11A7,0x2208,0xB5F7,0xFFFF,0xFFFF,0xFFFF,0xFFFF,
    0x7C92,0x09E8,0x3B4D,0xCFBE,0xCFBE,0xCFBE,0xCFBE,0xCFBE,0xCFBE,0xCFBE,0xCFBE,0xCFBE,
    0xCFBE,0xCFBE,0xCFBE,0x3B4D,0x09E8,0x7CB3,0xFFFF,0xFFFF,0xFFFF,0xFFFF,0xB5F7,0x21E8,
    0x11A7,0x11A7,0x11A7,0x11A7,0x11A7,0x11A7,0x2208,0xB5F7,0xFFFF,0xFFFF,0xFFFF,0xFFFF,
    0x8C93,0x5AAC,0x73B0,0x85F8,0x7E18,0x5E58,0x46B9,0x3ED9,0x3ED9,0x3ED9,0x3ED9,0x3ED9,
    0x3ED9,0x3ED9,0x3ED9,0x3ED9,0x23AE,0x09E8,0x09E8,0x2CF3,0x3ED9,0x3E37,0x09E8,0x09E8,
    0xF81F,0xF81F,0xF81F,0xF81F,0xF81F,0xF81F,0xF81F,0xF81F,0xF81F,0xF81F,0xF81F,0xF81F,
    0xF81F,0xF81F,0xF81F,0xF81F,0xF81F,0xF81F,0xF81F,0xF81F,0xF81F,0xF81F,0xF81F,0xF81F,
    0xF81F,0xF81F,0xF81F,0xF81F,0xF81F,0xF81F,0xF81F,0xF81F,0xF81F,0xF81F,0xF81F,0xF81F,
    0xF81F,0xF81F,0xF81F,0xF81F,0xF81F,0xF81F,0xF81F,0xF81F,0xF81F,0xF81F,0xF81F,0x09E8,
    0x09E8,0x1249,0x3ED9,0x3ED9,0x3533,0x09E8,0x09E8,0x1B6D,0x3ED9,0x3ED9,0x3ED9,0x3ED9,
    0x3ED9,0x3ED9,0x3ED9,0x4EB9,0x95D8,0xCD17,0xDCF7,0xDCF7,0xDCF7,0xDCB6,0xD3F4,0xCBF4,
    0xECD7,0xFE9C,0xFFDF,0xFFFF,0xFFFF,0xEF7D,0x84D3,0x42EB,0x19E8,0x19E8,0x42EB,0x8CD3,
    0xEF7D,0xFFFF,0xFFFF,0xFFFF,0xFFFF,0xADD7,0x09E8,0x1208,0xA699,0xCFBE,0xCFBE,0xCFBE,
    0xCFBE,0xCFBE,0xCFBE,0xCFBE,0xCFBE,0xCFBE,0xCFBE,0xCFBE,0xCFBE,0xA699,0x1208,0x11E8,
    0xADD7,0xFFFF,0xFFFF,0xFFFF,0xFFFF,0xEF7D,0x84D3,0x42EB,0x19E8,0x19E8,0x42EB,0x8CD3,
    0xEF7D,0xFFFF,0xFFFF,0xFFDF,0xFE7C,0xECD7,0xCBF3,0xD3F4,0xDCB6,0xDCF7,0xDCF7,0xDCF7,
    0xCD17,0x95D8,0x4EB9,0x3ED9,0x3ED9,0x3ED9,0x3ED9,0x3ED9,0x3ED9,0x3ED9,0x1B6D,0x09E8,
    0x09E8,0x3554,0x3ED9,0x3ED9,0x1249,0x09E8,0x09E8,0xF81F,0xF81F,0xF81F,0xF81F,0xF81F,
    0xF81F,0xF81F,0xF81F,0xF81F,0xF81F,0xF81F,0xF81F,0xF81F,0xF81F,0xF81F,0xF81F,0xF81F,
    0xF81F,0xF81F,0xF81F,0xF81F,0xF81F,0xF81F,0xF81F,0xF81F,0xF81F,0xF81F,0xF81F,0xF81F,
    0xF81F,0xF81F,0xF81F,0xF81F,0xF81F,0xF81F,0xF81F,0xF81F,0xF81F,0xF81F,0xF81F,0xF81F,
    0xF81F,0xF81F,0xF81F,0xF81F,0xF81F,0x09E8,0x09E8,0x12AA,0x3ED9,0x3ED9,0x3594,0x09E8,
    0x09E8,0x1B0C,0x3ED9,0x3ED9,0x3ED9,0x3ED9,0x3ED9,0x3ED9,0x6658,0xCD17,0xDCF7,0xDCF7,
    0xDCF7,0xDCF7,0xDCF7,0xE4F7,0xE4B6,0xCBF3,0xD3F4,0xECB7,0xFD79,0xFF7E,0xFFFF,0xFFFF,
    0xFFFF,0xFFFF,0xFFFF,0xFFFF,0xFFFF,0xFFFF,0xFFFF,0xFFFF,0xFFFF,0xFFFF,0xADD7,0x1209,
    0x09E8,0x8575,0xCFBE,0xCFBE,0xCFBE,0xCFBE,0xCFBE,0xCFBE,0xCFBE,0xCFBE,0xCFBE,0xCFBE,
    0xCFBE,0xCFBE,0xCFBE,0xCFBE,0x7D75,0x09E8,0x1209,0xADD7,0xFFFF,0xFFFF,0xFFFF,0xFFFF,
    0xFFFF,0xFFFF,0xFFFF,0xFFFF,0xFFFF,0xFFFF,0xFFFF,0xFFFF,0xFF5E,0xFD79,0xECB7,0xD3F4,
    0xCBF3,0xE4B6,0xE4F7,0xDCF7,0xDCF7,0xDCF7,0xDCF7,0xDCF7,0xCD17,0x6678,0x3ED9,0x3ED9,
    0x3ED9,0x3ED9,0x3ED9,0x3ED9,0x1AEC,0x09E8,0x09E8,0x3595,0x3ED9,0x3ED9,0x128A,0x09E8,
    0x09E8,0xF81F,0xF81F,0xF81F,0xF81F,0xF81F,0xF81F,0xF81F,0xF81F,0xF81F,0xF81F,0xF81F,
    0xF81F,0xF81F,0xF81F,0xF81F,0xF81F,0xF81F,0xF81F,0xF81F,0xF81F,0xF81F,0xF81F,0xF81F,
    0xF81F,0xF81F,0xF81F,0xF81F,0xF81F,0xF81F,0xF81F,0xF81F,0xF81F,0xF81F,0xF81F,0xF81F,
    0xF81F,0xF81F,0xF81F,0xF81F,0xF81F,0xF81F,0xF81F,0xF81F,0xF81F,0xF81F,0xF81F,0x09E8,
    0x09E8,0x1ACB,0x3ED9,0x3ED9,0x3E37,0x09E8,0x09E8,0x1249,0x3ED9,0x3ED9,0x3ED9,0x3ED9,
    0x3ED9,0x5698,0xD517,0xDCF7,0xDCF7,0xDCF7,0xDCF7,0xDCF7,0xDCF7,0xE517,0xF518,0xE475,
    0xCBF3,0xCBF4,0xE496,0xFD58,0xFF9E,0xFFFF,0xFFFF,0xFFFF,0xFFFF,0xFFFF,0xFFFF,0xFFFF,
    0xFFFF,0xFFFF,0xF7BE,0x7C92,0x09E8,0x09E8,0x6492,0xCFBE,0xCFBE,0xCFBE,0xCFBE,0xCFBE,
    0xCFBE,0xCFBE,0xCFBE,0xCFBE,0xCFBE,0xCFBE,0xCFBE,0xCFBE,0xCFBE,0xCFBE,0xCFBE,0x6492,
    0x09E8,0x11E8,0x7CB3,0xF7BE,0xFFFF,0xFFFF,0xFFFF,0xFFFF,0xFFFF,0xFFFF,0xFFFF,0xFFFF,
    0xFFFF,0xFF9E,0xFD58,0xE476,0xCBF3,0xCBF3,0xE475,0xF518,0xE517,0xDCF7,0xDCF7,0xDCF7,
    0xDCF7,0xDCF7,0xDCF7,0xCD17,0x5678,0x3ED9,0x3ED9,0x3ED9,0x3ED9,0x3ED9,0x1249,0x09E8,
    0x09E8,0x3E57,0x3ED9,0x3ED9,0x1ACB,0x09E8,0x09E8,0xF81F,0xF81F,0xF81F,0xF81F,0xF81F,
    0xF81F,0xF81F,0xF81F,0xF81F,0xF81F,0xF81F,0xF81F,0xF81F,0xF81F,0xF81F,0xF81F,0xF81F,
    0xF81F,0xF81F,0xF81F,0xF81F,0xF81F,0xF81F,0xF81F,0xF81F,0xF81F,0xF81F,0xF81F,0xF81F,
    0xF81F,0xF81F,0xF81F,0xF81F,0xF81F,0xF81F,0xF81F,0xF81F,0xF81F,0xF81F,0xF81F,0xF81F,
    0xF81F,0xF81F,0xF81F,0xF81F,0xF81F,0x09E8,0x09E8,0x128A,0x3ED9,0x3ED9,0x3EB9,0x1229,
    0x09E8,0x09E8,0x3E77,0x3ED9,0x3ED9,0x3ED9,0x3ED9,0xA598,0xDCF7,0xDCF7,0xDCF7,0xDCF7,
    0xDCF7,0xDCF7,0xDCF7,0xED18,0xF518,0xF518,0xE4B6,0xD3F4,0xCBF3,0xD414,0xCCD6,0xE75D,
    0xFFFF,0xFFFF,0xFFFF,0xFFFF,0xFFFF,0xFFFF,0xE75D,0x9555,0x226A,0x09E8,0x1208,0x8575,
    0xCFBE,0xCFBE,0xCFBE,0xCFBE,0xCFBE,0xCFBE,0xCFBE,0xCFBE,0xCFBE,0xCFBE,0xCFBE,0xCFBE,
    0xCFBE,0xCFBE,0xCFBE,0xCFBE,0xCFBE,0xCFBE,0x7D55,0x1208,0x09E8,0x226A,0x9555,0xE75D,
    0xFFFF,0xFFFF,0xFFFF,0xFFFF,0xFFFF,0xFFFF,0xE75D,0xCCD6,0xD414,0xCBF3,0xD3F4,0xE4B6,
    0xF518,0xF518,0xED18,0xDCF7,0xDCF7,0xDCF7,0xDCF7,0xDCF7,0xDCF7,0xDCF7,0xA597,0x3ED9,
    0x3ED9,0x3ED9,0x3ED9,0x3E57,0x09E8,0x09E8,0x1229,0x3ED9,0x3ED9,0x3ED9,0x126A,0x09E8,
    0x09E8,0xF81F,0xF81F,0xF81F,0xF81F,0xF81F,0xF81F,0xF81F,0xF81F,0xF81F,0xF81F,0xF81F,
    0xF81F,0xF81F,0xF81F,0xF81F,0xF81F,0xF81F,0xF81F,0xF81F,0xF81F,0xF81F,0xF81F,0xF81F,
    0xF81F,0xF81F,0xF81F,0xF81F,0xF81F,0xF81F,0xF81F,0xF81F,0xF81F,0xF81F,0xF81F,0xF81F,
    0xF81F,0xF81F,0xF81F,0xF81F,0xF81F,0xF81F,0xF81F,0xF81F,0xF81F,0xF81F,0xF81F,0x09E8,
    0x09E8,0x1208,0x3EB9,0x3ED9,0x3ED9,0x1AEB,0x09E8,0x09E8,0x3595,0x3ED9,0x3ED9,0x3ED9,
    0x3ED9,0xCD17,0xDCF7,0xDCF7,0xDCF7,0xDCF7,0xDCF7,0xDCF7,0xDCF7,0xF518,0xF518,0xF518,
    0xF518,0xECF7,0xDC35,0xCBF3,0xC3D2,0x11E8,0x3B0C,0x6410,0x7C92,0x7C92,0x6410,0x3B0C,
    0x11E8,0x09E8,0x09E8,0x3B4D,0xA699,0xCFBE,0xCFBE,0xCFBE,0xCFBE,0xCFBE,0xCFBE,0xCFBE,
    0xCFBE,0xCFBE,0xCFBE,0xCFBE,0xCFBE,0xCFBE,0xCFBE,0xCFBE,0xCFBE,0xCFBE,0xCFBE,0xCFBE,
    0xCFBE,0xA699,0x3B4D,0x09E8,0x09E8,0x11E8,0x3B0C,0x6410,0x7C92,0x7C92,0x6410,0x3B0C,
    0x11E8,0xC3D3,0xCBF3,0xDC35,0xECF7,0xF518,0xF518,0xF518,0xF518,0xDCF7,0xDCF7,0xDCF7,
    0xDCF7,0xDCF7,0xDCF7,0xDCF7,0xCD17,0x3ED9,0x3ED9,0x3ED9,0x3ED9,0x3595,0x09E8,0x09E8,
    0x1AEC,0x3ED9,0x3ED9,0x3EB9,0x1208,0x09E8,0x09E8,0xF81F,0xF81F,0xF81F,0xF81F,0xF81F,
    0xF81F,0xF81F,0xF81F,0xF81F,0xF81F,0xF81F,0xF81F,0xF81F,0xF81F,0xF81F,0xF81F,0xF81F,
    0xF81F,0xF81F,0xF81F,0xF81F,0xF81F,0xF81F,0xF81F,0xF81F,0xF81F,0xF81F,0xF81F,0xF81F,
    0xF81F,0xF81F,0xF81F,0xF81F,0xF81F,0xF81F,0xF81F,0xF81F,0xF81F,0xF81F,0xF81F,0xF81F,
    0xF81F,0xF81F,0xF81F,0xF81F,0xF81F,0xF81F,0x09E8,0x09E8,0x3616,0x3ED9,0x3ED9,0x23AE,
    0x09E8,0x09E8,0x2CB2,0x3ED9,0x3ED9,0x3ED9,0x3ED9,0xCD17,0xDCF7,0xDCF7,0xDCF7,0xDCF7,
    0xDCF7,0xDCF7,0xDCF7,0xF518,0xF518,0xF518,0xF518,0xF518,0xF518,0xECD7,0xD454,0x1A29,
    0x09E8,0x09E8,0x09E8,0x09E8,0x09E8,0x09E8,0x1A29,0x4BCF,0x9617,0xCFBE,0xCFBE,0xCFBE,
    0xCFBE,0xCFBE,0xCFBE,0xCFBE,0xCFBE,0xCFBE,0xCFBE,0xCFBE,0xCFBE,0xCFBE,0xCFBE,0xCFBE,
    0xCFBE,0xCFBE,0xCFBE,0xCFBE,0xCFBE,0xCFBE,0xCFBE,0xCFBE,0xCFBE,0x9617,0x4BCF,0x1A29,
    0x09E8,0x09E8,0x09E8,0x09E8,0x09E8,0x09E8,0x1A29,0xD454,0xECD7,0xF518,0xF518,0xF518,
    0xF518,0xF518,0xF518,0xDCF7,0xDCF7,0xDCF7,0xDCF7,0xDCF7,0xDCF7,0xDCF7,0xCD17,0x3ED9,
    0x3ED9,0x3ED9,0x3ED9,0x2CB1,0x09E8,0x09E8,0x23AE,0x3ED9,0x3ED9,0x35F6,0x09E8,0x09E8,
    0xF81F,0xF81F,0xF81F,0xF81F,0xF81F,0xF81F,0xF81F,0xF81F,0xF81F,0xF81F,0xF81F,0xF81F,
    0xF81F,0xF81F,0xF81F,0xF81F,0xF81F,0xF81F,0xF81F,0xF81F,0xF81F,0xF81F,0xF81F,0xF81F,
    0xF81F,0xF81F,0xF81F,0xF81F,0xF81F,0xF81F,0xF81F,0xF81F,0xF81F,0xF81F,0xF81F,0xF81F,
    0xF81F,0xF81F,0xF81F,0xF81F,0xF81F,0xF81F,0xF81F,0xF81F,0xF81F,0xF81F,0xF81F,0xF81F,
    0x09E8,0x09E8,0x2CD2,0x3ED9,0x3ED9,0x2CB2,0x09E8,0x09E8,0x1B6D,0x3ED9,0x3ED9,0x3ED9,
    0x3ED9,0xA597,0xDCF7,0xDCF7,0xDCF7,0xDCF7,0xDCF7,0xDCF7,0xDCF7,0xF518,0xF518,0xF518,
    0xF518,0xF518,0xF518,0xF518,0xE61A,0xC79D,0x9E59,0x8DB6,0x7D34,0x7D34,0x8DB6,0x9E59,
    0xC79D,0xCFBE,0xCFBE,0xCFBE,0xCFBE,0xCFBE,0xCFBE,0xCFBE,0xCFBE,0xCFBE,0xCFBE,0xCFBE,
    0xCFBE,0xCFBE,0xCFBE,0xCFBE,0xCFBE,0xCFBE,0xCFBE,0xCFBE,0xCFBE,0xCFBE,0xCFBE,0xCFBE,
    0xCFBE,0xCFBE,0xCFBE,0xCFBE,0xCFBE,0xC79D,0x9E59,0x8DB6,0x7D34,0x7D34,0x8DB6,0x9E59,
    0xC79D,0xE61A,0xF518,0xF518,0xF518,0xF518,0xF518,0xF518,0xF518,0xDCF7,0xDCF7,0xDCF7,
    0xDCF7,0xDCF7,0xDCF7,0xDCF7,0xA597,0x3ED9,0x3ED9,0x3ED9,0x3ED9,0x1B6D,0x09E8,0x09E8,
    0x2CD2,0x3ED9,0x3ED9,0x2CD2,0x09E8,0x09E8,0xF81F,0xF81F,0xF81F,0xF81F,0xF81F,0xF81F,
    0xF81F,0xF81F,0xF81F,0xF81F,0xF81F,0xF81F,0xF81F,0xF81F,0xF81F,0xF81F,0xF81F,0xF81F,
    0xF81F,0xF81F,0xF81F,0xF81F,0xF81F,0xF81F,0xF81F,0xF81F,0xF81F,0xF81F,0xF81F,0xF81F,
    0xF81F,0xF81F,0xF81F,0xF81F,0xF81F,0xF81F,0xF81F,0xF81F,0xF81F,0xF81F,0xF81F,0xF81F,
    0xF81F,0xF81F,0xF81F,0xF81F,0xF81F,0xF81F,0x09E8,0x09E8,0x1B6D,0x3ED9,0x3ED9,0x3E16,
    0x09E8,0x09E8,0x1229,0x3EB8,0x3ED9,0x3ED9,0x3ED9,0x5698,0xD517,0xDCF7,0xDCF7,0xDCF7,
    0xDCF7,0xDCF7,0xDCF7,0xF518,0xF518,0xF518,0xF518,0xF518,0xF518,0xF558,0xD75D,0xCFBE,
    0xCFBE,0xCFBE,0xCFBE,0xCFBE,0xCFBE,0xCFBE,0xCFBE,0xCFBE,0xCFBE,0xCFBE,0xCFBE,0xCFBE,
    0xCFBE,0xCFBE,0xCFBE,0xCFBE,0xCFBE,0xCFBE,0xCFBE,0xCFBE,0xCFBE,0xCFBE,0xCFBE,0xCFBE,
    0xCFBE,0xCFBE,0xCFBE,0xCFBE,0xCFBE,0xCFBE,0xCFBE,0xCFBE,0xCFBE,0xCFBE,0xCFBE,0xCFBE,
    0xCFBE,0xCFBE,0xCFBE,0xCFBE,0xCFBE,0xCFBE,0xCFBE,0xD75D,0xF558,0xF518,0xF518,0xF518,
    0xF518,0xF518,0xF518,0xDCF7,0xDCF7,0xDCF7,0xDCF7,0xDCF7,0xDCF7,0xCD17,0x5698,0x3ED9,
    0x3ED9,0x3ED9,0x3EB8,0x1229,0x09E8,0x09E8,0x3E16,0x3ED9,0x3ED9,0x1B6D,0x09E8,0x09E8,
    0xF81F,0xF81F,0xF81F,0xF81F,0xF81F,0xF81F,0xF81F,0xF81F,0xF81F,0xF81F,0xF81F,0xF81F,
    0xF81F,0xF81F,0xF81F,0xF81F,0xF81F,0xF81F,0xF81F,0xF81F,0xF81F,0xF81F,0xF81F,0xF81F,
    0xF81F,0xF81F,0xF81F,0xF81F,0xF81F,0xF81F,0xF81F,0xF81F,0xF81F,0xF81F,0xF81F,0xF81F,
    0xF81F,0xF81F,0xF81F,0xF81F,0xF81F,0xF81F,0xF81F,0xF81F,0xF81F,0xF81F,0xF81F,0xF81F,
    0x09E8,0x09E8,0x1208,0x3E57,0x3ED9,0x3ED9,0x128A,0x09E8,0x09E8,0x35B5,0x3ED9,0x3ED9,
    0x3ED9,0x3ED9,0x6678,0xCD17,0xDCF7,0xDCF7,0xDCF7,0xDCF7,0xDCF7,0xF518,0xF518,0xF518,
    0xF518,0xF518,0xF558,0xD73C,0xCFBE,0xCFBE,0xCFBE,0xCFBE,0xCFBE,0xCFBE,0xCFBE,0xCFBE,
    0xCFBE,0xCFBE,0xCFBE,0xCFBE,0xCFBE,0xCFBE,0xCFBE,0xCFBE,0xCFBE,0xCFBE,0xCFBE,0xCFBE,
    0xCFBE,0xCFBE,0xCFBE,0xCFBE,0xCFBE,0xCFBE,0xCFBE,0xCFBE,0xCFBE,0xCFBE,0xCFBE,0xCFBE,
    0xCFBE,0xCFBE,0xCFBE,0xCFBE,0xCFBE,0xCFBE,0xCFBE,0xCFBE,0xCFBE,0xCFBE,0xCFBE,0xCFBE,
    0xCFBE,0xCFBE,0xD73C,0xF558,0xF518,0xF518,0xF518,0xF518,0xF518,0xDCF7,0xDCF7,0xDCF7,
    0xDCF7,0xDCF7,0xCD17,0x5E78,0x3ED9,0x3ED9,0x3ED9,0x3ED9,0x3595,0x09E8,0x09E8,0x128A,
    0x3ED9,0x3ED9,0x3E57,0x1208,0x09E8,0x09E8,0xF81F,0xF81F,0xF81F,0xF81F,0xF81F,0xF81F,
    0xF81F,0xF81F,0xF81F,0xF81F,0xF81F,0xF81F,0xF81F,0xF81F,0xF81F,0xF81F,0xF81F,0xF81F,
    0xF81F,0xF81F,0xF81F,0xF81F,0xF81F,0xF81F,0xF81F,0xF81F,0xF81F,0xF81F,0xF81F,0xF81F,
    0xF81F,0xF81F,0xF81F,0xF81F,0xF81F,0xF81F,0xF81F,0xF81F,0xF81F,0xF81F,0xF81F,0xF81F,
    0xF81F,0xF81F,0xF81F,0xF81F,0xF81F,0xF81F,0xF81F,0x09E8,0x09E8,0x2470,0x3ED9,0x3ED9,
    0x23CF,0x09E8,0x09E8,0x2430,0x3ED9,0x3ED9,0x3ED9,0x3ED9,0x3ED9,0x4EB9,0x8DD8,0xCD17,
    0xDCF7,0xDCF7,0xDCF7,0xF518,0xF518,0xF518,0xF558,0xE67B,0xCF9D,0xCFBE,0xCFBE,0xCFBE,
    0xCFBE,0xCFBE,0xCFBE,0xCFBE,0xCFBE,0xCFBE,0xCFBE,0xCFBE,0xCFBD,0x8D95,0x8D95,0xCFBD,
    0xCFBE,0xCFBE,0xCFBE,0xCFBE,0xCFBE,0xCFBE,0xCFBE,0xCFBE,0xCFBE,0xCFBE,0xCFBE,0xCFBE,
    0xCFBE,0xCFBE,0xCFBE,0xCFBE,0xCFBE,0xCFBE,0xCFBD,0x8D95,0x8D95,0xCFBD,0xCFBE,0xCFBE,
    0xCFBE,0xCFBE,0xCFBE,0xCFBE,0xCFBE,0xCFBE,0xCFBE,0xCFBE,0xCFBE,0xCF9D,0xE65A,0xF558,
    0xF518,0xF518,0xF518,0xDCF7,0xDCF7,0xDCF7,0xCD17,0x8DD8,0x46B9,0x3ED9,0x3ED9,0x3ED9,
    0x3ED9,0x3ED9,0x2430,0x09E8,0x09E8,0x23CF,0x3ED9,0x3ED9,0x2450,0x09E8,0x09E8,0xF81F,
    0xF81F,0xF81F,0xF81F,0xF81F,0xF81F,0xF81F,0xF81F,0xF81F,0xF81F,0xF81F,0xF81F,0xF81F,
    0xF81F,0xF81F,0xF81F,0xF81F,0xF81F,0xF81F,0xF81F,0xF81F,0xF81F,0xF81F,0xF81F,0xF81F,
    0xF81F,0xF81F,0xF81F,0xF81F,0xF81F,0xF81F,0xF81F,0xF81F,0xF81F,0xF81F,0xF81F,0xF81F,
    0xF81F,0xF81F,0xF81F,0xF81F,0xF81F,0xF81F,0xF81F,0xF81F,0xF81F,0xF81F,0xF81F,0xF81F,
    0xF81F,0x09E8,0x09E8,0x1229,0x3E57,0x3ED9,0x3554,0x09E8,0x09E8,0x126A,0x3EB9,0x3ED9,
    0x3ED9,0x3ED9,0x3ED9,0x3ED9,0x3ED9,0x46D9,0x5E78,0x7E18,0x85F8,0xC65A,0xDEBB,0xD73C,
    0xCFBE,0xCFBE,0xCFBE,0xCFBE,0xCFBE,0xCFBE,0xCFBE,0xCFBE,0xCFBE,0xCFBE,0xCFBE,0xCFBE,
    0xCFBE,0xCFBE,0x8D75,0x11A7,0x11A7,0x53AE,0xC79D,0xCFBE,0xCFBE,0xCFBE,0xCFBE,0xCFBE,
    0xCFBE,0xCFBE,0xCFBE,0xCFBE,0xCFBE,0xCFBE,0xCFBE,0xCFBE,0xCFBE,0xCFBE,0xCFBE,0xC77D,
    0x4B8E,0x11A7,0x11A7,0x8D75,0xCFBE,0xCFBE,0xCFBE,0xCFBE,0xCFBE,0xCFBE,0xCFBE,0xCFBE,
    0xCFBE,0xCFBE,0xCFBE,0xCFBE,0xCFBE,0xCFBE,0xD73C,0xDEBB,0xC65A,0x85F8,0x7E18,0x5E78,
    0x46D9,0x3ED9,0x3ED9,0x3ED9,0x3ED9,0x3ED9,0x3ED9,0x3EB9,0x126A,0x09E8,0x09E8,0x3554,
    0x3ED9,0x3E57,0x1229,0x09E8,0x09E8,0xF81F,0xF81F,0xF81F,0xF81F,0xF81F,0xF81F,0xF81F,
    0xF81F,0xF81F,0xF81F,0xF81F,0xF81F,0xF81F,0xF81F,0xF81F,0xF81F,0xF81F,0xF81F,0xF81F,
    0xF81F,0xF81F,0xF81F,0xF81F,0xF81F,0xF81F,0xF81F,0xF81F,0xF81F,0xF81F,0xF81F,0xF81F,
    0xF81F,0xF81F,0xF81F,0xF81F,0xF81F,0xF81F,0xF81F,0xF81F,0xF81F,0xF81F,0xF81F,0xF81F,
    0xF81F,0xF81F,0xF81F,0xF81F,0xF81F,0xF81F,0xF81F,0xF81F,0x09E8,0x09E8,0x23AE,0x3ED9,
    0x3EB8,0x124A,0x09E8,0x09E8,0x3574,0x3ED9,0x3ED9,0x3ED9,0x3ED9,0x3ED9,0x3ED9,0x3ED9,
    0x3ED9,0x3ED9,0x3ED9,0x8F3B,0xCFBE,0xCFBE,0xCFBE,0xCFBE,0xCFBE,0xCFBE,0xCFBE,0xCFBE,
    0xCFBE,0xCFBE,0xCFBE,0xCFBE,0xCFBE,0xCFBE,0xCFBE,0xCFBE,0x8D75,0x11A7,0x11A7,0x11A7,
    0x3B0C,0xBF5C,0xCFBE,0xCFBE,0xCFBE,0xCFBE,0xCFBE,0xCFBE,0xCFBE,0xCFBE,0xCFBE,0xCFBE,
    0xCFBE,0xCFBE,0xCFBE,0xCFBE,0xBF3C,0x3B0C,0x11A7,0x11A7,0x11A7,0x8D75,0xCFBE,0xCFBE,
    0xCFBE,0xCFBE,0xCFBE,0xCFBE,0xCFBE,0xCFBE,0xCFBE,0xCFBE,0xCFBE,0xCFBE,0xCFBE,0xCFBE,
    0xCFBE,0xCFBE,0x8F5B,0x3ED9,0x3ED9,0x3ED9,0x3ED9,0x3ED9,0x3ED9,0x3ED9,0x3ED9,0x3ED9,
    0x3ED9,0x3554,0x09E8,0x09E8,0x124A,0x3EB8,0x3ED9,0x23AE,0x09E8,0x09E8,0xF81F,0xF81F,
    0xF81F,0xF81F,0xF81F,0xF81F,0xF81F,0xF81F,0xF81F,0xF81F,0xF81F,0xF81F,0xF81F,0xF81F,
    0xF81F,0xF81F,0xF81F,0xF81F,0xF81F,0xF81F,0xF81F,0xF81F,0xF81F,0xF81F,0xF81F,0xF81F,
    0xF81F,0xF81F,0xF81F,0xF81F,0xF81F,0xF81F,0xF81F,0xF81F,0xF81F,0xF81F,0xF81F,0xF81F,
    0xF81F,0xF81F,0xF81F,0xF81F,0xF81F,0xF81F,0xF81F,0xF81F,0xF81F,0xF81F,0xF81F,0xF81F,
    0xF81F,0xF81F,0x09E8,0x09E8,0x09E8,0x2CF2,0x3ED9,0x2410,0x09E8,0x09E8,0x1B8E,0x3ED9,
    0x3ED9,0x3ED9,0x3ED9,0x3ED9,0x3ED9,0x3ED9,0x3ED9,0x3ED9,0x3ED9,0x6F1A,0xCFBE,0xCFBE,
    0xCFBE,0xCFBE,0xCFBE,0xCFBE,0xCFBE,0xCFBE,0xCFBE,0xCFBE,0xCFBE,0xCFBE,0xCFBE,0xCFBE,
    0xCFBE,0xCFBE,0xCFBD,0x6451,0x11A7,0x11A7,0x11A7,0x2A6A,0x9E17,0xCFBE,0xCFBE,0xCFBE,
    0xCFBE,0xCFBE,0xCFBE,0xCFBE,0xCFBE,0xCFBE,0xCFBE,0xCFBE,0xCFBE,0x9E17,0x2A6A,0x11A7,
    0x11A7,0x11A7,0x6451,0xCFBD,0xCFBE,0xCFBE,0xCFBE,0xCFBE,0xCFBE,0xCFBE,0xCFBE,0xCFBE,
    0xCFBE,0xCFBE,0xCFBE,0xCFBE,0xCFBE,0xCFBE,0xCFBE,0xCFBE,0x6F1A,0x3ED9,0x3ED9,0x3ED9,
    0x3ED9,0x3ED9,0x3ED9,0x3ED9,0x3ED9,0x3ED9,0x3ED9,0x1B8D,0x09E8,0x09E8,0x2430,0x3ED9,
    0x2CF2,0x09E8,0x09E8,0x09E8,0xF81F,0xF81F,0xF81F,0xF81F,0xF81F,0xF81F,0xF81F,0xF81F,
    0xF81F,0xF81F,0xF81F,0xF81F,0xF81F,0xF81F,0xF81F,0xF81F,0xF81F,0xF81F,0xF81F,0xF81F,
    0xF81F,0xF81F,0xF81F,0xF81F,0xF81F,0xF81F,0xF81F,0xF81F,0xF81F,0xF81F,0xF81F,0xF81F,
    0xF81F,0xF81F,0xF81F,0xF81F,0xF81F,0xF81F,0xF81F,0xF81F,0xF81F,0xF81F,0xF81F,0xF81F,
    0xF81F,0xF81F,0xF81F,0xF81F,0xF81F,0xF81F,0xF81F,0xF81F,0xF81F,0x09E8,0x09E8,0x1208,
    0x3574,0x35F6,0x09E8,0x09E8,0x1208,0x3E37,0x3ED9,0x3ED9,0x3ED9,0x3ED9,0x3ED9,0x3ED9,
    0x3ED9,0x3ED9,0x3ED9,0x46D9,0xCFBD,0xCFBE,0xCFBE,0xCFBE,0xCFBE,0xCFBE,0xCFBE,0xCFBE,
    0xCFBE,0xCFBE,0xCFBE,0xCFBE,0xCFBE,0xCFBE,0xCFBE,0xCFBE,0xCFBE,0xCFBE,0x7D14,0x11A7,
    0x11A7,0x11A7,0x11A7,0x53CF,0xBF1B,0xCFBE,0xCFBE,0xCFBE,0xCFBE,0xCFBE,0xCFBE,0xCFBE,
    0xCFBE,0xB71B,0x53CF,0x11A7,0x11A7,0x11A7,0x11A7,0x7D34,0xCFBE,0xCFBE,0xCFBE,0xCFBE,
    0xCFBE,0xCFBE,0xCFBE,0xCFBE,0xCFBE,0xCFBE,0xCFBE,0xCFBE,0xCFBE,0xCFBE,0xCFBE,0xCFBE,
    0xCFBE,0xC7BD,0x46D9,0x3ED9,0x3ED9,0x3ED9,0x3ED9,0x3ED9,0x3ED9,0x3ED9,0x3ED9,0x3ED9,
    0x3E37,0x1208,0x09E8,0x09E8,0x3616,0x3574,0x1208,0x09E8,0x09E8,0xF81F,0xF81F,0xF81F,
    0xF81F,0xF81F,0xF81F,0xF81F,0xF81F,0xF81F,0xF81F,0xF81F,0xF81F,0xF81F,0xF81F,0xF81F,
    0xF81F,0xF81F,0xF81F,0xF81F,0xF81F,0xF81F,0xF81F,0xF81F,0xF81F,0xF81F,0xF81F,0xF81F,
    0xF81F,0xF81F,0xF81F,0xF81F,0xF81F,0xF81F,0xF81F,0xF81F,0xF81F,0xF81F,0xF81F,0xF81F,
    0xF81F,0xF81F,0xF81F,0xF81F,0xF81F,0xF81F,0xF81F,0xF81F,0xF81F,0xF81F,0xF81F,0xF81F,
    0xF81F,0xF81F,0xF81F,0xF81F,0x09E8,0x09E8,0x1208,0x2D13,0x1B0C,0x09E8,0x09E8,0x23EF,
    0x3ED9,0x3ED9,0x3ED9,0x3ED9,0x3ED9,0x3ED9,0x3ED9,0x3ED9,0x3ED9,0x3ED9,0xA77C,0xCFBE,
    0xCFBE,0xCFBE,0xCFBE,0xCFBE,0xCFBE,0xCFBE,0xCFBE,0xCFBE,0xCFBE,0xCFBE,0xCFBE,0xCFBE,
    0xCFBE,0xCFBE,0xCFBE,0xCFBE,0xCFBE,0x95D7,0x2208,0x11A7,0x11A7,0x11A7,0x19C7,0x53AE,
    0x8D95,0xB6DA,0xC77D,0xC77D,0xB6DA,0x8D95,0x4B8E,0x19C7,0x11A7,0x11A7,0x11A7,0x2208,
    0x95F7,0xCFBE,0xCFBE,0xCFBE,0xCFBE,0xCFBE,0xCFBE,0xCFBE,0xCFBE,0xCFBE,0xCFBE,0xCFBE,
    0xCFBE,0xCFBE,0xCFBE,0xCFBE,0xCFBE,0xCFBE,0xCFBE,0xA77C,0x3ED9,0x3ED9,0x3ED9,0x3ED9,
    0x3ED9,0x3ED9,0x3ED9,0x3ED9,0x3ED9,0x3ED9,0x23CF,0x09E8,0x09E8,0x1B2C,0x2CF3,0x1208,
    0x09E8,0x09E8,0xF81F,0xF81F,0xF81F,0xF81F,0xF81F,0xF81F,0xF81F,0xF81F,0xF81F,0xF81F,
    0xF81F,0xF81F,0xF81F,0xF81F,0xF81F,0xF81F,0xF81F,0xF81F,0xF81F,0xF81F,0xF81F,0xF81F,
    0xF81F,0xF81F,0xF81F,0xF81F,0xF81F,0xF81F,0xF81F,0xF81F,0xF81F,0xF81F,0xF81F,0xF81F,
    0xF81F,0xF81F,0xF81F,0xF81F,0xF81F,0xF81F,0xF81F,0xF81F,0xF81F,0xF81F,0xF81F,0xF81F,
    0xF81F,0xF81F,0xF81F,0xF81F,0xF81F,0xF81F,0xF81F,0xF81F,0xF81F,0xF81F,0xF81F,0x09E8,
    0x09E8,0x09E8,0x1B0C,0x09E8,0x09E8,0x1208,0x3E37,0x3ED9,0x3ED9,0x3ED9,0x3ED9,0x3ED9,
    0x3ED9,0x3ED9,0x3ED9,0x3ED9,0x6F1A,0xCFBE,0xCFBE,0xCFBE,0xCFBE,0xCFBE,0xCFBE,0xCFBE,
    0xCFBE,0xCFBE,0xCFBE,0xCFBE,0xCFBE,0xCFBE,0xCFBE,0xCFBE,0xCFBE,0xCFBE,0xCFBE,0xCFBE,
    0xBF5C,0x5C10,0x11A7,0x11A7,0x11A7,0x11A7,0x11A7,0x11A7,0x11A7,0x11A7,0x11A7,0x11A7,
    0x11A7,0x11A7,0x11A7,0x11A7,0x53AE,0xBF3C,0xCFBE,0xCFBE,0xCFBE,0xCFBE,0xCFBE,0xCFBE,
    0xCFBE,0xCFBE,0xCFBE,0xCFBE,0xCFBE,0xCFBE,0xCFBE,0xCFBE,0xCFBE,0xCFBE,0xCFBE,0xCFBE,
    0xCFBE,0x6F1A,0x3ED9,0x3ED9,0x3ED9,0x3ED9,0x3ED9,0x3ED9,0x3ED9,0x3ED9,0x3ED9,0x3E37,
    0x1208,0x09E8,0x09E8,0x1B0C,0x09E8,0x09E8,0x09E8,0xF81F,0xF81F,0xF81F,0xF81F,0xF81F,
    0xF81F,0xF81F,0xF81F,0xF81F,0xF81F,0xF81F,0xF81F,0xF81F,0xF81F,0xF81F,0xF81F,0xF81F,
    0xF81F,0xF81F,0xF81F,0xF81F,0xF81F,0xF81F,0xF81F,0xF81F,0xF81F,0xF81F,0xF81F,0xF81F,
    0xF81F,0xF81F,0xF81F,0xF81F,0xF81F,0xF81F,0xF81F,0xF81F,0xF81F,0xF81F,0xF81F,0xF81F,
    0xF81F,0xF81F,0xF81F,0xF81F,0xF81F,0xF81F,0xF81F,0xF81F,0xF81F,0xF81F,0xF81F,0xF81F,
    0xF81F,0xF81F,0xF81F,0xF81F,0xF81F,0xF81F,0x09E8,0x09E8,0x09E8,0x09E8,0x09E8,0x09E8,
    0x23CF,0x3ED9,0x3ED9,0x3ED9,0x3ED9,0x3ED9,0x3ED9,0x3ED9,0x3ED9,0x3ED9,0x46D9,0xBFBD,
    0xCFBE,0xCFBE,0xCFBE,0xCFBE,0xCFBE,0xCFBE,0xCFBE,0xCFBE,0xCFBE,0xCFBE,0xCFBE,0xCFBE,
    0xCFBE,0xCFBE,0xCFBE,0xCFBE,0xCFBE,0xCFBE,0xCFBE,0xCFBE,0x9E38,0x432C,0x11A7,0x11A7,
    0x11A7,0x11A7,0x11A7,0x11A7,0x11A7,0x11A7,0x11A7,0x11A7,0x432C,0x9E38,0xCFBE,0xCFBE,
    0xCFBE,0xCFBE,0xCFBE,0xCFBE,0xCFBE,0xCFBE,0xCFBE,0xCFBE,0xCFBE,0xCFBE,0xCFBE,0xCFBE,
    0xCFBE,0xCFBE,0xCFBE,0xCFBE,0xCFBE,0xCFBE,0xBF9D,0x46D9,0x3ED9,0x3ED9,0x3ED9,0x3ED9,
    0x3ED9,0x3ED9,0x3ED9,0x3ED9,0x3ED9,0x23AE,0x09E8,0x09E8,0x09E8,0x09E8,0x09E8,0x09E8,
    0xF81F,0xF81F,0xF81F,0xF81F,0xF81F,0xF81F,0xF81F,0xF81F,0xF81F,0xF81F,0xF81F,0xF81F,
    0xF81F,0xF81F,0xF81F,0xF81F,0xF81F,0xF81F,0xF81F,0xF81F,0xF81F,0xF81F,0xF81F,0xF81F,
    0xF81F,0xF81F,0xF81F,0xF81F,0xF81F,0xF81F,0xF81F,0xF81F,0xF81F,0xF81F,0xF81F,0xF81F,
    0xF81F,0xF81F,0xF81F,0xF81F,0xF81F,0xF81F,0xF81F,0xF81F,0xF81F,0xF81F,0xF81F,0xF81F,
    0xF81F,0xF81F,0xF81F,0xF81F,0xF81F,0xF81F,0xF81F,0xF81F,0xF81F,0xF81F,0xF81F,0xF81F,
    0xF81F,0x09E8,0x09E8,0x09E8,0x09E8,0x09E8,0x09E8,0x35B5,0x3ED9,0x3ED9,0x3ED9,0x3ED9,
    0x3ED9,0x3ED9,0x3ED9,0x3ED9,0x3ED9,0x7F3B,0xCFBE,0xCFBE,0xCFBE,0xCFBE,0xCFBE,0xCFBE,
    0xCFBE,0xCFBE,0xCFBE,0xCFBE,0xCFBE,0xCFBE,0xCFBE,0xCFBE,0xCFBE,0xCFBE,0xCFBE,0xCFBE,
    0xCFBE,0xCFBE,0xCFBE,0xCFBE,0xAEBA,0x74D2,0x434D,0x2249,0x19C7,0x19C7,0x2A49,0x434D,
    0x74D3,0xAEBA,0xCFBE,0xCFBE,0xCFBE,0xCFBE,0xCFBE,0xCFBE,0xCFBE,0xCFBE,0xCFBE,0xCFBE,
    0xCFBE,0xCFBE,0xCFBE,0xCFBE,0xCFBE,0xCFBE,0xCFBE,0xCFBE,0xCFBE,0xCFBE,0xCFBE,0xCFBE,
    0x7F3B,0x3ED9,0x3ED9,0x3ED9,0x3ED9,0x3ED9,0x3ED9,0x3ED9,0x3ED9,0x3ED9,0x35B5,0x09E8,
    0x09E8,0x09E8,0x09E8,0x09E8,0x09E8,0xF81F,0xF81F,0xF81F,0xF81F,0xF81F,0xF81F,0xF81F,
    0xF81F,0xF81F,0xF81F,0xF81F,0xF81F,0xF81F,0xF81F,0xF81F,0xF81F,0xF81F,0xF81F,0xF81F,
    0xF81F,0xF81F,0xF81F,0xF81F,0xF81F,0xF81F,0xF81F,0xF81F,0xF81F,0xF81F,0xF81F,0xF81F,
    0xF81F,0xF81F,0xF81F,0xF81F,0xF81F,0xF81F,0xF81F,0xF81F,0xF81F,0xF81F,0xF81F,0xF81F,
    0xF81F,0xF81F,0xF81F,0xF81F,0xF81F,0xF81F,0xF81F,0xF81F,0xF81F,0xF81F,0xF81F,0xF81F,
    0xF81F,0xF81F,0xF81F,0xF81F,0xF81F,0xF81F,0xF81F,0xF81F,0xF81F,0xF81F,0x09E8,0x09E8,
    0x09E8,0x12CB,0x3EB8,0x3ED9,0x3ED9,0x3ED9,0x3ED9,0x3ED9,0x3ED9,0x3ED9,0x3ED9,0x46D9,
    0xB79D,0xCFBE,0xCFBE,0xCFBE,0xCFBE,0xCFBE,0xCFBE,0xCFBE,0xCFBE,0xCFBE,0xCFBE,0xCFBE,
    0xCFBE,0xCFBE,0xCFBE,0xCFBE,0xCFBE,0xCFBE,0xCFBE,0xCFBE,0xCFBE,0xCFBE,0xCFBE,0xCFBE,
    0xCFBE,0xCFBE,0xCFBE,0xCFBE,0xCFBE,0xCFBE,0xCFBE,0xCFBE,0xCFBE,0xCFBE,0xCFBE,0xCFBE,
    0xCFBE,0xCFBE,0xCFBE,0xCFBE,0xCFBE,0xCFBE,0xCFBE,0xCFBE,0xCFBE,0xCFBE,0xCFBE,0xCFBE,
    0xCFBE,0xCFBE,0xCFBE,0xCFBE,0xCFBE,0xB79D,0x46D9,0x3ED9,0x3ED9,0x3ED9,0x3ED9,0x3ED9,
    0x3ED9,0x3ED9,0x3ED9,0x3EB8,0x12AB,0x09E8,0x09E8,0x09E8,0xF81F,0xF81F,0xF81F,0xF81F,
    0xF81F,0xF81F,0xF81F,0xF81F,0xF81F,0xF81F,0xF81F,0xF81F,0xF81F,0xF81F,0xF81F,0xF81F,
    0xF81F,0xF81F,0xF81F,0xF81F,0xF81F,0xF81F,0xF81F,0xF81F,0xF81F,0xF81F,0xF81F,0xF81F,
    0xF81F,0xF81F,0xF81F,0xF81F,0xF81F,0xF81F,0xF81F,0xF81F,0xF81F,0xF81F,0xF81F,0xF81F,
    0xF81F,0xF81F,0xF81F,0xF81F,0xF81F,0xF81F,0xF81F,0xF81F,0xF81F,0xF81F,0xF81F,0xF81F,
    0xF81F,0xF81F,0xF81F,0xF81F,0xF81F,0xF81F,0xF81F,0xF81F,0xF81F,0xF81F,0xF81F,0xF81F,
    0xF81F,0xF81F,0xF81F,0xF81F,0xF81F,0x09E8,0x09E8,0x09E8,0x2C71,0x3ED9,0x3ED9,0x3ED9,
    0x3ED9,0x3ED9,0x3ED9,0x3ED9,0x3ED9,0x3ED9,0x6F1A,0xCFBE,0xCFBE,0xCFBE,0xCFBE,0xCFBE,
    0xCFBE,0xCFBE,0xCFBE,0xCFBE,0xCFBE,0xCFBE,0xCFBE,0xCFBE,0xCFBE,0xCFBE,0xCFBE,0xCFBE,
    0xCFBE,0xCFBE,0xCFBE,0xCFBE,0xCFBE,0xCFBE,0xCFBE,0xCFBE,0xCFBE,0xCFBE,0xCFBE,0xCFBE,
    0xCFBE,0xCFBE,0xCFBE,0xCFBE,0xCFBE,0xCFBE,0xCFBE,0xCFBE,0xCFBE,0xCFBE,0xCFBE,0xCFBE,
    0xCFBE,0xCFBE,0xCFBE,0xCFBE,0xCFBE,0xCFBE,0xCFBE,0xCFBE,0xCFBE,0xCFBE,0xCFBE,0x671A,
    0x3ED9,0x3ED9,0x3ED9,0x3ED9,0x3ED9,0x3ED9,0x3ED9,0x3ED9,0x3ED9,0x2450,0x09E8,0x09E8,
    0x09E8,0xF81F,0xF81F,0xF81F,0xF81F,0xF81F,0xF81F,0xF81F,0xF81F,0xF81F,0xF81F,0xF81F,
    0xF81F,0xF81F,0xF81F,0xF81F,0xF81F,0xF81F,0xF81F,0xF81F,0xF81F,0xF81F,0xF81F,0xF81F,
    0xF81F,0xF81F,0xF81F,0xF81F,0xF81F,0xF81F,0xF81F,0xF81F,0xF81F,0xF81F,0xF81F,0xF81F,
    0xF81F,0xF81F,0xF81F,0xF81F,0xF81F,0xF81F,0xF81F,0xF81F,0xF81F,0xF81F,0xF81F,0xF81F,
    0xF81F,0xF81F,0xF81F,0xF81F,0xF81F,0xF81F,0xF81F,0xF81F,0xF81F,0xF81F,0xF81F,0xF81F,
    0xF81F,0xF81F,0xF81F,0xF81F,0xF81F,0xF81F,0xF81F,0xF81F,0xF81F,0xF81F,0xF81F,0xF81F,
    0x09E8,0x09E8,0x1208,0x35D5,0x3ED9,0x3ED9,0x3ED9,0x3ED9,0x3ED9,0x3ED9,0x3ED9,0x3ED9,
    0x3ED9,0x975C,0xCFBE,0xCFBE,0xCFBE,0xCFBE,0xCFBE,0xCFBE,0xCFBE,0xCFBE,0xCFBE,0xCFBE,
    0xCFBE,0xCFBE,0xCFBE,0xCFBE,0xCFBE,0xCFBE,0xCFBE,0xCFBE,0xCFBE,0xCFBE,0xCFBE,0xCFBE,
    0xCFBE,0xCFBE,0xCFBE,0xCFBE,0xCFBE,0xCFBE,0xCFBE,0xCFBE,0xCFBE,0xCFBE,0xCFBE,0xCFBE,
    0xCFBE,0xCFBE,0xCFBE,0xCFBE,0xCFBE,0xCFBE,0xCFBE,0xCFBE,0xCFBE,0xCFBE,0xCFBE,0xCFBE,
    0xCFBE,0xCFBE,0xCFBE,0xCFBE,0x975B,0x3ED9,0x3ED9,0x3ED9,0x3ED9,0x3ED9,0x3ED9,0x3ED9,
    0x3ED9,0x3ED9,0x35D5,0x1208,0x09E8,0x09E8,0xF81F,0xF81F,0xF81F,0xF81F,0xF81F,0xF81F,
    0xF81F,0xF81F,0xF81F,0xF81F,0xF81F,0xF81F,0xF81F,0xF81F,0xF81F,0xF81F,0xF81F,0xF81F,
    0xF81F,0xF81F,0xF81F,0xF81F,0xF81F,0xF81F,0xF81F,0xF81F,0xF81F,0xF81F,0xF81F,0xF81F,
    0xF81F,0xF81F,0xF81F,0xF81F,0xF81F,0xF81F,0xF81F,0xF81F,0xF81F,0xF81F,0xF81F,0xF81F,
    0xF81F,0xF81F,0xF81F,0xF81F,0xF81F,0xF81F,0xF81F,0xF81F,0xF81F,0xF81F,0xF81F,0xF81F,
    0xF81F,0xF81F,0xF81F,0xF81F,0xF81F,0xF81F,0xF81F,0xF81F,0xF81F,0xF81F,0xF81F,0xF81F,
    0xF81F,0xF81F,0xF81F,0xF81F,0xF81F,0xF81F,0x09E8,0x09E8,0x09E8,0x128A,0x3E78,0x3ED9,
    0x3ED9,0x3ED9,0x3ED9,0x3ED9,0x3ED9,0x3ED9,0x3ED9,0x46D9,0xB79D,0xCFBE,0xCFBE,0xCFBE,
    0xCFBE,0xCFBE,0xCFBE,0xCFBE,0xCFBE,0xCFBE,0xCFBE,0xCFBE,0xCFBE,0xCFBE,0xCFBE,0xCFBE,
    0xCFBE,0xCFBE,0xCFBE,0xCFBE,0xCFBE,0xCFBE,0xCFBE,0xCFBE,0xCFBE,0xCFBE,0xCFBE,0xCFBE,
    0xCFBE,0xCFBE,0xCFBE,0xCFBE,0xCFBE,0xCFBE,0xCFBE,0xCFBE,0xCFBE,0xCFBE,0xCFBE,0xCFBE,
    0xCFBE,0xCFBE,0xCFBE,0xCFBE,0xCFBE,0xCFBE,0xCFBE,0xCFBE,0xCFBE,0xB79D,0x46D9,0x3ED9,
    0x3ED9,0x3ED9,0x3ED9,0x3ED9,0x3ED9,0x3ED9,0x3ED9,0x3E77,0x128A,0x09E8,0x09E8,0x09E8,
    0xF81F,0xF81F,0xF81F,0xF81F,0xF81F,0xF81F,0xF81F,0xF81F,0xF81F,0xF81F,0xF81F,0xF81F,
    0xF81F,0xF81F,0xF81F,0xF81F,0xF81F,0xF81F,0xF81F,0xF81F,0xF81F,0xF81F,0xF81F,0xF81F,
    0xF81F,0xF81F,0xF81F,0xF81F,0xF81F,0xF81F,0xF81F,0xF81F,0xF81F,0xF81F,0xF81F,0xF81F,
    0xF81F,0xF81F,0xF81F,0xF81F,0xF81F,0xF81F,0xF81F,0xF81F,0xF81F,0xF81F,0xF81F,0xF81F,
    0xF81F,0xF81F,0xF81F,0xF81F,0xF81F,0xF81F,0xF81F,0xF81F,0xF81F,0xF81F,0xF81F,0xF81F,
    0xF81F,0xF81F,0xF81F,0xF81F,0xF81F,0xF81F,0xF81F,0xF81F,0xF81F,0xF81F,0xF81F,0xF81F,
    0xF81F,0x09E8,0x09E8,0x09E8,0x1B2C,0x3EB9,0x3ED9,0x3ED9,0x3ED9,0x3ED9,0x3ED9,0x3ED9,
    0x3ED9,0x3ED9,0x56F9,0xBFBD,0xCFBE,0xCFBE,0xCFBE,0xCFBE,0xCFBE,0xCFBE,0xCFBE,0xCFBE,
    0xCFBE,0xCFBE,0xCFBE,0xCFBE,0xCFBE,0xCFBE,0xCFBE,0xCFBE,0xCFBE,0xCFBE,0xCFBE,0xCFBE,
    0xCFBE,0xCFBE,0xCFBE,0xCFBE,0xCFBE,0xCFBE,0xCFBE,0xCFBE,0xCFBE,0xCFBE,0xCFBE,0xCFBE,
    0xCFBE,0xCFBE,0xCFBE,0xCFBE,0xCFBE,0xCFBE,0xCFBE,0xCFBE,0xCFBE,0xCFBE,0xCFBE,0xCFBE,
    0xCFBE,0xCFBE,0xC7BD,0x56F9,0x3ED9,0x3ED9,0x3ED9,0x3ED9,0x3ED9,0x3ED9,0x3ED9,0x3ED9,
    0x3EB9,0x1B4D,0x09E8,0x09E8,0x09E8,0xF81F,0xF81F,0xF81F,0xF81F,0xF81F,0xF81F,0xF81F,
    0xF81F,0xF81F,0xF81F,0xF81F,0xF81F,0xF81F,0xF81F,0xF81F,0xF81F,0xF81F,0xF81F,0xF81F,
    0xF81F,0xF81F,0xF81F,0xF81F,0xF81F,0xF81F,0xF81F,0xF81F,0xF81F,0xF81F,0xF81F,0xF81F,
    0xF81F,0xF81F,0xF81F,0xF81F,0xF81F,0xF81F,0xF81F,0xF81F,0xF81F,0xF81F,0xF81F,0xF81F,
    0xF81F,0xF81F,0xF81F,0xF81F,0xF81F,0xF81F,0xF81F,0xF81F,0xF81F,0xF81F,0xF81F,0xF81F,
    0xF81F,0xF81F,0xF81F,0xF81F,0xF81F,0xF81F,0xF81F,0xF81F,0xF81F,0xF81F,0xF81F,0xF81F,
    0xF81F,0xF81F,0xF81F,0xF81F,0xF81F,0xF81F,0xF81F,0xF81F,0x09E8,0x09E8,0x09E8,0x2430,
    0x3ED9,0x3ED9,0x3ED9,0x3ED9,0x3ED9,0x3ED9,0x3ED9,0x3ED9,0x3ED9,0x5EFA,0xC7BD,0xCFBE,
    0xCFBE,0xCFBE,0xCFBE,0xCFBE,0xCFBE,0xCFBE,0xCFBE,0xCFBE,0xCFBE,0xCFBE,0xCFBE,0xCFBE,
    0xCFBE,0xCFBE,0xCFBE,0xCFBE,0xCFBE,0xCFBE,0xCFBE,0xCFBE,0xCFBE,0xCFBE,0xCFBE,0xCFBE,
    0xCFBE,0xCFBE,0xCFBE,0xCFBE,0xCFBE,0xCFBE,0xCFBE,0xCFBE,0xCFBE,0xCFBE,0xCFBE,0xCFBE,
    0xCFBE,0xCFBE,0xCFBE,0xCFBE,0xCFBE,0xCFBE,0xCFBE,0xC7BD,0x5EFA,0x3ED9,0x3ED9,0x3ED9,
    0x3ED9,0x3ED9,0x3ED9,0x3ED9,0x3ED9,0x3ED9,0x240F,0x09E8,0x09E8,0x09E8,0xF81F,0xF81F,
    0xF81F,0xF81F,0xF81F,0xF81F,0xF81F,0xF81F,0xF81F,0xF81F,0xF81F,0xF81F,0xF81F,0xF81F,
    0xF81F,0xF81F,0xF81F,0xF81F,0xF81F,0xF81F,0xF81F,0xF81F,0xF81F,0xF81F,0xF81F,0xF81F,
    0xF81F,0xF81F,0xF81F,0xF81F,0xF81F,0xF81F,0xF81F,0xF81F,0xF81F,0xF81F,0xF81F,0xF81F,
    0xF81F,0xF81F,0xF81F,0xF81F,0xF81F,0xF81F,0xF81F,0xF81F,0xF81F,0xF81F,0xF81F,0xF81F,
    0xF81F,0xF81F,0xF81F,0xF81F,0xF81F,0xF81F,0xF81F,0xF81F,0xF81F,0xF81F,0xF81F,0xF81F,
    0xF81F,0xF81F,0xF81F,0xF81F,0xF81F,0xF81F,0xF81F,0xF81F,0xF81F,0xF81F,0xF81F,0xF81F,
    0xF81F,0xF81F,0x09E8,0x09E8,0x09E8,0x09E8,0x2C71,0x3ED9,0x3ED9,0x3ED9,0x3ED9,0x3ED9,
    0x3ED9,0x3ED9,0x3ED9,0x3ED9,0x5EFA,0xC7BD,0xCFBE,0xCFBE,0xCFBE,0xCFBE,0xCFBE,0xCFBE,
    0xCFBE,0xCFBE,0xCFBE,0xCFBE,0xCFBE,0xCFBE,0xCFBE,0xCFBE,0xCFBE,0xCFBE,0xCFBE,0xCFBE,
    0xCFBE,0xCFBE,0xCFBE,0xCFBE,0xCFBE,0xCFBE,0xCFBE,0xCFBE,0xCFBE,0xCFBE,0xCFBE,0xCFBE,
    0xCFBE,0xCFBE,0xCFBE,0xCFBE,0xCFBE,0xCFBE,0xCFBE,0xCFBE,0xCFBE,0xCFBE,0xCFBE,0xCFBE,
    0xC7BD,0x5EFA,0x3ED9,0x3ED9,0x3ED9,0x3ED9,0x3ED9,0x3ED9,0x3ED9,0x3ED9,0x3ED9,0x2450,
    0x09E8,0x09E8,0x09E8,0xF81F,0xF81F,0xF81F,0xF81F,0xF81F,0xF81F,0xF81F,0xF81F,0xF81F,
    0xF81F,0xF81F,0xF81F,0xF81F,0xF81F,0xF81F,0xF81F,0xF81F,0xF81F,0xF81F,0xF81F,0xF81F,
    0xF81F,0xF81F,0xF81F,0xF81F,0xF81F,0xF81F,0xF81F,0xF81F,0xF81F,0xF81F,0xF81F,0xF81F,
    0xF81F,0xF81F,0xF81F,0xF81F,0xF81F,0xF81F,0xF81F,0xF81F,0xF81F,0xF81F,0xF81F,0xF81F,
    0xF81F,0xF81F,0xF81F,0xF81F,0xF81F,0xF81F,0xF81F,0xF81F,0xF81F,0xF81F,0xF81F,0xF81F,
    0xF81F,0xF81F,0xF81F,0xF81F,0xF81F,0xF81F,0xF81F,0xF81F,0xF81F,0xF81F,0xF81F,0xF81F,
    0xF81F,0xF81F,0xF81F,0xF81F,0xF81F,0xF81F,0xF81F,0xF81F,0xF81F,0x09E8,0x09E8,0x09E8,
    0x09E8,0x2CB1,0x3ED9,0x3ED9,0x3ED9,0x3ED9,0x3ED9,0x3ED9,0x3ED9,0x3ED9,0x3ED9,0x5EFA,
    0xBF9D,0xCFBE,0xCFBE,0xCFBE,0xCFBE,0xCFBE,0xCFBE,0xCFBE,0xCFBE,0xCFBE,0xCFBE,0xCFBE,
    0xCFBE,0xCFBE,0xCFBE,0xCFBE,0xCFBE,0xCFBE,0xCFBE,0xCFBE,0xCFBE,0xCFBE,0xCFBE,0xCFBE,
    0xCFBE,0xCFBE,0xCFBE,0xCFBE,0xCFBE,0xCFBE,0xCFBE,0xCFBE,0xCFBE,0xCFBE,0xCFBE,0xCFBE,
    0xCFBE,0xCFBE,0xCFBE,0xCFBE,0xCFBE,0xBF9D,0x56FA,0x3ED9,0x3ED9,0x3ED9,0x3ED9,0x3ED9,
    0x3ED9,0x3ED9,0x3ED9,0x3ED9,0x2CB1,0x09E8,0x09E8,0x09E8,0x09E8,0xF81F,0xF81F,0xF81F,
    0xF81F,0xF81F,0xF81F,0xF81F,0xF81F,0xF81F,0xF81F,0xF81F,0xF81F,0xF81F,0xF81F,0xF81F,
    0xF81F,0xF81F,0xF81F,0xF81F,0xF81F,0xF81F,0xF81F,0xF81F,0xF81F,0xF81F,0xF81F,0xF81F,
    0xF81F,0xF81F,0xF81F,0xF81F,0xF81F,0xF81F,0xF81F,0xF81F,0xF81F,0xF81F,0xF81F,0xF81F,
    0xF81F,0xF81F,0xF81F,0xF81F,0xF81F,0xF81F,0xF81F,0xF81F,0xF81F,0xF81F,0xF81F,0xF81F,
    0xF81F,0xF81F,0xF81F,0xF81F,0xF81F,0xF81F,0xF81F,0xF81F,0xF81F,0xF81F,0xF81F,0xF81F,
    0xF81F,0xF81F,0xF81F,0xF81F,0xF81F,0xF81F,0xF81F,0xF81F,0xF81F,0xF81F,0xF81F,0xF81F,
    0xF81F,0xF81F,0xF81F,0xF81F,0x09E8,0x09E8,0x09E8,0x09E8,0x2CB1,0x3ED9,0x3ED9,0x3ED9,
    0x3ED9,0x3ED9,0x3ED9,0x3ED9,0x3ED9,0x3ED9,0x4ED9,0xA77C,0xCFBE,0xCFBE,0xCFBE,0xCFBE,
    0xCFBE,0xCFBE,0xCFBE,0xCFBE,0xCFBE,0xCFBE,0xCFBE,0xCFBE,0xCFBE,0xCFBE,0xCFBE,0xCFBE,
    0xCFBE,0xCFBE,0xCFBE,0xCFBE,0xCFBE,0xCFBE,0xCFBE,0xCFBE,0xCFBE,0xCFBE,0xCFBE,0xCFBE,
    0xCFBE,0xCFBE,0xCFBE,0xCFBE,0xCFBE,0xCFBE,0xCFBE,0xCFBE,0xCFBE,0xCFBE,0xA77C,0x4ED9,
    0x3ED9,0x3ED9,0x3ED9,0x3ED9,0x3ED9,0x3ED9,0x3ED9,0x3ED9,0x3ED9,0x2CB1,0x09E8,0x09E8,
    0x09E8,0x09E8,0xF81F,0xF81F,0xF81F,0xF81F,0xF81F,0xF81F,0xF81F,0xF81F,0xF81F,0xF81F,
    0xF81F,0xF81F,0xF81F,0xF81F,0xF81F,0xF81F,0xF81F,0xF81F,0xF81F,0xF81F,0xF81F,0xF81F,
    0xF81F,0xF81F,0xF81F,0xF81F,0xF81F,0xF81F,0xF81F,0xF81F,0xF81F,0xF81F,0xF81F,0xF81F,
    0xF81F,0xF81F,0xF81F,0xF81F,0xF81F,0xF81F,0xF81F,0xF81F,0xF81F,0xF81F,0xF81F,0xF81F,
    0xF81F,0xF81F,0xF81F,0xF81F,0xF81F,0xF81F,0xF81F,0xF81F,0xF81F,0xF81F,0xF81F,0xF81F,
    0xF81F,0xF81F,0xF81F,0xF81F,0xF81F,0xF81F,0xF81F,0xF81F,0xF81F,0xF81F,0xF81F,0xF81F,
    0xF81F,0xF81F,0xF81F,0xF81F,0xF81F,0xF81F,0xF81F,0xF81F,0xF81F,0xF81F,0xF81F,0x09E8,
    0x09E8,0x09E8,0x09E8,0x240F,0x3EB9,0x3ED9,0x3ED9,0x3ED9,0x3ED9,0x3ED9,0x3ED9,0x3ED9,
    0x3ED9,0x46D9,0x7F3B,0xC7BD,0xCFBE,0xCFBE,0xCFBE,0xCFBE,0xCFBE,0xCFBE,0xCFBE,0xCFBE,
    0xCFBE,0xCFBE,0xCFBE,0xCFBE,0xCFBE,0xCFBE,0xCFBE,0xCFBE,0xCFBE,0xCFBE,0xCFBE,0xCFBE,
    0xCFBE,0xCFBE,0xCFBE,0xCFBE,0xCFBE,0xCFBE,0xCFBE,0xCFBE,0xCFBE,0xCFBE,0xCFBE,0xCFBE,
    0xCFBE,0xCFBE,0xC7BD,0x7F3B,0x46D9,0x3ED9,0x3ED9,0x3ED9,0x3ED9,0x3ED9,0x3ED9,0x3ED9,
    0x3ED9,0x3EB9,0x240F,0x09E8,0x09E8,0x09E8,0x09E8,0xF81F,0xF81F,0xF81F,0xF81F,0xF81F,
    0xF81F,0xF81F,0xF81F,0xF81F,0xF81F,0xF81F,0xF81F,0xF81F,0xF81F,0xF81F,0xF81F,0xF81F,
    0xF81F,0xF81F,0xF81F,0xF81F,0xF81F,0xF81F,0xF81F,0xF81F,0xF81F,0xF81F,0xF81F,0xF81F,
    0xF81F,0xF81F,0xF81F,0xF81F,0xF81F,0xF81F,0xF81F,0xF81F,0xF81F,0xF81F,0xF81F,0xF81F,
    0xF81F,0xF81F,0xF81F,0xF81F,0xF81F,0xF81F,0xF81F,0xF81F,0xF81F,0xF81F,0xF81F,0xF81F,
    0xF81F,0xF81F,0xF81F,0xF81F,0xF81F,0xF81F,0xF81F,0xF81F,0xF81F,0xF81F,0xF81F,0xF81F,
    0xF81F,0xF81F,0xF81F,0xF81F,0xF81F,0xF81F,0xF81F,0xF81F,0xF81F,0xF81F,0xF81F,0xF81F,
    0xF81F,0xF81F,0xF81F,0xF81F,0xF81F,0xF81F,0x09E8,0x09E8,0x09E8,0x09E8,0x1B6D,0x3E98,
    0x3ED9,0x3ED9,0x3ED9,0x3ED9,0x3ED9,0x3ED9,0x3ED9,0x3ED9,0x3ED9,0x56F9,0xA77C,0xCFBE,
    0xCFBE,0xCFBE,0xCFBE,0xCFBE,0xCFBE,0xCFBE,0xCFBE,0xCFBE,0xCFBE,0xCFBE,0xCFBE,0xCFBE,
    0xCFBE,0xCFBE,0xCFBE,0xCFBE,0xCFBE,0xCFBE,0xCFBE,0xCFBE,0xCFBE,0xCFBE,0xCFBE,0xCFBE,
    0xCFBE,0xCFBE,0xCFBE,0xCFBE,0xCFBE,0xCFBE,0xCFBE,0xA77C,0x56F9,0x3ED9,0x3ED9,0x3ED9,
    0x3ED9,0x3ED9,0x3ED9,0x3ED9,0x3ED9,0x3ED9,0x3E98,0x1B6D,0x09E8,0x09E8,0x09E8,0x09E8,
    0xF81F,0xF81F,0xF81F,0xF81F,0xF81F,0xF81F,0xF81F,0xF81F,0xF81F,0xF81F,0xF81F,0xF81F,
    0xF81F,0xF81F,0xF81F,0xF81F,0xF81F,0xF81F,0xF81F,0xF81F,0xF81F,0xF81F,0xF81F,0xF81F,
    0xF81F,0xF81F,0xF81F,0xF81F,0xF81F,0xF81F,0xF81F,0xF81F,0xF81F,0xF81F,0xF81F,0xF81F,
    0xF81F,0xF81F,0xF81F,0xF81F,0xF81F,0xF81F,0xF81F,0xF81F,0xF81F,0xF81F,0xF81F,0xF81F,
    0xF81F,0xF81F,0xF81F,0xF81F,0xF81F,0xF81F,0xF81F,0xF81F,0xF81F,0xF81F,0xF81F,0xF81F,
    0xF81F,0xF81F,0xF81F,0xF81F,0xF81F,0xF81F,0xF81F,0xF81F,0xF81F,0xF81F,0xF81F,0xF81F,
    0xF81F,0xF81F,0xF81F,0xF81F,0xF81F,0xF81F,0xF81F,0xF81F,0xF81F,0xF81F,0xF81F,0xF81F,
    0xF81F,0x09E8,0x09E8,0x09E8,0x09E8,0x12AB,0x35D6,0x3ED9,0x3ED9,0x3ED9,0x3ED9,0x3ED9,
    0x3ED9,0x3ED9,0x3ED9,0x3ED9,0x3ED9,0x5EFA,0xAF7C,0xCFBE,0xCFBE,0xCFBE,0xCFBE,0xCFBE,
    0xCFBE,0xCFBE,0xCFBE,0xCFBE,0xCFBE,0xCFBE,0xCFBE,0xCFBE,0xCFBE,0xCFBE,0xCFBE,0xCFBE,
    0xCFBE,0xCFBE,0xCFBE,0xCFBE,0xCFBE,0xCFBE,0xCFBE,0xCFBE,0xCFBE,0xCFBE,0xCFBE,0xA77C,
    0x5EFA,0x3ED9,0x3ED9,0x3ED9,0x3ED9,0x3ED9,0x3ED9,0x3ED9,0x3ED9,0x3ED9,0x3ED9,0x35F6,
    0x12CB,0x09E8,0x09E8,0x09E8,0x09E8,0xF81F,0xF81F,0xF81F,0xF81F,0xF81F,0xF81F,0xF81F,
    0xF81F,0xF81F,0xF81F,0xF81F,0xF81F,0xF81F,0xF81F,0xF81F,0xF81F,0xF81F,0xF81F,0xF81F,
    0xF81F,0xF81F,0xF81F,0xF81F,0xF81F,0xF81F,0xF81F,0xF81F,0xF81F,0xF81F,0xF81F,0xF81F,
    0xF81F,0xF81F,0xF81F,0xF81F,0xF81F,0xF81F,0xF81F,0xF81F,0xF81F,0xF81F,0xF81F,0xF81F,
    0xF81F,0xF81F,0xF81F,0xF81F,0xF81F,0xF81F,0xF81F,0xF81F,0xF81F,0xF81F,0xF81F,0xF81F,
    0xF81F,0xF81F,0xF81F,0xF81F,0xF81F,0xF81F,0xF81F,0xF81F,0xF81F,0xF81F,0xF81F,0xF81F,
    0xF81F,0xF81F,0xF81F,0xF81F,0xF81F,0xF81F,0xF81F,0xF81F,0xF81F,0xF81F,0xF81F,0xF81F,
    0xF81F,0xF81F,0xF81F,0xF81F,0xF81F,0xF81F,0xF81F,0xF81F,0x09E8,0x09E8,0x09E8,0x09E8,
    0x1208,0x2C71,0x3EB9,0x3ED9,0x3ED9,0x3ED9,0x3ED9,0x3ED9,0x3ED9,0x3ED9,0x3ED9,0x3ED9,
    0x3ED9,0x5EFA,0x975C,0xC7BD,0xCFBE,0xCFBE,0xCFBE,0xCFBE,0xCFBE,0xCFBE,0xCFBE,0xCFBE,
    0xCFBE,0xCFBE,0xCFBE,0xCFBE,0xCFBE,0xCFBE,0xCFBE,0xCFBE,0xCFBE,0xCFBE,0xCFBE,0xCFBE,
    0xCFBE,0xCFBE,0xC7BD,0x975C,0x5EFA,0x3ED9,0x3ED9,0x3ED9,0x3ED9,0x3ED9,0x3ED9,0x3ED9,
    0x3ED9,0x3ED9,0x3ED9,0x3EB9,0x2CD2,0x1209,0x09E8,0x09E8,0x09E8,0x09E8,0xF81F,0xF81F,
    0xF81F,0xF81F,0xF81F,0xF81F,0xF81F,0xF81F,0xF81F,0xF81F,0xF81F,0xF81F,0xF81F,0xF81F,
    0xF81F,0xF81F,0xF81F,0xF81F,0xF81F,0xF81F,0xF81F,0xF81F,0xF81F,0xF81F,0xF81F,0xF81F,
    0xF81F,0xF81F,0xF81F,0xF81F,0xF81F,0xF81F,0xF81F,0xF81F,0xF81F,0xF81F,0xF81F,0xF81F,
    0xF81F,0xF81F,0xF81F,0xF81F,0xF81F,0xF81F,0xF81F,0xF81F,0xF81F,0xF81F,0xF81F,0xF81F,
    0xF81F,0xF81F,0xF81F,0xF81F,0xF81F,0xF81F,0xF81F,0xF81F,0xF81F,0xF81F,0xF81F,0xF81F,
    0xF81F,0xF81F,0xF81F,0xF81F,0xF81F,0xF81F,0xF81F,0xF81F,0xF81F,0xF81F,0xF81F,0xF81F,
    0xF81F,0xF81F,0xF81F,0xF81F,0xF81F,0xF81F,0xF81F,0xF81F,0xF81F,0xF81F,0xF81F,0xF81F,
    0xF81F,0xF81F,0xF81F,0xF81F,0x09E8,0x09E8,0x09E8,0x09E8,0x1B4D,0x3E16,0x3ED9,0x3ED9,
    0x3ED9,0x3ED9,0x3ED9,0x3ED9,0x3ED9,0x3ED9,0x3ED9,0x3ED9,0x3ED9,0x46D9,0x6F1A,0x9F5C,
    0xC7BD,0xCFBE,0xCFBE,0xCFBE,0xCFBE,0xCFBE,0xCFBE,0xCFBE,0xCFBE,0xCFBE,0xCFBE,0xCFBE,
    0xCFBE,0xCFBE,0xCFBE,0xCFBE,0xCFBE,0xBFBD,0x9F5C,0x6F1A,0x46D9,0x3ED9,0x3ED9,0x3ED9,
    0x3ED9,0x3ED9,0x3ED9,0x3ED9,0x3ED9,0x3ED9,0x3ED9,0x3ED9,0x3E16,0x1B2D,0x09E8,0x09E8,
    0x09E8,0x09E8,0xF81F,0xF81F,0xF81F,0xF81F,0xF81F,0xF81F,0xF81F,0xF81F,0xF81F,0xF81F,
    0xF81F,0xF81F,0xF81F,0xF81F,0xF81F,0xF81F,0xF81F,0xF81F,0xF81F,0xF81F,0xF81F,0xF81F,
    0xF81F,0xF81F,0xF81F,0xF81F,0xF81F,0xF81F,0xF81F,0xF81F,0xF81F,0xF81F,0xF81F,0xF81F,
    0xF81F,0xF81F,0xF81F,0xF81F,0xF81F,0xF81F,0xF81F,0xF81F,0xF81F,0xF81F,0xF81F,0xF81F,
    0xF81F,0xF81F,0xF81F,0xF81F,0xF81F,0xF81F,0xF81F,0xF81F,0xF81F,0xF81F,0xF81F,0xF81F,
    0xF81F,0xF81F,0xF81F,0xF81F,0xF81F,0xF81F,0xF81F,0xF81F,0xF81F,0xF81F,0xF81F,0xF81F,
    0xF81F,0xF81F,0xF81F,0xF81F,0xF81F,0xF81F,0xF81F,0xF81F,0xF81F,0xF81F,0xF81F,0xF81F,
    0xF81F,0xF81F,0xF81F,0xF81F,0xF81F,0xF81F,0xF81F,0xF81F,0xF81F,0xF81F,0xF81F,0x09E8,
    0x09E8,0x09E8,0x09E8,0x1208,0x240F,0x3E78,0x3ED9,0x3ED9,0x3ED9,0x3ED9,0x3ED9,0x3ED9,
    0x3ED9,0x3ED9,0x3ED9,0x3ED9,0x3ED9,0x3ED9,0x3ED9,0x56FA,0x771A,0x8F5B,0x9F7C,0xB79D,
    0xBF9D,0xC7BD,0xCFBD,0xCFBD,0xC7BD,0xBF9D,0xB79D,0x9F7C,0x8F5B,0x771B,0x56FA,0x3ED9,
    0x3ED9,0x3ED9,0x3ED9,0x3ED9,0x3ED9,0x3ED9,0x3ED9,0x3ED9,0x3ED9,0x3ED9,0x3ED9,0x3ED9,
    0x3E98,0x2450,0x1208,0x09E8,0x09E8,0x09E8,0x09E8,0xF81F,0xF81F,0xF81F,0xF81F,0xF81F,
    0xF81F,0xF81F,0xF81F,0xF81F,0xF81F,0xF81F,0xF81F,0xF81F,0xF81F,0xF81F,0xF81F,0xF81F,
    0xF81F,0xF81F,0xF81F,0xF81F,0xF81F,0xF81F,0xF81F,0xF81F,0xF81F,0xF81F,0xF81F,0xF81F,
    0xF81F,0xF81F,0xF81F,0xF81F,0xF81F,0xF81F,0xF81F,0xF81F,0xF81F,0xF81F,0xF81F,0xF81F,
    0xF81F,0xF81F,0xF81F,0xF81F,0xF81F,0xF81F,0xF81F,0xF81F,0xF81F,0xF81F,0xF81F,0xF81F,
    0xF81F,0xF81F,0xF81F,0xF81F,0xF81F,0xF81F,0xF81F,0xF81F,0xF81F,0xF81F,0xF81F,0xF81F,
    0xF81F,0xF81F,0xF81F,0xF81F,0xF81F,0xF81F,0xF81F,0xF81F,0xF81F,0xF81F,0xF81F,0xF81F,
    0xF81F,0xF81F,0xF81F,0xF81F,0xF81F,0xF81F,0xF81F,0xF81F,0xF81F,0xF81F,0xF81F,0xF81F,
    0xF81F,0xF81F,0xF81F,0xF81F,0xF81F,0xF81F,0x09E8,0x09E8,0x09E8,0x09E8,0x09E8,0x126A,
    0x2CD2,0x3E98,0x3ED9,0x3ED9,0x3ED9,0x3ED9,0x3ED9,0x3ED9,0x3ED9,0x3ED9,0x3ED9,0x3ED9,
    0x3ED9,0x3ED9,0x3ED9,0x3ED9,0x3ED9,0x3ED9,0x3ED9,0x3ED9,0x3ED9,0x3ED9,0x3ED9,0x3ED9,
    0x3ED9,0x3ED9,0x3ED9,0x3ED9,0x3ED9,0x3ED9,0x3ED9,0x3ED9,0x3ED9,0x3ED9,0x3ED9,0x3ED9,
    0x3ED9,0x3ED9,0x3ED9,0x3ED9,0x3E98,0x2CB2,0x124A,0x09E8,0x09E8,0x09E8,0x09E8,0x09E8,
    0xF81F,0xF81F,0xF81F,0xF81F,0xF81F,0xF81F,0xF81F,0xF81F,0xF81F,0xF81F,0xF81F,0xF81F,
    0xF81F,0xF81F,0xF81F,0xF81F,0xF81F,0xF81F,0xF81F,0xF81F,0xF81F,0xF81F,0xF81F,0xF81F,
    0xF81F,0xF81F,0xF81F,0xF81F,0xF81F,0xF81F,0xF81F,0xF81F,0xF81F,0xF81F,0xF81F,0xF81F,
    0xF81F,0xF81F,0xF81F,0xF81F,0xF81F,0xF81F,0xF81F,0xF81F,0xF81F,0xF81F,0xF81F,0xF81F,
    0xF81F,0xF81F,0xF81F,0xF81F,0xF81F,0xF81F,0xF81F,0xF81F,0xF81F,0xF81F,0xF81F,0xF81F,
    0xF81F,0xF81F,0xF81F,0xF81F,0xF81F,0xF81F,0xF81F,0xF81F,0xF81F,0xF81F,0xF81F,0xF81F,
    0xF81F,0xF81F,0xF81F,0xF81F,0xF81F,0xF81F,0xF81F,0xF81F,0xF81F,0xF81F,0xF81F,0xF81F,
    0xF81F,0xF81F,0xF81F,0xF81F,0xF81F,0xF81F,0xF81F,0xF81F,0xF81F,0xF81F,0xF81F,0xF81F,
    0x09E8,0x09E8,0x09E8,0x09E8,0x09E8,0x09E8,0x09E8,0x1249,0x2450,0x3E78,0x3ED9,0x3ED9,
    0x3ED9,0x3ED9,0x3ED9,0x3ED9,0x3ED9,0x3ED9,0x3ED9,0x3ED9,0x3ED9,0x3ED9,0x3ED9,0x3ED9,
    0x3ED9,0x3ED9,0x3ED9,0x3ED9,0x3ED9,0x3ED9,0x3ED9,0x3ED9,0x3ED9,0x3ED9,0x3ED9,0x3ED9,
    0x3ED9,0x3ED9,0x3ED9,0x3ED9,0x3ED9,0x3ED9,0x3ED9,0x3ED9,0x3E78,0x2CB1,0x126A,0x09E8,
    0x09E8,0x09E8,0x09E8,0x09E8,0x09E8,0x09E8,0xF81F,0xF81F,0xF81F,0xF81F,0xF81F,0xF81F,
    0xF81F,0xF81F,0xF81F,0xF81F,0xF81F,0xF81F,0xF81F,0xF81F,0xF81F,0xF81F,0xF81F,0xF81F,
    0xF81F,0xF81F,0xF81F,0xF81F,0xF81F,0xF81F,0xF81F,0xF81F,0xF81F,0xF81F,0xF81F,0xF81F,
    0xF81F,0xF81F,0xF81F,0xF81F,0xF81F,0xF81F,0xF81F,0xF81F,0xF81F,0xF81F,0xF81F,0xF81F,
    0xF81F,0xF81F,0xF81F,0xF81F,0xF81F,0xF81F,0xF81F,0xF81F,0xF81F,0xF81F,0xF81F,0xF81F,
    0xF81F,0xF81F,0xF81F,0xF81F,0xF81F,0xF81F,0xF81F,0xF81F,0xF81F,0xF81F,0xF81F,0xF81F,
    0xF81F,0xF81F,0xF81F,0xF81F,0xF81F,0xF81F,0xF81F,0xF81F,0xF81F,0xF81F,0xF81F,0xF81F,
    0xF81F,0xF81F,0xF81F,0xF81F,0xF81F,0xF81F,0xF81F,0xF81F,0xF81F,0xF81F,0xF81F,0xF81F,
    0xF81F,0xF81F,0xF81F,0xF81F,0xF81F,0x09E8,0x09E8,0x1249,0x1C2F,0x1C50,0x1249,0x09E8,
    0x09E8,0x09E8,0x09E8,0x1229,0x23CE,0x3594,0x3EB9,0x3ED9,0x3ED9,0x3ED9,0x3ED9,0x3ED9,
    0x3ED9,0x3ED9,0x3ED9,0x3ED9,0x3ED9,0x3ED9,0x3ED9,0x3ED9,0x3ED9,0x3ED9,0x3ED9,0x3ED9,
    0x3ED9,0x3ED9,0x3ED9,0x3ED9,0x3ED9,0x3ED9,0x3ED9,0x3ED9,0x3ED9,0x3ED9,0x3ED9,0x3EB9,
    0x3574,0x23CE,0x1229,0x09E8,0x09E8,0x09E8,0x09E8,0x1249,0x1C50,0x1C2F,0x1249,0x09E8,
    0x09E8,0xF81F,0xF81F,0xF81F,0xF81F,0xF81F,0xF81F,0xF81F,0xF81F,0xF81F,0xF81F,0xF81F,
    0xF81F,0xF81F,0xF81F,0xF81F,0xF81F,0xF81F,0xF81F,0xF81F,0xF81F,0xF81F,0xF81F,0xF81F,
    0xF81F,0xF81F,0xF81F,0xF81F,0xF81F,0xF81F,0xF81F,0xF81F,0xF81F,0xF81F,0xF81F,0xF81F,
    0xF81F,0xF81F,0xF81F,0xF81F,0xF81F,0xF81F,0xF81F,0xF81F,0xF81F,0xF81F,0xF81F,0xF81F,
    0xF81F,0xF81F,0xF81F,0xF81F,0xF81F,0xF81F,0xF81F,0xF81F,0xF81F,0xF81F,0xF81F,0xF81F,
    0xF81F,0xF81F,0xF81F,0xF81F,0xF81F,0xF81F,0xF81F,0xF81F,0xF81F,0xF81F,0xF81F,0xF81F,
    0xF81F,0xF81F,0xF81F,0xF81F,0xF81F,0xF81F,0xF81F,0xF81F,0xF81F,0xF81F,0xF81F,0xF81F,
    0xF81F,0xF81F,0xF81F,0xF81F,0xF81F,0xF81F,0xF81F,0xF81F,0xF81F,0xF81F,0x09E8,0x09E8,
    0x134D,0x2594,0x25B5,0x25B5,0x2594,0x1C0F,0x1269,0x09E8,0x09E8,0x09E8,0x09E8,0x09E8,
    0x126A,0x240F,0x3594,0x3E98,0x3ED9,0x3ED9,0x3ED9,0x3ED9,0x3ED9,0x3ED9,0x3ED9,0x3ED9,
    0x3ED9,0x3ED9,0x3ED9,0x3ED9,0x3ED9,0x3ED9,0x3ED9,0x3ED9,0x3ED9,0x3ED9,0x3ED9,0x3ED9,
    0x3ED9,0x3ED9,0x3E98,0x3574,0x240F,0x126A,0x09E8,0x09E8,0x09E8,0x09E8,0x09E8,0x126A,
    0x1C0F,0x2594,0x25B5,0x25B5,0x2594,0x134D,0x09E8,0x09E8,0xF81F,0xF81F,0xF81F,0xF81F,
    0xF81F,0xF81F,0xF81F,0xF81F,0xF81F,0xF81F,0xF81F,0xF81F,0xF81F,0xF81F,0xF81F,0xF81F,
    0xF81F,0xF81F,0xF81F,0xF81F,0xF81F,0xF81F,0xF81F,0xF81F,0xF81F,0xF81F,0xF81F,0xF81F,
    0xF81F,0xF81F,0xF81F,0xF81F,0xF81F,0xF81F,0xF81F,0xF81F,0xF81F,0xF81F,0xF81F,0xF81F,
    0xF81F,0xF81F,0xF81F,0xF81F,0xF81F,0xF81F,0xF81F,0xF81F,0xF81F,0xF81F,0xF81F,0xF81F,
    0xF81F,0xF81F,0xF81F,0xF81F,0xF81F,0xF81F,0xF81F,0xF81F,0xF81F,0xF81F,0xF81F,0xF81F,
    0xF81F,0xF81F,0xF81F,0xF81F,0xF81F,0xF81F,0xF81F,0xF81F,0xF81F,0xF81F,0xF81F,0xF81F,
    0xF81F,0xF81F,0xF81F,0xF81F,0xF81F,0xF81F,0xF81F,0xF81F,0xF81F,0xF81F,0xF81F,0xF81F,
    0xF81F,0xF81F,0xF81F,0x09E8,0x09E8,0x1BAE,0x25B5,0x25B5,0x25B5,0x25B5,0x25B5,0x25B5,
    0x25B4,0x1C50,0x12AA,0x09E8,0x09E8,0x09E8,0x09E8,0x09E8,0x09E8,0x1208,0x1B0C,0x2430,
    0x3533,0x3616,0x3EB8,0x3ED9,0x3ED9,0x3ED9,0x3ED9,0x3ED9,0x3ED9,0x3ED9,0x3ED9,0x3ED9,
    0x3ED9,0x3ED9,0x3ED9,0x3EB8,0x35F6,0x3533,0x2430,0x1B0C,0x1208,0x09E8,0x09E8,0x09E8,
    0x09E8,0x09E8,0x09E8,0x12AA,0x1C70,0x25B4,0x25B5,0x25B5,0x25B5,0x25B5,0x25B5,0x25B5,
    0x138E,0x09E8,0x09E8,0xF81F,0xF81F,0xF81F,0xF81F,0xF81F,0xF81F,0xF81F,0xF81F,0xF81F,
    0xF81F,0xF81F,0xF81F,0xF81F,0xF81F,0xF81F,0xF81F,0xF81F,0xF81F,0xF81F,0xF81F,0xF81F,
    0xF81F,0xF81F,0xF81F,0xF81F,0xF81F,0xF81F,0xF81F,0xF81F,0xF81F,0xF81F,0xF81F,0xF81F,
    0xF81F,0xF81F,0xF81F,0xF81F,0xF81F,0xF81F,0xF81F,0xF81F,0xF81F,0xF81F,0xF81F,0xF81F,
    0xF81F,0xF81F,0xF81F,0xF81F,0xF81F,0xF81F,0xF81F,0xF81F,0xF81F,0xF81F,0xF81F,0xF81F,
    0xF81F,0xF81F,0xF81F,0xF81F,0xF81F,0xF81F,0xF81F,0xF81F,0xF81F,0xF81F,0xF81F,0xF81F,
    0xF81F,0xF81F,0xF81F,0xF81F,0xF81F,0xF81F,0xF81F,0xF81F,0xF81F,0xF81F,0xF81F,0xF81F,
    0xF81F,0xF81F,0xF81F,0xF81F,0xF81F,0xF81F,0xF81F,0xF81F,0xF81F,0x09E8,0x12CB,0x25B5,
    0x25B5,0x25B5,0x25B5,0x25B5,0x25B5,0x25B5,0x25B5,0x25B5,0x25B5,0x1CF2,0x138D,0x1249,
    0x09E8,0x09E8,0x09E8,0x09E8,0x09E8,0x09E8,0x09E8,0x09E8,0x11E8,0x128A,0x1B2C,0x1B8E,
    0x23CE,0x23EF,0x2430,0x2430,0x23EF,0x23CE,0x1B8E,0x1B2C,0x128A,0x11E8,0x09E8,0x09E8,
    0x09E8,0x09E8,0x09E8,0x09E8,0x09E8,0x09E8,0x1249,0x138E,0x1CF2,0x25B5,0x25B5,0x25B5,
    0x25B5,0x25B5,0x25B5,0x25B5,0x25B5,0x25B5,0x25B4,0x12CB,0x09E8,0xF81F,0xF81F,0xF81F,
    0xF81F,0xF81F,0xF81F,0xF81F,0xF81F,0xF81F,0xF81F,0xF81F,0xF81F,0xF81F,0xF81F,0xF81F,
    0xF81F,0xF81F,0xF81F,0xF81F,0xF81F,0xF81F,0xF81F,0xF81F,0xF81F,0xF81F,0xF81F,0xF81F,
    0xF81F,0xF81F,0xF81F,0xF81F,0xF81F,0xF81F,0xF81F,0xF81F,0xF81F,0xF81F,0xF81F,0xF81F,
    0xF81F,0xF81F,0xF81F,0xF81F,0xF81F,0xF81F,0xF81F,0xF81F,0xF81F,0xF81F,0xF81F,0xF81F,
    0xF81F,0xF81F,0xF81F,0xF81F,0xF81F,0xF81F,0xF81F,0xF81F,0xF81F,0xF81F,0xF81F,0xF81F,
    0xF81F,0xF81F,0xF81F,0xF81F,0xF81F,0xF81F,0xF81F,0xF81F,0xF81F,0xF81F,0xF81F,0xF81F,
    0xF81F,0xF81F,0xF81F,0xF81F,0xF81F,0xF81F,0xF81F,0xF81F,0xF81F,0xF81F,0xF81F,0xF81F,
    0xF81F,0xF81F,0x09E8,0x09E8,0x1C91,0x25B5,0x25B5,0x25B5,0x25B5,0x25B5,0x25B5,0x25B5,
    0x25B5,0x25B5,0x25B5,0x25B5,0x25B5,0x25B4,0x1CB1,0x138D,0x128A,0x09E8,0x09E8,0x09E8,
    0x09E8,0x09E8,0x09E8,0x09E8,0x09E8,0x09E8,0x09E8,0x09E8,0x09E8,0x09E8,0x09E8,0x09E8,
    0x09E8,0x09E8,0x09E8,0x09E8,0x09E8,0x09E8,0x09E8,0x09E8,0x09E8,0x128A,0x1B8D,0x1CD1,
    0x25B5,0x25B5,0x25B5,0x25B5,0x25B5,0x25B5,0x25B5,0x25B5,0x25B5,0x25B5,0x25B5,0x25B5,
    0x25B5,0x1C91,0x09E8,0x09E8,0xF81F,0xF81F,0xF81F,0xF81F,0xF81F,0xF81F,0xF81F,0xF81F,
    0xF81F,0xF81F,0xF81F,0xF81F,0xF81F,0xF81F,0xF81F,0xF81F,0xF81F,0xF81F,0xF81F,0xF81F,
    0xF81F,0xF81F,0xF81F,0xF81F,0xF81F,0xF81F,0xF81F,0xF81F,0xF81F,0xF81F,0xF81F,0xF81F,
    0xF81F,0xF81F,0xF81F,0xF81F,0xF81F,0xF81F,0xF81F,0xF81F,0xF81F,0xF81F,0xF81F,0xF81F,
    0xF81F,0xF81F,0xF81F,0xF81F,0xF81F,0xF81F,0xF81F,0xF81F,0xF81F,0xF81F,0xF81F,0xF81F,
    0xF81F,0xF81F,0xF81F,0xF81F,0xF81F,0xF81F,0xF81F,0xF81F,0xF81F,0xF81F,0xF81F,0xF81F,
    0xF81F,0xF81F,0xF81F,0xF81F,0xF81F,0xF81F,0xF81F,0xF81F,0xF81F,0xF81F,0xF81F,0xF81F,
    0xF81F,0xF81F,0xF81F,0xF81F,0xF81F,0xF81F,0xF81F,0xF81F,0x09E8,0x09E8,0x2574,0x25B5,
    0x25B5,0x25B5,0x25B5,0x25B5,0x25B5,0x25B5,0x25B5,0x25B5,0x25B5,0x25B5,0x25B5,0x25B5,
    0x25B5,0x25B5,0x25B5,0x2574,0x1C71,0x138D,0x12EB,0x1269,0x09E8,0x09E8,0x09E8,0x09E8,
    0x09E8,0x09E8,0x09E8,0x09E8,0x09E8,0x09E8,0x09E8,0x09E8,0x09E8,0x09E8,0x1269,0x12EB,
    0x138E,0x1C91,0x2574,0x25B5,0x25B5,0x25B5,0x25B5,0x25B5,0x25B5,0x25B5,0x25B5,0x25B5,
    0x25B5,0x25B5,0x25B5,0x25B5,0x25B5,0x25B5,0x25B5,0x2574,0x09E8,0x09E8,0xF81F,0xF81F,
    0xF81F,0xF81F,0xF81F,0xF81F,0xF81F,0xF81F,0xF81F,0xF81F,0xF81F,0xF81F,0xF81F,0xF81F,
    0xF81F,0xF81F,0xF81F,0xF81F,0xF81F,0xF81F,0xF81F,0xF81F,0xF81F,0xF81F,0xF81F,0xF81F,
    0xF81F,0xF81F,0xF81F,0xF81F,0xF81F,0xF81F,0xF81F,0xF81F,0xF81F,0xF81F,0xF81F,0xF81F,
    0xF81F,0xF81F,0xF81F,0xF81F,0xF81F,0xF81F,0xF81F,0xF81F,0xF81F,0xF81F,0xF81F,0xF81F,
    0xF81F,0xF81F,0xF81F,0xF81F,0xF81F,0xF81F,0xF81F,0xF81F,0xF81F,0xF81F,0xF81F,0xF81F,
    0xF81F,0xF81F,0xF81F,0xF81F,0xF81F,0xF81F,0xF81F,0xF81F,0xF81F,0xF81F,0xF81F,0xF81F,
    0xF81F,0xF81F,0xF81F,0xF81F,0xF81F,0xF81F,0xF81F,0xF81F,0xF81F,0xF81F,0xF81F,0xF81F,
    0xF81F,0xF81F,0x09E8,0x09E8,0x2574,0x25B5,0x25B5,0x25B5,0x25B5,0x25B5,0x25B5,0x25B5,
    0x25B5,0x25B5,0x25B5,0x25B5,0x25B5,0x25B5,0x25B5,0x25B5,0x25B5,0x25B5,0x25B5,0x25B5,
    0x25B5,0x2574,0x09E8,0x09E8,0xF81F,0xF81F,0xF81F,0xF81F,0xF81F,0xF81F,0xF81F,0xF81F,
    0xF81F,0xF81F,0x09C8,0x09E8,0x2574,0x25B5,0x25B5,0x25B5,0x25B5,0x25B5,0x25B5,0x25B5,
    0x25B5,0x25B5,0x25B5,0x25B5,0x25B5,0x25B5,0x25B5,0x25B5,0x25B5,0x25B5,0x25B5,0x25B5,
    0x25B5,0x2574,0x09E8,0x09E8,0xF81F,0xF81F,0xF81F,0xF81F,0xF81F,0xF81F,0xF81F,0xF81F,
    0xF81F,0xF81F,0xF81F,0xF81F,0xF81F,0xF81F,0xF81F,0xF81F,0xF81F,0xF81F,0xF81F,0xF81F,
    0xF81F,0xF81F,0xF81F,0xF81F,0xF81F,0xF81F,0xF81F,0xF81F,0xF81F,0xF81F,0xF81F,0xF81F,
    0xF81F,0xF81F,0xF81F,0xF81F,0xF81F,0xF81F,0xF81F,0xF81F,0xF81F,0xF81F,0xF81F,0xF81F,
    0xF81F,0xF81F,0xF81F,0xF81F,0xF81F,0xF81F,0xF81F,0xF81F,0xF81F,0xF81F,0xF81F,0xF81F,
    0xF81F,0xF81F,0xF81F,0xF81F,0xF81F,0xF81F,0xF81F,0xF81F,0xF81F,0xF81F,0xF81F,0xF81F,
    0xF81F,0xF81F,0xF81F,0xF81F,0xF81F,0xF81F,0xF81F,0xF81F,0xF81F,0xF81F,0xF81F,0xF81F,
    0xF81F,0xF81F,0xF81F,0xF81F,0xF81F,0xF81F,0xF81F,0xF81F,0x09E8,0x09E8,0x1C91,0x25B5,
    0x25B5,0x25B5,0x25B5,0x25B5,0x25B5,0x25B5,0x25B5,0x25B5,0x25B5,0x25B5,0x25B5,0x25B5,
    0x25B5,0x25B5,0x25B5,0x25B5,0x25B5,0x25B5,0x25B5,0x1C91,0x09E8,0x09E8,0xF81F,0xF81F,
    0xF81F,0xF81F,0xF81F,0xF81F,0xF81F,0xF81F,0xF81F,0xF81F,0x09E8,0x09E8,0x1C91,0x25B5,
    0x25B5,0x25B5,0x25B5,0x25B5,0x25B5,0x25B5,0x25B5,0x25B5,0x25B5,0x25B5,0x25B5,0x25B5,
    0x25B5,0x25B5,0x25B5,0x25B5,0x25B5,0x25B5,0x25B5,0x1C91,0x09E8,0x09E8,0xF81F,0xF81F,
    0xF81F,0xF81F,0xF81F,0xF81F,0xF81F,0xF81F,0xF81F,0xF81F,0xF81F,0xF81F,0xF81F,0xF81F,
    0xF81F,0xF81F,0xF81F,0xF81F,0xF81F,0xF81F,0xF81F,0xF81F,0xF81F,0xF81F,0xF81F,0xF81F,
    0xF81F,0xF81F,0xF81F,0xF81F,0xF81F,0xF81F,0xF81F,0xF81F,0xF81F,0xF81F,0xF81F,0xF81F,
    0xF81F,0xF81F,0xF81F,0xF81F,0xF81F,0xF81F,0xF81F,0xF81F,0xF81F,0xF81F,0xF81F,0xF81F,
    0xF81F,0xF81F,0xF81F,0xF81F,0xF81F,0xF81F,0xF81F,0xF81F,0xF81F,0xF81F,0xF81F,0xF81F,
    0xF81F,0xF81F,0xF81F,0xF81F,0xF81F,0xF81F,0xF81F,0xF81F,0xF81F,0xF81F,0xF81F,0xF81F,
    0xF81F,0xF81F,0xF81F,0xF81F,0xF81F,0xF81F,0xF81F,0xF81F,0xF81F,0xF81F,0xF81F,0xF81F,
    0xF81F,0xF81F,0xF81F,0x09E8,0x12CB,0x25B4,0x25B5,0x25B5,0x25B5,0x25B5,0x25B5,0x25B5,
    0x25B5,0x25B5,0x25B5,0x25B5,0x25B5,0x25B5,0x25B5,0x25B5,0x25B5,0x25B5,0x25B5,0x25B5,
    0x25B4,0x12CB,0x09E8,0xF81F,0xF81F,0xF81F,0xF81F,0xF81F,0xF81F,0xF81F,0xF81F,0xF81F,
    0xF81F,0xF81F,0xF81F,0x09E8,0x12CB,0x25B4,0x25B5,0x25B5,0x25B5,0x25B5,0x25B5,0x25B5,
    0x25B5,0x25B5,0x25B5,0x25B5,0x25B5,0x25B5,0x25B5,0x25B5,0x25B5,0x25B5,0x25B5,0x25B5,
    0x25B4,0x12CB,0x09E8,0xF81F,0xF81F,0xF81F,0xF81F,0xF81F,0xF81F,0xF81F,0xF81F,0xF81F,
    0xF81F,0xF81F,0xF81F,0xF81F,0xF81F,0xF81F,0xF81F,0xF81F,0xF81F,0xF81F,0xF81F,0xF81F,
    0xF81F,0xF81F,0xF81F,0xF81F,0xF81F,0xF81F,0xF81F,0xF81F,0xF81F,0xF81F,0xF81F,0xF81F,
    0xF81F,0xF81F,0xF81F,0xF81F,0xF81F,0xF81F,0xF81F,0xF81F,0xF81F,0xF81F,0xF81F,0xF81F,
    0xF81F,0xF81F,0xF81F,0xF81F,0xF81F,0xF81F,0xF81F,0xF81F,0xF81F,0xF81F,0xF81F,0xF81F,
    0xF81F,0xF81F,0xF81F,0xF81F,0xF81F,0xF81F,0xF81F,0xF81F,0xF81F,0xF81F,0xF81F,0xF81F,
    0xF81F,0xF81F,0xF81F,0xF81F,0xF81F,0xF81F,0xF81F,0xF81F,0xF81F,0xF81F,0xF81F,0xF81F,
    0xF81F,0xF81F,0xF81F,0xF81F,0xF81F,0xF81F,0xF81F,0xF81F,0xF81F,0x09E8,0x09E8,0x138E,
    0x25B5,0x25B5,0x25B5,0x25B5,0x25B5,0x25B5,0x25B5,0x25B5,0x25B5,0x25B5,0x25B5,0x25B5,
    0x25B5,0x25B5,0x25B5,0x25B5,0x25B5,0x25B5,0x138E,0x09E8,0x09E8,0xF81F,0xF81F,0xF81F,
    0xF81F,0xF81F,0xF81F,0xF81F,0xF81F,0xF81F,0xF81F,0xF81F,0xF81F,0x09E8,0x09E8,0x138E,
    0x25B5,0x25B5,0x25B5,0x25B5,0x25B5,0x25B5,0x25B5,0x25B5,0x25B5,0x25B5,0x25B5,0x25B5,
    0x25B5,0x25B5,0x25B5,0x25B5,0x25B5,0x25B5,0x138E,0x09E8,0x09E8,0xF81F,0xF81F,0xF81F,
    0xF81F,0xF81F,0xF81F,0xF81F,0xF81F,0xF81F,0xF81F,0xF81F,0xF81F,0xF81F,0xF81F,0xF81F,
    0xF81F,0xF81F,0xF81F,0xF81F,0xF81F,0xF81F,0xF81F,0xF81F,0xF81F,0xF81F,0xF81F,0xF81F,
    0xF81F,0xF81F,0xF81F,0xF81F,0xF81F,0xF81F,0xF81F,0xF81F,0xF81F,0xF81F,0xF81F,0xF81F,
    0xF81F,0xF81F,0xF81F,0xF81F,0xF81F,0xF81F,0xF81F,0xF81F,0xF81F,0xF81F,0xF81F,0xF81F,
    0xF81F,0xF81F,0xF81F,0xF81F,0xF81F,0xF81F,0xF81F,0xF81F,0xF81F,0xF81F,0xF81F,0xF81F,
    0xF81F,0xF81F,0xF81F,0xF81F,0xF81F,0xF81F,0xF81F,0xF81F,0xF81F,0xF81F,0xF81F,0xF81F,
    0xF81F,0xF81F,0xF81F,0xF81F,0xF81F,0xF81F,0xF81F,0xF81F,0xF81F,0xF81F,0xF81F,0xF81F,
    0xF81F,0xF81F,0xF81F,0xF81F,0x09E8,0x09E8,0x134D,0x2594,0x25B5,0x25B5,0x25B5,0x25B5,
    0x25B5,0x25B5,0x25B5,0x25B5,0x25B5,0x25B5,0x25B5,0x25B5,0x25B5,0x25B5,0x2594,0x134D,
    0x09E8,0x09E8,0xF81F,0xF81F,0xF81F,0xF81F,0xF81F,0xF81F,0xF81F,0xF81F,0xF81F,0xF81F,
    0xF81F,0xF81F,0xF81F,0xF81F,0x09E8,0x09E8,0x134D,0x2594,0x25B5,0x25B5,0x25B5,0x25B5,
    0x25B5,0x25B5,0x25B5,0x25B5,0x25B5,0x25B5,0x25B5,0x25B5,0x25B5,0x25B5,0x2594,0x134D,
    0x09E8,0x09E8,0xF81F,0xF81F,0xF81F,0xF81F,0xF81F,0xF81F,0xF81F,0xF81F,0xF81F,0xF81F,
    0xF81F,0xF81F,0xF81F,0xF81F,0xF81F,0xF81F,0xF81F,0xF81F,0xF81F,0xF81F,0xF81F,0xF81F,
    0xF81F,0xF81F,0xF81F,0xF81F,0xF81F,0xF81F,0xF81F,0xF81F,0xF81F,0xF81F,0xF81F,0xF81F,
    0xF81F,0xF81F,0xF81F,0xF81F,0xF81F,0xF81F,0xF81F,0xF81F,0xF81F,0xF81F,0xF81F,0xF81F,
    0xF81F,0xF81F,0xF81F,0xF81F,0xF81F,0xF81F,0xF81F,0xF81F,0xF81F,0xF81F,0xF81F,0xF81F,
    0xF81F,0xF81F,0xF81F,0xF81F,0xF81F,0xF81F,0xF81F,0xF81F,0xF81F,0xF81F,0xF81F,0xF81F,
    0xF81F,0xF81F,0xF81F,0xF81F,0xF81F,0xF81F,0xF81F,0xF81F,0xF81F,0xF81F,0xF81F,0xF81F,
    0xF81F,0xF81F,0xF81F,0xF81F,0xF81F,0xF81F,0xF81F,0xF81F,0xF81F,0xF81F,0xF81F,0x09E8,
    0x09E8,0x1249,0x1C2F,0x2594,0x25B5,0x25B5,0x25B5,0x25B5,0x25B5,0x25B5,0x25B5,0x25B5,
    0x25B5,0x25B5,0x2594,0x1C2F,0x1249,0x09E8,0x09E8,0xF81F,0xF81F,0xF81F,0xF81F,0xF81F,
    0xF81F,0xF81F,0xF81F,0xF81F,0xF81F,0xF81F,0xF81F,0xF81F,0xF81F,0xF81F,0xF81F,0x09E8,
    0x09E8,0x1249,0x1C2F,0x2594,0x25B5,0x25B5,0x25B5,0x25B5,0x25B5,0x25B5,0x25B5,0x25B5,
    0x25B5,0x25B5,0x2594,0x1C2F,0x1249,0x09E8,0x09E8,0xF81F,0xF81F,0xF81F,0xF81F,0xF81F,
    0xF81F,0xF81F,0xF81F,0xF81F,0xF81F,0xF81F,0xF81F,0xF81F,0xF81F,0xF81F,0xF81F,0xF81F,
    0xF81F,0xF81F,0xF81F,0xF81F,0xF81F,0xF81F,0xF81F,0xF81F,0xF81F,0xF81F,0xF81F,0xF81F,
    0xF81F,0xF81F,0xF81F,0xF81F,0xF81F,0xF81F,0xF81F,0xF81F,0xF81F,0xF81F,0xF81F,0xF81F,
    0xF81F,0xF81F,0xF81F,0xF81F,0xF81F,0xF81F,0xF81F,0xF81F,0xF81F,0xF81F,0xF81F,0xF81F,
    0xF81F,0xF81F,0xF81F,0xF81F,0xF81F,0xF81F,0xF81F,0xF81F,0xF81F,0xF81F,0xF81F,0xF81F,
    0xF81F,0xF81F,0xF81F,0xF81F,0xF81F,0xF81F,0xF81F,0xF81F,0xF81F,0xF81F,0xF81F,0xF81F,
    0xF81F,0xF81F,0xF81F,0xF81F,0xF81F,0xF81F,0xF81F,0xF81F,0xF81F,0xF81F,0xF81F,0xF81F,
    0xF81F,0xF81F,0xF81F,0xF81F,0xF81F,0xF81F,0x09E8,0x09E8,0x09E8,0x1209,0x134C,0x1C2F,
    0x1CF2,0x2553,0x2594,0x2594,0x2553,0x1CF2,0x1C2F,0x132C,0x1209,0x09E8,0x09E8,0x09E8,
    0xF81F,0xF81F,0xF81F,0xF81F,0xF81F,0xF81F,0xF81F,0xF81F,0xF81F,0xF81F,0xF81F,0xF81F,
    0xF81F,0xF81F,0xF81F,0xF81F,0xF81F,0xF81F,0x09E8,0x09E8,0x09E8,0x1209,0x134C,0x1C2F,
    0x1CF2,0x2553,0x2594,0x2594,0x2553,0x1CF2,0x1C2F,0x132C,0x1209,0x09E8,0x09E8,0x09E8,
    0xF81F,0xF81F,0xF81F,0xF81F,0xF81F,0xF81F,0xF81F,0xF81F,0xF81F,0xF81F,0xF81F,0xF81F,
    0xF81F,0xF81F,0xF81F,0xF81F,0xF81F,0xF81F,0xF81F,0xF81F,0xF81F,0xF81F,0xF81F,0xF81F,
    0xF81F,0xF81F,0xF81F,0xF81F,0xF81F,0xF81F,0xF81F,0xF81F,0xF81F,0xF81F,0xF81F,0xF81F,
    0xF81F,0xF81F,0xF81F,0xF81F,0xF81F,0xF81F,0xF81F,0xF81F,0xF81F,0xF81F,0xF81F,0xF81F,
    0xF81F,0xF81F,0xF81F,0xF81F,0xF81F,0xF81F,0xF81F,0xF81F,0xF81F,0xF81F,0xF81F,0xF81F,
    0xF81F,0xF81F,0xF81F,0xF81F,0xF81F,0xF81F,0xF81F,0xF81F,0xF81F,0xF81F,0xF81F,0xF81F,
    0xF81F,0xF81F,0xF81F,0xF81F,0xF81F,0xF81F,0xF81F,0xF81F,0xF81F,0xF81F,0xF81F,0xF81F,
    0xF81F,0xF81F,0xF81F,0xF81F,0xF81F,0xF81F,0xF81F,0xF81F,0xF81F,0xF81F,0xF81F,0xF81F,
    0xF81F,0xF81F,0x09E8,0x09E8,0x09E8,0x09E8,0x09E8,0x09E8,0x09E8,0x09E8,0x09E8,0x09E8,
    0x09E8,0x09E8,0x09E8,0x09E8,0xF81F,0xF81F,0xF81F,0xF81F,0xF81F,0xF81F,0xF81F,0xF81F,
    0xF81F,0xF81F,0xF81F,0xF81F,0xF81F,0xF81F,0xF81F,0xF81F,0xF81F,0xF81F,0xF81F,0xF81F,
    0xF81F,0xF81F,0x09E8,0x09E8,0x09E8,0x09E8,0x09E8,0x09E8,0x09E8,0x09E8,0x09E8,0x09E8,
    0x09E8,0x09E8,0x09E8,0x09E8,0xF81F,0xF81F,0xF81F,0xF81F,0xF81F,0xF81F,0xF81F,0xF81F,
    0xF81F,0xF81F,0xF81F,0xF81F,0xF81F,0xF81F,0xF81F,0xF81F,0xF81F,0xF81F,0xF81F,0xF81F,
    0xF81F,0xF81F,0xF81F,0xF81F,0xF81F,0xF81F,0xF81F,0xF81F,0xF81F,0xF81F,0xF81F,0xF81F,
    0xF81F,0xF81F,0xF81F,0xF81F,0xF81F,0xF81F,0xF81F,0xF81F,0xF81F,0xF81F,0xF81F,0xF81F,
    0xF81F,0xF81F,0xF81F,0xF81F,0xF81F,0xF81F,0xF81F,0xF81F,0xF81F,0xF81F,0xF81F,0xF81F,
    0xF81F,0xF81F,0xF81F,0xF81F,0xF81F,0xF81F,0xF81F,0xF81F,0xF81F,0xF81F,0xF81F,0xF81F,
    0xF81F,0xF81F,0xF81F,0xF81F,0xF81F,0xF81F,0xF81F,0xF81F,0xF81F,0xF81F,0xF81F,0xF81F,
    0xF81F,0xF81F,0xF81F,0xF81F,0xF81F,0xF81F,0xF81F,0xF81F,0xF81F,0xF81F,0xF81F,0xF81F,
    0xF81F,0xF81F,0xF81F,0xF81F,0xF81F,0xF81F,0xF81F,0xF81F,0xF81F,0xF81F,0xF81F,0x09E8,
    0x09E8,0x09E8,0x09E8,0x09E8,0x09E8,0x09E8,0x09E8,0xF81F,0xF81F,0xF81F,0xF81F,0xF81F,
    0xF81F,0xF81F,0xF81F,0xF81F,0xF81F,0xF81F,0xF81F,0xF81F,0xF81F,0xF81F,0xF81F,0xF81F,
    0xF81F,0xF81F,0xF81F,0xF81F,0xF81F,0xF81F,0xF81F,0xF81F,0xF81F,0xF81F,0xF81F,0x09E8,
    0x09E8,0x09E8,0x09E8,0x09E8,0x09E8,0x09E8,0x09E8,0xF81F,0xF81F,0xF81F,0xF81F,0xF81F,
    0xF81F,0xF81F,0xF81F,0xF81F,0xF81F,0xF81F,0xF81F,0xF81F,0xF81F,0xF81F,0xF81F,0xF81F,
    0xF81F,0xF81F,0xF81F,0xF81F,0xF81F,0xF81F,0xF81F,0xF81F,0xF81F,0xF81F,0xF81F,0xF81F,
    0xF81F,0xF81F,0xF81F,0xF81F,0xF81F,0xF81F,0xF81F,0xF81F,0xF81F,0xF81F,0xF81F,0xF81F,
    0xF81F,0xF81F,0xF81F,0xF81F,0xF81F,0xF81F,0xF81F,0xF81F,0xF81F,0xF81F,0xF81F,0xF81F,
    0xF81F,0xF81F,0xF81F,0xF81F,0xF81F,0xF81F,0xF81F,0xF81F,0xF81F,0xF81F,0xF81F,0xF81F,
    0xF81F,0xF81F,0xF81F,0xF81F,0xF81F,0xF81F,0xF81F,0xF81F,0xF81F,0xF81F,0xF81F,0xF81F,
    0xF81F,0xF81F,0xF81F,0xF81F,0xF81F,0xF81F,0xF81F,0xF81F,0xF81F,0xF81F,0xF81F,0xF81F,
    0xF81F,0xF81F,0xF81F,0xF81F,0xF81F,0xF81F,0xF81F,0xF81F,0xF81F,0xF81F,0xF81F,0xF81F,
    0xF81F,0xF81F,0xF81F,0xF81F,0xF81F,0xF81F,0xF81F,0xF81F,0xF81F,0xF81F,0xF81F,0xF81F,
    0xF81F,0xF81F,0xF81F,0xF81F,0xF81F,0xF81F,0xF81F,0xF81F,0xF81F,0xF81F,0xF81F,0xF81F,
    0xF81F,0xF81F,0xF81F,0xF81F,0xF81F,0xF81F,0xF81F,0xF81F,0xF81F,0xF81F,0xF81F,0xF81F,
    0xF81F,0xF81F,0xF81F,0xF81F,0xF81F,0xF81F,0xF81F,0xF81F,0xF81F,0xF81F,0xF81F,0xF81F,
    0xF81F,0xF81F,0xF81F,0xF81F,0xF81F,0xF81F,0xF81F,0xF81F,0xF81F,0xF81F,0xF81F,0xF81F,
    0xF81F,0xF81F,0xF81F,0xF81F,0xF81F,0xF81F,0xF81F,0xF81F,0xF81F,0xF81F,0xF81F,0xF81F,
    0xF81F,0xF81F,0xF81F,0xF81F,0xF81F,0xF81F,0xF81F,0xF81F,0xF81F,0xF81F,0xF81F,0xF81F,
    0xF81F,0xF81F,0xF81F,0xF81F,0xF81F,0xF81F,0xF81F,0xF81F,0xF81F,0xF81F,0xF81F,0xF81F,
    0xF81F,0xF81F,0xF81F,0xF81F,0xF81F,0xF81F,0xF81F,0xF81F,0xF81F,0xF81F,0xF81F,0xF81F,
    0xF81F,0xF81F,0xF81F,0xF81F,0xF81F,0xF81F,0xF81F,0xF81F,0xF81F,0xF81F,0xF81F,0xF81F,
    0xF81F,0xF81F,0xF81F,0xF81F,0xF81F,0xF81F,0xF81F,0xF81F,0xF81F,0xF81F,0xF81F,0xF81F,
    0xF81F,0xF81F,0xF81F,0xF81F,0xF81F,0xF81F,0xF81F,0xF81F,0xF81F,0xF81F,0xF81F,0xF81F,
    0xF81F,0xF81F,0xF81F,0xF81F,0xF81F,0xF81F,0xF81F,0xF81F,0xF81F,0xF81F,0xF81F,0xF81F,
    0xF81F,0xF81F,0xF81F,0xF81F,0xF81F,0xF81F,0xF81F,0xF81F,0xF81F,0xF81F,0xF81F,0xF81F,
    0xF81F,0xF81F,0xF81F,0xF81F,0xF81F,0xF81F,0xF81F,0xF81F,0xF81F,0xF81F,0xF81F,0xF81F,
    0xF81F,0xF81F,0xF81F,0xF81F,0xF81F,0xF81F,0xF81F,0xF81F,0xF81F,0xF81F,0xF81F,0xF81F,
    0xF81F,0xF81F,0xF81F,0xF81F,0xF81F,0xF81F,0xF81F,0xF81F,0xF81F,0xF81F,0xF81F,0xF81F,
    0xF81F,0xF81F,0xF81F,0xF81F,0xF81F,0xF81F,0xF81F,0xF81F,0xF81F,0xF81F,0xF81F,0xF81F,
    0xF81F,0xF81F,0xF81F,0xF81F,0xF81F,0xF81F,0xF81F,0xF81F,0xF81F,0xF81F,0xF81F,0xF81F,
    0xF81F,0xF81F,0xF81F,0xF81F,0xF81F,0xF81F,0xF81F,0xF81F,0xF81F,0xF81F,0xF81F,0xF81F,
    0xF81F,0xF81F,0xF81F,0xF81F,0xF81F,0xF81F,0xF81F,0xF81F,0xF81F,0xF81F,0xF81F,0xF81F,
    0xF81F,0xF81F,0xF81F,0xF81F,0xF81F,0xF81F,0xF81F,0xF81F,0xF81F,0xF81F,0xF81F,0xF81F,
    0xF81F,0xF81F,0xF81F,0xF81F,0xF81F,0xF81F,0xF81F,0xF81F,0xF81F,0xF81F,0xF81F,0xF81F,
    0xF81F,0xF81F,0xF81F,0xF81F,0xF81F,0xF81F,0xF81F,0xF81F,0xF81F,0xF81F,0xF81F,0xF81F,
    0xF81F,0xF81F,0xF81F,0xF81F,0xF81F,0xF81F,0xF81F,0xF81F,0xF81F,0xF81F,0xF81F,0xF81F,
    0xF81F,0xF81F,0xF81F,0xF81F,0xF81F,0xF81F,0xF81F,0xF81F,0xF81F,0xF81F,0xF81F,0xF81F,
    0xF81F,0xF81F,0xF81F,0xF81F,0xF81F,0xF81F,0xF81F,0xF81F,0xF81F,0xF81F,0xF81F,0xF81F,
    0xF81F,0xF81F,0xF81F,0xF81F,0xF81F,0xF81F,0xF81F,0xF81F,0xF81F,0xF81F,0xF81F,0xF81F,
    0xF81F,0xF81F,0xF81F,0xF81F,0xF81F,0xF81F,0xF81F,0xF81F,0xF81F,0xF81F,0xF81F,0xF81F,
    0xF81F,0xF81F,0xF81F,0xF81F,0xF81F,0xF81F,0xF81F,0xF81F,0xF81F,0xF81F,0xF81F,0xF81F,
    0xF81F,0xF81F,0xF81F,0xF81F,0xF81F,0xF81F,0xF81F,0xF81F,0xF81F,0xF81F,0xF81F,0xF81F,
    0xF81F,0xF81F,0xF81F,0xF81F,0xF81F,0xF81F,0xF81F,0xF81F,0xF81F,0xF81F,0xF81F,0xF81F,
    0xF81F,0xF81F,0xF81F,0xF81F,0xF81F,0xF81F,0xF81F,0xF81F,0xF81F,0xF81F,0xF81F,0xF81F,
    0xF81F,0xF81F,0xF81F,0xF81F,0xF81F,0xF81F,0xF81F,0xF81F,0xF81F,0xF81F,0xF81F,0xF81F,
    0xF81F,0xF81F,0xF81F,0xF81F,0xF81F,0xF81F,0xF81F,0xF81F,0xF81F,0xF81F,0xF81F,0xF81F,
    0xF81F,0xF81F,0xF81F,0xF81F,0xF81F,0xF81F,0xF81F,0xF81F,0xF81F,0xF81F,0xF81F,0xF81F,
    0xF81F,0xF81F,0xF81F,0xF81F,0xF81F,0xF81F,0xF81F,0xF81F,0xF81F,0xF81F,0xF81F,0xF81F,
    0xF81F,0xF81F,0xF81F,0xF81F,0xF81F,0xF81F,0xF81F,0xF81F,0xF81F,0xF81F,0xF81F,0xF81F,
    0xF81F,0xF81F,0xF81F,0xF81F,0xF81F,0xF81F,0xF81F,0xF81F,0xF81F,0xF81F,0xF81F,0xF81F,
    0xF81F,0xF81F,0xF81F,0xF81F,0xF81F,0xF81F,0xF81F,0xF81F,0xF81F,0xF81F,0xF81F,0xF81F,
    0xF81F,0xF81F,0xF81F,0xF81F,0xF81F,0xF81F,0xF81F,0xF81F,0xF81F,0xF81F,0xF81F,0xF81F,
    0xF81F,0xF81F,0xF81F,0xF81F,0xF81F,0xF81F,0xF81F,0xF81F,0xF81F,0xF81F,0xF81F,0xF81F,
    0xF81F,0xF81F,0xF81F,0xF81F,0xF81F,0xF81F,0xF81F,0xF81F,0xF81F,0xF81F,0xF81F,0xF81F,
    0xF81F,0xF81F,0xF81F,0xF81F,0xF81F,0xF81F,0xF81F,0xF81F,0xF81F,0xF81F,0xF81F,0xF81F,
    0xF81F,0xF81F,0xF81F,0xF81F,0xF81F,0xF81F,0xF81F,0xF81F,0xF81F,0xF81F,0xF81F,0xF81F,
    0xF81F,0xF81F,0xF81F,0xF81F,0xF81F,0xF81F,0xF81F,0xF81F,0xF81F,0xF81F,0xF81F,0xF81F,
    0xF81F,0xF81F,0xF81F,0xF81F,0xF81F,0xF81F,0xF81F,0xF81F,0xF81F,0xF81F,0xF81F,0xF81F,
    0xF81F,0xF81F,0xF81F,0xF81F,0xF81F,0xF81F,0xF81F,0xF81F,0xF81F,0xF81F,0xF81F,0xF81F,
    0xF81F,0xF81F,0xF81F,0xF81F,0xF81F,0xF81F,0xF81F,0xF81F,0xF81F,0xF81F,0xF81F,0xF81F,
    0xF81F,0xF81F,0xF81F,0xF81F,0xF81F,0xF81F,0xF81F,0xF81F,0xF81F,0xF81F,0xF81F,0xF81F,
    0xF81F,0xF81F,0xF81F,0xF81F,0xF81F,0xF81F,0xF81F,0xF81F,0xF81F,0xF81F,0xF81F,0xF81F,
    0xF81F,0xF81F,0xF81F,0xF81F,0xF81F,0xF81F,0xF81F,0xF81F,0xF81F,0xF81F,0xF81F,0xF81F,
    0xF81F,0xF81F,0xF81F,0xF81F,0xF81F,0xF81F,0xF81F,0xF81F,0xF81F,0xF81F,0xF81F,0xF81F,
    0xF81F,0xF81F,0xF81F,0xF81F,0xF81F,0xF81F,0xF81F,0xF81F,0xF81F,0xF81F,0xF81F,0xF81F,
    0xF81F,0xF81F,0xF81F,0xF81F,0xF81F,0xF81F,0xF81F,0xF81F,0xF81F,0xF81F,0xF81F,0xF81F,
    0xF81F,0xF81F,0xF81F,0xF81F,0xF81F,0xF81F,0xF81F,0xF81F,0xF81F,0xF81F,0xF81F,0xF81F,
    0xF81F,0xF81F,0xF81F,0xF81F,0xF81F,0xF81F,0xF81F,0xF81F,0xF81F,0xF81F,0xF81F,0xF81F,
    0xF81F,0xF81F,0xF81F,0xF81F,0xF81F,0xF81F,0xF81F,0xF81F,0xF81F,0xF81F,0xF81F,0xF81F,
    0xF81F,0xF81F,0xF81F,0xF81F,0xF81F,0xF81F,0xF81F,0xF81F,0xF81F,0xF81F,0xF81F,0xF81F,
    0xF81F,0xF81F,0xF81F,0xF81F,0xF81F,0xF81F,0xF81F,0xF81F,0xF81F,0xF81F,0xF81F,0xF81F,
    0xF81F,0xF81F,0xF81F,0xF81F,0xF81F,0xF81F,0xF81F,0xF81F,0xF81F,0xF81F,0xF81F,0xF81F,
    0xF81F,0xF81F,0xF81F,0xF81F,0xF81F,0xF81F,0xF81F,0xF81F,0xF81F,0xF81F,0xF81F,0xF81F,
    0xF81F,0xF81F,0xF81F,0xF81F,0xF81F,0xF81F,0xF81F,0xF81F,0xF81F,0xF81F,0xF81F,0xF81F,
    0xF81F,0xF81F,0xF81F,0xF81F,0xF81F,0xF81F,0xF81F,0xF81F,0xF81F,0xF81F,0xF81F,0xF81F,
    0xF81F,0xF81F,0xF81F,0xF81F,0xF81F,0xF81F,0xF81F,0xF81F,0xF81F,0xF81F,0xF81F,0xF81F,
    0xF81F,0xF81F,0xF81F,0xF81F,0xF81F,0xF81F,0xF81F,0xF81F,0xF81F,0xF81F,0xF81F,0xF81F,
    0xF81F,0xF81F,0xF81F,0xF81F,0xF81F,0xF81F,0xF81F,0xF81F,0xF81F,0xF81F,0xF81F,0xF81F,
    0xF81F,0xF81F,0xF81F,0xF81F,0xF81F,0xF81F,0xF81F,0xF81F,0xF81F,0xF81F,0xF81F,0xF81F,
    0xF81F,0xF81F,0xF81F,0xF81F,0xF81F,0xF81F,0xF81F,0xF81F,0xF81F,0xF81F,0xF81F,0xF81F,
    0xF81F,0xF81F,0xF81F,0xF81F,0xF81F,0xF81F,0xF81F,0xF81F,0xF81F,0xF81F,0xF81F,0xF81F,
    0xF81F,0xF81F,0xF81F,0xF81F,0xF81F,0xF81F,0xF81F,0xF81F,0xF81F,0xF81F,0xF81F,0xF81F,
    0xF81F,0xF81F,0xF81F,0xF81F,0xF81F,0xF81F,0xF81F,0xF81F,0xF81F,0xF81F,0xF81F,0xF81F,
    0xF81F,0xF81F,0xF81F,0xF81F,0xF81F,0xF81F,0xF81F,0xF81F,0xF81F,0xF81F,0xF81F,0xF81F,
    0xF81F,0xF81F,0xF81F,0xF81F,0xF81F,0xF81F,0xF81F,0xF81F,0xF81F,0xF81F,0xF81F,0xF81F,
    0xF81F,0xF81F,0xF81F,0xF81F,0xF81F,0xF81F,0xF81F,0xF81F,0xF81F,0xF81F,0xF81F,0xF81F,
    0xF81F,0xF81F,0xF81F,0xF81F,0xF81F,0xF81F,0xF81F,0xF81F,0xF81F,0xF81F,0xF81F,0xF81F,
    0xF81F,0xF81F,0xF81F,0xF81F,0xF81F,0xF81F,0xF81F,0xF81F,0xF81F,0xF81F,0xF81F,0xF81F,
    0xF81F,0xF81F,0xF81F,0xF81F,0xF81F,0xF81F,0xF81F,0xF81F,0xF81F,0xF81F,0xF81F,0xF81F,
    0xF81F,0xF81F,0xF81F,0xF81F,0xF81F,0xF81F,0xF81F,0xF81F,0xF81F,0xF81F,0xF81F,0xF81F,
    0xF81F,0xF81F,0xF81F,0xF81F,0xF81F,0xF81F,0xF81F,0xF81F,0xF81F,0xF81F,0xF81F,0xF81F,
    0xF81F,0xF81F,0xF81F,0xF81F,0xF81F,0xF81F,0xF81F,0xF81F,0xF81F,0xF81F,0xF81F,0xF81F,
    0xF81F,0xF81F,0xF81F,0xF81F,0xF81F,0xF81F,0xF81F,0xF81F,0xF81F,0xF81F,0xF81F,0xF81F,
    0xF81F,0xF81F,0xF81F,0xF81F,0xF81F,0xF81F,0xF81F,0xF81F,0xF81F,0xF81F,0xF81F,0xF81F,
    0xF81F,0xF81F,0xF81F,0xF81F,0xF81F,0xF81F,0xF81F,0xF81F,0xF81F,0xF81F,0xF81F,0xF81F,
    0xF81F,0xF81F,0xF81F,0xF81F,0xF81F,0xF81F,0xF81F,0xF81F,0xF81F,0xF81F,0xF81F,0xF81F,
    0xF81F,0xF81F,0xF81F,0xF81F,0xF81F,0xF81F,0xF81F,0xF81F,0xF81F,0xF81F,0xF81F,0xF81F,
    0xF81F,0xF81F,0xF81F,0xF81F,0xF81F,0xF81F,0xF81F,0xF81F,0xF81F,0xF81F,0xF81F,0xF81F,
    0xF81F,0xF81F,0xF81F,0xF81F,0xF81F,0xF81F,0xF81F,0xF81F,0xF81F,0xF81F,0xF81F,0xF81F,
    0xF81F,0xF81F,0xF81F,0xF81F,0xF81F,0xF81F,0xF81F,0xF81F,0xF81F,0xF81F,0xF81F,0xF81F,
    0xF81F,0xF81F,0xF81F,0xF81F,0xF81F,0xF81F,0xF81F,0xF81F,0xF81F,0xF81F,0xF81F,0xF81F,
    0xF81F,0xF81F,0xF81F,0xF81F,0xF81F,0xF81F,0xF81F,0xF81F,0xF81F,0xF81F,0xF81F,0xF81F,
    0xF81F,0xF81F,0xF81F,0xF81F,0xF81F,0xF81F,0xF81F,0xF81F,0xF81F,0xF81F,0xF81F,0xF81F,
    0xF81F,0xF81F,0xF81F,0xF81F,0xF81F,0xF81F,0xF81F,0xF81F,0xF81F,0xF81F,0xF81F,0xF81F,
    0xF81F,0xF81F,0xF81F,0xF81F,0xF81F,0xF81F,0xF81F,0xF81F,0xF81F,0xF81F,0xF81F,0xF81F,
    0xF81F,0xF81F,0xF81F,0xF81F,0xF81F,0xF81F,0xF81F,0xF81F,0xF81F,0xF81F,0xF81F,0xF81F,
    0xF81F,0xF81F,0xF81F,0xF81F,0xF81F,0xF81F,0xF81F,0xF81F,0xF81F,0xF81F,0xF81F,0xF81F,
    0xF81F,0xF81F,0xF81F,0xF81F,0xF81F,0xF81F,0xF81F,0xF81F,0xF81F,0xF81F,0xF81F,0xF81F,
    0xF81F,0xF81F,0xF81F,0xF81F,0xF81F,0xF81F,0xF81F,0xF81F,0xF81F,0xF81F,0xF81F,0xF81F,
    0xF81F,0xF81F,0xF81F,0xF81F,0xF81F,0xF81F,0xF81F,0xF81F,0xF81F,0xF81F,0xF81F,0xF81F,
    0xF81F,0xF81F,0xF81F,0xF81F,0xF81F,0xF81F,0xF81F,0xF81F,0xF81F,0xF81F,0xF81F,0xF81F,
    0xF81F,0xF81F,0xF81F,0xF81F,0xF81F,0xF81F,0xF81F,0xF81F,0xF81F,0xF81F,0xF81F,0xF81F,
    0xF81F,0xF81F,0xF81F,0xF81F,0xF81F,0xF81F,0xF81F,0xF81F,0xF81F,0xF81F,0xF81F,0xF81F,
    0xF81F,0xF81F,0xF81F,0xF81F,0xF81F,0xF81F,0xF81F,0xF81F,0xF81F,0xF81F,0xF81F,0xF81F,
    0xF81F,0xF81F,0xF81F,0xF81F,0xF81F,0xF81F,0xF81F,0xF81F,0xF81F,0xF81F,0xF81F,0xF81F,
    0xF81F,0xF81F,0xF81F,0xF81F,0xF81F,0xF81F,0xF81F,0xF81F,0xF81F,0xF81F,0xF81F,0xF81F,
    0xF81F,0xF81F,0xF81F,0xF81F,0xF81F,0xF81F,0xF81F,0xF81F,0xF81F,0xF81F,0xF81F,0xF81F,
    0xF81F,0xF81F,0xF81F,0xF81F,0xF81F,0xF81F,0xF81F,0xF81F,0xF81F,0xF81F,0xF81F,0xF81F,
    0xF81F,0xF81F,0xF81F,0xF81F,0xF81F,0xF81F,0xF81F,0xF81F,0xF81F,0xF81F,0xF81F,0xF81F,
    0xF81F,0xF81F,0xF81F,0xF81F,0xF81F,0xF81F,0xF81F,0xF81F,0xF81F,0xF81F,0xF81F,0xF81F,
    0xF81F,0xF81F,0xF81F,0xF81F,0xF81F,0xF81F,0xF81F,0xF81F,0xF81F,0xF81F,0xF81F,0xF81F,
    0xF81F,0xF81F,0xF81F,0xF81F,0xF81F,0xF81F,0xF81F,0xF81F,0xF81F,0xF81F,0xF81F,0xF81F,
    0xF81F,0xF81F,0xF81F,0xF81F,0xF81F,0xF81F,0xF81F,0xF81F,0xF81F,0xF81F,0xF81F,0xF81F,
    0xF81F,0xF81F,0xF81F,0xF81F,0xF81F,0xF81F,0xF81F,0xF81F,0xF81F,0xF81F,0xF81F,0xF81F,
    0xF81F,0xF81F,0xF81F,0xF81F,0xF81F,0xF81F,0xF81F,0xF81F,0xF81F,0xF81F,0xF81F,0xF81F,
    0xF81F,0xF81F,0xF81F,0xF81F,0xF81F,0xF81F,0xF81F,0xF81F,0xF81F,0xF81F,0xF81F,0xF81F,
    0xF81F,0xF81F,0xF81F,0xF81F,0xF81F,0xF81F,0xF81F,0xF81F,0xF81F,0xF81F,0xF81F,0xF81F,
    0xF81F,0xF81F,0xF81F,0xF81F,0xF81F,0xF81F,0xF81F,0xF81F,0xF81F,0xF81F,0xF81F,0xF81F,
    0xF81F,0xF81F,0xF81F,0xF81F,0xF81F,0xF81F,0xF81F,0xF81F,0xF81F,0xF81F,0xF81F,0xF81F,
    0xF81F,0xF81F,0xF81F,0xF81F,0xF81F,0xF81F,0xF81F,0xF81F,0xF81F,0xF81F,0xF81F,0xF81F,
    0xF81F,0xF81F,0xF81F,0xF81F,0xF81F,0xF81F,0xF81F,0xF81F,0xF81F,0xF81F,0xF81F,0xF81F,
    0xF81F,0xF81F,0xF81F,0xF81F,0xF81F,0xF81F,0xF81F,0xF81F,0xF81F,0xF81F,0xF81F,0xF81F,
    0xF81F,0xF81F,0xF81F,0xF81F,0xF81F,0xF81F,0xF81F,0xF81F,0xF81F,0xF81F,0xF81F,0xF81F,
    0xF81F,0xF81F,0xF81F,0xF81F,0xF81F,0xF81F,0xF81F,0xF81F,0xF81F,0xF81F,0xF81F,0xF81F,
    0xF81F,0xF81F,0xF81F,0xF81F,0xF81F,0xF81F,0xF81F,0xF81F,0xF81F,0xF81F,0xF81F,0xF81F,
    0xF81F,0xF81F,0xF81F,0xF81F,0xF81F,0xF81F,0xF81F,0xF81F,0xF81F,0xF81F,0xF81F,0xF81F,
    0xF81F,0xF81F,0xF81F,0xF81F,0xF81F,0xF81F,0xF81F,0xF81F,0xF81F,0xF81F,0xF81F,0xF81F,
    0xF81F,0xF81F,0xF81F,0xF81F,0xF81F,0xF81F,0xF81F,0xF81F,0xF81F,0xF81F,0xF81F,0xF81F,
    0xF81F,0xF81F,0xF81F,0xF81F,0xF81F,0xF81F,0xF81F,0xF81F,0xF81F,0xF81F,0xF81F,0xF81F,
    0xF81F,0xF81F,0xF81F,0xF81F,0xF81F,0xF81F,0xF81F,0xF81F,0xF81F,0xF81F,0xF81F,0xF81F,
    0xF81F,0xF81F,0xF81F,0xF81F,0xF81F,0xF81F,0xF81F,0xF81F,0xF81F,0xF81F,0xF81F,0xF81F,
    0xF81F,0xF81F,0xF81F,0xF81F,0xF81F,0xF81F,0xF81F,0xF81F,0xF81F,0xF81F,0xF81F,0xF81F,
    0xF81F,0xF81F,0xF81F,0xF81F,0xF81F,0xF81F,0xF81F,0xF81F,0xF81F,0xF81F,0xF81F,0xF81F,
    0xF81F,0xF81F,0xF81F,0xF81F,0xF81F,0xF81F,0xF81F,0xF81F,0xF81F,0xF81F,0xF81F,0xF81F,
    0xF81F,0xF81F,0xF81F,0xF81F,0xF81F,0xF81F,0xF81F,0xF81F,0xF81F,0xF81F,0xF81F,0xF81F,
    0xF81F,0xF81F,0xF81F,0xF81F,0xF81F,0xF81F,0xF81F,0xF81F,0xF81F,0xF81F,0xF81F,0xF81F,
    0xF81F,0xF81F,0xF81F,0xF81F,0xF81F,0xF81F,0xF81F,0xF81F,0xF81F,0xF81F,0xF81F,0xF81F,
    0xF81F,0xF81F,0xF81F,0xF81F,0xF81F,0xF81F,0xF81F,0xF81F,0xF81F,0xF81F,0xF81F,0xF81F,
    0xF81F,0xF81F,0xF81F,0xF81F,0xF81F,0xF81F,0xF81F,0xF81F,0xF81F,0xF81F,0xF81F,0xF81F,
    0xF81F,0xF81F,0xF81F,0xF81F,0xF81F,0xF81F,0xF81F,0xF81F,0xF81F,0xF81F,0xF81F,0xF81F,
    0xF81F,0xF81F,0xF81F,0xF81F,0xF81F,0xF81F,0xF81F,0xF81F,0xF81F,0xF81F,0xF81F,0xF81F,
    0xF81F,0xF81F,0xF81F,0xF81F,0xF81F,0xF81F,0xF81F,0xF81F,0xF81F,0xF81F,0xF81F,0xF81F,
    0xF81F,0xF81F,0xF81F,0xF81F,0xF81F,0xF81F,0xF81F,0xF81F,0xF81F,0xF81F,0xF81F,0xF81F,
    0xF81F,0xF81F,0xF81F,0xF81F,0xF81F,0xF81F,0xF81F,0xF81F,0xF81F,0xF81F,0xF81F,0xF81F,
    0xF81F,0xF81F,0xF81F,0xF81F,0xF81F,0xF81F,0xF81F,0xF81F,0xF81F,0xF81F,0xF81F,0xF81F,
    0xF81F,0xF81F,0xF81F,0xF81F,0xF81F,0xF81F,0xF81F,0xF81F,0xF81F,0xF81F,0xF81F,0xF81F,
    0xF81F,0xF81F,0xF81F,0xF81F,0xF81F,0xF81F,0xF81F,0xF81F,0xF81F,0xF81F,0xF81F,0xF81F,
    0xF81F,0xF81F,0xF81F,0xF81F,0xF81F,0xF81F,0xF81F,0xF81F,0xF81F,0xF81F,0xF81F,0xF81F,
    0xF81F,0xF81F,0xF81F,0xF81F,0xF81F,0xF81F,0xF81F,0xF81F,0xF81F,0xF81F,0xF81F,0xF81F,
    0xF81F,0xF81F,0xF81F,0xF81F,0xF81F,0xF81F,0xF81F,0xF81F,0xF81F,0xF81F,0xF81F,0xF81F,
    0xF81F,0xF81F,0xF81F,0xF81F,0xF81F,0xF81F,0xF81F,0xF81F,0xF81F,0xF81F,0xF81F,0xF81F,
    0xF81F,0xF81F,0xF81F,0xF81F,0xF81F,0xF81F,0xF81F,0xF81F,0xF81F,0xF81F,0xF81F,0xF81F,
    0xF81F,0xF81F,0xF81F,0xF81F,0xF81F,0xF81F,0xF81F,0xF81F,0xF81F,0xF81F,0xF81F,0xF81F,
    0xF81F,0xF81F,0xF81F,0xF81F,0xF81F,0xF81F,0xF81F,0xF81F,0xF81F,0xF81F,0xF81F,0xF81F,
    0xF81F,0xF81F,0xF81F,0xF81F,0xF81F,0xF81F,0xF81F,0xF81F,0xF81F,0xF81F,0xF81F,0xF81F,
    0xF81F,0xF81F,0xF81F,0xF81F,0xF81F,0xF81F,0xF81F,0xF81F,0xF81F,0xF81F,0xF81F,0xF81F,
    0xF81F,0xF81F,0xF81F,0xF81F,0xF81F,0xF81F,0xF81F,0xF81F,0xF81F,0xF81F,0xF81F,0xF81F,
    0xF81F,0xF81F,0xF81F,0xF81F,0xF81F,0xF81F,0xF81F,0xF81F,0xF81F,0xF81F,0xF81F,0xF81F,
    0xF81F,0xF81F,0xF81F,0xF81F,0xF81F,0xF81F,0xF81F,0xF81F,0xF81F,0xF81F,0xF81F,0xF81F,
    0xF81F,0xF81F,0xF81F,0xF81F,0xF81F,0xF81F,0xF81F,0xF81F,0xF81F,0xF81F,0xF81F,0xF81F,
    0xF81F,0xF81F,0xF81F,0xF81F,0xF81F,0xF81F,0xF81F,0xF81F,0xF81F,0xF81F,0xF81F,0xF81F,
    0xF81F,0xF81F,0xF81F,0xF81F,0xF81F,0xF81F,0xF81F,0xF81F,0xF81F,0xF81F,0xF81F,0xF81F,
    0xF81F,0xF81F,0xF81F,0xF81F,0xF81F,0xF81F,0xF81F,0xF81F,0xF81F,0xF81F,0xF81F,0xF81F,
    0xF81F,0xF81F,0xF81F,0xF81F,0xF81F,0xF81F,0xF81F,0xF81F,0xF81F,0xF81F,0xF81F,0xF81F,
    0xF81F,0xF81F,0xF81F,0xF81F,0xF81F,0xF81F,0xF81F,0xF81F,0xF81F,0xF81F,0xF81F,0xF81F,
    0xF81F,0xF81F,0xF81F,0xF81F,0xF81F,0xF81F,0xF81F,0xF81F,0xF81F,0xF81F,0xF81F,0xF81F,
    0xF81F,0xF81F,0xF81F,0xF81F,0xF81F,0xF81F,0xF81F,0xF81F,0xF81F,0xF81F,0xF81F,0xF81F,
    0xF81F,0xF81F,0xF81F,0xF81F,0xF81F,0xF81F,0xF81F,0xF81F,0xF81F,0xF81F,0xF81F,0xF81F,
    0xF81F,0xF81F,0xF81F,0xF81F,0xF81F,0xF81F,0xF81F,0xF81F,0xF81F,0xF81F,0xF81F,0xF81F,
    0xF81F,0xF81F,0xF81F,0xF81F,0xF81F,0xF81F,0xF81F,0xF81F,0xF81F,0xF81F,0xF81F,0xF81F,
    0xF81F,0xF81F,0xF81F,0xF81F,0xF81F,0xF81F,0xF81F,0xF81F,0xF81F,0xF81F,0xF81F,0xF81F,
    0xF81F,0xF81F,0xF81F,0xF81F,0xF81F,0xF81F,0xF81F,0xF81F,0xF81F,0xF81F,0xF81F,0xF81F,
};
inline const uint16_t img_idle_2[22500] = {
    0xF81F,0xF81F,0xF81F,0xF81F,0xF81F,0xF81F,0xF81F,0xF81F,0xF81F,0xF81F,0xF81F,0xF81F,
    0xF81F,0xF81F,0xF81F,0xF81F,0xF81F,0xF81F,0xF81F,0xF81F,0xF81F,0xF81F,0xF81F,0xF81F,
    0xF81F,0xF81F,0xF81F,0xF81F,0xF81F,0xF81F,0xF81F,0xF81F,0xF81F,0xF81F,0xF81F,0xF81F,
    0xF81F,0xF81F,0xF81F,0xF81F,0xF81F,0xF81F,0xF81F,0xF81F,0xF81F,0xF81F,0xF81F,0xF81F,
    0xF81F,0xF81F,0xF81F,0xF81F,0xF81F,0xF81F,0xF81F,0xF81F,0xF81F,0xF81F,0xF81F,0xF81F,
    0xF81F,0xF81F,0xF81F,0xF81F,0xF81F,0xF81F,0xF81F,0xF81F,0xF81F,0xF81F,0xF81F,0xF81F,
    0xF81F,0xF81F,0xF81F,0xF81F,0xF81F,0xF81F,0xF81F,0xF81F,0xF81F,0xF81F,0xF81F,0xF81F,
    0xF81F,0xF81F,0xF81F,0xF81F,0xF81F,0xF81F,0xF81F,0xF81F,0xF81F,0xF81F,0xF81F,0xF81F,
    0xF81F,0xF81F,0xF81F,0xF81F,0xF81F,0xF81F,0xF81F,0xF81F,0xF81F,0xF81F,0xF81F,0xF81F,
    0xF81F,0xF81F,0xF81F,0xF81F,0xF81F,0xF81F,0xF81F,0xF81F,0xF81F,0xF81F,0xF81F,0xF81F,
    0xF81F,0xF81F,0xF81F,0xF81F,0xF81F,0xF81F,0xF81F,0xF81F,0xF81F,0xF81F,0xF81F,0xF81F,
    0xF81F,0xF81F,0xF81F,0xF81F,0xF81F,0xF81F,0xF81F,0xF81F,0xF81F,0xF81F,0xF81F,0xF81F,
    0xF81F,0xF81F,0xF81F,0xF81F,0xF81F,0xF81F,0xF81F,0xF81F,0xF81F,0xF81F,0xF81F,0xF81F,
    0xF81F,0xF81F,0xF81F,0xF81F,0xF81F,0xF81F,0xF81F,0xF81F,0xF81F,0xF81F,0xF81F,0xF81F,
    0xF81F,0xF81F,0xF81F,0xF81F,0xF81F,0xF81F,0xF81F,0xF81F,0xF81F,0xF81F,0xF81F,0xF81F,
    0xF81F,0xF81F,0xF81F,0xF81F,0xF81F,0xF81F,0xF81F,0xF81F,0xF81F,0xF81F,0xF81F,0xF81F,
    0xF81F,0xF81F,0xF81F,0xF81F,0xF81F,0xF81F,0xF81F,0xF81F,0xF81F,0xF81F,0xF81F,0xF81F,
    0xF81F,0xF81F,0xF81F,0xF81F,0xF81F,0xF81F,0xF81F,0xF81F,0xF81F,0xF81F,0xF81F,0xF81F,
    0xF81F,0xF81F,0xF81F,0xF81F,0xF81F,0xF81F,0xF81F,0xF81F,0xF81F,0xF81F,0xF81F,0xF81F,
    0xF81F,0xF81F,0xF81F,0xF81F,0xF81F,0xF81F,0xF81F,0xF81F,0xF81F,0xF81F,0xF81F,0xF81F,
    0xF81F,0xF81F,0xF81F,0xF81F,0xF81F,0xF81F,0xF81F,0xF81F,0xF81F,0xF81F,0xF81F,0xF81F,
    0xF81F,0xF81F,0xF81F,0xF81F,0xF81F,0xF81F,0xF81F,0xF81F,0xF81F,0xF81F,0xF81F,0xF81F,
    0xF81F,0xF81F,0xF81F,0xF81F,0xF81F,0xF81F,0xF81F,0xF81F,0xF81F,0xF81F,0xF81F,0xF81F,
    0xF81F,0xF81F,0xF81F,0xF81F,0xF81F,0xF81F,0xF81F,0xF81F,0xF81F,0xF81F,0xF81F,0xF81F,
    0xF81F,0xF81F,0xF81F,0xF81F,0xF81F,0xF81F,0xF81F,0xF81F,0xF81F,0xF81F,0xF81F,0xF81F,
    0xF81F,0xF81F,0xF81F,0xF81F,0xF81F,0xF81F,0xF81F,0xF81F,0xF81F,0xF81F,0xF81F,0xF81F,
    0xF81F,0xF81F,0xF81F,0xF81F,0xF81F,0xF81F,0xF81F,0xF81F,0xF81F,0xF81F,0xF81F,0xF81F,
    0xF81F,0xF81F,0xF81F,0xF81F,0xF81F,0xF81F,0xF81F,0xF81F,0xF81F,0xF81F,0xF81F,0xF81F,
    0xF81F,0xF81F,0xF81F,0xF81F,0xF81F,0xF81F,0xF81F,0xF81F,0xF81F,0xF81F,0xF81F,0xF81F,
    0xF81F,0xF81F,0xF81F,0xF81F,0xF81F,0xF81F,0xF81F,0xF81F,0xF81F,0xF81F,0xF81F,0xF81F,
    0xF81F,0xF81F,0xF81F,0xF81F,0xF81F,0xF81F,0xF81F,0xF81F,0xF81F,0xF81F,0xF81F,0xF81F,
    0xF81F,0xF81F,0xF81F,0xF81F,0xF81F,0xF81F,0xF81F,0xF81F,0xF81F,0xF81F,0xF81F,0xF81F,
    0xF81F,0xF81F,0xF81F,0xF81F,0xF81F,0xF81F,0xF81F,0xF81F,0xF81F,0xF81F,0xF81F,0xF81F,
    0xF81F,0xF81F,0xF81F,0xF81F,0xF81F,0xF81F,0xF81F,0xF81F,0xF81F,0xF81F,0xF81F,0xF81F,
    0xF81F,0xF81F,0xF81F,0xF81F,0xF81F,0xF81F,0xF81F,0xF81F,0xF81F,0xF81F,0xF81F,0xF81F,
    0xF81F,0xF81F,0xF81F,0xF81F,0xF81F,0xF81F,0xF81F,0xF81F,0xF81F,0xF81F,0xF81F,0xF81F,
    0xF81F,0xF81F,0xF81F,0xF81F,0xF81F,0xF81F,0xF81F,0xF81F,0xF81F,0xF81F,0xF81F,0xF81F,
    0xF81F,0xF81F,0xF81F,0xF81F,0xF81F,0xF81F,0xF81F,0xF81F,0xF81F,0xF81F,0xF81F,0xF81F,
    0xF81F,0xF81F,0xF81F,0xF81F,0xF81F,0xF81F,0xF81F,0xF81F,0xF81F,0xF81F,0xF81F,0xF81F,
    0xF81F,0xF81F,0xF81F,0xF81F,0xF81F,0xF81F,0xF81F,0xF81F,0xF81F,0xF81F,0xF81F,0xF81F,
    0xF81F,0xF81F,0xF81F,0xF81F,0xF81F,0xF81F,0xF81F,0xF81F,0xF81F,0xF81F,0xF81F,0xF81F,
    0xF81F,0xF81F,0xF81F,0xF81F,0xF81F,0xF81F,0xF81F,0xF81F,0xF81F,0xF81F,0xF81F,0xF81F,
    0xF81F,0xF81F,0xF81F,0xF81F,0xF81F,0xF81F,0xF81F,0xF81F,0xF81F,0xF81F,0xF81F,0xF81F,
    0xF81F,0xF81F,0xF81F,0xF81F,0xF81F,0xF81F,0xF81F,0xF81F,0xF81F,0xF81F,0xF81F,0xF81F,
    0xF81F,0xF81F,0xF81F,0xF81F,0xF81F,0xF81F,0xF81F,0xF81F,0xF81F,0xF81F,0xF81F,0xF81F,
    0xF81F,0xF81F,0xF81F,0xF81F,0xF81F,0xF81F,0xF81F,0xF81F,0xF81F,0xF81F,0xF81F,0xF81F,
    0xF81F,0xF81F,0xF81F,0xF81F,0xF81F,0xF81F,0xF81F,0xF81F,0xF81F,0xF81F,0xF81F,0xF81F,
    0xF81F,0xF81F,0xF81F,0xF81F,0xF81F,0xF81F,0xF81F,0xF81F,0xF81F,0xF81F,0xF81F,0xF81F,
    0xF81F,0xF81F,0xF81F,0xF81F,0xF81F,0xF81F,0xF81F,0xF81F,0xF81F,0xF81F,0xF81F,0xF81F,
    0xF81F,0xF81F,0xF81F,0xF81F,0xF81F,0xF81F,0xF81F,0xF81F,0xF81F,0xF81F,0xF81F,0xF81F,
    0xF81F,0xF81F,0xF81F,0xF81F,0xF81F,0xF81F,0xF81F,0xF81F,0xF81F,0xF81F,0xF81F,0xF81F,
    0xF81F,0xF81F,0xF81F,0xF81F,0xF81F,0xF81F,0xF81F,0xF81F,0xF81F,0xF81F,0xF81F,0xF81F,
    0xF81F,0xF81F,0xF81F,0xF81F,0xF81F,0xF81F,0xF81F,0xF81F,0xF81F,0xF81F,0xF81F,0xF81F,
    0xF81F,0xF81F,0xF81F,0xF81F,0xF81F,0xF81F,0xF81F,0xF81F,0xF81F,0xF81F,0xF81F,0xF81F,
    0xF81F,0xF81F,0xF81F,0xF81F,0xF81F,0xF81F,0xF81F,0xF81F,0xF81F,0xF81F,0xF81F,0xF81F,
    0xF81F,0xF81F,0xF81F,0xF81F,0xF81F,0xF81F,0xF81F,0xF81F,0xF81F,0xF81F,0xF81F,0xF81F,
    0xF81F,0xF81F,0xF81F,0xF81F,0xF81F,0xF81F,0xF81F,0xF81F,0xF81F,0xF81F,0xF81F,0xF81F,
    0xF81F,0xF81F,0xF81F,0xF81F,0xF81F,0xF81F,0xF81F,0xF81F,0xF81F,0xF81F,0xF81F,0xF81F,
    0xF81F,0xF81F,0xF81F,0xF81F,0xF81F,0xF81F,0xF81F,0xF81F,0xF81F,0xF81F,0xF81F,0xF81F,
    0xF81F,0xF81F,0xF81F,0xF81F,0xF81F,0xF81F,0xF81F,0xF81F,0xF81F,0xF81F,0xF81F,0xF81F,
    0xF81F,0xF81F,0xF81F,0xF81F,0xF81F,0xF81F,0xF81F,0xF81F,0xF81F,0xF81F,0xF81F,0xF81F,
    0xF81F,0xF81F,0xF81F,0xF81F,0xF81F,0xF81F,0xF81F,0xF81F,0xF81F,0xF81F,0xF81F,0xF81F,
    0xF81F,0xF81F,0xF81F,0xF81F,0xF81F,0xF81F,0xF81F,0xF81F,0xF81F,0xF81F,0xF81F,0xF81F,
    0xF81F,0xF81F,0xF81F,0xF81F,0xF81F,0xF81F,0xF81F,0xF81F,0xF81F,0xF81F,0xF81F,0xF81F,
    0xF81F,0xF81F,0xF81F,0xF81F,0xF81F,0xF81F,0xF81F,0xF81F,0xF81F,0xF81F,0xF81F,0xF81F,
    0xF81F,0xF81F,0xF81F,0xF81F,0xF81F,0xF81F,0xF81F,0xF81F,0xF81F,0xF81F,0xF81F,0xF81F,
    0xF81F,0xF81F,0xF81F,0xF81F,0xF81F,0xF81F,0xF81F,0xF81F,0xF81F,0xF81F,0xF81F,0xF81F,
    0xF81F,0xF81F,0xF81F,0xF81F,0xF81F,0xF81F,0xF81F,0xF81F,0xF81F,0xF81F,0xF81F,0xF81F,
    0xF81F,0xF81F,0xF81F,0xF81F,0xF81F,0xF81F,0xF81F,0xF81F,0xF81F,0xF81F,0xF81F,0xF81F,
    0xF81F,0xF81F,0xF81F,0xF81F,0xF81F,0xF81F,0xF81F,0xF81F,0xF81F,0xF81F,0xF81F,0xF81F,
    0xF81F,0xF81F,0xF81F,0xF81F,0xF81F,0xF81F,0xF81F,0xF81F,0xF81F,0xF81F,0xF81F,0xF81F,
    0xF81F,0xF81F,0xF81F,0xF81F,0xF81F,0xF81F,0xF81F,0xF81F,0xF81F,0xF81F,0xF81F,0xF81F,
    0xF81F,0xF81F,0xF81F,0xF81F,0xF81F,0xF81F,0xF81F,0xF81F,0xF81F,0xF81F,0xF81F,0xF81F,
    0xF81F,0xF81F,0xF81F,0xF81F,0xF81F,0xF81F,0xF81F,0xF81F,0xF81F,0xF81F,0xF81F,0xF81F,
    0xF81F,0xF81F,0xF81F,0xF81F,0xF81F,0xF81F,0xF81F,0xF81F,0xF81F,0xF81F,0xF81F,0xF81F,
    0xF81F,0xF81F,0xF81F,0xF81F,0xF81F,0xF81F,0xF81F,0xF81F,0xF81F,0xF81F,0xF81F,0xF81F,
    0xF81F,0xF81F,0xF81F,0xF81F,0xF81F,0xF81F,0xF81F,0xF81F,0xF81F,0xF81F,0xF81F,0xF81F,
    0xF81F,0xF81F,0xF81F,0xF81F,0xF81F,0xF81F,0xF81F,0xF81F,0xF81F,0xF81F,0xF81F,0xF81F,
    0xF81F,0xF81F,0xF81F,0xF81F,0xF81F,0xF81F,0xF81F,0xF81F,0xF81F,0xF81F,0xF81F,0xF81F,
    0xF81F,0xF81F,0xF81F,0xF81F,0xF81F,0xF81F,0xF81F,0xF81F,0xF81F,0xF81F,0xF81F,0xF81F,
    0xF81F,0xF81F,0xF81F,0xF81F,0xF81F,0xF81F,0xF81F,0xF81F,0xF81F,0xF81F,0xF81F,0xF81F,
    0xF81F,0xF81F,0xF81F,0xF81F,0xF81F,0xF81F,0xF81F,0xF81F,0xF81F,0xF81F,0xF81F,0xF81F,
    0xF81F,0xF81F,0xF81F,0xF81F,0xF81F,0xF81F,0xF81F,0xF81F,0xF81F,0xF81F,0xF81F,0xF81F,
    0xF81F,0xF81F,0xF81F,0xF81F,0xF81F,0xF81F,0xF81F,0xF81F,0xF81F,0xF81F,0xF81F,0xF81F,
    0xF81F,0xF81F,0xF81F,0xF81F,0xF81F,0xF81F,0xF81F,0xF81F,0xF81F,0xF81F,0xF81F,0xF81F,
    0xF81F,0xF81F,0xF81F,0xF81F,0xF81F,0xF81F,0xF81F,0xF81F,0xF81F,0xF81F,0xF81F,0xF81F,
    0xF81F,0xF81F,0xF81F,0xF81F,0xF81F,0xF81F,0xF81F,0xF81F,0xF81F,0xF81F,0xF81F,0xF81F,
    0xF81F,0xF81F,0xF81F,0xF81F,0xF81F,0xF81F,0xF81F,0xF81F,0xF81F,0xF81F,0xF81F,0xF81F,
    0xF81F,0xF81F,0xF81F,0xF81F,0xF81F,0xF81F,0xF81F,0xF81F,0xF81F,0xF81F,0xF81F,0xF81F,
    0xF81F,0xF81F,0xF81F,0xF81F,0xF81F,0xF81F,0xF81F,0xF81F,0xF81F,0xF81F,0xF81F,0xF81F,
    0xF81F,0xF81F,0xF81F,0xF81F,0xF81F,0xF81F,0xF81F,0xF81F,0xF81F,0xF81F,0xF81F,0xF81F,
    0xF81F,0xF81F,0xF81F,0xF81F,0xF81F,0xF81F,0xF81F,0xF81F,0xF81F,0xF81F,0xF81F,0xF81F,
    0xF81F,0xF81F,0xF81F,0xF81F,0xF81F,0xF81F,0xF81F,0xF81F,0xF81F,0xF81F,0xF81F,0xF81F,
    0xF81F,0xF81F,0xF81F,0xF81F,0xF81F,0xF81F,0xF81F,0xF81F,0xF81F,0xF81F,0xF81F,0xF81F,
    0xF81F,0xF81F,0xF81F,0xF81F,0xF81F,0xF81F,0xF81F,0xF81F,0xF81F,0xF81F,0xF81F,0xF81F,
    0xF81F,0xF81F,0xF81F,0xF81F,0xF81F,0xF81F,0xF81F,0xF81F,0xF81F,0xF81F,0xF81F,0xF81F,
    0xF81F,0xF81F,0xF81F,0xF81F,0xF81F,0xF81F,0xF81F,0xF81F,0xF81F,0xF81F,0xF81F,0xF81F,
    0xF81F,0xF81F,0xF81F,0xF81F,0xF81F,0xF81F,0xF81F,0xF81F,0xF81F,0xF81F,0xF81F,0xF81F,
    0xF81F,0xF81F,0xF81F,0xF81F,0xF81F,0xF81F,0xF81F,0xF81F,0xF81F,0xF81F,0xF81F,0xF81F,
    0xF81F,0xF81F,0xF81F,0xF81F,0xF81F,0xF81F,0xF81F,0xF81F,0xF81F,0xF81F,0xF81F,0xF81F,
    0xF81F,0xF81F,0xF81F,0xF81F,0xF81F,0xF81F,0xF81F,0xF81F,0xF81F,0xF81F,0xF81F,0xF81F,
    0xF81F,0xF81F,0xF81F,0xF81F,0xF81F,0xF81F,0xF81F,0xF81F,0xF81F,0xF81F,0xF81F,0xF81F,
    0xF81F,0xF81F,0xF81F,0xF81F,0xF81F,0xF81F,0xF81F,0xF81F,0xF81F,0xF81F,0xF81F,0xF81F,
    0xF81F,0xF81F,0xF81F,0xF81F,0xF81F,0xF81F,0xF81F,0xF81F,0xF81F,0xF81F,0xF81F,0xF81F,
    0xF81F,0xF81F,0xF81F,0xF81F,0xF81F,0xF81F,0xF81F,0xF81F,0xF81F,0xF81F,0xF81F,0xF81F,
    0xF81F,0xF81F,0xF81F,0xF81F,0xF81F,0xF81F,0xF81F,0xF81F,0xF81F,0xF81F,0xF81F,0xF81F,
    0xF81F,0xF81F,0xF81F,0xF81F,0xF81F,0xF81F,0xF81F,0xF81F,0xF81F,0xF81F,0xF81F,0xF81F,
    0xF81F,0xF81F,0xF81F,0xF81F,0xF81F,0xF81F,0xF81F,0xF81F,0xF81F,0xF81F,0xF81F,0xF81F,
    0xF81F,0xF81F,0xF81F,0xF81F,0xF81F,0xF81F,0xF81F,0xF81F,0xF81F,0xF81F,0xF81F,0xF81F,
    0xF81F,0xF81F,0xF81F,0xF81F,0xF81F,0xF81F,0xF81F,0xF81F,0xF81F,0xF81F,0xF81F,0xF81F,
    0xF81F,0xF81F,0xF81F,0xF81F,0xF81F,0xF81F,0xF81F,0xF81F,0xF81F,0xF81F,0xF81F,0xF81F,
    0xF81F,0xF81F,0xF81F,0xF81F,0xF81F,0xF81F,0xF81F,0xF81F,0xF81F,0xF81F,0xF81F,0xF81F,
    0xF81F,0xF81F,0xF81F,0xF81F,0xF81F,0xF81F,0xF81F,0xF81F,0xF81F,0xF81F,0xF81F,0xF81F,
    0xF81F,0xF81F,0xF81F,0xF81F,0xF81F,0xF81F,0xF81F,0xF81F,0xF81F,0xF81F,0xF81F,0xF81F,
    0xF81F,0xF81F,0xF81F,0xF81F,0xF81F,0xF81F,0xF81F,0xF81F,0xF81F,0xF81F,0xF81F,0xF81F,
    0xF81F,0xF81F,0xF81F,0xF81F,0xF81F,0xF81F,0xF81F,0xF81F,0xF81F,0xF81F,0xF81F,0xF81F,
    0xF81F,0xF81F,0xF81F,0xF81F,0xF81F,0xF81F,0xF81F,0xF81F,0xF81F,0xF81F,0xF81F,0xF81F,
    0xF81F,0xF81F,0xF81F,0xF81F,0xF81F,0xF81F,0xF81F,0xF81F,0xF81F,0xF81F,0xF81F,0xF81F,
    0xF81F,0xF81F,0xF81F,0xF81F,0xF81F,0xF81F,0xF81F,0xF81F,0xF81F,0xF81F,0xF81F,0xF81F,
    0xF81F,0xF81F,0xF81F,0xF81F,0xF81F,0xF81F,0xF81F,0xF81F,0xF81F,0xF81F,0xF81F,0xF81F,
    0xF81F,0xF81F,0xF81F,0xF81F,0xF81F,0xF81F,0xF81F,0xF81F,0xF81F,0xF81F,0xF81F,0xF81F,
    0xF81F,0xF81F,0xF81F,0xF81F,0xF81F,0xF81F,0xF81F,0xF81F,0xF81F,0xF81F,0xF81F,0xF81F,
    0xF81F,0xF81F,0xF81F,0xF81F,0xF81F,0xF81F,0xF81F,0xF81F,0xF81F,0xF81F,0xF81F,0xF81F,
    0xF81F,0xF81F,0xF81F,0xF81F,0xF81F,0xF81F,0xF81F,0xF81F,0xF81F,0xF81F,0xF81F,0xF81F,
    0xF81F,0xF81F,0xF81F,0xF81F,0xF81F,0xF81F,0xF81F,0xF81F,0xF81F,0xF81F,0xF81F,0xF81F,
    0xF81F,0xF81F,0xF81F,0xF81F,0xF81F,0xF81F,0xF81F,0xF81F,0xF81F,0xF81F,0xF81F,0xF81F,
    0xF81F,0xF81F,0xF81F,0xF81F,0xF81F,0xF81F,0xF81F,0xF81F,0xF81F,0xF81F,0xF81F,0xF81F,
    0xF81F,0xF81F,0xF81F,0xF81F,0xF81F,0xF81F,0xF81F,0xF81F,0xF81F,0xF81F,0xF81F,0xF81F,
    0xF81F,0xF81F,0xF81F,0xF81F,0xF81F,0xF81F,0xF81F,0xF81F,0xF81F,0xF81F,0xF81F,0xF81F,
    0xF81F,0xF81F,0xF81F,0xF81F,0xF81F,0xF81F,0xF81F,0xF81F,0xF81F,0xF81F,0xF81F,0xF81F,
    0xF81F,0xF81F,0xF81F,0xF81F,0xF81F,0xF81F,0xF81F,0xF81F,0xF81F,0xF81F,0xF81F,0xF81F,
    0xF81F,0xF81F,0xF81F,0xF81F,0xF81F,0xF81F,0xF81F,0xF81F,0xF81F,0xF81F,0xF81F,0xF81F,
    0xF81F,0xF81F,0xF81F,0xF81F,0xF81F,0xF81F,0xF81F,0xF81F,0xF81F,0xF81F,0xF81F,0xF81F,
    0xF81F,0xF81F,0xF81F,0xF81F,0xF81F,0xF81F,0xF81F,0xF81F,0xF81F,0xF81F,0xF81F,0xF81F,
    0xF81F,0xF81F,0xF81F,0xF81F,0xF81F,0xF81F,0xF81F,0xF81F,0xF81F,0xF81F,0xF81F,0xF81F,
    0xF81F,0xF81F,0xF81F,0xF81F,0xF81F,0xF81F,0xF81F,0xF81F,0xF81F,0xF81F,0xF81F,0xF81F,
    0xF81F,0xF81F,0xF81F,0xF81F,0xF81F,0xF81F,0xF81F,0xF81F,0xF81F,0xF81F,0xF81F,0xF81F,
    0xF81F,0xF81F,0xF81F,0xF81F,0xF81F,0xF81F,0xF81F,0xF81F,0xF81F,0xF81F,0xF81F,0xF81F,
    0xF81F,0xF81F,0xF81F,0xF81F,0xF81F,0xF81F,0xF81F,0xF81F,0xF81F,0xF81F,0xF81F,0xF81F,
    0xF81F,0xF81F,0xF81F,0xF81F,0xF81F,0xF81F,0xF81F,0xF81F,0xF81F,0xF81F,0xF81F,0xF81F,
    0xF81F,0xF81F,0xF81F,0xF81F,0xF81F,0xF81F,0xF81F,0xF81F,0xF81F,0xF81F,0xF81F,0xF81F,
    0xF81F,0xF81F,0xF81F,0xF81F,0xF81F,0xF81F,0xF81F,0xF81F,0xF81F,0xF81F,0xF81F,0xF81F,
    0xF81F,0xF81F,0xF81F,0xF81F,0xF81F,0xF81F,0xF81F,0xF81F,0xF81F,0xF81F,0xF81F,0xF81F,
    0xF81F,0xF81F,0xF81F,0xF81F,0xF81F,0xF81F,0xF81F,0xF81F,0xF81F,0xF81F,0xF81F,0xF81F,
    0xF81F,0xF81F,0xF81F,0xF81F,0xF81F,0xF81F,0xF81F,0xF81F,0xF81F,0xF81F,0xF81F,0xF81F,
    0xF81F,0xF81F,0xF81F,0xF81F,0xF81F,0xF81F,0xF81F,0xF81F,0xF81F,0xF81F,0xF81F,0xF81F,
    0xF81F,0xF81F,0xF81F,0xF81F,0xF81F,0xF81F,0xF81F,0xF81F,0xF81F,0xF81F,0xF81F,0xF81F,
    0xF81F,0xF81F,0xF81F,0xF81F,0xF81F,0xF81F,0xF81F,0xF81F,0xF81F,0xF81F,0xF81F,0xF81F,
    0xF81F,0xF81F,0xF81F,0xF81F,0xF81F,0xF81F,0xF81F,0xF81F,0xF81F,0xF81F,0xF81F,0xF81F,
    0xF81F,0xF81F,0xF81F,0xF81F,0xF81F,0xF81F,0xF81F,0xF81F,0xF81F,0xF81F,0xF81F,0xF81F,
    0xF81F,0xF81F,0xF81F,0xF81F,0xF81F,0xF81F,0xF81F,0xF81F,0xF81F,0xF81F,0xF81F,0xF81F,
    0xF81F,0xF81F,0xF81F,0xF81F,0xF81F,0xF81F,0xF81F,0xF81F,0xF81F,0xF81F,0xF81F,0xF81F,
    0xF81F,0xF81F,0xF81F,0xF81F,0xF81F,0xF81F,0xF81F,0xF81F,0xF81F,0xF81F,0xF81F,0xF81F,
    0xF81F,0xF81F,0xF81F,0xF81F,0xF81F,0xF81F,0xF81F,0xF81F,0xF81F,0xF81F,0xF81F,0xF81F,
    0xF81F,0xF81F,0xF81F,0xF81F,0xF81F,0xF81F,0xF81F,0xF81F,0xF81F,0xF81F,0xF81F,0xF81F,
    0xF81F,0xF81F,0xF81F,0xF81F,0xF81F,0xF81F,0xF81F,0xF81F,0xF81F,0xF81F,0xF81F,0xF81F,
    0xF81F,0xF81F,0xF81F,0xF81F,0xF81F,0xF81F,0xF81F,0xF81F,0xF81F,0xF81F,0xF81F,0xF81F,
    0xF81F,0xF81F,0xF81F,0xF81F,0xF81F,0xF81F,0xF81F,0xF81F,0xF81F,0xF81F,0xF81F,0xF81F,
    0xF81F,0xF81F,0xF81F,0xF81F,0xF81F,0xF81F,0xF81F,0xF81F,0xF81F,0xF81F,0xF81F,0xF81F,
    0xF81F,0xF81F,0xF81F,0xF81F,0xF81F,0xF81F,0xF81F,0xF81F,0xF81F,0xF81F,0xF81F,0xF81F,
    0xF81F,0xF81F,0xF81F,0xF81F,0xF81F,0xF81F,0xF81F,0xF81F,0xF81F,0xF81F,0xF81F,0xF81F,
    0xF81F,0xF81F,0xF81F,0xF81F,0xF81F,0xF81F,0xF81F,0xF81F,0xF81F,0xF81F,0xF81F,0xF81F,
    0xF81F,0xF81F,0xF81F,0xF81F,0xF81F,0xF81F,0xF81F,0xF81F,0xF81F,0xF81F,0xF81F,0xF81F,
    0xF81F,0xF81F,0xF81F,0xF81F,0xF81F,0xF81F,0xF81F,0xF81F,0xF81F,0xF81F,0xF81F,0xF81F,
    0xF81F,0xF81F,0xF81F,0xF81F,0xF81F,0xF81F,0xF81F,0xF81F,0xF81F,0xF81F,0xF81F,0xF81F,
    0xF81F,0xF81F,0xF81F,0xF81F,0xF81F,0xF81F,0xF81F,0xF81F,0xF81F,0xF81F,0xF81F,0xF81F,
    0xF81F,0xF81F,0xF81F,0xF81F,0xF81F,0xF81F,0xF81F,0xF81F,0xF81F,0xF81F,0xF81F,0xF81F,
    0xF81F,0xF81F,0xF81F,0xF81F,0xF81F,0xF81F,0xF81F,0xF81F,0xF81F,0xF81F,0xF81F,0xF81F,
    0xF81F,0xF81F,0xF81F,0xF81F,0xF81F,0xF81F,0xF81F,0xF81F,0xF81F,0xF81F,0xF81F,0xF81F,
    0xF81F,0xF81F,0xF81F,0xF81F,0xF81F,0xF81F,0xF81F,0xF81F,0xF81F,0xF81F,0xF81F,0xF81F,
    0xF81F,0xF81F,0xF81F,0xF81F,0xF81F,0xF81F,0xF81F,0xF81F,0xF81F,0xF81F,0xF81F,0xF81F,
    0xF81F,0xF81F,0xF81F,0xF81F,0xF81F,0xF81F,0xF81F,0xF81F,0xF81F,0xF81F,0xF81F,0xF81F,
    0xF81F,0xF81F,0xF81F,0xF81F,0xF81F,0xF81F,0xF81F,0xF81F,0xF81F,0xF81F,0xF81F,0xF81F,
    0xF81F,0xF81F,0xF81F,0xF81F,0xF81F,0xF81F,0xF81F,0xF81F,0xF81F,0xF81F,0xF81F,0xF81F,
    0xF81F,0xF81F,0xF81F,0xF81F,0xF81F,0xF81F,0xF81F,0xF81F,0xF81F,0xF81F,0xF81F,0xF81F,
    0xF81F,0xF81F,0xF81F,0xF81F,0xF81F,0xF81F,0xF81F,0xF81F,0xF81F,0xF81F,0xF81F,0xF81F,
    0xF81F,0xF81F,0xF81F,0xF81F,0xF81F,0xF81F,0xF81F,0xF81F,0xF81F,0xF81F,0xF81F,0xF81F,
    0xF81F,0xF81F,0xF81F,0xF81F,0xF81F,0xF81F,0xF81F,0xF81F,0xF81F,0xF81F,0xF81F,0xF81F,
    0xF81F,0xF81F,0xF81F,0xF81F,0xF81F,0xF81F,0xF81F,0xF81F,0xF81F,0xF81F,0xF81F,0xF81F,
    0xF81F,0xF81F,0xF81F,0xF81F,0xF81F,0xF81F,0xF81F,0xF81F,0xF81F,0xF81F,0xF81F,0xF81F,
    0xF81F,0xF81F,0xF81F,0xF81F,0xF81F,0xF81F,0xF81F,0xF81F,0xF81F,0xF81F,0xF81F,0xF81F,
    0xF81F,0xF81F,0xF81F,0xF81F,0xF81F,0xF81F,0xF81F,0xF81F,0xF81F,0xF81F,0xF81F,0xF81F,
    0xF81F,0xF81F,0xF81F,0xF81F,0xF81F,0xF81F,0xF81F,0xF81F,0xF81F,0xF81F,0xF81F,0xF81F,
    0xF81F,0xF81F,0xF81F,0xF81F,0xF81F,0xF81F,0xF81F,0xF81F,0xF81F,0xF81F,0xF81F,0xF81F,
    0xF81F,0xF81F,0xF81F,0xF81F,0xF81F,0xF81F,0xF81F,0xF81F,0xF81F,0xF81F,0xF81F,0xF81F,
    0xF81F,0xF81F,0xF81F,0xF81F,0xF81F,0xF81F,0xF81F,0xF81F,0xF81F,0xF81F,0xF81F,0xF81F,
    0xF81F,0xF81F,0xF81F,0xF81F,0xF81F,0xF81F,0xF81F,0xF81F,0xF81F,0xF81F,0xF81F,0xF81F,
    0xF81F,0xF81F,0xF81F,0xF81F,0xF81F,0xF81F,0xF81F,0xF81F,0xF81F,0xF81F,0xF81F,0xF81F,
    0xF81F,0xF81F,0xF81F,0xF81F,0xF81F,0xF81F,0xF81F,0xF81F,0xF81F,0xF81F,0xF81F,0xF81F,
    0xF81F,0xF81F,0xF81F,0xF81F,0xF81F,0xF81F,0xF81F,0xF81F,0xF81F,0xF81F,0xF81F,0xF81F,
    0xF81F,0xF81F,0xF81F,0xF81F,0xF81F,0xF81F,0xF81F,0xF81F,0xF81F,0xF81F,0xF81F,0xF81F,
    0xF81F,0xF81F,0xF81F,0xF81F,0xF81F,0xF81F,0xF81F,0xF81F,0xF81F,0xF81F,0xF81F,0xF81F,
    0xF81F,0xF81F,0xF81F,0xF81F,0xF81F,0xF81F,0xF81F,0xF81F,0xF81F,0xF81F,0xF81F,0xF81F,
    0xF81F,0xF81F,0xF81F,0xF81F,0xF81F,0xF81F,0xF81F,0xF81F,0xF81F,0xF81F,0xF81F,0xF81F,
    0xF81F,0xF81F,0xF81F,0xF81F,0xF81F,0xF81F,0xF81F,0xF81F,0xF81F,0xF81F,0xF81F,0xF81F,
    0xF81F,0xF81F,0xF81F,0xF81F,0xF81F,0xF81F,0xF81F,0xF81F,0xF81F,0xF81F,0xF81F,0xF81F,
    0xF81F,0xF81F,0xF81F,0xF81F,0xF81F,0xF81F,0xF81F,0xF81F,0xF81F,0xF81F,0xF81F,0xF81F,
    0xF81F,0xF81F,0xF81F,0xF81F,0xF81F,0xF81F,0xF81F,0xF81F,0xF81F,0xF81F,0xF81F,0xF81F,
    0xF81F,0xF81F,0xF81F,0xF81F,0xF81F,0xF81F,0xF81F,0xF81F,0xF81F,0xF81F,0xF81F,0xF81F,
    0xF81F,0xF81F,0xF81F,0xF81F,0xF81F,0xF81F,0xF81F,0xF81F,0xF81F,0xF81F,0xF81F,0xF81F,
    0xF81F,0xF81F,0xF81F,0xF81F,0xF81F,0xF81F,0xF81F,0xF81F,0xF81F,0xF81F,0xF81F,0xF81F,
    0xF81F,0xF81F,0xF81F,0xF81F,0xF81F,0xF81F,0xF81F,0xF81F,0xF81F,0xF81F,0xF81F,0xF81F,
    0xF81F,0xF81F,0xF81F,0xF81F,0xF81F,0xF81F,0xF81F,0xF81F,0xF81F,0xF81F,0xF81F,0xF81F,
    0xF81F,0xF81F,0xF81F,0xF81F,0xF81F,0xF81F,0xF81F,0xF81F,0xF81F,0xF81F,0xF81F,0xF81F,
    0xF81F,0xF81F,0xF81F,0xF81F,0xF81F,0xF81F,0xF81F,0xF81F,0xF81F,0xF81F,0xF81F,0xF81F,
    0xF81F,0xF81F,0xF81F,0xF81F,0xF81F,0xF81F,0xF81F,0xF81F,0xF81F,0xF81F,0xF81F,0xF81F,
    0xF81F,0xF81F,0xF81F,0xF81F,0xF81F,0xF81F,0xF81F,0xF81F,0xF81F,0xF81F,0xF81F,0xF81F,
    0xF81F,0xF81F,0xF81F,0xF81F,0xF81F,0xF81F,0xF81F,0xF81F,0xF81F,0xF81F,0xF81F,0xF81F,
    0xF81F,0xF81F,0xF81F,0xF81F,0xF81F,0xF81F,0xF81F,0xF81F,0xF81F,0xF81F,0xF81F,0xF81F,
    0xF81F,0xF81F,0xF81F,0xF81F,0xF81F,0xF81F,0xF81F,0xF81F,0xF81F,0xF81F,0xF81F,0xF81F,
    0xF81F,0xF81F,0xF81F,0xF81F,0xF81F,0xF81F,0xF81F,0xF81F,0xF81F,0xF81F,0xF81F,0xF81F,
    0xF81F,0xF81F,0xF81F,0xF81F,0xF81F,0xF81F,0xF81F,0xF81F,0xF81F,0xF81F,0xF81F,0xF81F,
    0xF81F,0xF81F,0xF81F,0xF81F,0xF81F,0xF81F,0xF81F,0xF81F,0xF81F,0xF81F,0xF81F,0xF81F,
    0xF81F,0xF81F,0xF81F,0xF81F,0xF81F,0xF81F,0xF81F,0xF81F,0xF81F,0xF81F,0xF81F,0xF81F,
    0xF81F,0xF81F,0xF81F,0xF81F,0xF81F,0xF81F,0xF81F,0xF81F,0xF81F,0xF81F,0xF81F,0xF81F,
    0xF81F,0xF81F,0xF81F,0xF81F,0xF81F,0xF81F,0xF81F,0xF81F,0xF81F,0xF81F,0xF81F,0xF81F,
    0xF81F,0xF81F,0xF81F,0xF81F,0xF81F,0xF81F,0xF81F,0xF81F,0xF81F,0xF81F,0xF81F,0xF81F,
    0xF81F,0xF81F,0xF81F,0xF81F,0xF81F,0xF81F,0xF81F,0xF81F,0xF81F,0xF81F,0xF81F,0xF81F,
    0xF81F,0xF81F,0xF81F,0xF81F,0xF81F,0xF81F,0xF81F,0xF81F,0xF81F,0xF81F,0xF81F,0xF81F,
    0xF81F,0xF81F,0xF81F,0xF81F,0xF81F,0xF81F,0xF81F,0xF81F,0xF81F,0xF81F,0xF81F,0xF81F,
    0xF81F,0xF81F,0xF81F,0xF81F,0xF81F,0xF81F,0xF81F,0xF81F,0xF81F,0xF81F,0xF81F,0xF81F,
    0xF81F,0xF81F,0xF81F,0xF81F,0xF81F,0xF81F,0xF81F,0xF81F,0xF81F,0xF81F,0xF81F,0xF81F,
    0xF81F,0xF81F,0xF81F,0xF81F,0xF81F,0xF81F,0xF81F,0xF81F,0xF81F,0xF81F,0xF81F,0xF81F,
    0xF81F,0xF81F,0xF81F,0xF81F,0xF81F,0xF81F,0xF81F,0xF81F,0xF81F,0xF81F,0xF81F,0xF81F,
    0xF81F,0xF81F,0xF81F,0xF81F,0xF81F,0xF81F,0xF81F,0xF81F,0xF81F,0xF81F,0xF81F,0xF81F,
    0xF81F,0xF81F,0xF81F,0xF81F,0xF81F,0xF81F,0xF81F,0xF81F,0xF81F,0xF81F,0xF81F,0xF81F,
    0xF81F,0xF81F,0xF81F,0xF81F,0xF81F,0xF81F,0xF81F,0xF81F,0xF81F,0xF81F,0xF81F,0xF81F,
    0xF81F,0xF81F,0xF81F,0xF81F,0xF81F,0xF81F,0xF81F,0xF81F,0xF81F,0xF81F,0xF81F,0xF81F,
    0xF81F,0xF81F,0xF81F,0xF81F,0xF81F,0xF81F,0xF81F,0xF81F,0xF81F,0xF81F,0xF81F,0xF81F,
    0xF81F,0xF81F,0xF81F,0xF81F,0xF81F,0xF81F,0xF81F,0xF81F,0xF81F,0xF81F,0xF81F,0xF81F,
    0xF81F,0xF81F,0xF81F,0xF81F,0xF81F,0xF81F,0xF81F,0xF81F,0xF81F,0xF81F,0xF81F,0xF81F,
    0xF81F,0xF81F,0xF81F,0xF81F,0xF81F,0xF81F,0xF81F,0xF81F,0xF81F,0xF81F,0xF81F,0xF81F,
    0xF81F,0xF81F,0xF81F,0xF81F,0xF81F,0xF81F,0xF81F,0xF81F,0xF81F,0xF81F,0xF81F,0xF81F,
    0xF81F,0xF81F,0xF81F,0xF81F,0xF81F,0xF81F,0xF81F,0xF81F,0xF81F,0xF81F,0xF81F,0xF81F,
    0xF81F,0xF81F,0xF81F,0xF81F,0xF81F,0xF81F,0xF81F,0xF81F,0xF81F,0xF81F,0xF81F,0xF81F,
    0xF81F,0xF81F,0xF81F,0xF81F,0xF81F,0xF81F,0xF81F,0xF81F,0xF81F,0xF81F,0xF81F,0xF81F,
    0xF81F,0xF81F,0xF81F,0xF81F,0xF81F,0xF81F,0xF81F,0xF81F,0xF81F,0xF81F,0xF81F,0xF81F,
    0xF81F,0xF81F,0xF81F,0xF81F,0xF81F,0xF81F,0xF81F,0xF81F,0xF81F,0xF81F,0xF81F,0xF81F,
    0xF81F,0xF81F,0xF81F,0xF81F,0xF81F,0xF81F,0xF81F,0xF81F,0xF81F,0xF81F,0xF81F,0xF81F,
    0xF81F,0xF81F,0xF81F,0xF81F,0xF81F,0xF81F,0xF81F,0xF81F,0xF81F,0xF81F,0xF81F,0xF81F,
    0xF81F,0xF81F,0xF81F,0xF81F,0xF81F,0xF81F,0xF81F,0xF81F,0xF81F,0xF81F,0xF81F,0xF81F,
    0xF81F,0xF81F,0xF81F,0xF81F,0xF81F,0xF81F,0xF81F,0xF81F,0xF81F,0xF81F,0xF81F,0xF81F,
    0xF81F,0xF81F,0xF81F,0xF81F,0xF81F,0xF81F,0xF81F,0xF81F,0xF81F,0xF81F,0xF81F,0xF81F,
    0xF81F,0xF81F,0xF81F,0xF81F,0xF81F,0xF81F,0xF81F,0xF81F,0xED47,0xF547,0xF81F,0xF81F,
    0xF81F,0xF81F,0xF81F,0xF81F,0xF81F,0xF81F,0xF81F,0xF81F,0xF81F,0xF81F,0xF81F,0xF81F,
    0xF81F,0xF81F,0xF81F,0xF81F,0xF81F,0xF81F,0xF81F,0xF81F,0xF81F,0xF81F,0xF81F,0xF81F,
    0xF81F,0xF81F,0xF81F,0xF81F,0xF81F,0xF81F,0xF81F,0xF81F,0xF81F,0xF81F,0xF81F,0xF81F,
    0xF81F,0xF81F,0xF81F,0xF81F,0xF81F,0xF81F,0xF81F,0xF81F,0xF81F,0xF81F,0xF81F,0xF81F,
    0xF81F,0xF81F,0xF81F,0xF81F,0xF81F,0xF81F,0xF81F,0xF81F,0xF81F,0xF81F,0xF81F,0xF81F,
    0xF81F,0xF81F,0xF81F,0xF81F,0xF81F,0xF81F,0xF81F,0xF81F,0xF81F,0xF81F,0xF81F,0xF81F,
    0xF81F,0xF81F,0xF81F,0xF81F,0xF81F,0xF81F,0xF81F,0xF81F,0xF81F,0xF81F,0xF81F,0xF81F,
    0xF81F,0xF81F,0xF81F,0xF81F,0xF81F,0xF81F,0xF81F,0xF81F,0xF81F,0xF81F,0xF81F,0xF81F,
    0xF81F,0xF81F,0xF81F,0xF81F,0xF81F,0xF81F,0xF81F,0xF81F,0xF81F,0xF81F,0xF81F,0xF81F,
    0xF81F,0xF81F,0xF81F,0xF81F,0xF81F,0xF81F,0xF81F,0xF81F,0xF81F,0xF81F,0xF81F,0xF81F,
    0xF81F,0xF81F,0xF81F,0xF81F,0xF81F,0xF81F,0xF81F,0xF81F,0xF81F,0xF81F,0xF81F,0xF81F,
    0xF81F,0xF81F,0xF81F,0xF81F,0xF81F,0xF81F,0xF81F,0xF81F,0xF81F,0xF81F,0xF81F,0xF81F,
    0xF81F,0xF81F,0xF547,0xF547,0xF81F,0xF81F,0xF81F,0xF81F,0xF81F,0xF81F,0xF81F,0xF81F,
    0xF81F,0xF81F,0xF81F,0xF81F,0xF81F,0xF81F,0xF81F,0xF81F,0xF81F,0xF81F,0xF81F,0xF81F,
    0xF81F,0xF81F,0xF81F,0xF81F,0xF81F,0xF81F,0xF81F,0xF81F,0xF81F,0xF81F,0xF81F,0xF81F,
    0xF81F,0xF81F,0xF81F,0xF81F,0xF81F,0xF81F,0xF81F,0xF81F,0xF81F,0xF81F,0xF81F,0xF81F,
    0xF81F,0xF81F,0xF81F,0xF81F,0xF81F,0xF81F,0xF81F,0xF81F,0xF81F,0xF81F,0xF81F,0xF81F,
    0xF81F,0xF81F,0xF81F,0xF81F,0xF81F,0xF81F,0xF81F,0xF81F,0xF81F,0xF81F,0xF81F,0xF81F,
    0xF81F,0xF81F,0xF81F,0xF81F,0xF81F,0xF81F,0xF81F,0xF81F,0xF81F,0xF81F,0xF81F,0xF81F,
    0xF81F,0xF81F,0xF81F,0xF81F,0xF81F,0xF81F,0xF81F,0xF81F,0xF81F,0xF81F,0xF81F,0xF81F,
    0xF81F,0xF81F,0xF81F,0xF81F,0xF81F,0xF81F,0xF81F,0xF81F,0xF81F,0xF81F,0xF81F,0xF81F,
    0xF81F,0xF81F,0xF81F,0xF81F,0xF81F,0xF81F,0xF81F,0xF81F,0xF81F,0xF81F,0xF81F,0xF81F,
    0xF81F,0xF81F,0xF81F,0xF81F,0xF81F,0xF81F,0xF81F,0xF81F,0xF81F,0xF81F,0xF81F,0xF81F,
    0xF81F,0xF81F,0xF81F,0xF81F,0xF81F,0xF81F,0xF81F,0xF81F,0xF81F,0xF81F,0xF81F,0xF81F,
    0xF81F,0xF81F,0xF81F,0xF81F,0xF81F,0xF81F,0xF81F,0xED47,0xF547,0xF547,0xED47,0xF81F,
    0xF81F,0xF81F,0xF81F,0xF81F,0xF81F,0xF81F,0xF81F,0xF81F,0xF81F,0xF81F,0xF81F,0xF81F,
    0xF81F,0xF81F,0xF81F,0xF81F,0xF81F,0xF81F,0xF81F,0xF81F,0xF81F,0xF81F,0xF81F,0xF81F,
    0xF81F,0xF81F,0xF81F,0xF81F,0xF81F,0xF81F,0xF81F,0xF81F,0xF81F,0xF81F,0xF81F,0xF81F,
    0xF81F,0xF81F,0xF81F,0xF81F,0xF81F,0xF81F,0xF81F,0xF81F,0xF81F,0xF81F,0xF81F,0xF81F,
    0xF81F,0xF81F,0xF81F,0xF81F,0xF81F,0xF81F,0xF81F,0xF81F,0xF81F,0xF81F,0xF81F,0xF81F,
    0xF81F,0xF81F,0xF81F,0xF81F,0xF81F,0xF81F,0xF81F,0xF81F,0xF81F,0xF81F,0xF81F,0xF81F,
    0xF81F,0xF81F,0xF81F,0xF81F,0xF81F,0xF81F,0xF81F,0xF81F,0xF81F,0xF81F,0xF81F,0xF81F,
    0xF81F,0xF81F,0xF81F,0xF81F,0xF81F,0xF81F,0xF81F,0xF81F,0xF81F,0xF81F,0xF81F,0xF81F,
    0xF81F,0xF81F,0xF81F,0xF81F,0xF81F,0xF81F,0xF81F,0xF81F,0xF81F,0xF81F,0xF81F,0xF81F,
    0xF81F,0xF81F,0xF81F,0xF81F,0xF81F,0xF81F,0xF81F,0xF81F,0xF81F,0xF81F,0xF81F,0xF81F,
    0xF81F,0xF81F,0xF81F,0xF81F,0xF81F,0xF81F,0xF81F,0xF81F,0xF81F,0xF81F,0xF81F,0xF81F,
    0xF81F,0xF81F,0xF81F,0xF81F,0xF81F,0xF81F,0xF81F,0xF81F,0xF81F,0xF81F,0xF81F,0xF81F,
    0xF81F,0xED47,0xF547,0xF547,0xED47,0xF81F,0xF81F,0xF81F,0xF81F,0xF81F,0xF81F,0xF81F,
    0xF81F,0xF81F,0xF81F,0xF81F,0xF81F,0xF81F,0xF81F,0xF81F,0xF81F,0xF81F,0xF81F,0xF81F,
    0xF81F,0xF81F,0xF81F,0xF81F,0xF81F,0xF81F,0xF81F,0xF81F,0xF81F,0xF81F,0xF81F,0xF81F,
    0xF81F,0xF81F,0xF81F,0xF81F,0xF81F,0xF81F,0xF81F,0xF81F,0xF81F,0xF81F,0xF81F,0xF81F,
    0xF81F,0xF81F,0xF81F,0xF81F,0xF81F,0xF81F,0xF81F,0xF81F,0xF81F,0xF81F,0xF81F,0xF81F,
    0xF81F,0xF81F,0xF81F,0xF81F,0xF81F,0xF81F,0xF81F,0xF81F,0xF81F,0xF81F,0xF81F,0xF81F,
    0xF81F,0xF81F,0xF81F,0xF81F,0xF81F,0xF81F,0xF81F,0xF81F,0xF81F,0xF81F,0xF81F,0xF81F,
    0xF81F,0xF81F,0xF81F,0xF81F,0xF81F,0xF81F,0xF81F,0xF81F,0xF81F,0xF81F,0xF81F,0xF81F,
    0xF81F,0xF81F,0xF81F,0xF81F,0xF81F,0xF81F,0xF81F,0xF81F,0xF81F,0xF81F,0xF81F,0xF81F,
    0xF81F,0xF81F,0xF81F,0xF81F,0xF81F,0xF81F,0xF81F,0xF81F,0xF81F,0xF81F,0xF81F,0xF81F,
    0xF81F,0xF81F,0xF81F,0xF81F,0xF81F,0xF81F,0xF81F,0xF81F,0xF81F,0xF81F,0xF81F,0xF81F,
    0xF81F,0xF81F,0xF81F,0xF81F,0xF81F,0xF81F,0xF81F,0xF81F,0xF81F,0xF81F,0xF81F,0xF81F,
    0xF81F,0xF81F,0xF81F,0xF81F,0xF81F,0xF81F,0xF81F,0xF547,0xF5A7,0xF5A7,0xF547,0xF81F,
    0xF81F,0xF81F,0xF81F,0xF81F,0xF81F,0xF81F,0xF81F,0xF81F,0xF81F,0xF81F,0xF81F,0xF81F,
    0xF81F,0xF81F,0xF81F,0xF81F,0xF81F,0xF81F,0xF81F,0xF81F,0xF81F,0xF81F,0xF81F,0xF81F,
    0xF81F,0xF81F,0xF81F,0xF81F,0xF81F,0xF81F,0xF81F,0xF81F,0xF81F,0xF81F,0xF81F,0xF81F,
    0xF81F,0xF81F,0xF81F,0xF81F,0xF81F,0xF81F,0xF81F,0xF81F,0xF81F,0xF81F,0xF81F,0xF81F,
    0xF81F,0xF81F,0xF81F,0xF81F,0xF81F,0xF81F,0xF81F,0xF81F,0xF81F,0xF81F,0xF81F,0xF81F,
    0xF81F,0xF81F,0xF81F,0xF81F,0xF81F,0xF81F,0xF81F,0xF81F,0xF81F,0xF81F,0xF81F,0xF81F,
    0xF81F,0xF81F,0xF81F,0xF81F,0xF81F,0xF81F,0xF81F,0xF81F,0xF81F,0xF81F,0xF81F,0xF81F,
    0xF81F,0xF81F,0xF81F,0xF81F,0xF81F,0xF81F,0xF81F,0xF81F,0xF81F,0xF81F,0xF81F,0xF81F,
    0xF81F,0xF81F,0xF81F,0xF81F,0xF81F,0xF81F,0xF81F,0xF81F,0xF81F,0xF81F,0xF81F,0xF81F,
    0xF81F,0xF81F,0xF81F,0xF81F,0xF81F,0xF81F,0xF81F,0xF81F,0xF81F,0xF81F,0xF81F,0xF81F,
    0xF81F,0xF81F,0xF81F,0xF81F,0xF81F,0xF81F,0xF81F,0xF81F,0xF81F,0xF81F,0xF81F,0xF81F,
    0xF81F,0xF81F,0xF81F,0xF81F,0xF81F,0xF81F,0xF81F,0xF81F,0xF81F,0xF81F,0xF81F,0xF81F,
    0xF547,0xF547,0xFE28,0xFE28,0xF547,0xF547,0xF81F,0xF81F,0xF81F,0xF81F,0xF81F,0xF81F,
    0xF81F,0xF81F,0xF81F,0xF81F,0xF81F,0xF81F,0xF81F,0xF81F,0xF81F,0xF81F,0xF81F,0xF81F,
    0xF81F,0xF81F,0xF81F,0xF81F,0xF81F,0xF81F,0xF81F,0xF81F,0xF81F,0xF81F,0xF81F,0xF81F,
    0xF81F,0xF81F,0xF81F,0xF81F,0xF81F,0xF81F,0xF81F,0xF81F,0xF81F,0xF81F,0xF81F,0xF81F,
    0xF81F,0xF81F,0xF81F,0xF81F,0xF81F,0xF81F,0xF81F,0xF81F,0xF81F,0xF81F,0xF81F,0xF81F,
    0xF81F,0xF81F,0xF81F,0xF81F,0xF81F,0xF81F,0xF81F,0xF81F,0xF81F,0xF81F,0xF81F,0xF81F,
    0xF81F,0xF81F,0xF81F,0xF81F,0xF81F,0xF81F,0xF81F,0xF81F,0xF81F,0xF81F,0xF81F,0xF81F,
    0xF81F,0xF81F,0xF81F,0xF81F,0xF81F,0xF81F,0xF81F,0xF81F,0xF81F,0xF81F,0xF81F,0xF81F,
    0xF81F,0xF81F,0xF81F,0xF81F,0xF81F,0xF81F,0xF81F,0xF81F,0xF81F,0xF81F,0xF81F,0xF81F,
    0xF81F,0xF81F,0xF81F,0xF81F,0xF81F,0xF81F,0xF81F,0xF81F,0xF81F,0xF81F,0xF81F,0xF81F,
    0xF81F,0xF81F,0xF81F,0xF81F,0xF81F,0xF81F,0xF81F,0xF81F,0xF81F,0xF81F,0xF81F,0xF81F,
    0xF81F,0xF81F,0xF81F,0xF81F,0xF81F,0xF81F,0xF81F,0xF81F,0xF81F,0xF81F,0xF81F,0xF81F,
    0xF81F,0xF81F,0xF81F,0xF81F,0xF81F,0xF81F,0xF547,0xF547,0xFE89,0xFE89,0xF567,0xF547,
    0xF81F,0xF81F,0xF81F,0xF81F,0xF81F,0xF81F,0xF81F,0xF81F,0xF81F,0xF81F,0xF81F,0xF81F,
    0xF81F,0xF81F,0xF81F,0xF81F,0xF81F,0xF81F,0xF81F,0xF81F,0xF81F,0xF81F,0xF81F,0xF81F,
    0xF81F,0xF81F,0xF81F,0xF81F,0xF81F,0xF81F,0xF81F,0xF81F,0xF81F,0xF81F,0xF81F,0xF81F,
    0xF81F,0xF81F,0xF81F,0xF81F,0xF81F,0xF81F,0xF81F,0xF81F,0xF81F,0xF81F,0xF81F,0xF81F,
    0xF81F,0xF81F,0xF81F,0xF81F,0xF81F,0xF81F,0xF81F,0xF81F,0xF81F,0xF81F,0xF81F,0xF81F,
    0xF81F,0xF81F,0xF81F,0xF81F,0xF81F,0xF81F,0xF81F,0xF81F,0xF81F,0xF81F,0xF81F,0xF81F,
    0xF81F,0xF81F,0xF81F,0xF81F,0xF81F,0xF81F,0xF81F,0xF81F,0xF81F,0xF81F,0xF81F,0xF81F,
    0xF81F,0xF81F,0xF81F,0xF81F,0xF81F,0xF81F,0xF81F,0xF81F,0xF81F,0xF81F,0xF81F,0xF81F,
    0xF81F,0xF81F,0xF81F,0xF81F,0xF81F,0xF81F,0xF81F,0xF81F,0xF81F,0xF81F,0xF81F,0xF81F,
    0xF81F,0xF81F,0xF81F,0xF81F,0xF81F,0xF81F,0xF81F,0xF81F,0xF81F,0xF81F,0xF81F,0xF81F,
    0xF81F,0xF81F,0xF81F,0xF81F,0xF81F,0xF81F,0xF81F,0xF81F,0xF81F,0xF81F,0xF81F,0xF81F,
    0xF81F,0xF81F,0xF81F,0xF81F,0xF81F,0xF81F,0xF81F,0xF81F,0xF81F,0xF81F,0xF81F,0xED47,
    0xF547,0xF5C8,0xFE89,0xFE89,0xF5C8,0xF547,0xED47,0xF81F,0xF81F,0xF81F,0xF81F,0xF81F,
    0xF81F,0xF81F,0xF81F,0xF81F,0xF81F,0xF81F,0xF81F,0xF81F,0xF81F,0xF81F,0xF81F,0xF81F,
    0xF81F,0xF81F,0xF81F,0xF81F,0xF81F,0xF81F,0xF81F,0xF81F,0xF81F,0xF81F,0xF81F,0xF81F,
    0xF81F,0xF81F,0xF81F,0xF81F,0xF81F,0xF81F,0xF81F,0xF81F,0xF81F,0xF81F,0xF81F,0xF81F,
    0xF81F,0xF81F,0xF81F,0xF81F,0xF81F,0xF81F,0xF81F,0xF81F,0xF81F,0xF81F,0xF81F,0xF81F,
    0xF81F,0xF81F,0xF81F,0xF81F,0xF81F,0xF81F,0xF81F,0xF81F,0xF81F,0xF81F,0xF81F,0xF81F,
    0xF81F,0xF81F,0xF81F,0xF81F,0xF81F,0xF81F,0xF81F,0xF81F,0xF81F,0xF81F,0xF81F,0xF81F,
    0xF81F,0xF81F,0xF81F,0xF81F,0xF81F,0xF81F,0xF81F,0xF81F,0xF81F,0xF81F,0xF81F,0xF81F,
    0xF81F,0xF81F,0xF81F,0xF81F,0xF81F,0xF81F,0xF81F,0xF81F,0xF81F,0xF81F,0xF81F,0xF81F,
    0xF81F,0xF81F,0xF81F,0xF81F,0xF81F,0xF81F,0xF81F,0xF81F,0xF81F,0xF81F,0xF81F,0xF81F,
    0xF81F,0xF81F,0xF81F,0xF81F,0xF81F,0xF81F,0xF81F,0xF81F,0xF81F,0xF81F,0xF81F,0xF81F,
    0xF81F,0xF81F,0xF81F,0xF81F,0xF81F,0xF81F,0xF81F,0xF81F,0xF81F,0xF81F,0xF81F,0xF81F,
    0xF81F,0xF81F,0xF81F,0xF81F,0xF81F,0xF547,0xF547,0xFE48,0xFE89,0xFE89,0xFE48,0xF547,
    0xF547,0xF81F,0xF81F,0xF81F,0xF81F,0xF81F,0xF81F,0xF81F,0xF81F,0xF81F,0xF81F,0xF81F,
    0xF81F,0xF81F,0xF81F,0xF81F,0xF81F,0xF81F,0xF81F,0xF81F,0xF81F,0xF81F,0xF81F,0xF81F,
    0xF81F,0xF81F,0xF81F,0xF81F,0xF81F,0xF81F,0xF81F,0xF81F,0xF81F,0xF81F,0xF81F,0xF81F,
    0xF81F,0xF81F,0xF81F,0xF81F,0xF81F,0xF81F,0xF81F,0xF81F,0xF81F,0xF81F,0xF81F,0xF81F,
    0xF81F,0xF81F,0xF81F,0xF81F,0xF81F,0xF81F,0xF81F,0xF81F,0xF81F,0xF81F,0xF81F,0xF81F,
    0xF81F,0xF81F,0xF81F,0xF81F,0xF81F,0xF81F,0xF81F,0xF81F,0xF81F,0xF81F,0xF81F,0xF81F,
    0xF81F,0xF81F,0xF81F,0xF81F,0xF81F,0xF81F,0xF81F,0xF81F,0xF81F,0xF81F,0xF81F,0xF81F,
    0xF81F,0xF81F,0xF81F,0xF81F,0xF81F,0xF81F,0xF81F,0xF81F,0xF81F,0xF81F,0xF81F,0xF81F,
    0xF81F,0xF81F,0xF81F,0xF81F,0xF81F,0xF81F,0xF81F,0xF81F,0xF81F,0xF81F,0xF81F,0xF81F,
    0xF81F,0xF81F,0xF81F,0xF81F,0xF81F,0xF81F,0xF81F,0xF81F,0xF81F,0xF81F,0xF81F,0xF81F,
    0xF81F,0xF81F,0xF81F,0xF81F,0xF81F,0xF81F,0xF81F,0xF81F,0xF81F,0xF81F,0xF81F,0xF81F,
    0xF81F,0xF81F,0xF81F,0xF81F,0xF81F,0xF547,0xED47,0xED47,0xF547,0xF547,0xED47,0xF547,
    0xF587,0xFE89,0xFE89,0xFE89,0xFE89,0xF587,0xF547,0xED47,0xF547,0xF547,0xED47,0xED47,
    0xF547,0xF81F,0xF81F,0xF81F,0xF81F,0xF81F,0xF81F,0xF81F,0xF81F,0xF81F,0xF81F,0xF81F,
    0xF81F,0xF81F,0xF81F,0xF81F,0xF81F,0xF81F,0xF81F,0xF81F,0xF81F,0xF81F,0xF81F,0xF81F,
    0xF81F,0xF81F,0xF81F,0xF81F,0xF81F,0xF81F,0xF81F,0xF81F,0xF81F,0xF81F,0xF81F,0xF81F,
    0xF81F,0xF81F,0xF81F,0xF81F,0xF81F,0xF81F,0xF81F,0xF81F,0xF81F,0xF81F,0xF81F,0xF81F,
    0xF81F,0xF81F,0xF81F,0xF81F,0xF81F,0xF81F,0xF81F,0xF81F,0xF81F,0xF81F,0xF81F,0xF81F,
    0xF81F,0xF81F,0xF81F,0xF81F,0xF81F,0xF81F,0xF81F,0xF81F,0xF81F,0xF81F,0xF81F,0xF81F,
    0xF81F,0xF81F,0xF81F,0xF81F,0xF81F,0xF81F,0xF81F,0xF81F,0xF81F,0xF81F,0xF81F,0xF81F,
    0xF81F,0xF81F,0xF81F,0xF81F,0xF81F,0xF81F,0xF81F,0xF81F,0xF81F,0xF81F,0xF81F,0xF81F,
    0xF81F,0xF81F,0xF81F,0xF81F,0xF81F,0xF81F,0xF81F,0xF81F,0xF81F,0xF81F,0xF81F,0xF81F,
    0xF81F,0xF81F,0xF81F,0xF81F,0xF81F,0xF81F,0xF81F,0xF81F,0xF81F,0xF81F,0xF81F,0xF81F,
    0xF81F,0xF81F,0xF81F,0xF81F,0xF81F,0xF81F,0xF547,0xF547,0xF547,0xF547,0xF547,0xF547,
    0xF547,0xF547,0xF547,0xF547,0xF547,0xF547,0xFE08,0xFE89,0xFE89,0xFE89,0xFE89,0xFE08,
    0xF547,0xF547,0xF547,0xF547,0xF547,0xF547,0xF547,0xF547,0xF547,0xF547,0xF547,0xF547,
    0xF81F,0xF81F,0xF81F,0xF81F,0xF81F,0xF81F,0xF81F,0xF81F,0xF81F,0xF81F,0xF81F,0xF81F,
    0xF81F,0xF81F,0xF81F,0xF81F,0xF81F,0xF81F,0xF81F,0xF81F,0xF81F,0xF81F,0xF81F,0xF81F,
    0xF81F,0xF81F,0xF81F,0xF81F,0xF81F,0xF81F,0xF81F,0xF81F,0xF81F,0xF81F,0xF81F,0xF81F,
    0xF81F,0xF81F,0xF81F,0xF81F,0xF81F,0xF81F,0xF81F,0xF81F,0xF81F,0xF81F,0xF81F,0xF81F,
    0xF81F,0xF81F,0xF81F,0xF81F,0xF81F,0xF81F,0xF81F,0xF81F,0xF81F,0xF81F,0xF81F,0xF81F,
    0xF81F,0xF81F,0xF81F,0xF81F,0xF81F,0xF81F,0xF81F,0xF81F,0xF81F,0xF81F,0xF81F,0xF81F,
    0xF81F,0xF81F,0xF81F,0xF81F,0xF81F,0xF81F,0xF81F,0xF81F,0xF81F,0xF81F,0xF81F,0xF81F,
    0xF81F,0xF81F,0xF81F,0xF81F,0xF81F,0xF81F,0xF81F,0xF81F,0xF81F,0xF81F,0xF81F,0xF81F,
    0xF81F,0xF81F,0xF81F,0xF81F,0xF81F,0xF81F,0xF81F,0xF81F,0xF81F,0xF81F,0xF81F,0xF81F,
    0xF81F,0xF81F,0xF81F,0xF81F,0xF81F,0xF81F,0xF81F,0xF81F,0xF81F,0xF81F,0xF81F,0xF81F,
    0xF81F,0xED47,0xF547,0xF547,0xF587,0xFDE8,0xFE08,0xFE08,0xFE28,0xFE28,0xFE48,0xFE68,
    0xFE89,0xFE89,0xFE89,0xFE89,0xFE89,0xFE89,0xFE68,0xFE48,0xFE28,0xFE28,0xFE08,0xFE08,
    0xFDE8,0xF587,0xF547,0xF547,0xED47,0xF81F,0xF81F,0xF81F,0xF81F,0xF81F,0xF81F,0xF81F,
    0xF81F,0xF81F,0xF81F,0xF81F,0xF81F,0xF81F,0xF81F,0xF81F,0xF81F,0xF81F,0xF81F,0xF81F,
    0xF81F,0xF81F,0xF81F,0xF81F,0xF81F,0xF81F,0xF81F,0xF81F,0xF81F,0xF81F,0xF81F,0xF81F,
    0xF81F,0xF81F,0xF81F,0xF81F,0xF81F,0xF81F,0xF81F,0xF81F,0xF81F,0xF81F,0xF81F,0xF81F,
    0xF81F,0xF81F,0xF81F,0xF81F,0xF81F,0xF81F,0xF81F,0xF81F,0xF81F,0xF81F,0xF81F,0xF81F,
    0xF81F,0xF81F,0xF81F,0xF81F,0xF81F,0xF81F,0xF81F,0xF81F,0xF81F,0xF81F,0xF81F,0xF81F,
    0xF81F,0xF81F,0xF81F,0xF81F,0xF81F,0xF81F,0xF81F,0xF81F,0xF81F,0xF81F,0xF81F,0xF81F,
    0xF81F,0xF81F,0xF81F,0xF81F,0xF81F,0xF81F,0xF81F,0xF81F,0xF81F,0xF81F,0xF81F,0xF81F,
    0xF81F,0xF81F,0xF81F,0xF81F,0xF81F,0xF81F,0xF81F,0xF81F,0xF81F,0xF81F,0xF81F,0xF81F,
    0xF81F,0xF81F,0xF81F,0xF81F,0xF81F,0xF81F,0xF81F,0xF81F,0xF81F,0xF81F,0xF81F,0xF81F,
    0xF81F,0xF81F,0xF81F,0xF81F,0xF81F,0xF81F,0xF81F,0xF81F,0xF547,0xF547,0xF547,0xF5E8,
    0xFE89,0xFE89,0xFE89,0xFE89,0xFE89,0xFE89,0xFE89,0xFE89,0xFE89,0xFE89,0xFE89,0xFE89,
    0xFE89,0xFE89,0xFE89,0xFE89,0xFE89,0xFE89,0xFDE8,0xF547,0xF547,0xED47,0xF81F,0xF81F,
    0xF81F,0xF81F,0xF81F,0xF81F,0xF81F,0xF81F,0xF81F,0xF81F,0xF81F,0xF81F,0xF81F,0xF81F,
    0xF81F,0xF81F,0xF81F,0xF81F,0xF81F,0xF81F,0xF81F,0xF81F,0xF81F,0xF81F,0xF81F,0xF81F,
    0xF81F,0xF81F,0xF81F,0xF81F,0xF81F,0xF81F,0xF81F,0xF81F,0xF81F,0xF81F,0xF81F,0xF81F,
    0xF81F,0xF81F,0xF81F,0xF81F,0xF81F,0xF81F,0xF81F,0xF81F,0xF81F,0xF81F,0xF81F,0xF81F,
    0xF81F,0xF81F,0xF81F,0xF81F,0xF81F,0xF81F,0xF81F,0xF81F,0xF81F,0xF81F,0xF81F,0xF81F,
    0xF81F,0xF81F,0xF81F,0xF81F,0xF81F,0xF81F,0xF81F,0xF81F,0xF81F,0xF81F,0xF81F,0xF81F,
    0xF81F,0xF81F,0xF81F,0xF81F,0xF81F,0xF81F,0xF81F,0xF81F,0xF81F,0xF81F,0xF81F,0xF81F,
    0xF81F,0xF81F,0xF81F,0xF81F,0xF81F,0xF81F,0xF81F,0xF81F,0xF81F,0xF81F,0xF81F,0xF81F,
    0xF81F,0xF81F,0xF81F,0xF81F,0xF81F,0xF81F,0xF81F,0xF81F,0xF81F,0xF81F,0xF81F,0xF81F,
    0xF81F,0xF81F,0xF81F,0xF81F,0xF81F,0xF81F,0xF81F,0xF81F,0xF81F,0xF81F,0xF81F,0xF81F,
    0xF81F,0xF81F,0xF81F,0xF81F,0xED47,0xF547,0xF5A7,0xFE89,0xFE89,0xFE89,0xFE89,0xFE89,
    0xFE89,0xFE89,0xFE89,0xFE89,0xFE89,0xFE89,0xFE89,0xFE89,0xFE89,0xFE89,0xFE89,0xF5A7,
    0xF547,0xED47,0xF81F,0xF81F,0xF81F,0xF81F,0xF81F,0xF81F,0xF81F,0xF81F,0xF81F,0xF81F,
    0xF81F,0xF81F,0xF81F,0xF81F,0xF81F,0xF81F,0xF81F,0xF81F,0xF81F,0xF81F,0xF81F,0xF81F,
    0xF81F,0xF81F,0xF81F,0xF81F,0xF81F,0xF81F,0xF81F,0xF81F,0xF81F,0xF81F,0xF81F,0xF81F,
    0xF81F,0xF81F,0xF81F,0xF81F,0xF81F,0xF81F,0xF81F,0xF81F,0xF81F,0xF81F,0xF81F,0xF81F,
    0xF81F,0xF81F,0xF81F,0xF81F,0xF81F,0xF81F,0xF81F,0xF81F,0xF81F,0xF81F,0xF81F,0xF81F,
    0xF81F,0xF81F,0xF81F,0xF81F,0xF81F,0xF81F,0xF81F,0xF81F,0xF81F,0xF81F,0xF81F,0xF81F,
    0xF81F,0xF81F,0xF81F,0xF81F,0xF81F,0xF81F,0xF81F,0xF81F,0xF81F,0xF81F,0xF81F,0xF81F,
    0xF81F,0xF81F,0xF81F,0xF81F,0xF81F,0xF81F,0xF81F,0xF81F,0xF81F,0xF81F,0xF81F,0xF81F,
    0xF81F,0xF81F,0xF81F,0xF81F,0xF81F,0xF81F,0xF81F,0xF81F,0xF81F,0xF81F,0xF81F,0xF81F,
    0xF81F,0xF81F,0xF81F,0xF81F,0xF81F,0xF81F,0xF81F,0xF81F,0xF81F,0xF81F,0xF81F,0xF81F,
    0xF81F,0xF81F,0xF81F,0xF81F,0xF81F,0xF81F,0xF81F,0xF81F,0xF81F,0xF81F,0xF81F,0xED47,
    0xF547,0xF567,0xFE48,0xFE89,0xFE89,0xFE89,0xFE89,0xFE89,0xFE89,0xFE89,0xFE89,0xFE89,
    0xFE89,0xFE89,0xFE89,0xFE69,0xF587,0xF547,0xED47,0xF81F,0xF81F,0xF81F,0xF81F,0xF81F,
    0xF81F,0xF81F,0xF81F,0xF81F,0xF81F,0xF81F,0xF81F,0xF81F,0xF81F,0xF81F,0xF81F,0xF81F,
    0xF81F,0xF81F,0xF81F,0xF81F,0xF81F,0xF81F,0xF81F,0xF81F,0xF81F,0xF81F,0xF81F,0xF81F,
    0xF81F,0xF81F,0xF81F,0xF81F,0xF81F,0xF81F,0xF81F,0xF81F,0xF81F,0xF81F,0xF81F,0xF81F,
    0xF81F,0xF81F,0xF81F,0xF81F,0xF81F,0xF81F,0xF81F,0xF81F,0xF81F,0xF81F,0xF81F,0xF81F,
    0xF81F,0xF81F,0xF81F,0xF81F,0xF81F,0xF81F,0xF81F,0xF81F,0xF81F,0xF81F,0xF81F,0xF81F,
    0xF81F,0xF81F,0xF81F,0xF81F,0xF81F,0xF81F,0xF81F,0xF81F,0xF81F,0xF81F,0xF81F,0xF81F,
    0xF81F,0xF81F,0xF81F,0xF81F,0xF81F,0xF81F,0xF81F,0xF81F,0xF81F,0xF81F,0xF81F,0xF81F,
    0xF81F,0xF81F,0xF81F,0xF81F,0xF81F,0xF81F,0xF81F,0xF81F,0xF81F,0xF81F,0xF81F,0xF81F,
    0xF81F,0xF81F,0xF81F,0xF81F,0xF81F,0xF81F,0xF81F,0xF81F,0xF81F,0xF81F,0xF81F,0xF81F,
    0xF81F,0xF81F,0xF81F,0xF81F,0xF81F,0xF81F,0xF81F,0xF81F,0xF81F,0xF81F,0xF81F,0xF81F,
    0xF81F,0xF81F,0xF81F,0xF81F,0xF81F,0xF81F,0xF547,0xF547,0xF547,0xFE28,0xFE89,0xFE89,
    0xFE89,0xFE89,0xFE89,0xFE89,0xFE89,0xFE89,0xFE89,0xFE89,0xFE28,0xF567,0xF547,0xED47,
    0xF81F,0xF81F,0xF81F,0xF81F,0xF81F,0xF81F,0xF81F,0xF81F,0xF81F,0xF81F,0xF81F,0xF81F,
    0xF81F,0xF81F,0xF81F,0xF81F,0xF81F,0xF81F,0xF81F,0xF81F,0xF81F,0xF81F,0xF81F,0xF81F,
    0xF81F,0xF81F,0xF81F,0xF81F,0xF81F,0xF81F,0xF81F,0xF81F,0xF81F,0xF81F,0xF81F,0xF81F,
    0xF81F,0xF81F,0xF81F,0xF81F,0xF81F,0xF81F,0xF81F,0xF81F,0xF81F,0xF81F,0xF81F,0xF81F,
    0xF81F,0xF81F,0xF81F,0xF81F,0xF81F,0xF81F,0xF81F,0xF81F,0xF81F,0xF81F,0xF81F,0xF81F,
    0xF81F,0xF81F,0xF81F,0xF81F,0xF81F,0xF81F,0xF81F,0xF81F,0xF81F,0xF81F,0xF81F,0xF81F,
    0xF81F,0xF81F,0xF81F,0xF81F,0xF81F,0xF81F,0xF81F,0xF81F,0xF81F,0xF81F,0xF81F,0xF81F,
    0xF81F,0xF81F,0xF81F,0xF81F,0xF81F,0xF81F,0xF81F,0xF81F,0xF81F,0xF81F,0xF81F,0xF81F,
    0xF81F,0xF81F,0xF81F,0xF81F,0xF81F,0xF81F,0xF81F,0xF81F,0xF81F,0xF81F,0xF81F,0xF81F,
    0xF81F,0xF81F,0xF81F,0xF81F,0xF81F,0xF81F,0xF81F,0xF81F,0xF81F,0xF81F,0xF81F,0xF81F,
    0xF81F,0xF81F,0xF81F,0xF81F,0xF81F,0xF81F,0xF81F,0xF81F,0xF81F,0xF81F,0xF81F,0xF81F,
    0xF81F,0xF547,0xF547,0xF547,0xFE28,0xFE89,0xFE89,0xFE89,0xFE89,0xFE89,0xFE89,0xFE89,
    0xFE89,0xFE28,0xF547,0xF547,0xF547,0xF81F,0xF81F,0xF81F,0xF81F,0xF81F,0xF81F,0xF81F,
    0xF81F,0xF81F,0xF81F,0xF81F,0xF81F,0xF81F,0xF81F,0xF81F,0xF81F,0xF81F,0xF81F,0xF81F,
    0xF81F,0xF81F,0xF81F,0xF81F,0xF81F,0xF81F,0xF81F,0xF81F,0xF81F,0xF81F,0xF81F,0xF81F,
    0xF81F,0xF81F,0xF81F,0xF81F,0xF81F,0xF81F,0xF81F,0xF81F,0xF81F,0xF81F,0xF81F,0xF81F,
    0xF81F,0xF81F,0xF81F,0xF81F,0xF81F,0xF81F,0xF81F,0xF81F,0xF81F,0xF81F,0xF81F,0xF81F,
    0xF81F,0xF81F,0xF81F,0xF81F,0xF81F,0xF81F,0xF81F,0xF81F,0xF81F,0xF81F,0xF81F,0xF81F,
    0xF81F,0xF81F,0xF81F,0xF81F,0xF81F,0xF81F,0xF81F,0xF81F,0xF81F,0xF81F,0xF81F,0xF81F,
    0xF81F,0xF81F,0xF81F,0xF81F,0xF81F,0xF81F,0xF81F,0xF81F,0xF81F,0xF81F,0xF81F,0xF81F,
    0xF81F,0xF81F,0xF81F,0xF81F,0xF81F,0xF81F,0xF81F,0xF81F,0xF81F,0xF81F,0xF81F,0xF81F,
    0xF81F,0xF81F,0xF81F,0xF81F,0xF81F,0xF81F,0xF81F,0xF81F,0xF81F,0xF81F,0xF81F,0xF81F,
    0xF81F,0xF81F,0xF81F,0xF81F,0xF81F,0xF81F,0xF81F,0xF81F,0xF81F,0xF81F,0xF81F,0xF81F,
    0xF81F,0xF81F,0xF81F,0xF81F,0xF81F,0xF81F,0xF81F,0xF81F,0xF547,0xF547,0xFE69,0xFE89,
    0xFE89,0xFE89,0xFE89,0xFE89,0xFE89,0xFE89,0xFE89,0xFE69,0xF547,0xF547,0xF81F,0xF81F,
    0xF81F,0xF81F,0xF81F,0xF81F,0xF81F,0xF81F,0xF81F,0xF81F,0xF81F,0xF81F,0xF81F,0xF81F,
    0xF81F,0xF81F,0xF81F,0xF81F,0xF81F,0xF81F,0xF81F,0xF81F,0xF81F,0xF81F,0xF81F,0xF81F,
    0xF81F,0xF81F,0xF81F,0xF81F,0xF81F,0xF81F,0xF81F,0xF81F,0xF81F,0xF81F,0xF81F,0xF81F,
    0xF81F,0xF81F,0xF81F,0xF81F,0xF81F,0xF81F,0xF81F,0xF81F,0xF81F,0xF81F,0xF81F,0xF81F,
    0xF81F,0xF81F,0xF81F,0xF81F,0xF81F,0xF81F,0xF81F,0xF81F,0xF81F,0xF81F,0xF81F,0xF81F,
    0xF81F,0xF81F,0xF81F,0xF81F,0xF81F,0xF81F,0xF81F,0xF81F,0xF81F,0xF81F,0xF81F,0xF81F,
    0xF81F,0xF81F,0xF81F,0xF81F,0xF81F,0xF81F,0xF81F,0xF81F,0xF81F,0xF81F,0xF81F,0xF81F,
    0xF81F,0xF81F,0xF81F,0xF81F,0xF81F,0xF81F,0xF81F,0xF81F,0xF81F,0xF81F,0xF81F,0xF81F,
    0xF81F,0xF81F,0xF81F,0xF81F,0xF81F,0xF81F,0xF81F,0xF81F,0xF81F,0xF81F,0xF81F,0xF81F,
    0xF81F,0xF81F,0xF81F,0xF81F,0xF81F,0xF81F,0xF81F,0xF81F,0xF81F,0xF81F,0xF81F,0xF81F,
    0xF81F,0xF81F,0xF81F,0xF81F,0xF81F,0xF81F,0xF81F,0xF81F,0xF81F,0xF81F,0xF81F,0xF81F,
    0xF81F,0xF81F,0xF547,0xF567,0xFE89,0xFE89,0xFE89,0xFE89,0xFE89,0xFE89,0xFE89,0xFE89,
    0xFE89,0xFE89,0xF567,0xF547,0xF81F,0xF81F,0xF81F,0xF81F,0xF81F,0xF81F,0xF81F,0xF81F,
    0xF81F,0xF81F,0xF81F,0xF81F,0xF81F,0xF81F,0xF81F,0xF81F,0xF81F,0xF81F,0xF81F,0xF81F,
    0xF81F,0xF81F,0xF81F,0xF81F,0xF81F,0xF81F,0xF81F,0xF81F,0xF81F,0xF81F,0xF81F,0xF81F,
    0xF81F,0xF81F,0xF81F,0xF81F,0xF81F,0xF81F,0xF81F,0xF81F,0xF81F,0xF81F,0xF81F,0xF81F,
    0xF81F,0xF81F,0xF81F,0xF81F,0xF81F,0xF81F,0xF81F,0xF81F,0xF81F,0xF81F,0xF81F,0xF81F,
    0xF81F,0xF81F,0xF81F,0xF81F,0xF81F,0xF81F,0xF81F,0xF81F,0xF81F,0xF81F,0xF81F,0xF81F,
    0xF81F,0xF81F,0xF81F,0xF81F,0xF81F,0xF81F,0xF81F,0xF81F,0xF81F,0xF81F,0xF81F,0xF81F,
    0xF81F,0xF81F,0xF81F,0xF81F,0xF81F,0xF81F,0xF81F,0xF81F,0xF81F,0xF81F,0xF81F,0xF81F,
    0xF81F,0xF81F,0xF81F,0xF81F,0xF81F,0xF81F,0xF81F,0xF81F,0xF81F,0xF81F,0xF81F,0xF81F,
    0xF81F,0xF81F,0xF81F,0xF81F,0xF81F,0xF81F,0xF81F,0xF81F,0xF81F,0xF81F,0xF81F,0xF81F,
    0xF81F,0xF81F,0xF81F,0xF81F,0xF81F,0xF81F,0xF81F,0xF81F,0xF81F,0xF81F,0xF81F,0xF81F,
    0xF81F,0xF81F,0xF81F,0xF81F,0xF81F,0xF81F,0xF81F,0xF81F,0xF547,0xF5C8,0xFE89,0xFE89,
    0xFE89,0xFE89,0xFE89,0xFE89,0xFE89,0xFE89,0xFE89,0xFE89,0xF5C8,0xF547,0xF81F,0xF81F,
    0xF81F,0xF81F,0xF81F,0xF81F,0xF81F,0xF81F,0xF81F,0xF81F,0xF81F,0xF81F,0xF81F,0xF81F,
    0xF81F,0xF81F,0xF81F,0xF81F,0xF81F,0xF81F,0xF81F,0xF81F,0xF81F,0xF81F,0xF81F,0xF81F,
    0xF81F,0xF81F,0xF81F,0xF81F,0xF81F,0xF81F,0xF81F,0xF81F,0xF81F,0xF81F,0xF81F,0xF81F,
    0xF81F,0xF81F,0xF81F,0xF81F,0xF81F,0xF81F,0xF81F,0xF81F,0xF81F,0xF81F,0xF81F,0xF81F,
    0xF81F,0xF81F,0xF81F,0xF81F,0xF81F,0xF81F,0xF81F,0xF81F,0xF81F,0xF81F,0xF81F,0xF81F,
    0xF81F,0xF81F,0xF81F,0xF81F,0xF81F,0xF81F,0xF81F,0xF81F,0xF81F,0xF81F,0xF81F,0xF81F,
    0xF81F,0xF81F,0xF81F,0xF81F,0xF81F,0xF81F,0xF81F,0xF81F,0xF81F,0xF81F,0xF81F,0xF81F,
    0xF81F,0xF81F,0xF81F,0xF81F,0xF81F,0xF81F,0xF81F,0xF81F,0xF81F,0xF81F,0xF81F,0xF81F,
    0xF81F,0xF81F,0xF81F,0xF81F,0xF81F,0xF81F,0xF81F,0xF81F,0xF81F,0xF81F,0xF81F,0xF81F,
    0xF81F,0xF81F,0xF81F,0xF81F,0xF81F,0xF81F,0xF81F,0xF81F,0xF81F,0xF81F,0xF81F,0xF81F,
    0xF81F,0xF81F,0xF81F,0xF81F,0xF81F,0xF81F,0xF81F,0xF81F,0xF81F,0xF81F,0xF81F,0xF81F,
    0xF81F,0xED47,0xF547,0xFE28,0xFE89,0xFE89,0xFE89,0xFE48,0xF587,0xF567,0xFE28,0xFE89,
    0xFE89,0xFE89,0xFE08,0xF547,0xED47,0xF81F,0xF81F,0xF81F,0xF81F,0xF81F,0xF81F,0xF81F,
    0xF81F,0xF81F,0xF81F,0xF81F,0xF81F,0xF81F,0xF81F,0xF81F,0xF81F,0xF81F,0xF81F,0xF81F,
    0xF81F,0xF81F,0xF81F,0xF81F,0xF81F,0xF81F,0xF81F,0xF81F,0xF81F,0xF81F,0xF81F,0xF81F,
    0xF81F,0xF81F,0xF81F,0xF81F,0xF81F,0xF81F,0xF81F,0xF81F,0xF81F,0xF81F,0xF81F,0xF81F,
    0xF81F,0xF81F,0xF81F,0xF81F,0xF81F,0xF81F,0xF81F,0xF81F,0xF81F,0xF81F,0xF81F,0xF81F,
    0xF81F,0xF81F,0xF81F,0xF81F,0xF81F,0xF81F,0xF81F,0xF81F,0xF81F,0xF81F,0xF81F,0xF81F,
    0xF81F,0xF81F,0xF81F,0xF81F,0xF81F,0xF81F,0xF81F,0xF81F,0xF81F,0xF81F,0xF81F,0xF81F,
    0xF81F,0xF81F,0xF81F,0xF81F,0xF81F,0xF81F,0xF81F,0xF81F,0xF81F,0xF81F,0xF81F,0xF81F,
    0xF81F,0xF81F,0xF81F,0xF81F,0xF81F,0xF81F,0xF81F,0xF81F,0xF81F,0xF81F,0xF81F,0xF81F,
    0xF81F,0xF81F,0xF81F,0xF81F,0xF81F,0xF81F,0xF81F,0xF81F,0xF81F,0xF81F,0xF81F,0xF81F,
    0xF81F,0xF81F,0xF81F,0xF81F,0xF81F,0xF81F,0xF81F,0xF81F,0xF81F,0xF81F,0xF81F,0xF81F,
    0xF81F,0xF81F,0xF81F,0xF81F,0xF81F,0xF81F,0xF81F,0xF547,0xF547,0xFE69,0xFE89,0xFE89,
    0xF5C8,0xF547,0xF547,0xF547,0xF547,0xF5C8,0xFE89,0xFE89,0xFE69,0xF547,0xF547,0xF81F,
    0xF81F,0xF81F,0xF81F,0xF81F,0xF81F,0xF81F,0xF81F,0xF81F,0xF81F,0xF81F,0xF81F,0xF81F,
    0xF81F,0xF81F,0xF81F,0xF81F,0xF81F,0xF81F,0xF81F,0xF81F,0xF81F,0xF81F,0xF81F,0xF81F,
    0xF81F,0xF81F,0xF81F,0xF81F,0xF81F,0xF81F,0xF81F,0xF81F,0xF81F,0xF81F,0xF81F,0xF81F,
    0xF81F,0xF81F,0xF81F,0xF81F,0xF81F,0xF81F,0xF81F,0xF81F,0xF81F,0xF81F,0xF81F,0xF81F,
    0xF81F,0xF81F,0xF81F,0xF81F,0xF81F,0xF81F,0xF81F,0xF81F,0xF81F,0xF81F,0xF81F,0xF81F,
    0xF81F,0xF81F,0xF81F,0xF81F,0xF81F,0xF81F,0xF81F,0xF81F,0xF81F,0xF81F,0xF81F,0xF81F,
    0xF81F,0xF81F,0xF81F,0xF81F,0xF81F,0xF81F,0xF81F,0xF81F,0xF81F,0xF81F,0xF81F,0xF81F,
    0xF81F,0xF81F,0xF81F,0xF81F,0xF81F,0xF81F,0xF81F,0xF81F,0xF81F,0xF81F,0xF81F,0xF81F,
    0xF81F,0xF81F,0xF81F,0xF81F,0xF81F,0xF81F,0xF81F,0xF81F,0xF81F,0xF81F,0xF81F,0xF81F,
    0xF81F,0xF81F,0xF81F,0xF81F,0xF81F,0xF81F,0xF81F,0xF81F,0xF81F,0xF81F,0xF81F,0xF81F,
    0xF81F,0xF81F,0xF81F,0xF81F,0xF81F,0xF81F,0xF81F,0xF81F,0xF81F,0xF81F,0xF81F,0xF81F,
    0xF81F,0xF547,0xF587,0xFE89,0xFE28,0xF567,0xF547,0xED47,0xAC47,0xAC47,0xED47,0xF547,
    0xF567,0xFE28,0xFE89,0xF587,0xF547,0xF81F,0xF81F,0xF81F,0xF81F,0xF81F,0xF81F,0xF81F,
    0xF81F,0xF81F,0xF81F,0xF81F,0xF81F,0xF81F,0xF81F,0xF81F,0xF81F,0xF81F,0xF81F,0xF81F,
    0xF81F,0xF81F,0xF81F,0xF81F,0xF81F,0xF81F,0xF81F,0xF81F,0xF81F,0xF81F,0xF81F,0xF81F,
    0xF81F,0xF81F,0xF81F,0xF81F,0xF81F,0xF81F,0xF81F,0xF81F,0xF81F,0xF81F,0xF81F,0xF81F,
    0xF81F,0xF81F,0xF81F,0xF81F,0xF81F,0xF81F,0xF81F,0xF81F,0xF81F,0xF81F,0xF81F,0xF81F,
    0xF81F,0xF81F,0xF81F,0xF81F,0xF81F,0xF81F,0xF81F,0xF81F,0xF81F,0xF81F,0xF81F,0xF81F,
    0xF81F,0xF81F,0xF81F,0xF81F,0xF81F,0xF81F,0xF81F,0xF81F,0xF81F,0xF81F,0xF81F,0xF81F,
    0xF81F,0xF81F,0xF81F,0xF81F,0xF81F,0xF81F,0xF81F,0xF81F,0xF81F,0xF81F,0xF81F,0xF81F,
    0xF81F,0xF81F,0xF81F,0xF81F,0xF81F,0xF81F,0xF81F,0xF81F,0xF81F,0xF81F,0xF81F,0xF81F,
    0xF81F,0xF81F,0xF81F,0xF81F,0xF81F,0xF81F,0xF81F,0xF81F,0xF81F,0xF81F,0xF81F,0xF81F,
    0xF81F,0xF81F,0xF81F,0xF81F,0xF81F,0xF81F,0xF81F,0xF81F,0xF81F,0xF81F,0xF81F,0xF81F,
    0xF81F,0xF81F,0xF81F,0xF81F,0xF81F,0x09E8,0x93E7,0xF547,0xF5C8,0xF5C8,0xF547,0xF547,
    0xC4A7,0x3A88,0x09E8,0x09E8,0x3288,0xC487,0xF547,0xF547,0xF5A8,0xF5C8,0xF547,0x93E7,
    0x09E8,0xF81F,0xF81F,0xF81F,0xF81F,0xF81F,0xF81F,0xF81F,0xF81F,0xF81F,0xF81F,0xF81F,
    0xF81F,0xF81F,0xF81F,0xF81F,0xF81F,0xF81F,0xF81F,0xF81F,0xF81F,0xF81F,0xF81F,0xF81F,
    0xF81F,0xF81F,0xF81F,0xF81F,0xF81F,0xF81F,0xF81F,0xF81F,0xF81F,0xF81F,0xF81F,0xF81F,
    0xF81F,0xF81F,0xF81F,0xF81F,0xF81F,0xF81F,0xF81F,0xF81F,0xF81F,0xF81F,0xF81F,0xF81F,
    0xF81F,0xF81F,0xF81F,0xF81F,0xF81F,0xF81F,0xF81F,0xF81F,0xF81F,0xF81F,0xF81F,0xF81F,
    0xF81F,0xF81F,0xF81F,0xF81F,0xF81F,0xF81F,0xF81F,0xF81F,0xF81F,0xF81F,0xF81F,0xF81F,
    0xF81F,0xF81F,0xF81F,0xF81F,0xF81F,0xF81F,0xF81F,0xF81F,0xF81F,0xF81F,0xF81F,0xF81F,
    0xF81F,0xF81F,0xF81F,0xF81F,0xF81F,0xF81F,0xF81F,0xF81F,0xF81F,0xF81F,0xF81F,0xF81F,
    0xF81F,0xF81F,0xF81F,0xF81F,0xF81F,0xF81F,0xF81F,0xF81F,0xF81F,0xF81F,0xF81F,0xF81F,
    0xF81F,0xF81F,0xF81F,0xF81F,0xF81F,0xF81F,0xF81F,0xF81F,0xF81F,0xF81F,0xF81F,0xF81F,
    0xF81F,0xF81F,0xF81F,0xF81F,0xF81F,0xF81F,0xF81F,0x09E8,0x09E8,0x09E8,0x09E8,0x09E8,
    0xBC87,0xF547,0xF547,0xF547,0xED27,0x7367,0x11E8,0x09E8,0x09E8,0x09E8,0x09E8,0x11E8,
    0x7367,0xED27,0xF547,0xF547,0xF547,0xBC87,0x09E8,0x09E8,0x09E8,0x09E8,0x09E8,0xF81F,
    0xF81F,0xF81F,0xF81F,0xF81F,0xF81F,0xF81F,0xF81F,0xF81F,0xF81F,0xF81F,0xF81F,0xF81F,
    0xF81F,0xF81F,0xF81F,0xF81F,0xF81F,0xF81F,0xF81F,0xF81F,0xF81F,0xF81F,0xF81F,0xF81F,
    0xF81F,0xF81F,0xF81F,0xF81F,0xF81F,0xF81F,0xF81F,0xF81F,0xF81F,0xF81F,0xF81F,0xF81F,
    0xF81F,0xF81F,0xF81F,0xF81F,0xF81F,0xF81F,0xF81F,0xF81F,0xF81F,0xF81F,0xF81F,0xF81F,
    0xF81F,0xF81F,0xF81F,0xF81F,0xF81F,0xF81F,0xF81F,0xF81F,0xF81F,0xF81F,0xF81F,0xF81F,
    0xF81F,0xF81F,0xF81F,0xF81F,0xF81F,0xF81F,0xF81F,0xF81F,0xF81F,0xF81F,0xF81F,0xF81F,
    0xF81F,0xF81F,0xF81F,0xF81F,0xF81F,0xF81F,0xF81F,0xF81F,0xF81F,0xF81F,0xF81F,0xF81F,
    0xF81F,0xF81F,0xF81F,0xF81F,0xF81F,0xF81F,0xF81F,0xF81F,0xF81F,0xF81F,0xF81F,0xF81F,
    0xF81F,0xF81F,0xF81F,0xF81F,0xF81F,0xF81F,0xF81F,0xF81F,0xF81F,0xF81F,0xF81F,0xF81F,
    0xF81F,0xF81F,0xF81F,0xF81F,0xF81F,0xF81F,0xF81F,0xF81F,0xF81F,0xF81F,0x09E8,0x09E8,
    0x09E8,0x09E8,0x09E8,0x09E8,0x09E8,0x1A08,0xED27,0xF547,0xF547,0xBCA8,0x3B8C,0x1B8E,
    0x23CE,0x23EF,0x2430,0x2430,0x23EF,0x23CE,0x1B8E,0x3B8C,0xBCA8,0xF547,0xF547,0xED27,
    0x1A08,0x09E8,0x09E8,0x09E8,0x09E8,0x09E8,0x09E8,0x09E8,0xF81F,0xF81F,0xF81F,0xF81F,
    0xF81F,0xF81F,0xF81F,0xF81F,0xF81F,0xF81F,0xF81F,0xF81F,0xF81F,0xF81F,0xF81F,0xF81F,
    0xF81F,0xF81F,0xF81F,0xF81F,0xF81F,0xF81F,0xF81F,0xF81F,0xF81F,0xF81F,0xF81F,0xF81F,
    0xF81F,0xF81F,0xF81F,0xF81F,0xF81F,0xF81F,0xF81F,0xF81F,0xF81F,0xF81F,0xF81F,0xF81F,
    0xF81F,0xF81F,0xF81F,0xF81F,0xF81F,0xF81F,0xF81F,0xF81F,0xF81F,0xF81F,0xF81F,0xF81F,
    0xF81F,0xF81F,0xF81F,0xF81F,0xF81F,0xF81F,0xF81F,0xF81F,0xF81F,0xF81F,0xF81F,0xF81F,
    0xF81F,0xF81F,0xF81F,0xF81F,0xF81F,0xF81F,0xF81F,0xF81F,0xF81F,0xF81F,0xF81F,0xF81F,
    0xF81F,0xF81F,0xF81F,0xF81F,0xF81F,0xF81F,0xF81F,0xF81F,0xF81F,0xF81F,0xF81F,0xF81F,
    0xF81F,0xF81F,0xF81F,0xF81F,0xF81F,0xF81F,0xF81F,0xF81F,0xF81F,0xF81F,0xF81F,0xF81F,
    0xF81F,0xF81F,0xF81F,0xF81F,0xF81F,0xF81F,0xF81F,0xF81F,0xF81F,0xF81F,0xF81F,0xF81F,
    0xF81F,0xF81F,0x09E8,0x09E8,0x09E8,0x09E8,0x09E8,0x09E8,0x09E8,0x1208,0x1B0C,0x648D,
    0xF547,0xE548,0x8611,0x46D9,0x3ED9,0x3ED9,0x3ED9,0x3ED9,0x3ED9,0x3ED9,0x3ED9,0x3ED9,
    0x3ED9,0x3ED9,0x46D9,0x8611,0xE548,0xF547,0x648D,0x1B0C,0x1208,0x09E8,0x09E8,0x09E8,
    0x09E8,0x09E8,0x09E8,0x09E8,0xF81F,0xF81F,0xF81F,0xF81F,0xF81F,0xF81F,0xF81F,0xF81F,
    0xF81F,0xF81F,0xF81F,0xF81F,0xF81F,0xF81F,0xF81F,0xF81F,0xF81F,0xF81F,0xF81F,0xF81F,
    0xF81F,0xF81F,0xF81F,0xF81F,0xF81F,0xF81F,0xF81F,0xF81F,0xF81F,0xF81F,0xF81F,0xF81F,
    0xF81F,0xF81F,0xF81F,0xF81F,0xF81F,0xF81F,0xF81F,0xF81F,0xF81F,0xF81F,0xF81F,0xF81F,
    0xF81F,0xF81F,0xF81F,0xF81F,0xF81F,0xF81F,0xF81F,0xF81F,0xF81F,0xF81F,0xF81F,0xF81F,
    0xF81F,0xF81F,0xF81F,0xF81F,0xF81F,0xF81F,0xF81F,0xF81F,0xF81F,0xF81F,0xF81F,0xF81F,
    0xF81F,0xF81F,0xF81F,0xF81F,0xF81F,0xF81F,0xF81F,0xF81F,0xF81F,0xF81F,0xF81F,0xF81F,
    0xF81F,0xF81F,0xF81F,0xF81F,0xF81F,0xF81F,0xF81F,0xF81F,0xF81F,0xF81F,0xF81F,0xF81F,
    0xF81F,0xF81F,0xF81F,0xF81F,0xF81F,0xF81F,0xF81F,0xF81F,0xF81F,0xF81F,0xF81F,0xF81F,
    0xF81F,0xF81F,0xF81F,0xF81F,0xF81F,0xF81F,0x09E8,0x09E8,0x09E8,0x09E8,0x09E8,0x09E8,
    0x126A,0x240F,0x3595,0x3E98,0x3ED9,0xA5EE,0xBDAC,0x5697,0x3ED9,0x3ED9,0x3ED9,0x3ED9,
    0x3ED9,0x3ED9,0x3ED9,0x3ED9,0x3ED9,0x3ED9,0x3ED9,0x3ED9,0x3ED9,0x3ED9,0x56B7,0xB5CD,
    0xA5EF,0x3ED9,0x3E98,0x3594,0x240F,0x126A,0x09E8,0x09E8,0x09E8,0x09E8,0x09E8,0x09E8,
    0xF81F,0xF81F,0xF81F,0xF81F,0xF81F,0xF81F,0xF81F,0xF81F,0xF81F,0xF81F,0xF81F,0xF81F,
    0xF81F,0xF81F,0xF81F,0xF81F,0xF81F,0xF81F,0xF81F,0xF81F,0xF81F,0xF81F,0xF81F,0xF81F,
    0xF81F,0xF81F,0xF81F,0xF81F,0xF81F,0xF81F,0xF81F,0xF81F,0xF81F,0xF81F,0xF81F,0xF81F,
    0xF81F,0xF81F,0xF81F,0xF81F,0xF81F,0xF81F,0xF81F,0xF81F,0xF81F,0xF81F,0xF81F,0xF81F,
    0xF81F,0xF81F,0xF81F,0xF81F,0xF81F,0xF81F,0xF81F,0xF81F,0xF81F,0xF81F,0xF81F,0xF81F,
    0xF81F,0xF81F,0xF81F,0xF81F,0xF81F,0xF81F,0xF81F,0xF81F,0xF81F,0xF81F,0xF81F,0xF81F,
    0xF81F,0xF81F,0xF81F,0xF81F,0xF81F,0xF81F,0xF81F,0xF81F,0xF81F,0xF81F,0xF81F,0xF81F,
    0xF81F,0xF81F,0xF81F,0xF81F,0xF81F,0xF81F,0xF81F,0xF81F,0xF81F,0xF81F,0xF81F,0xF81F,
    0xF81F,0xF81F,0xF81F,0xF81F,0xF81F,0xF81F,0xF81F,0xF81F,0xF81F,0xF81F,0x09E8,0x09E8,
    0x09E8,0x09E8,0x09E8,0x1229,0x23CE,0x3594,0x3EB9,0x3ED9,0x3ED9,0x3ED9,0x3ED9,0x6675,
    0x3ED9,0x3ED9,0x3ED9,0x3ED9,0x3ED9,0x3ED9,0x3ED9,0x3ED9,0x3ED9,0x3ED9,0x3ED9,0x3ED9,
    0x3ED9,0x3ED9,0x3ED9,0x3ED9,0x3ED9,0x3ED9,0x6675,0x3ED9,0x3ED9,0x3ED9,0x3ED9,0x3EB9,
    0x3594,0x23CE,0x1229,0x09E8,0x09E8,0x09E8,0x09E8,0x09E8,0xF81F,0xF81F,0xF81F,0xF81F,
    0xF81F,0xF81F,0xF81F,0xF81F,0xF81F,0xF81F,0xF81F,0xF81F,0xF81F,0xF81F,0xF81F,0xF81F,
    0xF81F,0xF81F,0xF81F,0xF81F,0xF81F,0xF81F,0xF81F,0xF81F,0xF81F,0xF81F,0xF81F,0xF81F,
    0xF81F,0xF81F,0xF81F,0xF81F,0xF81F,0xF81F,0xF81F,0xF81F,0xF81F,0xF81F,0xF81F,0xF81F,
    0xF81F,0xF81F,0xF81F,0xF81F,0xF81F,0xF81F,0xF81F,0xF81F,0xF81F,0xF81F,0xF81F,0xF81F,
    0xF81F,0xF81F,0xF81F,0xF81F,0xF81F,0xF81F,0xF81F,0xF81F,0xF81F,0xF81F,0xF81F,0xF81F,
    0xF81F,0xF81F,0xF81F,0xF81F,0xF81F,0xF81F,0xF81F,0xF81F,0xF81F,0xF81F,0xF81F,0xF81F,
    0xF81F,0xF81F,0xF81F,0xF81F,0xF81F,0xF81F,0xF81F,0xF81F,0xF81F,0xF81F,0xF81F,0xF81F,
    0xF81F,0xF81F,0xF81F,0xF81F,0xF81F,0xF81F,0xF81F,0xF81F,0xF81F,0xF81F,0xF81F,0xF81F,
    0xF81F,0xF81F,0x09E8,0x09E8,0x09E8,0x09E8,0x09E8,0x1249,0x2450,0x3E78,0x3ED9,0x3ED9,
    0x3ED9,0x3ED9,0x3ED9,0x3ED9,0x3ED9,0x3ED9,0x3ED9,0x3ED9,0x3ED9,0x3ED9,0x3ED9,0x3ED9,
    0x3ED9,0x3ED9,0x3ED9,0x3ED9,0x3ED9,0x3ED9,0x3ED9,0x3ED9,0x3ED9,0x3ED9,0x3ED9,0x3ED9,
    0x3ED9,0x3ED9,0x3ED9,0x3ED9,0x3ED9,0x3ED9,0x3ED9,0x3ED9,0x3E78,0x2CB1,0x126A,0x09E8,
    0x09E8,0x09E8,0x09E8,0x09E8,0xF81F,0xF81F,0xF81F,0xF81F,0xF81F,0xF81F,0xF81F,0xF81F,
    0xF81F,0xF81F,0xF81F,0xF81F,0xF81F,0xF81F,0xF81F,0xF81F,0xF81F,0xF81F,0xF81F,0xF81F,
    0xF81F,0xF81F,0xF81F,0xF81F,0xF81F,0xF81F,0xF81F,0xF81F,0xF81F,0xF81F,0xF81F,0xF81F,
    0xF81F,0xF81F,0xF81F,0xF81F,0xF81F,0xF81F,0xF81F,0xF81F,0xF81F,0xF81F,0xF81F,0xF81F,
    0xF81F,0xF81F,0xF81F,0xF81F,0xF81F,0xF81F,0xF81F,0xF81F,0xF81F,0xF81F,0xF81F,0xF81F,
    0xF81F,0xF81F,0xF81F,0xF81F,0xF81F,0xF81F,0xF81F,0xF81F,0xF81F,0xF81F,0xF81F,0xF81F,
    0xF81F,0xF81F,0xF81F,0xF81F,0xF81F,0xF81F,0xF81F,0xF81F,0xF81F,0xF81F,0xF81F,0xF81F,
    0xF81F,0xF81F,0xF81F,0xF81F,0xF81F,0xF81F,0xF81F,0xF81F,0xF81F,0xF81F,0xF81F,0xF81F,
    0xF81F,0xF81F,0xF81F,0xF81F,0xF81F,0xF81F,0x09E8,0x09E8,0x09E8,0x09E8,0x09E8,0x126A,
    0x2CD2,0x3EB8,0x3ED9,0x3ED9,0x3ED9,0x3ED9,0x3ED9,0x3ED9,0x3ED9,0x3ED9,0x3ED9,0x3ED9,
    0x3ED9,0x3ED9,0x3ED9,0x3ED9,0x3ED9,0x3ED9,0x3ED9,0x3ED9,0x3ED9,0x3ED9,0x3ED9,0x3ED9,
    0x3ED9,0x3ED9,0x3ED9,0x3ED9,0x3ED9,0x3ED9,0x3ED9,0x3ED9,0x3ED9,0x3ED9,0x3ED9,0x3ED9,
    0x3ED9,0x3ED9,0x3ED9,0x3ED9,0x3E98,0x2CD2,0x126A,0x09E8,0x09E8,0x09E8,0x09E8,0x09E8,
    0xF81F,0xF81F,0xF81F,0xF81F,0xF81F,0xF81F,0xF81F,0xF81F,0xF81F,0xF81F,0xF81F,0xF81F,
    0xF81F,0xF81F,0xF81F,0xF81F,0xF81F,0xF81F,0xF81F,0xF81F,0xF81F,0xF81F,0xF81F,0xF81F,
    0xF81F,0xF81F,0xF81F,0xF81F,0xF81F,0xF81F,0xF81F,0xF81F,0xF81F,0xF81F,0xF81F,0xF81F,
    0xF81F,0xF81F,0xF81F,0xF81F,0xF81F,0xF81F,0xF81F,0xF81F,0xF81F,0xF81F,0xF81F,0xF81F,
    0xF81F,0xF81F,0xF81F,0xF81F,0xF81F,0xF81F,0xF81F,0xF81F,0xF81F,0xF81F,0xF81F,0xF81F,
    0xF81F,0xF81F,0xF81F,0xF81F,0xF81F,0xF81F,0xF81F,0xF81F,0xF81F,0xF81F,0xF81F,0xF81F,
    0xF81F,0xF81F,0xF81F,0xF81F,0xF81F,0xF81F,0xF81F,0xF81F,0xF81F,0xF81F,0xF81F,0xF81F,
    0xF81F,0xF81F,0xF81F,0xF81F,0xF81F,0xF81F,0xF81F,0xF81F,0xF81F,0xF81F,0xF81F,0x09E8,
    0x09E8,0x09E8,0x09E8,0x1208,0x240F,0x3E98,0x3ED9,0x3ED9,0x3ED9,0x3ED9,0x3ED9,0x3ED9,
    0x3ED9,0x3ED9,0x3ED9,0x3ED9,0x3ED9,0x3ED9,0x3ED9,0x3ED9,0x3ED9,0x3ED9,0x3ED9,0x3ED9,
    0x3ED9,0x3ED9,0x3ED9,0x3ED9,0x3ED9,0x3ED9,0x3ED9,0x3ED9,0x3ED9,0x3ED9,0x3ED9,0x3ED9,
    0x3ED9,0x3ED9,0x3ED9,0x3ED9,0x3ED9,0x3ED9,0x3ED9,0x3ED9,0x3ED9,0x3ED9,0x3ED9,0x3ED9,
    0x3E98,0x2450,0x1208,0x09E8,0x09E8,0x09E8,0x09E8,0xF81F,0xF81F,0xF81F,0xF81F,0xF81F,
    0xF81F,0xF81F,0xF81F,0xF81F,0xF81F,0xF81F,0xF81F,0xF81F,0xF81F,0xF81F,0xF81F,0xF81F,
    0xF81F,0xF81F,0xF81F,0xF81F,0xF81F,0xF81F,0xF81F,0xF81F,0xF81F,0xF81F,0xF81F,0xF81F,
    0xF81F,0xF81F,0xF81F,0xF81F,0xF81F,0xF81F,0xF81F,0xF81F,0xF81F,0xF81F,0xF81F,0xF81F,
    0xF81F,0xF81F,0xF81F,0xF81F,0xF81F,0xF81F,0xF81F,0xF81F,0xF81F,0xF81F,0xF81F,0xF81F,
    0xF81F,0xF81F,0xF81F,0xF81F,0xF81F,0xF81F,0xF81F,0xF81F,0xF81F,0xF81F,0xF81F,0xF81F,
    0xF81F,0xF81F,0xF81F,0xF81F,0xF81F,0xF81F,0xF81F,0xF81F,0xF81F,0xF81F,0xF81F,0xF81F,
    0xF81F,0xF81F,0xF81F,0xF81F,0xF81F,0xF81F,0xF81F,0xF81F,0xF81F,0xF81F,0xF81F,0xF81F,
    0xF81F,0xF81F,0xF81F,0xF81F,0x09E8,0x09E8,0x09E8,0x09E8,0x1B4D,0x3E16,0x3ED9,0x3ED9,
    0x3ED9,0x3ED9,0x3ED9,0x3ED9,0x3ED9,0x3ED9,0x3ED9,0x3ED9,0x3ED9,0x3ED9,0x3ED9,0x3ED9,
    0x3ED9,0x3ED9,0x3ED9,0x3ED9,0x3ED9,0x3ED9,0x3ED9,0x3ED9,0x3ED9,0x3ED9,0x3ED9,0x3ED9,
    0x3ED9,0x3ED9,0x3ED9,0x3ED9,0x3ED9,0x3ED9,0x3ED9,0x3ED9,0x3ED9,0x3ED9,0x3ED9,0x3ED9,
    0x3ED9,0x3ED9,0x3ED9,0x3ED9,0x3ED9,0x3ED9,0x3ED9,0x3ED9,0x3E16,0x1B4D,0x09E8,0x09E8,
    0x09E8,0x09E8,0xF81F,0xF81F,0xF81F,0xF81F,0xF81F,0xF81F,0xF81F,0xF81F,0xF81F,0xF81F,
    0xF81F,0xF81F,0xF81F,0xF81F,0xF81F,0xF81F,0xF81F,0xF81F,0xF81F,0xF81F,0xF81F,0xF81F,
    0xF81F,0xF81F,0xF81F,0xF81F,0xF81F,0xF81F,0xF81F,0xF81F,0xF81F,0xF81F,0xF81F,0xF81F,
    0xF81F,0xF81F,0xF81F,0xF81F,0xF81F,0xF81F,0xF81F,0xF81F,0xF81F,0xF81F,0xF81F,0xF81F,
    0xF81F,0xF81F,0xF81F,0xF81F,0xF81F,0xF81F,0xF81F,0xF81F,0xF81F,0xF81F,0xF81F,0xF81F,
    0xF81F,0xF81F,0xF81F,0xF81F,0xF81F,0xF81F,0xF81F,0xF81F,0xF81F,0xF81F,0xF81F,0xF81F,
    0xF81F,0xF81F,0xF81F,0xF81F,0xF81F,0xF81F,0xF81F,0xF81F,0xF81F,0xF81F,0xF81F,0xF81F,
    0xF81F,0xF81F,0xF81F,0xF81F,0xF81F,0xF81F,0xF81F,0xF81F,0x09E8,0x09E8,0x09E8,0x09E8,
    0x1208,0x2CB1,0x3EB9,0x3ED9,0x3ED9,0x3ED9,0x3ED9,0x3ED9,0x3ED9,0x3ED9,0x3ED9,0x3ED9,
    0x3ED9,0x3ED9,0x3ED9,0x3ED9,0x3ED9,0x3ED9,0x3ED9,0x3ED9,0x3ED9,0x3ED9,0x3ED9,0x3ED9,
    0x3ED9,0x3ED9,0x3ED9,0x3ED9,0x3ED9,0x3ED9,0x3ED9,0x3ED9,0x3ED9,0x3ED9,0x3ED9,0x3ED9,
    0x3ED9,0x3ED9,0x3ED9,0x3ED9,0x3ED9,0x3ED9,0x3ED9,0x3ED9,0x3ED9,0x3ED9,0x3ED9,0x3ED9,
    0x3ED9,0x3ED9,0x3ED9,0x3EB9,0x2CD2,0x1209,0x09E8,0x09E8,0x09E8,0x09E8,0xF81F,0xF81F,
    0xF81F,0xF81F,0xF81F,0xF81F,0xF81F,0xF81F,0xF81F,0xF81F,0xF81F,0xF81F,0xF81F,0xF81F,
    0xF81F,0xF81F,0xF81F,0xF81F,0xF81F,0xF81F,0xF81F,0xF81F,0xF81F,0xF81F,0xF81F,0xF81F,
    0xF81F,0xF81F,0xF81F,0xF81F,0xF81F,0xF81F,0xF81F,0xF81F,0xF81F,0xF81F,0xF81F,0xF81F,
    0xF81F,0xF81F,0xF81F,0xF81F,0xF81F,0xF81F,0xF81F,0xF81F,0xF81F,0xF81F,0xF81F,0xF81F,
    0xF81F,0xF81F,0xF81F,0xF81F,0xF81F,0xF81F,0xF81F,0xF81F,0xF81F,0xF81F,0xF81F,0xF81F,
    0xF81F,0xF81F,0xF81F,0xF81F,0xF81F,0xF81F,0xF81F,0xF81F,0xF81F,0xF81F,0xF81F,0xF81F,
    0xF81F,0xF81F,0xF81F,0xF81F,0xF81F,0xF81F,0xF81F,0xF81F,0xF81F,0xF81F,0xF81F,0xF81F,
    0xF81F,0x09E8,0x09E8,0x09E8,0x09E8,0x12AB,0x35D6,0x3ED9,0x3ED9,0x3ED9,0x3ED9,0x3ED9,
    0x3ED9,0x3ED9,0x3ED9,0x3ED9,0x3ED9,0x3ED9,0x3ED9,0x3ED9,0x3ED9,0x3ED9,0x3ED9,0x3ED9,
    0x3ED9,0x3ED9,0x3ED9,0x3ED9,0x3ED9,0x3ED9,0x3ED9,0x3ED9,0x3ED9,0x3ED9,0x3ED9,0x3ED9,
    0x3ED9,0x3ED9,0x3ED9,0x3ED9,0x3ED9,0x3ED9,0x3ED9,0x3ED9,0x3ED9,0x3ED9,0x3ED9,0x3ED9,
    0x3ED9,0x3ED9,0x3ED9,0x3ED9,0x3ED9,0x3ED9,0x3ED9,0x3ED9,0x3ED9,0x3ED9,0x3ED9,0x35F6,
    0x1ACB,0x09E8,0x09E8,0x09E8,0x09E8,0xF81F,0xF81F,0xF81F,0xF81F,0xF81F,0xF81F,0xF81F,
    0xF81F,0xF81F,0xF81F,0xF81F,0xF81F,0xF81F,0xF81F,0xF81F,0xF81F,0xF81F,0xF81F,0xF81F,
    0xF81F,0xF81F,0xF81F,0xF81F,0xF81F,0xF81F,0xF81F,0xF81F,0xF81F,0xF81F,0xF81F,0xF81F,
    0xF81F,0xF81F,0xF81F,0xF81F,0xF81F,0xF81F,0xF81F,0xF81F,0xF81F,0xF81F,0xF81F,0xF81F,
    0xF81F,0xF81F,0xF81F,0xF81F,0xF81F,0xF81F,0xF81F,0xF81F,0xF81F,0xF81F,0xF81F,0xF81F,
    0xF81F,0xF81F,0xF81F,0xF81F,0xF81F,0xF81F,0xF81F,0xF81F,0xF81F,0xF81F,0xF81F,0xF81F,
    0xF81F,0xF81F,0xF81F,0xF81F,0xF81F,0xF81F,0xF81F,0xF81F,0xF81F,0xF81F,0xF81F,0xF81F,
    0xF81F,0xF81F,0xF81F,0xF81F,0xF81F,0xF81F,0x09E8,0x09E8,0x09E8,0x09E8,0x1B6D,0x3E98,
    0x3ED9,0x3ED9,0x3ED9,0x3ED9,0x3ED9,0x3ED9,0x3ED9,0x3ED9,0x3ED9,0x3ED9,0x3ED9,0x3ED9,
    0x3ED9,0x3ED9,0x3ED9,0x3ED9,0x3ED9,0x3ED9,0x3ED9,0x3ED9,0x3ED9,0x3ED9,0x3ED9,0x3ED9,
    0x3ED9,0x3ED9,0x3ED9,0x3ED9,0x3ED9,0x3ED9,0x3ED9,0x3ED9,0x3ED9,0x3ED9,0x3ED9,0x3ED9,
    0x3ED9,0x3ED9,0x3ED9,0x3ED9,0x3ED9,0x3ED9,0x3ED9,0x3ED9,0x3ED9,0x3ED9,0x3ED9,0x3ED9,
    0x3ED9,0x3ED9,0x3ED9,0x3ED9,0x3ED9,0x3ED9,0x3E98,0x1B6D,0x09E8,0x09E8,0x09E8,0x09E8,
    0xF81F,0xF81F,0xF81F,0xF81F,0xF81F,0xF81F,0xF81F,0xF81F,0xF81F,0xF81F,0xF81F,0xF81F,
    0xF81F,0xF81F,0xF81F,0xF81F,0xF81F,0xF81F,0xF81F,0xF81F,0xF81F,0xF81F,0xF81F,0xF81F,
    0xF81F,0xF81F,0xF81F,0xF81F,0xF81F,0xF81F,0xF81F,0xF81F,0xF81F,0xF81F,0xF81F,0xF81F,
    0xF81F,0xF81F,0xF81F,0xF81F,0xF81F,0xF81F,0xF81F,0xF81F,0xF81F,0xF81F,0xF81F,0xF81F,
    0xF81F,0xF81F,0xF81F,0xF81F,0xF81F,0xF81F,0xF81F,0xF81F,0xF81F,0xF81F,0xF81F,0xF81F,
    0xF81F,0xF81F,0xF81F,0xF81F,0xF81F,0xF81F,0xF81F,0xF81F,0xF81F,0xF81F,0xF81F,0xF81F,
    0xF81F,0xF81F,0xF81F,0xF81F,0xF81F,0xF81F,0xF81F,0xF81F,0xF81F,0xF81F,0xF81F,0x09E8,
    0x09E8,0x09E8,0x09E8,0x240F,0x3EB9,0x3ED9,0x3ED9,0x3ED9,0x3ED9,0x3ED9,0x3ED9,0x3ED9,
    0x3ED9,0x3ED9,0x3ED9,0x3ED9,0x3ED9,0x3ED9,0x3ED9,0x3ED9,0x3ED9,0x3ED9,0x3ED9,0x3ED9,
    0x3ED9,0x3ED9,0x3ED9,0x3ED9,0x3ED9,0x3ED9,0x3ED9,0x3ED9,0x3ED9,0x3ED9,0x3ED9,0x3ED9,
    0x3ED9,0x3ED9,0x3ED9,0x3ED9,0x3ED9,0x3ED9,0x3ED9,0x3ED9,0x3ED9,0x3ED9,0x3ED9,0x3ED9,
    0x3ED9,0x3ED9,0x3ED9,0x3ED9,0x3ED9,0x3ED9,0x3ED9,0x3ED9,0x3ED9,0x3ED9,0x3ED9,0x3ED9,
    0x3ED9,0x3EB9,0x2450,0x09E8,0x09E8,0x09E8,0x09E8,0xF81F,0xF81F,0xF81F,0xF81F,0xF81F,
    0xF81F,0xF81F,0xF81F,0xF81F,0xF81F,0xF81F,0xF81F,0xF81F,0xF81F,0xF81F,0xF81F,0xF81F,
    0xF81F,0xF81F,0xF81F,0xF81F,0xF81F,0xF81F,0xF81F,0xF81F,0xF81F,0xF81F,0xF81F,0xF81F,
    0xF81F,0xF81F,0xF81F,0xF81F,0xF81F,0xF81F,0xF81F,0xF81F,0xF81F,0xF81F,0xF81F,0xF81F,
    0xF81F,0xF81F,0xF81F,0xF81F,0xF81F,0xF81F,0xF81F,0xF81F,0xF81F,0xF81F,0xF81F,0xF81F,
    0xF81F,0xF81F,0xF81F,0xF81F,0xF81F,0xF81F,0xF81F,0xF81F,0xF81F,0xF81F,0xF81F,0xF81F,
    0xF81F,0xF81F,0xF81F,0xF81F,0xF81F,0xF81F,0xF81F,0xF81F,0xF81F,0xF81F,0xF81F,0xF81F,
    0xF81F,0xF81F,0xF81F,0xF81F,0x09E8,0x09E8,0x09E8,0x09E8,0x2CB1,0x3ED9,0x3ED9,0x3ED9,
    0x3ED9,0x3ED9,0x3ED9,0x3ED9,0x3ED9,0x3ED9,0x3ED9,0x3ED9,0x3ED9,0x3ED9,0x3ED9,0x3ED9,
    0x3ED9,0x3ED9,0x3ED9,0x3ED9,0x3ED9,0x3ED9,0x3ED9,0x3ED9,0x3ED9,0x3ED9,0x3ED9,0x3ED9,
    0x3ED9,0x3ED9,0x3ED9,0x3ED9,0x3ED9,0x3ED9,0x3ED9,0x3ED9,0x3ED9,0x3ED9,0x3ED9,0x3ED9,
    0x3ED9,0x3ED9,0x3ED9,0x3ED9,0x3ED9,0x3ED9,0x3ED9,0x3ED9,0x3ED9,0x3ED9,0x3ED9,0x3ED9,
    0x3ED9,0x3ED9,0x3ED9,0x3ED9,0x3ED9,0x3ED9,0x3ED9,0x3ED9,0x3ED9,0x2CB1,0x09E8,0x09E8,
    0x09E8,0x09E8,0xF81F,0xF81F,0xF81F,0xF81F,0xF81F,0xF81F,0xF81F,0xF81F,0xF81F,0xF81F,
    0xF81F,0xF81F,0xF81F,0xF81F,0xF81F,0xF81F,0xF81F,0xF81F,0xF81F,0xF81F,0xF81F,0xF81F,
    0xF81F,0xF81F,0xF81F,0xF81F,0xF81F,0xF81F,0xF81F,0xF81F,0xF81F,0xF81F,0xF81F,0xF81F,
    0xF81F,0xF81F,0xF81F,0xF81F,0xF81F,0xF81F,0xF81F,0xF81F,0xF81F,0xF81F,0xF81F,0xF81F,
    0xF81F,0xF81F,0xF81F,0xF81F,0xF81F,0xF81F,0xF81F,0xF81F,0xF81F,0xF81F,0xF81F,0xF81F,
    0xF81F,0xF81F,0xF81F,0xF81F,0xF81F,0xF81F,0xF81F,0xF81F,0xF81F,0xF81F,0xF81F,0xF81F,
    0xF81F,0xF81F,0xF81F,0xF81F,0xF81F,0xF81F,0xF81F,0xF81F,0xF81F,0x09E8,0x09E8,0x09E8,
    0x09E8,0x2CB1,0x3ED9,0x3ED9,0x3ED9,0x3ED9,0x3ED9,0x3ED9,0x3ED9,0x3ED9,0x3ED9,0x3ED9,
    0x3ED9,0x3ED9,0x3ED9,0x3ED9,0x3ED9,0x3ED9,0x3ED9,0x3ED9,0x3ED9,0x3ED9,0x3ED9,0x3ED9,
    0x3ED9,0x3ED9,0x3ED9,0x3ED9,0x3ED9,0x3ED9,0x3ED9,0x3ED9,0x3ED9,0x3ED9,0x3ED9,0x3ED9,
    0x3ED9,0x3ED9,0x3ED9,0x3ED9,0x3ED9,0x3ED9,0x3ED9,0x3ED9,0x3ED9,0x3ED9,0x3ED9,0x3ED9,
    0x3ED9,0x3ED9,0x3ED9,0x3ED9,0x3ED9,0x3ED9,0x3ED9,0x3ED9,0x3ED9,0x3ED9,0x3ED9,0x3ED9,
    0x3ED9,0x3ED9,0x3ED9,0x3ED9,0x2CB1,0x09E8,0x09E8,0x09E8,0x09E8,0xF81F,0xF81F,0xF81F,
    0xF81F,0xF81F,0xF81F,0xF81F,0xF81F,0xF81F,0xF81F,0xF81F,0xF81F,0xF81F,0xF81F,0xF81F,
    0xF81F,0xF81F,0xF81F,0xF81F,0xF81F,0xF81F,0xF81F,0xF81F,0xF81F,0xF81F,0xF81F,0xF81F,
    0xF81F,0xF81F,0xF81F,0xF81F,0xF81F,0xF81F,0xF81F,0xF81F,0xF81F,0xF81F,0xF81F,0xF81F,
    0xF81F,0xF81F,0xF81F,0xF81F,0xF81F,0xF81F,0xF81F,0xF81F,0xF81F,0xF81F,0xF81F,0xF81F,
    0xF81F,0xF81F,0xF81F,0xF81F,0xF81F,0xF81F,0xF81F,0xF81F,0xF81F,0xF81F,0xF81F,0xF81F,
    0xF81F,0xF81F,0xF81F,0xF81F,0xF81F,0xF81F,0xF81F,0xF81F,0xF81F,0xF81F,0xF81F,0xF81F,
    0xF81F,0xF81F,0x09E8,0x09E8,0x09E8,0x09E8,0x2C71,0x3ED9,0x3ED9,0x3ED9,0x3ED9,0x3ED9,
    0x3ED9,0x3ED9,0x3ED9,0x3ED9,0x3ED9,0x3ED9,0x3ED9,0x3ED9,0x3ED9,0x3ED9,0x3ED9,0x3ED9,
    0x3ED9,0x3ED9,0x3ED9,0x3ED9,0x3ED9,0x3ED9,0x3ED9,0x3ED9,0x3ED9,0x3ED9,0x3ED9,0x3ED9,
    0x3ED9,0x3ED9,0x3ED9,0x3ED9,0x3ED9,0x3ED9,0x3ED9,0x3ED9,0x3ED9,0x3ED9,0x3ED9,0x3ED9,
    0x3ED9,0x3ED9,0x3ED9,0x3ED9,0x3ED9,0x3ED9,0x3ED9,0x3ED9,0x3ED9,0x3ED9,0x3ED9,0x3ED9,
    0x3ED9,0x3ED9,0x3ED9,0x3ED9,0x3ED9,0x3ED9,0x3ED9,0x3ED9,0x3ED9,0x3ED9,0x3ED9,0x2470,
    0x09E8,0x09E8,0x09E8,0x09E8,0xF81F,0xF81F,0xF81F,0xF81F,0xF81F,0xF81F,0xF81F,0xF81F,
    0xF81F,0xF81F,0xF81F,0xF81F,0xF81F,0xF81F,0xF81F,0xF81F,0xF81F,0xF81F,0xF81F,0xF81F,
    0xF81F,0xF81F,0xF81F,0xF81F,0xF81F,0xF81F,0xF81F,0xF81F,0xF81F,0xF81F,0xF81F,0xF81F,
    0xF81F,0xF81F,0xF81F,0xF81F,0xF81F,0xF81F,0xF81F,0xF81F,0xF81F,0xF81F,0xF81F,0xF81F,
    0xF81F,0xF81F,0xF81F,0xF81F,0xF81F,0xF81F,0xF81F,0xF81F,0xF81F,0xF81F,0xF81F,0xF81F,
    0xF81F,0xF81F,0xF81F,0xF81F,0xF81F,0xF81F,0xF81F,0xF81F,0xF81F,0xF81F,0xF81F,0xF81F,
    0xF81F,0xF81F,0xF81F,0xF81F,0xF81F,0xF81F,0xF81F,0xF81F,0x09E8,0x09E8,0x09E8,0x2430,
    0x3ED9,0x3ED9,0x3ED9,0x3ED9,0x3ED9,0x3ED9,0x3ED9,0x3ED9,0x3ED9,0x3ED9,0x3ED9,0x3ED9,
    0x3ED9,0x3ED9,0x3ED9,0x3ED9,0x3ED9,0x3ED9,0x3ED9,0x3ED9,0x3ED9,0x3ED9,0x3ED9,0x3ED9,
    0x3ED9,0x3ED9,0x3ED9,0x3ED9,0x3ED9,0x3ED9,0x3ED9,0x3ED9,0x3ED9,0x3ED9,0x3ED9,0x3ED9,
    0x3ED9,0x3ED9,0x3ED9,0x3ED9,0x3ED9,0x3ED9,0x3ED9,0x3ED9,0x3ED9,0x3ED9,0x3ED9,0x3ED9,
    0x3ED9,0x3ED9,0x3ED9,0x3ED9,0x3ED9,0x3ED9,0x3ED9,0x3ED9,0x3ED9,0x3ED9,0x3ED9,0x3ED9,
    0x3ED9,0x3ED9,0x3ED9,0x3ED9,0x3ED9,0x3ED9,0x2410,0x09E8,0x09E8,0x09E8,0xF81F,0xF81F,
    0xF81F,0xF81F,0xF81F,0xF81F,0xF81F,0xF81F,0xF81F,0xF81F,0xF81F,0xF81F,0xF81F,0xF81F,
    0xF81F,0xF81F,0xF81F,0xF81F,0xF81F,0xF81F,0xF81F,0xF81F,0xF81F,0xF81F,0xF81F,0xF81F,
    0xF81F,0xF81F,0xF81F,0xF81F,0xF81F,0xF81F,0xF81F,0xF81F,0xF81F,0xF81F,0xF81F,0xF81F,
    0xF81F,0xF81F,0xF81F,0xF81F,0xF81F,0xF81F,0xF81F,0xF81F,0xF81F,0xF81F,0xF81F,0xF81F,
    0xF81F,0xF81F,0xF81F,0xF81F,0xF81F,0xF81F,0xF81F,0xF81F,0xF81F,0xF81F,0xF81F,0xF81F,
    0xF81F,0xF81F,0xF81F,0xF81F,0xF81F,0xF81F,0xF81F,0xF81F,0xF81F,0xF81F,0xF81F,0xF81F,
    0xF81F,0x09E8,0x09E8,0x09E8,0x1B2C,0x3EB9,0x3ED9,0x3ED9,0x3ED9,0x3ED9,0x3ED9,0x3ED9,
    0x3ED9,0x3ED9,0x3ED9,0x3ED9,0x3ED9,0x4ED9,0x66FA,0x771A,0x7F3B,0x873B,0x8F3B,0x8F3B,
    0x873B,0x7F3B,0x771A,0x66FA,0x4ED9,0x3ED9,0x3ED9,0x3ED9,0x3ED9,0x3ED9,0x3ED9,0x3ED9,
    0x3ED9,0x3ED9,0x3ED9,0x3ED9,0x3ED9,0x3ED9,0x3ED9,0x3ED9,0x3ED9,0x3ED9,0x3ED9,0x3ED9,
    0x3ED9,0x3ED9,0x3ED9,0x3ED9,0x3ED9,0x3ED9,0x3ED9,0x3ED9,0x3ED9,0x3ED9,0x3ED9,0x3ED9,
    0x3ED9,0x3ED9,0x3ED9,0x3ED9,0x3ED9,0x3ED9,0x3ED9,0x3ED9,0x3ED9,0x3ED9,0x3ED9,0x3ED9,
    0x3EB9,0x1B4D,0x09E8,0x09E8,0x09E8,0xF81F,0xF81F,0xF81F,0xF81F,0xF81F,0xF81F,0xF81F,
    0xF81F,0xF81F,0xF81F,0xF81F,0xF81F,0xF81F,0xF81F,0xF81F,0xF81F,0xF81F,0xF81F,0xF81F,
    0xF81F,0xF81F,0xF81F,0xF81F,0xF81F,0xF81F,0xF81F,0xF81F,0xF81F,0xF81F,0xF81F,0xF81F,
    0xF81F,0xF81F,0xF81F,0xF81F,0xF81F,0xF81F,0xF81F,0xF81F,0xF81F,0xF81F,0xF81F,0xF81F,
    0xF81F,0xF81F,0xF81F,0xF81F,0xF81F,0xF81F,0xF81F,0xF81F,0xF81F,0xF81F,0xF81F,0xF81F,
    0xF81F,0xF81F,0xF81F,0xF81F,0xF81F,0xF81F,0xF81F,0xF81F,0xF81F,0xF81F,0xF81F,0xF81F,
    0xF81F,0xF81F,0xF81F,0xF81F,0xF81F,0xF81F,0x09E8,0x09E8,0x09E8,0x128A,0x3E78,0x3ED9,
    0x3ED9,0x3ED9,0x3ED9,0x3ED9,0x3ED9,0x3ED9,0x3ED9,0x3ED9,0x46D9,0x5EFA,0x7F3B,0x8F5B,
    0x8F5B,0x8F5B,0x8F5B,0x8F5B,0x8F5B,0x8F5B,0x8F5B,0x8F5B,0x8F5B,0x8F5B,0x8F5B,0x7F3B,
    0x5EFA,0x46D9,0x3ED9,0x3ED9,0x3ED9,0x3ED9,0x3ED9,0x3ED9,0x3ED9,0x3ED9,0x3ED9,0x3ED9,
    0x3ED9,0x3ED9,0x3ED9,0x3ED9,0x3ED9,0x3ED9,0x3ED9,0x3ED9,0x3ED9,0x3ED9,0x3ED9,0x3ED9,
    0x3ED9,0x3ED9,0x3ED9,0x3ED9,0x3ED9,0x3ED9,0x3ED9,0x3ED9,0x3ED9,0x3ED9,0x3ED9,0x3ED9,
    0x3ED9,0x3ED9,0x3ED9,0x3ED9,0x3ED9,0x3ED9,0x3ED9,0x3E77,0x128A,0x09E8,0x09E8,0x09E8,
    0xF81F,0xF81F,0xF81F,0xF81F,0xF81F,0xF81F,0xF81F,0xF81F,0xF81F,0xF81F,0xF81F,0xF81F,
    0xF81F,0xF81F,0xF81F,0xF81F,0xF81F,0xF81F,0xF81F,0xF81F,0xF81F,0xF81F,0xF81F,0xF81F,
    0xF81F,0xF81F,0xF81F,0xF81F,0xF81F,0xF81F,0xF81F,0xF81F,0xF81F,0xF81F,0xF81F,0xF81F,
    0xF81F,0xF81F,0xF81F,0xF81F,0xF81F,0xF81F,0xF81F,0xF81F,0xF81F,0xF81F,0xF81F,0xF81F,
    0xF81F,0xF81F,0xF81F,0xF81F,0xF81F,0xF81F,0xF81F,0xF81F,0xF81F,0xF81F,0xF81F,0xF81F,
    0xF81F,0xF81F,0xF81F,0xF81F,0xF81F,0xF81F,0xF81F,0xF81F,0xF81F,0xF81F,0xF81F,0xF81F,
    0x09E8,0x09E8,0x1208,0x35D5,0x3ED9,0x3ED9,0x3ED9,0x3ED9,0x3ED9,0x3ED9,0x3ED9,0x3ED9,
    0x3ED9,0x56FA,0x873B,0x8F5B,0x8F5B,0x8F5B,0x8F5B,0x8F5B,0x8F5B,0x8F5B,0x8F5B,0x8F5B,
    0x8F5B,0x8F5B,0x8F5B,0x8F5B,0x8F5B,0x8F5B,0x8F5B,0x873B,0x56FA,0x3ED9,0x3ED9,0x3ED9,
    0x3ED9,0x3ED9,0x3ED9,0x3ED9,0x3ED9,0x3ED9,0x3ED9,0x3ED9,0x3ED9,0x3ED9,0x3ED9,0x3ED9,
    0x3ED9,0x3ED9,0x3ED9,0x3ED9,0x3ED9,0x3ED9,0x3ED9,0x3ED9,0x3ED9,0x3ED9,0x3ED9,0x3ED9,
    0x3ED9,0x3ED9,0x3ED9,0x3ED9,0x3ED9,0x3ED9,0x3ED9,0x3ED9,0x3ED9,0x3ED9,0x3ED9,0x3ED9,
    0x3ED9,0x3ED9,0x35D5,0x1208,0x09E8,0x09E8,0xF81F,0xF81F,0xF81F,0xF81F,0xF81F,0xF81F,
    0xF81F,0xF81F,0xF81F,0xF81F,0xF81F,0xF81F,0xF81F,0xF81F,0xF81F,0xF81F,0xF81F,0xF81F,
    0xF81F,0xF81F,0xF81F,0xF81F,0xF81F,0xF81F,0xF81F,0xF81F,0xF81F,0xF81F,0xF81F,0xF81F,
    0xF81F,0xF81F,0xF81F,0xF81F,0xF81F,0xF81F,0xF81F,0xF81F,0xF81F,0xF81F,0xF81F,0xF81F,
    0xF81F,0xF81F,0xF81F,0xF81F,0xF81F,0xF81F,0xF81F,0xF81F,0xF81F,0xF81F,0xF81F,0xF81F,
    0xF81F,0xF81F,0xF81F,0xF81F,0xF81F,0xF81F,0xF81F,0xF81F,0xF81F,0xF81F,0xF81F,0xF81F,
    0xF81F,0xF81F,0xF81F,0xF81F,0xF81F,0x09E8,0x09E8,0x09E8,0x2C71,0x3ED9,0x3ED9,0x3ED9,
    0x3ED9,0x3ED9,0x3ED9,0x3ED9,0x3ED9,0x3ED9,0x671A,0x8F5B,0x8F5B,0x8F5B,0x8F5B,0x8F5B,
    0x8F5B,0x8F5B,0x8F5B,0x8F5B,0x8F5B,0x8F5B,0x8F5B,0x8F5B,0x8F5B,0x8F5B,0x8F5B,0x8F5B,
    0x8F5B,0x8F5B,0x8F5B,0x6F1A,0x46D9,0x3ED9,0x3ED9,0x3ED9,0x3ED9,0x3ED9,0x3ED9,0x3ED9,
    0x3ED9,0x3ED9,0x3ED9,0x3ED9,0x3ED9,0x3ED9,0x3ED9,0x3ED9,0x3ED9,0x3ED9,0x3ED9,0x3ED9,
    0x3ED9,0x3ED9,0x3ED9,0x3ED9,0x3ED9,0x3ED9,0x3ED9,0x3ED9,0x3ED9,0x3ED9,0x3ED9,0x3ED9,
    0x3ED9,0x3ED9,0x3ED9,0x3ED9,0x3ED9,0x3ED9,0x3ED9,0x3ED9,0x3ED9,0x2470,0x09E8,0x09E8,
    0x09E8,0xF81F,0xF81F,0xF81F,0xF81F,0xF81F,0xF81F,0xF81F,0xF81F,0xF81F,0xF81F,0xF81F,
    0xF81F,0xF81F,0xF81F,0xF81F,0xF81F,0xF81F,0xF81F,0xF81F,0xF81F,0xF81F,0xF81F,0xF81F,
    0xF81F,0xF81F,0xF81F,0xF81F,0xF81F,0xF81F,0xF81F,0xF81F,0xF81F,0xF81F,0xF81F,0xF81F,
    0xF81F,0xF81F,0xF81F,0xF81F,0xF81F,0xF81F,0xF81F,0xF81F,0xF81F,0xF81F,0xF81F,0xF81F,
    0xF81F,0xF81F,0xF81F,0xF81F,0xF81F,0xF81F,0xF81F,0xF81F,0xF81F,0xF81F,0xF81F,0xF81F,
    0xF81F,0xF81F,0xF81F,0xF81F,0xF81F,0xF81F,0xF81F,0xF81F,0xF81F,0xF81F,0x09E8,0x09E8,
    0x09E8,0x12CB,0x3EB8,0x3ED9,0x3ED9,0x3ED9,0x3ED9,0x3ED9,0x3ED9,0x3ED9,0x3ED9,0x771A,
    0x8F5B,0x8F5B,0x8F5B,0x8F5B,0x8F5B,0x8F5B,0x8F5B,0x8F5B,0x8F5B,0x8F5B,0x8F5B,0x8F5B,
    0x8F5B,0x8F5B,0x8F5B,0x8F5B,0x8F5B,0x8F5B,0x8F5B,0x8F5B,0x8F5B,0x8F5B,0x771A,0x3ED9,
    0x3ED9,0x3ED9,0x3ED9,0x3ED9,0x3ED9,0x3ED9,0x3ED9,0x3ED9,0x3ED9,0x3ED9,0x3ED9,0x3ED9,
    0x3ED9,0x3ED9,0x3ED9,0x3ED9,0x3ED9,0x3ED9,0x3ED9,0x3ED9,0x3ED9,0x3ED9,0x3ED9,0x3ED9,
    0x3ED9,0x3ED9,0x3ED9,0x3ED9,0x3ED9,0x3ED9,0x3ED9,0x3ED9,0x3ED9,0x3ED9,0x3ED9,0x3ED9,
    0x3ED9,0x3ED9,0x3ED9,0x3EB8,0x12AB,0x09E8,0x09E8,0x09E8,0xF81F,0xF81F,0xF81F,0xF81F,
    0xF81F,0xF81F,0xF81F,0xF81F,0xF81F,0xF81F,0xF81F,0xF81F,0xF81F,0xF81F,0xF81F,0xF81F,
    0xF81F,0xF81F,0xF81F,0xF81F,0xF81F,0xF81F,0xF81F,0xF81F,0xF81F,0xF81F,0xF81F,0xF81F,
    0xF81F,0xF81F,0xF81F,0xF81F,0xF81F,0xF81F,0xF81F,0xF81F,0xF81F,0xF81F,0xF81F,0xF81F,
    0xF81F,0xF81F,0xF81F,0xF81F,0xF81F,0xF81F,0xF81F,0xF81F,0xF81F,0xF81F,0xF81F,0xF81F,
    0xF81F,0xF81F,0xF81F,0xF81F,0xF81F,0xF81F,0xF81F,0xF81F,0xF81F,0xF81F,0xF81F,0xF81F,
    0xF81F,0xF81F,0xF81F,0xF81F,0x09E8,0x09E8,0x09E8,0x35B5,0x3ED9,0x3ED9,0x3ED9,0x3ED9,
    0x3ED9,0x3ED9,0x3ED9,0x3ED9,0x66FA,0x8F5B,0x8F5B,0x8F5B,0x8F5B,0x8F5B,0x8F5B,0x8F5B,
    0x8F5B,0x8F5B,0x8F5B,0x8F5B,0x8F5B,0x8F5B,0x8F5B,0x8F5B,0x8F5B,0x8F5B,0x8F5B,0x8F5B,
    0x8F5B,0x8F5B,0x8F5B,0x8F5B,0x8F5B,0x66FA,0x3ED9,0x3ED9,0x3ED9,0x3ED9,0x3ED9,0x3ED9,
    0x3ED9,0x3ED9,0x3ED9,0x3ED9,0x3ED9,0x3ED9,0x3ED9,0x3ED9,0x3ED9,0x3ED9,0x3ED9,0x3ED9,
    0x3ED9,0x3ED9,0x3ED9,0x3ED9,0x3ED9,0x3ED9,0x3ED9,0x3ED9,0x3ED9,0x3ED9,0x3ED9,0x3ED9,
    0x3ED9,0x3ED9,0x3ED9,0x3ED9,0x3ED9,0x3ED9,0x3ED9,0x3ED9,0x3ED9,0x3ED9,0x35B5,0x09E8,
    0x09E8,0x09E8,0xF81F,0xF81F,0xF81F,0xF81F,0xF81F,0xF81F,0xF81F,0xF81F,0xF81F,0xF81F,
    0xF81F,0xF81F,0xF81F,0xF81F,0xF81F,0xF81F,0xF81F,0xF81F,0xF81F,0xF81F,0xF81F,0xF81F,
    0xF81F,0xF81F,0xF81F,0xF81F,0xF81F,0xF81F,0xF81F,0xF81F,0xF81F,0xF81F,0xF81F,0xF81F,
    0xF81F,0xF81F,0xF81F,0xF81F,0xF81F,0xF81F,0xF81F,0xF81F,0xF81F,0xF81F,0xF81F,0xF81F,
    0xF81F,0xF81F,0xF81F,0xF81F,0xF81F,0xF81F,0xF81F,0xF81F,0xF81F,0xF81F,0xF81F,0xF81F,
    0xF81F,0xF81F,0xF81F,0xF81F,0xF81F,0xF81F,0xF81F,0xF81F,0xF81F,0x09E8,0x09E8,0x09E8,
    0x23CF,0x3ED9,0x3ED9,0x3ED9,0x3ED9,0x3ED9,0x3ED9,0x3ED9,0x3ED9,0x46D9,0x8F3B,0x8F5B,
    0x8F5B,0x8F5B,0x8F5B,0x8F5B,0x8F5B,0x8F5B,0x8F5B,0x8F5B,0x8F5B,0x8F5B,0x8F5B,0x8F5B,
    0x8F5B,0x8F5B,0x8F5B,0x8F5B,0x8F5B,0x8F5B,0x8F5B,0x8F5B,0x8F5B,0x8F5B,0x8F5B,0x8F3B,
    0x46D9,0x3ED9,0x3ED9,0x3ED9,0x3ED9,0x3ED9,0x3ED9,0x3ED9,0x3ED9,0x3ED9,0x3ED9,0x3ED9,
    0x3ED9,0x3ED9,0x3ED9,0x3ED9,0x3ED9,0x3ED9,0x3ED9,0x3ED9,0x3ED9,0x3ED9,0x3ED9,0x3ED9,
    0x3ED9,0x3ED9,0x3ED9,0x3ED9,0x3ED9,0x3ED9,0x3ED9,0x3ED9,0x3ED9,0x3ED9,0x3ED9,0x3ED9,
    0x3ED9,0x3ED9,0x3ED9,0x3ED9,0x3ED9,0x23CE,0x09E8,0x09E8,0x09E8,0xF81F,0xF81F,0xF81F,
    0xF81F,0xF81F,0xF81F,0xF81F,0xF81F,0xF81F,0xF81F,0xF81F,0xF81F,0xF81F,0xF81F,0xF81F,
    0xF81F,0xF81F,0xF81F,0xF81F,0xF81F,0xF81F,0xF81F,0xF81F,0xF81F,0xF81F,0xF81F,0xF81F,
    0xF81F,0xF81F,0xF81F,0xF81F,0xF81F,0xF81F,0xF81F,0xF81F,0xF81F,0xF81F,0xF81F,0xF81F,
    0xF81F,0xF81F,0xF81F,0xF81F,0xF81F,0xF81F,0xF81F,0xF81F,0xF81F,0xF81F,0xF81F,0xF81F,
    0xF81F,0xF81F,0xF81F,0xF81F,0xF81F,0xF81F,0xF81F,0xF81F,0xF81F,0xF81F,0xF81F,0xF81F,
    0xF81F,0xF81F,0xF81F,0x09E8,0x09E8,0x1208,0x3E37,0x3ED9,0x3ED9,0x3ED9,0x3ED9,0x3ED9,
    0x3ED9,0x3ED9,0x3ED9,0x671A,0x8F5B,0x8F5B,0x8F5B,0x8F5B,0x8F5B,0x8F5B,0x8F5B,0x8F5B,
    0x8F5B,0x8F5B,0x8F5B,0x8F5B,0x8F5B,0x8F5B,0x8F5B,0x8F5B,0x8F5B,0x8F5B,0x8F5B,0x8F5B,
    0x8F5B,0x8F5B,0x8F5B,0x8F5B,0x8F5B,0x8F5B,0x671A,0x3ED9,0x3ED9,0x3ED9,0x3ED9,0x3ED9,
    0x3ED9,0x3ED9,0x3ED9,0x3ED9,0x3ED9,0x3ED9,0x3ED9,0x3ED9,0x3ED9,0x3ED9,0x3ED9,0x3ED9,
    0x3ED9,0x3ED9,0x3ED9,0x3ED9,0x3ED9,0x3ED9,0x3ED9,0x3ED9,0x3ED9,0x3ED9,0x3ED9,0x3ED9,
    0x3ED9,0x3ED9,0x3ED9,0x3ED9,0x3ED9,0x3ED9,0x3ED9,0x3ED9,0x3ED9,0x3ED9,0x3ED9,0x3E37,
    0x1208,0x09E8,0x09E8,0xF81F,0xF81F,0xF81F,0xF81F,0xF81F,0xF81F,0xF81F,0xF81F,0xF81F,
    0xF81F,0xF81F,0xF81F,0xF81F,0xF81F,0xF81F,0xF81F,0xF81F,0xF81F,0xF81F,0xF81F,0xF81F,
    0xF81F,0xF81F,0xF81F,0xF81F,0xF81F,0xF81F,0xF81F,0xF81F,0xF81F,0xF81F,0xF81F,0xF81F,
    0xF81F,0xF81F,0xF81F,0xF81F,0xF81F,0xF81F,0xF81F,0xF81F,0xF81F,0xF81F,0xF81F,0xF81F,
    0xF81F,0xF81F,0xF81F,0xF81F,0xF81F,0xF81F,0xF81F,0xF81F,0xF81F,0xF81F,0xF81F,0xF81F,
    0xF81F,0xF81F,0xF81F,0xF81F,0xF81F,0xF81F,0xF81F,0xF81F,0x09E8,0x09E8,0x09E8,0x23EF,
    0x3ED9,0x3ED9,0x3ED9,0x3ED9,0x3ED9,0x3ED9,0x3ED9,0x3ED9,0x3ED9,0x7F3B,0x8F5B,0x8F5B,
    0x8F5B,0x8F5B,0x8F5B,0x8F5B,0x8F5B,0x8F5B,0x8F5B,0x8F5B,0x8F5B,0x8F5B,0x8F5B,0x8F5B,
    0x8F5B,0x8F5B,0x8F5B,0x8F5B,0x8F5B,0x8F5B,0x8F5B,0x8F5B,0x8F5B,0x8F5B,0x8F5B,0x8F5B,
    0x7F3B,0x3ED9,0x3ED9,0x3ED9,0x3ED9,0x3ED9,0x3ED9,0x3ED9,0x3ED9,0x3ED9,0x3ED9,0x3ED9,
    0x3ED9,0x3ED9,0x3ED9,0x3ED9,0x3ED9,0x3ED9,0x3ED9,0x3ED9,0x3ED9,0x3ED9,0x3ED9,0x3ED9,
    0x3ED9,0x3ED9,0x3ED9,0x3ED9,0x3ED9,0x3ED9,0x3ED9,0x3ED9,0x3ED9,0x3ED9,0x3ED9,0x3ED9,
    0x3ED9,0x3ED9,0x3ED9,0x3ED9,0x3ED9,0x3ED9,0x23CF,0x09E8,0x09E8,0x09E8,0xF81F,0xF81F,
    0xF81F,0xF81F,0xF81F,0xF81F,0xF81F,0xF81F,0xF81F,0xF81F,0xF81F,0xF81F,0xF81F,0xF81F,
    0xF81F,0xF81F,0xF81F,0xF81F,0xF81F,0xF81F,0xF81F,0xF81F,0xF81F,0xF81F,0xF81F,0xF81F,
    0xF81F,0xF81F,0xF81F,0xF81F,0xF81F,0xF81F,0xF81F,0xF81F,0xF81F,0xF81F,0xF81F,0xF81F,
    0xF81F,0xF81F,0xF81F,0xF81F,0xF81F,0xF81F,0xF81F,0xF81F,0xF81F,0xF81F,0xF81F,0xF81F,
    0xF81F,0xF81F,0xF81F,0xF81F,0xF81F,0xF81F,0xF81F,0xF81F,0xF81F,0xF81F,0xF81F,0xF81F,
    0xF81F,0xF81F,0x09E8,0x09E8,0x1208,0x3E37,0x3ED9,0x3ED9,0x3ED9,0x3ED9,0x3ED9,0x3ED9,
    0x3ED9,0x3ED9,0x3ED9,0x873B,0x8F5B,0x8F5B,0x8F5B,0x8F5B,0x8F5B,0x8F5B,0x8F5B,0x8F5B,
    0x8F5B,0x8F5B,0x8F5B,0x8F5B,0x8F5B,0x8F5B,0x8F5B,0x8F5B,0x8F5B,0x8F5B,0x8F5B,0x8F5B,
    0x8F5B,0x8F5B,0x8F5B,0x8F5B,0x8F5B,0x8F5B,0x873B,0x3ED9,0x3ED9,0x3ED9,0x3ED9,0x3ED9,
    0x3ED9,0x3ED9,0x3ED9,0x3ED9,0x3ED9,0x3ED9,0x3ED9,0x3ED9,0x3ED9,0x3ED9,0x3ED9,0x3ED9,
    0x3ED9,0x3ED9,0x3ED9,0x3ED9,0x3ED9,0x3ED9,0x3ED9,0x3ED9,0x3ED9,0x3ED9,0x3ED9,0x3ED9,
    0x3ED9,0x3ED9,0x3ED9,0x3ED9,0x3ED9,0x3ED9,0x3ED9,0x3ED9,0x3ED9,0x3ED9,0x3ED9,0x3ED9,
    0x3E37,0x1208,0x09E8,0x09E8,0xF81F,0xF81F,0xF81F,0xF81F,0xF81F,0xF81F,0xF81F,0xF81F,
    0xF81F,0xF81F,0xF81F,0xF81F,0xF81F,0xF81F,0xF81F,0xF81F,0xF81F,0xF81F,0xF81F,0xF81F,
    0xF81F,0xF81F,0xF81F,0xF81F,0xF81F,0xF81F,0xF81F,0xF81F,0xF81F,0xF81F,0xF81F,0xF81F,
    0xF81F,0xF81F,0xF81F,0xF81F,0xF81F,0xF81F,0xF81F,0xF81F,0xF81F,0xF81F,0xF81F,0xF81F,
    0xF81F,0xF81F,0xF81F,0xF81F,0xF81F,0xF81F,0xF81F,0xF81F,0xF81F,0xF81F,0xF81F,0xF81F,
    0xF81F,0xF81F,0xF81F,0xF81F,0xF81F,0xF81F,0xF81F,0x09E8,0x09E8,0x09E8,0x1B8E,0x3ED9,
    0x3ED9,0x3ED9,0x3ED9,0x3ED9,0x3ED9,0x3ED9,0x3ED9,0x3ED9,0x3ED9,0x873B,0x8F5B,0x8F5B,
    0x8F5B,0x8F5B,0x8F5B,0x8F5B,0x8F5B,0x8F5B,0x8F5B,0x8F5B,0x8F5B,0x8F5B,0x8F5B,0x8F5B,
    0x8F5B,0x8F5B,0x8F5B,0x8F5B,0x8F5B,0x8F5B,0x8F5B,0x9F5C,0xAF7C,0xBF9D,0xC7BD,0xD7BE,
    0xD7BE,0xC7BD,0xCFBE,0xCFBD,0xC7BD,0xBFBD,0xB79D,0x9F7C,0x8F5B,0x771A,0x56F9,0x46D9,
    0x3ED9,0x3ED9,0x3ED9,0x3ED9,0x3ED9,0x3ED9,0x3ED9,0x3ED9,0x3ED9,0x3ED9,0x3ED9,0x3ED9,
    0x3ED9,0x3ED9,0x3ED9,0x3ED9,0x3ED9,0x3ED9,0x3ED9,0x3ED9,0x3ED9,0x3ED9,0x3ED9,0x3ED9,
    0x3ED9,0x3ED9,0x3ED9,0x3ED9,0x3ED9,0x3ED9,0x3ED9,0x1B8D,0x09E8,0x09E8,0x09E8,0xF81F,
    0xF81F,0xF81F,0xF81F,0xF81F,0xF81F,0xF81F,0xF81F,0xF81F,0xF81F,0xF81F,0xF81F,0xF81F,
    0xF81F,0xF81F,0xF81F,0xF81F,0xF81F,0xF81F,0xF81F,0xF81F,0xF81F,0xF81F,0xF81F,0xF81F,
    0xF81F,0xF81F,0xF81F,0xF81F,0xF81F,0xF81F,0xF81F,0xF81F,0xF81F,0xF81F,0xF81F,0xF81F,
    0xF81F,0xF81F,0xF81F,0xF81F,0xF81F,0xF81F,0xF81F,0xF81F,0xF81F,0xF81F,0xF81F,0xF81F,
    0xF81F,0xF81F,0xF81F,0xF81F,0xF81F,0xF81F,0xF81F,0xF81F,0xF81F,0xF81F,0xF81F,0xF81F,
    0xF81F,0x09E8,0x09E8,0x09E8,0x3574,0x3ED9,0x3ED9,0x3ED9,0x3ED9,0x3ED9,0x3ED9,0x3ED9,
    0x3ED9,0x3ED9,0x3ED9,0x7F3B,0x8F5B,0x8F5B,0x8F5B,0x8F5B,0x8F5B,0x8F5B,0x8F5B,0x8F5B,
    0x8F5B,0x8F5B,0x8F5B,0x8F5B,0x8F5B,0x8F5B,0x8F5B,0x8F5B,0x8F5B,0x975C,0xAF7C,0xC7BD,
    0xDFDE,0xE7DE,0xE7DE,0xE7DE,0xE7DE,0xE7DE,0xDFDE,0xCFBE,0xCFBE,0xCFBE,0xCFBE,0xCFBE,
    0xCFBE,0xCFBE,0xCFBE,0xCFBE,0xCFBE,0xC7BD,0x9F7C,0x6F1A,0x46D9,0x3ED9,0x3ED9,0x3ED9,
    0x3ED9,0x3ED9,0x3ED9,0x3ED9,0x3ED9,0x3ED9,0x3ED9,0x3ED9,0x3ED9,0x3ED9,0x3ED9,0x3ED9,
    0x3ED9,0x3ED9,0x3ED9,0x3ED9,0x3ED9,0x3ED9,0x3ED9,0x3ED9,0x3ED9,0x3ED9,0x3ED9,0x3ED9,
    0x3ED9,0x3554,0x09E8,0x09E8,0x09E8,0xF81F,0xF81F,0xF81F,0xF81F,0xF81F,0xF81F,0xF81F,
    0xF81F,0xF81F,0xF81F,0xF81F,0xF81F,0xF81F,0xF81F,0xF81F,0xF81F,0xF81F,0xF81F,0xF81F,
    0xF81F,0xF81F,0xF81F,0xF81F,0xF81F,0xF81F,0xF81F,0xF81F,0xF81F,0xF81F,0xF81F,0xF81F,
    0xF81F,0xF81F,0xF81F,0xF81F,0xF81F,0xF81F,0xF81F,0xF81F,0xF81F,0xF81F,0xF81F,0xF81F,
    0xF81F,0xF81F,0xF81F,0xF81F,0xF81F,0xF81F,0xF81F,0xF81F,0xF81F,0xF81F,0xF81F,0xF81F,
    0xF81F,0xF81F,0xF81F,0xF81F,0xF81F,0xF81F,0xF81F,0x09E8,0x09E8,0x126A,0x3EB9,0x3ED9,
    0x3ED9,0x3ED9,0x3ED9,0x3ED9,0x3ED9,0x3ED9,0x3ED9,0x3ED9,0x3ED9,0x671A,0x8F5B,0x8F5B,
    0x8F5B,0x8F5B,0x8F5B,0x8F5B,0x8F5B,0x8F5B,0x8F5B,0x8F5B,0x8F5B,0x8F5B,0x8F5B,0x8F5B,
    0x8F5B,0x9F5C,0xC79D,0xDFDE,0xE7DE,0xE7DE,0xE7DE,0xE7DE,0xE7DE,0xE7DE,0xE7DE,0xE7DE,
    0xD7DE,0xCFBE,0xCFBE,0xCFBE,0xCFBE,0xCFBE,0xCFBE,0xCFBE,0xCFBE,0xCFBE,0xCFBE,0xCFBE,
    0xCFBE,0xCFBE,0xC7BD,0x975C,0x5EFA,0x3ED9,0x3ED9,0x3ED9,0x3ED9,0x3ED9,0x3ED9,0x3ED9,
    0x3ED9,0x3ED9,0x3ED9,0x3ED9,0x3ED9,0x3ED9,0x3ED9,0x3ED9,0x3ED9,0x3ED9,0x3ED9,0x3ED9,
    0x3ED9,0x3ED9,0x3ED9,0x3ED9,0x3ED9,0x3ED9,0x3ED9,0x3EB9,0x126A,0x09E8,0x09E8,0xF81F,
    0xF81F,0xF81F,0xF81F,0xF81F,0xF81F,0xF81F,0xF81F,0xF81F,0xF81F,0xF81F,0xF81F,0xF81F,
    0xF81F,0xF81F,0xF81F,0xF81F,0xF81F,0xF81F,0xF81F,0xF81F,0xF81F,0xF81F,0xF81F,0xF81F,
    0xF81F,0xF81F,0xF81F,0xF81F,0xF81F,0xF81F,0xF81F,0xF81F,0xF81F,0xF81F,0xF81F,0xF81F,
    0xF81F,0xF81F,0xF81F,0xF81F,0xF81F,0xF81F,0xF81F,0xF81F,0xF81F,0xF81F,0xF81F,0xF81F,
    0xF81F,0xF81F,0xF81F,0xF81F,0xF81F,0xF81F,0xF81F,0xF81F,0xF81F,0xF81F,0xF81F,0xF81F,
    0x09E8,0x09E8,0x09E8,0x2450,0x3ED9,0x3ED9,0x3ED9,0x3ED9,0x3ED9,0x3ED9,0x3ED9,0x3ED9,
    0x3ED9,0x3ED9,0x3ED9,0x46D9,0x8F3B,0x8F5B,0x8F5B,0x8F5B,0x8F5B,0x8F5B,0x8F5B,0x8F5B,
    0x8F5B,0x8F5B,0x8F5B,0x8F5B,0x8F5B,0xA77C,0xCFBE,0xE7DE,0xE7DE,0xE7DE,0xE7DE,0xE7DE,
    0xE7DE,0xE7DE,0xE7DE,0xE7DE,0xE7DE,0xDFDE,0xCFBE,0xCFBE,0xCFBE,0xCFBE,0xCFBE,0xCFBE,
    0xCFBE,0xCFBE,0xCFBE,0xCFBE,0xCFBE,0xCFBE,0xCFBE,0xCFBE,0xCFBE,0xCFBE,0xCFBE,0xAF9C,
    0x66FA,0x3ED9,0x3ED9,0x3ED9,0x3ED9,0x3ED9,0x3ED9,0x3ED9,0x3ED9,0x3ED9,0x3ED9,0x3ED9,
    0x3ED9,0x3ED9,0x3ED9,0x3ED9,0x3ED9,0x3ED9,0x3ED9,0x3ED9,0x3ED9,0x3ED9,0x3ED9,0x3ED9,
    0x3ED9,0x3ED9,0x2430,0x09E8,0x09E8,0x09E8,0xF81F,0xF81F,0xF81F,0xF81F,0xF81F,0xF81F,
    0xF81F,0xF81F,0xF81F,0xF81F,0xF81F,0xF81F,0xF81F,0xF81F,0xF81F,0xF81F,0xF81F,0xF81F,
    0xF81F,0xF81F,0xF81F,0xF81F,0xF81F,0xF81F,0xF81F,0xF81F,0xF81F,0xF81F,0xF81F,0xF81F,
    0xF81F,0xF81F,0xF81F,0xF81F,0xF81F,0xF81F,0xF81F,0xF81F,0xF81F,0xF81F,0xF81F,0xF81F,
    0xF81F,0xF81F,0xF81F,0xF81F,0xF81F,0xF81F,0xF81F,0xF81F,0xF81F,0xF81F,0xF81F,0xF81F,
    0xF81F,0xF81F,0xF81F,0xF81F,0xF81F,0xF81F,0x09E8,0x09E8,0x09E8,0x35B5,0x3ED9,0x3ED9,
    0x3ED9,0x3ED9,0x3ED9,0x3ED9,0x3ED9,0x3ED9,0x3ED9,0x3ED9,0x3ED9,0x3ED9,0x66FA,0x8F5B,
    0x8F5B,0x8F5B,0x8F5B,0x8F5B,0x8F5B,0x8F5B,0x8F5B,0x8F5B,0x8F5B,0x975C,0xCFBD,0xE7DE,
    0xE7DE,0xE7DE,0xE7DE,0xE7DE,0xE7DE,0xE7DE,0xE7DE,0xE7DE,0xE7DE,0xE7DE,0xE7DE,0xD7DE,
    0xCFBE,0xCFBE,0xCFBE,0xCFBE,0xCFBE,0xCFBE,0xCFBE,0xCFBE,0xCFBE,0xCFBE,0xCFBE,0xCFBE,
    0xCFBE,0xCFBE,0xCFBE,0xCFBE,0xCFBE,0xCFBE,0xCFBE,0xA77C,0x56F9,0x3ED9,0x3ED9,0x3ED9,
    0x3ED9,0x3ED9,0x3ED9,0x3ED9,0x3ED9,0x3ED9,0x3ED9,0x3ED9,0x3ED9,0x3ED9,0x3ED9,0x3ED9,
    0x3ED9,0x3ED9,0x3ED9,0x3ED9,0x3ED9,0x3ED9,0x3ED9,0x3ED9,0x3595,0x09E8,0x09E8,0x09E8,
    0xF81F,0xF81F,0xF81F,0xF81F,0xF81F,0xF81F,0xF81F,0xF81F,0xF81F,0xF81F,0xF81F,0xF81F,
    0xF81F,0xF81F,0xF81F,0xF81F,0xF81F,0xF81F,0xF81F,0xF81F,0xF81F,0xF81F,0xF81F,0xF81F,
    0xF81F,0xF81F,0xF81F,0xF81F,0xF81F,0xF81F,0xF81F,0xF81F,0xF81F,0xF81F,0xF81F,0xF81F,
    0xF81F,0xF81F,0xF81F,0xF81F,0xF81F,0xF81F,0xF81F,0xF81F,0xF81F,0xF81F,0xF81F,0xF81F,
    0xF81F,0xF81F,0xF81F,0xF81F,0xF81F,0xF81F,0xF81F,0xF81F,0xF81F,0xF81F,0xF81F,0xF81F,
    0x09E8,0x09E8,0x1229,0x3EB8,0x3ED9,0x3ED9,0x3ED9,0x3ED9,0x3ED9,0x3ED9,0x3ED9,0x3ED9,
    0x3ED9,0x3ED9,0x3ED9,0x3ED9,0x3ED9,0x771A,0x8F5B,0x8F5B,0x8F5B,0x8F5B,0x8F5B,0x8F5B,
    0x8F5B,0x8F5B,0xB79D,0xDFDE,0xE7DE,0xE7DE,0xE7DE,0xE7DE,0xE7DE,0xE7DE,0xE7DE,0xE7DE,
    0xE7DE,0xE7DE,0xE7DE,0xE7DE,0xDFDE,0xCFBE,0xCFBE,0xCFBE,0xCFBE,0xCFBE,0xCFBE,0xCFBE,
    0xCFBE,0xCFBE,0xCFBE,0xCFBE,0xCFBE,0xCFBE,0xCFBE,0xCFBE,0xCFBE,0xCFBE,0xCFBE,0xCFBE,
    0xCFBE,0xCFBE,0xC7BD,0x7F3B,0x46D9,0x3ED9,0x3ED9,0x3ED9,0x3ED9,0x3ED9,0x3ED9,0x3ED9,
    0x3ED9,0x3ED9,0x3ED9,0x3ED9,0x3ED9,0x3ED9,0x3ED9,0x3ED9,0x3ED9,0x3ED9,0x3ED9,0x3ED9,
    0x3ED9,0x3ED9,0x3EB8,0x1229,0x09E8,0x09E8,0xF81F,0xF81F,0xF81F,0xF81F,0xF81F,0xF81F,
    0xF81F,0xF81F,0xF81F,0xF81F,0xF81F,0xF81F,0xF81F,0xF81F,0xF81F,0xF81F,0xF81F,0xF81F,
    0xF81F,0xF81F,0xF81F,0xF81F,0xF81F,0xF81F,0xF81F,0xF81F,0xF81F,0xF81F,0xF81F,0xF81F,
    0xF81F,0xF81F,0xF81F,0xF81F,0xF81F,0xF81F,0xF81F,0xF81F,0xF81F,0xF81F,0xF81F,0xF81F,
    0xF81F,0xF81F,0xF81F,0xF81F,0xF81F,0xF81F,0xF81F,0xF81F,0xF81F,0xF81F,0xF81F,0xF81F,
    0xF81F,0xF81F,0xF81F,0xF81F,0xF81F,0xF81F,0x09E8,0x09E8,0x1B6D,0x3ED9,0x3ED9,0x3ED9,
    0x3ED9,0x3ED9,0x3ED9,0x3ED9,0x3ED9,0x3ED9,0x3ED9,0x3ED9,0x3ED9,0x3ED9,0x3ED9,0x3ED9,
    0x671A,0x8F5B,0x8F5B,0x8F5B,0x8F5B,0x8F5B,0x975C,0xCFBD,0xE7DE,0xE7DE,0xE7DE,0xE7DE,
    0xE7DE,0xE7DE,0xE7DE,0xE7DE,0xE7DE,0xE7DE,0xE7DE,0xE7DE,0xE7DE,0xD7DE,0xCFBE,0xCFBE,
    0xCFBE,0xCFBE,0xCFBE,0xCFBE,0xCFBE,0xCFBE,0xCFBE,0xCFBE,0xCFBE,0xCFBE,0xCFBE,0xCFBE,
    0xCFBE,0xCFBE,0xCFBE,0xCFBE,0xCFBE,0xCFBE,0xCFBE,0xCFBE,0xCFBE,0xCFBE,0xAF7C,0x4ED9,
    0x3ED9,0x3ED9,0x3ED9,0x3ED9,0x3ED9,0x3ED9,0x3ED9,0x3ED9,0x3ED9,0x3ED9,0x3ED9,0x3ED9,
    0x3ED9,0x3ED9,0x3ED9,0x3ED9,0x3ED9,0x3ED9,0x3ED9,0x3ED9,0x3ED9,0x1B6D,0x09E8,0x09E8,
    0xF81F,0xF81F,0xF81F,0xF81F,0xF81F,0xF81F,0xF81F,0xF81F,0xF81F,0xF81F,0xF81F,0xF81F,
    0xF81F,0xF81F,0xF81F,0xF81F,0xF81F,0xF81F,0xF81F,0xF81F,0xF81F,0xF81F,0xF81F,0xF81F,
    0xF81F,0xF81F,0xF81F,0xF81F,0xF81F,0xF81F,0xF81F,0xF81F,0xF81F,0xF81F,0xF81F,0xF81F,
    0xF81F,0xF81F,0xF81F,0xF81F,0xF81F,0xF81F,0xF81F,0xF81F,0xF81F,0xF81F,0xF81F,0xF81F,
    0xF81F,0xF81F,0xF81F,0xF81F,0xF81F,0xF81F,0xF81F,0xF81F,0xF81F,0xF81F,0xF81F,0x09E8,
    0x09E8,0x09E8,0x2CB2,0x3ED9,0x3ED9,0x3ED9,0x3ED9,0x3ED9,0x3ED9,0x3ED9,0x3ED9,0x3ED9,
    0x3ED9,0x3ED9,0x3ED9,0x3ED9,0x3ED9,0x3ED9,0x3ED9,0x56FA,0x873B,0x8F5B,0x8F5B,0x9F5C,
    0xD7BE,0xCF3C,0xB679,0xB679,0xCF3C,0xE7DE,0xE7DE,0xE7DE,0xE7DE,0xE7DE,0xE7DE,0xE7DE,
    0xE7DE,0xDFDE,0xD7BE,0xCFBE,0xCFBE,0xCFBE,0xCFBE,0xCFBE,0xCFBE,0xCFBE,0xCFBE,0xCFBE,
    0xCFBE,0xCFBE,0xCFBE,0xCFBE,0xCFBE,0xCFBE,0xCFBE,0xCFBE,0xCFBE,0xCFBE,0xCFBE,0xCFBE,
    0xCFBE,0xBF1B,0xA679,0xA679,0xB71B,0xBF9D,0x5EFA,0x3ED9,0x3ED9,0x3ED9,0x3ED9,0x3ED9,
    0x3ED9,0x3ED9,0x3ED9,0x3ED9,0x3ED9,0x3ED9,0x3ED9,0x3ED9,0x3ED9,0x3ED9,0x3ED9,0x3ED9,
    0x3ED9,0x3ED9,0x3ED9,0x2CB1,0x09E8,0x09E8,0x09E8,0xF81F,0xF81F,0xF81F,0xF81F,0xF81F,
    0xF81F,0xF81F,0xF81F,0xF81F,0xF81F,0xF81F,0xF81F,0xF81F,0xF81F,0xF81F,0xF81F,0xF81F,
    0xF81F,0xF81F,0xF81F,0xF81F,0xF81F,0xF81F,0xF81F,0xF81F,0xF81F,0xF81F,0xF81F,0xF81F,
    0xF81F,0xF81F,0xF81F,0xF81F,0xF81F,0xF81F,0xF81F,0xF81F,0xF81F,0xF81F,0xF81F,0xF81F,
    0xF81F,0xF81F,0xF81F,0xF81F,0xF81F,0xF81F,0xF81F,0xF81F,0xF81F,0xF81F,0xF81F,0xF81F,
    0xF81F,0xF81F,0xF81F,0xF81F,0xF81F,0x09E8,0x09E8,0x09E8,0x3595,0x3ED9,0x3ED9,0x3ED9,
    0x3ED9,0x3ED9,0x3ED9,0x3ED9,0x3ED9,0x3ED9,0x3ED9,0x3ED9,0x3ED9,0x3ED9,0x3ED9,0x3ED9,
    0x3ED9,0x3ED9,0x46D9,0x5EFA,0x8699,0x6C71,0x2A49,0x11A7,0x11A7,0x11A7,0x11A7,0x2A49,
    0x6C71,0xC71B,0xE7DE,0xE7DE,0xE7DE,0xDFDE,0xD7BE,0xCFBE,0xCFBE,0xCFBE,0xCFBE,0xCFBE,
    0xCFBE,0xCFBE,0xCFBE,0xCFBE,0xCFBE,0xCFBE,0xCFBE,0xCFBE,0xCFBE,0xCFBE,0xCFBE,0xCFBE,
    0xCFBE,0xCFBE,0xCFBE,0xCFBE,0xB6FA,0x6451,0x2A49,0x11A7,0x11A7,0x11A7,0x11A7,0x2A49,
    0x6451,0x5637,0x3ED9,0x3ED9,0x3ED9,0x3ED9,0x3ED9,0x3ED9,0x3ED9,0x3ED9,0x3ED9,0x3ED9,
    0x3ED9,0x3ED9,0x3ED9,0x3ED9,0x3ED9,0x3ED9,0x3ED9,0x3ED9,0x3ED9,0x3595,0x09E8,0x09E8,
    0x09E8,0xF81F,0xF81F,0xF81F,0xF81F,0xF81F,0xF81F,0xF81F,0xF81F,0xF81F,0xF81F,0xF81F,
    0xF81F,0xF81F,0xF81F,0xF81F,0xF81F,0xF81F,0xF81F,0xF81F,0xF81F,0xF81F,0xF81F,0xF81F,
    0xF81F,0xF81F,0xF81F,0xF81F,0xF81F,0xF81F,0xF81F,0xF81F,0xF81F,0xF81F,0xF81F,0xF81F,
    0xF81F,0xF81F,0xF81F,0xF81F,0xF81F,0xF81F,0xF81F,0xF81F,0xF81F,0xF81F,0xF81F,0xF81F,
    0xF81F,0xF81F,0xF81F,0xF81F,0xF81F,0xF81F,0xF81F,0xF81F,0xF81F,0xF81F,0xF81F,0x09E8,
    0x09E8,0x09E8,0x3E77,0x3ED9,0x3ED9,0x3ED9,0x3ED9,0x3ED9,0x3ED9,0x3ED9,0x3ED9,0x3ED9,
    0x3ED9,0x3ED9,0x3ED9,0x3ED9,0x3ED9,0x3ED9,0x3ED9,0x3ED9,0x3EB8,0x340F,0x19C7,0x11A7,
    0x11A7,0x11A7,0x11A7,0x11A7,0x11A7,0x11A7,0x11A7,0x19C7,0x6C71,0xD7BD,0xCFBE,0xCFBE,
    0xCFBE,0xCFBE,0xCFBE,0xCFBE,0xCFBE,0xCFBE,0xCFBE,0xCFBE,0xCFBE,0xCFBE,0xCFBE,0xCFBE,
    0xCFBE,0xCFBE,0xCFBE,0xCFBE,0xCFBE,0xCFBE,0xCFBE,0xCFBE,0xC79D,0x6C71,0x19C7,0x11A7,
    0x11A7,0x11A7,0x11A7,0x11A7,0x11A7,0x11A7,0x11A7,0x19C7,0x340F,0x3EB8,0x3ED9,0x3ED9,
    0x3ED9,0x3ED9,0x3ED9,0x3ED9,0x3ED9,0x3ED9,0x3ED9,0x3ED9,0x3ED9,0x3ED9,0x3ED9,0x3ED9,
    0x3ED9,0x3ED9,0x3ED9,0x3E57,0x09E8,0x09E8,0x09E8,0xF81F,0xF81F,0xF81F,0xF81F,0xF81F,
    0xF81F,0xF81F,0xF81F,0xF81F,0xF81F,0xF81F,0xF81F,0xF81F,0xF81F,0xF81F,0xF81F,0xF81F,
    0xF81F,0xF81F,0xF81F,0xF81F,0xF81F,0xF81F,0xF81F,0xF81F,0xF81F,0xF81F,0xF81F,0xF81F,
    0xF81F,0xF81F,0xF81F,0xF81F,0xF81F,0xF81F,0xF81F,0xF81F,0xF81F,0xF81F,0xF81F,0xF81F,
    0xF81F,0xF81F,0xF81F,0xF81F,0xF81F,0xF81F,0xF81F,0xF81F,0xF81F,0xF81F,0xF81F,0xF81F,
    0xF81F,0xF81F,0xF81F,0xF81F,0xF81F,0x09E8,0x09E8,0x1249,0x3ED9,0x3ED9,0x3ED9,0x3ED9,
    0x3ED9,0x3ED9,0x3ED9,0x3ED9,0x3ED9,0x3ED9,0x3ED9,0x3ED9,0x3ED9,0x3ED9,0x3ED9,0x3ED9,
    0x3ED9,0x3E37,0x22CB,0x11A7,0x11A7,0x11A7,0x11A7,0x11A7,0x11A7,0x11A7,0x11A7,0x11A7,
    0x11A7,0x11A7,0x11A7,0x3AEB,0xB6FB,0xCFBE,0xCFBE,0xCFBE,0xCFBE,0xCFBE,0xCFBE,0xCFBE,
    0xCFBE,0xCFBE,0xCFBE,0xCFBE,0xCFBE,0xCFBE,0xCFBE,0xCFBE,0xCFBE,0xCFBE,0xCFBE,0xCFBE,
    0xCFBE,0xB71B,0x3B0C,0x11A7,0x11A7,0x11A7,0x11A7,0x11A7,0x11A7,0x11A7,0x11A7,0x11A7,
    0x11A7,0x11A7,0x11A7,0x22AA,0x3E36,0x3ED9,0x3ED9,0x3ED9,0x3ED9,0x3ED9,0x3ED9,0x3ED9,
    0x3ED9,0x3ED9,0x3ED9,0x3ED9,0x3ED9,0x3ED9,0x3ED9,0x3ED9,0x3ED9,0x3ED9,0x1249,0x09E8,
    0x09E8,0xF81F,0xF81F,0xF81F,0xF81F,0xF81F,0xF81F,0xF81F,0xF81F,0xF81F,0xF81F,0xF81F,
    0xF81F,0xF81F,0xF81F,0xF81F,0xF81F,0xF81F,0xF81F,0xF81F,0xF81F,0xF81F,0xF81F,0xF81F,
    0xF81F,0xF81F,0xF81F,0xF81F,0xF81F,0xF81F,0xF81F,0xF81F,0xF81F,0xF81F,0xF81F,0xF81F,
    0xF81F,0xF81F,0xF81F,0xF81F,0xF81F,0xF81F,0xF81F,0xF81F,0xF81F,0xF81F,0xF81F,0xF81F,
    0xF81F,0xF81F,0xF81F,0xF81F,0xF81F,0xF81F,0xF81F,0xF81F,0xF81F,0xF81F,0x09E8,0x09E8,
    0x09E8,0x1B0C,0x3ED9,0x3ED9,0x3ED9,0x3ED9,0x3ED9,0x3ED9,0x3ED9,0x3ED9,0x3ED9,0x3ED9,
    0x3ED9,0x3ED9,0x3ED9,0x3ED9,0x3ED9,0x3ED9,0x35D5,0x1A08,0x11A7,0x11A7,0x11A7,0x11A7,
    0x32CB,0x74F3,0x95F7,0x95F7,0x74D3,0x32CB,0x11A7,0x11A7,0x11A7,0x11A7,0x2228,0xAE99,
    0xCFBE,0xCFBE,0xCFBE,0xCFBE,0xCFBE,0xCFBE,0xCFBE,0xCFBE,0xCFBE,0xCFBE,0xCFBE,0xCFBE,
    0xCFBE,0xCFBE,0xCFBE,0xCFBE,0xCFBE,0xCFBE,0xAE99,0x2228,0x11A7,0x11A7,0x11A7,0x11A7,
    0x32CB,0x74F3,0x95F7,0x95F7,0x74D3,0x32CB,0x11A7,0x11A7,0x11A7,0x11A7,0x1A08,0x35D5,
    0x3ED9,0x3ED9,0x3ED9,0x3ED9,0x3ED9,0x3ED9,0x3ED9,0x3ED9,0x3ED9,0x3ED9,0x3ED9,0x3ED9,
    0x3ED9,0x3ED9,0x3ED9,0x3ED9,0x1AEC,0x09E8,0x09E8,0x09E8,0xF81F,0xF81F,0xF81F,0xF81F,
    0xF81F,0xF81F,0xF81F,0xF81F,0xF81F,0xF81F,0xF81F,0xF81F,0xF81F,0xF81F,0xF81F,0xF81F,
    0xF81F,0xF81F,0xF81F,0xF81F,0xF81F,0xF81F,0xF81F,0xF81F,0xF81F,0xF81F,0xF81F,0xF81F,
    0xF81F,0xF81F,0xF81F,0xF81F,0xF81F,0xF81F,0xF81F,0xF81F,0xF81F,0xF81F,0xF81F,0xF81F,
    0xF81F,0xF81F,0xF81F,0xF81F,0xF81F,0xF81F,0xF81F,0xF81F,0xF81F,0xF81F,0xF81F,0xF81F,
    0xF81F,0xF81F,0x09E8,0x09E8,0x09E8,0x09E8,0x09E8,0x1B6D,0x3ED9,0x3ED9,0x3ED9,0x3ED9,
    0x3ED9,0x3ED9,0x3ED9,0x3ED9,0x3ED9,0x3ED9,0x3ED9,0x3ED9,0x3ED9,0x3ED9,0x3ED9,0x3E16,
    0x1A08,0x11A7,0x11A7,0x11A7,0x2208,0x8DB6,0xCFBD,0xCFBE,0xCFBE,0xCFBE,0xCFBE,0xCFBD,
    0x8DB6,0x2208,0x11A7,0x11A7,0x11A7,0x2229,0xB6DA,0xCFBE,0xCFBE,0xCFBE,0xCFBE,0xCFBE,
    0xCFBE,0xCFBE,0xCFBE,0xCFBE,0xCFBE,0xCFBE,0xCFBE,0xCFBE,0xCFBE,0xCFBE,0xCFBE,0xB6DA,
    0x2229,0x11A7,0x11A7,0x11A7,0x2208,0x8DB6,0xCFBD,0xCFBE,0xCFBE,0xCFBE,0xCFBE,0xCFBD,
    0x8DB6,0x2208,0x11A7,0x11A7,0x11A7,0x1A08,0x3E16,0x3ED9,0x3ED9,0x3ED9,0x3ED9,0x3ED9,
    0x3ED9,0x3ED9,0x3ED9,0x3ED9,0x3ED9,0x3ED9,0x3ED9,0x3ED9,0x3ED9,0x3ED9,0x1B6D,0x09E8,
    0x09E8,0x09E8,0x09E8,0x09E8,0xF81F,0xF81F,0xF81F,0xF81F,0xF81F,0xF81F,0xF81F,0xF81F,
    0xF81F,0xF81F,0xF81F,0xF81F,0xF81F,0xF81F,0xF81F,0xF81F,0xF81F,0xF81F,0xF81F,0xF81F,
    0xF81F,0xF81F,0xF81F,0xF81F,0xF81F,0xF81F,0xF81F,0xF81F,0xF81F,0xF81F,0xF81F,0xF81F,
    0xF81F,0xF81F,0xF81F,0xF81F,0xF81F,0xF81F,0xF81F,0xF81F,0xF81F,0xF81F,0xF81F,0xF81F,
    0xF81F,0xF81F,0xF81F,0xF81F,0xF81F,0xF81F,0xF81F,0xF81F,0x09E8,0x09E8,0x1249,0x09E8,
    0x09E8,0x23AE,0x3ED9,0x3ED9,0x3ED9,0x3ED9,0x3ED9,0x3ED9,0x3ED9,0x3ED9,0x3ED9,0x3ED9,
    0x3ED9,0x3ED9,0x3ED9,0x3ED9,0x3E37,0x1A49,0x11A7,0x11A7,0x11A7,0x3ACB,0xB6FB,0xCFBE,
    0xCFBE,0xCFBE,0xCFBE,0xCFBE,0xCFBE,0xCFBE,0xCFBE,0xB6FB,0x3ACB,0x11A7,0x11A7,0x11A7,
    0x2A69,0xB71B,0xCFBE,0xCFBE,0xCFBE,0xCFBE,0xCFBE,0xCFBE,0xCFBE,0xCFBE,0xCFBE,0xCFBE,
    0xCFBE,0xCFBE,0xCFBE,0xCFBE,0xB71B,0x2A69,0x11A7,0x11A7,0x11A7,0x3ACB,0xB6FB,0xCFBE,
    0xCFBE,0xCFBE,0xCFBE,0xCFBE,0xCFBE,0xCFBE,0xCFBE,0xB6FB,0x3ACB,0x11A7,0x11A7,0x11A7,
    0x1A49,0x3E37,0x3ED9,0x3ED9,0x3ED9,0x3ED9,0x3ED9,0x3ED9,0x3ED9,0x3ED9,0x3ED9,0x3ED9,
    0x3ED9,0x3ED9,0x3ED9,0x3ED9,0x23AE,0x09E8,0x09E8,0x1249,0x09E8,0x09E8,0xF81F,0xF81F,
    0xF81F,0xF81F,0xF81F,0xF81F,0xF81F,0xF81F,0xF81F,0xF81F,0xF81F,0xF81F,0xF81F,0xF81F,
    0xF81F,0xF81F,0xF81F,0xF81F,0xF81F,0xF81F,0xF81F,0xF81F,0xF81F,0xF81F,0xF81F,0xF81F,
    0xF81F,0xF81F,0xF81F,0xF81F,0xF81F,0xF81F,0xF81F,0xF81F,0xF81F,0xF81F,0xF81F,0xF81F,
    0xF81F,0xF81F,0xF81F,0xF81F,0xF81F,0xF81F,0xF81F,0xF81F,0xF81F,0xF81F,0xF81F,0xF81F,
    0xF81F,0x09E8,0x09E8,0x128A,0x2471,0x09E8,0x09E8,0x23EF,0x3ED9,0x3ED9,0x3ED9,0x3ED9,
    0x3ED9,0x3ED9,0x3ED9,0x3ED9,0x3ED9,0x3ED9,0x3ED9,0x3ED9,0x3ED9,0x3ED9,0x238D,0x11A7,
    0x11A7,0x11A7,0x3ACB,0xC75C,0xCFBE,0xCFBE,0xCFBE,0xCFBE,0xCFBE,0xCFBE,0xCFBE,0xCFBE,
    0xCFBE,0xCFBE,0xC75C,0x3ACB,0x11A7,0x11A7,0x11A7,0x5BEF,0xCFBE,0xCFBE,0xCFBE,0xCFBE,
    0xCFBE,0xCFBE,0xCFBE,0xCFBE,0xCFBE,0xCFBE,0xCFBE,0xCFBE,0xCFBE,0xCFBE,0x5BEF,0x11A7,
    0x11A7,0x11A7,0x3ACB,0xC75C,0xCFBE,0xCFBE,0xCFBE,0xCFBE,0xCFBE,0xCFBE,0xCFBE,0xCFBE,
    0xCFBE,0xCFBE,0xC75C,0x3ACB,0x11A7,0x11A7,0x11A7,0x238D,0x3ED9,0x3ED9,0x3ED9,0x3ED9,
    0x3ED9,0x3ED9,0x3ED9,0x3ED9,0x3ED9,0x3ED9,0x3ED9,0x3ED9,0x3ED9,0x3ED9,0x23EF,0x09E8,
    0x09E8,0x2C71,0x128A,0x09E8,0x09E8,0xF81F,0xF81F,0xF81F,0xF81F,0xF81F,0xF81F,0xF81F,
    0xF81F,0xF81F,0xF81F,0xF81F,0xF81F,0xF81F,0xF81F,0xF81F,0xF81F,0xF81F,0xF81F,0xF81F,
    0xF81F,0xF81F,0xF81F,0xF81F,0xF81F,0xF81F,0xF81F,0xF81F,0xF81F,0xF81F,0xF81F,0xF81F,
    0xF81F,0xF81F,0xF81F,0xF81F,0xF81F,0xF81F,0xF81F,0xF81F,0xF81F,0xF81F,0xF81F,0xF81F,
    0xF81F,0xF81F,0xF81F,0xF81F,0xF81F,0xF81F,0x09E8,0x09E8,0x09E8,0x3595,0x2C71,0x09E8,
    0x09E8,0x2430,0x3ED9,0x3ED9,0x3ED9,0x3ED9,0x3ED9,0x3ED9,0x3ED9,0x3ED9,0x3ED9,0x3ED9,
    0x3ED9,0x3ED9,0x3ED9,0x3ED9,0x238D,0x11A7,0x11A7,0x328A,0xBF3C,0xCFBE,0xCFBE,0xCFBE,
    0xCFBE,0xCFBE,0xCFBE,0xCFBE,0xCFBE,0xCFBE,0xCFBE,0xCFBE,0xCFBE,0xBF3C,0x328A,0x11A7,
    0x11A7,0x5BEF,0xCFBE,0xCFBE,0xCFBE,0xCFBE,0xCFBE,0xCFBE,0xCFBE,0xCFBE,0xCFBE,0xCFBE,
    0xCFBE,0xCFBE,0xCFBE,0xCFBE,0x5BEF,0x11A7,0x11A7,0x328A,0xBF3C,0xCFBE,0xCFBE,0xCFBE,
    0xCFBE,0xCFBE,0xCFBE,0xCFBE,0xCFBE,0xCFBE,0xCFBE,0xCFBE,0xCFBE,0xBF3C,0x328A,0x11A7,
    0x11A7,0x238D,0x3ED9,0x3ED9,0x3ED9,0x3ED9,0x3ED9,0x3ED9,0x3ED9,0x3ED9,0x3ED9,0x3ED9,
    0x3ED9,0x3ED9,0x3ED9,0x3ED9,0x2430,0x09E8,0x09E8,0x2C71,0x3594,0x09E8,0x09E8,0x09E8,
    0xF81F,0xF81F,0xF81F,0xF81F,0xF81F,0xF81F,0xF81F,0xF81F,0xF81F,0xF81F,0xF81F,0xF81F,
    0xF81F,0xF81F,0xF81F,0xF81F,0xF81F,0xF81F,0xF81F,0xF81F,0xF81F,0xF81F,0xF81F,0xF81F,
    0xF81F,0xF81F,0xF81F,0xF81F,0xF81F,0xF81F,0xF81F,0xF81F,0xF81F,0xF81F,0xF81F,0xF81F,
    0xF81F,0xF81F,0xF81F,0xF81F,0xF81F,0xF81F,0xF81F,0xF81F,0xF81F,0xF81F,0xF81F,0xF81F,
    0x09E8,0x09E8,0x1B2C,0x3ED9,0x2C71,0x09E8,0x09E8,0x2430,0x3ED9,0x3ED9,0x3ED9,0x3ED9,
    0x3ED9,0x3ED9,0x3ED9,0x3ED9,0x3ED9,0x3ED9,0x3ED9,0x3ED9,0x3ED9,0x3ED9,0x3E57,0x53CF,
    0x5BEF,0xBF1B,0xCFBE,0xCFBE,0xCFBE,0xCFBE,0xCFBE,0xCFBE,0xCFBE,0xCFBE,0xCFBE,0xCFBE,
    0xCFBE,0xCFBE,0xCFBE,0xCFBE,0xBF1B,0x5BEF,0x5BEF,0xBF1B,0xCFBE,0xCFBE,0xCFBE,0xCFBE,
    0xCFBE,0xCFBE,0xCFBE,0xCFBE,0xCFBE,0xCFBE,0xCFBE,0xCFBE,0xCFBE,0xCFBE,0xBF1B,0x5BEF,
    0x5BEF,0xBF1B,0xCFBE,0xCFBE,0xCFBE,0xCFBE,0xCFBE,0xCFBE,0xCFBE,0xCFBE,0xCFBE,0xCFBE,
    0xCFBE,0xCFBE,0xCFBE,0xCFBE,0xBF1B,0x5BEF,0x53CF,0x3E57,0x3ED9,0x3ED9,0x3ED9,0x3ED9,
    0x3ED9,0x3ED9,0x3ED9,0x3ED9,0x3ED9,0x3ED9,0x3ED9,0x3ED9,0x3ED9,0x3ED9,0x2430,0x09E8,
    0x09E8,0x2C71,0x3ED9,0x1B2C,0x09E8,0x09E8,0xF81F,0xF81F,0xF81F,0xF81F,0xF81F,0xF81F,
    0xF81F,0xF81F,0xF81F,0xF81F,0xF81F,0xF81F,0xF81F,0xF81F,0xF81F,0xF81F,0xF81F,0xF81F,
    0xF81F,0xF81F,0xF81F,0xF81F,0xF81F,0xF81F,0xF81F,0xF81F,0xF81F,0xF81F,0xF81F,0xF81F,
    0xF81F,0xF81F,0xF81F,0xF81F,0xF81F,0xF81F,0xF81F,0xF81F,0xF81F,0xF81F,0xF81F,0xF81F,
    0xF81F,0xF81F,0xF81F,0xF81F,0xF81F,0xF81F,0x09E8,0x09E8,0x2D13,0x3ED9,0x2CB2,0x09E8,
    0x09E8,0x23EF,0x3ED9,0x3ED9,0x3ED9,0x3ED9,0x3ED9,0x3ED9,0x3ED9,0x3ED9,0x3ED9,0x3ED9,
    0x3ED9,0x3ED9,0x3ED9,0x3ED9,0x6F1A,0xCFBE,0xCFBE,0xCFBE,0xCFBE,0xCFBE,0xCFBE,0xCFBE,
    0xCFBE,0xCFBE,0xCFBE,0xCFBE,0xCFBE,0xCFBE,0xCFBE,0xCFBE,0xCFBE,0xCFBE,0xCFBE,0xCFBE,
    0xCFBE,0xCFBE,0xCFBE,0xCFBE,0xCFBE,0xCFBE,0xCFBE,0xCFBE,0xCFBE,0xCFBE,0xCFBE,0xCFBE,
    0xCFBE,0xCFBE,0xCFBE,0xCFBE,0xCFBE,0xCFBE,0xCFBE,0xCFBE,0xCFBE,0xCFBE,0xCFBE,0xCFBE,
    0xCFBE,0xCFBE,0xCFBE,0xCFBE,0xCFBE,0xCFBE,0xCFBE,0xCFBE,0xCFBE,0xCFBE,0xCFBE,0xCFBE,
    0xCFBE,0x6F1A,0x3ED9,0x3ED9,0x3ED9,0x3ED9,0x3ED9,0x3ED9,0x3ED9,0x3ED9,0x3ED9,0x3ED9,
    0x3ED9,0x3ED9,0x3ED9,0x3ED9,0x23EF,0x09E8,0x09E8,0x2CB2,0x3ED9,0x2D13,0x09E8,0x09E8,
    0xF81F,0xF81F,0xF81F,0xF81F,0xF81F,0xF81F,0xF81F,0xF81F,0xF81F,0xF81F,0xF81F,0xF81F,
    0xF81F,0xF81F,0xF81F,0xF81F,0xF81F,0xF81F,0xF81F,0xF81F,0xF81F,0xF81F,0xF81F,0xF81F,
    0xF81F,0xF81F,0xF81F,0xF81F,0xF81F,0xF81F,0xF81F,0xF81F,0xF81F,0xF81F,0xF81F,0xF81F,
    0xF81F,0xF81F,0xF81F,0xF81F,0xF81F,0xF81F,0xF81F,0xF81F,0xF81F,0xF81F,0xF81F,0xF81F,
    0x09E8,0x09E8,0x3E37,0x3ED9,0x2CF2,0x09E8,0x09E8,0x23AE,0x3ED9,0x3ED9,0x3ED9,0x3ED9,
    0x3ED9,0x3ED9,0x3ED9,0x3ED9,0x3ED9,0x46B9,0x5E58,0x7E18,0x85F8,0x85F8,0xC69A,0xD73C,
    0xCFBD,0xCFBE,0xCFBE,0xCFBE,0xCFBE,0xCFBE,0xCFBE,0xCFBE,0xCFBE,0xCFBE,0xCFBE,0xCFBE,
    0xCFBE,0xCFBE,0xCFBE,0xCFBE,0xCFBE,0xCFBE,0xCFBE,0xCFBE,0xCFBE,0xCFBE,0xCFBE,0xCFBE,
    0xCFBE,0xCFBE,0xCFBE,0xCFBE,0xCFBE,0xCFBE,0xCFBE,0xCFBE,0xCFBE,0xCFBE,0xCFBE,0xCFBE,
    0xCFBE,0xCFBE,0xCFBE,0xCFBE,0xCFBE,0xCFBE,0xCFBE,0xCFBE,0xCFBE,0xCFBE,0xCFBE,0xCFBE,
    0xCFBE,0xCFBE,0xCFBE,0xCFBE,0xCFBE,0xCFBD,0xD73C,0xBE9A,0x85F8,0x85F8,0x7E18,0x5E58,
    0x46B9,0x3ED9,0x3ED9,0x3ED9,0x3ED9,0x3ED9,0x3ED9,0x3ED9,0x3ED9,0x3ED9,0x23AE,0x09E8,
    0x09E8,0x2CF3,0x3ED9,0x3E37,0x09E8,0x09E8,0xF81F,0xF81F,0xF81F,0xF81F,0xF81F,0xF81F,
    0xF81F,0xF81F,0xF81F,0xF81F,0xF81F,0xF81F,0xF81F,0xF81F,0xF81F,0xF81F,0xF81F,0xF81F,
    0xF81F,0xF81F,0xF81F,0xF81F,0xF81F,0xF81F,0xF81F,0xF81F,0xF81F,0xF81F,0xF81F,0xF81F,
    0xF81F,0xF81F,0xF81F,0xF81F,0xF81F,0xF81F,0xF81F,0xF81F,0xF81F,0xF81F,0xF81F,0xF81F,
    0xF81F,0xF81F,0xF81F,0xF81F,0xF81F,0x09E8,0x09E8,0x1249,0x3ED9,0x3ED9,0x3533,0x09E8,
    0x09E8,0x1B6D,0x3ED9,0x3ED9,0x3ED9,0x3ED9,0x3ED9,0x3ED9,0x3ED9,0x4EB9,0x95D8,0xCD17,
    0xDCF7,0xDCF7,0xDCF7,0xDCF7,0xF518,0xF518,0xF558,0xE65B,0xCF9D,0xCFBE,0xCFBE,0xCFBE,
    0xCFBE,0xCFBE,0xCFBE,0xCFBE,0xCFBE,0xCFBE,0xCFBE,0xCFBE,0xCFBE,0xCFBE,0xCFBE,0xCFBE,
    0xCFBE,0xCFBE,0xCFBE,0xCFBE,0xCFBE,0xCFBE,0xCFBE,0xCFBE,0xCFBE,0xCFBE,0xCFBE,0xCFBE,
    0xCFBE,0xCFBE,0xCFBE,0xCFBE,0xCFBE,0xCFBE,0xCFBE,0xCFBE,0xCFBE,0xCFBE,0xCFBE,0xCFBE,
    0xCFBE,0xCFBE,0xCFBE,0xCFBE,0xCFBE,0xCFBE,0xCFBE,0xCFBE,0xCFBE,0xCF9D,0xE65A,0xF558,
    0xF518,0xF518,0xDCF7,0xDCF7,0xDCF7,0xDCF7,0xCD17,0x95D8,0x4EB9,0x3ED9,0x3ED9,0x3ED9,
    0x3ED9,0x3ED9,0x3ED9,0x3ED9,0x1B6D,0x09E8,0x09E8,0x3554,0x3ED9,0x3ED9,0x1249,0x09E8,
    0x09E8,0xF81F,0xF81F,0xF81F,0xF81F,0xF81F,0xF81F,0xF81F,0xF81F,0xF81F,0xF81F,0xF81F,
    0xF81F,0xF81F,0xF81F,0xF81F,0xF81F,0xF81F,0xF81F,0xF81F,0xF81F,0xF81F,0xF81F,0xF81F,
    0xF81F,0xF81F,0xF81F,0xF81F,0xF81F,0xF81F,0xF81F,0xF81F,0xF81F,0xF81F,0xF81F,0xF81F,
    0xF81F,0xF81F,0xF81F,0xF81F,0xF81F,0xF81F,0xF81F,0xF81F,0xF81F,0xF81F,0xF81F,0x09E8,
    0x09E8,0x12AA,0x3ED9,0x3ED9,0x3594,0x09E8,0x09E8,0x1B0C,0x3ED9,0x3ED9,0x3ED9,0x3ED9,
    0x3ED9,0x3ED9,0x6658,0xCD17,0xDCF7,0xDCF7,0xDCF7,0xDCF7,0xDCF7,0xE4F7,0xF518,0xF518,
    0xF518,0xF518,0xF558,0xD73C,0xCFBE,0xCFBE,0xCFBE,0xCFBE,0xCFBE,0xCFBE,0xCFBE,0xCFBE,
    0xCFBE,0xCFBE,0xCFBE,0xCFBE,0xCFBE,0xCFBE,0xCFBE,0xCFBE,0xCFBE,0xCFBE,0xCFBE,0xCFBE,
    0xCFBE,0xCFBE,0xCFBE,0xCFBE,0xCFBE,0xCFBE,0xCFBE,0xCFBE,0xCFBE,0xCFBE,0xCFBE,0xCFBE,
    0xCFBE,0xCFBE,0xCFBE,0xCFBE,0xCFBE,0xCFBE,0xCFBE,0xCFBE,0xCFBE,0xCFBE,0xCFBE,0xCFBE,
    0xCFBE,0xCFBE,0xD73C,0xF578,0xF518,0xF518,0xF518,0xF518,0xE4F7,0xDCF7,0xDCF7,0xDCF7,
    0xDCF7,0xDCF7,0xCD17,0x6678,0x3ED9,0x3ED9,0x3ED9,0x3ED9,0x3ED9,0x3ED9,0x1AEC,0x09E8,
    0x09E8,0x3595,0x3ED9,0x3ED9,0x128A,0x09E8,0x09E8,0xF81F,0xF81F,0xF81F,0xF81F,0xF81F,
    0xF81F,0xF81F,0xF81F,0xF81F,0xF81F,0xF81F,0xF81F,0xF81F,0xF81F,0xF81F,0xF81F,0xF81F,
    0xF81F,0xF81F,0xF81F,0xF81F,0xF81F,0xF81F,0xF81F,0xF81F,0xF81F,0xF81F,0xF81F,0xF81F,
    0xF81F,0xF81F,0xF81F,0xF81F,0xF81F,0xF81F,0xF81F,0xF81F,0xF81F,0xF81F,0xF81F,0xF81F,
    0xF81F,0xF81F,0xF81F,0xF81F,0xF81F,0x09E8,0x09E8,0x1ACB,0x3ED9,0x3ED9,0x3E37,0x09E8,
    0x09E8,0x1249,0x3ED9,0x3ED9,0x3ED9,0x3ED9,0x3ED9,0x5698,0xD517,0xDCF7,0xDCF7,0xDCF7,
    0xDCF7,0xDCF7,0xDCF7,0xE517,0xF518,0xF518,0xF518,0xF518,0xF518,0xF558,0xD75D,0xCFBE,
    0xCFBE,0xCFBE,0xCFBE,0xCFBE,0xCFBE,0xCFBE,0xCFBE,0xCFBE,0xCFBE,0xCFBE,0xCFBE,0xCFBE,
    0xCFBE,0xCFBE,0xCFBE,0xCFBE,0xCFBE,0xCFBE,0xCFBE,0xCFBE,0xCFBE,0xCFBE,0xCFBE,0xCFBE,
    0xCFBE,0xCFBE,0xCFBE,0xCFBE,0xCFBE,0xCFBE,0xCFBE,0xCFBE,0xCFBE,0xCFBE,0xCFBE,0xCFBE,
    0xCFBE,0xCFBE,0xCFBE,0xCFBE,0xCFBE,0xCFBE,0xCFBE,0xD75D,0xF558,0xF518,0xF518,0xF518,
    0xF518,0xF518,0xE517,0xDCF7,0xDCF7,0xDCF7,0xDCF7,0xDCF7,0xDCF7,0xCD17,0x5678,0x3ED9,
    0x3ED9,0x3ED9,0x3ED9,0x3ED9,0x1249,0x09E8,0x09E8,0x3E57,0x3ED9,0x3ED9,0x1ACB,0x09E8,
    0x09E8,0xF81F,0xF81F,0xF81F,0xF81F,0xF81F,0xF81F,0xF81F,0xF81F,0xF81F,0xF81F,0xF81F,
    0xF81F,0xF81F,0xF81F,0xF81F,0xF81F,0xF81F,0xF81F,0xF81F,0xF81F,0xF81F,0xF81F,0xF81F,
    0xF81F,0xF81F,0xF81F,0xF81F,0xF81F,0xF81F,0xF81F,0xF81F,0xF81F,0xF81F,0xF81F,0xF81F,
    0xF81F,0xF81F,0xF81F,0xF81F,0xF81F,0xF81F,0xF81F,0xF81F,0xF81F,0xF81F,0xF81F,0x09E8,
    0x09E8,0x128A,0x3ED9,0x3ED9,0x3EB9,0x1229,0x09E8,0x09E8,0x3E77,0x3ED9,0x3ED9,0x3ED9,
    0x3ED9,0xA598,0xDCF7,0xDCF7,0xDCF7,0xDCF7,0xDCF7,0xDCF7,0xDCF7,0xED18,0xF518,0xF518,
    0xF518,0xF518,0xF518,0xF518,0xE61A,0xCFBE,0xCFBE,0xCFBE,0xCFBE,0xCFBE,0xCFBE,0xCFBE,
    0xCFBE,0xCFBE,0xCFBE,0xCFBE,0xCFBE,0xCFBE,0xCFBE,0xCFBE,0xCFBE,0xCFBE,0xCFBE,0xCFBE,
    0xCFBE,0xCFBE,0xCFBE,0xCFBE,0xCFBE,0xCFBE,0xCFBE,0xCFBE,0xCFBE,0xCFBE,0xCFBE,0xCFBE,
    0xCFBE,0xCFBE,0xCFBE,0xCFBE,0xCFBE,0xCFBE,0xCFBE,0xCFBE,0xCFBE,0xCFBE,0xCFBE,0xCFBE,
    0xCFBE,0xE61A,0xF518,0xF518,0xF518,0xF518,0xF518,0xF518,0xED18,0xDCF7,0xDCF7,0xDCF7,
    0xDCF7,0xDCF7,0xDCF7,0xDCF7,0xA597,0x3ED9,0x3ED9,0x3ED9,0x3ED9,0x3E57,0x09E8,0x09E8,
    0x1229,0x3ED9,0x3ED9,0x3ED9,0x126A,0x09E8,0x09E8,0xF81F,0xF81F,0xF81F,0xF81F,0xF81F,
    0xF81F,0xF81F,0xF81F,0xF81F,0xF81F,0xF81F,0xF81F,0xF81F,0xF81F,0xF81F,0xF81F,0xF81F,
    0xF81F,0xF81F,0xF81F,0xF81F,0xF81F,0xF81F,0xF81F,0xF81F,0xF81F,0xF81F,0xF81F,0xF81F,
    0xF81F,0xF81F,0xF81F,0xF81F,0xF81F,0xF81F,0xF81F,0xF81F,0xF81F,0xF81F,0xF81F,0xF81F,
    0xF81F,0xF81F,0xF81F,0xF81F,0xF81F,0x09E8,0x09E8,0x1208,0x3EB9,0x3ED9,0x3ED9,0x1AEB,
    0x09E8,0x09E8,0x3595,0x3ED9,0x3ED9,0x3ED9,0x3ED9,0xCD17,0xDCF7,0xDCF7,0xDCF7,0xDCF7,
    0xDCF7,0xDCF7,0xDCF7,0xF518,0xF518,0xF518,0xF518,0xF518,0xF518,0xF518,0xF558,0xCFBE,
    0xCFBE,0xCFBE,0xCFBE,0xCFBE,0xCFBE,0xCFBE,0xCFBE,0xCFBE,0xCFBE,0xCFBE,0xCFBE,0xCFBE,
    0xCFBE,0xCFBE,0xCFBE,0xCFBE,0xCFBE,0xCFBE,0xCFBE,0xCFBE,0xCFBE,0xCFBE,0xCFBE,0xCFBE,
    0xCFBE,0xCFBE,0xCFBE,0xCFBE,0xCFBE,0xCFBE,0xCFBE,0xCFBE,0xCFBE,0xCFBE,0xCFBE,0xCFBE,
    0xCFBE,0xCFBE,0xCFBE,0xCFBE,0xCFBE,0xCFBE,0xCFBE,0xF558,0xF518,0xF518,0xF518,0xF518,
    0xF518,0xF518,0xF518,0xDCF7,0xDCF7,0xDCF7,0xDCF7,0xDCF7,0xDCF7,0xDCF7,0xCD17,0x3ED9,
    0x3ED9,0x3ED9,0x3ED9,0x3595,0x09E8,0x09E8,0x1AEC,0x3ED9,0x3ED9,0x3EB9,0x1208,0x09E8,
    0x09E8,0xF81F,0xF81F,0xF81F,0xF81F,0xF81F,0xF81F,0xF81F,0xF81F,0xF81F,0xF81F,0xF81F,
    0xF81F,0xF81F,0xF81F,0xF81F,0xF81F,0xF81F,0xF81F,0xF81F,0xF81F,0xF81F,0xF81F,0xF81F,
    0xF81F,0xF81F,0xF81F,0xF81F,0xF81F,0xF81F,0xF81F,0xF81F,0xF81F,0xF81F,0xF81F,0xF81F,
    0xF81F,0xF81F,0xF81F,0xF81F,0xF81F,0xF81F,0xF81F,0xF81F,0xF81F,0xF81F,0xF81F,0xF81F,
    0x09E8,0x09E8,0x3616,0x3ED9,0x3ED9,0x23AE,0x09E8,0x09E8,0x2CB2,0x3ED9,0x3ED9,0x3ED9,
    0x3ED9,0xCD17,0xDCF7,0xDCF7,0xDCF7,0xDCF7,0xDCF7,0xDCF7,0xDCF7,0xF518,0xF518,0xF518,
    0xF518,0xF518,0xF518,0xF518,0xF558,0xCFBE,0xCFBE,0xCFBE,0xCFBE,0xCFBE,0xCFBE,0xCFBE,
    0xCFBE,0xCFBE,0xCFBE,0xCFBE,0xCFBE,0xCFBE,0xCFBE,0xCFBE,0xCFBE,0xCFBE,0xCFBE,0xCFBE,
    0xCFBE,0xCFBE,0xCFBE,0xCFBE,0xCFBE,0xCFBE,0xCFBE,0xCFBE,0xCFBE,0xCFBE,0xCFBE,0xCFBE,
    0xCFBE,0xCFBE,0xCFBE,0xCFBE,0xCFBE,0xCFBE,0xCFBE,0xCFBE,0xCFBE,0xCFBE,0xCFBE,0xCFBE,
    0xCFBE,0xF558,0xF518,0xF518,0xF518,0xF518,0xF518,0xF518,0xF518,0xDCF7,0xDCF7,0xDCF7,
    0xDCF7,0xDCF7,0xDCF7,0xDCF7,0xCD17,0x3ED9,0x3ED9,0x3ED9,0x3ED9,0x2CB1,0x09E8,0x09E8,
    0x23AE,0x3ED9,0x3ED9,0x35F6,0x09E8,0x09E8,0xF81F,0xF81F,0xF81F,0xF81F,0xF81F,0xF81F,
    0xF81F,0xF81F,0xF81F,0xF81F,0xF81F,0xF81F,0xF81F,0xF81F,0xF81F,0xF81F,0xF81F,0xF81F,
    0xF81F,0xF81F,0xF81F,0xF81F,0xF81F,0xF81F,0xF81F,0xF81F,0xF81F,0xF81F,0xF81F,0xF81F,
    0xF81F,0xF81F,0xF81F,0xF81F,0xF81F,0xF81F,0xF81F,0xF81F,0xF81F,0xF81F,0xF81F,0xF81F,
    0xF81F,0xF81F,0xF81F,0xF81F,0xF81F,0xF81F,0x09E8,0x09E8,0x2CD2,0x3ED9,0x3ED9,0x2CB2,
    0x09E8,0x09E8,0x1B6D,0x3ED9,0x3ED9,0x3ED9,0x3ED9,0xA597,0xDCF7,0xDCF7,0xDCF7,0xDCF7,
    0xDCF7,0xDCF7,0xDCF7,0xF518,0xF518,0xF518,0xF518,0xF518,0xF518,0xF518,0xE61A,0xCFBE,
    0xCFBE,0xCFBE,0xCFBE,0xCFBE,0xCFBE,0xCFBE,0xCFBE,0xCFBE,0xCFBE,0xCFBE,0xCFBE,0xCFBE,
    0xCFBE,0xCFBE,0xCFBE,0xCFBE,0xCFBE,0xCFBE,0xCFBE,0xCFBE,0xCFBE,0xCFBE,0xCFBE,0xCFBE,
    0xCFBE,0xCFBE,0xCFBE,0xCFBE,0xCFBE,0xCFBE,0xCFBE,0xCFBE,0xCFBE,0xCFBE,0xCFBE,0xCFBE,
    0xCFBE,0xCFBE,0xCFBE,0xCFBE,0xCFBE,0xCFBE,0xCFBE,0xE61A,0xF518,0xF518,0xF518,0xF518,
    0xF518,0xF518,0xF518,0xDCF7,0xDCF7,0xDCF7,0xDCF7,0xDCF7,0xDCF7,0xDCF7,0xA597,0x3ED9,
    0x3ED9,0x3ED9,0x3ED9,0x1B6D,0x09E8,0x09E8,0x2CD2,0x3ED9,0x3ED9,0x2CD2,0x09E8,0x09E8,
    0xF81F,0xF81F,0xF81F,0xF81F,0xF81F,0xF81F,0xF81F,0xF81F,0xF81F,0xF81F,0xF81F,0xF81F,
    0xF81F,0xF81F,0xF81F,0xF81F,0xF81F,0xF81F,0xF81F,0xF81F,0xF81F,0xF81F,0xF81F,0xF81F,
    0xF81F,0xF81F,0xF81F,0xF81F,0xF81F,0xF81F,0xF81F,0xF81F,0xF81F,0xF81F,0xF81F,0xF81F,
    0xF81F,0xF81F,0xF81F,0xF81F,0xF81F,0xF81F,0xF81F,0xF81F,0xF81F,0xF81F,0xF81F,0xF81F,
    0x09E8,0x09E8,0x1B6D,0x3ED9,0x3ED9,0x3E16,0x09E8,0x09E8,0x1229,0x3EB8,0x3ED9,0x3ED9,
    0x3ED9,0x5698,0xD517,0xDCF7,0xDCF7,0xDCF7,0xDCF7,0xDCF7,0xDCF7,0xF518,0xF518,0xF518,
    0xF518,0xF518,0xF518,0xF558,0xD75D,0xCFBE,0xCFBE,0xCFBE,0xCFBE,0xCFBE,0xCFBE,0xCFBE,
    0xCFBE,0xCFBE,0xCFBE,0xCFBE,0xCFBE,0xCFBE,0xCFBE,0xCFBE,0xCFBE,0xCFBE,0xCFBE,0xCFBE,
    0xCFBE,0xCFBE,0xCFBE,0xCFBE,0xCFBE,0xCFBE,0xCFBE,0xCFBE,0xCFBE,0xCFBE,0xCFBE,0xCFBE,
    0xCFBE,0xCFBE,0xCFBE,0xCFBE,0xCFBE,0xCFBE,0xCFBE,0xCFBE,0xCFBE,0xCFBE,0xCFBE,0xCFBE,
    0xCFBE,0xD75D,0xF558,0xF518,0xF518,0xF518,0xF518,0xF518,0xF518,0xDCF7,0xDCF7,0xDCF7,
    0xDCF7,0xDCF7,0xDCF7,0xCD17,0x5698,0x3ED9,0x3ED9,0x3ED9,0x3EB8,0x1229,0x09E8,0x09E8,
    0x3E16,0x3ED9,0x3ED9,0x1B6D,0x09E8,0x09E8,0xF81F,0xF81F,0xF81F,0xF81F,0xF81F,0xF81F,
    0xF81F,0xF81F,0xF81F,0xF81F,0xF81F,0xF81F,0xF81F,0xF81F,0xF81F,0xF81F,0xF81F,0xF81F,
    0xF81F,0xF81F,0xF81F,0xF81F,0xF81F,0xF81F,0xF81F,0xF81F,0xF81F,0xF81F,0xF81F,0xF81F,
    0xF81F,0xF81F,0xF81F,0xF81F,0xF81F,0xF81F,0xF81F,0xF81F,0xF81F,0xF81F,0xF81F,0xF81F,
    0xF81F,0xF81F,0xF81F,0xF81F,0xF81F,0xF81F,0x09E8,0x09E8,0x1208,0x3E57,0x3ED9,0x3ED9,
    0x128A,0x09E8,0x09E8,0x35B5,0x3ED9,0x3ED9,0x3ED9,0x3ED9,0x6678,0xCD17,0xDCF7,0xDCF7,
    0xDCF7,0xDCF7,0xDCF7,0xF518,0xF518,0xF518,0xF518,0xF518,0xF558,0xD73C,0xCFBE,0xCFBE,
    0xCFBE,0xCFBE,0xCFBE,0xCFBE,0xCFBE,0xCFBE,0xCFBE,0xCFBE,0xCFBE,0xCFBE,0xCFBE,0xCFBE,
    0xCFBE,0xCFBE,0xCFBE,0xCFBE,0xCFBE,0xCFBE,0xCFBE,0xCFBE,0xCFBE,0xCFBE,0xCFBE,0xCFBE,
    0xCFBE,0xCFBE,0xCFBE,0xCFBE,0xCFBE,0xCFBE,0xCFBE,0xCFBE,0xCFBE,0xCFBE,0xCFBE,0xCFBE,
    0xCFBE,0xCFBE,0xCFBE,0xCFBE,0xCFBE,0xCFBE,0xCFBE,0xCFBE,0xD73C,0xF558,0xF518,0xF518,
    0xF518,0xF518,0xF518,0xDCF7,0xDCF7,0xDCF7,0xDCF7,0xDCF7,0xCD17,0x5E78,0x3ED9,0x3ED9,
    0x3ED9,0x3ED9,0x3595,0x09E8,0x09E8,0x128A,0x3ED9,0x3ED9,0x3E57,0x1208,0x09E8,0x09E8,
    0xF81F,0xF81F,0xF81F,0xF81F,0xF81F,0xF81F,0xF81F,0xF81F,0xF81F,0xF81F,0xF81F,0xF81F,
    0xF81F,0xF81F,0xF81F,0xF81F,0xF81F,0xF81F,0xF81F,0xF81F,0xF81F,0xF81F,0xF81F,0xF81F,
    0xF81F,0xF81F,0xF81F,0xF81F,0xF81F,0xF81F,0xF81F,0xF81F,0xF81F,0xF81F,0xF81F,0xF81F,
    0xF81F,0xF81F,0xF81F,0xF81F,0xF81F,0xF81F,0xF81F,0xF81F,0xF81F,0xF81F,0xF81F,0xF81F,
    0xF81F,0x09E8,0x09E8,0x2470,0x3ED9,0x3ED9,0x23CF,0x09E8,0x09E8,0x2430,0x3ED9,0x3ED9,
    0x3ED9,0x3ED9,0x3ED9,0x4EB9,0x8DD8,0xCD17,0xDCF7,0xDCF7,0xDCF7,0xF518,0xF518,0xF518,
    0xF558,0xE67B,0xCF9D,0xCFBE,0xCFBE,0xCFBE,0xCFBE,0xCFBE,0xCFBE,0xCFBE,0xCFBE,0xCFBE,
    0xCFBE,0xCFBE,0xCFBD,0x8D95,0x8D95,0xCFBD,0xCFBE,0xCFBE,0xCFBE,0xCFBE,0xCFBE,0xCFBE,
    0xCFBE,0xCFBE,0xCFBE,0xCFBE,0xCFBE,0xCFBE,0xCFBE,0xCFBE,0xCFBE,0xCFBE,0xCFBE,0xCFBE,
    0xCFBD,0x8D95,0x8D95,0xCFBD,0xCFBE,0xCFBE,0xCFBE,0xCFBE,0xCFBE,0xCFBE,0xCFBE,0xCFBE,
    0xCFBE,0xCFBE,0xCFBE,0xCF9D,0xE65A,0xF558,0xF518,0xF518,0xF518,0xDCF7,0xDCF7,0xDCF7,
    0xCD17,0x8DD8,0x46B9,0x3ED9,0x3ED9,0x3ED9,0x3ED9,0x3ED9,0x2430,0x09E8,0x09E8,0x23CF,
    0x3ED9,0x3ED9,0x2450,0x09E8,0x09E8,0xF81F,0xF81F,0xF81F,0xF81F,0xF81F,0xF81F,0xF81F,
    0xF81F,0xF81F,0xF81F,0xF81F,0xF81F,0xF81F,0xF81F,0xF81F,0xF81F,0xF81F,0xF81F,0xF81F,
    0xF81F,0xF81F,0xF81F,0xF81F,0xF81F,0xF81F,0xF81F,0xF81F,0xF81F,0xF81F,0xF81F,0xF81F,
    0xF81F,0xF81F,0xF81F,0xF81F,0xF81F,0xF81F,0xF81F,0xF81F,0xF81F,0xF81F,0xF81F,0xF81F,
    0xF81F,0xF81F,0xF81F,0xF81F,0xF81F,0xF81F,0xF81F,0x09E8,0x09E8,0x1229,0x3E57,0x3ED9,
    0x3554,0x09E8,0x09E8,0x126A,0x3EB9,0x3ED9,0x3ED9,0x3ED9,0x3ED9,0x3ED9,0x3ED9,0x46D9,
    0x5E78,0x7E18,0x85F8,0xC65A,0xDEBB,0xD73C,0xCFBE,0xCFBE,0xCFBE,0xCFBE,0xCFBE,0xCFBE,
    0xCFBE,0xCFBE,0xCFBE,0xCFBE,0xCFBE,0xCFBE,0xCFBE,0xCFBE,0x8D75,0x11A7,0x11A7,0x53AE,
    0xC79D,0xCFBE,0xCFBE,0xCFBE,0xCFBE,0xCFBE,0xCFBE,0xCFBE,0xCFBE,0xCFBE,0xCFBE,0xCFBE,
    0xCFBE,0xCFBE,0xCFBE,0xCFBE,0xCFBE,0xC77D,0x4B8E,0x11A7,0x11A7,0x8D75,0xCFBE,0xCFBE,
    0xCFBE,0xCFBE,0xCFBE,0xCFBE,0xCFBE,0xCFBE,0xCFBE,0xCFBE,0xCFBE,0xCFBE,0xCFBE,0xCFBE,
    0xD73C,0xDEBB,0xC65A,0x85F8,0x7E18,0x5E78,0x46D9,0x3ED9,0x3ED9,0x3ED9,0x3ED9,0x3ED9,
    0x3ED9,0x3EB9,0x126A,0x09E8,0x09E8,0x3554,0x3ED9,0x3E57,0x1229,0x09E8,0x09E8,0xF81F,
    0xF81F,0xF81F,0xF81F,0xF81F,0xF81F,0xF81F,0xF81F,0xF81F,0xF81F,0xF81F,0xF81F,0xF81F,
    0xF81F,0xF81F,0xF81F,0xF81F,0xF81F,0xF81F,0xF81F,0xF81F,0xF81F,0xF81F,0xF81F,0xF81F,
    0xF81F,0xF81F,0xF81F,0xF81F,0xF81F,0xF81F,0xF81F,0xF81F,0xF81F,0xF81F,0xF81F,0xF81F,
    0xF81F,0xF81F,0xF81F,0xF81F,0xF81F,0xF81F,0xF81F,0xF81F,0xF81F,0xF81F,0xF81F,0xF81F,
    0xF81F,0xF81F,0x09E8,0x09E8,0x23AE,0x3ED9,0x3EB8,0x124A,0x09E8,0x09E8,0x3574,0x3ED9,
    0x3ED9,0x3ED9,0x3ED9,0x3ED9,0x3ED9,0x3ED9,0x3ED9,0x3ED9,0x3ED9,0x8F3B,0xCFBE,0xCFBE,
    0xCFBE,0xCFBE,0xCFBE,0xCFBE,0xCFBE,0xCFBE,0xCFBE,0xCFBE,0xCFBE,0xCFBE,0xCFBE,0xCFBE,
    0xCFBE,0xCFBE,0x8D75,0x11A7,0x11A7,0x11A7,0x3B0C,0xBF5C,0xCFBE,0xCFBE,0xCFBE,0xCFBE,
    0xCFBE,0xCFBE,0xCFBE,0xCFBE,0xCFBE,0xCFBE,0xCFBE,0xCFBE,0xCFBE,0xCFBE,0xBF3C,0x3B0C,
    0x11A7,0x11A7,0x11A7,0x8D75,0xCFBE,0xCFBE,0xCFBE,0xCFBE,0xCFBE,0xCFBE,0xCFBE,0xCFBE,
    0xCFBE,0xCFBE,0xCFBE,0xCFBE,0xCFBE,0xCFBE,0xCFBE,0xCFBE,0x8F5B,0x3ED9,0x3ED9,0x3ED9,
    0x3ED9,0x3ED9,0x3ED9,0x3ED9,0x3ED9,0x3ED9,0x3ED9,0x3554,0x09E8,0x09E8,0x124A,0x3EB8,
    0x3ED9,0x23AE,0x09E8,0x09E8,0xF81F,0xF81F,0xF81F,0xF81F,0xF81F,0xF81F,0xF81F,0xF81F,
    0xF81F,0xF81F,0xF81F,0xF81F,0xF81F,0xF81F,0xF81F,0xF81F,0xF81F,0xF81F,0xF81F,0xF81F,
    0xF81F,0xF81F,0xF81F,0xF81F,0xF81F,0xF81F,0xF81F,0xF81F,0xF81F,0xF81F,0xF81F,0xF81F,
    0xF81F,0xF81F,0xF81F,0xF81F,0xF81F,0xF81F,0xF81F,0xF81F,0xF81F,0xF81F,0xF81F,0xF81F,
    0xF81F,0xF81F,0xF81F,0xF81F,0xF81F,0xF81F,0xF81F,0xF81F,0x09E8,0x09E8,0x09E8,0x2CF2,
    0x3ED9,0x2410,0x09E8,0x09E8,0x1B8E,0x3ED9,0x3ED9,0x3ED9,0x3ED9,0x3ED9,0x3ED9,0x3ED9,
    0x3ED9,0x3ED9,0x3ED9,0x6F1A,0xCFBE,0xCFBE,0xCFBE,0xCFBE,0xCFBE,0xCFBE,0xCFBE,0xCFBE,
    0xCFBE,0xCFBE,0xCFBE,0xCFBE,0xCFBE,0xCFBE,0xCFBE,0xCFBE,0xCFBD,0x6451,0x11A7,0x11A7,
    0x11A7,0x2A6A,0x9E17,0xCFBE,0xCFBE,0xCFBE,0xCFBE,0xCFBE,0xCFBE,0xCFBE,0xCFBE,0xCFBE,
    0xCFBE,0xCFBE,0xCFBE,0x9E17,0x2A6A,0x11A7,0x11A7,0x11A7,0x6451,0xCFBD,0xCFBE,0xCFBE,
    0xCFBE,0xCFBE,0xCFBE,0xCFBE,0xCFBE,0xCFBE,0xCFBE,0xCFBE,0xCFBE,0xCFBE,0xCFBE,0xCFBE,
    0xCFBE,0xCFBE,0x6F1A,0x3ED9,0x3ED9,0x3ED9,0x3ED9,0x3ED9,0x3ED9,0x3ED9,0x3ED9,0x3ED9,
    0x3ED9,0x1B8D,0x09E8,0x09E8,0x2430,0x3ED9,0x2CF2,0x09E8,0x09E8,0x09E8,0xF81F,0xF81F,
    0xF81F,0xF81F,0xF81F,0xF81F,0xF81F,0xF81F,0xF81F,0xF81F,0xF81F,0xF81F,0xF81F,0xF81F,
    0xF81F,0xF81F,0xF81F,0xF81F,0xF81F,0xF81F,0xF81F,0xF81F,0xF81F,0xF81F,0xF81F,0xF81F,
    0xF81F,0xF81F,0xF81F,0xF81F,0xF81F,0xF81F,0xF81F,0xF81F,0xF81F,0xF81F,0xF81F,0xF81F,
    0xF81F,0xF81F,0xF81F,0xF81F,0xF81F,0xF81F,0xF81F,0xF81F,0xF81F,0xF81F,0xF81F,0xF81F,
    0xF81F,0xF81F,0xF81F,0x09E8,0x09E8,0x1208,0x3574,0x35F6,0x09E8,0x09E8,0x1208,0x3E37,
    0x3ED9,0x3ED9,0x3ED9,0x3ED9,0x3ED9,0x3ED9,0x3ED9,0x3ED9,0x3ED9,0x46D9,0xCFBD,0xCFBE,
    0xCFBE,0xCFBE,0xCFBE,0xCFBE,0xCFBE,0xCFBE,0xCFBE,0xCFBE,0xCFBE,0xCFBE,0xCFBE,0xCFBE,
    0xCFBE,0xCFBE,0xCFBE,0xCFBE,0x7D14,0x11A7,0x11A7,0x11A7,0x11A7,0x53CF,0xBF1B,0xCFBE,
    0xCFBE,0xCFBE,0xCFBE,0xCFBE,0xCFBE,0xCFBE,0xCFBE,0xB71B,0x53CF,0x11A7,0x11A7,0x11A7,
    0x11A7,0x7D34,0xCFBE,0xCFBE,0xCFBE,0xCFBE,0xCFBE,0xCFBE,0xCFBE,0xCFBE,0xCFBE,0xCFBE,
    0xCFBE,0xCFBE,0xCFBE,0xCFBE,0xCFBE,0xCFBE,0xCFBE,0xC7BD,0x46D9,0x3ED9,0x3ED9,0x3ED9,
    0x3ED9,0x3ED9,0x3ED9,0x3ED9,0x3ED9,0x3ED9,0x3E37,0x1208,0x09E8,0x09E8,0x3616,0x3574,
    0x1208,0x09E8,0x09E8,0xF81F,0xF81F,0xF81F,0xF81F,0xF81F,0xF81F,0xF81F,0xF81F,0xF81F,
    0xF81F,0xF81F,0xF81F,0xF81F,0xF81F,0xF81F,0xF81F,0xF81F,0xF81F,0xF81F,0xF81F,0xF81F,
    0xF81F,0xF81F,0xF81F,0xF81F,0xF81F,0xF81F,0xF81F,0xF81F,0xF81F,0xF81F,0xF81F,0xF81F,
    0xF81F,0xF81F,0xF81F,0xF81F,0xF81F,0xF81F,0xF81F,0xF81F,0xF81F,0xF81F,0xF81F,0xF81F,
    0xF81F,0xF81F,0xF81F,0xF81F,0xF81F,0xF81F,0xF81F,0xF81F,0xF81F,0xF81F,0x09E8,0x09E8,
    0x1208,0x2D13,0x1B0C,0x09E8,0x09E8,0x23EF,0x3ED9,0x3ED9,0x3ED9,0x3ED9,0x3ED9,0x3ED9,
    0x3ED9,0x3ED9,0x3ED9,0x3ED9,0xA77C,0xCFBE,0xCFBE,0xCFBE,0xCFBE,0xCFBE,0xCFBE,0xCFBE,
    0xCFBE,0xCFBE,0xCFBE,0xCFBE,0xCFBE,0xCFBE,0xCFBE,0xCFBE,0xCFBE,0xCFBE,0xCFBE,0x95D7,
    0x2208,0x11A7,0x11A7,0x11A7,0x19C7,0x53AE,0x8D95,0xB6DA,0xC77D,0xC77D,0xB6DA,0x8D95,
    0x4B8E,0x19C7,0x11A7,0x11A7,0x11A7,0x2208,0x95F7,0xCFBE,0xCFBE,0xCFBE,0xCFBE,0xCFBE,
    0xCFBE,0xCFBE,0xCFBE,0xCFBE,0xCFBE,0xCFBE,0xCFBE,0xCFBE,0xCFBE,0xCFBE,0xCFBE,0xCFBE,
    0xCFBE,0xA77C,0x3ED9,0x3ED9,0x3ED9,0x3ED9,0x3ED9,0x3ED9,0x3ED9,0x3ED9,0x3ED9,0x3ED9,
    0x23CF,0x09E8,0x09E8,0x1B2C,0x2CF3,0x1208,0x09E8,0x09E8,0xF81F,0xF81F,0xF81F,0xF81F,
    0xF81F,0xF81F,0xF81F,0xF81F,0xF81F,0xF81F,0xF81F,0xF81F,0xF81F,0xF81F,0xF81F,0xF81F,
    0xF81F,0xF81F,0xF81F,0xF81F,0xF81F,0xF81F,0xF81F,0xF81F,0xF81F,0xF81F,0xF81F,0xF81F,
    0xF81F,0xF81F,0xF81F,0xF81F,0xF81F,0xF81F,0xF81F,0xF81F,0xF81F,0xF81F,0xF81F,0xF81F,
    0xF81F,0xF81F,0xF81F,0xF81F,0xF81F,0xF81F,0xF81F,0xF81F,0xF81F,0xF81F,0xF81F,0xF81F,
    0xF81F,0xF81F,0xF81F,0xF81F,0xF81F,0x09E8,0x09E8,0x09E8,0x1B0C,0x09E8,0x09E8,0x1208,
    0x3E37,0x3ED9,0x3ED9,0x3ED9,0x3ED9,0x3ED9,0x3ED9,0x3ED9,0x3ED9,0x3ED9,0x6F1A,0xCFBE,
    0xCFBE,0xCFBE,0xCFBE,0xCFBE,0xCFBE,0xCFBE,0xCFBE,0xCFBE,0xCFBE,0xCFBE,0xCFBE,0xCFBE,
    0xCFBE,0xCFBE,0xCFBE,0xCFBE,0xCFBE,0xCFBE,0xBF5C,0x5C10,0x11A7,0x11A7,0x11A7,0x11A7,
    0x11A7,0x11A7,0x11A7,0x11A7,0x11A7,0x11A7,0x11A7,0x11A7,0x11A7,0x11A7,0x53AE,0xBF3C,
    0xCFBE,0xCFBE,0xCFBE,0xCFBE,0xCFBE,0xCFBE,0xCFBE,0xCFBE,0xCFBE,0xCFBE,0xCFBE,0xCFBE,
    0xCFBE,0xCFBE,0xCFBE,0xCFBE,0xCFBE,0xCFBE,0xCFBE,0x6F1A,0x3ED9,0x3ED9,0x3ED9,0x3ED9,
    0x3ED9,0x3ED9,0x3ED9,0x3ED9,0x3ED9,0x3E37,0x1208,0x09E8,0x09E8,0x1B0C,0x09E8,0x09E8,
    0x09E8,0xF81F,0xF81F,0xF81F,0xF81F,0xF81F,0xF81F,0xF81F,0xF81F,0xF81F,0xF81F,0xF81F,
    0xF81F,0xF81F,0xF81F,0xF81F,0xF81F,0xF81F,0xF81F,0xF81F,0xF81F,0xF81F,0xF81F,0xF81F,
    0xF81F,0xF81F,0xF81F,0xF81F,0xF81F,0xF81F,0xF81F,0xF81F,0xF81F,0xF81F,0xF81F,0xF81F,
    0xF81F,0xF81F,0xF81F,0xF81F,0xF81F,0xF81F,0xF81F,0xF81F,0xF81F,0xF81F,0xF81F,0xF81F,
    0xF81F,0xF81F,0xF81F,0xF81F,0xF81F,0xF81F,0xF81F,0xF81F,0xF81F,0xF81F,0xF81F,0xF81F,
    0x09E8,0x09E8,0x09E8,0x09E8,0x09E8,0x09E8,0x23CF,0x3ED9,0x3ED9,0x3ED9,0x3ED9,0x3ED9,
    0x3ED9,0x3ED9,0x3ED9,0x3ED9,0x46D9,0xBFBD,0xCFBE,0xCFBE,0xCFBE,0xCFBE,0xCFBE,0xCFBE,
    0xCFBE,0xCFBE,0xCFBE,0xCFBE,0xCFBE,0xCFBE,0xCFBE,0xCFBE,0xCFBE,0xCFBE,0xCFBE,0xCFBE,
    0xCFBE,0xCFBE,0x9E38,0x432C,0x11A7,0x11A7,0x11A7,0x11A7,0x11A7,0x11A7,0x11A7,0x11A7,
    0x11A7,0x11A7,0x432C,0x9E38,0xCFBE,0xCFBE,0xCFBE,0xCFBE,0xCFBE,0xCFBE,0xCFBE,0xCFBE,
    0xCFBE,0xCFBE,0xCFBE,0xCFBE,0xCFBE,0xCFBE,0xCFBE,0xCFBE,0xCFBE,0xCFBE,0xCFBE,0xCFBE,
    0xBF9D,0x46D9,0x3ED9,0x3ED9,0x3ED9,0x3ED9,0x3ED9,0x3ED9,0x3ED9,0x3ED9,0x3ED9,0x23AE,
    0x09E8,0x09E8,0x09E8,0x09E8,0x09E8,0x09E8,0xF81F,0xF81F,0xF81F,0xF81F,0xF81F,0xF81F,
    0xF81F,0xF81F,0xF81F,0xF81F,0xF81F,0xF81F,0xF81F,0xF81F,0xF81F,0xF81F,0xF81F,0xF81F,
    0xF81F,0xF81F,0xF81F,0xF81F,0xF81F,0xF81F,0xF81F,0xF81F,0xF81F,0xF81F,0xF81F,0xF81F,
    0xF81F,0xF81F,0xF81F,0xF81F,0xF81F,0xF81F,0xF81F,0xF81F,0xF81F,0xF81F,0xF81F,0xF81F,
    0xF81F,0xF81F,0xF81F,0xF81F,0xF81F,0xF81F,0xF81F,0xF81F,0xF81F,0xF81F,0xF81F,0xF81F,
    0xF81F,0xF81F,0xF81F,0xF81F,0xF81F,0xF81F,0xF81F,0x09E8,0x09E8,0x09E8,0x09E8,0x09E8,
    0x09E8,0x35B5,0x3ED9,0x3ED9,0x3ED9,0x3ED9,0x3ED9,0x3ED9,0x3ED9,0x3ED9,0x3ED9,0x7F3B,
    0xCFBE,0xCFBE,0xCFBE,0xCFBE,0xCFBE,0xCFBE,0xCFBE,0xCFBE,0xCFBE,0xCFBE,0xCFBE,0xCFBE,
    0xCFBE,0xCFBE,0xCFBE,0xCFBE,0xCFBE,0xCFBE,0xCFBE,0xCFBE,0xCFBE,0xCFBE,0xAEBA,0x74D2,
    0x434D,0x2249,0x19C7,0x19C7,0x2A49,0x434D,0x74D3,0xAEBA,0xCFBE,0xCFBE,0xCFBE,0xCFBE,
    0xCFBE,0xCFBE,0xCFBE,0xCFBE,0xCFBE,0xCFBE,0xCFBE,0xCFBE,0xCFBE,0xCFBE,0xCFBE,0xCFBE,
    0xCFBE,0xCFBE,0xCFBE,0xCFBE,0xCFBE,0xCFBE,0x7F3B,0x3ED9,0x3ED9,0x3ED9,0x3ED9,0x3ED9,
    0x3ED9,0x3ED9,0x3ED9,0x3ED9,0x35B5,0x09E8,0x09E8,0x09E8,0x09E8,0x09E8,0x09E8,0xF81F,
    0xF81F,0xF81F,0xF81F,0xF81F,0xF81F,0xF81F,0xF81F,0xF81F,0xF81F,0xF81F,0xF81F,0xF81F,
    0xF81F,0xF81F,0xF81F,0xF81F,0xF81F,0xF81F,0xF81F,0xF81F,0xF81F,0xF81F,0xF81F,0xF81F,
    0xF81F,0xF81F,0xF81F,0xF81F,0xF81F,0xF81F,0xF81F,0xF81F,0xF81F,0xF81F,0xF81F,0xF81F,
    0xF81F,0xF81F,0xF81F,0xF81F,0xF81F,0xF81F,0xF81F,0xF81F,0xF81F,0xF81F,0xF81F,0xF81F,
    0xF81F,0xF81F,0xF81F,0xF81F,0xF81F,0xF81F,0xF81F,0xF81F,0xF81F,0xF81F,0xF81F,0xF81F,
    0xF81F,0xF81F,0xF81F,0xF81F,0x09E8,0x09E8,0x09E8,0x12CB,0x3EB8,0x3ED9,0x3ED9,0x3ED9,
    0x3ED9,0x3ED9,0x3ED9,0x3ED9,0x3ED9,0x46D9,0xB79D,0xCFBE,0xCFBE,0xCFBE,0xCFBE,0xCFBE,
    0xCFBE,0xCFBE,0xCFBE,0xCFBE,0xCFBE,0xCFBE,0xCFBE,0xCFBE,0xCFBE,0xCFBE,0xCFBE,0xCFBE,
    0xCFBE,0xCFBE,0xCFBE,0xCFBE,0xCFBE,0xCFBE,0xCFBE,0xCFBE,0xCFBE,0xCFBE,0xCFBE,0xCFBE,
    0xCFBE,0xCFBE,0xCFBE,0xCFBE,0xCFBE,0xCFBE,0xCFBE,0xCFBE,0xCFBE,0xCFBE,0xCFBE,0xCFBE,
    0xCFBE,0xCFBE,0xCFBE,0xCFBE,0xCFBE,0xCFBE,0xCFBE,0xCFBE,0xCFBE,0xCFBE,0xCFBE,0xB79D,
    0x46D9,0x3ED9,0x3ED9,0x3ED9,0x3ED9,0x3ED9,0x3ED9,0x3ED9,0x3ED9,0x3EB8,0x12AB,0x09E8,
    0x09E8,0x09E8,0xF81F,0xF81F,0xF81F,0xF81F,0xF81F,0xF81F,0xF81F,0xF81F,0xF81F,0xF81F,
    0xF81F,0xF81F,0xF81F,0xF81F,0xF81F,0xF81F,0xF81F,0xF81F,0xF81F,0xF81F,0xF81F,0xF81F,
    0xF81F,0xF81F,0xF81F,0xF81F,0xF81F,0xF81F,0xF81F,0xF81F,0xF81F,0xF81F,0xF81F,0xF81F,
    0xF81F,0xF81F,0xF81F,0xF81F,0xF81F,0xF81F,0xF81F,0xF81F,0xF81F,0xF81F,0xF81F,0xF81F,
    0xF81F,0xF81F,0xF81F,0xF81F,0xF81F,0xF81F,0xF81F,0xF81F,0xF81F,0xF81F,0xF81F,0xF81F,
    0xF81F,0xF81F,0xF81F,0xF81F,0xF81F,0xF81F,0xF81F,0xF81F,0xF81F,0xF81F,0xF81F,0x09E8,
    0x09E8,0x09E8,0x2C71,0x3ED9,0x3ED9,0x3ED9,0x3ED9,0x3ED9,0x3ED9,0x3ED9,0x3ED9,0x3ED9,
    0x6F1A,0xCFBE,0xCFBE,0xCFBE,0xCFBE,0xCFBE,0xCFBE,0xCFBE,0xCFBE,0xCFBE,0xCFBE,0xCFBE,
    0xCFBE,0xCFBE,0xCFBE,0xCFBE,0xCFBE,0xCFBE,0xCFBE,0xCFBE,0xCFBE,0xCFBE,0xCFBE,0xCFBE,
    0xCFBE,0xCFBE,0xCFBE,0xCFBE,0xCFBE,0xCFBE,0xCFBE,0xCFBE,0xCFBE,0xCFBE,0xCFBE,0xCFBE,
    0xCFBE,0xCFBE,0xCFBE,0xCFBE,0xCFBE,0xCFBE,0xCFBE,0xCFBE,0xCFBE,0xCFBE,0xCFBE,0xCFBE,
    0xCFBE,0xCFBE,0xCFBE,0xCFBE,0xCFBE,0x671A,0x3ED9,0x3ED9,0x3ED9,0x3ED9,0x3ED9,0x3ED9,
    0x3ED9,0x3ED9,0x3ED9,0x2450,0x09E8,0x09E8,0x09E8,0xF81F,0xF81F,0xF81F,0xF81F,0xF81F,
    0xF81F,0xF81F,0xF81F,0xF81F,0xF81F,0xF81F,0xF81F,0xF81F,0xF81F,0xF81F,0xF81F,0xF81F,
    0xF81F,0xF81F,0xF81F,0xF81F,0xF81F,0xF81F,0xF81F,0xF81F,0xF81F,0xF81F,0xF81F,0xF81F,
    0xF81F,0xF81F,0xF81F,0xF81F,0xF81F,0xF81F,0xF81F,0xF81F,0xF81F,0xF81F,0xF81F,0xF81F,
    0xF81F,0xF81F,0xF81F,0xF81F,0xF81F,0xF81F,0xF81F,0xF81F,0xF81F,0xF81F,0xF81F,0xF81F,
    0xF81F,0xF81F,0xF81F,0xF81F,0xF81F,0xF81F,0xF81F,0xF81F,0xF81F,0xF81F,0xF81F,0xF81F,
    0xF81F,0xF81F,0xF81F,0xF81F,0xF81F,0xF81F,0x09E8,0x09E8,0x1208,0x35D5,0x3ED9,0x3ED9,
    0x3ED9,0x3ED9,0x3ED9,0x3ED9,0x3ED9,0x3ED9,0x3ED9,0x975C,0xCFBE,0xCFBE,0xCFBE,0xCFBE,
    0xCFBE,0xCFBE,0xCFBE,0xCFBE,0xCFBE,0xCFBE,0xCFBE,0xCFBE,0xCFBE,0xCFBE,0xCFBE,0xCFBE,
    0xCFBE,0xCFBE,0xCFBE,0xCFBE,0xCFBE,0xCFBE,0xCFBE,0xCFBE,0xCFBE,0xCFBE,0xCFBE,0xCFBE,
    0xCFBE,0xCFBE,0xCFBE,0xCFBE,0xCFBE,0xCFBE,0xCFBE,0xCFBE,0xCFBE,0xCFBE,0xCFBE,0xCFBE,
    0xCFBE,0xCFBE,0xCFBE,0xCFBE,0xCFBE,0xCFBE,0xCFBE,0xCFBE,0xCFBE,0xCFBE,0x975B,0x3ED9,
    0x3ED9,0x3ED9,0x3ED9,0x3ED9,0x3ED9,0x3ED9,0x3ED9,0x3ED9,0x35D5,0x1208,0x09E8,0x09E8,
    0xF81F,0xF81F,0xF81F,0xF81F,0xF81F,0xF81F,0xF81F,0xF81F,0xF81F,0xF81F,0xF81F,0xF81F,
    0xF81F,0xF81F,0xF81F,0xF81F,0xF81F,0xF81F,0xF81F,0xF81F,0xF81F,0xF81F,0xF81F,0xF81F,
    0xF81F,0xF81F,0xF81F,0xF81F,0xF81F,0xF81F,0xF81F,0xF81F,0xF81F,0xF81F,0xF81F,0xF81F,
    0xF81F,0xF81F,0xF81F,0xF81F,0xF81F,0xF81F,0xF81F,0xF81F,0xF81F,0xF81F,0xF81F,0xF81F,
    0xF81F,0xF81F,0xF81F,0xF81F,0xF81F,0xF81F,0xF81F,0xF81F,0xF81F,0xF81F,0xF81F,0xF81F,
    0xF81F,0xF81F,0xF81F,0xF81F,0xF81F,0xF81F,0xF81F,0xF81F,0xF81F,0xF81F,0xF81F,0xF81F,
    0x09E8,0x09E8,0x09E8,0x128A,0x3E78,0x3ED9,0x3ED9,0x3ED9,0x3ED9,0x3ED9,0x3ED9,0x3ED9,
    0x3ED9,0x46D9,0xB79D,0xCFBE,0xCFBE,0xCFBE,0xCFBE,0xCFBE,0xCFBE,0xCFBE,0xCFBE,0xCFBE,
    0xCFBE,0xCFBE,0xCFBE,0xCFBE,0xCFBE,0xCFBE,0xCFBE,0xCFBE,0xCFBE,0xCFBE,0xCFBE,0xCFBE,
    0xCFBE,0xCFBE,0xCFBE,0xCFBE,0xCFBE,0xCFBE,0xCFBE,0xCFBE,0xCFBE,0xCFBE,0xCFBE,0xCFBE,
    0xCFBE,0xCFBE,0xCFBE,0xCFBE,0xCFBE,0xCFBE,0xCFBE,0xCFBE,0xCFBE,0xCFBE,0xCFBE,0xCFBE,
    0xCFBE,0xCFBE,0xCFBE,0xB79D,0x46D9,0x3ED9,0x3ED9,0x3ED9,0x3ED9,0x3ED9,0x3ED9,0x3ED9,
    0x3ED9,0x3E77,0x128A,0x09E8,0x09E8,0x09E8,0xF81F,0xF81F,0xF81F,0xF81F,0xF81F,0xF81F,
    0xF81F,0xF81F,0xF81F,0xF81F,0xF81F,0xF81F,0xF81F,0xF81F,0xF81F,0xF81F,0xF81F,0xF81F,
    0xF81F,0xF81F,0xF81F,0xF81F,0xF81F,0xF81F,0xF81F,0xF81F,0xF81F,0xF81F,0xF81F,0xF81F,
    0xF81F,0xF81F,0xF81F,0xF81F,0xF81F,0xF81F,0xF81F,0xF81F,0xF81F,0xF81F,0xF81F,0xF81F,
    0xF81F,0xF81F,0xF81F,0xF81F,0xF81F,0xF81F,0xF81F,0xF81F,0xF81F,0xF81F,0xF81F,0xF81F,
    0xF81F,0xF81F,0xF81F,0xF81F,0xF81F,0xF81F,0xF81F,0xF81F,0xF81F,0xF81F,0xF81F,0xF81F,
    0xF81F,0xF81F,0xF81F,0xF81F,0xF81F,0xF81F,0xF81F,0x09E8,0x09E8,0x09E8,0x1B2C,0x3EB9,
    0x3ED9,0x3ED9,0x3ED9,0x3ED9,0x3ED9,0x3ED9,0x3ED9,0x3ED9,0x56F9,0xBFBD,0xCFBE,0xCFBE,
    0xCFBE,0xCFBE,0xCFBE,0xCFBE,0xCFBE,0xCFBE,0xCFBE,0xCFBE,0xCFBE,0xCFBE,0xCFBE,0xCFBE,
    0xCFBE,0xCFBE,0xCFBE,0xCFBE,0xCFBE,0xCFBE,0xCFBE,0xCFBE,0xCFBE,0xCFBE,0xCFBE,0xCFBE,
    0xCFBE,0xCFBE,0xCFBE,0xCFBE,0xCFBE,0xCFBE,0xCFBE,0xCFBE,0xCFBE,0xCFBE,0xCFBE,0xCFBE,
    0xCFBE,0xCFBE,0xCFBE,0xCFBE,0xCFBE,0xCFBE,0xCFBE,0xCFBE,0xC7BD,0x56F9,0x3ED9,0x3ED9,
    0x3ED9,0x3ED9,0x3ED9,0x3ED9,0x3ED9,0x3ED9,0x3EB9,0x1B4D,0x09E8,0x09E8,0x09E8,0xF81F,
    0xF81F,0xF81F,0xF81F,0xF81F,0xF81F,0xF81F,0xF81F,0xF81F,0xF81F,0xF81F,0xF81F,0xF81F,
    0xF81F,0xF81F,0xF81F,0xF81F,0xF81F,0xF81F,0xF81F,0xF81F,0xF81F,0xF81F,0xF81F,0xF81F,
    0xF81F,0xF81F,0xF81F,0xF81F,0xF81F,0xF81F,0xF81F,0xF81F,0xF81F,0xF81F,0xF81F,0xF81F,
    0xF81F,0xF81F,0xF81F,0xF81F,0xF81F,0xF81F,0xF81F,0xF81F,0xF81F,0xF81F,0xF81F,0xF81F,
    0xF81F,0xF81F,0xF81F,0xF81F,0xF81F,0xF81F,0xF81F,0xF81F,0xF81F,0xF81F,0xF81F,0xF81F,
    0xF81F,0xF81F,0xF81F,0xF81F,0xF81F,0xF81F,0xF81F,0xF81F,0xF81F,0xF81F,0xF81F,0xF81F,
    0xF81F,0xF81F,0x09E8,0x09E8,0x09E8,0x2430,0x3ED9,0x3ED9,0x3ED9,0x3ED9,0x3ED9,0x3ED9,
    0x3ED9,0x3ED9,0x3ED9,0x5EFA,0xC7BD,0xCFBE,0xCFBE,0xCFBE,0xCFBE,0xCFBE,0xCFBE,0xCFBE,
    0xCFBE,0xCFBE,0xCFBE,0xCFBE,0xCFBE,0xCFBE,0xCFBE,0xCFBE,0xCFBE,0xCFBE,0xCFBE,0xCFBE,
    0xCFBE,0xCFBE,0xCFBE,0xCFBE,0xCFBE,0xCFBE,0xCFBE,0xCFBE,0xCFBE,0xCFBE,0xCFBE,0xCFBE,
    0xCFBE,0xCFBE,0xCFBE,0xCFBE,0xCFBE,0xCFBE,0xCFBE,0xCFBE,0xCFBE,0xCFBE,0xCFBE,0xCFBE,
    0xCFBE,0xC7BD,0x5EFA,0x3ED9,0x3ED9,0x3ED9,0x3ED9,0x3ED9,0x3ED9,0x3ED9,0x3ED9,0x3ED9,
    0x240F,0x09E8,0x09E8,0x09E8,0xF81F,0xF81F,0xF81F,0xF81F,0xF81F,0xF81F,0xF81F,0xF81F,
    0xF81F,0xF81F,0xF81F,0xF81F,0xF81F,0xF81F,0xF81F,0xF81F,0xF81F,0xF81F,0xF81F,0xF81F,
    0xF81F,0xF81F,0xF81F,0xF81F,0xF81F,0xF81F,0xF81F,0xF81F,0xF81F,0xF81F,0xF81F,0xF81F,
    0xF81F,0xF81F,0xF81F,0xF81F,0xF81F,0xF81F,0xF81F,0xF81F,0xF81F,0xF81F,0xF81F,0xF81F,
    0xF81F,0xF81F,0xF81F,0xF81F,0xF81F,0xF81F,0xF81F,0xF81F,0xF81F,0xF81F,0xF81F,0xF81F,
    0xF81F,0xF81F,0xF81F,0xF81F,0xF81F,0xF81F,0xF81F,0xF81F,0xF81F,0xF81F,0xF81F,0xF81F,
    0xF81F,0xF81F,0xF81F,0xF81F,0xF81F,0xF81F,0xF81F,0xF81F,0x09E8,0x09E8,0x09E8,0x09E8,
    0x2C71,0x3ED9,0x3ED9,0x3ED9,0x3ED9,0x3ED9,0x3ED9,0x3ED9,0x3ED9,0x3ED9,0x5EFA,0xC7BD,
    0xCFBE,0xCFBE,0xCFBE,0xCFBE,0xCFBE,0xCFBE,0xCFBE,0xCFBE,0xCFBE,0xCFBE,0xCFBE,0xCFBE,
    0xCFBE,0xCFBE,0xCFBE,0xCFBE,0xCFBE,0xCFBE,0xCFBE,0xCFBE,0xCFBE,0xCFBE,0xCFBE,0xCFBE,
    0xCFBE,0xCFBE,0xCFBE,0xCFBE,0xCFBE,0xCFBE,0xCFBE,0xCFBE,0xCFBE,0xCFBE,0xCFBE,0xCFBE,
    0xCFBE,0xCFBE,0xCFBE,0xCFBE,0xCFBE,0xCFBE,0xC7BD,0x5EFA,0x3ED9,0x3ED9,0x3ED9,0x3ED9,
    0x3ED9,0x3ED9,0x3ED9,0x3ED9,0x3ED9,0x2450,0x09E8,0x09E8,0x09E8,0xF81F,0xF81F,0xF81F,
    0xF81F,0xF81F,0xF81F,0xF81F,0xF81F,0xF81F,0xF81F,0xF81F,0xF81F,0xF81F,0xF81F,0xF81F,
    0xF81F,0xF81F,0xF81F,0xF81F,0xF81F,0xF81F,0xF81F,0xF81F,0xF81F,0xF81F,0xF81F,0xF81F,
    0xF81F,0xF81F,0xF81F,0xF81F,0xF81F,0xF81F,0xF81F,0xF81F,0xF81F,0xF81F,0xF81F,0xF81F,
    0xF81F,0xF81F,0xF81F,0xF81F,0xF81F,0xF81F,0xF81F,0xF81F,0xF81F,0xF81F,0xF81F,0xF81F,
    0xF81F,0xF81F,0xF81F,0xF81F,0xF81F,0xF81F,0xF81F,0xF81F,0xF81F,0xF81F,0xF81F,0xF81F,
    0xF81F,0xF81F,0xF81F,0xF81F,0xF81F,0xF81F,0xF81F,0xF81F,0xF81F,0xF81F,0xF81F,0xF81F,
    0xF81F,0xF81F,0xF81F,0x09E8,0x09E8,0x09E8,0x09E8,0x2CB1,0x3ED9,0x3ED9,0x3ED9,0x3ED9,
    0x3ED9,0x3ED9,0x3ED9,0x3ED9,0x3ED9,0x5EFA,0xBF9D,0xCFBE,0xCFBE,0xCFBE,0xCFBE,0xCFBE,
    0xCFBE,0xCFBE,0xCFBE,0xCFBE,0xCFBE,0xCFBE,0xCFBE,0xCFBE,0xCFBE,0xCFBE,0xCFBE,0xCFBE,
    0xCFBE,0xCFBE,0xCFBE,0xCFBE,0xCFBE,0xCFBE,0xCFBE,0xCFBE,0xCFBE,0xCFBE,0xCFBE,0xCFBE,
    0xCFBE,0xCFBE,0xCFBE,0xCFBE,0xCFBE,0xCFBE,0xCFBE,0xCFBE,0xCFBE,0xCFBE,0xCFBE,0xBF9D,
    0x56FA,0x3ED9,0x3ED9,0x3ED9,0x3ED9,0x3ED9,0x3ED9,0x3ED9,0x3ED9,0x3ED9,0x2CB1,0x09E8,
    0x09E8,0x09E8,0x09E8,0xF81F,0xF81F,0xF81F,0xF81F,0xF81F,0xF81F,0xF81F,0xF81F,0xF81F,
    0xF81F,0xF81F,0xF81F,0xF81F,0xF81F,0xF81F,0xF81F,0xF81F,0xF81F,0xF81F,0xF81F,0xF81F,
    0xF81F,0xF81F,0xF81F,0xF81F,0xF81F,0xF81F,0xF81F,0xF81F,0xF81F,0xF81F,0xF81F,0xF81F,
    0xF81F,0xF81F,0xF81F,0xF81F,0xF81F,0xF81F,0xF81F,0xF81F,0xF81F,0xF81F,0xF81F,0xF81F,
    0xF81F,0xF81F,0xF81F,0xF81F,0xF81F,0xF81F,0xF81F,0xF81F,0xF81F,0xF81F,0xF81F,0xF81F,
    0xF81F,0xF81F,0xF81F,0xF81F,0xF81F,0xF81F,0xF81F,0xF81F,0xF81F,0xF81F,0xF81F,0xF81F,
    0xF81F,0xF81F,0xF81F,0xF81F,0xF81F,0xF81F,0xF81F,0xF81F,0xF81F,0xF81F,0x09E8,0x09E8,
    0x09E8,0x09E8,0x2CB1,0x3ED9,0x3ED9,0x3ED9,0x3ED9,0x3ED9,0x3ED9,0x3ED9,0x3ED9,0x3ED9,
    0x4ED9,0xA77C,0xCFBE,0xCFBE,0xCFBE,0xCFBE,0xCFBE,0xCFBE,0xCFBE,0xCFBE,0xCFBE,0xCFBE,
    0xCFBE,0xCFBE,0xCFBE,0xCFBE,0xCFBE,0xCFBE,0xCFBE,0xCFBE,0xCFBE,0xCFBE,0xCFBE,0xCFBE,
    0xCFBE,0xCFBE,0xCFBE,0xCFBE,0xCFBE,0xCFBE,0xCFBE,0xCFBE,0xCFBE,0xCFBE,0xCFBE,0xCFBE,
    0xCFBE,0xCFBE,0xCFBE,0xCFBE,0xA77C,0x4ED9,0x3ED9,0x3ED9,0x3ED9,0x3ED9,0x3ED9,0x3ED9,
    0x3ED9,0x3ED9,0x3ED9,0x2CB1,0x09E8,0x09E8,0x09E8,0x09E8,0xF81F,0xF81F,0xF81F,0xF81F,
    0xF81F,0xF81F,0xF81F,0xF81F,0xF81F,0xF81F,0xF81F,0xF81F,0xF81F,0xF81F,0xF81F,0xF81F,
    0xF81F,0xF81F,0xF81F,0xF81F,0xF81F,0xF81F,0xF81F,0xF81F,0xF81F,0xF81F,0xF81F,0xF81F,
    0xF81F,0xF81F,0xF81F,0xF81F,0xF81F,0xF81F,0xF81F,0xF81F,0xF81F,0xF81F,0xF81F,0xF81F,
    0xF81F,0xF81F,0xF81F,0xF81F,0xF81F,0xF81F,0xF81F,0xF81F,0xF81F,0xF81F,0xF81F,0xF81F,
    0xF81F,0xF81F,0xF81F,0xF81F,0xF81F,0xF81F,0xF81F,0xF81F,0xF81F,0xF81F,0xF81F,0xF81F,
    0xF81F,0xF81F,0xF81F,0xF81F,0xF81F,0xF81F,0xF81F,0xF81F,0xF81F,0xF81F,0xF81F,0xF81F,
    0xF81F,0xF81F,0xF81F,0xF81F,0xF81F,0x09E8,0x09E8,0x09E8,0x09E8,0x240F,0x3EB9,0x3ED9,
    0x3ED9,0x3ED9,0x3ED9,0x3ED9,0x3ED9,0x3ED9,0x3ED9,0x46D9,0x7F3B,0xC7BD,0xCFBE,0xCFBE,
    0xCFBE,0xCFBE,0xCFBE,0xCFBE,0xCFBE,0xCFBE,0xCFBE,0xCFBE,0xCFBE,0xCFBE,0xCFBE,0xCFBE,
    0xCFBE,0xCFBE,0xCFBE,0xCFBE,0xCFBE,0xCFBE,0xCFBE,0xCFBE,0xCFBE,0xCFBE,0xCFBE,0xCFBE,
    0xCFBE,0xCFBE,0xCFBE,0xCFBE,0xCFBE,0xCFBE,0xCFBE,0xCFBE,0xC7BD,0x7F3B,0x46D9,0x3ED9,
    0x3ED9,0x3ED9,0x3ED9,0x3ED9,0x3ED9,0x3ED9,0x3ED9,0x3EB9,0x240F,0x09E8,0x09E8,0x09E8,
    0x09E8,0xF81F,0xF81F,0xF81F,0xF81F,0xF81F,0xF81F,0xF81F,0xF81F,0xF81F,0xF81F,0xF81F,
    0xF81F,0xF81F,0xF81F,0xF81F,0xF81F,0xF81F,0xF81F,0xF81F,0xF81F,0xF81F,0xF81F,0xF81F,
    0xF81F,0xF81F,0xF81F,0xF81F,0xF81F,0xF81F,0xF81F,0xF81F,0xF81F,0xF81F,0xF81F,0xF81F,
    0xF81F,0xF81F,0xF81F,0xF81F,0xF81F,0xF81F,0xF81F,0xF81F,0xF81F,0xF81F,0xF81F,0xF81F,
    0xF81F,0xF81F,0xF81F,0xF81F,0xF81F,0xF81F,0xF81F,0xF81F,0xF81F,0xF81F,0xF81F,0xF81F,
    0xF81F,0xF81F,0xF81F,0xF81F,0xF81F,0xF81F,0xF81F,0xF81F,0xF81F,0xF81F,0xF81F,0xF81F,
    0xF81F,0xF81F,0xF81F,0xF81F,0xF81F,0xF81F,0xF81F,0xF81F,0xF81F,0xF81F,0xF81F,0xF81F,
    0x09E8,0x09E8,0x09E8,0x09E8,0x1B6D,0x3E98,0x3ED9,0x3ED9,0x3ED9,0x3ED9,0x3ED9,0x3ED9,
    0x3ED9,0x3ED9,0x3ED9,0x56F9,0xA77C,0xCFBE,0xCFBE,0xCFBE,0xCFBE,0xCFBE,0xCFBE,0xCFBE,
    0xCFBE,0xCFBE,0xCFBE,0xCFBE,0xCFBE,0xCFBE,0xCFBE,0xCFBE,0xCFBE,0xCFBE,0xCFBE,0xCFBE,
    0xCFBE,0xCFBE,0xCFBE,0xCFBE,0xCFBE,0xCFBE,0xCFBE,0xCFBE,0xCFBE,0xCFBE,0xCFBE,0xCFBE,
    0xCFBE,0xA77C,0x56F9,0x3ED9,0x3ED9,0x3ED9,0x3ED9,0x3ED9,0x3ED9,0x3ED9,0x3ED9,0x3ED9,
    0x3E98,0x1B6D,0x09E8,0x09E8,0x09E8,0x09E8,0xF81F,0xF81F,0xF81F,0xF81F,0xF81F,0xF81F,
    0xF81F,0xF81F,0xF81F,0xF81F,0xF81F,0xF81F,0xF81F,0xF81F,0xF81F,0xF81F,0xF81F,0xF81F,
    0xF81F,0xF81F,0xF81F,0xF81F,0xF81F,0xF81F,0xF81F,0xF81F,0xF81F,0xF81F,0xF81F,0xF81F,
    0xF81F,0xF81F,0xF81F,0xF81F,0xF81F,0xF81F,0xF81F,0xF81F,0xF81F,0xF81F,0xF81F,0xF81F,
    0xF81F,0xF81F,0xF81F,0xF81F,0xF81F,0xF81F,0xF81F,0xF81F,0xF81F,0xF81F,0xF81F,0xF81F,
    0xF81F,0xF81F,0xF81F,0xF81F,0xF81F,0xF81F,0xF81F,0xF81F,0xF81F,0xF81F,0xF81F,0xF81F,
    0xF81F,0xF81F,0xF81F,0xF81F,0xF81F,0xF81F,0xF81F,0xF81F,0xF81F,0xF81F,0xF81F,0xF81F,
    0xF81F,0xF81F,0xF81F,0xF81F,0xF81F,0xF81F,0xF81F,0x09E8,0x09E8,0x09E8,0x09E8,0x12AB,
    0x35D6,0x3ED9,0x3ED9,0x3ED9,0x3ED9,0x3ED9,0x3ED9,0x3ED9,0x3ED9,0x3ED9,0x3ED9,0x5EFA,
    0xAF7C,0xCFBE,0xCFBE,0xCFBE,0xCFBE,0xCFBE,0xCFBE,0xCFBE,0xCFBE,0xCFBE,0xCFBE,0xCFBE,
    0xCFBE,0xCFBE,0xCFBE,0xCFBE,0xCFBE,0xCFBE,0xCFBE,0xCFBE,0xCFBE,0xCFBE,0xCFBE,0xCFBE,
    0xCFBE,0xCFBE,0xCFBE,0xCFBE,0xCFBE,0xA77C,0x5EFA,0x3ED9,0x3ED9,0x3ED9,0x3ED9,0x3ED9,
    0x3ED9,0x3ED9,0x3ED9,0x3ED9,0x3ED9,0x35F6,0x12CB,0x09E8,0x09E8,0x09E8,0x09E8,0xF81F,
    0xF81F,0xF81F,0xF81F,0xF81F,0xF81F,0xF81F,0xF81F,0xF81F,0xF81F,0xF81F,0xF81F,0xF81F,
    0xF81F,0xF81F,0xF81F,0xF81F,0xF81F,0xF81F,0xF81F,0xF81F,0xF81F,0xF81F,0xF81F,0xF81F,
    0xF81F,0xF81F,0xF81F,0xF81F,0xF81F,0xF81F,0xF81F,0xF81F,0xF81F,0xF81F,0xF81F,0xF81F,
    0xF81F,0xF81F,0xF81F,0xF81F,0xF81F,0xF81F,0xF81F,0xF81F,0xF81F,0xF81F,0xF81F,0xF81F,
    0xF81F,0xF81F,0xF81F,0xF81F,0xF81F,0xF81F,0xF81F,0xF81F,0xF81F,0xF81F,0xF81F,0xF81F,
    0xF81F,0xF81F,0xF81F,0xF81F,0xF81F,0xF81F,0xF81F,0xF81F,0xF81F,0xF81F,0xF81F,0xF81F,
    0xF81F,0xF81F,0xF81F,0xF81F,0xF81F,0xF81F,0xF81F,0xF81F,0xF81F,0xF81F,0xF81F,0xF81F,
    0xF81F,0xF81F,0x09E8,0x09E8,0x09E8,0x09E8,0x1208,0x2C71,0x3EB9,0x3ED9,0x3ED9,0x3ED9,
    0x3ED9,0x3ED9,0x3ED9,0x3ED9,0x3ED9,0x3ED9,0x3ED9,0x5EFA,0x975C,0xC7BD,0xCFBE,0xCFBE,
    0xCFBE,0xCFBE,0xCFBE,0xCFBE,0xCFBE,0xCFBE,0xCFBE,0xCFBE,0xCFBE,0xCFBE,0xCFBE,0xCFBE,
    0xCFBE,0xCFBE,0xCFBE,0xCFBE,0xCFBE,0xCFBE,0xCFBE,0xCFBE,0xC7BD,0x975C,0x5EFA,0x3ED9,
    0x3ED9,0x3ED9,0x3ED9,0x3ED9,0x3ED9,0x3ED9,0x3ED9,0x3ED9,0x3ED9,0x3EB9,0x2CD2,0x1209,
    0x09E8,0x09E8,0x09E8,0x09E8,0xF81F,0xF81F,0xF81F,0xF81F,0xF81F,0xF81F,0xF81F,0xF81F,
    0xF81F,0xF81F,0xF81F,0xF81F,0xF81F,0xF81F,0xF81F,0xF81F,0xF81F,0xF81F,0xF81F,0xF81F,
    0xF81F,0xF81F,0xF81F,0xF81F,0xF81F,0xF81F,0xF81F,0xF81F,0xF81F,0xF81F,0xF81F,0xF81F,
    0xF81F,0xF81F,0xF81F,0xF81F,0xF81F,0xF81F,0xF81F,0xF81F,0xF81F,0xF81F,0xF81F,0xF81F,
    0xF81F,0xF81F,0xF81F,0xF81F,0xF81F,0xF81F,0xF81F,0xF81F,0xF81F,0xF81F,0xF81F,0xF81F,
    0xF81F,0xF81F,0xF81F,0xF81F,0xF81F,0xF81F,0xF81F,0xF81F,0xF81F,0xF81F,0xF81F,0xF81F,
    0xF81F,0xF81F,0xF81F,0xF81F,0xF81F,0xF81F,0xF81F,0xF81F,0xF81F,0xF81F,0xF81F,0xF81F,
    0xF81F,0xF81F,0xF81F,0xF81F,0xF81F,0xF81F,0xF81F,0xF81F,0xF81F,0xF81F,0x09E8,0x09E8,
    0x09E8,0x09E8,0x1B4D,0x3E16,0x3ED9,0x3ED9,0x3ED9,0x3ED9,0x3ED9,0x3ED9,0x3ED9,0x3ED9,
    0x3ED9,0x3ED9,0x3ED9,0x46D9,0x6F1A,0x9F5C,0xC7BD,0xCFBE,0xCFBE,0xCFBE,0xCFBE,0xCFBE,
    0xCFBE,0xCFBE,0xCFBE,0xCFBE,0xCFBE,0xCFBE,0xCFBE,0xCFBE,0xCFBE,0xCFBE,0xCFBE,0xBFBD,
    0x9F5C,0x6F1A,0x46D9,0x3ED9,0x3ED9,0x3ED9,0x3ED9,0x3ED9,0x3ED9,0x3ED9,0x3ED9,0x3ED9,
    0x3ED9,0x3ED9,0x3E16,0x1B2D,0x09E8,0x09E8,0x09E8,0x09E8,0xF81F,0xF81F,0xF81F,0xF81F,
    0xF81F,0xF81F,0xF81F,0xF81F,0xF81F,0xF81F,0xF81F,0xF81F,0xF81F,0xF81F,0xF81F,0xF81F,
    0xF81F,0xF81F,0xF81F,0xF81F,0xF81F,0xF81F,0xF81F,0xF81F,0xF81F,0xF81F,0xF81F,0xF81F,
    0xF81F,0xF81F,0xF81F,0xF81F,0xF81F,0xF81F,0xF81F,0xF81F,0xF81F,0xF81F,0xF81F,0xF81F,
    0xF81F,0xF81F,0xF81F,0xF81F,0xF81F,0xF81F,0xF81F,0xF81F,0xF81F,0xF81F,0xF81F,0xF81F,
    0xF81F,0xF81F,0xF81F,0xF81F,0xF81F,0xF81F,0xF81F,0xF81F,0xF81F,0xF81F,0xF81F,0xF81F,
    0xF81F,0xF81F,0xF81F,0xF81F,0xF81F,0xF81F,0xF81F,0xF81F,0xF81F,0xF81F,0xF81F,0xF81F,
    0xF81F,0xF81F,0xF81F,0xF81F,0xF81F,0xF81F,0xF81F,0xF81F,0xF81F,0xF81F,0xF81F,0xF81F,
    0xF81F,0xF81F,0xF81F,0xF81F,0xF81F,0x09E8,0x09E8,0x09E8,0x09E8,0x1208,0x240F,0x3E78,
    0x3ED9,0x3ED9,0x3ED9,0x3ED9,0x3ED9,0x3ED9,0x3ED9,0x3ED9,0x3ED9,0x3ED9,0x3ED9,0x3ED9,
    0x3ED9,0x56FA,0x771A,0x8F5B,0x9F7C,0xB79D,0xBF9D,0xC7BD,0xCFBD,0xCFBD,0xC7BD,0xBF9D,
    0xB79D,0x9F7C,0x8F5B,0x771B,0x56FA,0x3ED9,0x3ED9,0x3ED9,0x3ED9,0x3ED9,0x3ED9,0x3ED9,
    0x3ED9,0x3ED9,0x3ED9,0x3ED9,0x3ED9,0x3ED9,0x3E98,0x2450,0x1208,0x09E8,0x09E8,0x09E8,
    0x09E8,0xF81F,0xF81F,0xF81F,0xF81F,0xF81F,0xF81F,0xF81F,0xF81F,0xF81F,0xF81F,0xF81F,
    0xF81F,0xF81F,0xF81F,0xF81F,0xF81F,0xF81F,0xF81F,0xF81F,0xF81F,0xF81F,0xF81F,0xF81F,
    0xF81F,0xF81F,0xF81F,0xF81F,0xF81F,0xF81F,0xF81F,0xF81F,0xF81F,0xF81F,0xF81F,0xF81F,
    0xF81F,0xF81F,0xF81F,0xF81F,0xF81F,0xF81F,0xF81F,0xF81F,0xF81F,0xF81F,0xF81F,0xF81F,
    0xF81F,0xF81F,0xF81F,0xF81F,0xF81F,0xF81F,0xF81F,0xF81F,0xF81F,0xF81F,0xF81F,0xF81F,
    0xF81F,0xF81F,0xF81F,0xF81F,0xF81F,0xF81F,0xF81F,0xF81F,0xF81F,0xF81F,0xF81F,0xF81F,
    0xF81F,0xF81F,0xF81F,0xF81F,0xF81F,0xF81F,0xF81F,0xF81F,0xF81F,0xF81F,0xF81F,0xF81F,
    0xF81F,0xF81F,0xF81F,0xF81F,0xF81F,0xF81F,0xF81F,0xF81F,0xF81F,0xF81F,0xF81F,0xF81F,
    0x09E8,0x09E8,0x09E8,0x09E8,0x09E8,0x126A,0x2CD2,0x3E98,0x3ED9,0x3ED9,0x3ED9,0x3ED9,
    0x3ED9,0x3ED9,0x3ED9,0x3ED9,0x3ED9,0x3ED9,0x3ED9,0x3ED9,0x3ED9,0x3ED9,0x3ED9,0x3ED9,
    0x3ED9,0x3ED9,0x3ED9,0x3ED9,0x3ED9,0x3ED9,0x3ED9,0x3ED9,0x3ED9,0x3ED9,0x3ED9,0x3ED9,
    0x3ED9,0x3ED9,0x3ED9,0x3ED9,0x3ED9,0x3ED9,0x3ED9,0x3ED9,0x3ED9,0x3ED9,0x3E98,0x2CB2,
    0x124A,0x09E8,0x09E8,0x09E8,0x09E8,0x09E8,0xF81F,0xF81F,0xF81F,0xF81F,0xF81F,0xF81F,
    0xF81F,0xF81F,0xF81F,0xF81F,0xF81F,0xF81F,0xF81F,0xF81F,0xF81F,0xF81F,0xF81F,0xF81F,
    0xF81F,0xF81F,0xF81F,0xF81F,0xF81F,0xF81F,0xF81F,0xF81F,0xF81F,0xF81F,0xF81F,0xF81F,
    0xF81F,0xF81F,0xF81F,0xF81F,0xF81F,0xF81F,0xF81F,0xF81F,0xF81F,0xF81F,0xF81F,0xF81F,
    0xF81F,0xF81F,0xF81F,0xF81F,0xF81F,0xF81F,0xF81F,0xF81F,0xF81F,0xF81F,0xF81F,0xF81F,
    0xF81F,0xF81F,0xF81F,0xF81F,0xF81F,0xF81F,0xF81F,0xF81F,0xF81F,0xF81F,0xF81F,0xF81F,
    0xF81F,0xF81F,0xF81F,0xF81F,0xF81F,0xF81F,0xF81F,0xF81F,0xF81F,0xF81F,0xF81F,0xF81F,
    0xF81F,0xF81F,0xF81F,0xF81F,0xF81F,0xF81F,0xF81F,0xF81F,0xF81F,0xF81F,0xF81F,0xF81F,
    0xF81F,0xF81F,0xF81F,0xF81F,0xF81F,0xF81F,0x09E8,0x09E8,0x09E8,0x09E8,0x09E8,0x09E8,
    0x09E8,0x1249,0x2450,0x3E78,0x3ED9,0x3ED9,0x3ED9,0x3ED9,0x3ED9,0x3ED9,0x3ED9,0x3ED9,
    0x3ED9,0x3ED9,0x3ED9,0x3ED9,0x3ED9,0x3ED9,0x3ED9,0x3ED9,0x3ED9,0x3ED9,0x3ED9,0x3ED9,
    0x3ED9,0x3ED9,0x3ED9,0x3ED9,0x3ED9,0x3ED9,0x3ED9,0x3ED9,0x3ED9,0x3ED9,0x3ED9,0x3ED9,
    0x3ED9,0x3ED9,0x3E78,0x2CB1,0x126A,0x09E8,0x09E8,0x09E8,0x09E8,0x09E8,0x09E8,0x09E8,
    0xF81F,0xF81F,0xF81F,0xF81F,0xF81F,0xF81F,0xF81F,0xF81F,0xF81F,0xF81F,0xF81F,0xF81F,
    0xF81F,0xF81F,0xF81F,0xF81F,0xF81F,0xF81F,0xF81F,0xF81F,0xF81F,0xF81F,0xF81F,0xF81F,
    0xF81F,0xF81F,0xF81F,0xF81F,0xF81F,0xF81F,0xF81F,0xF81F,0xF81F,0xF81F,0xF81F,0xF81F,
    0xF81F,0xF81F,0xF81F,0xF81F,0xF81F,0xF81F,0xF81F,0xF81F,0xF81F,0xF81F,0xF81F,0xF81F,
    0xF81F,0xF81F,0xF81F,0xF81F,0xF81F,0xF81F,0xF81F,0xF81F,0xF81F,0xF81F,0xF81F,0xF81F,
    0xF81F,0xF81F,0xF81F,0xF81F,0xF81F,0xF81F,0xF81F,0xF81F,0xF81F,0xF81F,0xF81F,0xF81F,
    0xF81F,0xF81F,0xF81F,0xF81F,0xF81F,0xF81F,0xF81F,0xF81F,0xF81F,0xF81F,0xF81F,0xF81F,
    0xF81F,0xF81F,0xF81F,0xF81F,0xF81F,0xF81F,0xF81F,0xF81F,0xF81F,0xF81F,0xF81F,0x09E8,
    0x09E8,0x1249,0x1C2F,0x1C50,0x1249,0x09E8,0x09E8,0x09E8,0x09E8,0x1229,0x23CE,0x3594,
    0x3EB9,0x3ED9,0x3ED9,0x3ED9,0x3ED9,0x3ED9,0x3ED9,0x3ED9,0x3ED9,0x3ED9,0x3ED9,0x3ED9,
    0x3ED9,0x3ED9,0x3ED9,0x3ED9,0x3ED9,0x3ED9,0x3ED9,0x3ED9,0x3ED9,0x3ED9,0x3ED9,0x3ED9,
    0x3ED9,0x3ED9,0x3ED9,0x3ED9,0x3ED9,0x3EB9,0x3574,0x23CE,0x1229,0x09E8,0x09E8,0x09E8,
    0x09E8,0x1249,0x1C50,0x1C2F,0x1249,0x09E8,0x09E8,0xF81F,0xF81F,0xF81F,0xF81F,0xF81F,
    0xF81F,0xF81F,0xF81F,0xF81F,0xF81F,0xF81F,0xF81F,0xF81F,0xF81F,0xF81F,0xF81F,0xF81F,
    0xF81F,0xF81F,0xF81F,0xF81F,0xF81F,0xF81F,0xF81F,0xF81F,0xF81F,0xF81F,0xF81F,0xF81F,
    0xF81F,0xF81F,0xF81F,0xF81F,0xF81F,0xF81F,0xF81F,0xF81F,0xF81F,0xF81F,0xF81F,0xF81F,
    0xF81F,0xF81F,0xF81F,0xF81F,0xF81F,0xF81F,0xF81F,0xF81F,0xF81F,0xF81F,0xF81F,0xF81F,
    0xF81F,0xF81F,0xF81F,0xF81F,0xF81F,0xF81F,0xF81F,0xF81F,0xF81F,0xF81F,0xF81F,0xF81F,
    0xF81F,0xF81F,0xF81F,0xF81F,0xF81F,0xF81F,0xF81F,0xF81F,0xF81F,0xF81F,0xF81F,0xF81F,
    0xF81F,0xF81F,0xF81F,0xF81F,0xF81F,0xF81F,0xF81F,0xF81F,0xF81F,0xF81F,0xF81F,0xF81F,
    0xF81F,0xF81F,0xF81F,0xF81F,0x09E8,0x09E8,0x134D,0x2594,0x25B5,0x25B5,0x2594,0x1C0F,
    0x1269,0x09E8,0x09E8,0x09E8,0x09E8,0x09E8,0x126A,0x240F,0x3594,0x3E98,0x3ED9,0x3ED9,
    0x3ED9,0x3ED9,0x3ED9,0x3ED9,0x3ED9,0x3ED9,0x3ED9,0x3ED9,0x3ED9,0x3ED9,0x3ED9,0x3ED9,
    0x3ED9,0x3ED9,0x3ED9,0x3ED9,0x3ED9,0x3ED9,0x3ED9,0x3ED9,0x3E98,0x3574,0x240F,0x126A,
    0x09E8,0x09E8,0x09E8,0x09E8,0x09E8,0x126A,0x1C0F,0x2594,0x25B5,0x25B5,0x2594,0x134D,
    0x09E8,0x09E8,0xF81F,0xF81F,0xF81F,0xF81F,0xF81F,0xF81F,0xF81F,0xF81F,0xF81F,0xF81F,
    0xF81F,0xF81F,0xF81F,0xF81F,0xF81F,0xF81F,0xF81F,0xF81F,0xF81F,0xF81F,0xF81F,0xF81F,
    0xF81F,0xF81F,0xF81F,0xF81F,0xF81F,0xF81F,0xF81F,0xF81F,0xF81F,0xF81F,0xF81F,0xF81F,
    0xF81F,0xF81F,0xF81F,0xF81F,0xF81F,0xF81F,0xF81F,0xF81F,0xF81F,0xF81F,0xF81F,0xF81F,
    0xF81F,0xF81F,0xF81F,0xF81F,0xF81F,0xF81F,0xF81F,0xF81F,0xF81F,0xF81F,0xF81F,0xF81F,
    0xF81F,0xF81F,0xF81F,0xF81F,0xF81F,0xF81F,0xF81F,0xF81F,0xF81F,0xF81F,0xF81F,0xF81F,
    0xF81F,0xF81F,0xF81F,0xF81F,0xF81F,0xF81F,0xF81F,0xF81F,0xF81F,0xF81F,0xF81F,0xF81F,
    0xF81F,0xF81F,0xF81F,0xF81F,0xF81F,0xF81F,0xF81F,0xF81F,0xF81F,0x09E8,0x09E8,0x1BAE,
    0x25B5,0x25B5,0x25B5,0x25B5,0x25B5,0x25B5,0x25B4,0x1C50,0x12AA,0x09E8,0x09E8,0x09E8,
    0x09E8,0x09E8,0x09E8,0x1208,0x1B0C,0x2430,0x3533,0x3616,0x3EB8,0x3ED9,0x3ED9,0x3ED9,
    0x3ED9,0x3ED9,0x3ED9,0x3ED9,0x3ED9,0x3ED9,0x3ED9,0x3ED9,0x3ED9,0x3EB8,0x35F6,0x3533,
    0x2430,0x1B0C,0x1208,0x09E8,0x09E8,0x09E8,0x09E8,0x09E8,0x09E8,0x12AA,0x1C70,0x25B4,
    0x25B5,0x25B5,0x25B5,0x25B5,0x25B5,0x25B5,0x138E,0x09E8,0x09E8,0xF81F,0xF81F,0xF81F,
    0xF81F,0xF81F,0xF81F,0xF81F,0xF81F,0xF81F,0xF81F,0xF81F,0xF81F,0xF81F,0xF81F,0xF81F,
    0xF81F,0xF81F,0xF81F,0xF81F,0xF81F,0xF81F,0xF81F,0xF81F,0xF81F,0xF81F,0xF81F,0xF81F,
    0xF81F,0xF81F,0xF81F,0xF81F,0xF81F,0xF81F,0xF81F,0xF81F,0xF81F,0xF81F,0xF81F,0xF81F,
    0xF81F,0xF81F,0xF81F,0xF81F,0xF81F,0xF81F,0xF81F,0xF81F,0xF81F,0xF81F,0xF81F,0xF81F,
    0xF81F,0xF81F,0xF81F,0xF81F,0xF81F,0xF81F,0xF81F,0xF81F,0xF81F,0xF81F,0xF81F,0xF81F,
    0xF81F,0xF81F,0xF81F,0xF81F,0xF81F,0xF81F,0xF81F,0xF81F,0xF81F,0xF81F,0xF81F,0xF81F,
    0xF81F,0xF81F,0xF81F,0xF81F,0xF81F,0xF81F,0xF81F,0xF81F,0xF81F,0xF81F,0xF81F,0xF81F,
    0xF81F,0xF81F,0xF81F,0x09E8,0x12CB,0x25B5,0x25B5,0x25B5,0x25B5,0x25B5,0x25B5,0x25B5,
    0x25B5,0x25B5,0x25B5,0x1CF2,0x138D,0x1249,0x09E8,0x09E8,0x09E8,0x09E8,0x09E8,0x09E8,
    0x09E8,0x09E8,0x11E8,0x128A,0x1B2C,0x1B8E,0x23CE,0x23EF,0x2430,0x2430,0x23EF,0x23CE,
    0x1B8E,0x1B2C,0x128A,0x11E8,0x09E8,0x09E8,0x09E8,0x09E8,0x09E8,0x09E8,0x09E8,0x09E8,
    0x1249,0x138E,0x1CF2,0x25B5,0x25B5,0x25B5,0x25B5,0x25B5,0x25B5,0x25B5,0x25B5,0x25B5,
    0x25B4,0x12CB,0x09E8,0xF81F,0xF81F,0xF81F,0xF81F,0xF81F,0xF81F,0xF81F,0xF81F,0xF81F,
    0xF81F,0xF81F,0xF81F,0xF81F,0xF81F,0xF81F,0xF81F,0xF81F,0xF81F,0xF81F,0xF81F,0xF81F,
    0xF81F,0xF81F,0xF81F,0xF81F,0xF81F,0xF81F,0xF81F,0xF81F,0xF81F,0xF81F,0xF81F,0xF81F,
    0xF81F,0xF81F,0xF81F,0xF81F,0xF81F,0xF81F,0xF81F,0xF81F,0xF81F,0xF81F,0xF81F,0xF81F,
    0xF81F,0xF81F,0xF81F,0xF81F,0xF81F,0xF81F,0xF81F,0xF81F,0xF81F,0xF81F,0xF81F,0xF81F,
    0xF81F,0xF81F,0xF81F,0xF81F,0xF81F,0xF81F,0xF81F,0xF81F,0xF81F,0xF81F,0xF81F,0xF81F,
    0xF81F,0xF81F,0xF81F,0xF81F,0xF81F,0xF81F,0xF81F,0xF81F,0xF81F,0xF81F,0xF81F,0xF81F,
    0xF81F,0xF81F,0xF81F,0xF81F,0xF81F,0xF81F,0xF81F,0xF81F,0x09E8,0x09E8,0x1C91,0x25B5,
    0x25B5,0x25B5,0x25B5,0x25B5,0x25B5,0x25B5,0x25B5,0x25B5,0x25B5,0x25B5,0x25B5,0x25B4,
    0x1CB1,0x138D,0x128A,0x09E8,0x09E8,0x09E8,0x09E8,0x09E8,0x09E8,0x09E8,0x09E8,0x09E8,
    0x09E8,0x09E8,0x09E8,0x09E8,0x09E8,0x09E8,0x09E8,0x09E8,0x09E8,0x09E8,0x09E8,0x09E8,
    0x09E8,0x09E8,0x09E8,0x128A,0x1B8D,0x1CD1,0x25B5,0x25B5,0x25B5,0x25B5,0x25B5,0x25B5,
    0x25B5,0x25B5,0x25B5,0x25B5,0x25B5,0x25B5,0x25B5,0x1C91,0x09E8,0x09E8,0xF81F,0xF81F,
    0xF81F,0xF81F,0xF81F,0xF81F,0xF81F,0xF81F,0xF81F,0xF81F,0xF81F,0xF81F,0xF81F,0xF81F,
    0xF81F,0xF81F,0xF81F,0xF81F,0xF81F,0xF81F,0xF81F,0xF81F,0xF81F,0xF81F,0xF81F,0xF81F,
    0xF81F,0xF81F,0xF81F,0xF81F,0xF81F,0xF81F,0xF81F,0xF81F,0xF81F,0xF81F,0xF81F,0xF81F,
    0xF81F,0xF81F,0xF81F,0xF81F,0xF81F,0xF81F,0xF81F,0xF81F,0xF81F,0xF81F,0xF81F,0xF81F,
    0xF81F,0xF81F,0xF81F,0xF81F,0xF81F,0xF81F,0xF81F,0xF81F,0xF81F,0xF81F,0xF81F,0xF81F,
    0xF81F,0xF81F,0xF81F,0xF81F,0xF81F,0xF81F,0xF81F,0xF81F,0xF81F,0xF81F,0xF81F,0xF81F,
    0xF81F,0xF81F,0xF81F,0xF81F,0xF81F,0xF81F,0xF81F,0xF81F,0xF81F,0xF81F,0xF81F,0xF81F,
    0xF81F,0xF81F,0x09E8,0x09E8,0x2574,0x25B5,0x25B5,0x25B5,0x25B5,0x25B5,0x25B5,0x25B5,
    0x25B5,0x25B5,0x25B5,0x25B5,0x25B5,0x25B5,0x25B5,0x25B5,0x25B5,0x2574,0x1C71,0x138D,
    0x12EB,0x1269,0x09E8,0x09E8,0x09E8,0x09E8,0x09E8,0x09E8,0x09E8,0x09E8,0x09E8,0x09E8,
    0x09E8,0x09E8,0x09E8,0x09E8,0x1269,0x12EB,0x138E,0x1C91,0x2574,0x25B5,0x25B5,0x25B5,
    0x25B5,0x25B5,0x25B5,0x25B5,0x25B5,0x25B5,0x25B5,0x25B5,0x25B5,0x25B5,0x25B5,0x25B5,
    0x25B5,0x2574,0x09E8,0x09E8,0xF81F,0xF81F,0xF81F,0xF81F,0xF81F,0xF81F,0xF81F,0xF81F,
    0xF81F,0xF81F,0xF81F,0xF81F,0xF81F,0xF81F,0xF81F,0xF81F,0xF81F,0xF81F,0xF81F,0xF81F,
    0xF81F,0xF81F,0xF81F,0xF81F,0xF81F,0xF81F,0xF81F,0xF81F,0xF81F,0xF81F,0xF81F,0xF81F,
    0xF81F,0xF81F,0xF81F,0xF81F,0xF81F,0xF81F,0xF81F,0xF81F,0xF81F,0xF81F,0xF81F,0xF81F,
    0xF81F,0xF81F,0xF81F,0xF81F,0xF81F,0xF81F,0xF81F,0xF81F,0xF81F,0xF81F,0xF81F,0xF81F,
    0xF81F,0xF81F,0xF81F,0xF81F,0xF81F,0xF81F,0xF81F,0xF81F,0xF81F,0xF81F,0xF81F,0xF81F,
    0xF81F,0xF81F,0xF81F,0xF81F,0xF81F,0xF81F,0xF81F,0xF81F,0xF81F,0xF81F,0xF81F,0xF81F,
    0xF81F,0xF81F,0xF81F,0xF81F,0xF81F,0xF81F,0xF81F,0xF81F,0x09E8,0x09E8,0x2574,0x25B5,
    0x25B5,0x25B5,0x25B5,0x25B5,0x25B5,0x25B5,0x25B5,0x25B5,0x25B5,0x25B5,0x25B5,0x25B5,
    0x25B5,0x25B5,0x25B5,0x25B5,0x25B5,0x25B5,0x25B5,0x2574,0x09E8,0x09E8,0xF81F,0xF81F,
    0xF81F,0xF81F,0xF81F,0xF81F,0xF81F,0xF81F,0xF81F,0xF81F,0x09C8,0x09E8,0x2574,0x25B5,
    0x25B5,0x25B5,0x25B5,0x25B5,0x25B5,0x25B5,0x25B5,0x25B5,0x25B5,0x25B5,0x25B5,0x25B5,
    0x25B5,0x25B5,0x25B5,0x25B5,0x25B5,0x25B5,0x25B5,0x2574,0x09E8,0x09E8,0xF81F,0xF81F,
    0xF81F,0xF81F,0xF81F,0xF81F,0xF81F,0xF81F,0xF81F,0xF81F,0xF81F,0xF81F,0xF81F,0xF81F,
    0xF81F,0xF81F,0xF81F,0xF81F,0xF81F,0xF81F,0xF81F,0xF81F,0xF81F,0xF81F,0xF81F,0xF81F,
    0xF81F,0xF81F,0xF81F,0xF81F,0xF81F,0xF81F,0xF81F,0xF81F,0xF81F,0xF81F,0xF81F,0xF81F,
    0xF81F,0xF81F,0xF81F,0xF81F,0xF81F,0xF81F,0xF81F,0xF81F,0xF81F,0xF81F,0xF81F,0xF81F,
    0xF81F,0xF81F,0xF81F,0xF81F,0xF81F,0xF81F,0xF81F,0xF81F,0xF81F,0xF81F,0xF81F,0xF81F,
    0xF81F,0xF81F,0xF81F,0xF81F,0xF81F,0xF81F,0xF81F,0xF81F,0xF81F,0xF81F,0xF81F,0xF81F,
    0xF81F,0xF81F,0xF81F,0xF81F,0xF81F,0xF81F,0xF81F,0xF81F,0xF81F,0xF81F,0xF81F,0xF81F,
    0xF81F,0xF81F,0x09E8,0x09E8,0x1C91,0x25B5,0x25B5,0x25B5,0x25B5,0x25B5,0x25B5,0x25B5,
    0x25B5,0x25B5,0x25B5,0x25B5,0x25B5,0x25B5,0x25B5,0x25B5,0x25B5,0x25B5,0x25B5,0x25B5,
    0x25B5,0x1C91,0x09E8,0x09E8,0xF81F,0xF81F,0xF81F,0xF81F,0xF81F,0xF81F,0xF81F,0xF81F,
    0xF81F,0xF81F,0x09E8,0x09E8,0x1C91,0x25B5,0x25B5,0x25B5,0x25B5,0x25B5,0x25B5,0x25B5,
    0x25B5,0x25B5,0x25B5,0x25B5,0x25B5,0x25B5,0x25B5,0x25B5,0x25B5,0x25B5,0x25B5,0x25B5,
    0x25B5,0x1C91,0x09E8,0x09E8,0xF81F,0xF81F,0xF81F,0xF81F,0xF81F,0xF81F,0xF81F,0xF81F,
    0xF81F,0xF81F,0xF81F,0xF81F,0xF81F,0xF81F,0xF81F,0xF81F,0xF81F,0xF81F,0xF81F,0xF81F,
    0xF81F,0xF81F,0xF81F,0xF81F,0xF81F,0xF81F,0xF81F,0xF81F,0xF81F,0xF81F,0xF81F,0xF81F,
    0xF81F,0xF81F,0xF81F,0xF81F,0xF81F,0xF81F,0xF81F,0xF81F,0xF81F,0xF81F,0xF81F,0xF81F,
    0xF81F,0xF81F,0xF81F,0xF81F,0xF81F,0xF81F,0xF81F,0xF81F,0xF81F,0xF81F,0xF81F,0xF81F,
    0xF81F,0xF81F,0xF81F,0xF81F,0xF81F,0xF81F,0xF81F,0xF81F,0xF81F,0xF81F,0xF81F,0xF81F,
    0xF81F,0xF81F,0xF81F,0xF81F,0xF81F,0xF81F,0xF81F,0xF81F,0xF81F,0xF81F,0xF81F,0xF81F,
    0xF81F,0xF81F,0xF81F,0xF81F,0xF81F,0xF81F,0xF81F,0xF81F,0xF81F,0x09E8,0x12CB,0x25B4,
    0x25B5,0x25B5,0x25B5,0x25B5,0x25B5,0x25B5,0x25B5,0x25B5,0x25B5,0x25B5,0x25B5,0x25B5,
    0x25B5,0x25B5,0x25B5,0x25B5,0x25B5,0x25B5,0x25B4,0x12CB,0x09E8,0xF81F,0xF81F,0xF81F,
    0xF81F,0xF81F,0xF81F,0xF81F,0xF81F,0xF81F,0xF81F,0xF81F,0xF81F,0x09E8,0x12CB,0x25B4,
    0x25B5,0x25B5,0x25B5,0x25B5,0x25B5,0x25B5,0x25B5,0x25B5,0x25B5,0x25B5,0x25B5,0x25B5,
    0x25B5,0x25B5,0x25B5,0x25B5,0x25B5,0x25B5,0x25B4,0x12CB,0x09E8,0xF81F,0xF81F,0xF81F,
    0xF81F,0xF81F,0xF81F,0xF81F,0xF81F,0xF81F,0xF81F,0xF81F,0xF81F,0xF81F,0xF81F,0xF81F,
    0xF81F,0xF81F,0xF81F,0xF81F,0xF81F,0xF81F,0xF81F,0xF81F,0xF81F,0xF81F,0xF81F,0xF81F,
    0xF81F,0xF81F,0xF81F,0xF81F,0xF81F,0xF81F,0xF81F,0xF81F,0xF81F,0xF81F,0xF81F,0xF81F,
    0xF81F,0xF81F,0xF81F,0xF81F,0xF81F,0xF81F,0xF81F,0xF81F,0xF81F,0xF81F,0xF81F,0xF81F,
    0xF81F,0xF81F,0xF81F,0xF81F,0xF81F,0xF81F,0xF81F,0xF81F,0xF81F,0xF81F,0xF81F,0xF81F,
    0xF81F,0xF81F,0xF81F,0xF81F,0xF81F,0xF81F,0xF81F,0xF81F,0xF81F,0xF81F,0xF81F,0xF81F,
    0xF81F,0xF81F,0xF81F,0xF81F,0xF81F,0xF81F,0xF81F,0xF81F,0xF81F,0xF81F,0xF81F,0xF81F,
    0xF81F,0xF81F,0xF81F,0x09E8,0x09E8,0x138E,0x25B5,0x25B5,0x25B5,0x25B5,0x25B5,0x25B5,
    0x25B5,0x25B5,0x25B5,0x25B5,0x25B5,0x25B5,0x25B5,0x25B5,0x25B5,0x25B5,0x25B5,0x25B5,
    0x138E,0x09E8,0x09E8,0xF81F,0xF81F,0xF81F,0xF81F,0xF81F,0xF81F,0xF81F,0xF81F,0xF81F,
    0xF81F,0xF81F,0xF81F,0x09E8,0x09E8,0x138E,0x25B5,0x25B5,0x25B5,0x25B5,0x25B5,0x25B5,
    0x25B5,0x25B5,0x25B5,0x25B5,0x25B5,0x25B5,0x25B5,0x25B5,0x25B5,0x25B5,0x25B5,0x25B5,
    0x138E,0x09E8,0x09E8,0xF81F,0xF81F,0xF81F,0xF81F,0xF81F,0xF81F,0xF81F,0xF81F,0xF81F,
    0xF81F,0xF81F,0xF81F,0xF81F,0xF81F,0xF81F,0xF81F,0xF81F,0xF81F,0xF81F,0xF81F,0xF81F,
    0xF81F,0xF81F,0xF81F,0xF81F,0xF81F,0xF81F,0xF81F,0xF81F,0xF81F,0xF81F,0xF81F,0xF81F,
    0xF81F,0xF81F,0xF81F,0xF81F,0xF81F,0xF81F,0xF81F,0xF81F,0xF81F,0xF81F,0xF81F,0xF81F,
    0xF81F,0xF81F,0xF81F,0xF81F,0xF81F,0xF81F,0xF81F,0xF81F,0xF81F,0xF81F,0xF81F,0xF81F,
    0xF81F,0xF81F,0xF81F,0xF81F,0xF81F,0xF81F,0xF81F,0xF81F,0xF81F,0xF81F,0xF81F,0xF81F,
    0xF81F,0xF81F,0xF81F,0xF81F,0xF81F,0xF81F,0xF81F,0xF81F,0xF81F,0xF81F,0xF81F,0xF81F,
    0xF81F,0xF81F,0xF81F,0xF81F,0xF81F,0xF81F,0xF81F,0xF81F,0xF81F,0xF81F,0x09E8,0x09E8,
    0x134D,0x2594,0x25B5,0x25B5,0x25B5,0x25B5,0x25B5,0x25B5,0x25B5,0x25B5,0x25B5,0x25B5,
    0x25B5,0x25B5,0x25B5,0x25B5,0x2594,0x134D,0x09E8,0x09E8,0xF81F,0xF81F,0xF81F,0xF81F,
    0xF81F,0xF81F,0xF81F,0xF81F,0xF81F,0xF81F,0xF81F,0xF81F,0xF81F,0xF81F,0x09E8,0x09E8,
    0x134D,0x2594,0x25B5,0x25B5,0x25B5,0x25B5,0x25B5,0x25B5,0x25B5,0x25B5,0x25B5,0x25B5,
    0x25B5,0x25B5,0x25B5,0x25B5,0x2594,0x134D,0x09E8,0x09E8,0xF81F,0xF81F,0xF81F,0xF81F,
    0xF81F,0xF81F,0xF81F,0xF81F,0xF81F,0xF81F,0xF81F,0xF81F,0xF81F,0xF81F,0xF81F,0xF81F,
    0xF81F,0xF81F,0xF81F,0xF81F,0xF81F,0xF81F,0xF81F,0xF81F,0xF81F,0xF81F,0xF81F,0xF81F,
    0xF81F,0xF81F,0xF81F,0xF81F,0xF81F,0xF81F,0xF81F,0xF81F,0xF81F,0xF81F,0xF81F,0xF81F,
    0xF81F,0xF81F,0xF81F,0xF81F,0xF81F,0xF81F,0xF81F,0xF81F,0xF81F,0xF81F,0xF81F,0xF81F,
    0xF81F,0xF81F,0xF81F,0xF81F,0xF81F,0xF81F,0xF81F,0xF81F,0xF81F,0xF81F,0xF81F,0xF81F,
    0xF81F,0xF81F,0xF81F,0xF81F,0xF81F,0xF81F,0xF81F,0xF81F,0xF81F,0xF81F,0xF81F,0xF81F,
    0xF81F,0xF81F,0xF81F,0xF81F,0xF81F,0xF81F,0xF81F,0xF81F,0xF81F,0xF81F,0xF81F,0xF81F,
    0xF81F,0xF81F,0xF81F,0xF81F,0xF81F,0x09E8,0x09E8,0x1249,0x1C2F,0x2594,0x25B5,0x25B5,
    0x25B5,0x25B5,0x25B5,0x25B5,0x25B5,0x25B5,0x25B5,0x25B5,0x2594,0x1C2F,0x1249,0x09E8,
    0x09E8,0xF81F,0xF81F,0xF81F,0xF81F,0xF81F,0xF81F,0xF81F,0xF81F,0xF81F,0xF81F,0xF81F,
    0xF81F,0xF81F,0xF81F,0xF81F,0xF81F,0x09E8,0x09E8,0x1249,0x1C2F,0x2594,0x25B5,0x25B5,
    0x25B5,0x25B5,0x25B5,0x25B5,0x25B5,0x25B5,0x25B5,0x25B5,0x2594,0x1C2F,0x1249,0x09E8,
    0x09E8,0xF81F,0xF81F,0xF81F,0xF81F,0xF81F,0xF81F,0xF81F,0xF81F,0xF81F,0xF81F,0xF81F,
    0xF81F,0xF81F,0xF81F,0xF81F,0xF81F,0xF81F,0xF81F,0xF81F,0xF81F,0xF81F,0xF81F,0xF81F,
    0xF81F,0xF81F,0xF81F,0xF81F,0xF81F,0xF81F,0xF81F,0xF81F,0xF81F,0xF81F,0xF81F,0xF81F,
    0xF81F,0xF81F,0xF81F,0xF81F,0xF81F,0xF81F,0xF81F,0xF81F,0xF81F,0xF81F,0xF81F,0xF81F,
    0xF81F,0xF81F,0xF81F,0xF81F,0xF81F,0xF81F,0xF81F,0xF81F,0xF81F,0xF81F,0xF81F,0xF81F,
    0xF81F,0xF81F,0xF81F,0xF81F,0xF81F,0xF81F,0xF81F,0xF81F,0xF81F,0xF81F,0xF81F,0xF81F,
    0xF81F,0xF81F,0xF81F,0xF81F,0xF81F,0xF81F,0xF81F,0xF81F,0xF81F,0xF81F,0xF81F,0xF81F,
    0xF81F,0xF81F,0xF81F,0xF81F,0xF81F,0xF81F,0xF81F,0xF81F,0xF81F,0xF81F,0xF81F,0xF81F,
    0x09E8,0x09E8,0x09E8,0x1209,0x134C,0x1C2F,0x1CF2,0x2553,0x2594,0x2594,0x2553,0x1CF2,
    0x1C2F,0x132C,0x1209,0x09E8,0x09E8,0x09E8,0xF81F,0xF81F,0xF81F,0xF81F,0xF81F,0xF81F,
    0xF81F,0xF81F,0xF81F,0xF81F,0xF81F,0xF81F,0xF81F,0xF81F,0xF81F,0xF81F,0xF81F,0xF81F,
    0x09E8,0x09E8,0x09E8,0x1209,0x134C,0x1C2F,0x1CF2,0x2553,0x2594,0x2594,0x2553,0x1CF2,
    0x1C2F,0x132C,0x1209,0x09E8,0x09E8,0x09E8,0xF81F,0xF81F,0xF81F,0xF81F,0xF81F,0xF81F,
    0xF81F,0xF81F,0xF81F,0xF81F,0xF81F,0xF81F,0xF81F,0xF81F,0xF81F,0xF81F,0xF81F,0xF81F,
    0xF81F,0xF81F,0xF81F,0xF81F,0xF81F,0xF81F,0xF81F,0xF81F,0xF81F,0xF81F,0xF81F,0xF81F,
    0xF81F,0xF81F,0xF81F,0xF81F,0xF81F,0xF81F,0xF81F,0xF81F,0xF81F,0xF81F,0xF81F,0xF81F,
    0xF81F,0xF81F,0xF81F,0xF81F,0xF81F,0xF81F,0xF81F,0xF81F,0xF81F,0xF81F,0xF81F,0xF81F,
    0xF81F,0xF81F,0xF81F,0xF81F,0xF81F,0xF81F,0xF81F,0xF81F,0xF81F,0xF81F,0xF81F,0xF81F,
    0xF81F,0xF81F,0xF81F,0xF81F,0xF81F,0xF81F,0xF81F,0xF81F,0xF81F,0xF81F,0xF81F,0xF81F,
    0xF81F,0xF81F,0xF81F,0xF81F,0xF81F,0xF81F,0xF81F,0xF81F,0xF81F,0xF81F,0xF81F,0xF81F,
    0xF81F,0xF81F,0xF81F,0xF81F,0xF81F,0xF81F,0xF81F,0xF81F,0x09E8,0x09E8,0x09E8,0x09E8,
    0x09E8,0x09E8,0x09E8,0x09E8,0x09E8,0x09E8,0x09E8,0x09E8,0x09E8,0x09E8,0xF81F,0xF81F,
    0xF81F,0xF81F,0xF81F,0xF81F,0xF81F,0xF81F,0xF81F,0xF81F,0xF81F,0xF81F,0xF81F,0xF81F,
    0xF81F,0xF81F,0xF81F,0xF81F,0xF81F,0xF81F,0xF81F,0xF81F,0x09E8,0x09E8,0x09E8,0x09E8,
    0x09E8,0x09E8,0x09E8,0x09E8,0x09E8,0x09E8,0x09E8,0x09E8,0x09E8,0x09E8,0xF81F,0xF81F,
    0xF81F,0xF81F,0xF81F,0xF81F,0xF81F,0xF81F,0xF81F,0xF81F,0xF81F,0xF81F,0xF81F,0xF81F,
    0xF81F,0xF81F,0xF81F,0xF81F,0xF81F,0xF81F,0xF81F,0xF81F,0xF81F,0xF81F,0xF81F,0xF81F,
    0xF81F,0xF81F,0xF81F,0xF81F,0xF81F,0xF81F,0xF81F,0xF81F,0xF81F,0xF81F,0xF81F,0xF81F,
    0xF81F,0xF81F,0xF81F,0xF81F,0xF81F,0xF81F,0xF81F,0xF81F,0xF81F,0xF81F,0xF81F,0xF81F,
    0xF81F,0xF81F,0xF81F,0xF81F,0xF81F,0xF81F,0xF81F,0xF81F,0xF81F,0xF81F,0xF81F,0xF81F,
    0xF81F,0xF81F,0xF81F,0xF81F,0xF81F,0xF81F,0xF81F,0xF81F,0xF81F,0xF81F,0xF81F,0xF81F,
    0xF81F,0xF81F,0xF81F,0xF81F,0xF81F,0xF81F,0xF81F,0xF81F,0xF81F,0xF81F,0xF81F,0xF81F,
    0xF81F,0xF81F,0xF81F,0xF81F,0xF81F,0xF81F,0xF81F,0xF81F,0xF81F,0xF81F,0xF81F,0xF81F,
    0xF81F,0xF81F,0xF81F,0xF81F,0xF81F,0x09E8,0x09E8,0x09E8,0x09E8,0x09E8,0x09E8,0x09E8,
    0x09E8,0xF81F,0xF81F,0xF81F,0xF81F,0xF81F,0xF81F,0xF81F,0xF81F,0xF81F,0xF81F,0xF81F,
    0xF81F,0xF81F,0xF81F,0xF81F,0xF81F,0xF81F,0xF81F,0xF81F,0xF81F,0xF81F,0xF81F,0xF81F,
    0xF81F,0xF81F,0xF81F,0xF81F,0xF81F,0x09E8,0x09E8,0x09E8,0x09E8,0x09E8,0x09E8,0x09E8,
    0x09E8,0xF81F,0xF81F,0xF81F,0xF81F,0xF81F,0xF81F,0xF81F,0xF81F,0xF81F,0xF81F,0xF81F,
    0xF81F,0xF81F,0xF81F,0xF81F,0xF81F,0xF81F,0xF81F,0xF81F,0xF81F,0xF81F,0xF81F,0xF81F,
    0xF81F,0xF81F,0xF81F,0xF81F,0xF81F,0xF81F,0xF81F,0xF81F,0xF81F,0xF81F,0xF81F,0xF81F,
    0xF81F,0xF81F,0xF81F,0xF81F,0xF81F,0xF81F,0xF81F,0xF81F,0xF81F,0xF81F,0xF81F,0xF81F,
    0xF81F,0xF81F,0xF81F,0xF81F,0xF81F,0xF81F,0xF81F,0xF81F,0xF81F,0xF81F,0xF81F,0xF81F,
    0xF81F,0xF81F,0xF81F,0xF81F,0xF81F,0xF81F,0xF81F,0xF81F,0xF81F,0xF81F,0xF81F,0xF81F,
    0xF81F,0xF81F,0xF81F,0xF81F,0xF81F,0xF81F,0xF81F,0xF81F,0xF81F,0xF81F,0xF81F,0xF81F,
    0xF81F,0xF81F,0xF81F,0xF81F,0xF81F,0xF81F,0xF81F,0xF81F,0xF81F,0xF81F,0xF81F,0xF81F,
    0xF81F,0xF81F,0xF81F,0xF81F,0xF81F,0xF81F,0xF81F,0xF81F,0xF81F,0xF81F,0xF81F,0xF81F,
    0xF81F,0xF81F,0xF81F,0xF81F,0xF81F,0xF81F,0xF81F,0xF81F,0xF81F,0xF81F,0xF81F,0xF81F,
    0xF81F,0xF81F,0xF81F,0xF81F,0xF81F,0xF81F,0xF81F,0xF81F,0xF81F,0xF81F,0xF81F,0xF81F,
    0xF81F,0xF81F,0xF81F,0xF81F,0xF81F,0xF81F,0xF81F,0xF81F,0xF81F,0xF81F,0xF81F,0xF81F,
    0xF81F,0xF81F,0xF81F,0xF81F,0xF81F,0xF81F,0xF81F,0xF81F,0xF81F,0xF81F,0xF81F,0xF81F,
    0xF81F,0xF81F,0xF81F,0xF81F,0xF81F,0xF81F,0xF81F,0xF81F,0xF81F,0xF81F,0xF81F,0xF81F,
    0xF81F,0xF81F,0xF81F,0xF81F,0xF81F,0xF81F,0xF81F,0xF81F,0xF81F,0xF81F,0xF81F,0xF81F,
    0xF81F,0xF81F,0xF81F,0xF81F,0xF81F,0xF81F,0xF81F,0xF81F,0xF81F,0xF81F,0xF81F,0xF81F,
    0xF81F,0xF81F,0xF81F,0xF81F,0xF81F,0xF81F,0xF81F,0xF81F,0xF81F,0xF81F,0xF81F,0xF81F,
    0xF81F,0xF81F,0xF81F,0xF81F,0xF81F,0xF81F,0xF81F,0xF81F,0xF81F,0xF81F,0xF81F,0xF81F,
    0xF81F,0xF81F,0xF81F,0xF81F,0xF81F,0xF81F,0xF81F,0xF81F,0xF81F,0xF81F,0xF81F,0xF81F,
    0xF81F,0xF81F,0xF81F,0xF81F,0xF81F,0xF81F,0xF81F,0xF81F,0xF81F,0xF81F,0xF81F,0xF81F,
    0xF81F,0xF81F,0xF81F,0xF81F,0xF81F,0xF81F,0xF81F,0xF81F,0xF81F,0xF81F,0xF81F,0xF81F,
    0xF81F,0xF81F,0xF81F,0xF81F,0xF81F,0xF81F,0xF81F,0xF81F,0xF81F,0xF81F,0xF81F,0xF81F,
    0xF81F,0xF81F,0xF81F,0xF81F,0xF81F,0xF81F,0xF81F,0xF81F,0xF81F,0xF81F,0xF81F,0xF81F,
    0xF81F,0xF81F,0xF81F,0xF81F,0xF81F,0xF81F,0xF81F,0xF81F,0xF81F,0xF81F,0xF81F,0xF81F,
    0xF81F,0xF81F,0xF81F,0xF81F,0xF81F,0xF81F,0xF81F,0xF81F,0xF81F,0xF81F,0xF81F,0xF81F,
    0xF81F,0xF81F,0xF81F,0xF81F,0xF81F,0xF81F,0xF81F,0xF81F,0xF81F,0xF81F,0xF81F,0xF81F,
    0xF81F,0xF81F,0xF81F,0xF81F,0xF81F,0xF81F,0xF81F,0xF81F,0xF81F,0xF81F,0xF81F,0xF81F,
    0xF81F,0xF81F,0xF81F,0xF81F,0xF81F,0xF81F,0xF81F,0xF81F,0xF81F,0xF81F,0xF81F,0xF81F,
    0xF81F,0xF81F,0xF81F,0xF81F,0xF81F,0xF81F,0xF81F,0xF81F,0xF81F,0xF81F,0xF81F,0xF81F,
    0xF81F,0xF81F,0xF81F,0xF81F,0xF81F,0xF81F,0xF81F,0xF81F,0xF81F,0xF81F,0xF81F,0xF81F,
    0xF81F,0xF81F,0xF81F,0xF81F,0xF81F,0xF81F,0xF81F,0xF81F,0xF81F,0xF81F,0xF81F,0xF81F,
    0xF81F,0xF81F,0xF81F,0xF81F,0xF81F,0xF81F,0xF81F,0xF81F,0xF81F,0xF81F,0xF81F,0xF81F,
    0xF81F,0xF81F,0xF81F,0xF81F,0xF81F,0xF81F,0xF81F,0xF81F,0xF81F,0xF81F,0xF81F,0xF81F,
    0xF81F,0xF81F,0xF81F,0xF81F,0xF81F,0xF81F,0xF81F,0xF81F,0xF81F,0xF81F,0xF81F,0xF81F,
    0xF81F,0xF81F,0xF81F,0xF81F,0xF81F,0xF81F,0xF81F,0xF81F,0xF81F,0xF81F,0xF81F,0xF81F,
    0xF81F,0xF81F,0xF81F,0xF81F,0xF81F,0xF81F,0xF81F,0xF81F,0xF81F,0xF81F,0xF81F,0xF81F,
    0xF81F,0xF81F,0xF81F,0xF81F,0xF81F,0xF81F,0xF81F,0xF81F,0xF81F,0xF81F,0xF81F,0xF81F,
    0xF81F,0xF81F,0xF81F,0xF81F,0xF81F,0xF81F,0xF81F,0xF81F,0xF81F,0xF81F,0xF81F,0xF81F,
    0xF81F,0xF81F,0xF81F,0xF81F,0xF81F,0xF81F,0xF81F,0xF81F,0xF81F,0xF81F,0xF81F,0xF81F,
    0xF81F,0xF81F,0xF81F,0xF81F,0xF81F,0xF81F,0xF81F,0xF81F,0xF81F,0xF81F,0xF81F,0xF81F,
    0xF81F,0xF81F,0xF81F,0xF81F,0xF81F,0xF81F,0xF81F,0xF81F,0xF81F,0xF81F,0xF81F,0xF81F,
    0xF81F,0xF81F,0xF81F,0xF81F,0xF81F,0xF81F,0xF81F,0xF81F,0xF81F,0xF81F,0xF81F,0xF81F,
    0xF81F,0xF81F,0xF81F,0xF81F,0xF81F,0xF81F,0xF81F,0xF81F,0xF81F,0xF81F,0xF81F,0xF81F,
    0xF81F,0xF81F,0xF81F,0xF81F,0xF81F,0xF81F,0xF81F,0xF81F,0xF81F,0xF81F,0xF81F,0xF81F,
    0xF81F,0xF81F,0xF81F,0xF81F,0xF81F,0xF81F,0xF81F,0xF81F,0xF81F,0xF81F,0xF81F,0xF81F,
    0xF81F,0xF81F,0xF81F,0xF81F,0xF81F,0xF81F,0xF81F,0xF81F,0xF81F,0xF81F,0xF81F,0xF81F,
    0xF81F,0xF81F,0xF81F,0xF81F,0xF81F,0xF81F,0xF81F,0xF81F,0xF81F,0xF81F,0xF81F,0xF81F,
    0xF81F,0xF81F,0xF81F,0xF81F,0xF81F,0xF81F,0xF81F,0xF81F,0xF81F,0xF81F,0xF81F,0xF81F,
    0xF81F,0xF81F,0xF81F,0xF81F,0xF81F,0xF81F,0xF81F,0xF81F,0xF81F,0xF81F,0xF81F,0xF81F,
    0xF81F,0xF81F,0xF81F,0xF81F,0xF81F,0xF81F,0xF81F,0xF81F,0xF81F,0xF81F,0xF81F,0xF81F,
    0xF81F,0xF81F,0xF81F,0xF81F,0xF81F,0xF81F,0xF81F,0xF81F,0xF81F,0xF81F,0xF81F,0xF81F,
    0xF81F,0xF81F,0xF81F,0xF81F,0xF81F,0xF81F,0xF81F,0xF81F,0xF81F,0xF81F,0xF81F,0xF81F,
    0xF81F,0xF81F,0xF81F,0xF81F,0xF81F,0xF81F,0xF81F,0xF81F,0xF81F,0xF81F,0xF81F,0xF81F,
    0xF81F,0xF81F,0xF81F,0xF81F,0xF81F,0xF81F,0xF81F,0xF81F,0xF81F,0xF81F,0xF81F,0xF81F,
    0xF81F,0xF81F,0xF81F,0xF81F,0xF81F,0xF81F,0xF81F,0xF81F,0xF81F,0xF81F,0xF81F,0xF81F,
    0xF81F,0xF81F,0xF81F,0xF81F,0xF81F,0xF81F,0xF81F,0xF81F,0xF81F,0xF81F,0xF81F,0xF81F,
    0xF81F,0xF81F,0xF81F,0xF81F,0xF81F,0xF81F,0xF81F,0xF81F,0xF81F,0xF81F,0xF81F,0xF81F,
    0xF81F,0xF81F,0xF81F,0xF81F,0xF81F,0xF81F,0xF81F,0xF81F,0xF81F,0xF81F,0xF81F,0xF81F,
    0xF81F,0xF81F,0xF81F,0xF81F,0xF81F,0xF81F,0xF81F,0xF81F,0xF81F,0xF81F,0xF81F,0xF81F,
    0xF81F,0xF81F,0xF81F,0xF81F,0xF81F,0xF81F,0xF81F,0xF81F,0xF81F,0xF81F,0xF81F,0xF81F,
    0xF81F,0xF81F,0xF81F,0xF81F,0xF81F,0xF81F,0xF81F,0xF81F,0xF81F,0xF81F,0xF81F,0xF81F,
    0xF81F,0xF81F,0xF81F,0xF81F,0xF81F,0xF81F,0xF81F,0xF81F,0xF81F,0xF81F,0xF81F,0xF81F,
    0xF81F,0xF81F,0xF81F,0xF81F,0xF81F,0xF81F,0xF81F,0xF81F,0xF81F,0xF81F,0xF81F,0xF81F,
    0xF81F,0xF81F,0xF81F,0xF81F,0xF81F,0xF81F,0xF81F,0xF81F,0xF81F,0xF81F,0xF81F,0xF81F,
    0xF81F,0xF81F,0xF81F,0xF81F,0xF81F,0xF81F,0xF81F,0xF81F,0xF81F,0xF81F,0xF81F,0xF81F,
    0xF81F,0xF81F,0xF81F,0xF81F,0xF81F,0xF81F,0xF81F,0xF81F,0xF81F,0xF81F,0xF81F,0xF81F,
    0xF81F,0xF81F,0xF81F,0xF81F,0xF81F,0xF81F,0xF81F,0xF81F,0xF81F,0xF81F,0xF81F,0xF81F,
    0xF81F,0xF81F,0xF81F,0xF81F,0xF81F,0xF81F,0xF81F,0xF81F,0xF81F,0xF81F,0xF81F,0xF81F,
    0xF81F,0xF81F,0xF81F,0xF81F,0xF81F,0xF81F,0xF81F,0xF81F,0xF81F,0xF81F,0xF81F,0xF81F,
    0xF81F,0xF81F,0xF81F,0xF81F,0xF81F,0xF81F,0xF81F,0xF81F,0xF81F,0xF81F,0xF81F,0xF81F,
    0xF81F,0xF81F,0xF81F,0xF81F,0xF81F,0xF81F,0xF81F,0xF81F,0xF81F,0xF81F,0xF81F,0xF81F,
    0xF81F,0xF81F,0xF81F,0xF81F,0xF81F,0xF81F,0xF81F,0xF81F,0xF81F,0xF81F,0xF81F,0xF81F,
    0xF81F,0xF81F,0xF81F,0xF81F,0xF81F,0xF81F,0xF81F,0xF81F,0xF81F,0xF81F,0xF81F,0xF81F,
    0xF81F,0xF81F,0xF81F,0xF81F,0xF81F,0xF81F,0xF81F,0xF81F,0xF81F,0xF81F,0xF81F,0xF81F,
    0xF81F,0xF81F,0xF81F,0xF81F,0xF81F,0xF81F,0xF81F,0xF81F,0xF81F,0xF81F,0xF81F,0xF81F,
    0xF81F,0xF81F,0xF81F,0xF81F,0xF81F,0xF81F,0xF81F,0xF81F,0xF81F,0xF81F,0xF81F,0xF81F,
    0xF81F,0xF81F,0xF81F,0xF81F,0xF81F,0xF81F,0xF81F,0xF81F,0xF81F,0xF81F,0xF81F,0xF81F,
    0xF81F,0xF81F,0xF81F,0xF81F,0xF81F,0xF81F,0xF81F,0xF81F,0xF81F,0xF81F,0xF81F,0xF81F,
    0xF81F,0xF81F,0xF81F,0xF81F,0xF81F,0xF81F,0xF81F,0xF81F,0xF81F,0xF81F,0xF81F,0xF81F,
    0xF81F,0xF81F,0xF81F,0xF81F,0xF81F,0xF81F,0xF81F,0xF81F,0xF81F,0xF81F,0xF81F,0xF81F,
    0xF81F,0xF81F,0xF81F,0xF81F,0xF81F,0xF81F,0xF81F,0xF81F,0xF81F,0xF81F,0xF81F,0xF81F,
    0xF81F,0xF81F,0xF81F,0xF81F,0xF81F,0xF81F,0xF81F,0xF81F,0xF81F,0xF81F,0xF81F,0xF81F,
    0xF81F,0xF81F,0xF81F,0xF81F,0xF81F,0xF81F,0xF81F,0xF81F,0xF81F,0xF81F,0xF81F,0xF81F,
    0xF81F,0xF81F,0xF81F,0xF81F,0xF81F,0xF81F,0xF81F,0xF81F,0xF81F,0xF81F,0xF81F,0xF81F,
    0xF81F,0xF81F,0xF81F,0xF81F,0xF81F,0xF81F,0xF81F,0xF81F,0xF81F,0xF81F,0xF81F,0xF81F,
    0xF81F,0xF81F,0xF81F,0xF81F,0xF81F,0xF81F,0xF81F,0xF81F,0xF81F,0xF81F,0xF81F,0xF81F,
    0xF81F,0xF81F,0xF81F,0xF81F,0xF81F,0xF81F,0xF81F,0xF81F,0xF81F,0xF81F,0xF81F,0xF81F,
    0xF81F,0xF81F,0xF81F,0xF81F,0xF81F,0xF81F,0xF81F,0xF81F,0xF81F,0xF81F,0xF81F,0xF81F,
    0xF81F,0xF81F,0xF81F,0xF81F,0xF81F,0xF81F,0xF81F,0xF81F,0xF81F,0xF81F,0xF81F,0xF81F,
    0xF81F,0xF81F,0xF81F,0xF81F,0xF81F,0xF81F,0xF81F,0xF81F,0xF81F,0xF81F,0xF81F,0xF81F,
    0xF81F,0xF81F,0xF81F,0xF81F,0xF81F,0xF81F,0xF81F,0xF81F,0xF81F,0xF81F,0xF81F,0xF81F,
    0xF81F,0xF81F,0xF81F,0xF81F,0xF81F,0xF81F,0xF81F,0xF81F,0xF81F,0xF81F,0xF81F,0xF81F,
    0xF81F,0xF81F,0xF81F,0xF81F,0xF81F,0xF81F,0xF81F,0xF81F,0xF81F,0xF81F,0xF81F,0xF81F,
    0xF81F,0xF81F,0xF81F,0xF81F,0xF81F,0xF81F,0xF81F,0xF81F,0xF81F,0xF81F,0xF81F,0xF81F,
    0xF81F,0xF81F,0xF81F,0xF81F,0xF81F,0xF81F,0xF81F,0xF81F,0xF81F,0xF81F,0xF81F,0xF81F,
    0xF81F,0xF81F,0xF81F,0xF81F,0xF81F,0xF81F,0xF81F,0xF81F,0xF81F,0xF81F,0xF81F,0xF81F,
    0xF81F,0xF81F,0xF81F,0xF81F,0xF81F,0xF81F,0xF81F,0xF81F,0xF81F,0xF81F,0xF81F,0xF81F,
    0xF81F,0xF81F,0xF81F,0xF81F,0xF81F,0xF81F,0xF81F,0xF81F,0xF81F,0xF81F,0xF81F,0xF81F,
    0xF81F,0xF81F,0xF81F,0xF81F,0xF81F,0xF81F,0xF81F,0xF81F,0xF81F,0xF81F,0xF81F,0xF81F,
    0xF81F,0xF81F,0xF81F,0xF81F,0xF81F,0xF81F,0xF81F,0xF81F,0xF81F,0xF81F,0xF81F,0xF81F,
    0xF81F,0xF81F,0xF81F,0xF81F,0xF81F,0xF81F,0xF81F,0xF81F,0xF81F,0xF81F,0xF81F,0xF81F,
    0xF81F,0xF81F,0xF81F,0xF81F,0xF81F,0xF81F,0xF81F,0xF81F,0xF81F,0xF81F,0xF81F,0xF81F,
    0xF81F,0xF81F,0xF81F,0xF81F,0xF81F,0xF81F,0xF81F,0xF81F,0xF81F,0xF81F,0xF81F,0xF81F,
    0xF81F,0xF81F,0xF81F,0xF81F,0xF81F,0xF81F,0xF81F,0xF81F,0xF81F,0xF81F,0xF81F,0xF81F,
    0xF81F,0xF81F,0xF81F,0xF81F,0xF81F,0xF81F,0xF81F,0xF81F,0xF81F,0xF81F,0xF81F,0xF81F,
    0xF81F,0xF81F,0xF81F,0xF81F,0xF81F,0xF81F,0xF81F,0xF81F,0xF81F,0xF81F,0xF81F,0xF81F,
    0xF81F,0xF81F,0xF81F,0xF81F,0xF81F,0xF81F,0xF81F,0xF81F,0xF81F,0xF81F,0xF81F,0xF81F,
    0xF81F,0xF81F,0xF81F,0xF81F,0xF81F,0xF81F,0xF81F,0xF81F,0xF81F,0xF81F,0xF81F,0xF81F,
    0xF81F,0xF81F,0xF81F,0xF81F,0xF81F,0xF81F,0xF81F,0xF81F,0xF81F,0xF81F,0xF81F,0xF81F,
    0xF81F,0xF81F,0xF81F,0xF81F,0xF81F,0xF81F,0xF81F,0xF81F,0xF81F,0xF81F,0xF81F,0xF81F,
    0xF81F,0xF81F,0xF81F,0xF81F,0xF81F,0xF81F,0xF81F,0xF81F,0xF81F,0xF81F,0xF81F,0xF81F,
    0xF81F,0xF81F,0xF81F,0xF81F,0xF81F,0xF81F,0xF81F,0xF81F,0xF81F,0xF81F,0xF81F,0xF81F,
    0xF81F,0xF81F,0xF81F,0xF81F,0xF81F,0xF81F,0xF81F,0xF81F,0xF81F,0xF81F,0xF81F,0xF81F,
    0xF81F,0xF81F,0xF81F,0xF81F,0xF81F,0xF81F,0xF81F,0xF81F,0xF81F,0xF81F,0xF81F,0xF81F,
    0xF81F,0xF81F,0xF81F,0xF81F,0xF81F,0xF81F,0xF81F,0xF81F,0xF81F,0xF81F,0xF81F,0xF81F,
    0xF81F,0xF81F,0xF81F,0xF81F,0xF81F,0xF81F,0xF81F,0xF81F,0xF81F,0xF81F,0xF81F,0xF81F,
    0xF81F,0xF81F,0xF81F,0xF81F,0xF81F,0xF81F,0xF81F,0xF81F,0xF81F,0xF81F,0xF81F,0xF81F,
    0xF81F,0xF81F,0xF81F,0xF81F,0xF81F,0xF81F,0xF81F,0xF81F,0xF81F,0xF81F,0xF81F,0xF81F,
    0xF81F,0xF81F,0xF81F,0xF81F,0xF81F,0xF81F,0xF81F,0xF81F,0xF81F,0xF81F,0xF81F,0xF81F,
    0xF81F,0xF81F,0xF81F,0xF81F,0xF81F,0xF81F,0xF81F,0xF81F,0xF81F,0xF81F,0xF81F,0xF81F,
    0xF81F,0xF81F,0xF81F,0xF81F,0xF81F,0xF81F,0xF81F,0xF81F,0xF81F,0xF81F,0xF81F,0xF81F,
    0xF81F,0xF81F,0xF81F,0xF81F,0xF81F,0xF81F,0xF81F,0xF81F,0xF81F,0xF81F,0xF81F,0xF81F,
    0xF81F,0xF81F,0xF81F,0xF81F,0xF81F,0xF81F,0xF81F,0xF81F,0xF81F,0xF81F,0xF81F,0xF81F,
    0xF81F,0xF81F,0xF81F,0xF81F,0xF81F,0xF81F,0xF81F,0xF81F,0xF81F,0xF81F,0xF81F,0xF81F,
    0xF81F,0xF81F,0xF81F,0xF81F,0xF81F,0xF81F,0xF81F,0xF81F,0xF81F,0xF81F,0xF81F,0xF81F,
    0xF81F,0xF81F,0xF81F,0xF81F,0xF81F,0xF81F,0xF81F,0xF81F,0xF81F,0xF81F,0xF81F,0xF81F,
    0xF81F,0xF81F,0xF81F,0xF81F,0xF81F,0xF81F,0xF81F,0xF81F,0xF81F,0xF81F,0xF81F,0xF81F,
    0xF81F,0xF81F,0xF81F,0xF81F,0xF81F,0xF81F,0xF81F,0xF81F,0xF81F,0xF81F,0xF81F,0xF81F,
    0xF81F,0xF81F,0xF81F,0xF81F,0xF81F,0xF81F,0xF81F,0xF81F,0xF81F,0xF81F,0xF81F,0xF81F,
    0xF81F,0xF81F,0xF81F,0xF81F,0xF81F,0xF81F,0xF81F,0xF81F,0xF81F,0xF81F,0xF81F,0xF81F,
    0xF81F,0xF81F,0xF81F,0xF81F,0xF81F,0xF81F,0xF81F,0xF81F,0xF81F,0xF81F,0xF81F,0xF81F,
    0xF81F,0xF81F,0xF81F,0xF81F,0xF81F,0xF81F,0xF81F,0xF81F,0xF81F,0xF81F,0xF81F,0xF81F,
    0xF81F,0xF81F,0xF81F,0xF81F,0xF81F,0xF81F,0xF81F,0xF81F,0xF81F,0xF81F,0xF81F,0xF81F,
    0xF81F,0xF81F,0xF81F,0xF81F,0xF81F,0xF81F,0xF81F,0xF81F,0xF81F,0xF81F,0xF81F,0xF81F,
    0xF81F,0xF81F,0xF81F,0xF81F,0xF81F,0xF81F,0xF81F,0xF81F,0xF81F,0xF81F,0xF81F,0xF81F,
    0xF81F,0xF81F,0xF81F,0xF81F,0xF81F,0xF81F,0xF81F,0xF81F,0xF81F,0xF81F,0xF81F,0xF81F,
    0xF81F,0xF81F,0xF81F,0xF81F,0xF81F,0xF81F,0xF81F,0xF81F,0xF81F,0xF81F,0xF81F,0xF81F,
    0xF81F,0xF81F,0xF81F,0xF81F,0xF81F,0xF81F,0xF81F,0xF81F,0xF81F,0xF81F,0xF81F,0xF81F,
    0xF81F,0xF81F,0xF81F,0xF81F,0xF81F,0xF81F,0xF81F,0xF81F,0xF81F,0xF81F,0xF81F,0xF81F,
    0xF81F,0xF81F,0xF81F,0xF81F,0xF81F,0xF81F,0xF81F,0xF81F,0xF81F,0xF81F,0xF81F,0xF81F,
    0xF81F,0xF81F,0xF81F,0xF81F,0xF81F,0xF81F,0xF81F,0xF81F,0xF81F,0xF81F,0xF81F,0xF81F,
    0xF81F,0xF81F,0xF81F,0xF81F,0xF81F,0xF81F,0xF81F,0xF81F,0xF81F,0xF81F,0xF81F,0xF81F,
};
inline const uint16_t* const img_idle_frames[3] = { img_idle_0, img_idle_1, img_idle_2 };
