// 由 tools/build_assets.py 自動產生（來源 web/demo-assets），請勿手改。
#pragma once
#include <cstdint>

constexpr int IMG_SLEEP_W = 150;
constexpr int IMG_SLEEP_H = 150;
inline const uint16_t img_sleep[22500] = {
    0xF81F,0xF81F,0xF81F,0xF81F,0xF81F,0xF81F,0xF81F,0xF81F,0xF81F,0xF81F,0xF81F,0xF81F,
    0xF81F,0xF81F,0xF81F,0xF81F,0xF81F,0xF81F,0xF81F,0xF81F,0xF81F,0xF81F,0xF81F,0xF81F,
    0xF81F,0xF81F,0xF81F,0xF81F,0xF81F,0xF81F,0xF81F,0xF81F,0xF81F,0xF81F,0xF81F,0xF81F,
    0xF81F,0xF81F,0xF81F,0xF81F,0xF81F,0xF81F,0xF81F,0xF81F,0xF81F,0xF81F,0xF81F,0xF81F,
    0xF81F,0xF81F,0xF81F,0xF81F,0xF81F,0xF81F,0xF81F,0xF81F,0xF81F,0xF81F,0xF81F,0xF81F,
    0xF81F,0xF81F,0xF81F,0xF81F,0xF81F,0xF81F,0xF81F,0xF81F,0xF81F,0xF81F,0xF81F,0xF81F,
    0xF81F,0xF81F,0xF81F,0xF81F,0xF81F,0xF81F,0xF81F,0xF81F,0xF81F,0xF81F,0xF81F,0xF81F,
    0xF81F,0xF81F,0xF81F,0xF81F,0xF81F,0xF81F,0xF81F,0xF81F,0xF81F,0xF81F,0xF81F,0xF81F,
    0xF81F,0xF81F,0xF81F,0xF81F,0xF81F,0xF81F,0xF81F,0xF81F,0xF81F,0xF81F,0xF81F,0xF81F,
    0xF81F,0xF81F,0xF81F,0xF81F,0xF81F,0xF81F,0xF81F,0xF81F,0xF81F,0xF81F,0xF81F,0xF81F,
    0xF81F,0xF81F,0xF81F,0xF81F,0xF81F,0xF81F,0xF81F,0xF81F,0xF81F,0xF81F,0xF81F,0xF81F,
    0xF81F,0xF81F,0xF81F,0xF81F,0xF81F,0xF81F,0xF81F,0xF81F,0xF81F,0xF81F,0xF81F,0xF81F,
    0xF81F,0xF81F,0xF81F,0xF81F,0xF81F,0xF81F,0xF81F,0xF81F,0xF81F,0xF81F,0xF81F,0xF81F,
    0xF81F,0xF81F,0xF81F,0xF81F,0xF81F,0xF81F,0xF81F,0xF81F,0xF81F,0xF81F,0xF81F,0xF81F,
    0xF81F,0xF81F,0xF81F,0xF81F,0xF81F,0xF81F,0xF81F,0xF81F,0xF81F,0xF81F,0xF81F,0xF81F,
    0xF81F,0xF81F,0xF81F,0xF81F,0xF81F,0xF81F,0xF81F,0xF81F,0xF81F,0xF81F,0xF81F,0xF81F,
    0xF81F,0xF81F,0xF81F,0xF81F,0xF81F,0xF81F,0xF81F,0xF81F,0xF81F,0xF81F,0xF81F,0xF81F,
    0xF81F,0xF81F,0xF81F,0xF81F,0xF81F,0xF81F,0xF81F,0xF81F,0xF81F,0xF81F,0xF81F,0xF81F,
    0xF81F,0xF81F,0xF81F,0xF81F,0xF81F,0xF81F,0xF81F,0xF81F,0xF81F,0xF81F,0xF81F,0xF81F,
    0xF81F,0xF81F,0xF81F,0xF81F,0xF81F,0xF81F,0xF81F,0xF81F,0xF81F,0xF81F,0xF81F,0xF81F,
    0xF81F,0xF81F,0xF81F,0xF81F,0xF81F,0xF81F,0xF81F,0xF81F,0xF81F,0xF81F,0xF81F,0xF81F,
    0xF81F,0xF81F,0xF81F,0xF81F,0xF81F,0xF81F,0xF81F,0xF81F,0xF81F,0xF81F,0xF81F,0xF81F,
    0xF81F,0xF81F,0xF81F,0xF81F,0xF81F,0xF81F,0xF81F,0xF81F,0xF81F,0xF81F,0xF81F,0xF81F,
    0xF81F,0xF81F,0xF81F,0xF81F,0xF81F,0xF81F,0xF81F,0xF81F,0xF81F,0xF81F,0xF81F,0xF81F,
    0xF81F,0xF81F,0xF81F,0xF81F,0xF81F,0xF81F,0xF81F,0xF81F,0xF81F,0xF81F,0xF81F,0xF81F,
    0xF81F,0xF81F,0xF81F,0xF81F,0xF81F,0xF81F,0xF81F,0xF81F,0xF81F,0xF81F,0xF81F,0xF81F,
    0xF81F,0xF81F,0xF81F,0xF81F,0xF81F,0xF81F,0xF81F,0xF81F,0xF81F,0xF81F,0xF81F,0xF81F,
    0xF81F,0xF81F,0xF81F,0xF81F,0xF81F,0xF81F,0xF81F,0xF81F,0xF81F,0xF81F,0xF81F,0xF81F,
    0xF81F,0xF81F,0xF81F,0xF81F,0xF81F,0xF81F,0xF81F,0xF81F,0xF81F,0xF81F,0xF81F,0xF81F,
    0xF81F,0xF81F,0xF81F,0xF81F,0xF81F,0xF81F,0xF81F,0xF81F,0xF81F,0xF81F,0xF81F,0xF81F,
    0xF81F,0xF81F,0xF81F,0xF81F,0xF81F,0xF81F,0xF81F,0xF81F,0xF81F,0xF81F,0xF81F,0xF81F,
    0xF81F,0xF81F,0xF81F,0xF81F,0xF81F,0xF81F,0xF81F,0xF81F,0xF81F,0xF81F,0xF81F,0xF81F,
    0xF81F,0xF81F,0xF81F,0xF81F,0xF81F,0xF81F,0xF81F,0xF81F,0xF81F,0xF81F,0xF81F,0xF81F,
    0xF81F,0xF81F,0xF81F,0xF81F,0xF81F,0xF81F,0xF81F,0xF81F,0xF81F,0xF81F,0xF81F,0xF81F,
    0xF81F,0xF81F,0xF81F,0xF81F,0xF81F,0xF81F,0xF81F,0xF81F,0xF81F,0xF81F,0xF81F,0xF81F,
    0xF81F,0xF81F,0xF81F,0xF81F,0xF81F,0xF81F,0xF81F,0xF81F,0xF81F,0xF81F,0xF81F,0xF81F,
    0xF81F,0xF81F,0xF81F,0xF81F,0xF81F,0xF81F,0xF81F,0xF81F,0xF81F,0xF81F,0xF81F,0xF81F,
    0xF81F,0xF81F,0xF81F,0xF81F,0xF81F,0xF81F,0xF81F,0xF81F,0xF81F,0xF81F,0xF81F,0xF81F,
    0xF81F,0xF81F,0xF81F,0xF81F,0xF81F,0xF81F,0xF81F,0xF81F,0xF81F,0xF81F,0xF81F,0xF81F,
    0xF81F,0xF81F,0xF81F,0xF81F,0xF81F,0xF81F,0xF81F,0xF81F,0xF81F,0xF81F,0xF81F,0xF81F,
    0xF81F,0xF81F,0xF81F,0xF81F,0xF81F,0xF81F,0xF81F,0xF81F,0xF81F,0xF81F,0xF81F,0xF81F,
    0xF81F,0xF81F,0xF81F,0xF81F,0xF81F,0xF81F,0xF81F,0xF81F,0xF81F,0xF81F,0xF81F,0xF81F,
    0xF81F,0xF81F,0xF81F,0xF81F,0xF81F,0xF81F,0xF81F,0xF81F,0xF81F,0xF81F,0xF81F,0xF81F,
    0xF81F,0xF81F,0xF81F,0xF81F,0xF81F,0xF81F,0xF81F,0xF81F,0xF81F,0xF81F,0xF81F,0xF81F,
    0xF81F,0xF81F,0xF81F,0xF81F,0xF81F,0xF81F,0xF81F,0xF81F,0xF81F,0xF81F,0xF81F,0xF81F,
    0xF81F,0xF81F,0xF81F,0xF81F,0xF81F,0xF81F,0xF81F,0xF81F,0xF81F,0xF81F,0xF81F,0xF81F,
    0xF81F,0xF81F,0xF81F,0xF81F,0xF81F,0xF81F,0xF81F,0xF81F,0xF81F,0xF81F,0xF81F,0xF81F,
    0xF81F,0xF81F,0xF81F,0xF81F,0xF81F,0xF81F,0xF81F,0xF81F,0xF81F,0xF81F,0xF81F,0xF81F,
    0xF81F,0xF81F,0xF81F,0xF81F,0xF81F,0xF81F,0xF81F,0xF81F,0xF81F,0xF81F,0xF81F,0xF81F,
    0xF81F,0xF81F,0xF81F,0xF81F,0xF81F,0xF81F,0xF81F,0xF81F,0xF81F,0xF81F,0xF81F,0xF81F,
    0xF81F,0xF81F,0xF81F,0xF81F,0xF81F,0xF81F,0xF81F,0xF81F,0xF81F,0xF81F,0xF81F,0xF81F,
    0xF81F,0xF81F,0xF81F,0xF81F,0xF81F,0xF81F,0xF81F,0xF81F,0xF81F,0xF81F,0xF81F,0xF81F,
    0xF81F,0xF81F,0xF81F,0xF81F,0xF81F,0xF81F,0xF81F,0xF81F,0xF81F,0xF81F,0xF81F,0xF81F,
    0xF81F,0xF81F,0xF81F,0xF81F,0xF81F,0xF81F,0xF81F,0xF81F,0xF81F,0xF81F,0xF81F,0xF81F,
    0xF81F,0xF81F,0xF81F,0xF81F,0xF81F,0xF81F,0xF81F,0xF81F,0xF81F,0xF81F,0xF81F,0xF81F,
    0xF81F,0xF81F,0xF81F,0xF81F,0xF81F,0xF81F,0xF81F,0xF81F,0xF81F,0xF81F,0xF81F,0xF81F,
    0xF81F,0xF81F,0xF81F,0xF81F,0xF81F,0xF81F,0xF81F,0xF81F,0xF81F,0xF81F,0xF81F,0xF81F,
    0xF81F,0xF81F,0xF81F,0xF81F,0xF81F,0xF81F,0xF81F,0xF81F,0xF81F,0xF81F,0xF81F,0xF81F,
    0xF81F,0xF81F,0xF81F,0xF81F,0xF81F,0xF81F,0xF81F,0xF81F,0xF81F,0xF81F,0xF81F,0xF81F,
    0xF81F,0xF81F,0xF81F,0xF81F,0xF81F,0xF81F,0xF81F,0xF81F,0xF81F,0xF81F,0xF81F,0xF81F,
    0xF81F,0xF81F,0xF81F,0xF81F,0xF81F,0xF81F,0xF81F,0xF81F,0xF81F,0xF81F,0xF81F,0xF81F,
    0xF81F,0xF81F,0xF81F,0xF81F,0xF81F,0xF81F,0xF81F,0xF81F,0xF81F,0xF81F,0xF81F,0xF81F,
    0xF81F,0xF81F,0xF81F,0xF81F,0xF81F,0xF81F,0xF81F,0xF81F,0xF81F,0xF81F,0xF81F,0xF81F,
    0xF81F,0xF81F,0xF81F,0xF81F,0xF81F,0xF81F,0xF81F,0xF81F,0xF81F,0xF81F,0xF81F,0xF81F,
    0xF81F,0xF81F,0xF81F,0xF81F,0xF81F,0xF81F,0xF81F,0xF81F,0xF81F,0xF81F,0xF81F,0xF81F,
    0xF81F,0xF81F,0xF81F,0xF81F,0xF81F,0xF81F,0xF81F,0xF81F,0xF81F,0xF81F,0xF81F,0xF81F,
    0xF81F,0xF81F,0xF81F,0xF81F,0xF81F,0xF81F,0xF81F,0xF81F,0xF81F,0xF81F,0xF81F,0xF81F,
    0xF81F,0xF81F,0xF81F,0xF81F,0xF81F,0xF81F,0xF81F,0xF81F,0xF81F,0xF81F,0xF81F,0xF81F,
    0xF81F,0xF81F,0xF81F,0xF81F,0xF81F,0xF81F,0xF81F,0xF81F,0xF81F,0xF81F,0xF81F,0xF81F,
    0xF81F,0xF81F,0xF81F,0xF81F,0xF81F,0xF81F,0xF81F,0xF81F,0xF81F,0xF81F,0xF81F,0xF81F,
    0xF81F,0xF81F,0xF81F,0xF81F,0xF81F,0xF81F,0xF81F,0xF81F,0xF81F,0xF81F,0xF81F,0xF81F,
    0xF81F,0xF81F,0xF81F,0xF81F,0xF81F,0xF81F,0xF81F,0xF81F,0xF81F,0xF81F,0xF81F,0xF81F,
    0xF81F,0xF81F,0xF81F,0xF81F,0xF81F,0xF81F,0xF81F,0xF81F,0xF81F,0xF81F,0xF81F,0xF81F,
    0xF81F,0xF81F,0xF81F,0xF81F,0xF81F,0xF81F,0xF81F,0xF81F,0xF81F,0xF81F,0xF81F,0xF81F,
    0xF81F,0xF81F,0xF81F,0xF81F,0xF81F,0xF81F,0xF81F,0xF81F,0xF81F,0xF81F,0xF81F,0xF81F,
    0xF81F,0xF81F,0xF81F,0xF81F,0xF81F,0xF81F,0xF81F,0xF81F,0xF81F,0xF81F,0xF81F,0xF81F,
    0xF81F,0xF81F,0xF81F,0xF81F,0xF81F,0xF81F,0xF81F,0xF81F,0xF81F,0xF81F,0xF81F,0xF81F,
    0xF81F,0xF81F,0xF81F,0xF81F,0xF81F,0xF81F,0xF81F,0xF81F,0xF81F,0xF81F,0xF81F,0xF81F,
    0xF81F,0xF81F,0xF81F,0xF81F,0xF81F,0xF81F,0xF81F,0xF81F,0xF81F,0xF81F,0xF81F,0xF81F,
    0xF81F,0xF81F,0xF81F,0xF81F,0xF81F,0xF81F,0xF81F,0xF81F,0xF81F,0xF81F,0xF81F,0xF81F,
    0xF81F,0xF81F,0xF81F,0xF81F,0xF81F,0xF81F,0xF81F,0xF81F,0xF81F,0xF81F,0xF81F,0xF81F,
    0xF81F,0xF81F,0xF81F,0xF81F,0xF81F,0xF81F,0xF81F,0xF81F,0xF81F,0xF81F,0xF81F,0xF81F,
    0xF81F,0xF81F,0xF81F,0xF81F,0xF81F,0xF81F,0xF81F,0xF81F,0xF81F,0xF81F,0xF81F,0xF81F,
    0xF81F,0xF81F,0xF81F,0xF81F,0xF81F,0xF81F,0xF81F,0xF81F,0xF81F,0xF81F,0xF81F,0xF81F,
    0xF81F,0xF81F,0xF81F,0xF81F,0xF81F,0xF81F,0xF81F,0xF81F,0xF81F,0xF81F,0xF81F,0xF81F,
    0xF81F,0xF81F,0xF81F,0xF81F,0xF81F,0xF81F,0xF81F,0xF81F,0xF81F,0xF81F,0xF81F,0xF81F,
    0xF81F,0xF81F,0xF81F,0xF81F,0xF81F,0xF81F,0xF81F,0xF81F,0xF81F,0xF81F,0xF81F,0xF81F,
    0xF81F,0xF81F,0xF81F,0xF81F,0xF81F,0xF81F,0xF81F,0xF81F,0xF81F,0xF81F,0xF81F,0xF81F,
    0xF81F,0xF81F,0xF81F,0xF81F,0xF81F,0xF81F,0xF81F,0xF81F,0xF81F,0xF81F,0xF81F,0xF81F,
    0xF81F,0xF81F,0xF81F,0xF81F,0xF81F,0xF81F,0xF81F,0xF81F,0xF81F,0xF81F,0xF81F,0xF81F,
    0xF81F,0xF81F,0xF81F,0xF81F,0xF81F,0xF81F,0xF81F,0xF81F,0xF81F,0xF81F,0xF81F,0xF81F,
    0xF81F,0xF81F,0xF81F,0xF81F,0xF81F,0xF81F,0xF81F,0xF81F,0xF81F,0xF81F,0xF81F,0xF81F,
    0xF81F,0xF81F,0xF81F,0xF81F,0xF81F,0xF81F,0xF81F,0xF81F,0xF81F,0xF81F,0xF81F,0xF81F,
    0xF81F,0xF81F,0xF81F,0xF81F,0xF81F,0xF81F,0xF81F,0xF81F,0xF81F,0xF81F,0xF81F,0xF81F,
    0xF81F,0xF81F,0xF81F,0xF81F,0xF81F,0xF81F,0xF81F,0xF81F,0xF81F,0xF81F,0xF81F,0xF81F,
    0xF81F,0xF81F,0xF81F,0xF81F,0xF81F,0xF81F,0xF81F,0xF81F,0xF81F,0xF81F,0xF81F,0xF81F,
    0xF81F,0xF81F,0xF81F,0xF81F,0xF81F,0xF81F,0xF81F,0xF81F,0xF81F,0xF81F,0xF81F,0xF81F,
    0xF81F,0xF81F,0xF81F,0xF81F,0xF81F,0xF81F,0xF81F,0xF81F,0xF81F,0xF81F,0xF81F,0xF81F,
    0xF81F,0xF81F,0xF81F,0xF81F,0xF81F,0xF81F,0xF81F,0xF81F,0xF81F,0xF81F,0xF81F,0xF81F,
    0xF81F,0xF81F,0xF81F,0xF81F,0xF81F,0xF81F,0xF81F,0xF81F,0xF81F,0xF81F,0xF81F,0xF81F,
    0xF81F,0xF81F,0xF81F,0xF81F,0xF81F,0xF81F,0xF81F,0xF81F,0xF81F,0xF81F,0xF81F,0xF81F,
    0xF81F,0xF81F,0xF81F,0xF81F,0xF81F,0xF81F,0xF81F,0xF81F,0xF81F,0xF81F,0xF81F,0xF81F,
    0xF81F,0xF81F,0xF81F,0xF81F,0xF81F,0xF81F,0xF81F,0xF81F,0xF81F,0xF81F,0xF81F,0xF81F,
    0xF81F,0xF81F,0xF81F,0xF81F,0xF81F,0xF81F,0xF81F,0xF81F,0xF81F,0xF81F,0xF81F,0xF81F,
    0xF81F,0xF81F,0xF81F,0xF81F,0xF81F,0xF81F,0xF81F,0xF81F,0xF81F,0xF81F,0xF81F,0xF81F,
    0xF81F,0xF81F,0xF81F,0xF81F,0xF81F,0xF81F,0xF81F,0xF81F,0xF81F,0xF81F,0xF81F,0xF81F,
    0xF81F,0xF81F,0xF81F,0xF81F,0xF81F,0xF81F,0xF81F,0xF81F,0xF81F,0xF81F,0xF81F,0xF81F,
    0xF81F,0xF81F,0xF81F,0xF81F,0xF81F,0xF81F,0xF81F,0xF81F,0xF81F,0xF81F,0xF81F,0xF81F,
    0xF81F,0xF81F,0xF81F,0xF81F,0xF81F,0xF81F,0xF81F,0xF81F,0xF81F,0xF81F,0xF81F,0xF81F,
    0xF81F,0xF81F,0xF81F,0xF81F,0xF81F,0xF81F,0xF81F,0xF81F,0xF81F,0xF81F,0xF81F,0xF81F,
    0xF81F,0xF81F,0xF81F,0xF81F,0xF81F,0xF81F,0xF81F,0xF81F,0xF81F,0xF81F,0xF81F,0xF81F,
    0xF81F,0xF81F,0xF81F,0xF81F,0xF81F,0xF81F,0xF81F,0xF81F,0xF81F,0xF81F,0xF81F,0xF81F,
    0xF81F,0xF81F,0xF81F,0xF81F,0xF81F,0xF81F,0xF81F,0xF81F,0xF81F,0xF81F,0xF81F,0xF81F,
    0xF81F,0xF81F,0xF81F,0xF81F,0xF81F,0xF81F,0xF81F,0xF81F,0xF81F,0xF81F,0xF81F,0xF81F,
    0xF81F,0xF81F,0xF81F,0xF81F,0xF81F,0xF81F,0xF81F,0xF81F,0xF81F,0xF81F,0xF81F,0xF81F,
    0xF81F,0xF81F,0xF81F,0xF81F,0xF81F,0xF81F,0xF81F,0xF81F,0xF81F,0xF81F,0xF81F,0xF81F,
    0xF81F,0xF81F,0xF81F,0xF81F,0xF81F,0xF81F,0xF81F,0xF81F,0xF81F,0xF81F,0xF81F,0xF81F,
    0xF81F,0xF81F,0xF81F,0xF81F,0xF81F,0xF81F,0xF81F,0xF81F,0xF81F,0xF81F,0xF81F,0xF81F,
    0xF81F,0xF81F,0xF81F,0xF81F,0xF81F,0xF81F,0xF81F,0xF81F,0xF81F,0xF81F,0xF81F,0xF81F,
    0xF81F,0xF81F,0xF81F,0xF81F,0xF81F,0xF81F,0xF81F,0xF81F,0xF81F,0xF81F,0xF81F,0xF81F,
    0xF81F,0xF81F,0xF81F,0xF81F,0xF81F,0xF81F,0xF81F,0xF81F,0xF81F,0xF81F,0xF81F,0xF81F,
    0xF81F,0xF81F,0xF81F,0xF81F,0xF81F,0xF81F,0xF81F,0xF81F,0xF81F,0xF81F,0xF81F,0xF81F,
    0xF81F,0xF81F,0xF81F,0xF81F,0xF81F,0xF81F,0xF81F,0xF81F,0xF81F,0xF81F,0xF81F,0xF81F,
    0xF81F,0xF81F,0xF81F,0xF81F,0xF81F,0xF81F,0xF81F,0xF81F,0xF81F,0xF81F,0xF81F,0xF81F,
    0xF81F,0xF81F,0xF81F,0xF81F,0xF81F,0xF81F,0xF81F,0xF81F,0xF81F,0xF81F,0xF81F,0xF81F,
    0xF81F,0xF81F,0xF81F,0xF81F,0xF81F,0xF81F,0xF81F,0xF81F,0xF81F,0xF81F,0xF81F,0xF81F,
    0xF81F,0xF81F,0xF81F,0xF81F,0xF81F,0xF81F,0xF81F,0xF81F,0xF81F,0xF81F,0xF81F,0xF81F,
    0xF81F,0xF81F,0xF81F,0xF81F,0xF81F,0xF81F,0xF81F,0xF81F,0xF81F,0xF81F,0xF81F,0xF81F,
    0xF81F,0xF81F,0xF81F,0xF81F,0xF81F,0xF81F,0xF81F,0xF81F,0xF81F,0xF81F,0xF81F,0xF81F,
    0xF81F,0xF81F,0xF81F,0xF81F,0xF81F,0xF81F,0xF81F,0xF81F,0xF81F,0xF81F,0xF81F,0xF81F,
    0xF81F,0xF81F,0xF81F,0xF81F,0xF81F,0xF81F,0xF81F,0xF81F,0xF81F,0xF81F,0xF81F,0xF81F,
    0xF81F,0xF81F,0xF81F,0xF81F,0xF81F,0xF81F,0xF81F,0xF81F,0xF81F,0xF81F,0xF81F,0xF81F,
    0xF81F,0xF81F,0xF81F,0xF81F,0xF81F,0xF81F,0xF81F,0xF81F,0xF81F,0xF81F,0xF81F,0xF81F,
    0xF81F,0xF81F,0xF81F,0xF81F,0xF81F,0xF81F,0xF81F,0xF81F,0xF81F,0xF81F,0xF81F,0xF81F,
    0xF81F,0xF81F,0xF81F,0xF81F,0xF81F,0xF81F,0xF81F,0xF81F,0xF81F,0xF81F,0xF81F,0xF81F,
    0xF81F,0xF81F,0xF81F,0xF81F,0xF81F,0xF81F,0xF81F,0xF81F,0xF81F,0xF81F,0xF81F,0xF81F,
    0xF81F,0xF81F,0xF81F,0xF81F,0xF81F,0xF81F,0xF81F,0xF81F,0xF81F,0xF81F,0xF81F,0xF81F,
    0xF81F,0xF81F,0xF81F,0xF81F,0xF81F,0xF81F,0xF81F,0xF81F,0xF81F,0xF81F,0xF81F,0xF81F,
    0xF81F,0xF81F,0xF81F,0xF81F,0xF81F,0xF81F,0xF81F,0xF81F,0xF81F,0xF81F,0xF81F,0xF81F,
    0xF81F,0xF81F,0xF81F,0xF81F,0xF81F,0xF81F,0xF81F,0xF81F,0xF81F,0xF81F,0xF81F,0xF81F,
    0xF81F,0xF81F,0xF81F,0xF81F,0xF81F,0xF81F,0xF81F,0xF81F,0xF81F,0xF81F,0xF81F,0xF81F,
    0xF81F,0xF81F,0xF81F,0xF81F,0xF81F,0xF81F,0xF81F,0xF81F,0xF81F,0xF81F,0xF81F,0xF81F,
    0xF81F,0xF81F,0xF81F,0xF81F,0xF81F,0xF81F,0xF81F,0xF81F,0xF81F,0xF81F,0xF81F,0xF81F,
    0xF81F,0xF81F,0xF81F,0xF81F,0xF81F,0xF81F,0xF81F,0xF81F,0xF81F,0xF81F,0xF81F,0xF81F,
    0xF81F,0xF81F,0xF81F,0xF81F,0xF81F,0xF81F,0xF81F,0xF81F,0xF81F,0xF81F,0xF81F,0xF81F,
    0xF81F,0xF81F,0xF81F,0xF81F,0xF81F,0xF81F,0xF81F,0xF81F,0xF81F,0xF81F,0xF81F,0xF81F,
    0xF81F,0xF81F,0xF81F,0xF81F,0xF81F,0xF81F,0xF81F,0xF81F,0xF81F,0xF81F,0xF81F,0xF81F,
    0xF81F,0xF81F,0xF81F,0xF81F,0xF81F,0xF81F,0xF81F,0xF81F,0xF81F,0xF81F,0xF81F,0xF81F,
    0xF81F,0xF81F,0xF81F,0xF81F,0xF81F,0xF81F,0xF81F,0xF81F,0xF81F,0xF81F,0xF81F,0xF81F,
    0xF81F,0xF81F,0xF81F,0xF81F,0xF81F,0xF81F,0xF81F,0xF81F,0xF81F,0xF81F,0xF81F,0xF81F,
    0xF81F,0xF81F,0xF81F,0xF81F,0xF81F,0xF81F,0xF81F,0xF81F,0xF81F,0xF81F,0xF81F,0xF81F,
    0xF81F,0xF81F,0xF81F,0xF81F,0xF81F,0xF81F,0xF81F,0xF81F,0xF81F,0xF81F,0xF81F,0xF81F,
    0xF81F,0xF81F,0xF81F,0xF81F,0xF81F,0xF81F,0xF81F,0xF81F,0xF81F,0xF81F,0xF81F,0xF81F,
    0xF81F,0xF81F,0xF81F,0xF81F,0xF81F,0xF81F,0xF81F,0xF81F,0xF81F,0xF81F,0xF81F,0xF81F,
    0xF81F,0xF81F,0xF81F,0xF81F,0xF81F,0xF81F,0xF81F,0xF81F,0xF81F,0xF81F,0xF81F,0xF81F,
    0xF81F,0xF81F,0xF81F,0xF81F,0xF81F,0xF81F,0xF81F,0xF81F,0xF81F,0xF81F,0xF81F,0xF81F,
    0xF81F,0xF81F,0xF81F,0xF81F,0xF81F,0xF81F,0xF81F,0xF81F,0xF81F,0xF81F,0xF81F,0xF81F,
    0xF81F,0xF81F,0xF81F,0xF81F,0xF81F,0xF81F,0xF81F,0xF81F,0xF81F,0xF81F,0xF81F,0xF81F,
    0xF81F,0xF81F,0xF81F,0xF81F,0xF81F,0xF81F,0xF81F,0xF81F,0xF81F,0xF81F,0xF81F,0xF81F,
    0xF81F,0xF81F,0xF81F,0xF81F,0xF81F,0xF81F,0xF81F,0xF81F,0xF81F,0xF81F,0xF81F,0xF81F,
    0xF81F,0xF81F,0xF81F,0xF81F,0xF81F,0xF81F,0xF81F,0xF81F,0xF81F,0xF81F,0xF81F,0xF81F,
    0xF81F,0xF81F,0xF81F,0xF81F,0xF81F,0xF81F,0xF81F,0xF81F,0xF81F,0xF81F,0xF81F,0xF81F,
    0xF81F,0xF81F,0xF81F,0xF81F,0xF81F,0xF81F,0xF81F,0xF81F,0xF81F,0xF81F,0xF81F,0xF81F,
    0xF81F,0xF81F,0xF81F,0xF81F,0xF81F,0xF81F,0xF81F,0xF81F,0xF81F,0xF81F,0xF81F,0xF81F,
    0xF81F,0xF81F,0xF81F,0xF81F,0xF81F,0xF81F,0xF81F,0xF81F,0xF81F,0xF81F,0xF81F,0xF81F,
    0xF81F,0xF81F,0xF81F,0xF81F,0xF81F,0xF81F,0xF81F,0xF81F,0xF81F,0xF81F,0xF81F,0xF81F,
    0xF81F,0xF81F,0xF81F,0xF81F,0xF81F,0xF81F,0xF81F,0xF81F,0xF81F,0xF81F,0xF81F,0xF81F,
    0xF81F,0xF81F,0xF81F,0xF81F,0xF81F,0xF81F,0xF81F,0xF81F,0xF81F,0xF81F,0xF81F,0xF81F,
    0xF81F,0xF81F,0xF81F,0xF81F,0xF81F,0xF81F,0xF81F,0xF81F,0xF81F,0xF81F,0xF81F,0xF81F,
    0xF81F,0xF81F,0xF81F,0xF81F,0xF81F,0xF81F,0xF81F,0xF81F,0xF81F,0xF81F,0xF81F,0xF81F,
    0xF81F,0xF81F,0xF81F,0xF81F,0xF81F,0xF81F,0xF81F,0xF81F,0xF81F,0xF81F,0xF81F,0xF81F,
    0xF81F,0xF81F,0xF81F,0xF81F,0xF81F,0xF81F,0xF81F,0xF81F,0xF81F,0xF81F,0xF81F,0xF81F,
    0xF81F,0xF81F,0xF81F,0xF81F,0xF81F,0xF81F,0xF81F,0xF81F,0xF81F,0xF81F,0xF81F,0xF81F,
    0xF81F,0xF81F,0xF81F,0xF81F,0xF81F,0xF81F,0xF81F,0xF81F,0xF81F,0xF81F,0xF81F,0xF81F,
    0xF81F,0xF81F,0xF81F,0xF81F,0xF81F,0xF81F,0xF81F,0xF81F,0xF81F,0xF81F,0xF81F,0xF81F,
    0xF81F,0xF81F,0xF81F,0xF81F,0xF81F,0xF81F,0xF81F,0xF81F,0xF81F,0xF81F,0xF81F,0xF81F,
    0xF81F,0xF81F,0xF81F,0xF81F,0xF81F,0xF81F,0xF81F,0xF81F,0xF81F,0xF81F,0xF81F,0xF81F,
    0xF81F,0xF81F,0xF81F,0xF81F,0xF81F,0xF81F,0xF81F,0xF81F,0xF81F,0xF81F,0xF81F,0xF81F,
    0xF81F,0xF81F,0xF81F,0xF81F,0xF81F,0xF81F,0xF81F,0xF81F,0xF81F,0xF81F,0xF81F,0xF81F,
    0xF81F,0xF81F,0xF81F,0xF81F,0xF81F,0xF81F,0xF81F,0xF81F,0xF81F,0xF81F,0xF81F,0xF81F,
    0xF81F,0xF81F,0xF81F,0xF81F,0xF81F,0xF81F,0xF81F,0xF81F,0xF81F,0xF81F,0xF81F,0xF81F,
    0xF81F,0xF81F,0xF81F,0xF81F,0xF81F,0xF81F,0xF81F,0xF81F,0xF81F,0xF81F,0xF81F,0xF81F,
    0xF81F,0xF81F,0xF81F,0xF81F,0xF81F,0xF81F,0xF81F,0xF81F,0xF81F,0xF81F,0xF81F,0xF81F,
    0xF81F,0xF81F,0xF81F,0xF81F,0xF81F,0xF81F,0xF81F,0xF81F,0xF81F,0xF81F,0xF81F,0xF81F,
    0xF81F,0xF81F,0xF81F,0xF81F,0xF81F,0xF81F,0xF81F,0xF81F,0xF81F,0xF81F,0xF81F,0xF81F,
    0xF81F,0xF81F,0xF81F,0xF81F,0xF81F,0xF81F,0xF81F,0xF81F,0xF81F,0xF81F,0xF81F,0xF81F,
    0xF81F,0xF81F,0xF81F,0xF81F,0xF81F,0xF81F,0xF81F,0xF81F,0xF81F,0xF81F,0xF81F,0xF81F,
    0xF81F,0xF81F,0xF81F,0xF81F,0xF81F,0xF81F,0xF81F,0xF81F,0xF81F,0xF81F,0xF81F,0xF81F,
    0xF81F,0xF81F,0xF81F,0xF81F,0xF81F,0xF81F,0xF81F,0xF81F,0xF81F,0xF81F,0xF81F,0xF81F,
    0xF81F,0xF81F,0xF81F,0xF81F,0xF81F,0xF81F,0xF81F,0xF81F,0xF81F,0xF81F,0xF81F,0xF81F,
    0xF81F,0xF81F,0xF81F,0xF81F,0xF81F,0xF81F,0xF81F,0xF81F,0xF81F,0xF81F,0xF81F,0xF81F,
    0xF81F,0xF81F,0xF81F,0xF81F,0xF81F,0xF81F,0xF81F,0xF81F,0xF81F,0xF81F,0xF81F,0xF81F,
    0xF81F,0xF81F,0xF81F,0xF81F,0xF81F,0xF81F,0xF81F,0xF81F,0xF81F,0xF81F,0xF81F,0xF81F,
    0xF81F,0xF81F,0xF81F,0xF81F,0xF81F,0xF81F,0xF81F,0xF81F,0xF81F,0xF81F,0xF81F,0xF81F,
    0xF81F,0xF81F,0xF81F,0xF81F,0xF81F,0xF81F,0xF81F,0xF81F,0xF81F,0xF81F,0xF81F,0xF81F,
    0xF81F,0xF81F,0xF81F,0xF81F,0xF81F,0xF81F,0xF81F,0xF81F,0xF81F,0xF81F,0xF81F,0xF81F,
    0xF81F,0xF81F,0xF81F,0xF81F,0xF81F,0xF81F,0xF81F,0xF81F,0xF81F,0xF81F,0xF81F,0xF81F,
    0xF81F,0xF81F,0xF81F,0xF81F,0xF81F,0xF81F,0xF81F,0xF81F,0xF81F,0xF81F,0xF81F,0xF81F,
    0xF81F,0xF81F,0xF81F,0xF81F,0xF81F,0xF81F,0xF81F,0xF81F,0xF81F,0xF81F,0xF81F,0xF81F,
    0xF81F,0xF81F,0xF81F,0xF81F,0xF81F,0xF81F,0xF81F,0xF81F,0xF81F,0xF81F,0xF81F,0xF81F,
    0xF81F,0xF81F,0xF81F,0xF81F,0xF81F,0xF81F,0xF81F,0xF81F,0xF81F,0xF81F,0xF81F,0xF81F,
    0xF81F,0xF81F,0xF81F,0xF81F,0xF81F,0xF81F,0xF81F,0xF81F,0xF81F,0xF81F,0xF81F,0xF81F,
    0xF81F,0xF81F,0xF81F,0xF81F,0xF81F,0xF81F,0xF81F,0xF81F,0xF81F,0xF81F,0xF81F,0xF81F,
    0xF81F,0xF81F,0xF81F,0xF81F,0xF81F,0xF81F,0xF81F,0xF81F,0xF81F,0xF81F,0xF81F,0xF81F,
    0xF81F,0xF81F,0xF81F,0xF81F,0xF81F,0xF81F,0xF81F,0xF81F,0xF81F,0xF81F,0xF81F,0xF81F,
    0xF81F,0xF81F,0xF81F,0xF81F,0xF81F,0xF81F,0xF81F,0xF81F,0xF81F,0xF81F,0xF81F,0xF81F,
    0xF81F,0xF81F,0xF81F,0xF81F,0xF81F,0xF81F,0xF81F,0xF81F,0xF81F,0xF81F,0xF81F,0xF81F,
    0xF81F,0xF81F,0xF81F,0xF81F,0xF81F,0xF81F,0xF81F,0xF81F,0xF81F,0xF81F,0xF81F,0xF81F,
    0xF81F,0xF81F,0xF81F,0xF81F,0xF81F,0xF81F,0xF81F,0xF81F,0xF81F,0xF81F,0xF81F,0xF81F,
    0xF81F,0xF81F,0xF81F,0xF81F,0xF81F,0xF81F,0xF81F,0xF81F,0xF81F,0xF81F,0xF81F,0xF81F,
    0xF81F,0xF81F,0xF81F,0xF81F,0xF81F,0xF81F,0xF81F,0xF81F,0xF81F,0xF81F,0xF81F,0xF81F,
    0xF81F,0xF81F,0xF81F,0xF81F,0xF81F,0xF81F,0xF81F,0xF81F,0xF81F,0xF81F,0xF81F,0xF81F,
    0xF81F,0xF81F,0xF81F,0xF81F,0xF81F,0xF81F,0xF81F,0xF81F,0xF81F,0xF81F,0xF81F,0xF81F,
    0xF81F,0xF81F,0xF81F,0xF81F,0xF81F,0xF81F,0xF81F,0xF81F,0xF81F,0xF81F,0xF81F,0xF81F,
    0xF81F,0xF81F,0xF81F,0xF81F,0xF81F,0xF81F,0xF81F,0xF81F,0xF81F,0xF81F,0xF81F,0xF81F,
    0xF81F,0xF81F,0xF81F,0xF81F,0xF81F,0xF81F,0xF81F,0xF81F,0xF81F,0xF81F,0xF81F,0xF81F,
    0xF81F,0xF81F,0xF81F,0xF81F,0xF81F,0xF81F,0xF81F,0xF81F,0xF81F,0xF81F,0xF81F,0xF81F,
    0xF81F,0xF81F,0xF81F,0xF81F,0xF81F,0xF81F,0xF81F,0xF81F,0xF81F,0xF81F,0xF81F,0xF81F,
    0xF81F,0xF81F,0xF81F,0xF81F,0xF81F,0xF81F,0xF81F,0xF81F,0xF81F,0xF81F,0xF81F,0xF81F,
    0xF81F,0xF81F,0xF81F,0xF81F,0xF81F,0xF81F,0xF81F,0xF81F,0xF81F,0xF81F,0xF81F,0xF81F,
    0xF81F,0xF81F,0xF81F,0xF81F,0xF81F,0xF81F,0xF81F,0xF81F,0xF81F,0xF81F,0xF81F,0xF81F,
    0xF81F,0xF81F,0xF81F,0xF81F,0xF81F,0xF81F,0xF81F,0xF81F,0xF81F,0xF81F,0xF81F,0xF81F,
    0xF81F,0xF81F,0xF81F,0xF81F,0xF81F,0xF81F,0xF81F,0xF81F,0xF81F,0xF81F,0xF81F,0xF81F,
    0xF81F,0xF81F,0xF81F,0xF81F,0xF81F,0xF81F,0xF81F,0xF81F,0xF81F,0xF81F,0xF81F,0xF81F,
    0xF81F,0xF81F,0xF81F,0xF81F,0xF81F,0xF81F,0xF81F,0xF81F,0xF81F,0xF81F,0xF81F,0xF81F,
    0xF81F,0xF81F,0xF81F,0xF81F,0xF81F,0xF81F,0xF81F,0xF81F,0xF81F,0xF81F,0xF81F,0xF81F,
    0xF81F,0xF81F,0xF81F,0xF81F,0xF81F,0xF81F,0xF81F,0xF81F,0xF81F,0xF81F,0xF81F,0xF81F,
    0xF81F,0xF81F,0xF81F,0xF81F,0xF81F,0xF81F,0xF81F,0xF81F,0xF81F,0xF81F,0xF81F,0xF81F,
    0xF81F,0xF81F,0xF81F,0xF81F,0xF81F,0xF81F,0xF81F,0xF81F,0xF81F,0xF81F,0xF81F,0xF81F,
    0xF81F,0xF81F,0xF81F,0xF81F,0xF81F,0xF81F,0xF81F,0xF81F,0xF81F,0xF81F,0xF81F,0xF81F,
    0xF81F,0xF81F,0xF81F,0xF81F,0xF81F,0xF81F,0xF81F,0xF81F,0xF81F,0xF81F,0xF81F,0xF81F,
    0xF81F,0xF81F,0xF81F,0xF81F,0xF81F,0xF81F,0xF81F,0xF81F,0xF81F,0xF81F,0xF81F,0xF81F,
    0xF81F,0xF81F,0xF81F,0xF81F,0xF81F,0xF81F,0xF81F,0xF81F,0xF81F,0xF81F,0xF81F,0xF81F,
    0xF81F,0xF81F,0xF81F,0xF81F,0xF81F,0xF81F,0xF81F,0xF81F,0xF81F,0xF81F,0xF81F,0xF81F,
    0xF81F,0xF81F,0xF81F,0xF81F,0xF81F,0xF81F,0xF81F,0xF81F,0xF81F,0xF81F,0xF81F,0xF81F,
    0xF81F,0xFFFF,0xFFFF,0xFFFF,0xFFFF,0xFFFF,0xFFFF,0xFFFF,0xFFFF,0xFFFF,0xFFFF,0xFFFF,
    0xF81F,0xF81F,0xF81F,0xF81F,0xF81F,0xF81F,0xF81F,0xF81F,0xF81F,0xF81F,0xF81F,0xF81F,
    0xF81F,0xF81F,0xF81F,0xF81F,0xF81F,0xF81F,0xF81F,0xF81F,0xF81F,0xF81F,0xF81F,0xF81F,
    0xF81F,0xF81F,0xF81F,0xF81F,0xF81F,0xF81F,0xF81F,0xF81F,0xF81F,0xF81F,0xF81F,0xF81F,
    0xF81F,0xF81F,0xF81F,0xF81F,0xF81F,0xF81F,0xF81F,0xF81F,0xF81F,0xF81F,0xF81F,0xF81F,
    0xF81F,0xF81F,0xF81F,0xF81F,0xF81F,0xF81F,0xF81F,0xF81F,0xF81F,0xF81F,0xF81F,0xF81F,
    0xF81F,0xF81F,0xF81F,0xF81F,0xF81F,0xF81F,0xF81F,0xF81F,0xF81F,0xF81F,0xF81F,0xF81F,
    0xF81F,0xF81F,0xF81F,0xF81F,0xF81F,0xF81F,0xF81F,0xF81F,0xF81F,0xF81F,0xF81F,0xF81F,
    0xF81F,0xF81F,0xF81F,0xF81F,0xF81F,0xF81F,0xF81F,0xF81F,0xF81F,0xF81F,0xF81F,0xF81F,
    0xF81F,0xF81F,0xF81F,0xF81F,0xF81F,0xF81F,0xF81F,0xF81F,0xF81F,0xF81F,0xF81F,0xF81F,
    0xF81F,0xF81F,0xF81F,0xF81F,0xF81F,0xF81F,0xF81F,0xF81F,0xF81F,0xF81F,0xF81F,0xF81F,
    0xF81F,0xF81F,0xF81F,0xF81F,0xF81F,0xF81F,0xF81F,0xF81F,0xF81F,0xF81F,0xF81F,0xF81F,
    0xF81F,0xF81F,0xF81F,0xF81F,0xF81F,0xF81F,0xF81F,0xFFFF,0xFFFF,0xFFFF,0xFFFF,0xFFFF,
    0xFFFF,0xFFFF,0xFFFF,0xFFFF,0xFFFF,0xFFFF,0xF81F,0xF81F,0xF81F,0xF81F,0xF81F,0xF81F,
    0xF81F,0xF81F,0xF81F,0xF81F,0xF81F,0xF81F,0xF81F,0xF81F,0xF81F,0xF81F,0xF81F,0xF81F,
    0xF81F,0xF81F,0xF81F,0xF81F,0xF81F,0xF81F,0xF81F,0xF81F,0xF81F,0xF81F,0xF81F,0xF81F,
    0xF81F,0xF81F,0xF81F,0xF81F,0xF81F,0xF81F,0xF81F,0xF81F,0xF81F,0xF81F,0xF81F,0xF81F,
    0xF81F,0xF81F,0xF81F,0xF81F,0xF81F,0xF81F,0xF81F,0xF81F,0xF81F,0xF81F,0xF81F,0xF81F,
    0xF81F,0xF81F,0xF81F,0xF81F,0xF81F,0xF81F,0xF81F,0xF81F,0xF81F,0xF81F,0xF81F,0xF81F,
    0xF81F,0xF81F,0xF81F,0xF81F,0xF81F,0xF81F,0xF81F,0xF81F,0xF81F,0xF81F,0xF81F,0xF81F,
    0xF81F,0xF81F,0xF81F,0xF81F,0xF81F,0xF81F,0xF81F,0xF81F,0xF81F,0xF81F,0xF81F,0xF81F,
    0xF81F,0xF81F,0xF81F,0xF81F,0xF81F,0xF81F,0xF81F,0xF81F,0xF81F,0xF81F,0xF81F,0xF81F,
    0xF81F,0xF81F,0xF81F,0xF81F,0xF81F,0xF81F,0xF81F,0xF81F,0xF81F,0xF81F,0xF81F,0xF81F,
    0xF81F,0xF81F,0xF81F,0xF81F,0xF81F,0xF81F,0xF81F,0xF81F,0xF81F,0xF81F,0xF81F,0xF81F,
    0xF81F,0xF81F,0xF81F,0xF81F,0xF81F,0xF81F,0xF81F,0xF81F,0xF81F,0xF81F,0xF81F,0xF81F,
    0xF81F,0xF81F,0xF81F,0xF81F,0xF81F,0xF81F,0xF81F,0xFFFF,0xFFFF,0xFFFF,0xFFFF,0xF81F,
    0xF81F,0xF81F,0xF81F,0xF81F,0xF81F,0xF81F,0xF81F,0xF81F,0xF81F,0xF81F,0xF81F,0xF81F,
    0xF81F,0xF81F,0xF81F,0xF81F,0xF81F,0xF81F,0xF81F,0xF81F,0xF81F,0xF81F,0xF81F,0xF81F,
    0xF81F,0xF81F,0xF81F,0xF81F,0xF81F,0xF81F,0xF81F,0xF81F,0xF81F,0xF81F,0xF81F,0xF81F,
    0xF81F,0xF81F,0xF81F,0xF81F,0xF81F,0xF81F,0xF81F,0xF81F,0xF81F,0xF81F,0xF81F,0xF81F,
    0xF81F,0xF81F,0xF81F,0xF81F,0xF81F,0xF81F,0xF81F,0xF81F,0xF81F,0xF81F,0xF81F,0xF81F,
    0xF81F,0xF81F,0xF81F,0xF81F,0xF81F,0xF81F,0xF81F,0xF81F,0xF81F,0xF81F,0xF81F,0xF81F,
    0xF81F,0xF81F,0xF81F,0xF81F,0xF81F,0xF81F,0xF81F,0xF81F,0xF81F,0xF81F,0xF81F,0xF81F,
    0xF81F,0xF81F,0xF81F,0xF81F,0xF81F,0xF81F,0xF81F,0xF81F,0xF81F,0xF81F,0xF81F,0xF81F,
    0xF81F,0xF81F,0xF81F,0xF81F,0xF81F,0xF81F,0xF81F,0xF81F,0xF81F,0xF81F,0xF81F,0xF81F,
    0xF81F,0xF81F,0xF81F,0xF81F,0xF81F,0xF81F,0xF81F,0xF81F,0xF81F,0xF81F,0xF81F,0xF81F,
    0xF81F,0xF81F,0xF81F,0xF81F,0xF81F,0xF81F,0xF81F,0xF81F,0xF81F,0xF81F,0xF81F,0xF81F,
    0xF81F,0xF81F,0xF81F,0xF81F,0xF81F,0xF81F,0xF81F,0xF81F,0xF81F,0xF81F,0xF81F,0xF81F,
    0xF81F,0xFFFF,0xFFFF,0xFFFF,0xF81F,0xF81F,0xF81F,0xF81F,0xF81F,0xF81F,0xF81F,0xF81F,
    0xF81F,0xF81F,0xF81F,0xF81F,0xF81F,0xF81F,0xF81F,0xF81F,0xF81F,0xF81F,0xF81F,0xF81F,
    0xF81F,0xF81F,0xF81F,0xF81F,0xF81F,0xF81F,0xF81F,0xF81F,0xF81F,0xF81F,0xF81F,0xF81F,
    0xF81F,0xF81F,0xF81F,0xF81F,0xF81F,0xF81F,0xF81F,0xF81F,0xF81F,0xF81F,0xF81F,0xF81F,
    0xF81F,0xF81F,0xF81F,0xF81F,0xF81F,0xF81F,0xF81F,0xF81F,0xF81F,0xF81F,0xF81F,0xF81F,
    0xF81F,0xF81F,0xF81F,0xF81F,0xF81F,0xF81F,0xF81F,0xF81F,0xF81F,0xF81F,0xF81F,0xF81F,
    0xF81F,0xF81F,0xF81F,0xF81F,0xF81F,0xF81F,0xF81F,0xF81F,0xF81F,0xF81F,0xF81F,0xF81F,
    0xF81F,0xF81F,0xF81F,0xF81F,0xF81F,0xF81F,0xF81F,0xF81F,0xF81F,0xF81F,0xF81F,0xF81F,
    0xF81F,0xF81F,0xF81F,0xF81F,0xF81F,0xF81F,0xF81F,0xF81F,0xF81F,0xF81F,0xF81F,0xF81F,
    0xF81F,0xF81F,0xF81F,0xF81F,0xF81F,0xF81F,0xF81F,0xF81F,0xF81F,0xF81F,0xF81F,0xF81F,
    0xF81F,0xF81F,0xF81F,0xF81F,0xF81F,0xF81F,0xF81F,0xF81F,0xF81F,0xF81F,0xF81F,0xF81F,
    0xF81F,0xF81F,0xF81F,0xF81F,0xF81F,0xF81F,0xF81F,0xF81F,0xF81F,0xF81F,0xF81F,0xF81F,
    0xF81F,0xF81F,0xF81F,0xF81F,0xF81F,0xF81F,0xFFFF,0xFFFF,0xFFFF,0xF81F,0xF81F,0xF81F,
    0xF81F,0xF81F,0xF81F,0xF81F,0xF81F,0xF81F,0xF81F,0xF81F,0xF81F,0xF81F,0xF81F,0xF81F,
    0xF81F,0xF81F,0xF81F,0xF81F,0xF81F,0xF81F,0xF81F,0xF81F,0xF81F,0xF81F,0xF81F,0xF81F,
    0xF81F,0xF81F,0xF81F,0xF81F,0xF81F,0xF81F,0xF81F,0xF81F,0xF81F,0xF81F,0xF81F,0xF81F,
    0xF81F,0xF81F,0xF81F,0xF81F,0xF81F,0xF81F,0xF81F,0xF81F,0xF81F,0xF81F,0xF81F,0xF81F,
    0xF81F,0xF81F,0xF81F,0xF81F,0xF81F,0xF81F,0xF81F,0xF81F,0xF81F,0xF81F,0xF81F,0xF81F,
    0xF81F,0xF81F,0xF81F,0xF81F,0xF81F,0xF81F,0xF81F,0xF81F,0xF81F,0xF81F,0xF81F,0xF81F,
    0xF81F,0xF81F,0xF81F,0xF81F,0xF81F,0xF81F,0xF81F,0xF81F,0xF81F,0xF81F,0xF81F,0xF81F,
    0xF81F,0xF81F,0xF81F,0xF81F,0xF81F,0xF81F,0xF81F,0xF81F,0xF81F,0xF81F,0xF81F,0xF81F,
    0xF81F,0xF81F,0xF81F,0xF81F,0xF81F,0xF81F,0xF81F,0xF81F,0xF81F,0xF81F,0xF81F,0xF81F,
    0xF81F,0xF81F,0xF81F,0xF81F,0xF81F,0xF81F,0xF81F,0xF81F,0xF81F,0xF81F,0xF81F,0xF81F,
    0xF81F,0xF81F,0xF81F,0xF81F,0xF81F,0xF81F,0xF81F,0xF81F,0xF81F,0xF81F,0xF81F,0xF81F,
    0xF81F,0xF81F,0xF81F,0xF81F,0xF81F,0xF81F,0xF81F,0xF81F,0xF81F,0xF81F,0xF81F,0xFFFF,
    0xFFFF,0xFFFF,0xFFFF,0xF81F,0xF81F,0xF81F,0xF81F,0xF81F,0xF81F,0xF81F,0xF81F,0xF81F,
    0xF81F,0xF81F,0xF81F,0xF81F,0xF81F,0xF81F,0xF81F,0xF81F,0xF81F,0xF81F,0xF81F,0xF81F,
    0xF81F,0xF81F,0xF81F,0xF81F,0xF81F,0xF81F,0xF81F,0xF81F,0xF81F,0xF81F,0xF81F,0xF81F,
    0xF81F,0xF81F,0xF81F,0xF81F,0xF81F,0xF81F,0xF81F,0xF81F,0xF81F,0xF81F,0xF81F,0xF81F,
    0xF81F,0xF81F,0xF81F,0xF81F,0xF81F,0xF81F,0xF81F,0xF81F,0xF81F,0xF81F,0xF81F,0xF81F,
    0xF81F,0xF81F,0xF81F,0xF81F,0xF81F,0xF81F,0xF81F,0xF81F,0xF81F,0xF81F,0xF81F,0xF81F,
    0xF81F,0xF81F,0xF81F,0xF81F,0xF81F,0xF81F,0xF81F,0xF81F,0xF81F,0xF81F,0xF81F,0xF81F,
    0xF81F,0xF81F,0xF81F,0xF81F,0xF81F,0xF81F,0xF81F,0xF81F,0xF81F,0xF81F,0xF81F,0xF81F,
    0xF81F,0xF81F,0xF81F,0xF81F,0xF81F,0xF81F,0xF81F,0xF81F,0xF81F,0xF81F,0xF81F,0xF81F,
    0xF81F,0xF81F,0xF81F,0xF81F,0xF81F,0xF81F,0xF81F,0xF81F,0xF81F,0xF81F,0xF81F,0xF81F,
    0xF81F,0xF81F,0xF81F,0xF81F,0xF81F,0xF81F,0xF81F,0xF81F,0xF81F,0xF81F,0xF81F,0xF81F,
    0xF81F,0xF81F,0xF81F,0xF81F,0xF81F,0xF81F,0xF81F,0xF81F,0xF81F,0xF81F,0xF81F,0xF81F,
    0xF81F,0xF81F,0xF81F,0xF81F,0xFFFF,0xFFFF,0xFFFF,0xFFFF,0xF81F,0xF81F,0xF81F,0xF81F,
    0xF81F,0xF81F,0xF81F,0xF81F,0xF81F,0xF81F,0xF81F,0xF81F,0xF81F,0xF81F,0xF81F,0xF81F,
    0xF81F,0xF81F,0xF81F,0xF81F,0xF81F,0xF81F,0xF81F,0xF81F,0xF81F,0xF81F,0xF81F,0xF81F,
    0xF81F,0xF81F,0xF81F,0xF81F,0xF81F,0xF81F,0xF81F,0xF81F,0xF81F,0xF81F,0xF81F,0xF81F,
    0xF81F,0xF81F,0xF81F,0xF81F,0xF81F,0xF81F,0xF81F,0xF81F,0xF81F,0xF81F,0xF81F,0xF81F,
    0xF81F,0xF81F,0xF81F,0xF81F,0xF81F,0xF81F,0xF81F,0xF81F,0xF81F,0xF81F,0xF81F,0xF81F,
    0xF81F,0xF81F,0xF81F,0xF81F,0xF81F,0xF81F,0xF81F,0xF81F,0xF81F,0xF81F,0xF81F,0xF81F,
    0xF81F,0xF81F,0xF81F,0xF81F,0xF81F,0xF81F,0xF81F,0xF81F,0xF81F,0xF81F,0xF81F,0xF81F,
    0xF81F,0xF81F,0xF81F,0xF81F,0xF81F,0xF81F,0xF81F,0xF81F,0xF81F,0xF81F,0xF81F,0xF81F,
    0xF81F,0xF81F,0xF81F,0xF81F,0xF81F,0xF81F,0xF81F,0xF81F,0xF81F,0xF81F,0xF81F,0xF81F,
    0xF81F,0xF81F,0xF81F,0xF81F,0xF81F,0xF81F,0xF81F,0xF81F,0xF81F,0xF81F,0xF81F,0xF81F,
    0xF81F,0xF81F,0xF81F,0xF81F,0xF81F,0xF81F,0xF81F,0xF81F,0xF81F,0xF81F,0xF81F,0xF81F,
    0xF81F,0xF81F,0xF81F,0xF81F,0xF81F,0xF81F,0xF81F,0xF81F,0xF81F,0xFFFF,0xFFFF,0xFFFF,
    0xFFFF,0xF81F,0xF81F,0xF81F,0xF81F,0xF81F,0xF81F,0xF81F,0xF81F,0xF81F,0xF81F,0xF81F,
    0xF81F,0xF81F,0xF81F,0xF81F,0xF81F,0xF81F,0xF81F,0xF81F,0xF81F,0xF81F,0xF81F,0xF81F,
    0xF81F,0xF81F,0xF81F,0xF81F,0xF81F,0xF81F,0xF81F,0xF81F,0xF81F,0xF81F,0xF81F,0xF81F,
    0xF81F,0xF81F,0xF81F,0xF81F,0xF81F,0xF81F,0xF81F,0xF81F,0xF81F,0xF81F,0xF81F,0xF81F,
    0xF81F,0xF81F,0xF81F,0xF81F,0xF81F,0xF81F,0xF81F,0xF81F,0xF81F,0xF81F,0xF81F,0xF81F,
    0xF81F,0xF81F,0xF81F,0xF81F,0xF81F,0xF81F,0xF81F,0xF81F,0xF81F,0xF81F,0xF81F,0xF81F,
    0xF81F,0xF81F,0xF81F,0xF81F,0xF81F,0xF81F,0xF81F,0xF81F,0xF81F,0xF81F,0xF81F,0xF81F,
    0xF81F,0xF81F,0xF81F,0xF81F,0xF81F,0xF81F,0xF81F,0xF81F,0xF81F,0xF81F,0xF81F,0xF81F,
    0xF81F,0xF81F,0xF81F,0xF81F,0xF81F,0xF81F,0xF81F,0xF81F,0xF81F,0xF81F,0xF81F,0xF81F,
    0xF81F,0xF81F,0xF81F,0xF81F,0xF81F,0xF81F,0xF81F,0xF81F,0xF81F,0xF81F,0xF81F,0xF81F,
    0xF81F,0xF81F,0xF81F,0xF81F,0xF81F,0xF81F,0xF81F,0xF81F,0xF81F,0xF81F,0xF81F,0xF81F,
    0xF81F,0xF81F,0xF81F,0xF81F,0xF81F,0xF81F,0xF81F,0xF81F,0xF81F,0xF81F,0xF81F,0xF81F,
    0xF81F,0xF81F,0xF81F,0xFFFF,0xFFFF,0xFFFF,0xF81F,0xF81F,0xF81F,0xF81F,0xF81F,0xF81F,
    0xF81F,0xF81F,0xF81F,0xF81F,0xF81F,0xF81F,0xF81F,0xF81F,0xF81F,0xF81F,0xF81F,0xF81F,
    0xF81F,0xF81F,0xF81F,0xF81F,0xF81F,0xF81F,0xF81F,0xF81F,0xF81F,0xF81F,0xF81F,0xF81F,
    0xF81F,0xF81F,0xF81F,0xF81F,0xF81F,0xF81F,0xF81F,0xF81F,0xF81F,0xF81F,0xF81F,0xF81F,
    0xF81F,0xF81F,0xF81F,0xF81F,0xF81F,0xF81F,0xF81F,0xF81F,0xF81F,0xF81F,0xF81F,0xF81F,
    0xF81F,0xF81F,0xF81F,0xF81F,0xF81F,0xF81F,0xF81F,0xF81F,0xF81F,0xF81F,0xF81F,0xF81F,
    0xF81F,0xF81F,0xF81F,0xF81F,0xF81F,0xF81F,0xF81F,0xF81F,0xF81F,0xF81F,0xF81F,0xF81F,
    0xF81F,0xF81F,0xF81F,0xF81F,0xF81F,0xF81F,0xF81F,0xF81F,0xF81F,0xF81F,0xF81F,0xF81F,
    0xF81F,0xF81F,0xF81F,0xF81F,0xF81F,0xF81F,0xF81F,0xF81F,0xF81F,0xF81F,0xF81F,0xF81F,
    0xF81F,0xF81F,0xF81F,0xF81F,0xF81F,0xF81F,0xF81F,0xF81F,0xF81F,0xF81F,0xF81F,0xF81F,
    0xF81F,0xF81F,0xF81F,0xF81F,0xF81F,0xF81F,0xF81F,0xF81F,0xF81F,0xF81F,0xF81F,0xF81F,
    0xF81F,0xF81F,0xF81F,0xF81F,0xF81F,0xF81F,0xF81F,0xF81F,0xF81F,0xF81F,0xF81F,0xF81F,
    0xF81F,0xF81F,0xF81F,0xF81F,0xF81F,0xF81F,0xF81F,0xF81F,0xFFFF,0xFFFF,0xFFFF,0xF81F,
    0xF81F,0xF81F,0xF81F,0xF81F,0xF81F,0xF81F,0xF81F,0xF81F,0xF81F,0xF81F,0xF81F,0xF81F,
    0xF81F,0xF81F,0xF81F,0xF81F,0xF81F,0xF81F,0xF81F,0xF81F,0xF81F,0xF81F,0xF81F,0xF81F,
    0xF81F,0xF81F,0xF81F,0xF81F,0xF81F,0xF81F,0xF81F,0xF81F,0xF81F,0xF81F,0xF81F,0xF81F,
    0xF81F,0xF81F,0xF81F,0xF81F,0xF81F,0xF81F,0xF81F,0xF81F,0xF81F,0xF81F,0xF81F,0xF81F,
    0xF81F,0xF81F,0xF81F,0xF81F,0xF81F,0xF81F,0xF81F,0xF81F,0xF81F,0xF81F,0xF81F,0xF81F,
    0xF81F,0xF81F,0xF81F,0xF81F,0xF81F,0xF81F,0xF81F,0xF81F,0xF81F,0xF81F,0xF81F,0xF81F,
    0xF81F,0xF81F,0xF81F,0xF81F,0xF81F,0xF81F,0xF81F,0xF81F,0xF81F,0xF81F,0xF81F,0xF81F,
    0xF81F,0xF81F,0xF81F,0xF81F,0xF81F,0xF81F,0xF81F,0xF81F,0xF81F,0xF81F,0xF81F,0xF81F,
    0xF81F,0xF81F,0xF81F,0xF81F,0xF81F,0xF81F,0xF81F,0xF81F,0xF81F,0xF81F,0xF81F,0xF81F,
    0xF81F,0xF81F,0xF81F,0xF81F,0xF81F,0xF81F,0xF81F,0xF81F,0xF81F,0xF81F,0xF81F,0xF81F,
    0xF81F,0xF81F,0xF81F,0xF81F,0xF81F,0xF81F,0xF81F,0xF81F,0xF81F,0xF81F,0xF81F,0xF81F,
    0xF81F,0xF81F,0xF81F,0xF81F,0xF81F,0xF81F,0xF81F,0xF81F,0xF81F,0xF81F,0xF81F,0xF81F,
    0xF81F,0xFFFF,0xFFFF,0xFFFF,0xFFFF,0xF81F,0xF81F,0xF81F,0xF81F,0xF81F,0xF81F,0xF81F,
    0xF81F,0xF81F,0xF81F,0xF81F,0xF81F,0xF81F,0xF81F,0xF81F,0xF81F,0xF81F,0xF81F,0xF81F,
    0xF81F,0xF81F,0xF81F,0xF81F,0xF81F,0xF81F,0xF81F,0xF81F,0xF81F,0xF81F,0xF81F,0xF81F,
    0xF81F,0xF81F,0xF81F,0xF81F,0xF81F,0xF81F,0xF81F,0xF81F,0xF81F,0xF81F,0xF81F,0xF81F,
    0xF81F,0xF81F,0xF81F,0xF81F,0xF81F,0xF81F,0xF81F,0xF81F,0xF81F,0xF81F,0xF81F,0xF81F,
    0xF81F,0xF81F,0xF81F,0xF81F,0xF81F,0xF81F,0xF81F,0xF81F,0xF81F,0xF81F,0xF81F,0xF81F,
    0xF81F,0xF81F,0xF81F,0xF81F,0xF81F,0xF81F,0xF81F,0xF81F,0xF81F,0xF81F,0xF81F,0xF81F,
    0xF81F,0xF81F,0xF81F,0xF81F,0xF81F,0xF81F,0xF81F,0xF81F,0xF81F,0xF81F,0xF81F,0xF81F,
    0xF81F,0xF81F,0xF81F,0xF81F,0xF81F,0xF81F,0xF81F,0xF81F,0xF81F,0xF81F,0xF81F,0xF81F,
    0xF81F,0xF81F,0xF81F,0xF81F,0xF81F,0xF81F,0xF81F,0xF81F,0xF81F,0xF81F,0xF81F,0xF81F,
    0xF81F,0xF81F,0xF81F,0xF81F,0xF81F,0xF81F,0xF81F,0xF81F,0xF81F,0xF81F,0xF81F,0xF81F,
    0xF81F,0xF81F,0xF81F,0xF81F,0xF81F,0xF81F,0xF81F,0xF81F,0xF81F,0xF81F,0xF81F,0xF81F,
    0xF81F,0xF81F,0xF81F,0xF81F,0xF81F,0xF81F,0xFFFF,0xFFFF,0xFFFF,0xFFFF,0xF81F,0xF81F,
    0xF81F,0xF81F,0xF81F,0xF81F,0xF81F,0xF81F,0xF81F,0xF81F,0xF81F,0xF81F,0xF81F,0xF81F,
    0xF81F,0xF81F,0xF81F,0xF81F,0xF81F,0xF81F,0xF81F,0xF81F,0xF81F,0xF81F,0xF81F,0xF81F,
    0xF81F,0xF81F,0xF81F,0xF81F,0xF81F,0xF81F,0xF81F,0xF81F,0xF81F,0xF81F,0xF81F,0xF81F,
    0xF81F,0xF81F,0xF81F,0xF81F,0xF81F,0xF81F,0xF81F,0xF81F,0xF81F,0xF81F,0xF81F,0xF81F,
    0xF81F,0xF81F,0xF81F,0xF81F,0xF81F,0xF81F,0xF81F,0xF81F,0xF81F,0xF81F,0xF81F,0xF81F,
    0xF81F,0xF81F,0xF81F,0xF81F,0xF81F,0xF81F,0xF81F,0xF81F,0xF81F,0xF81F,0xF81F,0xF81F,
    0xF81F,0xF81F,0xF81F,0xF81F,0xF81F,0xF81F,0xF81F,0xF81F,0xF81F,0xF81F,0xF81F,0xF81F,
    0xF81F,0xF81F,0xF81F,0xF81F,0xF81F,0xF81F,0xF81F,0xF81F,0xF81F,0xF81F,0xF81F,0xF81F,
    0xF81F,0xF81F,0xF81F,0xF81F,0xF81F,0xF81F,0xF81F,0xF81F,0xF81F,0xF81F,0xF81F,0xF81F,
    0xF81F,0xF81F,0xF81F,0xF81F,0xF81F,0xF81F,0xF81F,0xF81F,0xF81F,0xF81F,0xF81F,0xF81F,
    0xF81F,0xF81F,0xF81F,0xF81F,0xF81F,0xF81F,0xF81F,0xF81F,0xF81F,0xF81F,0xF81F,0xF81F,
    0xF81F,0xF81F,0xF81F,0xF81F,0xF81F,0xF81F,0xF81F,0xF81F,0xF81F,0xF81F,0xF81F,0xF81F,
    0xFFFF,0xFFFF,0xFFFF,0xFFFF,0xFFFF,0xFFFF,0xFFFF,0xFFFF,0xFFFF,0xFFFF,0xFFFF,0xFFFF,
    0xF81F,0xF81F,0xF81F,0xF81F,0xF81F,0xF81F,0xF81F,0xF81F,0xF81F,0xF81F,0xF81F,0xF81F,
    0xF81F,0xF81F,0xF81F,0xF81F,0xF81F,0xF81F,0xF81F,0xF81F,0xF81F,0xF81F,0xF81F,0xF81F,
    0xF81F,0xF81F,0xF81F,0xF81F,0xF81F,0xF81F,0xF81F,0xF81F,0xF81F,0xF81F,0xF81F,0xF81F,
    0xF81F,0xF81F,0xF81F,0xF81F,0xF81F,0xF81F,0xF81F,0xF81F,0xF81F,0xF81F,0xF81F,0xF81F,
    0xF81F,0xF81F,0xF81F,0xF81F,0xF81F,0xF81F,0xF81F,0xF81F,0xF81F,0xF81F,0xF81F,0xF81F,
    0xF81F,0xF81F,0xF81F,0xF81F,0xF81F,0xF81F,0xF81F,0xF81F,0xF81F,0xF81F,0xF81F,0xF81F,
    0xF81F,0xF81F,0xF81F,0xF81F,0xF81F,0xF81F,0xF81F,0xF81F,0xF81F,0xF81F,0xF81F,0xF81F,
    0xF81F,0xF81F,0xF81F,0xF81F,0xF81F,0xF81F,0xF81F,0xF81F,0xF81F,0xF81F,0xF81F,0xF81F,
    0xF81F,0xF81F,0xF81F,0xF81F,0xF81F,0xF81F,0xF81F,0xF81F,0xF81F,0xF81F,0xF81F,0xF81F,
    0xF81F,0xF81F,0xF81F,0xF81F,0xF81F,0xF81F,0xF81F,0xF81F,0xF81F,0xF81F,0xF81F,0xF81F,
    0xF81F,0xF81F,0xF81F,0xF81F,0xF81F,0xF81F,0xF81F,0xF81F,0xF81F,0xF81F,0xF81F,0xF81F,
    0xF81F,0xF81F,0xF81F,0xF81F,0xF81F,0xF81F,0xFFFF,0xFFFF,0xFFFF,0xFFFF,0xFFFF,0xFFFF,
    0xFFFF,0xFFFF,0xFFFF,0xFFFF,0xFFFF,0xFFFF,0xF81F,0xF81F,0xF81F,0xF81F,0xF81F,0xF81F,
    0xF81F,0xF81F,0xF81F,0xF81F,0xF81F,0xF81F,0xF81F,0xF81F,0xF81F,0xF81F,0xF81F,0xF81F,
    0xF81F,0xF81F,0xF81F,0xF81F,0xF81F,0xF81F,0xF81F,0xF81F,0xF81F,0xF81F,0xF81F,0xF81F,
    0xF81F,0xF81F,0xF81F,0xF81F,0xF81F,0xF81F,0xF81F,0xF81F,0xF81F,0xF81F,0xF81F,0xF81F,
    0xF81F,0xF81F,0xF81F,0xF81F,0xF81F,0xF81F,0xF81F,0xF81F,0xF81F,0xF81F,0xF81F,0xF81F,
    0xF81F,0xF81F,0xF81F,0xF81F,0xF81F,0xF81F,0xF81F,0xF81F,0xF81F,0xF81F,0xF81F,0xF81F,
    0xF81F,0xF81F,0xF81F,0xF81F,0xF81F,0xF81F,0xF81F,0xF81F,0xF81F,0xF81F,0xF81F,0xF81F,
    0xF81F,0xF81F,0xF81F,0xF81F,0xF81F,0xF81F,0xF81F,0xF81F,0xF81F,0xF81F,0xF81F,0xF81F,
    0xF81F,0xF81F,0xF81F,0xF81F,0xF81F,0xF81F,0xF81F,0xF81F,0xF81F,0xF81F,0xF81F,0xF81F,
    0xF81F,0xF81F,0xF81F,0xF81F,0xF81F,0xF81F,0xF81F,0xF81F,0xF81F,0xF81F,0xF81F,0xF81F,
    0xF81F,0xF81F,0xF81F,0xF81F,0xF81F,0xF81F,0xF81F,0xF81F,0xF81F,0xF81F,0xF81F,0xF81F,
    0xF81F,0xF81F,0xF81F,0xF81F,0xF81F,0xF81F,0xF81F,0xF81F,0xF81F,0xF81F,0xF81F,0xF81F,
    0xF81F,0xF81F,0xF81F,0xF81F,0xF81F,0xF81F,0xF81F,0xF81F,0xF81F,0xF81F,0xF81F,0xF81F,
    0xF81F,0xF81F,0xF81F,0xF81F,0xF81F,0xF81F,0xF81F,0xF81F,0xF81F,0xF81F,0xF81F,0xF81F,
    0xF81F,0xF81F,0xF81F,0xF81F,0xF81F,0xF81F,0xF81F,0xF81F,0xF81F,0xF81F,0xF81F,0xF81F,
    0xF81F,0xF81F,0xF81F,0xF81F,0xF81F,0xF81F,0xF81F,0xF81F,0xF81F,0xF81F,0xF81F,0xF81F,
    0xF81F,0xF81F,0xF81F,0xF81F,0xF81F,0xF81F,0xF81F,0xF81F,0xF81F,0xF81F,0xF81F,0xF81F,
    0xF81F,0xF81F,0xF81F,0xF81F,0xF81F,0xF81F,0xF81F,0xF81F,0xF81F,0xF81F,0xF81F,0xF81F,
    0xF81F,0xF81F,0xF81F,0xF81F,0xF81F,0xF81F,0xF81F,0xF81F,0xF81F,0xF81F,0xF81F,0xF81F,
    0xF81F,0xF81F,0xF81F,0xF81F,0xF81F,0xF81F,0xF81F,0xF81F,0xF81F,0xF81F,0xF81F,0xF81F,
    0xF81F,0xF81F,0xF81F,0xF81F,0xF81F,0xF81F,0xF81F,0xF81F,0xF81F,0xF81F,0xF81F,0xF81F,
    0xF81F,0xF81F,0xF81F,0xF81F,0xF81F,0xF81F,0xF81F,0xF81F,0xF81F,0xF81F,0xF81F,0xF81F,
    0xF81F,0xF81F,0xF81F,0xF81F,0xF81F,0xF81F,0xF81F,0xF81F,0xF81F,0xF81F,0xF81F,0xF81F,
    0xF81F,0xF81F,0xF81F,0xF81F,0xF81F,0xF81F,0xF81F,0xF81F,0xF81F,0xF81F,0xF81F,0xF81F,
    0xF81F,0xF81F,0xF81F,0xF81F,0xF81F,0xF81F,0xF81F,0xF81F,0xF81F,0xF81F,0xF81F,0xF81F,
    0xF81F,0xF81F,0xF81F,0xF81F,0xF81F,0xF81F,0xF81F,0xF81F,0xF81F,0xF81F,0xF81F,0xF81F,
    0xF81F,0xF81F,0xF81F,0xF81F,0xF81F,0xF81F,0xF81F,0xF81F,0xF81F,0xF81F,0xF81F,0xF81F,
    0xF81F,0xF81F,0xF81F,0xF81F,0xF81F,0xF81F,0xF81F,0xF81F,0xF81F,0xF81F,0xF81F,0xF81F,
    0xF81F,0xF81F,0xF81F,0xF81F,0xF81F,0xF81F,0xF81F,0xF81F,0xF81F,0xF81F,0xF81F,0xF81F,
    0xF81F,0xF81F,0xF81F,0xF81F,0xF81F,0xF81F,0xF81F,0xF81F,0xF81F,0xF81F,0xF81F,0xF81F,
    0xF81F,0xF81F,0xF81F,0xF81F,0xF81F,0xF81F,0xF81F,0xF81F,0xF81F,0xF81F,0xF81F,0xF81F,
    0xF81F,0xF81F,0xF81F,0xF81F,0xF81F,0xF81F,0xF81F,0xF81F,0xF81F,0xF81F,0xF81F,0xF81F,
    0xF81F,0xF81F,0xF81F,0xF81F,0xF81F,0xF81F,0xF81F,0xF81F,0xF81F,0xF81F,0xF81F,0xF81F,
    0xF81F,0xF81F,0xF81F,0xF81F,0xF81F,0xF81F,0xF81F,0xF81F,0xF81F,0xF81F,0xF81F,0xF81F,
    0xF81F,0xF81F,0xF81F,0xF81F,0xF81F,0xF81F,0xF81F,0xF81F,0xF81F,0xF81F,0xF81F,0xF81F,
    0xF81F,0xF81F,0xF81F,0xF81F,0xF81F,0xF81F,0xF81F,0xF81F,0xF81F,0xF81F,0xF81F,0xF81F,
    0xF81F,0xF81F,0xF81F,0xF81F,0xF81F,0xF81F,0xF81F,0xF81F,0xF81F,0xF81F,0xF81F,0xF81F,
    0xF81F,0xF81F,0xF81F,0xF81F,0xF81F,0xF81F,0xF81F,0xF81F,0xF81F,0xF81F,0xF81F,0xF81F,
    0xF81F,0xF81F,0xF81F,0xF81F,0xF81F,0xF81F,0xF81F,0xF81F,0xF81F,0xF81F,0xF81F,0xF81F,
    0xF81F,0xF81F,0xF81F,0xF81F,0xF81F,0xF81F,0xF81F,0xF81F,0xF81F,0xF81F,0xF81F,0xF81F,
    0xF81F,0xF81F,0xF81F,0xF81F,0xF81F,0xF81F,0xF81F,0xF81F,0xF81F,0xF81F,0xF81F,0xF81F,
    0xF81F,0xF81F,0xF81F,0xF81F,0xF81F,0xF81F,0xF81F,0xF81F,0xF81F,0xF81F,0xF81F,0xF81F,
    0xF81F,0xF81F,0xF81F,0xF81F,0xF81F,0xF81F,0xF81F,0xF81F,0xF81F,0xF81F,0xF81F,0xF81F,
    0xF81F,0xF81F,0xF81F,0xF81F,0xF81F,0xF81F,0xF81F,0xF81F,0xF81F,0xF81F,0xF81F,0xF81F,
    0xF81F,0xF81F,0xF81F,0xF81F,0xF81F,0xF81F,0xF81F,0xF81F,0xF81F,0xF81F,0xF81F,0xF81F,
    0xF81F,0xF81F,0xF81F,0xF81F,0xF81F,0xF81F,0xF81F,0xF81F,0xF81F,0xF81F,0xF81F,0xF81F,
    0xF81F,0xF81F,0xF81F,0xF81F,0xF81F,0xF81F,0xF81F,0xF81F,0xF81F,0xF81F,0xF81F,0xF81F,
    0xF81F,0xF81F,0xF81F,0xF81F,0xF81F,0xF81F,0xF81F,0xF81F,0xF81F,0xF81F,0xF81F,0xF81F,
    0xF81F,0xF81F,0xF81F,0xF81F,0xF81F,0xF81F,0xF81F,0xF81F,0xF81F,0xF81F,0xF81F,0xF81F,
    0xF81F,0xF81F,0xF81F,0xF81F,0xF81F,0xF81F,0xF81F,0xF81F,0xF81F,0xF81F,0xF81F,0xF81F,
    0xF81F,0xF81F,0xF81F,0xF81F,0xF81F,0xF81F,0xF81F,0xF81F,0xF81F,0xF81F,0xF81F,0xF81F,
    0xF81F,0xF81F,0xF81F,0xF81F,0xF81F,0xF81F,0xF81F,0xF81F,0xF81F,0xF81F,0xF81F,0xF81F,
    0xF81F,0xF81F,0xF81F,0xF81F,0xF81F,0xF81F,0xF81F,0xF81F,0xF81F,0xF81F,0xF81F,0xF81F,
    0xF81F,0xF81F,0xF81F,0xF81F,0xF81F,0xF81F,0xF81F,0xF81F,0xF81F,0xF81F,0xF81F,0xF81F,
    0xF81F,0xF81F,0xF81F,0xF81F,0xF81F,0xF81F,0xF81F,0xF81F,0xF81F,0xF81F,0xF81F,0xF81F,
    0xF81F,0xF81F,0xF81F,0xF81F,0xF81F,0xF81F,0xF81F,0xF81F,0xF81F,0xF81F,0xF81F,0xF81F,
    0xF81F,0xF81F,0xF81F,0xF81F,0xF81F,0xF81F,0xF81F,0xF81F,0xF81F,0xF81F,0xF81F,0xF81F,
    0xF81F,0xF81F,0xF81F,0xF81F,0xF81F,0xF81F,0xF81F,0xF81F,0xF81F,0xF81F,0xF81F,0xF81F,
    0xF81F,0xF81F,0xF81F,0xF81F,0xF81F,0xF81F,0xF81F,0xF81F,0xF81F,0xF81F,0xF81F,0xF81F,
    0xF81F,0xF81F,0xF81F,0xF81F,0xF81F,0xF81F,0xF81F,0xF81F,0xF81F,0xF81F,0xF81F,0xF81F,
    0xF81F,0xF81F,0xF81F,0xF81F,0xF81F,0xF81F,0xF81F,0xF81F,0xF81F,0xF81F,0xF81F,0xF81F,
    0xF81F,0xFFFF,0xFFFF,0xFFFF,0xFFFF,0xFFFF,0xFFFF,0xF81F,0xF81F,0xF81F,0xF81F,0xF81F,
    0xF81F,0xF81F,0xF81F,0xF81F,0xF81F,0xF81F,0xF81F,0xF81F,0xF81F,0xF81F,0xF81F,0xF81F,
    0xF81F,0xF81F,0xF81F,0xF81F,0xF81F,0xF81F,0xF81F,0xF81F,0xF81F,0xF81F,0xF81F,0xF81F,
    0xF81F,0xF81F,0xF81F,0xF81F,0xF81F,0xF81F,0xF81F,0xF81F,0xF81F,0xF81F,0xF81F,0xF81F,
    0xF81F,0xF81F,0xF81F,0xF81F,0xF81F,0xF81F,0xF81F,0xF81F,0xF81F,0xF81F,0xF81F,0xF81F,
    0xF81F,0xF81F,0xF81F,0xF81F,0xF81F,0xF81F,0xF81F,0xF81F,0xF81F,0xF81F,0xF81F,0xF81F,
    0xF81F,0xF81F,0xF81F,0xF81F,0xF81F,0xF81F,0xF81F,0xF81F,0xF81F,0xF81F,0xF81F,0xF81F,
    0xF81F,0xF81F,0xF81F,0xF81F,0xF81F,0xF81F,0xF81F,0xF81F,0xF81F,0xF81F,0xF81F,0xF81F,
    0xF81F,0xF81F,0xF81F,0xF81F,0xF81F,0xF81F,0xF81F,0xF81F,0xF81F,0xF81F,0xF81F,0xF81F,
    0xF81F,0xF81F,0xF81F,0xF81F,0xF81F,0xF81F,0xF81F,0xF81F,0xF81F,0xF81F,0xF81F,0xF81F,
    0xF81F,0xF81F,0xF81F,0xF81F,0xF81F,0xF81F,0xF81F,0xF81F,0xF81F,0xF81F,0xF81F,0xF81F,
    0xF81F,0xF81F,0xF81F,0xF81F,0xF81F,0xF81F,0xF81F,0xF81F,0xF81F,0xF81F,0xF81F,0xF81F,
    0xF81F,0xF81F,0xF81F,0xF81F,0xF81F,0xF81F,0xF81F,0xFFFF,0xFFFF,0xFFFF,0xFFFF,0xFFFF,
    0xFFFF,0xF81F,0xF81F,0xF81F,0xF81F,0xF81F,0xF81F,0xF81F,0xF81F,0xF81F,0xF81F,0xF81F,
    0xF81F,0xF81F,0xF81F,0xF81F,0xF81F,0xF81F,0xF81F,0xF81F,0xF81F,0xF81F,0xF81F,0xF81F,
    0xF81F,0xF81F,0xF81F,0xF81F,0xF81F,0xF81F,0xF81F,0xF81F,0xF81F,0xF81F,0xF81F,0xF81F,
    0xF81F,0xF81F,0xF81F,0xF81F,0xF81F,0xF81F,0xF81F,0xF81F,0xF81F,0xF81F,0xF81F,0xF81F,
    0xF81F,0xF81F,0xF81F,0xF81F,0xF81F,0xF81F,0xF81F,0xF81F,0xF81F,0xF81F,0xF81F,0xF81F,
    0xF81F,0xF81F,0xF81F,0xF81F,0xF81F,0xF81F,0xF81F,0xF81F,0xF81F,0xF81F,0xF81F,0xF81F,
    0xF81F,0xF81F,0xF81F,0xF81F,0xF81F,0xF81F,0xF81F,0xF81F,0xF81F,0xF81F,0xF81F,0xF81F,
    0xF81F,0xF81F,0xF81F,0xF81F,0xF81F,0xF81F,0xF81F,0xF81F,0xF81F,0xF81F,0xF81F,0xF81F,
    0xF81F,0xF81F,0xF81F,0xF81F,0xF81F,0xF81F,0xF81F,0xF81F,0xF81F,0xF81F,0xF81F,0xF81F,
    0xF81F,0xF81F,0xF81F,0xF81F,0xF81F,0xF81F,0xF81F,0xF81F,0xF81F,0xF81F,0xF81F,0xF81F,
    0xF81F,0xF81F,0xF81F,0xF81F,0xF81F,0xF81F,0xF81F,0xF81F,0xF81F,0xF81F,0xF81F,0xF81F,
    0xF81F,0xF81F,0xF81F,0xF81F,0xF81F,0xF81F,0xF81F,0xF81F,0xF81F,0xF81F,0xF81F,0xF81F,
    0xF81F,0xF81F,0xF81F,0xF81F,0xFFFF,0xFFFF,0xF81F,0xF81F,0xF81F,0xF81F,0xF81F,0xF81F,
    0xF81F,0xF81F,0xF81F,0xF81F,0xF81F,0xF81F,0xF81F,0xF81F,0xF81F,0xF81F,0xF81F,0xF81F,
    0xF81F,0xF81F,0xF81F,0xF81F,0xF81F,0xF81F,0xF81F,0xF81F,0xF81F,0xF81F,0xF81F,0xF81F,
    0xF81F,0xF81F,0xF81F,0xF81F,0xF81F,0xF81F,0xF81F,0xF81F,0xF81F,0xF81F,0xF81F,0xF81F,
    0xF81F,0xF81F,0xF81F,0xF81F,0xF81F,0xF81F,0xF81F,0xF81F,0xF81F,0xF81F,0xF81F,0xF81F,
    0xF81F,0xF81F,0xF81F,0xF81F,0xF81F,0xF81F,0xF81F,0xF81F,0xF81F,0xF81F,0xF81F,0xF81F,
    0xF81F,0xF81F,0xF81F,0xF81F,0xF81F,0xF81F,0xF81F,0xF81F,0xF81F,0xF81F,0xF81F,0xF81F,
    0xF81F,0xF81F,0xF81F,0xF81F,0xF81F,0xF81F,0xF81F,0xF81F,0xF81F,0xF81F,0xF81F,0xF81F,
    0xF81F,0xF81F,0xF81F,0xF81F,0xF81F,0xF81F,0xF81F,0xF81F,0xF81F,0xF81F,0xF81F,0xF81F,
    0xF81F,0xF81F,0xF81F,0xF81F,0xF81F,0xF81F,0xF81F,0xF81F,0xF81F,0xF81F,0xF81F,0xF81F,
    0xF81F,0xF81F,0xF81F,0xF81F,0xF81F,0xF81F,0xF81F,0xF81F,0xF81F,0xF81F,0xF81F,0xF81F,
    0xF81F,0xF81F,0xF81F,0xF81F,0xF81F,0xF81F,0xF81F,0xF81F,0xF81F,0xF81F,0xF81F,0xF81F,
    0xF81F,0xF81F,0xF81F,0xF81F,0xF81F,0xF81F,0xF81F,0xF81F,0xF81F,0xFFFF,0xFFFF,0xF81F,
    0xF81F,0xF81F,0xF81F,0xF81F,0xF81F,0xF81F,0xF81F,0xF81F,0xF81F,0xF81F,0xF81F,0xF81F,
    0xF81F,0xF81F,0xF81F,0xF81F,0xF81F,0xF81F,0xF81F,0xF81F,0xF81F,0xF81F,0xF81F,0xF81F,
    0xF81F,0xF81F,0xF81F,0xF81F,0xF81F,0xF81F,0xF81F,0xF81F,0xF81F,0xF81F,0xF81F,0xF81F,
    0xF81F,0xF81F,0xF81F,0xF81F,0xF81F,0xF81F,0xF81F,0xF81F,0xF81F,0xF81F,0xF81F,0xF81F,
    0xF81F,0xF81F,0xF81F,0xF81F,0xF81F,0xF81F,0xF81F,0xF81F,0xF81F,0xF81F,0xF81F,0xF81F,
    0xF81F,0xF81F,0xF81F,0xF81F,0xF81F,0xF81F,0xF81F,0xF81F,0xF81F,0xF81F,0xF81F,0xF81F,
    0xF81F,0xF81F,0xF81F,0xF81F,0xF81F,0xF81F,0xF81F,0xF81F,0xF81F,0xF81F,0xF81F,0xF81F,
    0xF81F,0xF81F,0xF81F,0xF81F,0xF81F,0xF81F,0xF81F,0xF81F,0xF81F,0xF81F,0xF81F,0xF81F,
    0xF81F,0xF81F,0xF81F,0xF81F,0xF81F,0xF81F,0xF81F,0xF81F,0xF81F,0xF81F,0xF81F,0xF81F,
    0xF81F,0xF81F,0xF81F,0xF81F,0xF81F,0xF81F,0xF81F,0xF81F,0xF81F,0xF81F,0xF81F,0xF81F,
    0xF81F,0xF81F,0xF81F,0xF81F,0xF81F,0xF81F,0xF81F,0xF81F,0xF81F,0xF81F,0xF81F,0xF81F,
    0xF81F,0xF81F,0xF81F,0xF81F,0xF81F,0xF81F,0xF81F,0xF81F,0xF81F,0xF81F,0xF81F,0xF81F,
    0xF81F,0xF81F,0xFFFF,0xFFFF,0xFFFF,0xF81F,0xF81F,0xF81F,0xF81F,0xF81F,0xF81F,0xF81F,
    0xF81F,0xF81F,0xF81F,0xF81F,0xF81F,0xF81F,0xF81F,0xF81F,0xF81F,0xF81F,0xF81F,0xF81F,
    0xF81F,0xF81F,0xF81F,0xF81F,0xF81F,0xF81F,0xF81F,0xF81F,0xF81F,0xF81F,0xF81F,0xF81F,
    0xF81F,0xF81F,0xF81F,0xF81F,0xF81F,0xF81F,0xF81F,0xF81F,0xF81F,0xF81F,0xF81F,0xF81F,
    0xF81F,0xF81F,0xF81F,0xF81F,0xF81F,0xF81F,0xF81F,0xF81F,0xF81F,0xF81F,0xF81F,0xF81F,
    0xF81F,0xF81F,0xF81F,0xF81F,0xF81F,0xF81F,0xF81F,0xF81F,0xF81F,0xF81F,0xF81F,0xF81F,
    0xF81F,0xF81F,0xF81F,0xF81F,0xF81F,0xF81F,0xF81F,0xF81F,0xF81F,0xF81F,0xF81F,0xF81F,
    0xF81F,0xF81F,0xF81F,0xF81F,0xF81F,0xF81F,0xF81F,0xF81F,0xF81F,0xF81F,0xF81F,0xF81F,
    0xF81F,0xF81F,0xF81F,0xF81F,0xF81F,0xF81F,0xF81F,0xF81F,0xF81F,0xF81F,0xF81F,0xF81F,
    0xF81F,0xF81F,0xF81F,0xF81F,0xF81F,0xF81F,0xF81F,0xF81F,0xF81F,0xF81F,0xF81F,0xF81F,
    0xF81F,0xF81F,0xF81F,0xF81F,0xF81F,0xF81F,0xF81F,0xF81F,0xF81F,0xF81F,0xF81F,0xF81F,
    0xF81F,0xF81F,0xF81F,0xF81F,0xF81F,0xF81F,0xF81F,0xF81F,0xF81F,0xF81F,0xF81F,0xF81F,
    0xF81F,0xF81F,0xF81F,0xF81F,0xF81F,0xF81F,0xF81F,0xFFFF,0xFFFF,0xFFFF,0xF81F,0xF81F,
    0xF81F,0xF81F,0xF81F,0xF81F,0xF81F,0xF81F,0xF81F,0xF81F,0xF81F,0xF81F,0xF81F,0xF81F,
    0xF81F,0xF81F,0xF81F,0xF81F,0xF81F,0xF81F,0xF81F,0xF81F,0xF81F,0xF81F,0xF81F,0xF81F,
    0xF81F,0xF81F,0xF81F,0xF81F,0xF81F,0xF81F,0xF81F,0xF81F,0xF81F,0xF81F,0xF81F,0xF81F,
    0xF81F,0xF81F,0xF81F,0xF81F,0xF81F,0xF81F,0xF81F,0xF81F,0xF81F,0xF81F,0xF81F,0xF81F,
    0xF81F,0xF81F,0xF81F,0xF81F,0xF81F,0xF81F,0xF81F,0xF81F,0xF81F,0xF81F,0xF81F,0xF81F,
    0xF81F,0xF81F,0xF81F,0xF81F,0xF81F,0xF81F,0xF81F,0xF81F,0xF81F,0xF81F,0xF81F,0xF81F,
    0xF81F,0xF81F,0xF81F,0xF81F,0xF81F,0xF81F,0xF81F,0xF81F,0xF81F,0xF81F,0xF81F,0xF81F,
    0xF81F,0xF81F,0xF81F,0xF81F,0xF81F,0xF81F,0xF81F,0xF81F,0xF81F,0xF81F,0xF81F,0xF81F,
    0xF81F,0xF81F,0xF81F,0xF81F,0xF81F,0x09E8,0x09E8,0x09E8,0x09E8,0x09E8,0x09E8,0x09E8,
    0x09E8,0x09E8,0x09E8,0x09E8,0x09E8,0x09E8,0x09E8,0x09E8,0x09E8,0x09E8,0x09E8,0x09E8,
    0x09E8,0xF81F,0xF81F,0xF81F,0xF81F,0xF81F,0xF81F,0xF81F,0xF81F,0xF81F,0xF81F,0xF81F,
    0xF81F,0xF81F,0xF81F,0xF81F,0xF81F,0xF81F,0xF81F,0xF81F,0xF81F,0xF81F,0xF81F,0xF81F,
    0xFFFF,0xFFFF,0xFFFF,0xFFFF,0xFFFF,0xFFFF,0xFFFF,0xFFFF,0xF81F,0xF81F,0xF81F,0xF81F,
    0xF81F,0xF81F,0xF81F,0xF81F,0xF81F,0xF81F,0xF81F,0xF81F,0xF81F,0xF81F,0xF81F,0xF81F,
    0xF81F,0xF81F,0xF81F,0xF81F,0xF81F,0xF81F,0xF81F,0xF81F,0xF81F,0xF81F,0xF81F,0xF81F,
    0xF81F,0xF81F,0xF81F,0xF81F,0xF81F,0xF81F,0xF81F,0xF81F,0xF81F,0xF81F,0xF81F,0xF81F,
    0xF81F,0xF81F,0xF81F,0xF81F,0xF81F,0xF81F,0xF81F,0xF81F,0xF81F,0xF81F,0xF81F,0xF81F,
    0xF81F,0xF81F,0xF81F,0xF81F,0xF81F,0xF81F,0xF81F,0xF81F,0xF81F,0xF81F,0xF81F,0xF81F,
    0xF81F,0xF81F,0xF81F,0xF81F,0xF81F,0xF81F,0xF81F,0xF81F,0xF81F,0xF81F,0xF81F,0xF81F,
    0xF81F,0xF81F,0xF81F,0xF81F,0xF81F,0xF81F,0xF81F,0xF81F,0xF81F,0xF81F,0xF81F,0xF81F,
    0xF81F,0xF81F,0xF81F,0xF81F,0xF81F,0xF81F,0xF81F,0x09E8,0x09E8,0x09E8,0x09E8,0x09E8,
    0x09E8,0x09E8,0x09E8,0x09E8,0x09E8,0x09E8,0x09E8,0x09E8,0x09E8,0x09E8,0x09E8,0x09E8,
    0x09E8,0x09E8,0x09E8,0x09E8,0x09E8,0x09E8,0x09E8,0x09E8,0x09E8,0x09E8,0x09E8,0xF81F,
    0xF81F,0xF81F,0xF81F,0xF81F,0xF81F,0xF81F,0xF81F,0xF81F,0xF81F,0xF81F,0xF81F,0xF81F,
    0xF81F,0xF81F,0xF81F,0xF81F,0xF81F,0xF81F,0xFFFF,0xFFFF,0xFFFF,0xFFFF,0xFFFF,0xFFFF,
    0xFFFF,0xFFFF,0xF81F,0xF81F,0xF81F,0xF81F,0xF81F,0xF81F,0xF81F,0xF81F,0xF81F,0xF81F,
    0xF81F,0xF81F,0xF81F,0xF81F,0xF81F,0xF81F,0xF81F,0xF81F,0xF81F,0xF81F,0xF81F,0xF81F,
    0xF81F,0xF81F,0xF81F,0xF81F,0xF81F,0xF81F,0xF81F,0xF81F,0xF81F,0xF81F,0xF81F,0xF81F,
    0xF81F,0xF81F,0xF81F,0xF81F,0xF81F,0xF81F,0xF81F,0xF81F,0xF81F,0xF81F,0xF81F,0xF81F,
    0xF81F,0xF81F,0xF81F,0xF81F,0xF81F,0xF81F,0xF81F,0xF81F,0xF81F,0xF81F,0xF81F,0xF81F,
    0xF81F,0xF81F,0xF81F,0xF81F,0xF81F,0xF81F,0xF81F,0xF81F,0xF81F,0xF81F,0xF81F,0xF81F,
    0xF81F,0xF81F,0xF81F,0xF81F,0xF81F,0xF81F,0xF81F,0xF81F,0xF81F,0xF81F,0xF81F,0xF81F,
    0xF81F,0xF81F,0xF81F,0xF81F,0xF81F,0xF81F,0xF81F,0xF81F,0xF81F,0xF81F,0x09E8,0x09E8,
    0x09E8,0x09E8,0x09E8,0x09E8,0x09E8,0x09E8,0x09E8,0x09E8,0x11E8,0x128A,0x1B2C,0x1B8E,
    0x23CE,0x23EF,0x2430,0x2430,0x23EF,0x23CE,0x1B8E,0x1B2C,0x128A,0x11E8,0x09E8,0x09E8,
    0x09E8,0x09E8,0x09E8,0x09E8,0x09E8,0x09E8,0x09E8,0x09E8,0xF81F,0xF81F,0xF81F,0xF81F,
    0xF81F,0xF81F,0xF81F,0xF81F,0xF81F,0xF81F,0xF81F,0xF81F,0xF81F,0xF81F,0xF81F,0xF81F,
    0xF81F,0xF81F,0xF81F,0xF81F,0xF81F,0xF81F,0xF81F,0xF81F,0xF81F,0xF81F,0xF81F,0xF81F,
    0xF81F,0xF81F,0xF81F,0xF81F,0xF81F,0xF81F,0xF81F,0xF81F,0xF81F,0xF81F,0xF81F,0xF81F,
    0xF81F,0xF81F,0xF81F,0xF81F,0xF81F,0xF81F,0xF81F,0xF81F,0xF81F,0xF81F,0xF81F,0xF81F,
    0xF81F,0xF81F,0xF81F,0xF81F,0xF81F,0xF81F,0xF81F,0xF81F,0xF81F,0xF81F,0xF81F,0xF81F,
    0xF81F,0xF81F,0xF81F,0xF81F,0xF81F,0xF81F,0xF81F,0xF81F,0xF81F,0xF81F,0xF81F,0xF81F,
    0xF81F,0xF81F,0xF81F,0xF81F,0xF81F,0xF81F,0xF81F,0xF81F,0xF81F,0xF81F,0xF81F,0xF81F,
    0xF81F,0xF81F,0xF81F,0xF81F,0xF81F,0xF81F,0xF81F,0xF81F,0xF81F,0xF81F,0xF81F,0xF81F,
    0xF81F,0xF81F,0xF81F,0xF81F,0xF81F,0xF81F,0xF81F,0xF81F,0xF81F,0xF81F,0xF81F,0xF81F,
    0xF81F,0xF81F,0x09E8,0x09E8,0x09E8,0x09E8,0x09E8,0x09E8,0x09E8,0x1208,0x1B0C,0x2450,
    0x3554,0x3616,0x3EB8,0x3ED9,0x3ED9,0x3ED9,0x3ED9,0x3ED9,0x3ED9,0x3ED9,0x3ED9,0x3ED9,
    0x3ED9,0x3ED9,0x3ED9,0x3EB8,0x3616,0x3554,0x2430,0x1B0C,0x1208,0x09E8,0x09E8,0x09E8,
    0x09E8,0x09E8,0x09E8,0x09E8,0xF81F,0xF81F,0xF81F,0xF81F,0xF81F,0xF81F,0xF81F,0xF81F,
    0xF81F,0xF81F,0xF81F,0xF81F,0xF81F,0xF81F,0xF81F,0xF81F,0xF81F,0xF81F,0xF81F,0xF81F,
    0xF81F,0xF81F,0xF81F,0xF81F,0xF81F,0xF81F,0xF81F,0xF81F,0xF81F,0xF81F,0xF81F,0xF81F,
    0xF81F,0xF81F,0xF81F,0xF81F,0xF81F,0xF81F,0xF81F,0xF81F,0xF81F,0xF81F,0xF81F,0xF81F,
    0xF81F,0xF81F,0xF81F,0xF81F,0xF81F,0xF81F,0xF81F,0xF81F,0xF81F,0xF81F,0xF81F,0xF81F,
    0xF81F,0xF81F,0xF81F,0xF81F,0xF81F,0xF81F,0xF81F,0xF81F,0xF81F,0xF81F,0xF81F,0xF81F,
    0xF81F,0xF81F,0xF81F,0xF81F,0xF81F,0xF81F,0xF81F,0xF81F,0xF81F,0xF81F,0xF81F,0xF81F,
    0xF81F,0xF81F,0xF81F,0xF81F,0xF81F,0xF81F,0xF81F,0xF81F,0xF81F,0xF81F,0xF81F,0xF81F,
    0xF81F,0xF81F,0xF81F,0xF81F,0xF81F,0xF81F,0xF81F,0xF81F,0xF81F,0xF81F,0xF81F,0xF81F,
    0xF81F,0xF81F,0xF81F,0xF81F,0xF81F,0xF81F,0x09E8,0x09E8,0x09E8,0x09E8,0x09E8,0x09E8,
    0x126A,0x240F,0x3595,0x3E98,0x3ED9,0x3ED9,0x3ED9,0x3ED9,0x3ED9,0x3ED9,0x3ED9,0x3ED9,
    0x3ED9,0x3ED9,0x3ED9,0x3ED9,0x3ED9,0x3ED9,0x3ED9,0x3ED9,0x3ED9,0x3ED9,0x3ED9,0x3ED9,
    0x3ED9,0x3ED9,0x3E98,0x3594,0x240F,0x126A,0x09E8,0x09E8,0x09E8,0x09E8,0x09E8,0x09E8,
    0xF81F,0xF81F,0xF81F,0xF81F,0xF81F,0xF81F,0xF81F,0xF81F,0xF81F,0xF81F,0xF81F,0xF81F,
    0xF81F,0xF81F,0xF81F,0xF81F,0xF81F,0xF81F,0xF81F,0xF81F,0xF81F,0xF81F,0xF81F,0xF81F,
    0xF81F,0xF81F,0xF81F,0xF81F,0xF81F,0xF81F,0xF81F,0xF81F,0xF81F,0xF81F,0xF81F,0xF81F,
    0xF81F,0xF81F,0xF81F,0xF81F,0xF81F,0xF81F,0xF81F,0xF81F,0xF81F,0xF81F,0xF81F,0xF81F,
    0xF81F,0xF81F,0xF81F,0xF81F,0xF81F,0xF81F,0xF81F,0xF81F,0xF81F,0xF81F,0xF81F,0xF81F,
    0xF81F,0xF81F,0xF81F,0xF81F,0xF81F,0xF81F,0xF81F,0xF81F,0xF81F,0xF81F,0xF81F,0xF81F,
    0xF81F,0xF81F,0xF81F,0xF81F,0xF81F,0xF81F,0xF81F,0xF81F,0xF81F,0xF81F,0xF81F,0xF81F,
    0xF81F,0xF81F,0xF81F,0xF81F,0xF81F,0xF81F,0xF81F,0xF81F,0xF81F,0xF81F,0xF81F,0xF81F,
    0xF81F,0xF81F,0xF81F,0xF81F,0xF81F,0xF81F,0xF81F,0xF81F,0xF81F,0xF81F,0x09E8,0x09E8,
    0x09E8,0x09E8,0x09E8,0x1229,0x23CE,0x3594,0x3EB9,0x3ED9,0x3ED9,0x3ED9,0x3ED9,0x3ED9,
    0x3ED9,0x3ED9,0x3ED9,0x3ED9,0x3ED9,0x3ED9,0x3ED9,0x3ED9,0x3ED9,0x3ED9,0x3ED9,0x3ED9,
    0x3ED9,0x3ED9,0x3ED9,0x3ED9,0x3ED9,0x3ED9,0x3ED9,0x3ED9,0x3ED9,0x3ED9,0x3ED9,0x3EB9,
    0x3594,0x23CE,0x1229,0x09E8,0x09E8,0x09E8,0x09E8,0x09E8,0xF81F,0xF81F,0xF81F,0xF81F,
    0xF81F,0xF81F,0xF81F,0xF81F,0xF81F,0xF81F,0xF81F,0xF81F,0xF81F,0xF81F,0xF81F,0xF81F,
    0xF81F,0xF81F,0xF81F,0xF81F,0xF81F,0xF81F,0xF81F,0xF81F,0xF81F,0xF81F,0xF81F,0xF81F,
    0xF81F,0xF81F,0xF81F,0xF81F,0xF81F,0xF81F,0xF81F,0xF81F,0xF81F,0xF81F,0xF81F,0xF81F,
    0xF81F,0xF81F,0xF81F,0xF81F,0xF81F,0xF81F,0xF81F,0xF81F,0xF81F,0xF81F,0xF81F,0xF81F,
    0xF81F,0xF81F,0xF81F,0xF81F,0xF81F,0xF81F,0xF81F,0xF81F,0xF81F,0xF81F,0xF81F,0xF81F,
    0xF81F,0xF81F,0xF81F,0xF81F,0xF81F,0xF81F,0xF81F,0xF81F,0xF81F,0xF81F,0xF81F,0xF81F,
    0xF81F,0xF81F,0xF81F,0xF81F,0xF81F,0xF81F,0xF81F,0xF81F,0xF81F,0xF81F,0xF81F,0xF81F,
    0xF81F,0xF81F,0xF81F,0xF81F,0xF81F,0xF81F,0xF81F,0xF81F,0xF81F,0xF81F,0xF81F,0xF81F,
    0xF81F,0xF81F,0x09E8,0x09E8,0x09E8,0x09E8,0x09E8,0x1249,0x2450,0x3E78,0x3ED9,0x3ED9,
    0x3ED9,0x3ED9,0x3ED9,0x3ED9,0x3ED9,0x3ED9,0x3ED9,0x3ED9,0x3ED9,0x3ED9,0x3ED9,0x3ED9,
    0x3ED9,0x3ED9,0x3ED9,0x3ED9,0x3ED9,0x3ED9,0x3ED9,0x3ED9,0x3ED9,0x3ED9,0x3ED9,0x3ED9,
    0x3ED9,0x3ED9,0x3ED9,0x3ED9,0x3ED9,0x3ED9,0x3ED9,0x3ED9,0x3E78,0x2CB1,0x126A,0x09E8,
    0x09E8,0x09E8,0x09E8,0x09E8,0xF81F,0xF81F,0xF81F,0xF81F,0xF81F,0xF81F,0xF81F,0xF81F,
    0xF81F,0xF81F,0xF81F,0xF81F,0xF81F,0xF81F,0xF81F,0xF81F,0xF81F,0xF81F,0xF81F,0xF81F,
    0xF81F,0xF81F,0xF81F,0xF81F,0xF81F,0xF81F,0xF81F,0xF81F,0xF81F,0xF81F,0xF81F,0xF81F,
    0xF81F,0xF81F,0xF81F,0xF81F,0xF81F,0xF81F,0xF81F,0xF81F,0xF81F,0xF81F,0xF81F,0xF81F,
    0xF81F,0xF81F,0xF81F,0xF81F,0xF81F,0xF81F,0xF81F,0xF81F,0xF81F,0xF81F,0xF81F,0xF81F,
    0xF81F,0xF81F,0xF81F,0xF81F,0xF81F,0xF81F,0xF81F,0xF81F,0xF81F,0xF81F,0xF81F,0xF81F,
    0xF81F,0xF81F,0xF81F,0xF81F,0xF81F,0xF81F,0xF81F,0xF81F,0xF81F,0xF81F,0xF81F,0xF81F,
    0xF81F,0xF81F,0xF81F,0xF81F,0xF81F,0xF81F,0xF81F,0xF81F,0xF81F,0xF81F,0xF81F,0xF81F,
    0xF81F,0xF81F,0xF81F,0xF81F,0xF81F,0xF81F,0x09E8,0x09E8,0x09E8,0x09E8,0x09E8,0x126A,
    0x2CD2,0x3EB8,0x3ED9,0x3ED9,0x3ED9,0x3ED9,0x3ED9,0x3ED9,0x3ED9,0x3ED9,0x3ED9,0x3ED9,
    0x3ED9,0x3ED9,0x3ED9,0x3ED9,0x3ED9,0x3ED9,0x3ED9,0x3ED9,0x3ED9,0x3ED9,0x3ED9,0x3ED9,
    0x3ED9,0x3ED9,0x3ED9,0x3ED9,0x3ED9,0x3ED9,0x3ED9,0x3ED9,0x3ED9,0x3ED9,0x3ED9,0x3ED9,
    0x3ED9,0x3ED9,0x3ED9,0x3ED9,0x3E98,0x2CD2,0x126A,0x09E8,0x09E8,0x09E8,0x09E8,0x09E8,
    0xF81F,0xF81F,0xF81F,0xF81F,0xF81F,0xF81F,0xF81F,0xF81F,0xF81F,0xF81F,0xF81F,0xF81F,
    0xF81F,0xF81F,0xF81F,0xF81F,0xF81F,0xF81F,0xF81F,0xF81F,0xF81F,0xF81F,0xF81F,0xF81F,
    0xF81F,0xF81F,0xF81F,0xF81F,0xF81F,0xF81F,0xF81F,0xF81F,0xF81F,0xF81F,0xF81F,0xF81F,
    0xF81F,0xF81F,0xF81F,0xF81F,0xF81F,0xF81F,0xF81F,0xF81F,0xF81F,0xF81F,0xF81F,0xF81F,
    0xF81F,0xF81F,0xF81F,0xF81F,0xF81F,0xF81F,0xF81F,0xF81F,0xF81F,0xF81F,0xF81F,0xF81F,
    0xF81F,0xF81F,0xF81F,0xF81F,0xF81F,0xF81F,0xF81F,0xF81F,0xF81F,0xF81F,0xF81F,0xF81F,
    0xF81F,0xF81F,0xF81F,0xF81F,0xF81F,0xF81F,0xF81F,0xF81F,0xF81F,0xF81F,0xF81F,0xF81F,
    0xF81F,0xF81F,0xF81F,0xF81F,0xF81F,0xF81F,0xF81F,0xF81F,0xF81F,0xF81F,0xF81F,0x09E8,
    0x09E8,0x09E8,0x09E8,0x1208,0x240F,0x3E98,0x3ED9,0x3ED9,0x3ED9,0x3ED9,0x3ED9,0x3ED9,
    0x3ED9,0x3ED9,0x3ED9,0x3ED9,0x3ED9,0x3ED9,0x3ED9,0x3ED9,0x3ED9,0x3ED9,0x3ED9,0x3ED9,
    0x3ED9,0x3ED9,0x3ED9,0x3ED9,0x3ED9,0x3ED9,0x3ED9,0x3ED9,0x3ED9,0x3ED9,0x3ED9,0x3ED9,
    0x3ED9,0x3ED9,0x3ED9,0x3ED9,0x3ED9,0x3ED9,0x3ED9,0x3ED9,0x3ED9,0x3ED9,0x3ED9,0x3ED9,
    0x3E98,0x2450,0x1208,0x09E8,0x09E8,0x09E8,0x09E8,0xF81F,0xF81F,0xF81F,0xF81F,0xF81F,
    0xF81F,0xF81F,0xF81F,0xF81F,0xF81F,0xF81F,0xF81F,0xF81F,0xF81F,0xF81F,0xF81F,0xF81F,
    0xF81F,0xF81F,0xF81F,0xF81F,0xF81F,0xF81F,0xF81F,0xF81F,0xF81F,0xF81F,0xF81F,0xF81F,
    0xF81F,0xF81F,0xF81F,0xF81F,0xF81F,0xF81F,0xF81F,0xF81F,0xF81F,0xF81F,0xF81F,0xF81F,
    0xF81F,0xF81F,0xF81F,0xF81F,0xF81F,0xF81F,0xF81F,0xF81F,0xF81F,0xF81F,0xF81F,0xF81F,
    0xF81F,0xF81F,0xF81F,0xF81F,0xF81F,0xF81F,0xF81F,0xF81F,0xF81F,0xF81F,0xF81F,0xF81F,
    0xF81F,0xF81F,0xF81F,0xF81F,0xF81F,0xF81F,0xF81F,0xF81F,0xF81F,0xF81F,0xF81F,0xF81F,
    0xF81F,0xF81F,0xF81F,0xF81F,0xF81F,0xF81F,0xF81F,0xF81F,0xF81F,0xF81F,0xF81F,0xF81F,
    0xF81F,0xF81F,0xF81F,0xF81F,0x09E8,0x09E8,0x09E8,0x09E8,0x1B4D,0x3E16,0x3ED9,0x3ED9,
    0x3ED9,0x3ED9,0x3ED9,0x3ED9,0x3ED9,0x3ED9,0x3ED9,0x3ED9,0x3ED9,0x3ED9,0x3ED9,0x3ED9,
    0x3ED9,0x3ED9,0x3ED9,0x3ED9,0x3ED9,0x3ED9,0x3ED9,0x3ED9,0x3ED9,0x3ED9,0x3ED9,0x3ED9,
    0x3ED9,0x3ED9,0x3ED9,0x3ED9,0x3ED9,0x3ED9,0x3ED9,0x3ED9,0x3ED9,0x3ED9,0x3ED9,0x3ED9,
    0x3ED9,0x3ED9,0x3ED9,0x3ED9,0x3ED9,0x3ED9,0x3ED9,0x3ED9,0x3E16,0x1B4D,0x09E8,0x09E8,
    0x09E8,0x09E8,0xF81F,0xF81F,0xF81F,0xF81F,0xF81F,0xF81F,0xF81F,0xF81F,0xF81F,0xF81F,
    0xF81F,0xF81F,0xF81F,0xF81F,0xF81F,0xF81F,0xF81F,0xF81F,0xF81F,0xF81F,0xF81F,0xF81F,
    0xF81F,0xF81F,0xF81F,0xF81F,0xF81F,0xF81F,0xF81F,0xF81F,0xF81F,0xF81F,0xF81F,0xF81F,
    0xF81F,0xF81F,0xF81F,0xF81F,0xF81F,0xF81F,0xF81F,0xF81F,0xF81F,0xF81F,0xF81F,0xF81F,
    0xF81F,0xF81F,0xF81F,0xF81F,0xF81F,0xF81F,0xF81F,0xF81F,0xF81F,0xF81F,0xF81F,0xF81F,
    0xF81F,0xF81F,0xF81F,0xF81F,0xF81F,0xF81F,0xF81F,0xF81F,0xF81F,0xF81F,0xF81F,0xF81F,
    0xF81F,0xF81F,0xF81F,0xF81F,0xF81F,0xF81F,0xF81F,0xF81F,0xF81F,0xF81F,0xF81F,0xF81F,
    0xF81F,0xF81F,0xF81F,0xF81F,0xF81F,0xF81F,0xF81F,0xF81F,0x09E8,0x09E8,0x09E8,0x09E8,
    0x1208,0x2CB1,0x3EB9,0x3ED9,0x3ED9,0x3ED9,0x3ED9,0x3ED9,0x3ED9,0x3ED9,0x3ED9,0x3ED9,
    0x3ED9,0x3ED9,0x3ED9,0x3ED9,0x3ED9,0x3ED9,0x3ED9,0x3ED9,0x3ED9,0x3ED9,0x3ED9,0x3ED9,
    0x3ED9,0x3ED9,0x3ED9,0x3ED9,0x3ED9,0x3ED9,0x3ED9,0x3ED9,0x3ED9,0x3ED9,0x3ED9,0x3ED9,
    0x3ED9,0x3ED9,0x3ED9,0x3ED9,0x3ED9,0x3ED9,0x3ED9,0x3ED9,0x3ED9,0x3ED9,0x3ED9,0x3ED9,
    0x3ED9,0x3ED9,0x3ED9,0x3EB9,0x2CD2,0x1209,0x09E8,0x09E8,0x09E8,0x09E8,0xF81F,0xF81F,
    0xF81F,0xF81F,0xF81F,0xF81F,0xF81F,0xF81F,0xF81F,0xF81F,0xF81F,0xF81F,0xF81F,0xF81F,
    0xF81F,0xF81F,0xF81F,0xF81F,0xF81F,0xF81F,0xF81F,0xF81F,0xF81F,0xF81F,0xF81F,0xF81F,
    0xF81F,0xF81F,0xF81F,0xF81F,0xF81F,0xF81F,0xF81F,0xF81F,0xF81F,0xF81F,0xF81F,0xF81F,
    0xF81F,0xF81F,0xF81F,0xF81F,0xF81F,0xF81F,0xF81F,0xF81F,0xF81F,0xF81F,0xF81F,0xF81F,
    0xF81F,0xF81F,0xF81F,0xF81F,0xF81F,0xF81F,0xF81F,0xF81F,0xF81F,0xF81F,0xF81F,0xF81F,
    0xF81F,0xF81F,0xF81F,0xF81F,0xF81F,0xF81F,0xF81F,0xF81F,0xF81F,0xF81F,0xF81F,0xF81F,
    0xF81F,0xF81F,0xF81F,0xF81F,0xF81F,0xF81F,0xF81F,0xF81F,0xF81F,0xF81F,0xF81F,0xF81F,
    0xF81F,0x09E8,0x09E8,0x09E8,0x09E8,0x12AB,0x35D6,0x3ED9,0x3ED9,0x3ED9,0x3ED9,0x3ED9,
    0x3ED9,0x3ED9,0x3ED9,0x3ED9,0x3ED9,0x3ED9,0x3ED9,0x3ED9,0x3ED9,0x3ED9,0x3ED9,0x3ED9,
    0x3ED9,0x3ED9,0x3ED9,0x3ED9,0x3ED9,0x3ED9,0x3ED9,0x3ED9,0x3ED9,0x3ED9,0x3ED9,0x3ED9,
    0x3ED9,0x3ED9,0x3ED9,0x3ED9,0x3ED9,0x3ED9,0x3ED9,0x3ED9,0x3ED9,0x3ED9,0x3ED9,0x3ED9,
    0x3ED9,0x3ED9,0x3ED9,0x3ED9,0x3ED9,0x3ED9,0x3ED9,0x3ED9,0x3ED9,0x3ED9,0x3ED9,0x35F6,
    0x1ACB,0x09E8,0x09E8,0x09E8,0x09E8,0xF81F,0xF81F,0xF81F,0xF81F,0xF81F,0xF81F,0xF81F,
    0xF81F,0xF81F,0xF81F,0xF81F,0xF81F,0xF81F,0xF81F,0xF81F,0xF81F,0xF81F,0xF81F,0xF81F,
    0xF81F,0xF81F,0xF81F,0xF81F,0xF81F,0xF81F,0xF81F,0xF81F,0xF81F,0xF81F,0xF81F,0xF81F,
    0xF81F,0xF81F,0xF81F,0xF81F,0xF81F,0xF81F,0xF81F,0xF81F,0xF81F,0xF81F,0xF81F,0xF81F,
    0xF81F,0xF81F,0xF81F,0xF81F,0xF81F,0xF81F,0xF81F,0xF81F,0xF81F,0xF81F,0xF81F,0xF81F,
    0xF81F,0xF81F,0xF81F,0xF81F,0xF81F,0xF81F,0xF81F,0xF81F,0xF81F,0xF81F,0xF81F,0xF81F,
    0xF81F,0xF81F,0xF81F,0xF81F,0xF81F,0xF81F,0xF81F,0xF81F,0xF81F,0xF81F,0xF81F,0xF81F,
    0xF81F,0xF81F,0xF81F,0xF81F,0xF81F,0xF81F,0x09E8,0x09E8,0x09E8,0x09E8,0x1B6D,0x3E98,
    0x3ED9,0x3ED9,0x3ED9,0x3ED9,0x3ED9,0x3ED9,0x3ED9,0x3ED9,0x3ED9,0x3ED9,0x3ED9,0x3ED9,
    0x3ED9,0x3ED9,0x3ED9,0x3ED9,0x3ED9,0x3ED9,0x3ED9,0x3ED9,0x3ED9,0x3ED9,0x3ED9,0x3ED9,
    0x3ED9,0x3ED9,0x3ED9,0x3ED9,0x3ED9,0x3ED9,0x3ED9,0x3ED9,0x3ED9,0x3ED9,0x3ED9,0x3ED9,
    0x3ED9,0x3ED9,0x3ED9,0x3ED9,0x3ED9,0x3ED9,0x3ED9,0x3ED9,0x3ED9,0x3ED9,0x3ED9,0x3ED9,
    0x3ED9,0x3ED9,0x3ED9,0x3ED9,0x3ED9,0x3ED9,0x3E98,0x1B6D,0x09E8,0x09E8,0x09E8,0x09E8,
    0xF81F,0xF81F,0xF81F,0xF81F,0xF81F,0xF81F,0xF81F,0xF81F,0xF81F,0xF81F,0xF81F,0xF81F,
    0xF81F,0xF81F,0xF81F,0xF81F,0xF81F,0xF81F,0xF81F,0xF81F,0xF81F,0xF81F,0xF81F,0xF81F,
    0xF81F,0xF81F,0xF81F,0xF81F,0xF81F,0xF81F,0xF81F,0xF81F,0xF81F,0xF81F,0xF81F,0xF81F,
    0xF81F,0xF81F,0xF81F,0xF81F,0xF81F,0xF81F,0xF81F,0xF81F,0xF81F,0xF81F,0xF81F,0xF81F,
    0xF81F,0xF81F,0xF81F,0xF81F,0xF81F,0xF81F,0xF81F,0xF81F,0xF81F,0xF81F,0xF81F,0xF81F,
    0xF81F,0xF81F,0xF81F,0xF81F,0xF81F,0xF81F,0xF81F,0xF81F,0xF81F,0xF81F,0xF81F,0xF81F,
    0xF81F,0xF81F,0xF81F,0xF81F,0xF81F,0xF81F,0xF81F,0xF81F,0xF81F,0xF81F,0xF81F,0x09E8,
    0x09E8,0x09E8,0x09E8,0x240F,0x3EB9,0x3ED9,0x3ED9,0x3ED9,0x3ED9,0x3ED9,0x3ED9,0x3ED9,
    0x3ED9,0x3ED9,0x3ED9,0x3ED9,0x3ED9,0x3ED9,0x3ED9,0x3ED9,0x3ED9,0x3ED9,0x3ED9,0x3ED9,
    0x3ED9,0x3ED9,0x3ED9,0x3ED9,0x3ED9,0x3ED9,0x3ED9,0x3ED9,0x3ED9,0x3ED9,0x3ED9,0x3ED9,
    0x3ED9,0x3ED9,0x3ED9,0x3ED9,0x3ED9,0x3ED9,0x3ED9,0x3ED9,0x3ED9,0x3ED9,0x3ED9,0x3ED9,
    0x3ED9,0x3ED9,0x3ED9,0x3ED9,0x3ED9,0x3ED9,0x3ED9,0x3ED9,0x3ED9,0x3ED9,0x3ED9,0x3ED9,
    0x3ED9,0x3EB9,0x2450,0x09E8,0x09E8,0x09E8,0x09E8,0xF81F,0xF81F,0xF81F,0xF81F,0xF81F,
    0xF81F,0xF81F,0xF81F,0xF81F,0xF81F,0xF81F,0xF81F,0xF81F,0xF81F,0xF81F,0xF81F,0xF81F,
    0xF81F,0xF81F,0xF81F,0xF81F,0xF81F,0xF81F,0xF81F,0xF81F,0xF81F,0xF81F,0xF81F,0xF81F,
    0xF81F,0xF81F,0xF81F,0xF81F,0xF81F,0xF81F,0xF81F,0xF81F,0xF81F,0xF81F,0xF81F,0xF81F,
    0xF81F,0xF81F,0xF81F,0xF81F,0xF81F,0xF81F,0xF81F,0xF81F,0xF81F,0xF81F,0xF81F,0xF81F,
    0xF81F,0xF81F,0xF81F,0xF81F,0xF81F,0xF81F,0xF81F,0xF81F,0xF81F,0xF81F,0xF81F,0xF81F,
    0xF81F,0xF81F,0xF81F,0xF81F,0xF81F,0xF81F,0xF81F,0xF81F,0xF81F,0xF81F,0xF81F,0xF81F,
    0xF81F,0xF81F,0xF81F,0xF81F,0x09E8,0x09E8,0x09E8,0x09E8,0x2CB1,0x3ED9,0x3ED9,0x3ED9,
    0x3ED9,0x3ED9,0x3ED9,0x3ED9,0x3ED9,0x3ED9,0x3ED9,0x3ED9,0x3ED9,0x3ED9,0x3ED9,0x3ED9,
    0x3ED9,0x3ED9,0x3ED9,0x3ED9,0x3ED9,0x3ED9,0x3ED9,0x3ED9,0x3ED9,0x3ED9,0x3ED9,0x3ED9,
    0x3ED9,0x3ED9,0x3ED9,0x3ED9,0x3ED9,0x3ED9,0x3ED9,0x3ED9,0x3ED9,0x3ED9,0x3ED9,0x3ED9,
    0x3ED9,0x3ED9,0x3ED9,0x3ED9,0x3ED9,0x3ED9,0x3ED9,0x3ED9,0x3ED9,0x3ED9,0x3ED9,0x3ED9,
    0x3ED9,0x3ED9,0x3ED9,0x3ED9,0x3ED9,0x3ED9,0x3ED9,0x3ED9,0x3ED9,0x2CB1,0x09E8,0x09E8,
    0x09E8,0x09E8,0xF81F,0xF81F,0xF81F,0xF81F,0xF81F,0xF81F,0xF81F,0xF81F,0xF81F,0xF81F,
    0xF81F,0xF81F,0xF81F,0xF81F,0xF81F,0xF81F,0xF81F,0xF81F,0xF81F,0xF81F,0xF81F,0xF81F,
    0xF81F,0xF81F,0xF81F,0xF81F,0xF81F,0xF81F,0xF81F,0xF81F,0xF81F,0xF81F,0xF81F,0xF81F,
    0xF81F,0xF81F,0xF81F,0xF81F,0xF81F,0xF81F,0xF81F,0xF81F,0xF81F,0xF81F,0xF81F,0xF81F,
    0xF81F,0xF81F,0xF81F,0xF81F,0xF81F,0xF81F,0xF81F,0xF81F,0xF81F,0xF81F,0xF81F,0xF81F,
    0xF81F,0xF81F,0xF81F,0xF81F,0xF81F,0xF81F,0xF81F,0xF81F,0xF81F,0xF81F,0xF81F,0xF81F,
    0xF81F,0xF81F,0xF81F,0xF81F,0xF81F,0xF81F,0xF81F,0xF81F,0xF81F,0x09E8,0x09E8,0x09E8,
    0x09E8,0x2CB1,0x3ED9,0x3ED9,0x3ED9,0x3ED9,0x3ED9,0x3ED9,0x3ED9,0x3ED9,0x3ED9,0x3ED9,
    0x3ED9,0x3ED9,0x3ED9,0x3ED9,0x3ED9,0x3ED9,0x3ED9,0x3ED9,0x3ED9,0x3ED9,0x3ED9,0x3ED9,
    0x3ED9,0x3ED9,0x3ED9,0x3ED9,0x3ED9,0x3ED9,0x3ED9,0x3ED9,0x3ED9,0x3ED9,0x3ED9,0x3ED9,
    0x3ED9,0x3ED9,0x3ED9,0x3ED9,0x3ED9,0x3ED9,0x3ED9,0x3ED9,0x3ED9,0x3ED9,0x3ED9,0x3ED9,
    0x3ED9,0x3ED9,0x3ED9,0x3ED9,0x3ED9,0x3ED9,0x3ED9,0x3ED9,0x3ED9,0x3ED9,0x3ED9,0x3ED9,
    0x3ED9,0x3ED9,0x3ED9,0x3ED9,0x2CB1,0x09E8,0x09E8,0x09E8,0x09E8,0xF81F,0xF81F,0xF81F,
    0xF81F,0xF81F,0xF81F,0xF81F,0xF81F,0xF81F,0xF81F,0xF81F,0xF81F,0xF81F,0xF81F,0xF81F,
    0xF81F,0xF81F,0xF81F,0xF81F,0xF81F,0xF81F,0xF81F,0xF81F,0xF81F,0xF81F,0xF81F,0xF81F,
    0xF81F,0xF81F,0xF81F,0xF81F,0xF81F,0xF81F,0xF81F,0xF81F,0xF81F,0xF81F,0xF81F,0xF81F,
    0xF81F,0xF81F,0xF81F,0xF81F,0xF81F,0xF81F,0xF81F,0xF81F,0xF81F,0xF81F,0xF81F,0xF81F,
    0xF81F,0xF81F,0xF81F,0xF81F,0xF81F,0xF81F,0xF81F,0xF81F,0xF81F,0xF81F,0xF81F,0xF81F,
    0xF81F,0xF81F,0xF81F,0xF81F,0xF81F,0xF81F,0xF81F,0xF81F,0xF81F,0xF81F,0xF81F,0xF81F,
    0xF81F,0xF81F,0x09E8,0x09E8,0x09E8,0x09E8,0x2C71,0x3ED9,0x3ED9,0x3ED9,0x3ED9,0x3ED9,
    0x3ED9,0x3ED9,0x3ED9,0x3ED9,0x3ED9,0x3ED9,0x3ED9,0x3ED9,0x3ED9,0x3ED9,0x3ED9,0x3ED9,
    0x3ED9,0x3ED9,0x3ED9,0x3ED9,0x3ED9,0x3ED9,0x3ED9,0x3ED9,0x3ED9,0x3ED9,0x3ED9,0x3ED9,
    0x3ED9,0x3ED9,0x3ED9,0x3ED9,0x3ED9,0x3ED9,0x3ED9,0x3ED9,0x3ED9,0x3ED9,0x3ED9,0x3ED9,
    0x3ED9,0x3ED9,0x3ED9,0x3ED9,0x3ED9,0x3ED9,0x3ED9,0x3ED9,0x3ED9,0x3ED9,0x3ED9,0x3ED9,
    0x3ED9,0x3ED9,0x3ED9,0x3ED9,0x3ED9,0x3ED9,0x3ED9,0x3ED9,0x3ED9,0x3ED9,0x3ED9,0x2470,
    0x09E8,0x09E8,0x09E8,0x09E8,0xF81F,0xF81F,0xF81F,0xF81F,0xF81F,0xF81F,0xF81F,0xF81F,
    0xF81F,0xF81F,0xF81F,0xF81F,0xF81F,0xF81F,0xF81F,0xF81F,0xF81F,0xF81F,0xF81F,0xF81F,
    0xF81F,0xF81F,0xF81F,0xF81F,0xF81F,0xF81F,0xF81F,0xF81F,0xF81F,0xF81F,0xF81F,0xF81F,
    0xF81F,0xF81F,0xF81F,0xF81F,0xF81F,0xF81F,0xF81F,0xF81F,0xF81F,0xF81F,0xF81F,0xF81F,
    0xF81F,0xF81F,0xF81F,0xF81F,0xF81F,0xF81F,0xF81F,0xF81F,0xF81F,0xF81F,0xF81F,0xF81F,
    0xF81F,0xF81F,0xF81F,0xF81F,0xF81F,0xF81F,0xF81F,0xF81F,0xF81F,0xF81F,0xF81F,0xF81F,
    0xF81F,0xF81F,0xF81F,0xF81F,0xF81F,0xF81F,0xF81F,0xF81F,0x09E8,0x09E8,0x09E8,0x2430,
    0x3ED9,0x3ED9,0x3ED9,0x3ED9,0x3ED9,0x3ED9,0x3ED9,0x3ED9,0x3ED9,0x3ED9,0x3ED9,0x3ED9,
    0x3ED9,0x3ED9,0x3ED9,0x3ED9,0x3ED9,0x3ED9,0x3ED9,0x3ED9,0x3ED9,0x3ED9,0x3ED9,0x3ED9,
    0x3ED9,0x3ED9,0x3ED9,0x3ED9,0x3ED9,0x3ED9,0x3ED9,0x3ED9,0x3ED9,0x3ED9,0x3ED9,0x3ED9,
    0x3ED9,0x3ED9,0x3ED9,0x3ED9,0x3ED9,0x3ED9,0x3ED9,0x3ED9,0x3ED9,0x3ED9,0x3ED9,0x3ED9,
    0x3ED9,0x3ED9,0x3ED9,0x3ED9,0x3ED9,0x3ED9,0x3ED9,0x3ED9,0x3ED9,0x3ED9,0x3ED9,0x3ED9,
    0x3ED9,0x3ED9,0x3ED9,0x3ED9,0x3ED9,0x3ED9,0x2410,0x09E8,0x09E8,0x09E8,0xF81F,0xF81F,
    0xF81F,0xF81F,0xF81F,0xF81F,0xF81F,0xF81F,0xF81F,0xF81F,0xF81F,0xF81F,0xF81F,0xF81F,
    0xF81F,0xF81F,0xF81F,0xF81F,0xF81F,0xF81F,0xF81F,0xF81F,0xF81F,0xF81F,0xF81F,0xF81F,
    0xF81F,0xF81F,0xF81F,0xF81F,0xF81F,0xF81F,0xF81F,0xF81F,0xF81F,0xF81F,0xF81F,0xF81F,
    0xF81F,0xF81F,0xF81F,0xF81F,0xF81F,0xF81F,0xF81F,0xF81F,0xF81F,0xF81F,0xF81F,0xF81F,
    0xF81F,0xF81F,0xF81F,0xF81F,0xF81F,0xF81F,0xF81F,0xF81F,0xF81F,0xF81F,0xF81F,0xF81F,
    0xF81F,0xF81F,0xF81F,0xF81F,0xF81F,0xF81F,0xF81F,0xF81F,0xF81F,0xF81F,0xF81F,0xF81F,
    0xF81F,0x09E8,0x09E8,0x09E8,0x1B2C,0x3EB9,0x3ED9,0x3ED9,0x3ED9,0x3ED9,0x3ED9,0x3ED9,
    0x3ED9,0x3ED9,0x3ED9,0x3ED9,0x3ED9,0x4ED9,0x66FA,0x771A,0x7F3B,0x873B,0x8F3B,0x8F3B,
    0x873B,0x7F3B,0x771A,0x66FA,0x4ED9,0x3ED9,0x3ED9,0x3ED9,0x3ED9,0x3ED9,0x3ED9,0x3ED9,
    0x3ED9,0x3ED9,0x3ED9,0x3ED9,0x3ED9,0x3ED9,0x3ED9,0x3ED9,0x3ED9,0x3ED9,0x3ED9,0x3ED9,
    0x3ED9,0x3ED9,0x3ED9,0x3ED9,0x3ED9,0x3ED9,0x3ED9,0x3ED9,0x3ED9,0x3ED9,0x3ED9,0x3ED9,
    0x3ED9,0x3ED9,0x3ED9,0x3ED9,0x3ED9,0x3ED9,0x3ED9,0x3ED9,0x3ED9,0x3ED9,0x3ED9,0x3ED9,
    0x3EB9,0x1B4D,0x09E8,0x09E8,0x09E8,0xF81F,0xF81F,0xF81F,0xF81F,0xF81F,0xF81F,0xF81F,
    0xF81F,0xF81F,0xF81F,0xF81F,0xF81F,0xF81F,0xF81F,0xF81F,0xF81F,0xF81F,0xF81F,0xF81F,
    0xF81F,0xF81F,0xF81F,0xF81F,0xF81F,0xF81F,0xF81F,0xF81F,0xF81F,0xF81F,0xF81F,0xF81F,
    0xF81F,0xF81F,0xF81F,0xF81F,0xF81F,0xF81F,0xF81F,0xF81F,0xF81F,0xF81F,0xF81F,0xF81F,
    0xF81F,0xF81F,0xF81F,0xF81F,0xF81F,0xF81F,0xF81F,0xF81F,0xF81F,0xF81F,0xF81F,0xF81F,
    0xF81F,0xF81F,0xF81F,0xF81F,0xF81F,0xF81F,0xF81F,0xF81F,0xF81F,0xF81F,0xF81F,0xF81F,
    0xF81F,0xF81F,0xF81F,0xF81F,0xF81F,0xF81F,0x09E8,0x09E8,0x09E8,0x128A,0x3E78,0x3ED9,
    0x3ED9,0x3ED9,0x3ED9,0x3ED9,0x3ED9,0x3ED9,0x3ED9,0x3ED9,0x46D9,0x5EFA,0x7F3B,0x8F5B,
    0x8F5B,0x8F5B,0x8F5B,0x8F5B,0x8F5B,0x8F5B,0x8F5B,0x8F5B,0x8F5B,0x8F5B,0x8F5B,0x7F3B,
    0x5EFA,0x46D9,0x3ED9,0x3ED9,0x3ED9,0x3ED9,0x3ED9,0x3ED9,0x3ED9,0x3ED9,0x3ED9,0x3ED9,
    0x3ED9,0x3ED9,0x3ED9,0x3ED9,0x3ED9,0x3ED9,0x3ED9,0x3ED9,0x3ED9,0x3ED9,0x3ED9,0x3ED9,
    0x3ED9,0x3ED9,0x3ED9,0x3ED9,0x3ED9,0x3ED9,0x3ED9,0x3ED9,0x3ED9,0x3ED9,0x3ED9,0x3ED9,
    0x3ED9,0x3ED9,0x3ED9,0x3ED9,0x3ED9,0x3ED9,0x3ED9,0x3E77,0x128A,0x09E8,0x09E8,0x09E8,
    0xF81F,0xF81F,0xF81F,0xF81F,0xF81F,0xF81F,0xF81F,0xF81F,0xF81F,0xF81F,0xF81F,0xF81F,
    0xF81F,0xF81F,0xF81F,0xF81F,0xF81F,0xF81F,0xF81F,0xF81F,0xF81F,0xF81F,0xF81F,0xF81F,
    0xF81F,0xF81F,0xF81F,0xF81F,0xF81F,0xF81F,0xF81F,0xF81F,0xF81F,0xF81F,0xF81F,0xF81F,
    0xF81F,0xF81F,0xF81F,0xF81F,0xF81F,0xF81F,0xF81F,0xF81F,0xF81F,0xF81F,0xF81F,0xF81F,
    0xF81F,0xF81F,0xF81F,0xF81F,0xF81F,0xF81F,0xF81F,0xF81F,0xF81F,0xF81F,0xF81F,0xF81F,
    0xF81F,0xF81F,0xF81F,0xF81F,0xF81F,0xF81F,0xF81F,0xF81F,0xF81F,0xF81F,0xF81F,0xF81F,
    0x09E8,0x09E8,0x1208,0x35D5,0x3ED9,0x3ED9,0x3ED9,0x3ED9,0x3ED9,0x3ED9,0x3ED9,0x3ED9,
    0x3ED9,0x56FA,0x873B,0x8F5B,0x8F5B,0x8F5B,0x8F5B,0x8F5B,0x8F5B,0x8F5B,0x8F5B,0x8F5B,
    0x8F5B,0x8F5B,0x8F5B,0x8F5B,0x8F5B,0x8F5B,0x8F5B,0x873B,0x56FA,0x3ED9,0x3ED9,0x3ED9,
    0x3ED9,0x3ED9,0x3ED9,0x3ED9,0x3ED9,0x3ED9,0x3ED9,0x3ED9,0x3ED9,0x3ED9,0x3ED9,0x3ED9,
    0x3ED9,0x3ED9,0x3ED9,0x3ED9,0x3ED9,0x3ED9,0x3ED9,0x3ED9,0x3ED9,0x3ED9,0x3ED9,0x3ED9,
    0x3ED9,0x3ED9,0x3ED9,0x3ED9,0x3ED9,0x3ED9,0x3ED9,0x3ED9,0x3ED9,0x3ED9,0x3ED9,0x3ED9,
    0x3ED9,0x3ED9,0x35D5,0x1208,0x09E8,0x09E8,0xF81F,0xF81F,0xF81F,0xF81F,0xF81F,0xF81F,
    0xF81F,0xF81F,0xF81F,0xF81F,0xF81F,0xF81F,0xF81F,0xF81F,0xF81F,0xF81F,0xF81F,0xF81F,
    0xF81F,0xF81F,0xF81F,0xF81F,0xF81F,0xF81F,0xF81F,0xF81F,0xF81F,0xF81F,0xF81F,0xF81F,
    0xF81F,0xF81F,0xF81F,0xF81F,0xF81F,0xF81F,0xF81F,0xF81F,0xF81F,0xF81F,0xF81F,0xF81F,
    0xF81F,0xF81F,0xF81F,0xF81F,0xF81F,0xF81F,0xF81F,0xF81F,0xF81F,0xF81F,0xF81F,0xF81F,
    0xF81F,0xF81F,0xF81F,0xF81F,0xF81F,0xF81F,0xF81F,0xF81F,0xF81F,0xF81F,0xF81F,0xF81F,
    0xF81F,0xF81F,0xF81F,0xF81F,0xF81F,0x09E8,0x09E8,0x09E8,0x2C71,0x3ED9,0x3ED9,0x3ED9,
    0x3ED9,0x3ED9,0x3ED9,0x3ED9,0x3ED9,0x3ED9,0x671A,0x8F5B,0x8F5B,0x8F5B,0x8F5B,0x8F5B,
    0x8F5B,0x8F5B,0x8F5B,0x8F5B,0x8F5B,0x8F5B,0x8F5B,0x8F5B,0x8F5B,0x8F5B,0x8F5B,0x8F5B,
    0x8F5B,0x8F5B,0x8F5B,0x6F1A,0x46D9,0x3ED9,0x3ED9,0x3ED9,0x3ED9,0x3ED9,0x3ED9,0x3ED9,
    0x3ED9,0x3ED9,0x3ED9,0x3ED9,0x3ED9,0x3ED9,0x3ED9,0x3ED9,0x3ED9,0x3ED9,0x3ED9,0x3ED9,
    0x3ED9,0x3ED9,0x3ED9,0x3ED9,0x3ED9,0x3ED9,0x3ED9,0x3ED9,0x3ED9,0x3ED9,0x3ED9,0x3ED9,
    0x3ED9,0x3ED9,0x3ED9,0x3ED9,0x3ED9,0x3ED9,0x3ED9,0x3ED9,0x3ED9,0x2470,0x09E8,0x09E8,
    0x09E8,0xF81F,0xF81F,0xF81F,0xF81F,0xF81F,0xF81F,0xF81F,0xF81F,0xF81F,0xF81F,0xF81F,
    0xF81F,0xF81F,0xF81F,0xF81F,0xF81F,0xF81F,0xF81F,0xF81F,0xF81F,0xF81F,0xF81F,0xF81F,
    0xF81F,0xF81F,0xF81F,0xF81F,0xF81F,0xF81F,0xF81F,0xF81F,0xF81F,0xF81F,0xF81F,0xF81F,
    0xF81F,0xF81F,0xF81F,0xF81F,0xF81F,0xF81F,0xF81F,0xF81F,0xF81F,0xF81F,0xF81F,0xF81F,
    0xF81F,0xF81F,0xF81F,0xF81F,0xF81F,0xF81F,0xF81F,0xF81F,0xF81F,0xF81F,0xF81F,0xF81F,
    0xF81F,0xF81F,0xF81F,0xF81F,0xF81F,0xF81F,0xF81F,0xF81F,0xF81F,0xF81F,0x09E8,0x09E8,
    0x09E8,0x12CB,0x3EB8,0x3ED9,0x3ED9,0x3ED9,0x3ED9,0x3ED9,0x3ED9,0x3ED9,0x3ED9,0x771A,
    0x8F5B,0x8F5B,0x8F5B,0x8F5B,0x8F5B,0x8F5B,0x8F5B,0x8F5B,0x8F5B,0x8F5B,0x8F5B,0x8F5B,
    0x8F5B,0x8F5B,0x8F5B,0x8F5B,0x8F5B,0x8F5B,0x8F5B,0x8F5B,0x8F5B,0x8F5B,0x771A,0x3ED9,
    0x3ED9,0x3ED9,0x3ED9,0x3ED9,0x3ED9,0x3ED9,0x3ED9,0x3ED9,0x3ED9,0x3ED9,0x3ED9,0x3ED9,
    0x3ED9,0x3ED9,0x3ED9,0x3ED9,0x3ED9,0x3ED9,0x3ED9,0x3ED9,0x3ED9,0x3ED9,0x3ED9,0x3ED9,
    0x3ED9,0x3ED9,0x3ED9,0x3ED9,0x3ED9,0x3ED9,0x3ED9,0x3ED9,0x3ED9,0x3ED9,0x3ED9,0x3ED9,
    0x3ED9,0x3ED9,0x3ED9,0x3EB8,0x12AB,0x09E8,0x09E8,0x09E8,0xF81F,0xF81F,0xF81F,0xF81F,
    0xF81F,0xF81F,0xF81F,0xF81F,0xF81F,0xF81F,0xF81F,0xF81F,0xF81F,0xF81F,0xF81F,0xF81F,
    0xF81F,0xF81F,0xF81F,0xF81F,0xF81F,0xF81F,0xF81F,0xF81F,0xF81F,0xF81F,0xF81F,0xF81F,
    0xF81F,0xF81F,0xF81F,0xF81F,0xF81F,0xF81F,0xF81F,0xF81F,0xF81F,0xF81F,0xF81F,0xF81F,
    0xF81F,0xF81F,0xF81F,0xF81F,0xF81F,0xF81F,0xF81F,0xF81F,0xF81F,0xF81F,0xF81F,0xF81F,
    0xF81F,0xF81F,0xF81F,0xF81F,0xF81F,0xF81F,0xF81F,0xF81F,0xF81F,0xF81F,0xF81F,0xF81F,
    0xF81F,0xF81F,0xF81F,0xF81F,0x09E8,0x09E8,0x09E8,0x35B5,0x3ED9,0x3ED9,0x3ED9,0x3ED9,
    0x3ED9,0x3ED9,0x3ED9,0x3ED9,0x66FA,0x8F5B,0x8F5B,0x8F5B,0x8F5B,0x8F5B,0x8F5B,0x8F5B,
    0x8F5B,0x8F5B,0x8F5B,0x8F5B,0x8F5B,0x8F5B,0x8F5B,0x8F5B,0x8F5B,0x8F5B,0x8F5B,0x8F5B,
    0x8F5B,0x8F5B,0x8F5B,0x8F5B,0x8F5B,0x66FA,0x3ED9,0x3ED9,0x3ED9,0x3ED9,0x3ED9,0x3ED9,
    0x3ED9,0x3ED9,0x3ED9,0x3ED9,0x3ED9,0x3ED9,0x3ED9,0x3ED9,0x3ED9,0x3ED9,0x3ED9,0x3ED9,
    0x3ED9,0x3ED9,0x3ED9,0x3ED9,0x3ED9,0x3ED9,0x3ED9,0x3ED9,0x3ED9,0x3ED9,0x3ED9,0x3ED9,
    0x3ED9,0x3ED9,0x3ED9,0x3ED9,0x3ED9,0x3ED9,0x3ED9,0x3ED9,0x3ED9,0x3ED9,0x35B5,0x09E8,
    0x09E8,0x09E8,0xF81F,0xF81F,0xF81F,0xF81F,0xF81F,0xF81F,0xF81F,0xF81F,0xF81F,0xF81F,
    0xF81F,0xF81F,0xF81F,0xF81F,0xF81F,0xF81F,0xF81F,0xF81F,0xF81F,0xF81F,0xF81F,0xF81F,
    0xF81F,0xF81F,0xF81F,0xF81F,0xF81F,0xF81F,0xF81F,0xF81F,0xF81F,0xF81F,0xF81F,0xF81F,
    0xF81F,0xF81F,0xF81F,0xF81F,0xF81F,0xF81F,0xF81F,0xF81F,0xF81F,0xF81F,0xF81F,0xF81F,
    0xF81F,0xF81F,0xF81F,0xF81F,0xF81F,0xF81F,0xF81F,0xF81F,0xF81F,0xF81F,0xF81F,0xF81F,
    0xF81F,0xF81F,0xF81F,0xF81F,0xF81F,0xF81F,0xF81F,0xF81F,0xF81F,0x09E8,0x09E8,0x09E8,
    0x23CF,0x3ED9,0x3ED9,0x3ED9,0x3ED9,0x3ED9,0x3ED9,0x3ED9,0x3ED9,0x46D9,0x8F3B,0x8F5B,
    0x8F5B,0x8F5B,0x8F5B,0x8F5B,0x8F5B,0x8F5B,0x8F5B,0x8F5B,0x8F5B,0x8F5B,0x8F5B,0x8F5B,
    0x8F5B,0x8F5B,0x8F5B,0x8F5B,0x8F5B,0x8F5B,0x8F5B,0x8F5B,0x8F5B,0x8F5B,0x8F5B,0x8F3B,
    0x46D9,0x3ED9,0x3ED9,0x3ED9,0x3ED9,0x3ED9,0x3ED9,0x3ED9,0x3ED9,0x3ED9,0x3ED9,0x3ED9,
    0x3ED9,0x3ED9,0x3ED9,0x3ED9,0x3ED9,0x3ED9,0x3ED9,0x3ED9,0x3ED9,0x3ED9,0x3ED9,0x3ED9,
    0x3ED9,0x3ED9,0x3ED9,0x3ED9,0x3ED9,0x3ED9,0x3ED9,0x3ED9,0x3ED9,0x3ED9,0x3ED9,0x3ED9,
    0x3ED9,0x3ED9,0x3ED9,0x3ED9,0x3ED9,0x23CE,0x09E8,0x09E8,0x09E8,0xF81F,0xF81F,0xF81F,
    0xF81F,0xF81F,0xF81F,0xF81F,0xF81F,0xF81F,0xF81F,0xF81F,0xF81F,0xF81F,0xF81F,0xF81F,
    0xF81F,0xF81F,0xF81F,0xF81F,0xF81F,0xF81F,0xF81F,0xF81F,0xF81F,0xF81F,0xF81F,0xF81F,
    0xF81F,0xF81F,0xF81F,0xF81F,0xF81F,0xF81F,0xF81F,0xF81F,0xF81F,0xF81F,0xF81F,0xF81F,
    0xF81F,0xF81F,0xF81F,0xF81F,0xF81F,0xF81F,0xF81F,0xF81F,0xF81F,0xF81F,0xF81F,0xF81F,
    0xF81F,0xF81F,0xF81F,0xF81F,0xF81F,0xF81F,0xF81F,0xF81F,0xF81F,0xF81F,0xF81F,0xF81F,
    0xF81F,0xF81F,0xF81F,0x09E8,0x09E8,0x1208,0x3E37,0x3ED9,0x3ED9,0x3ED9,0x3ED9,0x3ED9,
    0x3ED9,0x3ED9,0x3ED9,0x671A,0x8F5B,0x8F5B,0x8F5B,0x8F5B,0x8F5B,0x8F5B,0x8F5B,0x8F5B,
    0x8F5B,0x8F5B,0x8F5B,0x8F5B,0x8F5B,0x8F5B,0x8F5B,0x8F5B,0x8F5B,0x8F5B,0x8F5B,0x8F5B,
    0x8F5B,0x8F5B,0x8F5B,0x8F5B,0x8F5B,0x8F5B,0x671A,0x3ED9,0x3ED9,0x3ED9,0x3ED9,0x3ED9,
    0x3ED9,0x3ED9,0x3ED9,0x3ED9,0x3ED9,0x3ED9,0x3ED9,0x3ED9,0x3ED9,0x3ED9,0x3ED9,0x3ED9,
    0x3ED9,0x3ED9,0x3ED9,0x3ED9,0x3ED9,0x3ED9,0x3ED9,0x3ED9,0x3ED9,0x3ED9,0x3ED9,0x3ED9,
    0x3ED9,0x3ED9,0x3ED9,0x3ED9,0x3ED9,0x3ED9,0x3ED9,0x3ED9,0x3ED9,0x3ED9,0x3ED9,0x3E37,
    0x1208,0x09E8,0x09E8,0xF81F,0xF81F,0xF81F,0xF81F,0xF81F,0xF81F,0xF81F,0xF81F,0xF81F,
    0xF81F,0xF81F,0xF81F,0xF81F,0xF81F,0xF81F,0xF81F,0xF81F,0xF81F,0xF81F,0xF81F,0xF81F,
    0xF81F,0xF81F,0xF81F,0xF81F,0xF81F,0xF81F,0xF81F,0xF81F,0xF81F,0xF81F,0xF81F,0xF81F,
    0xF81F,0xF81F,0xF81F,0xF81F,0xF81F,0xF81F,0xF81F,0xF81F,0xF81F,0xF81F,0xF81F,0xF81F,
    0xF81F,0xF81F,0xF81F,0xF81F,0xF81F,0xF81F,0xF81F,0xF81F,0xF81F,0xF81F,0xF81F,0xF81F,
    0xF81F,0xF81F,0xF81F,0xF81F,0xF81F,0xF81F,0xF81F,0xF81F,0x09E8,0x09E8,0x09E8,0x23EF,
    0x3ED9,0x3ED9,0x3ED9,0x3ED9,0x3ED9,0x3ED9,0x3ED9,0x3ED9,0x3ED9,0x7F3B,0x8F5B,0x8F5B,
    0x8F5B,0x8F5B,0x8F5B,0x8F5B,0x8F5B,0x8F5B,0x8F5B,0x8F5B,0x8F5B,0x8F5B,0x8F5B,0x8F5B,
    0x8F5B,0x8F5B,0x8F5B,0x8F5B,0x8F5B,0x8F5B,0x8F5B,0x8F5B,0x8F5B,0x8F5B,0x8F5B,0x8F5B,
    0x7F3B,0x3ED9,0x3ED9,0x3ED9,0x3ED9,0x3ED9,0x3ED9,0x3ED9,0x3ED9,0x3ED9,0x3ED9,0x3ED9,
    0x3ED9,0x3ED9,0x3ED9,0x3ED9,0x3ED9,0x3ED9,0x3ED9,0x3ED9,0x3ED9,0x3ED9,0x3ED9,0x3ED9,
    0x3ED9,0x3ED9,0x3ED9,0x3ED9,0x3ED9,0x3ED9,0x3ED9,0x3ED9,0x3ED9,0x3ED9,0x3ED9,0x3ED9,
    0x3ED9,0x3ED9,0x3ED9,0x3ED9,0x3ED9,0x3ED9,0x23CF,0x09E8,0x09E8,0x09E8,0xF81F,0xF81F,
    0xF81F,0xF81F,0xF81F,0xF81F,0xF81F,0xF81F,0xF81F,0xF81F,0xF81F,0xF81F,0xF81F,0xF81F,
    0xF81F,0xF81F,0xF81F,0xF81F,0xF81F,0xF81F,0xF81F,0xF81F,0xF81F,0xF81F,0xF81F,0xF81F,
    0xF81F,0xF81F,0xF81F,0xF81F,0xF81F,0xF81F,0xF81F,0xF81F,0xF81F,0xF81F,0xF81F,0xF81F,
    0xF81F,0xF81F,0xF81F,0xF81F,0xF81F,0xF81F,0xF81F,0xF81F,0xF81F,0xF81F,0xF81F,0xF81F,
    0xF81F,0xF81F,0xF81F,0xF81F,0xF81F,0xF81F,0xF81F,0xF81F,0xF81F,0xF81F,0xF81F,0xF81F,
    0xF81F,0xF81F,0x09E8,0x09E8,0x1208,0x3E37,0x3ED9,0x3ED9,0x3ED9,0x3ED9,0x3ED9,0x3ED9,
    0x3ED9,0x3ED9,0x3ED9,0x873B,0x8F5B,0x8F5B,0x8F5B,0x8F5B,0x8F5B,0x8F5B,0x8F5B,0x8F5B,
    0x8F5B,0x8F5B,0x8F5B,0x8F5B,0x8F5B,0x8F5B,0x8F5B,0x8F5B,0x8F5B,0x8F5B,0x8F5B,0x8F5B,
    0x8F5B,0x8F5B,0x8F5B,0x8F5B,0x8F5B,0x8F5B,0x873B,0x3ED9,0x3ED9,0x3ED9,0x3ED9,0x3ED9,
    0x3ED9,0x3ED9,0x3ED9,0x3ED9,0x3ED9,0x3ED9,0x3ED9,0x3ED9,0x3ED9,0x3ED9,0x3ED9,0x3ED9,
    0x3ED9,0x3ED9,0x3ED9,0x3ED9,0x3ED9,0x3ED9,0x3ED9,0x3ED9,0x3ED9,0x3ED9,0x3ED9,0x3ED9,
    0x3ED9,0x3ED9,0x3ED9,0x3ED9,0x3ED9,0x3ED9,0x3ED9,0x3ED9,0x3ED9,0x3ED9,0x3ED9,0x3ED9,
    0x3E37,0x1208,0x09E8,0x09E8,0xF81F,0xF81F,0xF81F,0xF81F,0xF81F,0xF81F,0xF81F,0xF81F,
    0xF81F,0xF81F,0xF81F,0xF81F,0xF81F,0xF81F,0xF81F,0xF81F,0xF81F,0xF81F,0xF81F,0xF81F,
    0xF81F,0xF81F,0xF81F,0xF81F,0xF81F,0xF81F,0xF81F,0xF81F,0xF81F,0xF81F,0xF81F,0xF81F,
    0xF81F,0xF81F,0xF81F,0xF81F,0xF81F,0xF81F,0xF81F,0xF81F,0xF81F,0xF81F,0xF81F,0xF81F,
    0xF81F,0xF81F,0xF81F,0xF81F,0xF81F,0xF81F,0xF81F,0xF81F,0xF81F,0xF81F,0xF81F,0xF81F,
    0xF81F,0xF81F,0xF81F,0xF81F,0xF81F,0xF81F,0xF81F,0x09E8,0x09E8,0x09E8,0x1B8E,0x3ED9,
    0x3ED9,0x3ED9,0x3ED9,0x3ED9,0x3ED9,0x3ED9,0x3ED9,0x3ED9,0x3ED9,0x873B,0x8F5B,0x8F5B,
    0x8F5B,0x8F5B,0x8F5B,0x8F5B,0x8F5B,0x8F5B,0x8F5B,0x8F5B,0x8F5B,0x8F5B,0x8F5B,0x8F5B,
    0x8F5B,0x8F5B,0x8F5B,0x8F5B,0x8F5B,0x8F5B,0x8F5B,0x9F5C,0xAF7C,0xBF9D,0xC7BD,0xD7BE,
    0xD7BE,0xC7BD,0xCFBE,0xCFBD,0xC7BD,0xBFBD,0xB79D,0x9F7C,0x8F5B,0x771A,0x56F9,0x46D9,
    0x3ED9,0x3ED9,0x3ED9,0x3ED9,0x3ED9,0x3ED9,0x3ED9,0x3ED9,0x3ED9,0x3ED9,0x3ED9,0x3ED9,
    0x3ED9,0x3ED9,0x3ED9,0x3ED9,0x3ED9,0x3ED9,0x3ED9,0x3ED9,0x3ED9,0x3ED9,0x3ED9,0x3ED9,
    0x3ED9,0x3ED9,0x3ED9,0x3ED9,0x3ED9,0x3ED9,0x3ED9,0x1B8D,0x09E8,0x09E8,0x09E8,0xF81F,
    0xF81F,0xF81F,0xF81F,0xF81F,0xF81F,0xF81F,0xF81F,0xF81F,0xF81F,0xF81F,0xF81F,0xF81F,
    0xF81F,0xF81F,0xF81F,0xF81F,0xF81F,0xF81F,0xF81F,0xF81F,0xF81F,0xF81F,0xF81F,0xF81F,
    0xF81F,0xF81F,0xF81F,0xF81F,0xF81F,0xF81F,0xF81F,0xF81F,0xF81F,0xF81F,0xF81F,0xF81F,
    0xF81F,0xF81F,0xF81F,0xF81F,0xF81F,0xF81F,0xF81F,0xF81F,0xF81F,0xF81F,0xF81F,0xF81F,
    0xF81F,0xF81F,0xF81F,0xF81F,0xF81F,0xF81F,0xF81F,0xF81F,0xF81F,0xF81F,0xF81F,0xF81F,
    0xF81F,0x09E8,0x09E8,0x09E8,0x3574,0x3ED9,0x3ED9,0x3ED9,0x3ED9,0x3ED9,0x3ED9,0x3ED9,
    0x3ED9,0x3ED9,0x3ED9,0x7F3B,0x8F5B,0x8F5B,0x8F5B,0x8F5B,0x8F5B,0x8F5B,0x8F5B,0x8F5B,
    0x8F5B,0x8F5B,0x8F5B,0x8F5B,0x8F5B,0x8F5B,0x8F5B,0x8F5B,0x8F5B,0x975C,0xAF7C,0xC7BD,
    0xDFDE,0xE7DE,0xE7DE,0xE7DE,0xE7DE,0xE7DE,0xDFDE,0xCFBE,0xCFBE,0xCFBE,0xCFBE,0xCFBE,
    0xCFBE,0xCFBE,0xCFBE,0xCFBE,0xCFBE,0xC7BD,0x9F7C,0x6F1A,0x46D9,0x3ED9,0x3ED9,0x3ED9,
    0x3ED9,0x3ED9,0x3ED9,0x3ED9,0x3ED9,0x3ED9,0x3ED9,0x3ED9,0x3ED9,0x3ED9,0x3ED9,0x3ED9,
    0x3ED9,0x3ED9,0x3ED9,0x3ED9,0x3ED9,0x3ED9,0x3ED9,0x3ED9,0x3ED9,0x3ED9,0x3ED9,0x3ED9,
    0x3ED9,0x3554,0x09E8,0x09E8,0x09E8,0xF81F,0xF81F,0xF81F,0xF81F,0xF81F,0xF81F,0xF81F,
    0xF81F,0xF81F,0xF81F,0xF81F,0xF81F,0xF81F,0xF81F,0xF81F,0xF81F,0xF81F,0xF81F,0xF81F,
    0xF81F,0xF81F,0xF81F,0xF81F,0xF81F,0xF81F,0xF81F,0xF81F,0xF81F,0xF81F,0xF81F,0xF81F,
    0xF81F,0xF81F,0xF81F,0xF81F,0xF81F,0xF81F,0xF81F,0xF81F,0xF81F,0xF81F,0xF81F,0xF81F,
    0xF81F,0xF81F,0xF81F,0xF81F,0xF81F,0xF81F,0xF81F,0xF81F,0xF81F,0xF81F,0xF81F,0xF81F,
    0xF81F,0xF81F,0xF81F,0xF81F,0xF81F,0xF81F,0xF81F,0x09E8,0x09E8,0x126A,0x3EB9,0x3ED9,
    0x3ED9,0x3ED9,0x3ED9,0x3ED9,0x3ED9,0x3ED9,0x3ED9,0x3ED9,0x3ED9,0x671A,0x8F5B,0x8F5B,
    0x8F5B,0x8F5B,0x8F5B,0x8F5B,0x8F5B,0x8F5B,0x8F5B,0x8F5B,0x8F5B,0x8F5B,0x8F5B,0x8F5B,
    0x8F5B,0x9F5C,0xC79D,0xDFDE,0xE7DE,0xE7DE,0xE7DE,0xE7DE,0xE7DE,0xE7DE,0xE7DE,0xE7DE,
    0xD7DE,0xCFBE,0xCFBE,0xCFBE,0xCFBE,0xCFBE,0xCFBE,0xCFBE,0xCFBE,0xCFBE,0xCFBE,0xCFBE,
    0xCFBE,0xCFBE,0xC7BD,0x975C,0x5EFA,0x3ED9,0x3ED9,0x3ED9,0x3ED9,0x3ED9,0x3ED9,0x3ED9,
    0x3ED9,0x3ED9,0x3ED9,0x3ED9,0x3ED9,0x3ED9,0x3ED9,0x3ED9,0x3ED9,0x3ED9,0x3ED9,0x3ED9,
    0x3ED9,0x3ED9,0x3ED9,0x3ED9,0x3ED9,0x3ED9,0x3ED9,0x3EB9,0x126A,0x09E8,0x09E8,0xF81F,
    0xF81F,0xF81F,0xF81F,0xF81F,0xF81F,0xF81F,0xF81F,0xF81F,0xF81F,0xF81F,0xF81F,0xF81F,
    0xF81F,0xF81F,0xF81F,0xF81F,0xF81F,0xF81F,0xF81F,0xF81F,0xF81F,0xF81F,0xF81F,0xF81F,
    0xF81F,0xF81F,0xF81F,0xF81F,0xF81F,0xF81F,0xF81F,0xF81F,0xF81F,0xF81F,0xF81F,0xF81F,
    0xF81F,0xF81F,0xF81F,0xF81F,0xF81F,0xF81F,0xF81F,0xF81F,0xF81F,0xF81F,0xF81F,0xF81F,
    0xF81F,0xF81F,0xF81F,0xF81F,0xF81F,0xF81F,0xF81F,0xF81F,0xF81F,0xF81F,0xF81F,0xF81F,
    0x09E8,0x09E8,0x09E8,0x2450,0x3ED9,0x3ED9,0x3ED9,0x3ED9,0x3ED9,0x3ED9,0x3ED9,0x3ED9,
    0x3ED9,0x3ED9,0x3ED9,0x46D9,0x8F3B,0x8F5B,0x8F5B,0x8F5B,0x8F5B,0x8F5B,0x8F5B,0x8F5B,
    0x8F5B,0x8F5B,0x8F5B,0x8F5B,0x8F5B,0xA77C,0xCFBE,0xE7DE,0xE7DE,0xE7DE,0xE7DE,0xE7DE,
    0xE7DE,0xE7DE,0xE7DE,0xE7DE,0xE7DE,0xDFDE,0xCFBE,0xCFBE,0xCFBE,0xCFBE,0xCFBE,0xCFBE,
    0xCFBE,0xCFBE,0xCFBE,0xCFBE,0xCFBE,0xCFBE,0xCFBE,0xCFBE,0xCFBE,0xCFBE,0xCFBE,0xAF9C,
    0x66FA,0x3ED9,0x3ED9,0x3ED9,0x3ED9,0x3ED9,0x3ED9,0x3ED9,0x3ED9,0x3ED9,0x3ED9,0x3ED9,
    0x3ED9,0x3ED9,0x3ED9,0x3ED9,0x3ED9,0x3ED9,0x3ED9,0x3ED9,0x3ED9,0x3ED9,0x3ED9,0x3ED9,
    0x3ED9,0x3ED9,0x2430,0x09E8,0x09E8,0x09E8,0xF81F,0xF81F,0xF81F,0xF81F,0xF81F,0xF81F,
    0xF81F,0xF81F,0xF81F,0xF81F,0xF81F,0xF81F,0xF81F,0xF81F,0xF81F,0xF81F,0xF81F,0xF81F,
    0xF81F,0xF81F,0xF81F,0xF81F,0xF81F,0xF81F,0xF81F,0xF81F,0xF81F,0xF81F,0xF81F,0xF81F,
    0xF81F,0xF81F,0xF81F,0xF81F,0xF81F,0xF81F,0xF81F,0xF81F,0xF81F,0xF81F,0xF81F,0xF81F,
    0xF81F,0xF81F,0xF81F,0xF81F,0xF81F,0xF81F,0xF81F,0xF81F,0xF81F,0xF81F,0xF81F,0xF81F,
    0xF81F,0xF81F,0xF81F,0xF81F,0xF81F,0xF81F,0x09E8,0x09E8,0x09E8,0x35B5,0x3ED9,0x3ED9,
    0x3ED9,0x3ED9,0x3ED9,0x3ED9,0x3ED9,0x3ED9,0x3ED9,0x3ED9,0x3ED9,0x3ED9,0x66FA,0x8F5B,
    0x8F5B,0x8F5B,0x8F5B,0x8F5B,0x8F5B,0x8F5B,0x8F5B,0x8F5B,0x8F5B,0x975C,0xCFBD,0xE7DE,
    0xE7DE,0xE7DE,0xE7DE,0xE7DE,0xE7DE,0xE7DE,0xE7DE,0xE7DE,0xE7DE,0xE7DE,0xE7DE,0xD7DE,
    0xCFBE,0xCFBE,0xCFBE,0xCFBE,0xCFBE,0xCFBE,0xCFBE,0xCFBE,0xCFBE,0xCFBE,0xCFBE,0xCFBE,
    0xCFBE,0xCFBE,0xCFBE,0xCFBE,0xCFBE,0xCFBE,0xCFBE,0xA77C,0x56F9,0x3ED9,0x3ED9,0x3ED9,
    0x3ED9,0x3ED9,0x3ED9,0x3ED9,0x3ED9,0x3ED9,0x3ED9,0x3ED9,0x3ED9,0x3ED9,0x3ED9,0x3ED9,
    0x3ED9,0x3ED9,0x3ED9,0x3ED9,0x3ED9,0x3ED9,0x3ED9,0x3ED9,0x3595,0x09E8,0x09E8,0x09E8,
    0xF81F,0xF81F,0xF81F,0xF81F,0xF81F,0xF81F,0xF81F,0xF81F,0xF81F,0xF81F,0xF81F,0xF81F,
    0xF81F,0xF81F,0xF81F,0xF81F,0xF81F,0xF81F,0xF81F,0xF81F,0xF81F,0xF81F,0xF81F,0xF81F,
    0xF81F,0xF81F,0xF81F,0xF81F,0xF81F,0xF81F,0xF81F,0xF81F,0xF81F,0xF81F,0xF81F,0xF81F,
    0xF81F,0xF81F,0xF81F,0xF81F,0xF81F,0xF81F,0xF81F,0xF81F,0xF81F,0xF81F,0xF81F,0xF81F,
    0xF81F,0xF81F,0xF81F,0xF81F,0xF81F,0xF81F,0xF81F,0xF81F,0xF81F,0xF81F,0xF81F,0xF81F,
    0x09E8,0x09E8,0x1229,0x3EB8,0x3ED9,0x3ED9,0x3ED9,0x3ED9,0x3ED9,0x3ED9,0x3ED9,0x3ED9,
    0x3ED9,0x3ED9,0x3ED9,0x3ED9,0x3ED9,0x771A,0x8F5B,0x8F5B,0x8F5B,0x8F5B,0x8F5B,0x8F5B,
    0x8F5B,0x8F5B,0xB79D,0xDFDE,0xE7DE,0xE7DE,0xE7DE,0xE7DE,0xE7DE,0xE7DE,0xE7DE,0xE7DE,
    0xE7DE,0xE7DE,0xE7DE,0xE7DE,0xDFDE,0xCFBE,0xCFBE,0xCFBE,0xCFBE,0xCFBE,0xCFBE,0xCFBE,
    0xCFBE,0xCFBE,0xCFBE,0xCFBE,0xCFBE,0xCFBE,0xCFBE,0xCFBE,0xCFBE,0xCFBE,0xCFBE,0xCFBE,
    0xCFBE,0xCFBE,0xC7BD,0x7F3B,0x46D9,0x3ED9,0x3ED9,0x3ED9,0x3ED9,0x3ED9,0x3ED9,0x3ED9,
    0x3ED9,0x3ED9,0x3ED9,0x3ED9,0x3ED9,0x3ED9,0x3ED9,0x3ED9,0x3ED9,0x3ED9,0x3ED9,0x3ED9,
    0x3ED9,0x3ED9,0x3EB8,0x1229,0x09E8,0x09E8,0xF81F,0xF81F,0xF81F,0xF81F,0xF81F,0xF81F,
    0xF81F,0xF81F,0xF81F,0xF81F,0xF81F,0xF81F,0xF81F,0xF81F,0xF81F,0xF81F,0xF81F,0xF81F,
    0xF81F,0xF81F,0xF81F,0xF81F,0xF81F,0xF81F,0xF81F,0xF81F,0xF81F,0xF81F,0xF81F,0xF81F,
    0xF81F,0xF81F,0xF81F,0xF81F,0xF81F,0xF81F,0xF81F,0xF81F,0xF81F,0xF81F,0xF81F,0xF81F,
    0xF81F,0xF81F,0xF81F,0xF81F,0xF81F,0xF81F,0xF81F,0xF81F,0xF81F,0xF81F,0xF81F,0xF81F,
    0xF81F,0xF81F,0xF81F,0xF81F,0xF81F,0xF81F,0x09E8,0x09E8,0x1B6D,0x3ED9,0x3ED9,0x3ED9,
    0x3ED9,0x3ED9,0x3ED9,0x3ED9,0x3ED9,0x3ED9,0x3ED9,0x3ED9,0x3ED9,0x3ED9,0x3ED9,0x3ED9,
    0x671A,0x8F5B,0x8F5B,0x8F5B,0x8F5B,0x8F5B,0x975C,0xCFBD,0xE7DE,0xE7DE,0xE7DE,0xE7DE,
    0xE7DE,0xE7DE,0xE7DE,0xE7DE,0xE7DE,0xE7DE,0xE7DE,0xE7DE,0xE7DE,0xD7DE,0xCFBE,0xCFBE,
    0xCFBE,0xCFBE,0xCFBE,0xCFBE,0xCFBE,0xCFBE,0xCFBE,0xCFBE,0xCFBE,0xCFBE,0xCFBE,0xCFBE,
    0xCFBE,0xCFBE,0xCFBE,0xCFBE,0xCFBE,0xCFBE,0xCFBE,0xCFBE,0xCFBE,0xCFBE,0xAF7C,0x4ED9,
    0x3ED9,0x3ED9,0x3ED9,0x3ED9,0x3ED9,0x3ED9,0x3ED9,0x3ED9,0x3ED9,0x3ED9,0x3ED9,0x3ED9,
    0x3ED9,0x3ED9,0x3ED9,0x3ED9,0x3ED9,0x3ED9,0x3ED9,0x3ED9,0x3ED9,0x1B6D,0x09E8,0x09E8,
    0xF81F,0xF81F,0xF81F,0xF81F,0xF81F,0xF81F,0xF81F,0xF81F,0xF81F,0xF81F,0xF81F,0xF81F,
    0xF81F,0xF81F,0xF81F,0xF81F,0xF81F,0xF81F,0xF81F,0xF81F,0xF81F,0xF81F,0xF81F,0xF81F,
    0xF81F,0xF81F,0xF81F,0xF81F,0xF81F,0xF81F,0xF81F,0xF81F,0xF81F,0xF81F,0xF81F,0xF81F,
    0xF81F,0xF81F,0xF81F,0xF81F,0xF81F,0xF81F,0xF81F,0xF81F,0xF81F,0xF81F,0xF81F,0xF81F,
    0xF81F,0xF81F,0xF81F,0xF81F,0xF81F,0xF81F,0xF81F,0xF81F,0xF81F,0xF81F,0xF81F,0x09E8,
    0x09E8,0x09E8,0x2CB2,0x3ED9,0x3ED9,0x3ED9,0x3ED9,0x3ED9,0x3ED9,0x3ED9,0x3ED9,0x3ED9,
    0x3ED9,0x3ED9,0x3ED9,0x3ED9,0x3ED9,0x3ED9,0x3ED9,0x56FA,0x873B,0x8F5B,0x8F5B,0x9F5C,
    0xD7BE,0xE7DE,0xE7DE,0xE7DE,0xE7DE,0xE7DE,0xE7DE,0xE7DE,0xE7DE,0xE7DE,0xE7DE,0xE7DE,
    0xE7DE,0xDFDE,0xD7BE,0xCFBE,0xCFBE,0xCFBE,0xCFBE,0xCFBE,0xCFBE,0xCFBE,0xCFBE,0xCFBE,
    0xCFBE,0xCFBE,0xCFBE,0xCFBE,0xCFBE,0xCFBE,0xCFBE,0xCFBE,0xCFBE,0xCFBE,0xCFBE,0xCFBE,
    0xCFBE,0xCFBE,0xCFBE,0xCFBE,0xCFBE,0xBF9D,0x5EFA,0x3ED9,0x3ED9,0x3ED9,0x3ED9,0x3ED9,
    0x3ED9,0x3ED9,0x3ED9,0x3ED9,0x3ED9,0x3ED9,0x3ED9,0x3ED9,0x3ED9,0x3ED9,0x3ED9,0x3ED9,
    0x3ED9,0x3ED9,0x3ED9,0x2CB1,0x09E8,0x09E8,0x09E8,0xF81F,0xF81F,0xF81F,0xF81F,0xF81F,
    0xF81F,0xF81F,0xF81F,0xF81F,0xF81F,0xF81F,0xF81F,0xF81F,0xF81F,0xF81F,0xF81F,0xF81F,
    0xF81F,0xF81F,0xF81F,0xF81F,0xF81F,0xF81F,0xF81F,0xF81F,0xF81F,0xF81F,0xF81F,0xF81F,
    0xF81F,0xF81F,0xF81F,0xF81F,0xF81F,0xF81F,0xF81F,0xF81F,0xF81F,0xF81F,0xF81F,0xF81F,
    0xF81F,0xF81F,0xF81F,0xF81F,0xF81F,0xF81F,0xF81F,0xF81F,0xF81F,0xF81F,0xF81F,0xF81F,
    0xF81F,0xF81F,0xF81F,0xF81F,0xF81F,0x09E8,0x09E8,0x09E8,0x3595,0x3ED9,0x3ED9,0x3ED9,
    0x3ED9,0x3ED9,0x3ED9,0x3ED9,0x3ED9,0x3ED9,0x3ED9,0x3ED9,0x3ED9,0x3ED9,0x3ED9,0x3ED9,
    0x3ED9,0x3ED9,0x46D9,0x5EFA,0x975C,0xDFDE,0xE7DE,0xE7DE,0xE7DE,0xE7DE,0xE7DE,0xE7DE,
    0xE7DE,0xE7DE,0xE7DE,0xE7DE,0xE7DE,0xDFDE,0xD7BE,0xCFBE,0xCFBE,0xCFBE,0xCFBE,0xCFBE,
    0xCFBE,0xCFBE,0xCFBE,0xCFBE,0xCFBE,0xCFBE,0xCFBE,0xCFBE,0xCFBE,0xCFBE,0xCFBE,0xCFBE,
    0xCFBE,0xCFBE,0xCFBE,0xCFBE,0xCFBE,0xCFBE,0xCFBE,0xCFBE,0xCFBE,0xCFBE,0xCFBE,0xCFBE,
    0xC7BD,0x5EFA,0x3ED9,0x3ED9,0x3ED9,0x3ED9,0x3ED9,0x3ED9,0x3ED9,0x3ED9,0x3ED9,0x3ED9,
    0x3ED9,0x3ED9,0x3ED9,0x3ED9,0x3ED9,0x3ED9,0x3ED9,0x3ED9,0x3ED9,0x3595,0x09E8,0x09E8,
    0x09E8,0xF81F,0xF81F,0xF81F,0xF81F,0xF81F,0xF81F,0xF81F,0xF81F,0xF81F,0xF81F,0xF81F,
    0xF81F,0xF81F,0xF81F,0xF81F,0xF81F,0xF81F,0xF81F,0xF81F,0xF81F,0xF81F,0xF81F,0xF81F,
    0xF81F,0xF81F,0xF81F,0xF81F,0xF81F,0xF81F,0xF81F,0xF81F,0xF81F,0xF81F,0xF81F,0xF81F,
    0xF81F,0xF81F,0xF81F,0xF81F,0xF81F,0xF81F,0xF81F,0xF81F,0xF81F,0xF81F,0xF81F,0xF81F,
    0xF81F,0xF81F,0xF81F,0xF81F,0xF81F,0xF81F,0xF81F,0xF81F,0xF81F,0xF81F,0xF81F,0x09E8,
    0x09E8,0x09E8,0x3E77,0x3ED9,0x3ED9,0x3ED9,0x3ED9,0x3ED9,0x3ED9,0x3ED9,0x3ED9,0x3ED9,
    0x3ED9,0x3ED9,0x3ED9,0x3ED9,0x3E57,0x238D,0x238D,0x3E16,0x3ED9,0x5EFA,0xC7BD,0xCFBE,
    0xD7DE,0xDFDE,0xDFDE,0xDFDE,0xDFDE,0xDFDE,0xDFDE,0xDFDE,0xDFDE,0xD7DE,0xB6FB,0x5BEF,
    0x5BEF,0xBF1B,0xCFBE,0xCFBE,0xCFBE,0xCFBE,0xCFBE,0xCFBE,0xCFBE,0xCFBE,0xCFBE,0xCFBE,
    0xCFBE,0xCFBE,0xCFBE,0xCFBE,0xBF1B,0x5BEF,0x5BEF,0xB6DA,0xCFBE,0xCFBE,0xCFBE,0xCFBE,
    0xCFBE,0xCFBE,0xCFBE,0xCFBE,0xCFBE,0xCFBE,0xCFBE,0xC7BD,0x5EFA,0x3ED9,0x3E16,0x238D,
    0x238D,0x3E57,0x3ED9,0x3ED9,0x3ED9,0x3ED9,0x3ED9,0x3ED9,0x3ED9,0x3ED9,0x3ED9,0x3ED9,
    0x3ED9,0x3ED9,0x3ED9,0x3E57,0x09E8,0x09E8,0x09E8,0xF81F,0xF81F,0xF81F,0xF81F,0xF81F,
    0xF81F,0xF81F,0xF81F,0xF81F,0xF81F,0xF81F,0xF81F,0xF81F,0xF81F,0xF81F,0xF81F,0xF81F,
    0xF81F,0xF81F,0xF81F,0xF81F,0xF81F,0xF81F,0xF81F,0xF81F,0xF81F,0xF81F,0xF81F,0xF81F,
    0xF81F,0xF81F,0xF81F,0xF81F,0xF81F,0xF81F,0xF81F,0xF81F,0xF81F,0xF81F,0xF81F,0xF81F,
    0xF81F,0xF81F,0xF81F,0xF81F,0xF81F,0xF81F,0xF81F,0xF81F,0xF81F,0xF81F,0xF81F,0xF81F,
    0xF81F,0xF81F,0xF81F,0xF81F,0xF81F,0x09E8,0x09E8,0x1249,0x3ED9,0x3ED9,0x3ED9,0x3ED9,
    0x3ED9,0x3ED9,0x3ED9,0x3ED9,0x3ED9,0x3ED9,0x3ED9,0x3ED9,0x3ED9,0x3ED9,0x238D,0x11A7,
    0x11A7,0x11C7,0x3CB1,0xBF9D,0xCFBE,0xCFBE,0xCFBE,0xCFBE,0xCFBE,0xCFBE,0xCFBE,0xCFBE,
    0xCFBE,0xCFBE,0xCFBD,0x7D34,0x19E8,0x11A7,0x11A7,0x5BEF,0xCFBE,0xCFBE,0xCFBE,0xCFBE,
    0xCFBE,0xCFBE,0xCFBE,0xCFBE,0xCFBE,0xCFBE,0xCFBE,0xCFBE,0xCFBE,0xCFBE,0x5BEF,0x11A7,
    0x11A7,0x19E8,0x7D34,0xCFBD,0xCFBE,0xCFBE,0xCFBE,0xCFBE,0xCFBE,0xCFBE,0xCFBE,0xCFBE,
    0xCFBE,0xCFBE,0xC79D,0x3CB2,0x11C7,0x11A7,0x11A7,0x238D,0x3ED9,0x3ED9,0x3ED9,0x3ED9,
    0x3ED9,0x3ED9,0x3ED9,0x3ED9,0x3ED9,0x3ED9,0x3ED9,0x3ED9,0x3ED9,0x3ED9,0x1249,0x09E8,
    0x09E8,0xF81F,0xF81F,0xF81F,0xF81F,0xF81F,0xF81F,0xF81F,0xF81F,0xF81F,0xF81F,0xF81F,
    0xF81F,0xF81F,0xF81F,0xF81F,0xF81F,0xF81F,0xF81F,0xF81F,0xF81F,0xF81F,0xF81F,0xF81F,
    0xF81F,0xF81F,0xF81F,0xF81F,0xF81F,0xF81F,0xF81F,0xF81F,0xF81F,0xF81F,0xF81F,0xF81F,
    0xF81F,0xF81F,0xF81F,0xF81F,0xF81F,0xF81F,0xF81F,0xF81F,0xF81F,0xF81F,0xF81F,0xF81F,
    0xF81F,0xF81F,0xF81F,0xF81F,0xF81F,0xF81F,0xF81F,0xF81F,0xF81F,0xF81F,0x09E8,0x09E8,
    0x09E8,0x1B0C,0x3ED9,0x3ED9,0x3ED9,0x3ED9,0x3ED9,0x3ED9,0x3ED9,0x3ED9,0x3ED9,0x3ED9,
    0x3ED9,0x3ED9,0x3ED9,0x3ED9,0x238D,0x11A7,0x11A7,0x11A7,0x11A7,0x3ACB,0x95D6,0xCFBD,
    0xCFBE,0xCFBE,0xCFBE,0xCFBE,0xCFBE,0xCFBE,0xCFBD,0x95D6,0x3ACB,0x11A7,0x11A7,0x11A7,
    0x11A7,0x5BEF,0xCFBE,0xCFBE,0xCFBE,0xCFBE,0xCFBE,0xCFBE,0xCFBE,0xCFBE,0xCFBE,0xCFBE,
    0xCFBE,0xCFBE,0xCFBE,0xCFBE,0x5BEF,0x11A7,0x11A7,0x11A7,0x11A7,0x3ACB,0x95D6,0xCFBD,
    0xCFBE,0xCFBE,0xCFBE,0xCFBE,0xCFBE,0xCFBE,0xCFBD,0x95D6,0x3ACB,0x11A7,0x11A7,0x11A7,
    0x11A7,0x238D,0x3ED9,0x3ED9,0x3ED9,0x3ED9,0x3ED9,0x3ED9,0x3ED9,0x3ED9,0x3ED9,0x3ED9,
    0x3ED9,0x3ED9,0x3ED9,0x3ED9,0x1AEC,0x09E8,0x09E8,0x09E8,0xF81F,0xF81F,0xF81F,0xF81F,
    0xF81F,0xF81F,0xF81F,0xF81F,0xF81F,0xF81F,0xF81F,0xF81F,0xF81F,0xF81F,0xF81F,0xF81F,
    0xF81F,0xF81F,0xF81F,0xF81F,0xF81F,0xF81F,0xF81F,0xF81F,0xF81F,0xF81F,0xF81F,0xF81F,
    0xF81F,0xF81F,0xF81F,0xF81F,0xF81F,0xF81F,0xF81F,0xF81F,0xF81F,0xF81F,0xF81F,0xF81F,
    0xF81F,0xF81F,0xF81F,0xF81F,0xF81F,0xF81F,0xF81F,0xF81F,0xF81F,0xF81F,0xF81F,0xF81F,
    0xF81F,0xF81F,0x09E8,0x09E8,0x09E8,0x09E8,0x09E8,0x1B6D,0x3ED9,0x3ED9,0x3ED9,0x3ED9,
    0x3ED9,0x3ED9,0x3ED9,0x3ED9,0x3ED9,0x3ED9,0x3ED9,0x3ED9,0x3ED9,0x3ED9,0x3E57,0x1ACB,
    0x11A7,0x11A7,0x11A7,0x11A7,0x11A7,0x2249,0x5C10,0x8554,0x95F7,0x95F7,0x8554,0x5C0F,
    0x2249,0x11A7,0x11A7,0x11A7,0x11A7,0x11A7,0x3B0C,0xBF1B,0xCFBE,0xCFBE,0xCFBE,0xCFBE,
    0xCFBE,0xCFBE,0xCFBE,0xCFBE,0xCFBE,0xCFBE,0xCFBE,0xCFBE,0xCFBE,0xCFBE,0xBF1B,0x3B0C,
    0x11A7,0x11A7,0x11A7,0x11A7,0x11A7,0x2249,0x5C10,0x8554,0x95F7,0x95F7,0x8554,0x5C0F,
    0x2249,0x11A7,0x11A7,0x11A7,0x11A7,0x11A7,0x1ACB,0x3E57,0x3ED9,0x3ED9,0x3ED9,0x3ED9,
    0x3ED9,0x3ED9,0x3ED9,0x3ED9,0x3ED9,0x3ED9,0x3ED9,0x3ED9,0x3ED9,0x3ED9,0x1B6D,0x09E8,
    0x09E8,0x09E8,0x09E8,0x09E8,0xF81F,0xF81F,0xF81F,0xF81F,0xF81F,0xF81F,0xF81F,0xF81F,
    0xF81F,0xF81F,0xF81F,0xF81F,0xF81F,0xF81F,0xF81F,0xF81F,0xF81F,0xF81F,0xF81F,0xF81F,
    0xF81F,0xF81F,0xF81F,0xF81F,0xF81F,0xF81F,0xF81F,0xF81F,0xF81F,0xF81F,0xF81F,0xF81F,
    0xF81F,0xF81F,0xF81F,0xF81F,0xF81F,0xF81F,0xF81F,0xF81F,0xF81F,0xF81F,0xF81F,0xF81F,
    0xF81F,0xF81F,0xF81F,0xF81F,0xF81F,0xF81F,0xF81F,0xF81F,0x09E8,0x09E8,0x1249,0x09E8,
    0x09E8,0x23AE,0x3ED9,0x3ED9,0x3ED9,0x3ED9,0x3ED9,0x3ED9,0x3ED9,0x3ED9,0x3ED9,0x3ED9,
    0x3ED9,0x3ED9,0x3ED9,0x3ED9,0x3ED9,0x3EB9,0x4CF2,0x19E7,0x11A7,0x11A7,0x11A7,0x11A7,
    0x11A7,0x11A7,0x11A7,0x11A7,0x11A7,0x11A7,0x11A7,0x11A7,0x11A7,0x11A7,0x19C7,0x74D3,
    0xCFBD,0xCFBE,0xCFBE,0xCFBE,0xCFBE,0xCFBE,0xCFBE,0xCFBE,0xCFBE,0xCFBE,0xCFBE,0xCFBE,
    0xCFBE,0xCFBE,0xCFBE,0xCFBE,0xCFBE,0xCFBD,0x8554,0x19E7,0x11A7,0x11A7,0x11A7,0x11A7,
    0x11A7,0x11A7,0x11A7,0x11A7,0x11A7,0x11A7,0x11A7,0x11A7,0x11A7,0x11A7,0x19C7,0x4491,
    0x3EB9,0x3ED9,0x3ED9,0x3ED9,0x3ED9,0x3ED9,0x3ED9,0x3ED9,0x3ED9,0x3ED9,0x3ED9,0x3ED9,
    0x3ED9,0x3ED9,0x3ED9,0x3ED9,0x23AE,0x09E8,0x09E8,0x1249,0x09E8,0x09E8,0xF81F,0xF81F,
    0xF81F,0xF81F,0xF81F,0xF81F,0xF81F,0xF81F,0xF81F,0xF81F,0xF81F,0xF81F,0xF81F,0xF81F,
    0xF81F,0xF81F,0xF81F,0xF81F,0xF81F,0xF81F,0xF81F,0xF81F,0xF81F,0xF81F,0xF81F,0xF81F,
    0xF81F,0xF81F,0xF81F,0xF81F,0xF81F,0xF81F,0xF81F,0xF81F,0xF81F,0xF81F,0xF81F,0xF81F,
    0xF81F,0xF81F,0xF81F,0xF81F,0xF81F,0xF81F,0xF81F,0xF81F,0xF81F,0xF81F,0xF81F,0xF81F,
    0xF81F,0x09E8,0x09E8,0x128A,0x2471,0x09E8,0x09E8,0x23EF,0x3ED9,0x3ED9,0x3ED9,0x3ED9,
    0x3ED9,0x3ED9,0x3ED9,0x3ED9,0x3ED9,0x3ED9,0x3ED9,0x3ED9,0x3ED9,0x3ED9,0x3ED9,0x46D9,
    0xBF9D,0xB6FB,0x6430,0x19C7,0x11A7,0x11A7,0x11A7,0x11A7,0x11A7,0x11A7,0x11A7,0x11A7,
    0x11A7,0x11A7,0x19C7,0x6430,0xB6FB,0xCFBE,0xCFBE,0xCFBE,0xCFBE,0xCFBE,0xCFBE,0xCFBE,
    0xCFBE,0xCFBE,0xCFBE,0xCFBE,0xCFBE,0xCFBE,0xCFBE,0xCFBE,0xCFBE,0xCFBE,0xCFBE,0xCFBE,
    0xCFBE,0xB6FB,0x6430,0x19C7,0x11A7,0x11A7,0x11A7,0x11A7,0x11A7,0x11A7,0x11A7,0x11A7,
    0x11A7,0x11A7,0x19C7,0x6430,0xB6FB,0xBF9D,0x46D9,0x3ED9,0x3ED9,0x3ED9,0x3ED9,0x3ED9,
    0x3ED9,0x3ED9,0x3ED9,0x3ED9,0x3ED9,0x3ED9,0x3ED9,0x3ED9,0x3ED9,0x3ED9,0x23EF,0x09E8,
    0x09E8,0x2C71,0x128A,0x09E8,0x09E8,0xF81F,0xF81F,0xF81F,0xF81F,0xF81F,0xF81F,0xF81F,
    0xF81F,0xF81F,0xF81F,0xF81F,0xF81F,0xF81F,0xF81F,0xF81F,0xF81F,0xF81F,0xF81F,0xF81F,
    0xF81F,0xF81F,0xF81F,0xF81F,0xF81F,0xF81F,0xF81F,0xF81F,0xF81F,0xF81F,0xF81F,0xF81F,
    0xF81F,0xF81F,0xF81F,0xF81F,0xF81F,0xF81F,0xF81F,0xF81F,0xF81F,0xF81F,0xF81F,0xF81F,
    0xF81F,0xF81F,0xF81F,0xF81F,0xF81F,0xF81F,0x09E8,0x09E8,0x09E8,0x3595,0x2C71,0x09E8,
    0x09E8,0x2430,0x3ED9,0x3ED9,0x3ED9,0x3ED9,0x3ED9,0x3ED9,0x3ED9,0x3ED9,0x3ED9,0x3ED9,
    0x3ED9,0x3ED9,0x3ED9,0x3ED9,0x3ED9,0x7F3B,0xCFBE,0xCFBE,0xCFBE,0xBF1B,0x7D14,0x434D,
    0x19C7,0x11A7,0x11A7,0x11A7,0x11A7,0x19C7,0x434D,0x7D14,0xBF1B,0xCFBE,0xCFBE,0xCFBE,
    0xCFBE,0xCFBE,0xCFBE,0xCFBE,0xCFBE,0xCFBE,0xCFBE,0xCFBE,0xCFBE,0xCFBE,0xCFBE,0xCFBE,
    0xCFBE,0xCFBE,0xCFBE,0xCFBE,0xCFBE,0xCFBE,0xCFBE,0xCFBE,0xCFBE,0xBF1B,0x7D14,0x434D,
    0x19C7,0x11A7,0x11A7,0x11A7,0x11A7,0x19C7,0x434D,0x7D14,0xBF1B,0xCFBE,0xCFBE,0xCFBE,
    0x7F3B,0x3ED9,0x3ED9,0x3ED9,0x3ED9,0x3ED9,0x3ED9,0x3ED9,0x3ED9,0x3ED9,0x3ED9,0x3ED9,
    0x3ED9,0x3ED9,0x3ED9,0x3ED9,0x2430,0x09E8,0x09E8,0x2C71,0x3594,0x09E8,0x09E8,0x09E8,
    0xF81F,0xF81F,0xF81F,0xF81F,0xF81F,0xF81F,0xF81F,0xF81F,0xF81F,0xF81F,0xF81F,0xF81F,
    0xF81F,0xF81F,0xF81F,0xF81F,0xF81F,0xF81F,0xF81F,0xF81F,0xF81F,0xF81F,0xF81F,0xF81F,
    0xF81F,0xF81F,0xF81F,0xF81F,0xF81F,0xF81F,0xF81F,0xF81F,0xF81F,0xF81F,0xF81F,0xF81F,
    0xF81F,0xF81F,0xF81F,0xF81F,0xF81F,0xF81F,0xF81F,0xF81F,0xF81F,0xF81F,0xF81F,0xF81F,
    0x09E8,0x09E8,0x1B2C,0x3ED9,0x2C71,0x09E8,0x09E8,0x2430,0x3ED9,0x3ED9,0x3ED9,0x3ED9,
    0x3ED9,0x3ED9,0x3ED9,0x3ED9,0x3ED9,0x3ED9,0x3ED9,0x3ED9,0x3ED9,0x3ED9,0x46D9,0xBF9D,
    0xCFBE,0xCFBE,0xCFBE,0xCFBE,0xCFBE,0xCFBE,0xCFBD,0xBF1B,0xA679,0xA679,0xBF1B,0xCFBD,
    0xCFBE,0xCFBE,0xCFBE,0xCFBE,0xCFBE,0xCFBE,0xCFBE,0xCFBE,0xCFBE,0xCFBE,0xCFBE,0xCFBE,
    0xCFBE,0xCFBE,0xCFBE,0xCFBE,0xCFBE,0xCFBE,0xCFBE,0xCFBE,0xCFBE,0xCFBE,0xCFBE,0xCFBE,
    0xCFBE,0xCFBE,0xCFBE,0xCFBE,0xCFBE,0xCFBE,0xCFBD,0xBF1B,0xA679,0xA679,0xBF1B,0xCFBD,
    0xCFBE,0xCFBE,0xCFBE,0xCFBE,0xCFBE,0xCFBE,0xBF9D,0x46D9,0x3ED9,0x3ED9,0x3ED9,0x3ED9,
    0x3ED9,0x3ED9,0x3ED9,0x3ED9,0x3ED9,0x3ED9,0x3ED9,0x3ED9,0x3ED9,0x3ED9,0x2430,0x09E8,
    0x09E8,0x2C71,0x3ED9,0x1B2C,0x09E8,0x09E8,0xF81F,0xF81F,0xF81F,0xF81F,0xF81F,0xF81F,
    0xF81F,0xF81F,0xF81F,0xF81F,0xF81F,0xF81F,0xF81F,0xF81F,0xF81F,0xF81F,0xF81F,0xF81F,
    0xF81F,0xF81F,0xF81F,0xF81F,0xF81F,0xF81F,0xF81F,0xF81F,0xF81F,0xF81F,0xF81F,0xF81F,
    0xF81F,0xF81F,0xF81F,0xF81F,0xF81F,0xF81F,0xF81F,0xF81F,0xF81F,0xF81F,0xF81F,0xF81F,
    0xF81F,0xF81F,0xF81F,0xF81F,0xF81F,0xF81F,0x09E8,0x09E8,0x2D13,0x3ED9,0x2CB2,0x09E8,
    0x09E8,0x23EF,0x3ED9,0x3ED9,0x3ED9,0x3ED9,0x3ED9,0x3ED9,0x3ED9,0x3ED9,0x3ED9,0x3ED9,
    0x3ED9,0x3ED9,0x3ED9,0x3ED9,0x6F1A,0xCFBE,0xCFBE,0xCFBE,0xCFBE,0xCFBE,0xCFBE,0xCFBE,
    0xCFBE,0xCFBE,0xCFBE,0xCFBE,0xCFBE,0xCFBE,0xCFBE,0xCFBE,0xCFBE,0xCFBE,0xCFBE,0xCFBE,
    0xCFBE,0xCFBE,0xCFBE,0xCFBE,0xCFBE,0xCFBE,0xCFBE,0xCFBE,0xCFBE,0xCFBE,0xCFBE,0xCFBE,
    0xCFBE,0xCFBE,0xCFBE,0xCFBE,0xCFBE,0xCFBE,0xCFBE,0xCFBE,0xCFBE,0xCFBE,0xCFBE,0xCFBE,
    0xCFBE,0xCFBE,0xCFBE,0xCFBE,0xCFBE,0xCFBE,0xCFBE,0xCFBE,0xCFBE,0xCFBE,0xCFBE,0xCFBE,
    0xCFBE,0x6F1A,0x3ED9,0x3ED9,0x3ED9,0x3ED9,0x3ED9,0x3ED9,0x3ED9,0x3ED9,0x3ED9,0x3ED9,
    0x3ED9,0x3ED9,0x3ED9,0x3ED9,0x23EF,0x09E8,0x09E8,0x2CB2,0x3ED9,0x2D13,0x09E8,0x09E8,
    0xF81F,0xF81F,0xF81F,0xF81F,0xF81F,0xF81F,0xF81F,0xF81F,0xF81F,0xF81F,0xF81F,0xF81F,
    0xF81F,0xF81F,0xF81F,0xF81F,0xF81F,0xF81F,0xF81F,0xF81F,0xF81F,0xF81F,0xF81F,0xF81F,
    0xF81F,0xF81F,0xF81F,0xF81F,0xF81F,0xF81F,0xF81F,0xF81F,0xF81F,0xF81F,0xF81F,0xF81F,
    0xF81F,0xF81F,0xF81F,0xF81F,0xF81F,0xF81F,0xF81F,0xF81F,0xF81F,0xF81F,0xF81F,0xF81F,
    0x09E8,0x09E8,0x3E37,0x3ED9,0x2CF2,0x09E8,0x09E8,0x23AE,0x3ED9,0x3ED9,0x3ED9,0x3ED9,
    0x3ED9,0x3ED9,0x3ED9,0x3ED9,0x3ED9,0x46B9,0x5E58,0x7E18,0x85F8,0x85F8,0xC69A,0xD73C,
    0xCFBD,0xCFBE,0xCFBE,0xCFBE,0xCFBE,0xCFBE,0xCFBE,0xCFBE,0xCFBE,0xCFBE,0xCFBE,0xCFBE,
    0xCFBE,0xCFBE,0xCFBE,0xCFBE,0xCFBE,0xCFBE,0xCFBE,0xCFBE,0xCFBE,0xCFBE,0xCFBE,0xCFBE,
    0xCFBE,0xCFBE,0xCFBE,0xCFBE,0xCFBE,0xCFBE,0xCFBE,0xCFBE,0xCFBE,0xCFBE,0xCFBE,0xCFBE,
    0xCFBE,0xCFBE,0xCFBE,0xCFBE,0xCFBE,0xCFBE,0xCFBE,0xCFBE,0xCFBE,0xCFBE,0xCFBE,0xCFBE,
    0xCFBE,0xCFBE,0xCFBE,0xCFBE,0xCFBE,0xCFBD,0xD73C,0xBE9A,0x85F8,0x85F8,0x7E18,0x5E58,
    0x46B9,0x3ED9,0x3ED9,0x3ED9,0x3ED9,0x3ED9,0x3ED9,0x3ED9,0x3ED9,0x3ED9,0x23AE,0x09E8,
    0x09E8,0x2CF3,0x3ED9,0x3E37,0x09E8,0x09E8,0xF81F,0xF81F,0xF81F,0xF81F,0xF81F,0xF81F,
    0xF81F,0xF81F,0xF81F,0xF81F,0xF81F,0xF81F,0xF81F,0xF81F,0xF81F,0xF81F,0xF81F,0xF81F,
    0xF81F,0xF81F,0xF81F,0xF81F,0xF81F,0xF81F,0xF81F,0xF81F,0xF81F,0xF81F,0xF81F,0xF81F,
    0xF81F,0xF81F,0xF81F,0xF81F,0xF81F,0xF81F,0xF81F,0xF81F,0xF81F,0xF81F,0xF81F,0xF81F,
    0xF81F,0xF81F,0xF81F,0xF81F,0xF81F,0x09E8,0x09E8,0x1249,0x3ED9,0x3ED9,0x3533,0x09E8,
    0x09E8,0x1B6D,0x3ED9,0x3ED9,0x3ED9,0x3ED9,0x3ED9,0x3ED9,0x3ED9,0x4EB9,0x95D8,0xCD17,
    0xDCF7,0xDCF7,0xDCF7,0xDCF7,0xF518,0xF518,0xF558,0xE65B,0xCF9D,0xCFBE,0xCFBE,0xCFBE,
    0xCFBE,0xCFBE,0xCFBE,0xCFBE,0xCFBE,0xCFBE,0xCFBE,0xCFBE,0xCFBE,0xCFBE,0xCFBE,0xCFBE,
    0xCFBE,0xCFBE,0xCFBE,0xCFBE,0xCFBE,0xCFBE,0xCFBE,0xCFBE,0xCFBE,0xCFBE,0xCFBE,0xCFBE,
    0xCFBE,0xCFBE,0xCFBE,0xCFBE,0xCFBE,0xCFBE,0xCFBE,0xCFBE,0xCFBE,0xCFBE,0xCFBE,0xCFBE,
    0xCFBE,0xCFBE,0xCFBE,0xCFBE,0xCFBE,0xCFBE,0xCFBE,0xCFBE,0xCFBE,0xCF9D,0xE65A,0xF558,
    0xF518,0xF518,0xDCF7,0xDCF7,0xDCF7,0xDCF7,0xCD17,0x95D8,0x4EB9,0x3ED9,0x3ED9,0x3ED9,
    0x3ED9,0x3ED9,0x3ED9,0x3ED9,0x1B6D,0x09E8,0x09E8,0x3554,0x3ED9,0x3ED9,0x1249,0x09E8,
    0x09E8,0xF81F,0xF81F,0xF81F,0xF81F,0xF81F,0xF81F,0xF81F,0xF81F,0xF81F,0xF81F,0xF81F,
    0xF81F,0xF81F,0xF81F,0xF81F,0xF81F,0xF81F,0xF81F,0xF81F,0xF81F,0xF81F,0xF81F,0xF81F,
    0xF81F,0xF81F,0xF81F,0xF81F,0xF81F,0xF81F,0xF81F,0xF81F,0xF81F,0xF81F,0xF81F,0xF81F,
    0xF81F,0xF81F,0xF81F,0xF81F,0xF81F,0xF81F,0xF81F,0xF81F,0xF81F,0xF81F,0xF81F,0x09E8,
    0x09E8,0x12AA,0x3ED9,0x3ED9,0x3594,0x09E8,0x09E8,0x1B0C,0x3ED9,0x3ED9,0x3ED9,0x3ED9,
    0x3ED9,0x3ED9,0x6658,0xCD17,0xDCF7,0xDCF7,0xDCF7,0xDCF7,0xDCF7,0xE4F7,0xF518,0xF518,
    0xF518,0xF518,0xF558,0xD73C,0xCFBE,0xCFBE,0xCFBE,0xCFBE,0xCFBE,0xCFBE,0xCFBE,0xCFBE,
    0xCFBE,0xCFBE,0xCFBE,0xCFBE,0xCFBE,0xCFBE,0xCFBE,0xCFBE,0xCFBE,0xCFBE,0xCFBE,0xCFBE,
    0xCFBE,0xCFBE,0xCFBE,0xCFBE,0xCFBE,0xCFBE,0xCFBE,0xCFBE,0xCFBE,0xCFBE,0xCFBE,0xCFBE,
    0xCFBE,0xCFBE,0xCFBE,0xCFBE,0xCFBE,0xCFBE,0xCFBE,0xCFBE,0xCFBE,0xCFBE,0xCFBE,0xCFBE,
    0xCFBE,0xCFBE,0xD73C,0xF578,0xF518,0xF518,0xF518,0xF518,0xE4F7,0xDCF7,0xDCF7,0xDCF7,
    0xDCF7,0xDCF7,0xCD17,0x6678,0x3ED9,0x3ED9,0x3ED9,0x3ED9,0x3ED9,0x3ED9,0x1AEC,0x09E8,
    0x09E8,0x3595,0x3ED9,0x3ED9,0x128A,0x09E8,0x09E8,0xF81F,0xF81F,0xF81F,0xF81F,0xF81F,
    0xF81F,0xF81F,0xF81F,0xF81F,0xF81F,0xF81F,0xF81F,0xF81F,0xF81F,0xF81F,0xF81F,0xF81F,
    0xF81F,0xF81F,0xF81F,0xF81F,0xF81F,0xF81F,0xF81F,0xF81F,0xF81F,0xF81F,0xF81F,0xF81F,
    0xF81F,0xF81F,0xF81F,0xF81F,0xF81F,0xF81F,0xF81F,0xF81F,0xF81F,0xF81F,0xF81F,0xF81F,
    0xF81F,0xF81F,0xF81F,0xF81F,0xF81F,0x09E8,0x09E8,0x1ACB,0x3ED9,0x3ED9,0x3E37,0x09E8,
    0x09E8,0x1249,0x3ED9,0x3ED9,0x3ED9,0x3ED9,0x3ED9,0x5698,0xD517,0xDCF7,0xDCF7,0xDCF7,
    0xDCF7,0xDCF7,0xDCF7,0xE517,0xF518,0xF518,0xF518,0xF518,0xF518,0xF558,0xD75D,0xCFBE,
    0xCFBE,0xCFBE,0xCFBE,0xCFBE,0xCFBE,0xCFBE,0xCFBE,0xCFBE,0xCFBE,0xCFBE,0xCFBE,0xCFBE,
    0xCFBE,0xCFBE,0xCFBE,0xCFBE,0xCFBE,0xCFBE,0xCFBE,0xCFBE,0xCFBE,0xCFBE,0xCFBE,0xCFBE,
    0xCFBE,0xCFBE,0xCFBE,0xCFBE,0xCFBE,0xCFBE,0xCFBE,0xCFBE,0xCFBE,0xCFBE,0xCFBE,0xCFBE,
    0xCFBE,0xCFBE,0xCFBE,0xCFBE,0xCFBE,0xCFBE,0xCFBE,0xD75D,0xF558,0xF518,0xF518,0xF518,
    0xF518,0xF518,0xE517,0xDCF7,0xDCF7,0xDCF7,0xDCF7,0xDCF7,0xDCF7,0xCD17,0x5678,0x3ED9,
    0x3ED9,0x3ED9,0x3ED9,0x3ED9,0x1249,0x09E8,0x09E8,0x3E57,0x3ED9,0x3ED9,0x1ACB,0x09E8,
    0x09E8,0xF81F,0xF81F,0xF81F,0xF81F,0xF81F,0xF81F,0xF81F,0xF81F,0xF81F,0xF81F,0xF81F,
    0xF81F,0xF81F,0xF81F,0xF81F,0xF81F,0xF81F,0xF81F,0xF81F,0xF81F,0xF81F,0xF81F,0xF81F,
    0xF81F,0xF81F,0xF81F,0xF81F,0xF81F,0xF81F,0xF81F,0xF81F,0xF81F,0xF81F,0xF81F,0xF81F,
    0xF81F,0xF81F,0xF81F,0xF81F,0xF81F,0xF81F,0xF81F,0xF81F,0xF81F,0xF81F,0xF81F,0x09E8,
    0x09E8,0x128A,0x3ED9,0x3ED9,0x3EB9,0x1229,0x09E8,0x09E8,0x3E77,0x3ED9,0x3ED9,0x3ED9,
    0x3ED9,0xA598,0xDCF7,0xDCF7,0xDCF7,0xDCF7,0xDCF7,0xDCF7,0xDCF7,0xED18,0xF518,0xF518,
    0xF518,0xF518,0xF518,0xF518,0xE61A,0xCFBE,0xCFBE,0xCFBE,0xCFBE,0xCFBE,0xCFBE,0xCFBE,
    0xCFBE,0xCFBE,0xCFBE,0xCFBE,0xCFBE,0xCFBE,0xCFBE,0xCFBE,0xCFBE,0xCFBE,0xCFBE,0xCFBE,
    0xCFBE,0xCFBE,0xCFBE,0xCFBE,0xCFBE,0xCFBE,0xCFBE,0xCFBE,0xCFBE,0xCFBE,0xCFBE,0xCFBE,
    0xCFBE,0xCFBE,0xCFBE,0xCFBE,0xCFBE,0xCFBE,0xCFBE,0xCFBE,0xCFBE,0xCFBE,0xCFBE,0xCFBE,
    0xCFBE,0xE61A,0xF518,0xF518,0xF518,0xF518,0xF518,0xF518,0xED18,0xDCF7,0xDCF7,0xDCF7,
    0xDCF7,0xDCF7,0xDCF7,0xDCF7,0xA597,0x3ED9,0x3ED9,0x3ED9,0x3ED9,0x3E57,0x09E8,0x09E8,
    0x1229,0x3ED9,0x3ED9,0x3ED9,0x126A,0x09E8,0x09E8,0xF81F,0xF81F,0xF81F,0xF81F,0xF81F,
    0xF81F,0xF81F,0xF81F,0xF81F,0xF81F,0xF81F,0xF81F,0xF81F,0xF81F,0xF81F,0xF81F,0xF81F,
    0xF81F,0xF81F,0xF81F,0xF81F,0xF81F,0xF81F,0xF81F,0xF81F,0xF81F,0xF81F,0xF81F,0xF81F,
    0xF81F,0xF81F,0xF81F,0xF81F,0xF81F,0xF81F,0xF81F,0xF81F,0xF81F,0xF81F,0xF81F,0xF81F,
    0xF81F,0xF81F,0xF81F,0xF81F,0xF81F,0x09E8,0x09E8,0x1208,0x3EB9,0x3ED9,0x3ED9,0x1AEB,
    0x09E8,0x09E8,0x3595,0x3ED9,0x3ED9,0x3ED9,0x3ED9,0xCD17,0xDCF7,0xDCF7,0xDCF7,0xDCF7,
    0xDCF7,0xDCF7,0xDCF7,0xF518,0xF518,0xF518,0xF518,0xF518,0xF518,0xF518,0xF558,0xCFBE,
    0xCFBE,0xCFBE,0xCFBE,0xCFBE,0xCFBE,0xCFBE,0xCFBE,0xCFBE,0xCFBE,0xCFBE,0xCFBE,0xCFBE,
    0xCFBE,0xCFBE,0xCFBE,0xCFBE,0xCFBE,0xCFBE,0xCFBE,0xCFBE,0xCFBE,0xCFBE,0xCFBE,0xCFBE,
    0xCFBE,0xCFBE,0xCFBE,0xCFBE,0xCFBE,0xCFBE,0xCFBE,0xCFBE,0xCFBE,0xCFBE,0xCFBE,0xCFBE,
    0xCFBE,0xCFBE,0xCFBE,0xCFBE,0xCFBE,0xCFBE,0xCFBE,0xF558,0xF518,0xF518,0xF518,0xF518,
    0xF518,0xF518,0xF518,0xDCF7,0xDCF7,0xDCF7,0xDCF7,0xDCF7,0xDCF7,0xDCF7,0xCD17,0x3ED9,
    0x3ED9,0x3ED9,0x3ED9,0x3595,0x09E8,0x09E8,0x1AEC,0x3ED9,0x3ED9,0x3EB9,0x1208,0x09E8,
    0x09E8,0xF81F,0xF81F,0xF81F,0xF81F,0xF81F,0xF81F,0xF81F,0xF81F,0xF81F,0xF81F,0xF81F,
    0xF81F,0xF81F,0xF81F,0xF81F,0xF81F,0xF81F,0xF81F,0xF81F,0xF81F,0xF81F,0xF81F,0xF81F,
    0xF81F,0xF81F,0xF81F,0xF81F,0xF81F,0xF81F,0xF81F,0xF81F,0xF81F,0xF81F,0xF81F,0xF81F,
    0xF81F,0xF81F,0xF81F,0xF81F,0xF81F,0xF81F,0xF81F,0xF81F,0xF81F,0xF81F,0xF81F,0xF81F,
    0x09E8,0x09E8,0x3616,0x3ED9,0x3ED9,0x23AE,0x09E8,0x09E8,0x2CB2,0x3ED9,0x3ED9,0x3ED9,
    0x3ED9,0xCD17,0xDCF7,0xDCF7,0xDCF7,0xDCF7,0xDCF7,0xDCF7,0xDCF7,0xF518,0xF518,0xF518,
    0xF518,0xF518,0xF518,0xF518,0xF558,0xCFBE,0xCFBE,0xCFBE,0xCFBE,0xCFBE,0xCFBE,0xCFBE,
    0xCFBE,0xCFBE,0xCFBE,0xCFBE,0xCFBE,0xCFBE,0xCFBE,0xCFBE,0xCFBE,0xCFBE,0xCFBE,0xCFBE,
    0xCFBE,0xCFBE,0xCFBE,0xCFBE,0xCFBE,0xCFBE,0xCFBE,0xCFBE,0xCFBE,0xCFBE,0xCFBE,0xCFBE,
    0xCFBE,0xCFBE,0xCFBE,0xCFBE,0xCFBE,0xCFBE,0xCFBE,0xCFBE,0xCFBE,0xCFBE,0xCFBE,0xCFBE,
    0xCFBE,0xF558,0xF518,0xF518,0xF518,0xF518,0xF518,0xF518,0xF518,0xDCF7,0xDCF7,0xDCF7,
    0xDCF7,0xDCF7,0xDCF7,0xDCF7,0xCD17,0x3ED9,0x3ED9,0x3ED9,0x3ED9,0x2CB1,0x09E8,0x09E8,
    0x23AE,0x3ED9,0x3ED9,0x35F6,0x09E8,0x09E8,0xF81F,0xF81F,0xF81F,0xF81F,0xF81F,0xF81F,
    0xF81F,0xF81F,0xF81F,0xF81F,0xF81F,0xF81F,0xF81F,0xF81F,0xF81F,0xF81F,0xF81F,0xF81F,
    0xF81F,0xF81F,0xF81F,0xF81F,0xF81F,0xF81F,0xF81F,0xF81F,0xF81F,0xF81F,0xF81F,0xF81F,
    0xF81F,0xF81F,0xF81F,0xF81F,0xF81F,0xF81F,0xF81F,0xF81F,0xF81F,0xF81F,0xF81F,0xF81F,
    0xF81F,0xF81F,0xF81F,0xF81F,0xF81F,0xF81F,0x09E8,0x09E8,0x2CD2,0x3ED9,0x3ED9,0x2CB2,
    0x09E8,0x09E8,0x1B6D,0x3ED9,0x3ED9,0x3ED9,0x3ED9,0xA597,0xDCF7,0xDCF7,0xDCF7,0xDCF7,
    0xDCF7,0xDCF7,0xDCF7,0xF518,0xF518,0xF518,0xF518,0xF518,0xF518,0xF518,0xE61A,0xCFBE,
    0xCFBE,0xCFBE,0xCFBE,0xCFBE,0xCFBE,0xCFBE,0xCFBE,0xCFBE,0xCFBE,0xCFBE,0xCFBE,0xCFBE,
    0xCFBE,0xCFBE,0xCFBE,0xCFBE,0xCFBE,0xCFBE,0xCFBE,0xCFBE,0xCFBE,0xCFBE,0xCFBE,0xCFBE,
    0xCFBE,0xCFBE,0xCFBE,0xCFBE,0xCFBE,0xCFBE,0xCFBE,0xCFBE,0xCFBE,0xCFBE,0xCFBE,0xCFBE,
    0xCFBE,0xCFBE,0xCFBE,0xCFBE,0xCFBE,0xCFBE,0xCFBE,0xE61A,0xF518,0xF518,0xF518,0xF518,
    0xF518,0xF518,0xF518,0xDCF7,0xDCF7,0xDCF7,0xDCF7,0xDCF7,0xDCF7,0xDCF7,0xA597,0x3ED9,
    0x3ED9,0x3ED9,0x3ED9,0x1B6D,0x09E8,0x09E8,0x2CD2,0x3ED9,0x3ED9,0x2CD2,0x09E8,0x09E8,
    0xF81F,0xF81F,0xF81F,0xF81F,0xF81F,0xF81F,0xF81F,0xF81F,0xF81F,0xF81F,0xF81F,0xF81F,
    0xF81F,0xF81F,0xF81F,0xF81F,0xF81F,0xF81F,0xF81F,0xF81F,0xF81F,0xF81F,0xF81F,0xF81F,
    0xF81F,0xF81F,0xF81F,0xF81F,0xF81F,0xF81F,0xF81F,0xF81F,0xF81F,0xF81F,0xF81F,0xF81F,
    0xF81F,0xF81F,0xF81F,0xF81F,0xF81F,0xF81F,0xF81F,0xF81F,0xF81F,0xF81F,0xF81F,0xF81F,
    0x09E8,0x09E8,0x1B6D,0x3ED9,0x3ED9,0x3E16,0x09E8,0x09E8,0x1229,0x3EB8,0x3ED9,0x3ED9,
    0x3ED9,0x5698,0xD517,0xDCF7,0xDCF7,0xDCF7,0xDCF7,0xDCF7,0xDCF7,0xF518,0xF518,0xF518,
    0xF518,0xF518,0xF518,0xF558,0xD75D,0xCFBE,0xCFBE,0xCFBE,0xCFBE,0xCFBE,0xCFBE,0xCFBE,
    0xCFBE,0xCFBE,0xCFBE,0xCFBE,0xCFBE,0xCFBE,0xCFBE,0xCFBE,0xCFBE,0xCFBE,0xCFBE,0xC79D,
    0x7D14,0x3AEC,0x19E8,0x19E8,0x3AEC,0x7D14,0xC79D,0xCFBE,0xCFBE,0xCFBE,0xCFBE,0xCFBE,
    0xCFBE,0xCFBE,0xCFBE,0xCFBE,0xCFBE,0xCFBE,0xCFBE,0xCFBE,0xCFBE,0xCFBE,0xCFBE,0xCFBE,
    0xCFBE,0xD75D,0xF558,0xF518,0xF518,0xF518,0xF518,0xF518,0xF518,0xDCF7,0xDCF7,0xDCF7,
    0xDCF7,0xDCF7,0xDCF7,0xCD17,0x5698,0x3ED9,0x3ED9,0x3ED9,0x3EB8,0x1229,0x09E8,0x09E8,
    0x3E16,0x3ED9,0x3ED9,0x1B6D,0x09E8,0x09E8,0xF81F,0xF81F,0xF81F,0xF81F,0xF81F,0xF81F,
    0xF81F,0xF81F,0xF81F,0xF81F,0xF81F,0xF81F,0xF81F,0xF81F,0xF81F,0xF81F,0xF81F,0xF81F,
    0xF81F,0xF81F,0xF81F,0xF81F,0xF81F,0xF81F,0xF81F,0xF81F,0xF81F,0xF81F,0xF81F,0xF81F,
    0xF81F,0xF81F,0xF81F,0xF81F,0xF81F,0xF81F,0xF81F,0xF81F,0xF81F,0xF81F,0xF81F,0xF81F,
    0xF81F,0xF81F,0xF81F,0xF81F,0xF81F,0xF81F,0x09E8,0x09E8,0x1208,0x3E57,0x3ED9,0x3ED9,
    0x128A,0x09E8,0x09E8,0x35B5,0x3ED9,0x3ED9,0x3ED9,0x3ED9,0x6678,0xCD17,0xDCF7,0xDCF7,
    0xDCF7,0xDCF7,0xDCF7,0xF518,0xF518,0xF518,0xF518,0xF518,0xF558,0xD73C,0xCFBE,0xCFBE,
    0xCFBE,0xCFBE,0xCFBE,0xCFBE,0xCFBE,0xCFBE,0xCFBE,0xCFBE,0xCFBE,0xCFBE,0xCFBE,0xCFBE,
    0xCFBE,0xCFBE,0xCFBE,0xCFBE,0xBF1B,0x32AB,0x11A7,0x11A7,0x11A7,0x11A7,0x11A7,0x11A7,
    0x32CB,0xBF1B,0xCFBE,0xCFBE,0xCFBE,0xCFBE,0xCFBE,0xCFBE,0xCFBE,0xCFBE,0xCFBE,0xCFBE,
    0xCFBE,0xCFBE,0xCFBE,0xCFBE,0xCFBE,0xCFBE,0xCFBE,0xCFBE,0xD73C,0xF558,0xF518,0xF518,
    0xF518,0xF518,0xF518,0xDCF7,0xDCF7,0xDCF7,0xDCF7,0xDCF7,0xCD17,0x5E78,0x3ED9,0x3ED9,
    0x3ED9,0x3ED9,0x3595,0x09E8,0x09E8,0x128A,0x3ED9,0x3ED9,0x3E57,0x1208,0x09E8,0x09E8,
    0xF81F,0xF81F,0xF81F,0xF81F,0xF81F,0xF81F,0xF81F,0xF81F,0xF81F,0xF81F,0xF81F,0xF81F,
    0xF81F,0xF81F,0xF81F,0xF81F,0xF81F,0xF81F,0xF81F,0xF81F,0xF81F,0xF81F,0xF81F,0xF81F,
    0xF81F,0xF81F,0xF81F,0xF81F,0xF81F,0xF81F,0xF81F,0xF81F,0xF81F,0xF81F,0xF81F,0xF81F,
    0xF81F,0xF81F,0xF81F,0xF81F,0xF81F,0xF81F,0xF81F,0xF81F,0xF81F,0xF81F,0xF81F,0xF81F,
    0xF81F,0x09E8,0x09E8,0x2470,0x3ED9,0x3ED9,0x23CF,0x09E8,0x09E8,0x2430,0x3ED9,0x3ED9,
    0x3ED9,0x3ED9,0x3ED9,0x4EB9,0x8DD8,0xCD17,0xDCF7,0xDCF7,0xDCF7,0xF518,0xF518,0xF518,
    0xF558,0xE67B,0xCF9D,0xCFBE,0xCFBE,0xCFBE,0xCFBE,0xCFBE,0xCFBE,0xCFBE,0xCFBE,0xCFBE,
    0xCFBE,0xCFBE,0xCFBE,0xCFBE,0xCFBE,0xCFBE,0xCFBE,0xCFBE,0xCFBE,0xC79D,0x32AB,0x11A7,
    0x11A7,0x11A7,0x11A7,0x11A7,0x11A7,0x11A7,0x11A7,0x32CB,0xC79D,0xCFBE,0xCFBE,0xCFBE,
    0xCFBE,0xCFBE,0xCFBE,0xCFBE,0xCFBE,0xCFBE,0xCFBE,0xCFBE,0xCFBE,0xCFBE,0xCFBE,0xCFBE,
    0xCFBE,0xCFBE,0xCFBE,0xCF9D,0xE65A,0xF558,0xF518,0xF518,0xF518,0xDCF7,0xDCF7,0xDCF7,
    0xCD17,0x8DD8,0x46B9,0x3ED9,0x3ED9,0x3ED9,0x3ED9,0x3ED9,0x2430,0x09E8,0x09E8,0x23CF,
    0x3ED9,0x3ED9,0x2450,0x09E8,0x09E8,0xF81F,0xF81F,0xF81F,0xF81F,0xF81F,0xF81F,0xF81F,
    0xF81F,0xF81F,0xF81F,0xF81F,0xF81F,0xF81F,0xF81F,0xF81F,0xF81F,0xF81F,0xF81F,0xF81F,
    0xF81F,0xF81F,0xF81F,0xF81F,0xF81F,0xF81F,0xF81F,0xF81F,0xF81F,0xF81F,0xF81F,0xF81F,
    0xF81F,0xF81F,0xF81F,0xF81F,0xF81F,0xF81F,0xF81F,0xF81F,0xF81F,0xF81F,0xF81F,0xF81F,
    0xF81F,0xF81F,0xF81F,0xF81F,0xF81F,0xF81F,0xF81F,0x09E8,0x09E8,0x1229,0x3E57,0x3ED9,
    0x3554,0x09E8,0x09E8,0x126A,0x3EB9,0x3ED9,0x3ED9,0x3ED9,0x3ED9,0x3ED9,0x3ED9,0x46D9,
    0x5E78,0x7E18,0x85F8,0xC65A,0xDEBB,0xD73C,0xCFBE,0xCFBE,0xCFBE,0xCFBE,0xCFBE,0xCFBE,
    0xCFBE,0xCFBE,0xCFBE,0xCFBE,0xCFBE,0xCFBE,0xCFBE,0xCFBE,0xCFBE,0xCFBE,0xCFBE,0xCFBE,
    0xCFBE,0xCFBE,0xCFBE,0x7D14,0x11A7,0x11A7,0x11A7,0x11A7,0x11A7,0x11A7,0x11A7,0x11A7,
    0x11A7,0x11A7,0x7D34,0xCFBE,0xCFBE,0xCFBE,0xCFBE,0xCFBE,0xCFBE,0xCFBE,0xCFBE,0xCFBE,
    0xCFBE,0xCFBE,0xCFBE,0xCFBE,0xCFBE,0xCFBE,0xCFBE,0xCFBE,0xCFBE,0xCFBE,0xCFBE,0xCFBE,
    0xD73C,0xDEBB,0xC65A,0x85F8,0x7E18,0x5E78,0x46D9,0x3ED9,0x3ED9,0x3ED9,0x3ED9,0x3ED9,
    0x3ED9,0x3EB9,0x126A,0x09E8,0x09E8,0x3554,0x3ED9,0x3E57,0x1229,0x09E8,0x09E8,0xF81F,
    0xF81F,0xF81F,0xF81F,0xF81F,0xF81F,0xF81F,0xF81F,0xF81F,0xF81F,0xF81F,0xF81F,0xF81F,
    0xF81F,0xF81F,0xF81F,0xF81F,0xF81F,0xF81F,0xF81F,0xF81F,0xF81F,0xF81F,0xF81F,0xF81F,
    0xF81F,0xF81F,0xF81F,0xF81F,0xF81F,0xF81F,0xF81F,0xF81F,0xF81F,0xF81F,0xF81F,0xF81F,
    0xF81F,0xF81F,0xF81F,0xF81F,0xF81F,0xF81F,0xF81F,0xF81F,0xF81F,0xF81F,0xF81F,0xF81F,
    0xF81F,0xF81F,0x09E8,0x09E8,0x23AE,0x3ED9,0x3EB8,0x124A,0x09E8,0x09E8,0x3574,0x3ED9,
    0x3ED9,0x3ED9,0x3ED9,0x3ED9,0x3ED9,0x3ED9,0x3ED9,0x3ED9,0x3ED9,0x8F3B,0xCFBE,0xCFBE,
    0xCFBE,0xCFBE,0xCFBE,0xCFBE,0xCFBE,0xCFBE,0xCFBE,0xCFBE,0xCFBE,0xCFBE,0xCFBE,0xCFBE,
    0xCFBE,0xCFBE,0xCFBE,0xCFBE,0xCFBE,0xCFBE,0xCFBE,0xCFBE,0xCFBE,0x3AEB,0x11A7,0x11A7,
    0x11A7,0x11A7,0x11A7,0x11A7,0x11A7,0x11A7,0x11A7,0x11A7,0x3AEC,0xCFBE,0xCFBE,0xCFBE,
    0xCFBE,0xCFBE,0xCFBE,0xCFBE,0xCFBE,0xCFBE,0xCFBE,0xCFBE,0xCFBE,0xCFBE,0xCFBE,0xCFBE,
    0xCFBE,0xCFBE,0xCFBE,0xCFBE,0xCFBE,0xCFBE,0xCFBE,0xCFBE,0x8F5B,0x3ED9,0x3ED9,0x3ED9,
    0x3ED9,0x3ED9,0x3ED9,0x3ED9,0x3ED9,0x3ED9,0x3ED9,0x3554,0x09E8,0x09E8,0x124A,0x3EB8,
    0x3ED9,0x23AE,0x09E8,0x09E8,0xF81F,0xF81F,0xF81F,0xF81F,0xF81F,0xF81F,0xF81F,0xF81F,
    0xF81F,0xF81F,0xF81F,0xF81F,0xF81F,0xF81F,0xF81F,0xF81F,0xF81F,0xF81F,0xF81F,0xF81F,
    0xF81F,0xF81F,0xF81F,0xF81F,0xF81F,0xF81F,0xF81F,0xF81F,0xF81F,0xF81F,0xF81F,0xF81F,
    0xF81F,0xF81F,0xF81F,0xF81F,0xF81F,0xF81F,0xF81F,0xF81F,0xF81F,0xF81F,0xF81F,0xF81F,
    0xF81F,0xF81F,0xF81F,0xF81F,0xF81F,0xF81F,0xF81F,0xF81F,0x09E8,0x09E8,0x09E8,0x2CF2,
    0x3ED9,0x2410,0x09E8,0x09E8,0x1B8E,0x3ED9,0x3ED9,0x3ED9,0x3ED9,0x3ED9,0x3ED9,0x3ED9,
    0x3ED9,0x3ED9,0x3ED9,0x6F1A,0xCFBE,0xCFBE,0xCFBE,0xCFBE,0xCFBE,0xCFBE,0xCFBE,0xCFBE,
    0xCFBE,0xCFBE,0xCFBE,0xCFBE,0xCFBE,0xCFBE,0xCFBE,0xCFBE,0xCFBE,0xCFBE,0xCFBE,0xCFBE,
    0xCFBE,0xCFBE,0xCFBE,0x19E8,0x11A7,0x11A7,0x11A7,0x11A7,0x11A7,0x11A7,0x11A7,0x11A7,
    0x11A7,0x11A7,0x19E8,0xCFBE,0xCFBE,0xCFBE,0xCFBE,0xCFBE,0xCFBE,0xCFBE,0xCFBE,0xCFBE,
    0xCFBE,0xCFBE,0xCFBE,0xCFBE,0xCFBE,0xCFBE,0xCFBE,0xCFBE,0xCFBE,0xCFBE,0xCFBE,0xCFBE,
    0xCFBE,0xCFBE,0x6F1A,0x3ED9,0x3ED9,0x3ED9,0x3ED9,0x3ED9,0x3ED9,0x3ED9,0x3ED9,0x3ED9,
    0x3ED9,0x1B8D,0x09E8,0x09E8,0x2430,0x3ED9,0x2CF2,0x09E8,0x09E8,0x09E8,0xF81F,0xF81F,
    0xF81F,0xF81F,0xF81F,0xF81F,0xF81F,0xF81F,0xF81F,0xF81F,0xF81F,0xF81F,0xF81F,0xF81F,
    0xF81F,0xF81F,0xF81F,0xF81F,0xF81F,0xF81F,0xF81F,0xF81F,0xF81F,0xF81F,0xF81F,0xF81F,
    0xF81F,0xF81F,0xF81F,0xF81F,0xF81F,0xF81F,0xF81F,0xF81F,0xF81F,0xF81F,0xF81F,0xF81F,
    0xF81F,0xF81F,0xF81F,0xF81F,0xF81F,0xF81F,0xF81F,0xF81F,0xF81F,0xF81F,0xF81F,0xF81F,
    0xF81F,0xF81F,0xF81F,0x09E8,0x09E8,0x1208,0x3574,0x35F6,0x09E8,0x09E8,0x1208,0x3E37,
    0x3ED9,0x3ED9,0x3ED9,0x3ED9,0x3ED9,0x3ED9,0x3ED9,0x3ED9,0x3ED9,0x46D9,0xCFBD,0xCFBE,
    0xCFBE,0xCFBE,0xCFBE,0xCFBE,0xCFBE,0xCFBE,0xCFBE,0xCFBE,0xCFBE,0xCFBE,0xCFBE,0xCFBE,
    0xCFBE,0xCFBE,0xCFBE,0xCFBE,0xCFBE,0xCFBE,0xCFBE,0xCFBE,0xCFBE,0x19E8,0x11A7,0x11A7,
    0x11A7,0x11A7,0x11A7,0x11A7,0x11A7,0x11A7,0x11A7,0x11A7,0x19E8,0xCFBE,0xCFBE,0xCFBE,
    0xCFBE,0xCFBE,0xCFBE,0xCFBE,0xCFBE,0xCFBE,0xCFBE,0xCFBE,0xCFBE,0xCFBE,0xCFBE,0xCFBE,
    0xCFBE,0xCFBE,0xCFBE,0xCFBE,0xCFBE,0xCFBE,0xCFBE,0xC7BD,0x46D9,0x3ED9,0x3ED9,0x3ED9,
    0x3ED9,0x3ED9,0x3ED9,0x3ED9,0x3ED9,0x3ED9,0x3E37,0x1208,0x09E8,0x09E8,0x3616,0x3574,
    0x1208,0x09E8,0x09E8,0xF81F,0xF81F,0xF81F,0xF81F,0xF81F,0xF81F,0xF81F,0xF81F,0xF81F,
    0xF81F,0xF81F,0xF81F,0xF81F,0xF81F,0xF81F,0xF81F,0xF81F,0xF81F,0xF81F,0xF81F,0xF81F,
    0xF81F,0xF81F,0xF81F,0xF81F,0xF81F,0xF81F,0xF81F,0xF81F,0xF81F,0xF81F,0xF81F,0xF81F,
    0xF81F,0xF81F,0xF81F,0xF81F,0xF81F,0xF81F,0xF81F,0xF81F,0xF81F,0xF81F,0xF81F,0xF81F,
    0xF81F,0xF81F,0xF81F,0xF81F,0xF81F,0xF81F,0xF81F,0xF81F,0xF81F,0xF81F,0x09E8,0x09E8,
    0x1208,0x2D13,0x1B0C,0x09E8,0x09E8,0x23EF,0x3ED9,0x3ED9,0x3ED9,0x3ED9,0x3ED9,0x3ED9,
    0x3ED9,0x3ED9,0x3ED9,0x3ED9,0xA77C,0xCFBE,0xCFBE,0xCFBE,0xCFBE,0xCFBE,0xCFBE,0xCFBE,
    0xCFBE,0xCFBE,0xCFBE,0xCFBE,0xCFBE,0xCFBE,0xCFBE,0xCFBE,0xCFBE,0xCFBE,0xCFBE,0xCFBE,
    0xCFBE,0xCFBE,0xCFBE,0x3AEB,0x11A7,0x11A7,0x11A7,0x11A7,0x11A7,0x11A7,0x11A7,0x11A7,
    0x11A7,0x11A7,0x3AEC,0xCFBE,0xCFBE,0xCFBE,0xCFBE,0xCFBE,0xCFBE,0xCFBE,0xCFBE,0xCFBE,
    0xCFBE,0xCFBE,0xCFBE,0xCFBE,0xCFBE,0xCFBE,0xCFBE,0xCFBE,0xCFBE,0xCFBE,0xCFBE,0xCFBE,
    0xCFBE,0xA77C,0x3ED9,0x3ED9,0x3ED9,0x3ED9,0x3ED9,0x3ED9,0x3ED9,0x3ED9,0x3ED9,0x3ED9,
    0x23CF,0x09E8,0x09E8,0x1B2C,0x2CF3,0x1208,0x09E8,0x09E8,0xF81F,0xF81F,0xF81F,0xF81F,
    0xF81F,0xF81F,0xF81F,0xF81F,0xF81F,0xF81F,0xF81F,0xF81F,0xF81F,0xF81F,0xF81F,0xF81F,
    0xF81F,0xF81F,0xF81F,0xF81F,0xF81F,0xF81F,0xF81F,0xF81F,0xF81F,0xF81F,0xF81F,0xF81F,
    0xF81F,0xF81F,0xF81F,0xF81F,0xF81F,0xF81F,0xF81F,0xF81F,0xF81F,0xF81F,0xF81F,0xF81F,
    0xF81F,0xF81F,0xF81F,0xF81F,0xF81F,0xF81F,0xF81F,0xF81F,0xF81F,0xF81F,0xF81F,0xF81F,
    0xF81F,0xF81F,0xF81F,0xF81F,0xF81F,0x09E8,0x09E8,0x09E8,0x1B0C,0x09E8,0x09E8,0x1208,
    0x3E37,0x3ED9,0x3ED9,0x3ED9,0x3ED9,0x3ED9,0x3ED9,0x3ED9,0x3ED9,0x3ED9,0x6F1A,0xCFBE,
    0xCFBE,0xCFBE,0xCFBE,0xCFBE,0xCFBE,0xCFBE,0xCFBE,0xCFBE,0xCFBE,0xCFBE,0xCFBE,0xCFBE,
    0xCFBE,0xCFBE,0xCFBE,0xCFBE,0xCFBE,0xCFBE,0xCFBE,0xCFBE,0xCFBE,0x7D14,0x11A7,0x11A7,
    0x11A7,0x11A7,0x11A7,0x11A7,0x11A7,0x11A7,0x11A7,0x11A7,0x7D34,0xCFBE,0xCFBE,0xCFBE,
    0xCFBE,0xCFBE,0xCFBE,0xCFBE,0xCFBE,0xCFBE,0xCFBE,0xCFBE,0xCFBE,0xCFBE,0xCFBE,0xCFBE,
    0xCFBE,0xCFBE,0xCFBE,0xCFBE,0xCFBE,0xCFBE,0xCFBE,0x6F1A,0x3ED9,0x3ED9,0x3ED9,0x3ED9,
    0x3ED9,0x3ED9,0x3ED9,0x3ED9,0x3ED9,0x3E37,0x1208,0x09E8,0x09E8,0x1B0C,0x09E8,0x09E8,
    0x09E8,0xF81F,0xF81F,0xF81F,0xF81F,0xF81F,0xF81F,0xF81F,0xF81F,0xF81F,0xF81F,0xF81F,
    0xF81F,0xF81F,0xF81F,0xF81F,0xF81F,0xF81F,0xF81F,0xF81F,0xF81F,0xF81F,0xF81F,0xF81F,
    0xF81F,0xF81F,0xF81F,0xF81F,0xF81F,0xF81F,0xF81F,0xF81F,0xF81F,0xF81F,0xF81F,0xF81F,
    0xF81F,0xF81F,0xF81F,0xF81F,0xF81F,0xF81F,0xF81F,0xF81F,0xF81F,0xF81F,0xF81F,0xF81F,
    0xF81F,0xF81F,0xF81F,0xF81F,0xF81F,0xF81F,0xF81F,0xF81F,0xF81F,0xF81F,0xF81F,0xF81F,
    0x09E8,0x09E8,0x09E8,0x09E8,0x09E8,0x09E8,0x23CF,0x3ED9,0x3ED9,0x3ED9,0x3ED9,0x3ED9,
    0x3ED9,0x3ED9,0x3ED9,0x3ED9,0x46D9,0xBFBD,0xCFBE,0xCFBE,0xCFBE,0xCFBE,0xCFBE,0xCFBE,
    0xCFBE,0xCFBE,0xCFBE,0xCFBE,0xCFBE,0xCFBE,0xCFBE,0xCFBE,0xCFBE,0xCFBE,0xCFBE,0xCFBE,
    0xCFBE,0xCFBE,0xCFBE,0xC79D,0x32CB,0x11A7,0x11A7,0x11A7,0x11A7,0x11A7,0x11A7,0x11A7,
    0x11A7,0x32CB,0xC79D,0xCFBE,0xCFBE,0xCFBE,0xCFBE,0xCFBE,0xCFBE,0xCFBE,0xCFBE,0xCFBE,
    0xCFBE,0xCFBE,0xCFBE,0xCFBE,0xCFBE,0xCFBE,0xCFBE,0xCFBE,0xCFBE,0xCFBE,0xCFBE,0xCFBE,
    0xBF9D,0x46D9,0x3ED9,0x3ED9,0x3ED9,0x3ED9,0x3ED9,0x3ED9,0x3ED9,0x3ED9,0x3ED9,0x23AE,
    0x09E8,0x09E8,0x09E8,0x09E8,0x09E8,0x09E8,0xF81F,0xF81F,0xF81F,0xF81F,0xF81F,0xF81F,
    0xF81F,0xF81F,0xF81F,0xF81F,0xF81F,0xF81F,0xF81F,0xF81F,0xF81F,0xF81F,0xF81F,0xF81F,
    0xF81F,0xF81F,0xF81F,0xF81F,0xF81F,0xF81F,0xF81F,0xF81F,0xF81F,0xF81F,0xF81F,0xF81F,
    0xF81F,0xF81F,0xF81F,0xF81F,0xF81F,0xF81F,0xF81F,0xF81F,0xF81F,0xF81F,0xF81F,0xF81F,
    0xF81F,0xF81F,0xF81F,0xF81F,0xF81F,0xF81F,0xF81F,0xF81F,0xF81F,0xF81F,0xF81F,0xF81F,
    0xF81F,0xF81F,0xF81F,0xF81F,0xF81F,0xF81F,0xF81F,0x09E8,0x09E8,0x09E8,0x09E8,0x09E8,
    0x09E8,0x35B5,0x3ED9,0x3ED9,0x3ED9,0x3ED9,0x3ED9,0x3ED9,0x3ED9,0x3ED9,0x3ED9,0x7F3B,
    0xCFBE,0xCFBE,0xCFBE,0xCFBE,0xCFBE,0xCFBE,0xCFBE,0xCFBE,0xCFBE,0xCFBE,0xCFBE,0xCFBE,
    0xCFBE,0xCFBE,0xCFBE,0xCFBE,0xCFBE,0xCFBE,0xCFBE,0xCFBE,0xCFBE,0xCFBE,0xBF1B,0x32CB,
    0x11A7,0x11A7,0x11A7,0x11A7,0x11A7,0x11A7,0x32CB,0xBF1B,0xCFBE,0xCFBE,0xCFBE,0xCFBE,
    0xCFBE,0xCFBE,0xCFBE,0xCFBE,0xCFBE,0xCFBE,0xCFBE,0xCFBE,0xCFBE,0xCFBE,0xCFBE,0xCFBE,
    0xCFBE,0xCFBE,0xCFBE,0xCFBE,0xCFBE,0xCFBE,0x7F3B,0x3ED9,0x3ED9,0x3ED9,0x3ED9,0x3ED9,
    0x3ED9,0x3ED9,0x3ED9,0x3ED9,0x35B5,0x09E8,0x09E8,0x09E8,0x09E8,0x09E8,0x09E8,0xF81F,
    0xF81F,0xF81F,0xF81F,0xF81F,0xF81F,0xF81F,0xF81F,0xF81F,0xF81F,0xF81F,0xF81F,0xF81F,
    0xF81F,0xF81F,0xF81F,0xF81F,0xF81F,0xF81F,0xF81F,0xF81F,0xF81F,0xF81F,0xF81F,0xF81F,
    0xF81F,0xF81F,0xF81F,0xF81F,0xF81F,0xF81F,0xF81F,0xF81F,0xF81F,0xF81F,0xF81F,0xF81F,
    0xF81F,0xF81F,0xF81F,0xF81F,0xF81F,0xF81F,0xF81F,0xF81F,0xF81F,0xF81F,0xF81F,0xF81F,
    0xF81F,0xF81F,0xF81F,0xF81F,0xF81F,0xF81F,0xF81F,0xF81F,0xF81F,0xF81F,0xF81F,0xF81F,
    0xF81F,0xF81F,0xF81F,0xF81F,0x09E8,0x09E8,0x09E8,0x12CB,0x3EB8,0x3ED9,0x3ED9,0x3ED9,
    0x3ED9,0x3ED9,0x3ED9,0x3ED9,0x3ED9,0x46D9,0xB79D,0xCFBE,0xCFBE,0xCFBE,0xCFBE,0xCFBE,
    0xCFBE,0xCFBE,0xCFBE,0xCFBE,0xCFBE,0xCFBE,0xCFBE,0xCFBE,0xCFBE,0xCFBE,0xCFBE,0xCFBE,
    0xCFBE,0xCFBE,0xCFBE,0xCFBE,0xCFBE,0xC79D,0x7D34,0x3AEC,0x19E8,0x19E8,0x3AEC,0x7D34,
    0xC79D,0xCFBE,0xCFBE,0xCFBE,0xCFBE,0xCFBE,0xCFBE,0xCFBE,0xCFBE,0xCFBE,0xCFBE,0xCFBE,
    0xCFBE,0xCFBE,0xCFBE,0xCFBE,0xCFBE,0xCFBE,0xCFBE,0xCFBE,0xCFBE,0xCFBE,0xCFBE,0xB79D,
    0x46D9,0x3ED9,0x3ED9,0x3ED9,0x3ED9,0x3ED9,0x3ED9,0x3ED9,0x3ED9,0x3EB8,0x12AB,0x09E8,
    0x09E8,0x09E8,0xF81F,0xF81F,0xF81F,0xF81F,0xF81F,0xF81F,0xF81F,0xF81F,0xF81F,0xF81F,
    0xF81F,0xF81F,0xF81F,0xF81F,0xF81F,0xF81F,0xF81F,0xF81F,0xF81F,0xF81F,0xF81F,0xF81F,
    0xF81F,0xF81F,0xF81F,0xF81F,0xF81F,0xF81F,0xF81F,0xF81F,0xF81F,0xF81F,0xF81F,0xF81F,
    0xF81F,0xF81F,0xF81F,0xF81F,0xF81F,0xF81F,0xF81F,0xF81F,0xF81F,0xF81F,0xF81F,0xF81F,
    0xF81F,0xF81F,0xF81F,0xF81F,0xF81F,0xF81F,0xF81F,0xF81F,0xF81F,0xF81F,0xF81F,0xF81F,
    0xF81F,0xF81F,0xF81F,0xF81F,0xF81F,0xF81F,0xF81F,0xF81F,0xF81F,0xF81F,0xF81F,0x09E8,
    0x09E8,0x09E8,0x2C71,0x3ED9,0x3ED9,0x3ED9,0x3ED9,0x3ED9,0x3ED9,0x3ED9,0x3ED9,0x3ED9,
    0x6F1A,0xCFBE,0xCFBE,0xCFBE,0xCFBE,0xCFBE,0xCFBE,0xCFBE,0xCFBE,0xCFBE,0xCFBE,0xCFBE,
    0xCFBE,0xCFBE,0xCFBE,0xCFBE,0xCFBE,0xCFBE,0xCFBE,0xCFBE,0xCFBE,0xCFBE,0xCFBE,0xCFBE,
    0xCFBE,0xCFBE,0xCFBE,0xCFBE,0xCFBE,0xCFBE,0xCFBE,0xCFBE,0xCFBE,0xCFBE,0xCFBE,0xCFBE,
    0xCFBE,0xCFBE,0xCFBE,0xCFBE,0xCFBE,0xCFBE,0xCFBE,0xCFBE,0xCFBE,0xCFBE,0xCFBE,0xCFBE,
    0xCFBE,0xCFBE,0xCFBE,0xCFBE,0xCFBE,0x671A,0x3ED9,0x3ED9,0x3ED9,0x3ED9,0x3ED9,0x3ED9,
    0x3ED9,0x3ED9,0x3ED9,0x2450,0x09E8,0x09E8,0x09E8,0xF81F,0xF81F,0xF81F,0xF81F,0xF81F,
    0xF81F,0xF81F,0xF81F,0xF81F,0xF81F,0xF81F,0xF81F,0xF81F,0xF81F,0xF81F,0xF81F,0xF81F,
    0xF81F,0xF81F,0xF81F,0xF81F,0xF81F,0xF81F,0xF81F,0xF81F,0xF81F,0xF81F,0xF81F,0xF81F,
    0xF81F,0xF81F,0xF81F,0xF81F,0xF81F,0xF81F,0xF81F,0xF81F,0xF81F,0xF81F,0xF81F,0xF81F,
    0xF81F,0xF81F,0xF81F,0xF81F,0xF81F,0xF81F,0xF81F,0xF81F,0xF81F,0xF81F,0xF81F,0xF81F,
    0xF81F,0xF81F,0xF81F,0xF81F,0xF81F,0xF81F,0xF81F,0xF81F,0xF81F,0xF81F,0xF81F,0xF81F,
    0xF81F,0xF81F,0xF81F,0xF81F,0xF81F,0xF81F,0x09E8,0x09E8,0x1208,0x35D5,0x3ED9,0x3ED9,
    0x3ED9,0x3ED9,0x3ED9,0x3ED9,0x3ED9,0x3ED9,0x3ED9,0x975C,0xCFBE,0xCFBE,0xCFBE,0xCFBE,
    0xCFBE,0xCFBE,0xCFBE,0xCFBE,0xCFBE,0xCFBE,0xCFBE,0xCF9E,0xCF9E,0xC77E,0xC77E,0xC75E,
    0xBF1D,0xB6DC,0xAEBC,0xAE9C,0xA67B,0xA67B,0xA67B,0xA67B,0xA63A,0xA63A,0xA67B,0xA67B,
    0xA67B,0xA67B,0xAE9C,0xAEBC,0xB6DC,0xBF1D,0xC75E,0xC77E,0xC77E,0xCF9E,0xCF9E,0xCFBE,
    0xCFBE,0xCFBE,0xCFBE,0xCFBE,0xCFBE,0xCFBE,0xCFBE,0xCFBE,0xCFBE,0xCFBE,0x975B,0x3ED9,
    0x3ED9,0x3ED9,0x3ED9,0x3ED9,0x3ED9,0x3ED9,0x3ED9,0x3ED9,0x35D5,0x1208,0x09E8,0x09E8,
    0xF81F,0xF81F,0xF81F,0xF81F,0xF81F,0xF81F,0xF81F,0xF81F,0xF81F,0xF81F,0xF81F,0xF81F,
    0xF81F,0xF81F,0xF81F,0xF81F,0xF81F,0xF81F,0xF81F,0xF81F,0xF81F,0xF81F,0xF81F,0xF81F,
    0xF81F,0xF81F,0xF81F,0xF81F,0xF81F,0xF81F,0xF81F,0xF81F,0xF81F,0xF81F,0xF81F,0xF81F,
    0xF81F,0xF81F,0xF81F,0xF81F,0xF81F,0xF81F,0xF81F,0xF81F,0xF81F,0xF81F,0xF81F,0xF81F,
    0xF81F,0xF81F,0xF81F,0xF81F,0xF81F,0xF81F,0xF81F,0xF81F,0xF81F,0xF81F,0xF81F,0xF81F,
    0xF81F,0xF81F,0xF81F,0xF81F,0xF81F,0xF81F,0xF81F,0xF81F,0xF81F,0xF81F,0xF81F,0xF81F,
    0x09E8,0x09E8,0x09E8,0x128A,0x3E78,0x3ED9,0x3ED9,0x3ED9,0x3ED9,0x3ED9,0x3ED9,0x3ED9,
    0x3ED9,0x46D9,0xB79D,0xCF9E,0xC75E,0xB6DC,0xA67B,0x9E1B,0x9DFA,0x9DFB,0x9DFB,0x9E1C,
    0xA63D,0xAE5E,0xAE5E,0xAE5E,0xAE5E,0xAE5E,0xAE5E,0xAE5E,0xAE5E,0xAE5E,0xAE5E,0xAE5E,
    0xAE5E,0xAE5E,0xAE5E,0xAE5E,0xAE5E,0xAE5E,0xAE5E,0xAE5E,0xAE5E,0xAE5E,0xAE5E,0xAE5E,
    0xAE5E,0xAE5E,0xAE5E,0xAE5E,0xAE5E,0xA63D,0xA61C,0x9DFB,0x9DFB,0x9DFA,0x9E1B,0xA67B,
    0xB6DC,0xC75E,0xCF9E,0xB79D,0x46D9,0x3ED9,0x3ED9,0x3ED9,0x3ED9,0x3ED9,0x3ED9,0x3ED9,
    0x3ED9,0x3E77,0x128A,0x09E8,0x09E8,0x09E8,0xF81F,0xF81F,0xF81F,0xF81F,0xF81F,0xF81F,
    0xF81F,0xF81F,0xF81F,0xF81F,0xF81F,0xF81F,0xF81F,0xF81F,0xF81F,0xF81F,0xF81F,0xF81F,
    0xF81F,0xF81F,0xF81F,0xF81F,0xF81F,0xF81F,0xF81F,0xF81F,0xF81F,0xF81F,0xF81F,0xF81F,
    0xF81F,0xF81F,0xF81F,0xF81F,0xF81F,0xF81F,0xF81F,0xF81F,0xF81F,0xF81F,0xF81F,0xF81F,
    0xF81F,0xF81F,0xF81F,0xF81F,0xF81F,0xF81F,0xF81F,0xF81F,0xF81F,0xF81F,0xF81F,0xF81F,
    0xF81F,0xF81F,0xF81F,0xF81F,0xF81F,0xF81F,0xF81F,0xF81F,0xF81F,0xF81F,0xF81F,0xF81F,
    0xF81F,0xF81F,0xF81F,0xF81F,0xF81F,0xF81F,0xF81F,0x09E8,0x09E8,0x09E8,0x1B2C,0x3EB9,
    0x3ED9,0x46B9,0x56BA,0x6659,0x6DF9,0x7DD9,0x8DDA,0x9DFC,0xA63D,0xAE5E,0xAE5E,0xAE5E,
    0xAE5E,0xAE5E,0xAE5E,0xAE5E,0xAE5E,0xAE5E,0xAE5E,0xAE5E,0xAE5E,0xAE5E,0xAE5E,0xAE5E,
    0xAE5E,0xAE5E,0xAE5E,0xAE5E,0xAE5E,0xAE5E,0xAE5E,0xAE5E,0xAE5E,0xAE5E,0xAE5E,0xAE5E,
    0xAE5E,0xAE5E,0xAE5E,0xAE5E,0xAE5E,0xAE5E,0xAE5E,0xAE5E,0xAE5E,0xAE5E,0xAE5E,0xAE5E,
    0xAE5E,0xAE5E,0xAE5E,0xAE5E,0xAE5E,0xAE5E,0xAE5E,0xAE5E,0xAE5E,0xA63D,0x9DFC,0x8DDA,
    0x7DD9,0x6DF9,0x5E5A,0x56BA,0x46B9,0x3ED9,0x3EB9,0x1B4D,0x09E8,0x09E8,0x09E8,0xF81F,
    0xF81F,0xF81F,0xF81F,0xF81F,0xF81F,0xF81F,0xF81F,0xF81F,0xF81F,0xF81F,0xF81F,0xF81F,
    0xF81F,0xF81F,0xF81F,0xF81F,0xF81F,0xF81F,0xF81F,0xF81F,0xF81F,0xF81F,0xF81F,0xF81F,
    0xF81F,0xF81F,0xF81F,0xF81F,0xF81F,0xF81F,0xF81F,0xF81F,0xF81F,0xF81F,0xF81F,0xF81F,
    0xF81F,0xF81F,0xF81F,0xF81F,0xF81F,0xF81F,0xF81F,0xF81F,0xF81F,0xF81F,0xF81F,0xF81F,
    0xF81F,0xF81F,0xF81F,0xF81F,0xF81F,0xF81F,0xF81F,0xF81F,0xF81F,0xF81F,0xF81F,0xF81F,
    0xF81F,0xF81F,0xF81F,0xF81F,0xF81F,0xF81F,0xF81F,0xF81F,0xF81F,0xF81F,0xF81F,0xF81F,
    0xF81F,0xF81F,0x2ACC,0x4390,0x6454,0x8579,0x9DFC,0xAE3D,0xAE5E,0xAE5E,0xAE5E,0xAE5E,
    0xAE5E,0xAE5E,0xAE5E,0xAE5E,0xAE5E,0xAE5E,0xAE5E,0xAE5E,0xAE5E,0xAE5E,0xAE5E,0xAE5E,
    0xAE5E,0xA63D,0x9DFC,0x9DDB,0x95BB,0x8D9B,0x8D9A,0x8D7A,0x857A,0x857A,0x857A,0x855A,
    0x857A,0x857A,0x857A,0x857A,0x857A,0x857A,0x855A,0x857A,0x857A,0x857A,0x8D7A,0x8D9A,
    0x8D9B,0x95BB,0x9DDC,0x9DFC,0xA63D,0xAE5E,0xAE5E,0xAE5E,0xAE5E,0xAE5E,0xAE5E,0xAE5E,
    0xAE5E,0xAE5E,0xAE5E,0xAE5E,0xAE5E,0xAE5E,0xAE5E,0xAE5E,0xAE5E,0xAE5E,0xAE3D,0x9DFC,
    0x8579,0x6454,0x4B90,0x2AAC,0xF81F,0xF81F,0xF81F,0xF81F,0xF81F,0xF81F,0xF81F,0xF81F,
    0xF81F,0xF81F,0xF81F,0xF81F,0xF81F,0xF81F,0xF81F,0xF81F,0xF81F,0xF81F,0xF81F,0xF81F,
    0xF81F,0xF81F,0xF81F,0xF81F,0xF81F,0xF81F,0xF81F,0xF81F,0xF81F,0xF81F,0xF81F,0xF81F,
    0xF81F,0xF81F,0xF81F,0xF81F,0xF81F,0xF81F,0xF81F,0xF81F,0xF81F,0xF81F,0xF81F,0xF81F,
    0xF81F,0xF81F,0xF81F,0xF81F,0xF81F,0xF81F,0xF81F,0xF81F,0xF81F,0xF81F,0xF81F,0xF81F,
    0xF81F,0xF81F,0xF81F,0xF81F,0xF81F,0xF81F,0xF81F,0xF81F,0xF81F,0xF81F,0xF81F,0xF81F,
    0xF81F,0xF81F,0xF81F,0xF81F,0x8D79,0x8D7A,0x95DB,0xA63D,0xAE5E,0xAE5E,0xAE5E,0xAE5E,
    0xAE5E,0xAE5E,0xAE5E,0xAE5E,0xAE5E,0xAE5E,0xAE5E,0xAE5E,0xAE5E,0x9DFC,0x95BB,0x8D7A,
    0x857A,0x855A,0x857B,0x857C,0x857C,0x857C,0x7D5C,0x7D5C,0x7D5C,0x7D5C,0x7D5C,0x7D5C,
    0x7D5C,0x7D5C,0x7D5C,0x7D5C,0x7D5C,0x7D5C,0x7D5C,0x7D5C,0x7D5C,0x7D5C,0x7D5C,0x7D5C,
    0x7D5C,0x7D5C,0x7D5C,0x7D5C,0x7D5C,0x7D5C,0x7D5C,0x7D5C,0x7D5C,0x7D5C,0x7D5C,0x7D5C,
    0x857C,0x857C,0x857C,0x857B,0x855A,0x857A,0x8D7A,0x95BB,0x9DFC,0xAE5E,0xAE5E,0xAE5E,
    0xAE5E,0xAE5E,0xAE5E,0xAE5E,0xAE5E,0xAE5E,0xAE5E,0xAE5E,0xAE5E,0xAE5E,0xA63D,0x95DB,
    0x8D79,0x8D79,0xF81F,0xF81F,0xF81F,0xF81F,0xF81F,0xF81F,0xF81F,0xF81F,0xF81F,0xF81F,
    0xF81F,0xF81F,0xF81F,0xF81F,0xF81F,0xF81F,0xF81F,0xF81F,0xF81F,0xF81F,0xF81F,0xF81F,
    0xF81F,0xF81F,0xF81F,0xF81F,0xF81F,0xF81F,0xF81F,0xF81F,0xF81F,0xF81F,0xF81F,0xF81F,
    0xF81F,0xF81F,0xF81F,0xF81F,0xF81F,0xF81F,0xF81F,0xF81F,0xF81F,0xF81F,0xF81F,0xF81F,
    0xF81F,0xF81F,0xF81F,0xF81F,0xF81F,0xF81F,0xF81F,0xF81F,0xF81F,0xF81F,0xF81F,0xF81F,
    0xF81F,0xF81F,0xF81F,0xF81F,0xF81F,0xF81F,0x8D79,0x95BB,0xA63D,0xAE5E,0xAE5E,0xAE5E,
    0xAE5E,0xAE5E,0xAE5E,0xAE5E,0xAE5E,0xAE5E,0xAE5E,0xA63D,0x9DDC,0x8D9A,0x855A,0x855B,
    0x857C,0x857C,0x7D5C,0x7D5C,0x7D5C,0x7D5C,0x7D5C,0x7D5C,0x7D5C,0x7D5C,0x7D5C,0x7D5C,
    0x7D5C,0x7D5C,0x7D5C,0x7D5C,0x7D5C,0x7D5C,0x7D5C,0x7D5C,0x7D5C,0x7D5C,0x7D5C,0x7D5C,
    0x7D5C,0x7D5C,0x7D5C,0x7D5C,0x7D5C,0x7D5C,0x7D5C,0x7D5C,0x7D5C,0x7D5C,0x7D5C,0x7D5C,
    0x7D5C,0x7D5C,0x7D5C,0x7D5C,0x7D5C,0x7D5C,0x7D5C,0x7D5C,0x7D5C,0x7D5C,0x7D5C,0x7D5C,
    0x7D5C,0x7D5C,0x7D5C,0x7D5C,0x857C,0x857C,0x855B,0x855A,0x8D9A,0x9DDC,0xA63D,0xAE5E,
    0xAE5E,0xAE5E,0xAE5E,0xAE5E,0xAE5E,0xAE5E,0xAE5E,0xAE5E,0xAE5E,0xA63D,0x95BB,0x8D79,
    0xF81F,0xF81F,0xF81F,0xF81F,0xF81F,0xF81F,0xF81F,0xF81F,0xF81F,0xF81F,0xF81F,0xF81F,
    0xF81F,0xF81F,0xF81F,0xF81F,0xF81F,0xF81F,0xF81F,0xF81F,0xF81F,0xF81F,0xF81F,0xF81F,
    0xF81F,0xF81F,0xF81F,0xF81F,0xF81F,0xF81F,0xF81F,0xF81F,0xF81F,0xF81F,0xF81F,0xF81F,
    0xF81F,0xF81F,0xF81F,0xF81F,0xF81F,0xF81F,0xF81F,0xF81F,0xF81F,0xF81F,0xF81F,0xF81F,
    0xF81F,0xF81F,0xF81F,0xF81F,0xF81F,0xF81F,0xF81F,0x8D7A,0x8D9A,0xA61C,0xAE5E,0xAE5E,
    0xAE5E,0xAE5E,0xAE5E,0xAE5E,0xAE5E,0xAE5E,0xAE5E,0xAE3D,0x9DDC,0x8D7A,0x855A,0x857B,
    0x857C,0x7D5C,0x7D5C,0x7D5C,0x7D5C,0x7D5C,0x7D5C,0x7D5C,0x7D5C,0x7D5C,0x7D5C,0x7D5C,
    0x7D5C,0x7D5C,0x7D5C,0x7D5C,0x7D5C,0x7D5C,0x7D5C,0x7D5C,0x7D5C,0x7D5C,0x7D5C,0x7D5C,
    0x7D5C,0x7D5C,0x7D5C,0x7D5C,0x7D5C,0x7D5C,0x7D5C,0x7D5C,0x7D5C,0x7D5C,0x7D5C,0x7D5C,
    0x7D5C,0x7D5C,0x7D5C,0x7D5C,0x7D5C,0x7D5C,0x7D5C,0x7D5C,0x7D5C,0x7D5C,0x7D5C,0x7D5C,
    0x7D5C,0x7D5C,0x7D5C,0x7D5C,0x7D5C,0x7D5C,0x7D5C,0x7D5C,0x7D5C,0x7D5C,0x7D5C,0x7D5C,
    0x7D5C,0x7D5C,0x7D5C,0x7D5C,0x7D5C,0x857C,0x857B,0x855A,0x8D7A,0x9DDC,0xAE3D,0xAE5E,
    0xAE5E,0xAE5E,0xAE5E,0xAE5E,0xAE5E,0xAE5E,0xAE5E,0xAE5E,0x9DFC,0x8D7A,0xF81F,0xF81F,
    0xF81F,0xF81F,0xF81F,0xF81F,0xF81F,0xF81F,0xF81F,0xF81F,0xF81F,0xF81F,0xF81F,0xF81F,
    0xF81F,0xF81F,0xF81F,0xF81F,0xF81F,0xF81F,0xF81F,0xF81F,0xF81F,0xF81F,0xF81F,0xF81F,
    0xF81F,0xF81F,0xF81F,0xF81F,0xF81F,0xF81F,0xF81F,0xF81F,0xF81F,0xF81F,0xF81F,0xF81F,
    0xF81F,0xF81F,0xF81F,0xF81F,0xF81F,0xF81F,0xF81F,0xF81F,0xF81F,0xF81F,0x8D9A,0xA61C,
    0xAE5E,0xAE5E,0xAE5E,0xAE5E,0xAE5E,0xAE5E,0xAE5E,0xAE5E,0xAE3D,0x95DB,0x8D7A,0x855B,
    0x857C,0x7D5C,0x7D5C,0x7D5C,0x7D5C,0x7D5C,0x7D5C,0x7D5C,0x7D5C,0x7D5C,0x7D5C,0x7D5C,
    0x7D5C,0x7D5C,0x7D5C,0x7D5C,0x7D5C,0x7D5C,0x7D5C,0x7D5C,0x7D5C,0x7D5C,0x7D5C,0x7D5C,
    0x7D5C,0x7D5C,0x7D5C,0x7D5C,0x7D5C,0x7D5C,0x7D5C,0x7D5C,0x7D5C,0x7D5C,0x7D5C,0x7D5C,
    0x7D5C,0x7D5C,0x7D5C,0x7D5C,0x7D5C,0x7D5C,0x7D5C,0x7D5C,0x7D5C,0x7D5C,0x7D5C,0x7D5C,
    0x7D5C,0x7D5C,0x7D5C,0x7D5C,0x7D5C,0x7D5C,0x7D5C,0x7D5C,0x7D5C,0x7D5C,0x7D5C,0x7D5C,
    0x7D5C,0x7D5C,0x7D5C,0x7D5C,0x7D5C,0x7D5C,0x7D5C,0x7D5C,0x7D5C,0x7D5C,0x7D5C,0x7D5C,
    0x7D5C,0x7D5C,0x7D5C,0x7D5C,0x7D5C,0x857C,0x855B,0x8D7A,0x95DB,0xAE3D,0xAE5E,0xAE5E,
    0xAE5E,0xAE5E,0xAE5E,0xAE5E,0xAE5E,0xAE5E,0xA61C,0x8D9A,0xF81F,0xF81F,0xF81F,0xF81F,
    0xF81F,0xF81F,0xF81F,0xF81F,0xF81F,0xF81F,0xF81F,0xF81F,0xF81F,0xF81F,0xF81F,0xF81F,
    0xF81F,0xF81F,0xF81F,0xF81F,0xF81F,0xF81F,0xF81F,0xF81F,0xF81F,0xF81F,0xF81F,0xF81F,
    0xF81F,0xF81F,0xF81F,0xF81F,0xF81F,0xF81F,0xF81F,0xF81F,0xF81F,0xF81F,0xF81F,0xF81F,
    0xF81F,0xF81F,0xF81F,0x228B,0xAE5E,0xAE5E,0xAE5E,0xAE5E,0xAE5E,0xAE5E,0xA61C,0x8D9A,
    0x855A,0x857C,0x7D5C,0x7D5C,0x7D5C,0x7D5C,0x7D5C,0x7D5C,0x7D5C,0x7D5C,0x7D5C,0x7D5C,
    0x7D5C,0x7D5C,0x7D5C,0x7D5C,0x7D5C,0x7D5C,0x7D5C,0x7D5C,0x7D5C,0x7D5C,0x7D5C,0x7D5C,
    0x7D5C,0x7D5C,0x7D5C,0x7D5C,0x7D5C,0x7D5C,0x7D5C,0x7D5C,0x7D5C,0x7D5C,0x7D5C,0x7D5C,
    0x7D5C,0x7D5C,0x7D5C,0x7D5C,0x7D5C,0x7D5C,0x7D5C,0x7D5C,0x7D5C,0x7D5C,0x7D5C,0x7D5C,
    0x7D5C,0x7D5C,0x7D5C,0x7D5C,0x7D5C,0x7D5C,0x7D5C,0x7D5C,0x7D5C,0x7D5C,0x7D5C,0x7D5C,
    0x7D5C,0x7D5C,0x7D5C,0x7D5C,0x7D5C,0x7D5C,0x7D5C,0x7D5C,0x7D5C,0x7D5C,0x7D5C,0x7D5C,
    0x7D5C,0x7D5C,0x7D5C,0x7D5C,0x7D5C,0x7D5C,0x7D5C,0x7D5C,0x7D5C,0x7D5C,0x7D5C,0x7D5C,
    0x7D5C,0x7D5C,0x7D5C,0x7D5C,0x857C,0x855A,0x8D9A,0xA61C,0xAE5E,0xAE5E,0xAE5E,0xAE5E,
    0xAE5E,0xAE5E,0x228B,0xF81F,0xF81F,0xF81F,0xF81F,0xF81F,0xF81F,0xF81F,0xF81F,0xF81F,
    0xF81F,0xF81F,0xF81F,0xF81F,0xF81F,0xF81F,0xF81F,0xF81F,0xF81F,0xF81F,0xF81F,0xF81F,
    0xF81F,0xF81F,0xF81F,0xF81F,0xF81F,0xF81F,0xF81F,0xF81F,0xF81F,0xF81F,0xF81F,0xF81F,
    0xF81F,0xF81F,0xF81F,0xF81F,0xF81F,0xF81F,0xF81F,0xF81F,0xF81F,0x09E8,0x95BB,0xAE5E,
    0x9E1C,0x8D9A,0x857B,0x857C,0x7D5C,0x7D5C,0x7D5C,0x7D5C,0x7D5C,0x7D5C,0x7D5C,0x7D5C,
    0x7D5C,0x7D5C,0x7D5C,0x7D5C,0x7D5C,0x7D5C,0x7D5C,0x7D5C,0x7D5C,0x7D5C,0x7D5C,0x7D5C,
    0x7D5C,0x7D5C,0x7D5C,0x7D5C,0x7D5C,0x7D5C,0x7D5C,0x7D5C,0x7D5C,0x7D5C,0x7D5C,0x7D5C,
    0x7D5C,0x7D5C,0x7D5C,0x7D5C,0x7D5C,0x7D5C,0x7D5C,0x7D5C,0x7D5C,0x7D5C,0x7D5C,0x7D5C,
    0x7D5C,0x7D5C,0x7D5C,0x7D5C,0x7D5C,0x7D5C,0x7D5C,0x7D5C,0x7D5C,0x7D5C,0x7D5C,0x7D5C,
    0x7D5C,0x7D5C,0x7D5C,0x7D5C,0x7D5C,0x7D5C,0x7D5C,0x7D5C,0x7D5C,0x7D5C,0x7D5C,0x7D5C,
    0x7D5C,0x7D5C,0x7D5C,0x7D5C,0x7D5C,0x7D5C,0x7D5C,0x7D5C,0x7D5C,0x7D5C,0x7D5C,0x7D5C,
    0x7D5C,0x7D5C,0x7D5C,0x7D5C,0x7D5C,0x7D5C,0x7D5C,0x7D5C,0x7D5C,0x7D5C,0x7D5C,0x7D5C,
    0x7D5C,0x7D5C,0x857C,0x855A,0x8D7A,0xA61C,0xAE5E,0x95BB,0x09E8,0xF81F,0xF81F,0xF81F,
    0xF81F,0xF81F,0xF81F,0xF81F,0xF81F,0xF81F,0xF81F,0xF81F,0xF81F,0xF81F,0xF81F,0xF81F,
    0xF81F,0xF81F,0xF81F,0xF81F,0xF81F,0xF81F,0xF81F,0xF81F,0xF81F,0xF81F,0xF81F,0xF81F,
    0xF81F,0xF81F,0xF81F,0xF81F,0xF81F,0xF81F,0xF81F,0xF81F,0xF81F,0xF81F,0xF81F,0xF81F,
    0xF81F,0xF81F,0xF81F,0x09E8,0x330E,0x6CD8,0x7D5C,0x7D5C,0x7D5C,0x7D5C,0x7D5C,0x7D5C,
    0x7D5C,0x7D5C,0x7D5C,0x7D5C,0x7D5C,0x7D5C,0x7D5C,0x7D5C,0x7D5C,0x7D5C,0x7D5C,0x7D5C,
    0x7D5C,0x7D5C,0x7D5C,0x7D5C,0x7D5C,0x7D5C,0x7D5C,0x7D5C,0x7D5C,0x7D5C,0x7D5C,0x7D5C,
    0x7D5C,0x7D5C,0x7D5C,0x7D5C,0x7D5C,0x7D5C,0x7D5C,0x7D5C,0x7D5C,0x7D5C,0x7D5C,0x7D5C,
    0x7D5C,0x7D5C,0x7D5C,0x7D5C,0x7D5C,0x7D5C,0x7D5C,0x7D5C,0x7D5C,0x7D5C,0x7D5C,0x7D5C,
    0x7D5C,0x7D5C,0x7D5C,0x7D5C,0x7D5C,0x7D5C,0x7D5C,0x7D5C,0x7D5C,0x7D5C,0x7D5C,0x7D5C,
    0x7D5C,0x7D5C,0x7D5C,0x7D5C,0x7D5C,0x7D5C,0x7D5C,0x7D5C,0x7D5C,0x7D5C,0x7D5C,0x7D5C,
    0x7D5C,0x7D5C,0x7D5C,0x7D5C,0x7D5C,0x7D5C,0x7D5C,0x7D5C,0x7D5C,0x7D5C,0x7D5C,0x7D5C,
    0x7D5C,0x7D5C,0x7D5C,0x7D5C,0x7D5C,0x7D5C,0x7D5C,0x7D5C,0x7D5C,0x7D5C,0x7D5C,0x7D5C,
    0x6CD8,0x330E,0x09E8,0xF81F,0xF81F,0xF81F,0xF81F,0xF81F,0xF81F,0xF81F,0xF81F,0xF81F,
    0xF81F,0xF81F,0xF81F,0xF81F,0xF81F,0xF81F,0xF81F,0xF81F,0xF81F,0xF81F,0xF81F,0xF81F,
    0xF81F,0xF81F,0xF81F,0xF81F,0xF81F,0xF81F,0xF81F,0xF81F,0xF81F,0xF81F,0xF81F,0xF81F,
    0xF81F,0xF81F,0xF81F,0xF81F,0xF81F,0xF81F,0xF81F,0xF81F,0xF81F,0x09E8,0x09E8,0x5C77,
    0x7D5C,0x7D5C,0x7D5C,0x7D5C,0x7D5C,0x7D5C,0x7D5C,0x7D5C,0x7D5C,0x7D5C,0x7D5C,0x7D5C,
    0x7D5C,0x7D5C,0x7D5C,0x7D5C,0x7D5C,0x7D5C,0x7D5C,0x7D5C,0x7D5C,0x7D5C,0x7D5C,0x7D5C,
    0x7D5C,0x7D5C,0x7D5C,0x7D5C,0x7D5C,0x7D5C,0x7D5C,0x7D5C,0x7D5C,0x7D5C,0x7D5C,0x7D5C,
    0x7D5C,0x7D5C,0x7D5C,0x7D5C,0x7D5C,0x7D5C,0x7D5C,0x7D5C,0x7D5C,0x7D5C,0x7D5C,0x7D5C,
    0x7D5C,0x7D5C,0x7D5C,0x7D5C,0x7D5C,0x7D5C,0x7D5C,0x7D5C,0x7D5C,0x7D5C,0x7D5C,0x7D5C,
    0x7D5C,0x7D5C,0x7D5C,0x7D5C,0x7D5C,0x7D5C,0x7D5C,0x7D5C,0x7D5C,0x7D5C,0x7D5C,0x7D5C,
    0x7D5C,0x7D5C,0x7D5C,0x7D5C,0x7D5C,0x7D5C,0x7D5C,0x7D5C,0x7D5C,0x7D5C,0x7D5C,0x7D5C,
    0x7D5C,0x7D5C,0x7D5C,0x7D5C,0x7D5C,0x7D5C,0x7D5C,0x7D5C,0x7D5C,0x7D5C,0x7D5C,0x7D5C,
    0x7D5C,0x7D5C,0x7D5C,0x7D5C,0x7D5C,0x7D5C,0x5C77,0x09E8,0x09E8,0xF81F,0xF81F,0xF81F,
    0xF81F,0xF81F,0xF81F,0xF81F,0xF81F,0xF81F,0xF81F,0xF81F,0xF81F,0xF81F,0xF81F,0xF81F,
    0xF81F,0xF81F,0xF81F,0xF81F,0xF81F,0xF81F,0xF81F,0xF81F,0xF81F,0xF81F,0xF81F,0xF81F,
    0xF81F,0xF81F,0xF81F,0xF81F,0xF81F,0xF81F,0xF81F,0xF81F,0xF81F,0xF81F,0xF81F,0xF81F,
    0xF81F,0xF81F,0xF81F,0x09E8,0x09E8,0x5C77,0x7D5C,0x7D5C,0x7D5C,0x7D5C,0x7D5C,0x7D5C,
    0x7D5C,0x7D5C,0x7D5C,0x7D5C,0x7D5C,0x7D5C,0x7D5C,0x7D5C,0x7D5C,0x7D5C,0x7D5C,0x7D5C,
    0x7D5C,0x7D5C,0x7D5C,0x7D5C,0x7D5C,0x7D5C,0x7D5C,0x7D5C,0x7D5C,0x7D5C,0x7D5C,0x7D5C,
    0x7D5C,0x7D5C,0x7D5C,0x7D5C,0x7D5C,0x7D5C,0x7D5C,0x7D5C,0x7D5C,0x7D5C,0x7D5C,0x7D5C,
    0x7D5C,0x7D5C,0x7D5C,0x7D5C,0x7D5C,0x7D5C,0x7D5C,0x7D5C,0x7D5C,0x7D5C,0x7D5C,0x7D5C,
    0x7D5C,0x7D5C,0x7D5C,0x7D5C,0x7D5C,0x7D5C,0x7D5C,0x7D5C,0x7D5C,0x7D5C,0x7D5C,0x7D5C,
    0x7D5C,0x7D5C,0x7D5C,0x7D5C,0x7D5C,0x7D5C,0x7D5C,0x7D5C,0x7D5C,0x7D5C,0x7D5C,0x7D5C,
    0x7D5C,0x7D5C,0x7D5C,0x7D5C,0x7D5C,0x7D5C,0x7D5C,0x7D5C,0x7D5C,0x7D5C,0x7D5C,0x7D5C,
    0x7D5C,0x7D5C,0x7D5C,0x7D5C,0x7D5C,0x7D5C,0x7D5C,0x7D5C,0x7D5C,0x7D5C,0x7D5C,0x7D5C,
    0x5C77,0x09E8,0x09E8,0xF81F,0xF81F,0xF81F,0xF81F,0xF81F,0xF81F,0xF81F,0xF81F,0xF81F,
    0xF81F,0xF81F,0xF81F,0xF81F,0xF81F,0xF81F,0xF81F,0xF81F,0xF81F,0xF81F,0xF81F,0xF81F,
    0xF81F,0xF81F,0xF81F,0xF81F,0xF81F,0xF81F,0xF81F,0xF81F,0xF81F,0xF81F,0xF81F,0xF81F,
    0xF81F,0xF81F,0xF81F,0xF81F,0xF81F,0xF81F,0xF81F,0xF81F,0xF81F,0x09E8,0x09E8,0x5C77,
    0x7D5C,0x7D5C,0x7D5C,0x7D5C,0x7D5C,0x7D5C,0x7D5C,0x7D5C,0x7D5C,0x7D5C,0x7D5C,0x7D5C,
    0x7D5C,0x7D5C,0x7D5C,0x7D5C,0x7D5C,0x7D5C,0x7D5C,0x7D5C,0x7D5C,0x7D5C,0x7D5C,0x7D5C,
    0x7D5C,0x7D5C,0x7D5C,0x7D5C,0x7D5C,0x7D5C,0x7D5C,0x7D5C,0x7D5C,0x7D5C,0x7D5C,0x7D5C,
    0x7D5C,0x7D5C,0x7D5C,0x7D5C,0x7D5C,0x7D5C,0x7D5C,0x7D5C,0x7D5C,0x7D5C,0x7D5C,0x7D5C,
    0x7D5C,0x7D5C,0x7D5C,0x7D5C,0x7D5C,0x7D5C,0x7D5C,0x7D5C,0x7D5C,0x7D5C,0x7D5C,0x7D5C,
    0x7D5C,0x7D5C,0x7D5C,0x7D5C,0x7D5C,0x7D5C,0x7D5C,0x7D5C,0x7D5C,0x7D5C,0x7D5C,0x7D5C,
    0x7D5C,0x7D5C,0x7D5C,0x7D5C,0x7D5C,0x7D5C,0x7D5C,0x7D5C,0x7D5C,0x7D5C,0x7D5C,0x7D5C,
    0x7D5C,0x7D5C,0x7D5C,0x7D5C,0x7D5C,0x7D5C,0x7D5C,0x7D5C,0x7D5C,0x7D5C,0x7D5C,0x7D5C,
    0x7D5C,0x7D5C,0x7D5C,0x7D5C,0x7D5C,0x7D5C,0x5C77,0x09E8,0x09E8,0xF81F,0xF81F,0xF81F,
    0xF81F,0xF81F,0xF81F,0xF81F,0xF81F,0xF81F,0xF81F,0xF81F,0xF81F,0xF81F,0xF81F,0xF81F,
    0xF81F,0xF81F,0xF81F,0xF81F,0xF81F,0xF81F,0xF81F,0xF81F,0xF81F,0xF81F,0xF81F,0xF81F,
    0xF81F,0xF81F,0xF81F,0xF81F,0xF81F,0xF81F,0xF81F,0xF81F,0xF81F,0xF81F,0xF81F,0xF81F,
    0xF81F,0xF81F,0xF81F,0x09E8,0x09E8,0x5C77,0x7D5C,0x7D5C,0x7D5C,0x7D5C,0x7D5C,0x7D5C,
    0x7D5C,0x7D5C,0x7D5C,0x7D5C,0x7D5C,0x7D5C,0x7D5C,0x7D5C,0x7D5C,0x7D5C,0x7D5C,0x7D5C,
    0x7D5C,0x7D5C,0x7D5C,0x7D5C,0x7D5C,0x7D5C,0x7D5C,0x7D5C,0x7D5C,0x7D5C,0x7D5C,0x7D5C,
    0x7D5C,0x7D5C,0x7D5C,0x7D5C,0x7D5C,0x7D5C,0x7D5C,0x7D5C,0x7D5C,0x7D5C,0x7D5C,0x7D5C,
    0x7D5C,0x7D5C,0x7D5C,0x7D5C,0x7D5C,0x7D5C,0x7D5C,0x7D5C,0x7D5C,0x7D5C,0x7D5C,0x7D5C,
    0x7D5C,0x7D5C,0x7D5C,0x7D5C,0x7D5C,0x7D5C,0x7D5C,0x7D5C,0x7D5C,0x7D5C,0x7D5C,0x7D5C,
    0x7D5C,0x7D5C,0x7D5C,0x7D5C,0x7D5C,0x7D5C,0x7D5C,0x7D5C,0x7D5C,0x7D5C,0x7D5C,0x7D5C,
    0x7D5C,0x7D5C,0x7D5C,0x7D5C,0x7D5C,0x7D5C,0x7D5C,0x7D5C,0x7D5C,0x7D5C,0x7D5C,0x7D5C,
    0x7D5C,0x7D5C,0x7D5C,0x7D5C,0x7D5C,0x7D5C,0x7D5C,0x7D5C,0x7D5C,0x7D5C,0x7D5C,0x7D5C,
    0x5C77,0x09E8,0x09E8,0xF81F,0xF81F,0xF81F,0xF81F,0xF81F,0xF81F,0xF81F,0xF81F,0xF81F,
    0xF81F,0xF81F,0xF81F,0xF81F,0xF81F,0xF81F,0xF81F,0xF81F,0xF81F,0xF81F,0xF81F,0xF81F,
    0xF81F,0xF81F,0xF81F,0xF81F,0xF81F,0xF81F,0xF81F,0xF81F,0xF81F,0xF81F,0xF81F,0xF81F,
    0xF81F,0xF81F,0xF81F,0xF81F,0xF81F,0xF81F,0xF81F,0xF81F,0xF81F,0x09E8,0x09E8,0x5C77,
    0x7D5C,0x7D5C,0x7D5C,0x7D5C,0x7D5C,0x7D5C,0x7D5C,0x7D5C,0x7D5C,0x7D5C,0x7D5C,0x7D5C,
    0x7D5C,0x7D5C,0x7D5C,0x7D5C,0x7D5C,0x7D5C,0x7D5C,0x7D5C,0x7D5C,0x7D5C,0x7D5C,0x7D5C,
    0x7D5C,0x7D5C,0x7D5C,0x7D5C,0x7D5C,0x7D5C,0x7D5C,0x7D5C,0x7D5C,0x7D5C,0x7D5C,0x7D5C,
    0x7D5C,0x7D5C,0x7D5C,0x7D5C,0x7D5C,0x7D5C,0x7D5C,0x7D5C,0x7D5C,0x7D5C,0x7D5C,0x7D5C,
    0x7D5C,0x7D5C,0x7D5C,0x7D5C,0x7D5C,0x7D5C,0x7D5C,0x7D5C,0x7D5C,0x7D5C,0x7D5C,0x7D5C,
    0x7D5C,0x7D5C,0x7D5C,0x7D5C,0x7D5C,0x7D5C,0x7D5C,0x7D5C,0x7D5C,0x7D5C,0x7D5C,0x7D5C,
    0x7D5C,0x7D5C,0x7D5C,0x7D5C,0x7D5C,0x7D5C,0x7D5C,0x7D5C,0x7D5C,0x7D5C,0x7D5C,0x7D5C,
    0x7D5C,0x7D5C,0x7D5C,0x7D5C,0x7D5C,0x7D5C,0x7D5C,0x7D5C,0x7D5C,0x7D5C,0x7D5C,0x7D5C,
    0x7D5C,0x7D5C,0x7D5C,0x7D5C,0x7D5C,0x7D5C,0x5C77,0x09E8,0x09E8,0xF81F,0xF81F,0xF81F,
    0xF81F,0xF81F,0xF81F,0xF81F,0xF81F,0xF81F,0xF81F,0xF81F,0xF81F,0xF81F,0xF81F,0xF81F,
    0xF81F,0xF81F,0xF81F,0xF81F,0xF81F,0xF81F,0xF81F,0xF81F,0xF81F,0xF81F,0xF81F,0xF81F,
    0xF81F,0xF81F,0xF81F,0xF81F,0xF81F,0xF81F,0xF81F,0xF81F,0xF81F,0xF81F,0xF81F,0xF81F,
    0xF81F,0xF81F,0xF81F,0x09E8,0x09E8,0x5C77,0x7D5C,0x7D5C,0x7D5C,0x7D5C,0x7D5C,0x7D5C,
    0x7D5C,0x7D5C,0x7D5C,0x7D5C,0x7D5C,0x7D5C,0x7D5C,0x7D5C,0x7D5C,0x7D5C,0x7D5C,0x7D5C,
    0x7D5C,0x7D5C,0x7D5C,0x7D5C,0x7D5C,0x7D5C,0x7D5C,0x7D5C,0x7D5C,0x7D5C,0x7D5C,0x7D5C,
    0x7D5C,0x7D5C,0x7D5C,0x7D5C,0x7D5C,0x7D5C,0x7D5C,0x7D5C,0x7D5C,0x7D5C,0x7D5C,0x7D5C,
    0x7D5C,0x7D5C,0x7D5C,0x7D5C,0x7D5C,0x7D5C,0x7D5C,0x7D5C,0x7D5C,0x7D5C,0x7D5C,0x7D5C,
    0x7D5C,0x7D5C,0x7D5C,0x7D5C,0x7D5C,0x7D5C,0x7D5C,0x7D5C,0x7D5C,0x7D5C,0x7D5C,0x7D5C,
    0x7D5C,0x7D5C,0x7D5C,0x7D5C,0x7D5C,0x7D5C,0x7D5C,0x7D5C,0x7D5C,0x7D5C,0x7D5C,0x7D5C,
    0x7D5C,0x7D5C,0x7D5C,0x7D5C,0x7D5C,0x7D5C,0x7D5C,0x7D5C,0x7D5C,0x7D5C,0x7D5C,0x7D5C,
    0x7D5C,0x7D5C,0x7D5C,0x7D5C,0x7D5C,0x7D5C,0x7D5C,0x7D5C,0x7D5C,0x7D5C,0x7D5C,0x7D5C,
    0x5C77,0x09E8,0x09E8,0xF81F,0xF81F,0xF81F,0xF81F,0xF81F,0xF81F,0xF81F,0xF81F,0xF81F,
    0xF81F,0xF81F,0xF81F,0xF81F,0xF81F,0xF81F,0xF81F,0xF81F,0xF81F,0xF81F,0xF81F,0xF81F,
    0xF81F,0xF81F,0xF81F,0xF81F,0xF81F,0xF81F,0xF81F,0xF81F,0xF81F,0xF81F,0xF81F,0xF81F,
    0xF81F,0xF81F,0xF81F,0xF81F,0xF81F,0xF81F,0xF81F,0xF81F,0xF81F,0x09E8,0x09E8,0x5C77,
    0x7D5C,0x7D5C,0x7D5C,0x7D5C,0x7D5C,0x7D5C,0x7D5C,0x7D5C,0x7D5C,0x7D5C,0x7D5C,0x7D5C,
    0x7D5C,0x7D5C,0x7D5C,0x7D5C,0x7D5C,0x7D5C,0x7D5C,0x7D5C,0x7D5C,0x7D5C,0x7D5C,0x7D5C,
    0x7D5C,0x7D5C,0x7D5C,0x7D5C,0x7D5C,0x7D5C,0x7D5C,0x7D5C,0x7D5C,0x7D5C,0x7D5C,0x7D5C,
    0x7D5C,0x7D5C,0x7D5C,0x7D5C,0x7D5C,0x7D5C,0x7D5C,0x7D5C,0x7D5C,0x7D5C,0x7D5C,0x7D5C,
    0x7D5C,0x7D5C,0x7D5C,0x7D5C,0x7D5C,0x7D5C,0x7D5C,0x7D5C,0x7D5C,0x7D5C,0x7D5C,0x7D5C,
    0x7D5C,0x7D5C,0x7D5C,0x7D5C,0x7D5C,0x7D5C,0x7D5C,0x7D5C,0x7D5C,0x7D5C,0x7D5C,0x7D5C,
    0x7D5C,0x7D5C,0x7D5C,0x7D5C,0x7D5C,0x7D5C,0x7D5C,0x7D5C,0x7D5C,0x7D5C,0x7D5C,0x7D5C,
    0x7D5C,0x7D5C,0x7D5C,0x7D5C,0x7D5C,0x7D5C,0x7D5C,0x7D5C,0x7D5C,0x7D5C,0x7D5C,0x7D5C,
    0x7D5C,0x7D5C,0x7D5C,0x7D5C,0x7D5C,0x7D5C,0x5C77,0x09E8,0x09E8,0xF81F,0xF81F,0xF81F,
    0xF81F,0xF81F,0xF81F,0xF81F,0xF81F,0xF81F,0xF81F,0xF81F,0xF81F,0xF81F,0xF81F,0xF81F,
    0xF81F,0xF81F,0xF81F,0xF81F,0xF81F,0xF81F,0xF81F,0xF81F,0xF81F,0xF81F,0xF81F,0xF81F,
    0xF81F,0xF81F,0xF81F,0xF81F,0xF81F,0xF81F,0xF81F,0xF81F,0xF81F,0xF81F,0xF81F,0xF81F,
    0xF81F,0xF81F,0xF81F,0x09E8,0x09E8,0x5C77,0x7D5C,0x7D5C,0x7D5C,0x7D5C,0x7D5C,0x7D5C,
    0x7D5C,0x7D5C,0x7D5C,0x7D5C,0x7D5C,0x7D5C,0x7D5C,0x7D5C,0x7D5C,0x7D5C,0x7D5C,0x7D5C,
    0x7D5C,0x7D5C,0x7D5C,0x7D5C,0x7D5C,0x7D5C,0x7D5C,0x7D5C,0x7D5C,0x7D5C,0x7D5C,0x7D5C,
    0x7D5C,0x7D5C,0x7D5C,0x7D5C,0x7D5C,0x7D5C,0x7D5C,0x7D5C,0x7D5C,0x7D5C,0x7D5C,0x7D5C,
    0x7D5C,0x7D5C,0x7D5C,0x7D5C,0x7D5C,0x7D5C,0x7D5C,0x7D5C,0x7D5C,0x7D5C,0x7D5C,0x7D5C,
    0x7D5C,0x7D5C,0x7D5C,0x7D5C,0x7D5C,0x7D5C,0x7D5C,0x7D5C,0x7D5C,0x7D5C,0x7D5C,0x7D5C,
    0x7D5C,0x7D5C,0x7D5C,0x7D5C,0x7D5C,0x7D5C,0x7D5C,0x7D5C,0x7D5C,0x7D5C,0x7D5C,0x7D5C,
    0x7D5C,0x7D5C,0x7D5C,0x7D5C,0x7D5C,0x7D5C,0x7D5C,0x7D5C,0x7D5C,0x7D5C,0x7D5C,0x7D5C,
    0x7D5C,0x7D5C,0x7D5C,0x7D5C,0x7D5C,0x7D5C,0x7D5C,0x7D5C,0x7D5C,0x7D5C,0x7D5C,0x7D5C,
    0x5C77,0x09E8,0x09E8,0xF81F,0xF81F,0xF81F,0xF81F,0xF81F,0xF81F,0xF81F,0xF81F,0xF81F,
    0xF81F,0xF81F,0xF81F,0xF81F,0xF81F,0xF81F,0xF81F,0xF81F,0xF81F,0xF81F,0xF81F,0xF81F,
    0xF81F,0xF81F,0xF81F,0xF81F,0xF81F,0xF81F,0xF81F,0xF81F,0xF81F,0xF81F,0xF81F,0xF81F,
    0xF81F,0xF81F,0xF81F,0xF81F,0xF81F,0xF81F,0xF81F,0xF81F,0xF81F,0x09E8,0x09E8,0x5C77,
    0x7D5C,0x7D5C,0x7D5C,0x7D5C,0x7D5C,0x7D5C,0x7D5C,0x7D5C,0x7D5C,0x7D5C,0x7D5C,0x7D5C,
    0x7D5C,0x7D5C,0x7D5C,0x7D5C,0x7D5C,0x7D5C,0x7D5C,0x7D5C,0x7D5C,0x7D5C,0x7D5C,0x7D5C,
    0x7D5C,0x7D5C,0x7D5C,0x7D5C,0x7D5C,0x7D5C,0x7D5C,0x7D5C,0x7D5C,0x7D5C,0x7D5C,0x7D5C,
    0x7D5C,0x7D5C,0x7D5C,0x7D5C,0x7D5C,0x7D5C,0x7D5C,0x7D5C,0x7D5C,0x7D5C,0x7D5C,0x7D5C,
    0x7D5C,0x7D5C,0x7D5C,0x7D5C,0x7D5C,0x7D5C,0x7D5C,0x7D5C,0x7D5C,0x7D5C,0x7D5C,0x7D5C,
    0x7D5C,0x7D5C,0x7D5C,0x7D5C,0x7D5C,0x7D5C,0x7D5C,0x7D5C,0x7D5C,0x7D5C,0x7D5C,0x7D5C,
    0x7D5C,0x7D5C,0x7D5C,0x7D5C,0x7D5C,0x7D5C,0x7D5C,0x7D5C,0x7D5C,0x7D5C,0x7D5C,0x7D5C,
    0x7D5C,0x7D5C,0x7D5C,0x7D5C,0x7D5C,0x7D5C,0x7D5C,0x7D5C,0x7D5C,0x7D5C,0x7D5C,0x7D5C,
    0x7D5C,0x7D5C,0x7D5C,0x7D5C,0x7D5C,0x7D5C,0x5C77,0x09E8,0x09E8,0xF81F,0xF81F,0xF81F,
    0xF81F,0xF81F,0xF81F,0xF81F,0xF81F,0xF81F,0xF81F,0xF81F,0xF81F,0xF81F,0xF81F,0xF81F,
    0xF81F,0xF81F,0xF81F,0xF81F,0xF81F,0xF81F,0xF81F,0xF81F,0xF81F,0xF81F,0xF81F,0xF81F,
    0xF81F,0xF81F,0xF81F,0xF81F,0xF81F,0xF81F,0xF81F,0xF81F,0xF81F,0xF81F,0xF81F,0xF81F,
    0xF81F,0xF81F,0xF81F,0x09E8,0x09E8,0x5C77,0x7D5C,0x7D5C,0x7D5C,0x7D5C,0x7D5C,0x7D5C,
    0x7D5C,0x7D5C,0x7D5C,0x7D5C,0x7D5C,0x7D5C,0x7D5C,0x7D5C,0x7D5C,0x7D5C,0x7D5C,0x7D5C,
    0x7D5C,0x7D5C,0x7D5C,0x7D5C,0x7D5C,0x7D5C,0x7D5C,0x7D5C,0x7D5C,0x7D5C,0x7D5C,0x7D5C,
    0x7D5C,0x7D5C,0x7D5C,0x7D5C,0x7D5C,0x7D5C,0x7D5C,0x7D5C,0x7D5C,0x7D5C,0x7D5C,0x7D5C,
    0x7D5C,0x7D5C,0x7D5C,0x7D5C,0x7D5C,0x7D5C,0x7D5C,0x7D5C,0x7D5C,0x7D5C,0x7D5C,0x7D5C,
    0x7D5C,0x7D5C,0x7D5C,0x7D5C,0x7D5C,0x7D5C,0x7D5C,0x7D5C,0x7D5C,0x7D5C,0x7D5C,0x7D5C,
    0x7D5C,0x7D5C,0x7D5C,0x7D5C,0x7D5C,0x7D5C,0x7D5C,0x7D5C,0x7D5C,0x7D5C,0x7D5C,0x7D5C,
    0x7D5C,0x7D5C,0x7D5C,0x7D5C,0x7D5C,0x7D5C,0x7D5C,0x7D5C,0x7D5C,0x7D5C,0x7D5C,0x7D5C,
    0x7D5C,0x7D5C,0x7D5C,0x7D5C,0x7D5C,0x7D5C,0x7D5C,0x7D5C,0x7D5C,0x7D5C,0x7D5C,0x7D5C,
    0x5C77,0x09E8,0x09E8,0xF81F,0xF81F,0xF81F,0xF81F,0xF81F,0xF81F,0xF81F,0xF81F,0xF81F,
    0xF81F,0xF81F,0xF81F,0xF81F,0xF81F,0xF81F,0xF81F,0xF81F,0xF81F,0xF81F,0xF81F,0xF81F,
    0xF81F,0xF81F,0xF81F,0xF81F,0xF81F,0xF81F,0xF81F,0xF81F,0xF81F,0xF81F,0xF81F,0xF81F,
    0xF81F,0xF81F,0xF81F,0xF81F,0xF81F,0xF81F,0xF81F,0xF81F,0xF81F,0x09E8,0x09E8,0x5C77,
    0x7D5C,0x7D5C,0x7D5C,0x7D5C,0x7D5C,0x7D5C,0x7D5C,0x7D5C,0x7D5C,0x7D5C,0x7D5C,0x7D5C,
    0x7D5C,0x7D5C,0x7D5C,0x7D5C,0x7D5C,0x7D5C,0x7D5C,0x7D5C,0x7D5C,0x7D5C,0x7D5C,0x7D5C,
    0x7D5C,0x7D5C,0x7D5C,0x7D5C,0x7D5C,0x7D5C,0x7D5C,0x7D5C,0x7D5C,0x7D5C,0x7D5C,0x7D5C,
    0x7D5C,0x7D5C,0x7D5C,0x7D5C,0x7D5C,0x7D5C,0x7D5C,0x7D5C,0x7D5C,0x7D5C,0x7D5C,0x7D5C,
    0x7D5C,0x7D5C,0x7D5C,0x7D5C,0x7D5C,0x7D5C,0x7D5C,0x7D5C,0x7D5C,0x7D5C,0x7D5C,0x7D5C,
    0x7D5C,0x7D5C,0x7D5C,0x7D5C,0x7D5C,0x7D5C,0x7D5C,0x7D5C,0x7D5C,0x7D5C,0x7D5C,0x7D5C,
    0x7D5C,0x7D5C,0x7D5C,0x7D5C,0x7D5C,0x7D5C,0x7D5C,0x7D5C,0x7D5C,0x7D5C,0x7D5C,0x7D5C,
    0x7D5C,0x7D5C,0x7D5C,0x7D5C,0x7D5C,0x7D5C,0x7D5C,0x7D5C,0x7D5C,0x7D5C,0x7D5C,0x7D5C,
    0x7D5C,0x7D5C,0x7D5C,0x7D5C,0x7D5C,0x7D5C,0x5C77,0x09E8,0x09E8,0xF81F,0xF81F,0xF81F,
    0xF81F,0xF81F,0xF81F,0xF81F,0xF81F,0xF81F,0xF81F,0xF81F,0xF81F,0xF81F,0xF81F,0xF81F,
    0xF81F,0xF81F,0xF81F,0xF81F,0xF81F,0xF81F,0xF81F,0xF81F,0xF81F,0xF81F,0xF81F,0xF81F,
    0xF81F,0xF81F,0xF81F,0xF81F,0xF81F,0xF81F,0xF81F,0xF81F,0xF81F,0xF81F,0xF81F,0xF81F,
    0xF81F,0xF81F,0xF81F,0x09E8,0x09E8,0x5C77,0x7D5C,0x7D5C,0x7D5C,0x7D5C,0x7D5C,0x7D5C,
    0x7D5C,0x7D5C,0x7D5C,0x7D5C,0x7D5C,0x7D5C,0x7D5C,0x7D5C,0x7D5C,0x7D5C,0x7D5C,0x7D5C,
    0x7D5C,0x7D5C,0x7D5C,0x7D5C,0x7D5C,0x7D5C,0x7D5C,0x7D5C,0x7D5C,0x7D5C,0x7D5C,0x7D5C,
    0x7D5C,0x7D5C,0x7D5C,0x7D5C,0x7D5C,0x7D5C,0x7D5C,0x7D5C,0x7D5C,0x7D5C,0x7D5C,0x7D5C,
    0x7D5C,0x7D5C,0x7D5C,0x7D5C,0x7D5C,0x7D5C,0x7D5C,0x7D5C,0x7D5C,0x7D5C,0x7D5C,0x7D5C,
    0x7D5C,0x7D5C,0x7D5C,0x7D5C,0x7D5C,0x7D5C,0x7D5C,0x7D5C,0x7D5C,0x7D5C,0x7D5C,0x7D5C,
    0x7D5C,0x7D5C,0x7D5C,0x7D5C,0x7D5C,0x7D5C,0x7D5C,0x7D5C,0x7D5C,0x7D5C,0x7D5C,0x7D5C,
    0x7D5C,0x7D5C,0x7D5C,0x7D5C,0x7D5C,0x7D5C,0x7D5C,0x7D5C,0x7D5C,0x7D5C,0x7D5C,0x7D5C,
    0x7D5C,0x7D5C,0x7D5C,0x7D5C,0x7D5C,0x7D5C,0x7D5C,0x7D5C,0x7D5C,0x7D5C,0x7D5C,0x7D5C,
    0x5C77,0x09E8,0x09E8,0xF81F,0xF81F,0xF81F,0xF81F,0xF81F,0xF81F,0xF81F,0xF81F,0xF81F,
    0xF81F,0xF81F,0xF81F,0xF81F,0xF81F,0xF81F,0xF81F,0xF81F,0xF81F,0xF81F,0xF81F,0xF81F,
    0xF81F,0xF81F,0xF81F,0xF81F,0xF81F,0xF81F,0xF81F,0xF81F,0xF81F,0xF81F,0xF81F,0xF81F,
    0xF81F,0xF81F,0xF81F,0xF81F,0xF81F,0xF81F,0xF81F,0xF81F,0xF81F,0x09E8,0x09E8,0x5C77,
    0x7D5C,0x7D5C,0x7D5C,0x7D5C,0x7D5C,0x7D5C,0x7D5C,0x7D5C,0x7D5C,0x7D5C,0x7D5C,0x7D5C,
    0x7D5C,0x7D5C,0x7D5C,0x7D5C,0x7D5C,0x7D5C,0x7D5C,0x7D5C,0x7D5C,0x7D5C,0x7D5C,0x7D5C,
    0x7D5C,0x7D5C,0x7D5C,0x7D5C,0x7D5C,0x7D5C,0x7D5C,0x7D5C,0x7D5C,0x7D5C,0x7D5C,0x7D5C,
    0x7D5C,0x7D5C,0x7D5C,0x7D5C,0x7D5C,0x7D5C,0x7D5C,0x7D5C,0x7D5C,0x7D5C,0x7D5C,0x7D5C,
    0x7D5C,0x7D5C,0x7D5C,0x7D5C,0x7D5C,0x7D5C,0x7D5C,0x7D5C,0x7D5C,0x7D5C,0x7D5C,0x7D5C,
    0x7D5C,0x7D5C,0x7D5C,0x7D5C,0x7D5C,0x7D5C,0x7D5C,0x7D5C,0x7D5C,0x7D5C,0x7D5C,0x7D5C,
    0x7D5C,0x7D5C,0x7D5C,0x7D5C,0x7D5C,0x7D5C,0x7D5C,0x7D5C,0x7D5C,0x7D5C,0x7D5C,0x7D5C,
    0x7D5C,0x7D5C,0x7D5C,0x7D5C,0x7D5C,0x7D5C,0x7D5C,0x7D5C,0x7D5C,0x7D5C,0x7D5C,0x7D5C,
    0x7D5C,0x7D5C,0x7D5C,0x7D5C,0x7D5C,0x7D5C,0x5C77,0x09E8,0x09E8,0xF81F,0xF81F,0xF81F,
    0xF81F,0xF81F,0xF81F,0xF81F,0xF81F,0xF81F,0xF81F,0xF81F,0xF81F,0xF81F,0xF81F,0xF81F,
    0xF81F,0xF81F,0xF81F,0xF81F,0xF81F,0xF81F,0xF81F,0xF81F,0xF81F,0xF81F,0xF81F,0xF81F,
    0xF81F,0xF81F,0xF81F,0xF81F,0xF81F,0xF81F,0xF81F,0xF81F,0xF81F,0xF81F,0xF81F,0xF81F,
    0xF81F,0xF81F,0xF81F,0x09E8,0x09E8,0x5C77,0x7D5C,0x7D5C,0x7D5C,0x7D5C,0x7D5C,0x7D5C,
    0x7D5C,0x7D5C,0x7D5C,0x7D5C,0x7D5C,0x7D5C,0x7D5C,0x7D5C,0x7D5C,0x7D5C,0x7D5C,0x7D5C,
    0x7D5C,0x7D5C,0x7D5C,0x7D5C,0x7D5C,0x7D5C,0x7D5C,0x7D5C,0x7D5C,0x7D5C,0x7D5C,0x7D5C,
    0x7D5C,0x7D5C,0x7D5C,0x7D5C,0x7D5C,0x7D5C,0x7D5C,0x7D5C,0x7D5C,0x7D5C,0x7D5C,0x7D5C,
    0x7D5C,0x7D5C,0x7D5C,0x7D5C,0x7D5C,0x7D5C,0x7D5C,0x7D5C,0x7D5C,0x7D5C,0x7D5C,0x7D5C,
    0x7D5C,0x7D5C,0x7D5C,0x7D5C,0x7D5C,0x7D5C,0x7D5C,0x7D5C,0x7D5C,0x7D5C,0x7D5C,0x7D5C,
    0x7D5C,0x7D5C,0x7D5C,0x7D5C,0x7D5C,0x7D5C,0x7D5C,0x7D5C,0x7D5C,0x7D5C,0x7D5C,0x7D5C,
    0x7D5C,0x7D5C,0x7D5C,0x7D5C,0x7D5C,0x7D5C,0x7D5C,0x7D5C,0x7D5C,0x7D5C,0x7D5C,0x7D5C,
    0x7D5C,0x7D5C,0x7D5C,0x7D5C,0x7D5C,0x7D5C,0x7D5C,0x7D5C,0x7D5C,0x7D5C,0x7D5C,0x7D5C,
    0x5C77,0x09E8,0x09E8,0xF81F,0xF81F,0xF81F,0xF81F,0xF81F,0xF81F,0xF81F,0xF81F,0xF81F,
    0xF81F,0xF81F,0xF81F,0xF81F,0xF81F,0xF81F,0xF81F,0xF81F,0xF81F,0xF81F,0xF81F,0xF81F,
    0xF81F,0xF81F,0xF81F,0xF81F,0xF81F,0xF81F,0xF81F,0xF81F,0xF81F,0xF81F,0xF81F,0xF81F,
    0xF81F,0xF81F,0xF81F,0xF81F,0xF81F,0xF81F,0xF81F,0xF81F,0xF81F,0x09E8,0x09E8,0x5C77,
    0x7D5C,0x7D5C,0x7D5C,0x7D5C,0x7D5C,0x7D5C,0x7D5C,0x7D5C,0x7D5C,0x7D5C,0x7D5C,0x7D5C,
    0x7D5C,0x7D5C,0x7D5C,0x7D5C,0x7D5C,0x7D5C,0x7D5C,0x7D5C,0x7D5C,0x7D5C,0x7D5C,0x7D5C,
    0x7D5C,0x7D5C,0x7D5C,0x7D5C,0x7D5C,0x7D5C,0x7D5C,0x7D5C,0x7D5C,0x7D5C,0x7D5C,0x7D5C,
    0x7D5C,0x7D5C,0x7D5C,0x7D5C,0x7D5C,0x7D5C,0x7D5C,0x7D5C,0x7D5C,0x7D5C,0x7D5C,0x7D5C,
    0x7D5C,0x7D5C,0x7D5C,0x7D5C,0x7D5C,0x7D5C,0x7D5C,0x7D5C,0x7D5C,0x7D5C,0x7D5C,0x7D5C,
    0x7D5C,0x7D5C,0x7D5C,0x7D5C,0x7D5C,0x7D5C,0x7D5C,0x7D5C,0x7D5C,0x7D5C,0x7D5C,0x7D5C,
    0x7D5C,0x7D5C,0x7D5C,0x7D5C,0x7D5C,0x7D5C,0x7D5C,0x7D5C,0x7D5C,0x7D5C,0x7D5C,0x7D5C,
    0x7D5C,0x7D5C,0x7D5C,0x7D5C,0x7D5C,0x7D5C,0x7D5C,0x7D5C,0x7D5C,0x7D5C,0x7D5C,0x7D5C,
    0x7D5C,0x7D5C,0x7D5C,0x7D5C,0x7D5C,0x7D5C,0x5C77,0x09E8,0x09E8,0xF81F,0xF81F,0xF81F,
    0xF81F,0xF81F,0xF81F,0xF81F,0xF81F,0xF81F,0xF81F,0xF81F,0xF81F,0xF81F,0xF81F,0xF81F,
    0xF81F,0xF81F,0xF81F,0xF81F,0xF81F,0xF81F,0xF81F,0xF81F,0xF81F,0xF81F,0xF81F,0xF81F,
    0xF81F,0xF81F,0xF81F,0xF81F,0xF81F,0xF81F,0xF81F,0xF81F,0xF81F,0xF81F,0xF81F,0xF81F,
    0xF81F,0xF81F,0xF81F,0x09E8,0x09E8,0x5C77,0x7D5C,0x7D5C,0x7D5C,0x7D5C,0x7D5C,0x7D5C,
    0x7D5C,0x7D5C,0x7D5C,0x7D5C,0x7D5C,0x7D5C,0x7D5C,0x7D5C,0x7D5C,0x7D5C,0x7D5C,0x7D5C,
    0x7D5C,0x7D5C,0x7D5C,0x7D5C,0x7D5C,0x7D5C,0x7D5C,0x7D5C,0x7D5C,0x7D5C,0x7D5C,0x7D5C,
    0x7D5C,0x7D5C,0x7D5C,0x7D5C,0x7D5C,0x7D5C,0x7D5C,0x7D5C,0x7D5C,0x7D5C,0x7D5C,0x7D5C,
    0x7D5C,0x7D5C,0x7D5C,0x7D5C,0x7D5C,0x7D5C,0x7D5C,0x7D5C,0x7D5C,0x7D5C,0x7D5C,0x7D5C,
    0x7D5C,0x7D5C,0x7D5C,0x7D5C,0x7D5C,0x7D5C,0x7D5C,0x7D5C,0x7D5C,0x7D5C,0x7D5C,0x7D5C,
    0x7D5C,0x7D5C,0x7D5C,0x7D5C,0x7D5C,0x7D5C,0x7D5C,0x7D5C,0x7D5C,0x7D5C,0x7D5C,0x7D5C,
    0x7D5C,0x7D5C,0x7D5C,0x7D5C,0x7D5C,0x7D5C,0x7D5C,0x7D5C,0x7D5C,0x7D5C,0x7D5C,0x7D5C,
    0x7D5C,0x7D5C,0x7D5C,0x7D5C,0x7D5C,0x7D5C,0x7D5C,0x7D5C,0x7D5C,0x7D5C,0x7D5C,0x7D5C,
    0x5C77,0x09E8,0x09E8,0xF81F,0xF81F,0xF81F,0xF81F,0xF81F,0xF81F,0xF81F,0xF81F,0xF81F,
    0xF81F,0xF81F,0xF81F,0xF81F,0xF81F,0xF81F,0xF81F,0xF81F,0xF81F,0xF81F,0xF81F,0xF81F,
    0xF81F,0xF81F,0xF81F,0xF81F,0xF81F,0xF81F,0xF81F,0xF81F,0xF81F,0xF81F,0xF81F,0xF81F,
    0xF81F,0xF81F,0xF81F,0xF81F,0xF81F,0xF81F,0xF81F,0xF81F,0xF81F,0x09E8,0x09E8,0x5C77,
    0x7D5C,0x7D5C,0x7D5C,0x7D5C,0x7D5C,0x7D5C,0x7D5C,0x7D5C,0x7D5C,0x7D5C,0x7D5C,0x7D5C,
    0x7D5C,0x7D5C,0x7D5C,0x7D5C,0x7D5C,0x7D5C,0x7D5C,0x7D5C,0x7D5C,0x7D5C,0x7D5C,0x7D5C,
    0x7D5C,0x7D5C,0x7D5C,0x7D5C,0x7D5C,0x7D5C,0x7D5C,0x7D5C,0x7D5C,0x7D5C,0x7D5C,0x7D5C,
    0x7D5C,0x7D5C,0x7D5C,0x7D5C,0x7D5C,0x7D5C,0x7D5C,0x7D5C,0x7D5C,0x7D5C,0x7D5C,0x7D5C,
    0x7D5C,0x7D5C,0x7D5C,0x7D5C,0x7D5C,0x7D5C,0x7D5C,0x7D5C,0x7D5C,0x7D5C,0x7D5C,0x7D5C,
    0x7D5C,0x7D5C,0x7D5C,0x7D5C,0x7D5C,0x7D5C,0x7D5C,0x7D5C,0x7D5C,0x7D5C,0x7D5C,0x7D5C,
    0x7D5C,0x7D5C,0x7D5C,0x7D5C,0x7D5C,0x7D5C,0x7D5C,0x7D5C,0x7D5C,0x7D5C,0x7D5C,0x7D5C,
    0x7D5C,0x7D5C,0x7D5C,0x7D5C,0x7D5C,0x7D5C,0x7D5C,0x7D5C,0x7D5C,0x7D5C,0x7D5C,0x7D5C,
    0x7D5C,0x7D5C,0x7D5C,0x7D5C,0x7D5C,0x7D5C,0x5C77,0x09E8,0x09E8,0xF81F,0xF81F,0xF81F,
    0xF81F,0xF81F,0xF81F,0xF81F,0xF81F,0xF81F,0xF81F,0xF81F,0xF81F,0xF81F,0xF81F,0xF81F,
    0xF81F,0xF81F,0xF81F,0xF81F,0xF81F,0xF81F,0xF81F,0xF81F,0xF81F,0xF81F,0xF81F,0xF81F,
    0xF81F,0xF81F,0xF81F,0xF81F,0xF81F,0xF81F,0xF81F,0xF81F,0xF81F,0xF81F,0xF81F,0xF81F,
    0xF81F,0xF81F,0xF81F,0x09E8,0x09E8,0x5C77,0x7D5C,0x7D5C,0x7D5C,0x7D5C,0x7D5C,0x7D5C,
    0x7D5C,0x7D5C,0x7D5C,0x7D5C,0x7D5C,0x7D5C,0x7D5C,0x7D5C,0x7D5C,0x7D5C,0x7D5C,0x7D5C,
    0x7D5C,0x7D5C,0x7D5C,0x7D5C,0x7D5C,0x7D5C,0x7D5C,0x7D5C,0x7D5C,0x7D5C,0x7D5C,0x7D5C,
    0x7D5C,0x7D5C,0x7D5C,0x7D5C,0x7D5C,0x7D5C,0x7D5C,0x7D5C,0x7D5C,0x7D5C,0x7D5C,0x7D5C,
    0x7D5C,0x7D5C,0x7D5C,0x7D5C,0x7D5C,0x7D5C,0x7D5C,0x7D5C,0x7D5C,0x7D5C,0x7D5C,0x7D5C,
    0x7D5C,0x7D5C,0x7D5C,0x7D5C,0x7D5C,0x7D5C,0x7D5C,0x7D5C,0x7D5C,0x7D5C,0x7D5C,0x7D5C,
    0x7D5C,0x7D5C,0x7D5C,0x7D5C,0x7D5C,0x7D5C,0x7D5C,0x7D5C,0x7D5C,0x7D5C,0x7D5C,0x7D5C,
    0x7D5C,0x7D5C,0x7D5C,0x7D5C,0x7D5C,0x7D5C,0x7D5C,0x7D5C,0x7D5C,0x7D5C,0x7D5C,0x7D5C,
    0x7D5C,0x7D5C,0x7D5C,0x7D5C,0x7D5C,0x7D5C,0x7D5C,0x7D5C,0x7D5C,0x7D5C,0x7D5C,0x7D5C,
    0x5C77,0x09E8,0x09E8,0xF81F,0xF81F,0xF81F,0xF81F,0xF81F,0xF81F,0xF81F,0xF81F,0xF81F,
    0xF81F,0xF81F,0xF81F,0xF81F,0xF81F,0xF81F,0xF81F,0xF81F,0xF81F,0xF81F,0xF81F,0xF81F,
    0xF81F,0xF81F,0xF81F,0xF81F,0xF81F,0xF81F,0xF81F,0xF81F,0xF81F,0xF81F,0xF81F,0xF81F,
    0xF81F,0xF81F,0xF81F,0xF81F,0xF81F,0xF81F,0xF81F,0xF81F,0xF81F,0x09E8,0x09E8,0x5C77,
    0x7D5C,0x7D5C,0x7D5C,0x7D5C,0x7D5C,0x7D5C,0x7D5C,0x7D5C,0x7D5C,0x7D5C,0x7D5C,0x7D5C,
    0x7D5C,0x7D5C,0x7D5C,0x7D5C,0x7D5C,0x7D5C,0x7D5C,0x7D5C,0x7D5C,0x7D5C,0x7D5C,0x7D5C,
    0x7D5C,0x7D5C,0x7D5C,0x7D5C,0x7D5C,0x7D5C,0x7D5C,0x7D5C,0x7D5C,0x7D5C,0x7D5C,0x7D5C,
    0x7D5C,0x7D5C,0x7D5C,0x7D5C,0x7D5C,0x7D5C,0x7D5C,0x7D5C,0x7D5C,0x7D5C,0x7D5C,0x7D5C,
    0x7D5C,0x7D5C,0x7D5C,0x7D5C,0x7D5C,0x7D5C,0x7D5C,0x7D5C,0x7D5C,0x7D5C,0x7D5C,0x7D5C,
    0x7D5C,0x7D5C,0x7D5C,0x7D5C,0x7D5C,0x7D5C,0x7D5C,0x7D5C,0x7D5C,0x7D5C,0x7D5C,0x7D5C,
    0x7D5C,0x7D5C,0x7D5C,0x7D5C,0x7D5C,0x7D5C,0x7D5C,0x7D5C,0x7D5C,0x7D5C,0x7D5C,0x7D5C,
    0x7D5C,0x7D5C,0x7D5C,0x7D5C,0x7D5C,0x7D5C,0x7D5C,0x7D5C,0x7D5C,0x7D5C,0x7D5C,0x7D5C,
    0x7D5C,0x7D5C,0x7D5C,0x7D5C,0x7D5C,0x7D5C,0x5C77,0x09E8,0x09E8,0xF81F,0xF81F,0xF81F,
    0xF81F,0xF81F,0xF81F,0xF81F,0xF81F,0xF81F,0xF81F,0xF81F,0xF81F,0xF81F,0xF81F,0xF81F,
    0xF81F,0xF81F,0xF81F,0xF81F,0xF81F,0xF81F,0xF81F,0xF81F,0xF81F,0xF81F,0xF81F,0xF81F,
    0xF81F,0xF81F,0xF81F,0xF81F,0xF81F,0xF81F,0xF81F,0xF81F,0xF81F,0xF81F,0xF81F,0xF81F,
    0xF81F,0xF81F,0xF81F,0x09E8,0x09E8,0x5C77,0x7D5C,0x7D5C,0x7D5C,0x7D5C,0x7D5C,0x7D5C,
    0x7D5C,0x7D5C,0x7D5C,0x7D5C,0x7D5C,0x7D5C,0x7D5C,0x7D5C,0x7D5C,0x7D5C,0x7D5C,0x7D5C,
    0x7D5C,0x7D5C,0x7D5C,0x7D5C,0x7D5C,0x7D5C,0x7D5C,0x7D5C,0x7D5C,0x7D5C,0x7D5C,0x7D5C,
    0x7D5C,0x7D5C,0x7D5C,0x7D5C,0x7D5C,0x7D5C,0x7D5C,0x7D5C,0x7D5C,0x7D5C,0x7D5C,0x7D5C,
    0x7D5C,0x7D5C,0x7D5C,0x7D5C,0x7D5C,0x7D5C,0x7D5C,0x7D5C,0x7D5C,0x7D5C,0x7D5C,0x7D5C,
    0x7D5C,0x7D5C,0x7D5C,0x7D5C,0x7D5C,0x7D5C,0x7D5C,0x7D5C,0x7D5C,0x7D5C,0x7D5C,0x7D5C,
    0x7D5C,0x7D5C,0x7D5C,0x7D5C,0x7D5C,0x7D5C,0x7D5C,0x7D5C,0x7D5C,0x7D5C,0x7D5C,0x7D5C,
    0x7D5C,0x7D5C,0x7D5C,0x7D5C,0x7D5C,0x7D5C,0x7D5C,0x7D5C,0x7D5C,0x7D5C,0x7D5C,0x7D5C,
    0x7D5C,0x7D5C,0x7D5C,0x7D5C,0x7D5C,0x7D5C,0x7D5C,0x7D5C,0x7D5C,0x7D5C,0x7D5C,0x7D5C,
    0x5C77,0x09E8,0x09E8,0xF81F,0xF81F,0xF81F,0xF81F,0xF81F,0xF81F,0xF81F,0xF81F,0xF81F,
    0xF81F,0xF81F,0xF81F,0xF81F,0xF81F,0xF81F,0xF81F,0xF81F,0xF81F,0xF81F,0xF81F,0xF81F,
    0xF81F,0xF81F,0xF81F,0xF81F,0xF81F,0xF81F,0xF81F,0xF81F,0xF81F,0xF81F,0xF81F,0xF81F,
    0xF81F,0xF81F,0xF81F,0xF81F,0xF81F,0xF81F,0xF81F,0xF81F,0xF81F,0x09E8,0x09E8,0x5C77,
    0x7D5C,0x7D5C,0x7D5C,0x7D5C,0x7D5C,0x7D5C,0x7D5C,0x7D5C,0x7D5C,0x7D5C,0x7D5C,0x7D5C,
    0x7D5C,0x7D5C,0x7D5C,0x7D5C,0x7D5C,0x7D5C,0x7D5C,0x7D5C,0x7D5C,0x7D5C,0x7D5C,0x7D5C,
    0x7D5C,0x7D5C,0x7D5C,0x7D5C,0x7D5C,0x7D5C,0x7D5C,0x7D5C,0x7D5C,0x7D5C,0x7D5C,0x7D5C,
    0x7D5C,0x7D5C,0x7D5C,0x7D5C,0x7D5C,0x7D5C,0x7D5C,0x7D5C,0x7D5C,0x7D5C,0x7D5C,0x7D5C,
    0x7D5C,0x7D5C,0x7D5C,0x7D5C,0x7D5C,0x7D5C,0x7D5C,0x7D5C,0x7D5C,0x7D5C,0x7D5C,0x7D5C,
    0x7D5C,0x7D5C,0x7D5C,0x7D5C,0x7D5C,0x7D5C,0x7D5C,0x7D5C,0x7D5C,0x7D5C,0x7D5C,0x7D5C,
    0x7D5C,0x7D5C,0x7D5C,0x7D5C,0x7D5C,0x7D5C,0x7D5C,0x7D5C,0x7D5C,0x7D5C,0x7D5C,0x7D5C,
    0x7D5C,0x7D5C,0x7D5C,0x7D5C,0x7D5C,0x7D5C,0x7D5C,0x7D5C,0x7D5C,0x7D5C,0x7D5C,0x7D5C,
    0x7D5C,0x7D5C,0x7D5C,0x7D5C,0x7D5C,0x7D5C,0x5C77,0x09E8,0x09E8,0xF81F,0xF81F,0xF81F,
    0xF81F,0xF81F,0xF81F,0xF81F,0xF81F,0xF81F,0xF81F,0xF81F,0xF81F,0xF81F,0xF81F,0xF81F,
    0xF81F,0xF81F,0xF81F,0xF81F,0xF81F,0xF81F,0xF81F,0xF81F,0xF81F,0xF81F,0xF81F,0xF81F,
    0xF81F,0xF81F,0xF81F,0xF81F,0xF81F,0xF81F,0xF81F,0xF81F,0xF81F,0xF81F,0xF81F,0xF81F,
    0xF81F,0xF81F,0xF81F,0x09E8,0x09E8,0x5C77,0x7D5C,0x7D5C,0x7D5C,0x7D5C,0x7D5C,0x7D5C,
    0x7D5C,0x7D5C,0x7D5C,0x7D5C,0x7D5C,0x7D5C,0x7D5C,0x7D5C,0x7D5C,0x7D5C,0x7D5C,0x7D5C,
    0x7D5C,0x7D5C,0x7D5C,0x7D5C,0x7D5C,0x7D5C,0x7D5C,0x7D5C,0x7D5C,0x7D5C,0x7D5C,0x7D5C,
    0x7D5C,0x7D5C,0x7D5C,0x7D5C,0x7D5C,0x7D5C,0x7D5C,0x7D5C,0x7D5C,0x7D5C,0x7D5C,0x7D5C,
    0x7D5C,0x7D5C,0x7D5C,0x7D5C,0x7D5C,0x7D5C,0x7D5C,0x7D5C,0x7D5C,0x7D5C,0x7D5C,0x7D5C,
    0x7D5C,0x7D5C,0x7D5C,0x7D5C,0x7D5C,0x7D5C,0x7D5C,0x7D5C,0x7D5C,0x7D5C,0x7D5C,0x7D5C,
    0x7D5C,0x7D5C,0x7D5C,0x7D5C,0x7D5C,0x7D5C,0x7D5C,0x7D5C,0x7D5C,0x7D5C,0x7D5C,0x7D5C,
    0x7D5C,0x7D5C,0x7D5C,0x7D5C,0x7D5C,0x7D5C,0x7D5C,0x7D5C,0x7D5C,0x7D5C,0x7D5C,0x7D5C,
    0x7D5C,0x7D5C,0x7D5C,0x7D5C,0x7D5C,0x7D5C,0x7D5C,0x7D5C,0x7D5C,0x7D5C,0x7D5C,0x7D5C,
    0x5C77,0x09E8,0x09E8,0xF81F,0xF81F,0xF81F,0xF81F,0xF81F,0xF81F,0xF81F,0xF81F,0xF81F,
    0xF81F,0xF81F,0xF81F,0xF81F,0xF81F,0xF81F,0xF81F,0xF81F,0xF81F,0xF81F,0xF81F,0xF81F,
    0xF81F,0xF81F,0xF81F,0xF81F,0xF81F,0xF81F,0xF81F,0xF81F,0xF81F,0xF81F,0xF81F,0xF81F,
    0xF81F,0xF81F,0xF81F,0xF81F,0xF81F,0xF81F,0xF81F,0xF81F,0xF81F,0x09E8,0x09E8,0x5C77,
    0x7D5C,0x7D5C,0x7D5C,0x7D5C,0x7D5C,0x7D5C,0x7D5C,0x7D5C,0x7D5C,0x7D5C,0x7D5C,0x7D5C,
    0x7D5C,0x7D5C,0x7D5C,0x7D5C,0x7D5C,0x7D5C,0x7D5C,0x7D5C,0x7D5C,0x7D5C,0x7D5C,0x7D5C,
    0x7D5C,0x7D5C,0x7D5C,0x7D5C,0x7D5C,0x7D5C,0x7D5C,0x7D5C,0x7D5C,0x7D5C,0x7D5C,0x7D5C,
    0x7D5C,0x7D5C,0x7D5C,0x7D5C,0x7D5C,0x7D5C,0x7D5C,0x7D5C,0x7D5C,0x7D5C,0x7D5C,0x7D5C,
    0x7D5C,0x7D5C,0x7D5C,0x7D5C,0x7D5C,0x7D5C,0x7D5C,0x7D5C,0x7D5C,0x7D5C,0x7D5C,0x7D5C,
    0x7D5C,0x7D5C,0x7D5C,0x7D5C,0x7D5C,0x7D5C,0x7D5C,0x7D5C,0x7D5C,0x7D5C,0x7D5C,0x7D5C,
    0x7D5C,0x7D5C,0x7D5C,0x7D5C,0x7D5C,0x7D5C,0x7D5C,0x7D5C,0x7D5C,0x7D5C,0x7D5C,0x7D5C,
    0x7D5C,0x7D5C,0x7D5C,0x7D5C,0x7D5C,0x7D5C,0x7D5C,0x7D5C,0x7D5C,0x7D5C,0x7D5C,0x7D5C,
    0x7D5C,0x7D5C,0x7D5C,0x7D5C,0x7D5C,0x7D5C,0x5C77,0x09E8,0x09E8,0xF81F,0xF81F,0xF81F,
    0xF81F,0xF81F,0xF81F,0xF81F,0xF81F,0xF81F,0xF81F,0xF81F,0xF81F,0xF81F,0xF81F,0xF81F,
    0xF81F,0xF81F,0xF81F,0xF81F,0xF81F,0xF81F,0xF81F,0xF81F,0xF81F,0xF81F,0xF81F,0xF81F,
    0xF81F,0xF81F,0xF81F,0xF81F,0xF81F,0xF81F,0xF81F,0xF81F,0xF81F,0xF81F,0xF81F,0xF81F,
    0xF81F,0xF81F,0xF81F,0x09E8,0x09E8,0x5C77,0x7D5C,0x7D5C,0x7D5C,0x7D5C,0x7D5C,0x7D5C,
    0x7D5C,0x7D5C,0x7D5C,0x7D5C,0x7D5C,0x7D5C,0x7D5C,0x7D5C,0x7D5C,0x7D5C,0x7D5C,0x7D5C,
    0x7D5C,0x7D5C,0x7D5C,0x7D5C,0x7D5C,0x7D5C,0x7D5C,0x7D5C,0x7D5C,0x7D5C,0x7D5C,0x7D5C,
    0x7D5C,0x7D5C,0x7D5C,0x7D5C,0x7D5C,0x7D5C,0x7D5C,0x7D5C,0x7D5C,0x7D5C,0x7D5C,0x7D5C,
    0x7D5C,0x7D5C,0x7D5C,0x7D5C,0x7D5C,0x7D5C,0x7D5C,0x7D5C,0x7D5C,0x7D5C,0x7D5C,0x7D5C,
    0x7D5C,0x7D5C,0x7D5C,0x7D5C,0x7D5C,0x7D5C,0x7D5C,0x7D5C,0x7D5C,0x7D5C,0x7D5C,0x7D5C,
    0x7D5C,0x7D5C,0x7D5C,0x7D5C,0x7D5C,0x7D5C,0x7D5C,0x7D5C,0x7D5C,0x7D5C,0x7D5C,0x7D5C,
    0x7D5C,0x7D5C,0x7D5C,0x7D5C,0x7D5C,0x7D5C,0x7D5C,0x7D5C,0x7D5C,0x7D5C,0x7D5C,0x7D5C,
    0x7D5C,0x7D5C,0x7D5C,0x7D5C,0x7D5C,0x7D5C,0x7D5C,0x7D5C,0x7D5C,0x7D5C,0x7D5C,0x7D5C,
    0x5C77,0x09E8,0x09E8,0xF81F,0xF81F,0xF81F,0xF81F,0xF81F,0xF81F,0xF81F,0xF81F,0xF81F,
    0xF81F,0xF81F,0xF81F,0xF81F,0xF81F,0xF81F,0xF81F,0xF81F,0xF81F,0xF81F,0xF81F,0xF81F,
    0xF81F,0xF81F,0xF81F,0xF81F,0xF81F,0xF81F,0xF81F,0xF81F,0xF81F,0xF81F,0xF81F,0xF81F,
    0xF81F,0xF81F,0xF81F,0xF81F,0xF81F,0xF81F,0xF81F,0xF81F,0xF81F,0x09E8,0x09E8,0x5C77,
    0x7D5C,0x7D5C,0x7D5C,0x7D5C,0x7D5C,0x7D5C,0x7D5C,0x7D5C,0x7D5C,0x7D5C,0x7D5C,0x7D5C,
    0x7D5C,0x7D5C,0x7D5C,0x7D5C,0x7D5C,0x7D5C,0x7D5C,0x7D5C,0x7D5C,0x7D5C,0x7D5C,0x7D5C,
    0x7D5C,0x7D5C,0x7D5C,0x7D5C,0x7D5C,0x7D5C,0x7D5C,0x7D5C,0x7D5C,0x7D5C,0x7D5C,0x7D5C,
    0x7D5C,0x7D5C,0x7D5C,0x7D5C,0x7D5C,0x7D5C,0x7D5C,0x7D5C,0x7D5C,0x7D5C,0x7D5C,0x7D5C,
    0x7D5C,0x7D5C,0x7D5C,0x7D5C,0x7D5C,0x7D5C,0x7D5C,0x7D5C,0x7D5C,0x7D5C,0x7D5C,0x7D5C,
    0x7D5C,0x7D5C,0x7D5C,0x7D5C,0x7D5C,0x7D5C,0x7D5C,0x7D5C,0x7D5C,0x7D5C,0x7D5C,0x7D5C,
    0x7D5C,0x7D5C,0x7D5C,0x7D5C,0x7D5C,0x7D5C,0x7D5C,0x7D5C,0x7D5C,0x7D5C,0x7D5C,0x7D5C,
    0x7D5C,0x7D5C,0x7D5C,0x7D5C,0x7D5C,0x7D5C,0x7D5C,0x7D5C,0x7D5C,0x7D5C,0x7D5C,0x7D5C,
    0x7D5C,0x7D5C,0x7D5C,0x7D5C,0x7D5C,0x7D5C,0x5C77,0x09E8,0x09E8,0xF81F,0xF81F,0xF81F,
    0xF81F,0xF81F,0xF81F,0xF81F,0xF81F,0xF81F,0xF81F,0xF81F,0xF81F,0xF81F,0xF81F,0xF81F,
    0xF81F,0xF81F,0xF81F,0xF81F,0xF81F,0xF81F,0xF81F,0xF81F,0xF81F,0xF81F,0xF81F,0xF81F,
    0xF81F,0xF81F,0xF81F,0xF81F,0xF81F,0xF81F,0xF81F,0xF81F,0xF81F,0xF81F,0xF81F,0xF81F,
    0xF81F,0xF81F,0xF81F,0x09E8,0x09E8,0x5C77,0x7D5C,0x7D5C,0x7D5C,0x7D5C,0x7D5C,0x7D5C,
    0x7D5C,0x7D5C,0x7D5C,0x7D5C,0x7D5C,0x7D5C,0x7D5C,0x7D5C,0x7D5C,0x7D5C,0x7D5C,0x7D5C,
    0x7D5C,0x7D5C,0x7D5C,0x7D5C,0x7D5C,0x7D5C,0x7D5C,0x7D5C,0x7D5C,0x7D5C,0x7D5C,0x7D5C,
    0x7D5C,0x7D5C,0x7D5C,0x7D5C,0x7D5C,0x7D5C,0x7D5C,0x7D5C,0x7D5C,0x7D5C,0x7D5C,0x7D5C,
    0x7D5C,0x7D5C,0x7D5C,0x7D5C,0x7D5C,0x7D5C,0x7D5C,0x7D5C,0x7D5C,0x7D5C,0x7D5C,0x7D5C,
    0x7D5C,0x7D5C,0x7D5C,0x7D5C,0x7D5C,0x7D5C,0x7D5C,0x7D5C,0x7D5C,0x7D5C,0x7D5C,0x7D5C,
    0x7D5C,0x7D5C,0x7D5C,0x7D5C,0x7D5C,0x7D5C,0x7D5C,0x7D5C,0x7D5C,0x7D5C,0x7D5C,0x7D5C,
    0x7D5C,0x7D5C,0x7D5C,0x7D5C,0x7D5C,0x7D5C,0x7D5C,0x7D5C,0x7D5C,0x7D5C,0x7D5C,0x7D5C,
    0x7D5C,0x7D5C,0x7D5C,0x7D5C,0x7D5C,0x7D5C,0x7D5C,0x7D5C,0x7D5C,0x7D5C,0x7D5C,0x7D5C,
    0x5C77,0x09E8,0x09E8,0xF81F,0xF81F,0xF81F,0xF81F,0xF81F,0xF81F,0xF81F,0xF81F,0xF81F,
    0xF81F,0xF81F,0xF81F,0xF81F,0xF81F,0xF81F,0xF81F,0xF81F,0xF81F,0xF81F,0xF81F,0xF81F,
    0xF81F,0xF81F,0xF81F,0xF81F,0xF81F,0xF81F,0xF81F,0xF81F,0xF81F,0xF81F,0xF81F,0xF81F,
    0xF81F,0xF81F,0xF81F,0xF81F,0xF81F,0xF81F,0xF81F,0xF81F,0xF81F,0x09E8,0x09E8,0x5C77,
    0x7D5C,0x7D5C,0x7D5C,0x7D5C,0x7D5C,0x7D5C,0x7D5C,0x7D5C,0x7D5C,0x7D5C,0x7D5C,0x7D5C,
    0x7D5C,0x7D5C,0x7D5C,0x7D5C,0x7D5C,0x7D5C,0x7D5C,0x7D5C,0x7D5C,0x7D5C,0x7D5C,0x7D5C,
    0x7D5C,0x7D5C,0x7D5C,0x7D5C,0x7D5C,0x7D5C,0x7D5C,0x7D5C,0x7D5C,0x7D5C,0x7D5C,0x7D5C,
    0x7D5C,0x7D5C,0x7D5C,0x7D5C,0x7D5C,0x7D5C,0x7D5C,0x7D5C,0x7D5C,0x7D5C,0x7D5C,0x7D5C,
    0x7D5C,0x7D5C,0x7D5C,0x7D5C,0x7D5C,0x7D5C,0x7D5C,0x7D5C,0x7D5C,0x7D5C,0x7D5C,0x7D5C,
    0x7D5C,0x7D5C,0x7D5C,0x7D5C,0x7D5C,0x7D5C,0x7D5C,0x7D5C,0x7D5C,0x7D5C,0x7D5C,0x7D5C,
    0x7D5C,0x7D5C,0x7D5C,0x7D5C,0x7D5C,0x7D5C,0x7D5C,0x7D5C,0x7D5C,0x7D5C,0x7D5C,0x7D5C,
    0x7D5C,0x7D5C,0x7D5C,0x7D5C,0x7D5C,0x7D5C,0x7D5C,0x7D5C,0x7D5C,0x7D5C,0x7D5C,0x7D5C,
    0x7D5C,0x7D5C,0x7D5C,0x7D5C,0x7D5C,0x7D5C,0x5C77,0x09E8,0x09E8,0xF81F,0xF81F,0xF81F,
    0xF81F,0xF81F,0xF81F,0xF81F,0xF81F,0xF81F,0xF81F,0xF81F,0xF81F,0xF81F,0xF81F,0xF81F,
    0xF81F,0xF81F,0xF81F,0xF81F,0xF81F,0xF81F,0xF81F,0xF81F,0xF81F,0xF81F,0xF81F,0xF81F,
    0xF81F,0xF81F,0xF81F,0xF81F,0xF81F,0xF81F,0xF81F,0xF81F,0xF81F,0xF81F,0xF81F,0xF81F,
    0xF81F,0xF81F,0xF81F,0x09E8,0x09E8,0x5C77,0x7D5C,0x7D5C,0x7D5C,0x7D5C,0x7D5C,0x7D5C,
    0x7D5C,0x7D5C,0x7D5C,0x7D5C,0x7D5C,0x7D5C,0x7D5C,0x7D5C,0x7D5C,0x7D5C,0x7D5C,0x7D5C,
    0x7D5C,0x7D5C,0x7D5C,0x7D5C,0x7D5C,0x7D5C,0x7D5C,0x7D5C,0x7D5C,0x7D5C,0x7D5C,0x7D5C,
    0x7D5C,0x7D5C,0x7D5C,0x7D5C,0x7D5C,0x7D5C,0x7D5C,0x7D5C,0x7D5C,0x7D5C,0x7D5C,0x7D5C,
    0x7D5C,0x7D5C,0x7D5C,0x7D5C,0x7D5C,0x7D5C,0x7D5C,0x7D5C,0x7D5C,0x7D5C,0x7D5C,0x7D5C,
    0x7D5C,0x7D5C,0x7D5C,0x7D5C,0x7D5C,0x7D5C,0x7D5C,0x7D5C,0x7D5C,0x7D5C,0x7D5C,0x7D5C,
    0x7D5C,0x7D5C,0x7D5C,0x7D5C,0x7D5C,0x7D5C,0x7D5C,0x7D5C,0x7D5C,0x7D5C,0x7D5C,0x7D5C,
    0x7D5C,0x7D5C,0x7D5C,0x7D5C,0x7D5C,0x7D5C,0x7D5C,0x7D5C,0x7D5C,0x7D5C,0x7D5C,0x7D5C,
    0x7D5C,0x7D5C,0x7D5C,0x7D5C,0x7D5C,0x7D5C,0x7D5C,0x7D5C,0x7D5C,0x7D5C,0x7D5C,0x7D5C,
    0x5C77,0x09E8,0x09E8,0xF81F,0xF81F,0xF81F,0xF81F,0xF81F,0xF81F,0xF81F,0xF81F,0xF81F,
    0xF81F,0xF81F,0xF81F,0xF81F,0xF81F,0xF81F,0xF81F,0xF81F,0xF81F,0xF81F,0xF81F,0xF81F,
    0xF81F,0xF81F,0xF81F,0xF81F,0xF81F,0xF81F,0xF81F,0xF81F,0xF81F,0xF81F,0xF81F,0xF81F,
    0xF81F,0xF81F,0xF81F,0xF81F,0xF81F,0xF81F,0xF81F,0xF81F,0xF81F,0x09E8,0x09E8,0x4BD3,
    0x5C56,0x5C56,0x5C56,0x5C56,0x5C56,0x5C56,0x5C56,0x5C56,0x5C56,0x5C56,0x5C56,0x5C56,
    0x5C56,0x5C56,0x5C56,0x5C56,0x5C56,0x5C56,0x5C56,0x5C56,0x5C56,0x5C56,0x5C56,0x5C56,
    0x5C56,0x5C56,0x5C56,0x5C56,0x5C56,0x5C56,0x5C56,0x5C56,0x5C56,0x5C56,0x5C56,0x5C56,
    0x5C56,0x5C56,0x5C56,0x5C56,0x5C56,0x5C56,0x5C56,0x5C56,0x5C56,0x5C56,0x5C56,0x5C56,
    0x5C56,0x5C56,0x5C56,0x5C56,0x5C56,0x5C56,0x5C56,0x5C56,0x5C56,0x5C56,0x5C56,0x5C56,
    0x5C56,0x5C56,0x5C56,0x5C56,0x5C56,0x5C56,0x5C56,0x5C56,0x5C56,0x5C56,0x5C56,0x5C56,
    0x5C56,0x5C56,0x5C56,0x5C56,0x5C56,0x5C56,0x5C56,0x5C56,0x5C56,0x5C56,0x5C56,0x5C56,
    0x5C56,0x5C56,0x5C56,0x5C56,0x5C56,0x5C56,0x5C56,0x5C56,0x5C56,0x5C56,0x5C56,0x5C56,
    0x5C56,0x5C56,0x5C56,0x5C56,0x5C56,0x5C56,0x4BD3,0x09E8,0x09E8,0xF81F,0xF81F,0xF81F,
    0xF81F,0xF81F,0xF81F,0xF81F,0xF81F,0xF81F,0xF81F,0xF81F,0xF81F,0xF81F,0xF81F,0xF81F,
    0xF81F,0xF81F,0xF81F,0xF81F,0xF81F,0xF81F,0xF81F,0xF81F,0xF81F,0xF81F,0xF81F,0xF81F,
    0xF81F,0xF81F,0xF81F,0xF81F,0xF81F,0xF81F,0xF81F,0xF81F,0xF81F,0xF81F,0xF81F,0xF81F,
    0xF81F,0xF81F,0xF81F,0x09E8,0x09E8,0x09E8,0x09E8,0x09E8,0x09E8,0x09E8,0x09E8,0x09E8,
    0x09E8,0x09E8,0x09E8,0x09E8,0x09E8,0x09E8,0x09E8,0x09E8,0x09E8,0x09E8,0x09E8,0x09E8,
    0x09E8,0x09E8,0x09E8,0x09E8,0x09E8,0x09E8,0x09E8,0x09E8,0x09E8,0x09E8,0x09E8,0x09E8,
    0x09E8,0x09E8,0x09E8,0x09E8,0x09E8,0x09E8,0x09E8,0x09E8,0x09E8,0x09E8,0x09E8,0x09E8,
    0x09E8,0x09E8,0x09E8,0x09E8,0x09E8,0x09E8,0x09E8,0x09E8,0x09E8,0x09E8,0x09E8,0x09E8,
    0x09E8,0x09E8,0x09E8,0x09E8,0x09E8,0x09E8,0x09E8,0x09E8,0x09E8,0x09E8,0x09E8,0x09E8,
    0x09E8,0x09E8,0x09E8,0x09E8,0x09E8,0x09E8,0x09E8,0x09E8,0x09E8,0x09E8,0x09E8,0x09E8,
    0x09E8,0x09E8,0x09E8,0x09E8,0x09E8,0x09E8,0x09E8,0x09E8,0x09E8,0x09E8,0x09E8,0x09E8,
    0x09E8,0x09E8,0x09E8,0x09E8,0x09E8,0x09E8,0x09E8,0x09E8,0x09E8,0x09E8,0x09E8,0x09E8,
    0x09E8,0x09E8,0x09E8,0xF81F,0xF81F,0xF81F,0xF81F,0xF81F,0xF81F,0xF81F,0xF81F,0xF81F,
    0xF81F,0xF81F,0xF81F,0xF81F,0xF81F,0xF81F,0xF81F,0xF81F,0xF81F,0xF81F,0xF81F,0xF81F,
};
