// 由 tools/build_assets.py 自動產生（來源 web/demo-assets），請勿手改。
#pragma once
#include <cstdint>

constexpr int IMG_YAWN_W = 150;
constexpr int IMG_YAWN_H = 150;
constexpr int IMG_YAWN_N = 2;

inline const uint16_t img_yawn_0[22500] = {
    0xF81F,0xF81F,0xF81F,0xF81F,0xF81F,0xF81F,0xF81F,0xF81F,0xF81F,0xF81F,0xF81F,0xF81F,
    0xF81F,0xF81F,0xF81F,0xF81F,0xF81F,0xF81F,0xF81F,0xF81F,0xF81F,0xF81F,0xF81F,0xF81F,
    0xF81F,0xF81F,0xF81F,0xF81F,0xF81F,0xF81F,0xF81F,0xF81F,0xF81F,0xF81F,0xF81F,0xF81F,
    0xF81F,0xF81F,0xF81F,0xF81F,0xF81F,0xF81F,0xF81F,0xF81F,0xF81F,0xF81F,0xF81F,0xF81F,
    0xF81F,0xF81F,0xF81F,0xF81F,0xF81F,0xF81F,0xF81F,0xF81F,0xF81F,0xF81F,0xF81F,0xF81F,
    0xF81F,0xF81F,0xF81F,0xF81F,0xF81F,0xF81F,0xF81F,0xF81F,0xF81F,0xF81F,0xF81F,0xF81F,
    0xF81F,0xF81F,0xF81F,0xF81F,0xF81F,0xF81F,0xF81F,0xF81F,0xF81F,0xF81F,0xF81F,0xF81F,
    0xF81F,0xF81F,0xF81F,0xF81F,0xF81F,0xF81F,0xF81F,0xF81F,0xF81F,0xF81F,0xF81F,0xF81F,
    0xF81F,0xF81F,0xF81F,0xF81F,0xF81F,0xF81F,0xF81F,0xF81F,0xF81F,0xF81F,0xF81F,0xF81F,
    0xF81F,0xF81F,0xF81F,0xF81F,0xF81F,0xF81F,0xF81F,0xF81F,0xF81F,0xF81F,0xF81F,0xF81F,
    0xF81F,0xF81F,0xF81F,0xF81F,0xF81F,0xF81F,0xF81F,0xF81F,0xF81F,0xF81F,0xF81F,0xF81F,
    0xF81F,0xF81F,0xF81F,0xF81F,0xF81F,0xF81F,0xF81F,0xF81F,0xF81F,0xF81F,0xF81F,0xF81F,
    0xF81F,0xF81F,0xF81F,0xF81F,0xF81F,0xF81F,0xF81F,0xF81F,0xF81F,0xF81F,0xF81F,0xF81F,
    0xF81F,0xF81F,0xF81F,0xF81F,0xF81F,0xF81F,0xF81F,0xF81F,0xF81F,0xF81F,0xF81F,0xF81F,
    0xF81F,0xF81F,0xF81F,0xF81F,0xF81F,0xF81F,0xF81F,0xF81F,0xF81F,0xF81F,0xF81F,0xF81F,
    0xF81F,0xF81F,0xF81F,0xF81F,0xF81F,0xF81F,0xF81F,0xF81F,0xF81F,0xF81F,0xF81F,0xF81F,
    0xF81F,0xF81F,0xF81F,0xF81F,0xF81F,0xF81F,0xF81F,0xF81F,0xF81F,0xF81F,0xF81F,0xF81F,
    0xF81F,0xF81F,0xF81F,0xF81F,0xF81F,0xF81F,0xF81F,0xF81F,0xF81F,0xF81F,0xF81F,0xF81F,
    0xF81F,0xF81F,0xF81F,0xF81F,0xF81F,0xF81F,0xF81F,0xF81F,0xF81F,0xF81F,0xF81F,0xF81F,
    0xF81F,0xF81F,0xF81F,0xF81F,0xF81F,0xF81F,0xF81F,0xF81F,0xF81F,0xF81F,0xF81F,0xF81F,
    0xF81F,0xF81F,0xF81F,0xF81F,0xF81F,0xF81F,0xF81F,0xF81F,0xF81F,0xF81F,0xF81F,0xF81F,
    0xF81F,0xF81F,0xF81F,0xF81F,0xF81F,0xF81F,0xF81F,0xF81F,0xF81F,0xF81F,0xF81F,0xF81F,
    0xF81F,0xF81F,0xF81F,0xF81F,0xF81F,0xF81F,0xF81F,0xF81F,0xF81F,0xF81F,0xF81F,0xF81F,
    0xF81F,0xF81F,0xF81F,0xF81F,0xF81F,0xF81F,0xF81F,0xF81F,0xF81F,0xF81F,0xF81F,0xF81F,
    0xF81F,0xF81F,0xF81F,0xF81F,0xF81F,0xF81F,0xF81F,0xF81F,0xF81F,0xF81F,0xF81F,0xF81F,
    0xF81F,0xF81F,0xF81F,0xF81F,0xF81F,0xF81F,0xF81F,0xF81F,0xF81F,0xF81F,0xF81F,0xF81F,
    0xF81F,0xF81F,0xF81F,0xF81F,0xF81F,0xF81F,0xF81F,0xF81F,0xF81F,0xF81F,0xF81F,0xF81F,
    0xF81F,0xF81F,0xF81F,0xF81F,0xF81F,0xF81F,0xF81F,0xF81F,0xF81F,0xF81F,0xF81F,0xF81F,
    0xF81F,0xF81F,0xF81F,0xF81F,0xF81F,0xF81F,0xF81F,0xF81F,0xF81F,0xF81F,0xF81F,0xF81F,
    0xF81F,0xF81F,0xF81F,0xF81F,0xF81F,0xF81F,0xF81F,0xF81F,0xF81F,0xF81F,0xF81F,0xF81F,
    0xF81F,0xF81F,0xF81F,0xF81F,0xF81F,0xF81F,0xF81F,0xF81F,0xF81F,0xF81F,0xF81F,0xF81F,
    0xF81F,0xF81F,0xF81F,0xF81F,0xF81F,0xF81F,0xF81F,0xF81F,0xF81F,0xF81F,0xF81F,0xF81F,
    0xF81F,0xF81F,0xF81F,0xF81F,0xF81F,0xF81F,0xF81F,0xF81F,0xF81F,0xF81F,0xF81F,0xF81F,
    0xF81F,0xF81F,0xF81F,0xF81F,0xF81F,0xF81F,0xF81F,0xF81F,0xF81F,0xF81F,0xF81F,0xF81F,
    0xF81F,0xF81F,0xF81F,0xF81F,0xF81F,0xF81F,0xF81F,0xF81F,0xF81F,0xF81F,0xF81F,0xF81F,
    0xF81F,0xF81F,0xF81F,0xF81F,0xF81F,0xF81F,0xF81F,0xF81F,0xF81F,0xF81F,0xF81F,0xF81F,
    0xF81F,0xF81F,0xF81F,0xF81F,0xF81F,0xF81F,0xF81F,0xF81F,0xF81F,0xF81F,0xF81F,0xF81F,
    0xF81F,0xF81F,0xF81F,0xF81F,0xF81F,0xF81F,0xF81F,0xF81F,0xF81F,0xF81F,0xF81F,0xF81F,
    0xF81F,0xF81F,0xF81F,0xF81F,0xF81F,0xF81F,0xF81F,0xF81F,0xF81F,0xF81F,0xF81F,0xF81F,
    0xF81F,0xF81F,0xF81F,0xF81F,0xF81F,0xF81F,0xF81F,0xF81F,0xF81F,0xF81F,0xF81F,0xF81F,
    0xF81F,0xF81F,0xF81F,0xF81F,0xF81F,0xF81F,0xF81F,0xF81F,0xF81F,0xF81F,0xF81F,0xF81F,
    0xF81F,0xF81F,0xF81F,0xF81F,0xF81F,0xF81F,0xF81F,0xF81F,0xF81F,0xF81F,0xF81F,0xF81F,
    0xF81F,0xF81F,0xF81F,0xF81F,0xF81F,0xF81F,0xF81F,0xF81F,0xF81F,0xF81F,0xF81F,0xF81F,
    0xF81F,0xF81F,0xF81F,0xF81F,0xF81F,0xF81F,0xF81F,0xF81F,0xF81F,0xF81F,0xF81F,0xF81F,
    0xF81F,0xF81F,0xF81F,0xF81F,0xF81F,0xF81F,0xF81F,0xF81F,0xF81F,0xF81F,0xF81F,0xF81F,
    0xF81F,0xF81F,0xF81F,0xF81F,0xF81F,0xF81F,0xF81F,0xF81F,0xF81F,0xF81F,0xF81F,0xF81F,
    0xF81F,0xF81F,0xF81F,0xF81F,0xF81F,0xF81F,0xF81F,0xF81F,0xF81F,0xF81F,0xF81F,0xF81F,
    0xF81F,0xF81F,0xF81F,0xF81F,0xF81F,0xF81F,0xF81F,0xF81F,0xF81F,0xF81F,0xF81F,0xF81F,
    0xF81F,0xF81F,0xF81F,0xF81F,0xF81F,0xF81F,0xF81F,0xF81F,0xF81F,0xF81F,0xF81F,0xF81F,
    0xF81F,0xF81F,0xF81F,0xF81F,0xF81F,0xF81F,0xF81F,0xF81F,0xF81F,0xF81F,0xF81F,0xF81F,
    0xF81F,0xF81F,0xF81F,0xF81F,0xF81F,0xF81F,0xF81F,0xF81F,0xF81F,0xF81F,0xF81F,0xF81F,
    0xF81F,0xF81F,0xF81F,0xF81F,0xF81F,0xF81F,0xF81F,0xF81F,0xF81F,0xF81F,0xF81F,0xF81F,
    0xF81F,0xF81F,0xF81F,0xF81F,0xF81F,0xF81F,0xF81F,0xF81F,0xF81F,0xF81F,0xF81F,0xF81F,
    0xF81F,0xF81F,0xF81F,0xF81F,0xF81F,0xF81F,0xF81F,0xF81F,0xF81F,0xF81F,0xF81F,0xF81F,
    0xF81F,0xF81F,0xF81F,0xF81F,0xF81F,0xF81F,0xF81F,0xF81F,0xF81F,0xF81F,0xF81F,0xF81F,
    0xF81F,0xF81F,0xF81F,0xF81F,0xF81F,0xF81F,0xF81F,0xF81F,0xF81F,0xF81F,0xF81F,0xF81F,
    0xF81F,0xF81F,0xF81F,0xF81F,0xF81F,0xF81F,0xF81F,0xF81F,0xF81F,0xF81F,0xF81F,0xF81F,
    0xF81F,0xF81F,0xF81F,0xF81F,0xF81F,0xF81F,0xF81F,0xF81F,0xF81F,0xF81F,0xF81F,0xF81F,
    0xF81F,0xF81F,0xF81F,0xF81F,0xF81F,0xF81F,0xF81F,0xF81F,0xF81F,0xF81F,0xF81F,0xF81F,
    0xF81F,0xF81F,0xF81F,0xF81F,0xF81F,0xF81F,0xF81F,0xF81F,0xF81F,0xF81F,0xF81F,0xF81F,
    0xF81F,0xF81F,0xF81F,0xF81F,0xF81F,0xF81F,0xF81F,0xF81F,0xF81F,0xF81F,0xF81F,0xF81F,
    0xF81F,0xF81F,0xF81F,0xF81F,0xF81F,0xF81F,0xF81F,0xF81F,0xF81F,0xF81F,0xF81F,0xF81F,
    0xF81F,0xF81F,0xF81F,0xF81F,0xF81F,0xF81F,0xF81F,0xF81F,0xF81F,0xF81F,0xF81F,0xF81F,
    0xF81F,0xF81F,0xF81F,0xF81F,0xF81F,0xF81F,0xF81F,0xF81F,0xF81F,0xF81F,0xF81F,0xF81F,
    0xF81F,0xF81F,0xF81F,0xF81F,0xF81F,0xF81F,0xF81F,0xF81F,0xF81F,0xF81F,0xF81F,0xF81F,
    0xF81F,0xF81F,0xF81F,0xF81F,0xF81F,0xF81F,0xF81F,0xF81F,0xF81F,0xF81F,0xF81F,0xF81F,
    0xF81F,0xF81F,0xF81F,0xF81F,0xF81F,0xF81F,0xF81F,0xF81F,0xF81F,0xF81F,0xF81F,0xF81F,
    0xF81F,0xF81F,0xF81F,0xF81F,0xF81F,0xF81F,0xF81F,0xF81F,0xF81F,0xF81F,0xF81F,0xF81F,
    0xF81F,0xF81F,0xF81F,0xF81F,0xF81F,0xF81F,0xF81F,0xF81F,0xF81F,0xF81F,0xF81F,0xF81F,
    0xF81F,0xF81F,0xF81F,0xF81F,0xF81F,0xF81F,0xF81F,0xF81F,0xF81F,0xF81F,0xF81F,0xF81F,
    0xF81F,0xF81F,0xF81F,0xF81F,0xF81F,0xF81F,0xF81F,0xF81F,0xF81F,0xF81F,0xF81F,0xF81F,
    0xF81F,0xF81F,0xF81F,0xF81F,0xF81F,0xF81F,0xF81F,0xF81F,0xF81F,0xF81F,0xF81F,0xF81F,
    0xF81F,0xF81F,0xF81F,0xF81F,0xF81F,0xF81F,0xF81F,0xF81F,0xF81F,0xF81F,0xF81F,0xF81F,
    0xF81F,0xF81F,0xF81F,0xF81F,0xF81F,0xF81F,0xF81F,0xF81F,0xF81F,0xF81F,0xF81F,0xF81F,
    0xF81F,0xF81F,0xF81F,0xF81F,0xF81F,0xF81F,0xF81F,0xF81F,0xF81F,0xF81F,0xF81F,0xF81F,
    0xF81F,0xF81F,0xF81F,0xF81F,0xF81F,0xF81F,0xF81F,0xF81F,0xF81F,0xF81F,0xF81F,0xF81F,
    0xF81F,0xF81F,0xF81F,0xF81F,0xF81F,0xF81F,0xF81F,0xF81F,0xF81F,0xF81F,0xF81F,0xF81F,
    0xF81F,0xF81F,0xF81F,0xF81F,0xF81F,0xF81F,0xF81F,0xF81F,0xF81F,0xF81F,0xF81F,0xF81F,
    0xF81F,0xF81F,0xF81F,0xF81F,0xF81F,0xF81F,0xF81F,0xF81F,0xF81F,0xF81F,0xF81F,0xF81F,
    0xF81F,0xF81F,0xF81F,0xF81F,0xF81F,0xF81F,0xF81F,0xF81F,0xF81F,0xF81F,0xF81F,0xF81F,
    0xF81F,0xF81F,0xF81F,0xF81F,0xF81F,0xF81F,0xF81F,0xF81F,0xF81F,0xF81F,0xF81F,0xF81F,
    0xF81F,0xF81F,0xF81F,0xF81F,0xF81F,0xF81F,0xF81F,0xF81F,0xF81F,0xF81F,0xF81F,0xF81F,
    0xF81F,0xF81F,0xF81F,0xF81F,0xF81F,0xF81F,0xF81F,0xF81F,0xF81F,0xF81F,0xF81F,0xF81F,
    0xF81F,0xF81F,0xF81F,0xF81F,0xF81F,0xF81F,0xF81F,0xF81F,0xF81F,0xF81F,0xF81F,0xF81F,
    0xF81F,0xF81F,0xF81F,0xF81F,0xF81F,0xF81F,0xF81F,0xF81F,0xF81F,0xF81F,0xF81F,0xF81F,
    0xF81F,0xF81F,0xF81F,0xF81F,0xF81F,0xF81F,0xF81F,0xF81F,0xF81F,0xF81F,0xF81F,0xF81F,
    0xF81F,0xF81F,0xF81F,0xF81F,0xF81F,0xF81F,0xF81F,0xF81F,0xF81F,0xF81F,0xF81F,0xF81F,
    0xF81F,0xF81F,0xF81F,0xF81F,0xF81F,0xF81F,0xF81F,0xF81F,0xF81F,0xF81F,0xF81F,0xF81F,
    0xF81F,0xF81F,0xF81F,0xF81F,0xF81F,0xF81F,0xF81F,0xF81F,0xF81F,0xF81F,0xF81F,0xF81F,
    0xF81F,0xF81F,0xF81F,0xF81F,0xF81F,0xF81F,0xF81F,0xF81F,0xF81F,0xF81F,0xF81F,0xF81F,
    0xF81F,0xF81F,0xF81F,0xF81F,0xF81F,0xF81F,0xF81F,0xF81F,0xF81F,0xF81F,0xF81F,0xF81F,
    0xF81F,0xF81F,0xF81F,0xF81F,0xF81F,0xF81F,0xF81F,0xF81F,0xF81F,0xF81F,0xF81F,0xF81F,
    0xF81F,0xF81F,0xF81F,0xF81F,0xF81F,0xF81F,0xF81F,0xF81F,0xF81F,0xF81F,0xF81F,0xF81F,
    0xF81F,0xF81F,0xF81F,0xF81F,0xF81F,0xF81F,0xF81F,0xF81F,0xF81F,0xF81F,0xF81F,0xF81F,
    0xF81F,0xF81F,0xF81F,0xF81F,0xF81F,0xF81F,0xF81F,0xF81F,0xF81F,0xF81F,0xF81F,0xF81F,
    0xF81F,0xF81F,0xF81F,0xF81F,0xF81F,0xF81F,0xF81F,0xF81F,0xF81F,0xF81F,0xF81F,0xF81F,
    0xF81F,0xF81F,0xF81F,0xF81F,0xF81F,0xF81F,0xF81F,0xF81F,0xF81F,0xF81F,0xF81F,0xF81F,
    0xF81F,0xF81F,0xF81F,0xF81F,0xF81F,0xF81F,0xF81F,0xF81F,0xF81F,0xF81F,0xF81F,0xF81F,
    0xF81F,0xF81F,0xF81F,0xF81F,0xF81F,0xF81F,0xF81F,0xF81F,0xF81F,0xF81F,0xF81F,0xF81F,
    0xF81F,0xF81F,0xF81F,0xF81F,0xF81F,0xF81F,0xF81F,0xF81F,0xF81F,0xF81F,0xF81F,0xF81F,
    0xF81F,0xF81F,0xF81F,0xF81F,0xF81F,0xF81F,0xF81F,0xF81F,0xF81F,0xF81F,0xF81F,0xF81F,
    0xF81F,0xF81F,0xF81F,0xF81F,0xF81F,0xF81F,0xF81F,0xF81F,0xF81F,0xF81F,0xF81F,0xF81F,
    0xF81F,0xF81F,0xF81F,0xF81F,0xF81F,0xF81F,0xF81F,0xF81F,0xF81F,0xF81F,0xF81F,0xF81F,
    0xF81F,0xF81F,0xF81F,0xF81F,0xF81F,0xF81F,0xF81F,0xF81F,0xF81F,0xF81F,0xF81F,0xF81F,
    0xF81F,0xF81F,0xF81F,0xF81F,0xF81F,0xF81F,0xF81F,0xF81F,0xF81F,0xF81F,0xF81F,0xF81F,
    0xF81F,0xF81F,0xF81F,0xF81F,0xF81F,0xF81F,0xF81F,0xF81F,0xF81F,0xF81F,0xF81F,0xF81F,
    0xF81F,0xF81F,0xF81F,0xF81F,0xF81F,0xF81F,0xF81F,0xF81F,0xF81F,0xF81F,0xF81F,0xF81F,
    0xF81F,0xF81F,0xF81F,0xF81F,0xF81F,0xF81F,0xF81F,0xF81F,0xF81F,0xF81F,0xF81F,0xF81F,
    0xF81F,0xF81F,0xF81F,0xF81F,0xF81F,0xF81F,0xF81F,0xF81F,0xF81F,0xF81F,0xF81F,0xF81F,
    0xF81F,0xF81F,0xF81F,0xF81F,0xF81F,0xF81F,0xF81F,0xF81F,0xF81F,0xF81F,0xF81F,0xF81F,
    0xF81F,0xF81F,0xF81F,0xF81F,0xF81F,0xF81F,0xF81F,0xF81F,0xF81F,0xF81F,0xF81F,0xF81F,
    0xF81F,0xF81F,0xF81F,0xF81F,0xF81F,0xF81F,0xF81F,0xF81F,0xF81F,0xF81F,0xF81F,0xF81F,
    0xF81F,0xF81F,0xF81F,0xF81F,0xF81F,0xF81F,0xF81F,0xF81F,0xF81F,0xF81F,0xF81F,0xF81F,
    0xF81F,0xF81F,0xF81F,0xF81F,0xF81F,0xF81F,0xF81F,0xF81F,0xF81F,0xF81F,0xF81F,0xF81F,
    0xF81F,0xF81F,0xF81F,0xF81F,0xF81F,0xF81F,0xF81F,0xF81F,0xF81F,0xF81F,0xF81F,0xF81F,
    0xF81F,0xF81F,0xF81F,0xF81F,0xF81F,0xF81F,0xF81F,0xF81F,0xF81F,0xF81F,0xF81F,0xF81F,
    0xF81F,0xF81F,0xF81F,0xF81F,0xF81F,0xF81F,0xF81F,0xF81F,0xF81F,0xF81F,0xF81F,0xF81F,
    0xF81F,0xF81F,0xF81F,0xF81F,0xF81F,0xF81F,0xF81F,0xF81F,0xF81F,0xF81F,0xF81F,0xF81F,
    0xF81F,0xF81F,0xF81F,0xF81F,0xF81F,0xF81F,0xF81F,0xF81F,0xF81F,0xF81F,0xF81F,0xF81F,
    0xF81F,0xF81F,0xF81F,0xF81F,0xF81F,0xF81F,0xF81F,0xF81F,0xF81F,0xF81F,0xF81F,0xF81F,
    0xF81F,0xF81F,0xF81F,0xF81F,0xF81F,0xF81F,0xF81F,0xF81F,0xF81F,0xF81F,0xF81F,0xF81F,
    0xF81F,0xF81F,0xF81F,0xF81F,0xF81F,0xF81F,0xF81F,0xF81F,0xF81F,0xF81F,0xF81F,0xF81F,
    0xF81F,0xF81F,0xF81F,0xF81F,0xF81F,0xF81F,0xF81F,0xF81F,0xF81F,0xF81F,0xF81F,0xF81F,
    0xF81F,0xF81F,0xF81F,0xF81F,0xF81F,0xF81F,0xF81F,0xF81F,0xF81F,0xF81F,0xF81F,0xF81F,
    0xF81F,0xF81F,0xF81F,0xF81F,0xF81F,0xF81F,0xF81F,0xF81F,0xF81F,0xF81F,0xF81F,0xF81F,
    0xF81F,0xF81F,0xF81F,0xF81F,0xF81F,0xF81F,0xF81F,0xF81F,0xF81F,0xF81F,0xF81F,0xF81F,
    0xF81F,0xF81F,0xF81F,0xF81F,0xF81F,0xF81F,0xF81F,0xF81F,0xF81F,0xF81F,0xF81F,0xF81F,
    0xF81F,0xF81F,0xF81F,0xF81F,0xF81F,0xF81F,0xF81F,0xF81F,0xF81F,0xF81F,0xF81F,0xF81F,
    0xF81F,0xF81F,0xF81F,0xF81F,0xF81F,0xF81F,0xF81F,0xF81F,0xF81F,0xF81F,0xF81F,0xF81F,
    0xF81F,0xF81F,0xF81F,0xF81F,0xF81F,0xF81F,0xF81F,0xF81F,0xF81F,0xF81F,0xF81F,0xF81F,
    0xF81F,0xF81F,0xF81F,0xF81F,0xF81F,0xF81F,0xF81F,0xF81F,0xF81F,0xF81F,0xF81F,0xF81F,
    0xF81F,0xF81F,0xF81F,0xF81F,0xF81F,0xF81F,0xF81F,0xF81F,0xF81F,0xF81F,0xF81F,0xF81F,
    0xF81F,0xF81F,0xF81F,0xF81F,0xF81F,0xF81F,0xF81F,0xF81F,0xF81F,0xF81F,0xF81F,0xF81F,
    0xF81F,0xF81F,0xF81F,0xF81F,0xF81F,0xF81F,0xF81F,0xF81F,0xF81F,0xF81F,0xF81F,0xF81F,
    0xF81F,0xF81F,0xF81F,0xF81F,0xF81F,0xF81F,0xF81F,0xF81F,0xF81F,0xF81F,0xF81F,0xF81F,
    0xF81F,0xF81F,0xF81F,0xF81F,0xF81F,0xF81F,0xF81F,0xF81F,0xF81F,0xF81F,0xF81F,0xF81F,
    0xF81F,0xF81F,0xF81F,0xF81F,0xF81F,0xF81F,0xF81F,0xF81F,0xF81F,0xF81F,0xF81F,0xF81F,
    0xF81F,0xF81F,0xF81F,0xF81F,0xF81F,0xF81F,0xF81F,0xF81F,0xF81F,0xF81F,0xF81F,0xF81F,
    0xF81F,0xF81F,0xF81F,0xF81F,0xF81F,0xF81F,0xF81F,0xF81F,0xF81F,0xF81F,0xF81F,0xF81F,
    0xF81F,0xF81F,0xF81F,0xF81F,0xF81F,0xF81F,0xF81F,0xF81F,0xF81F,0xF81F,0xF81F,0xF81F,
    0xF81F,0xF81F,0xF81F,0xF81F,0xF81F,0xF81F,0xF81F,0xF81F,0xF81F,0xF81F,0xF81F,0xF81F,
    0xF81F,0xF81F,0xF81F,0xF81F,0xF81F,0xF81F,0xF81F,0xF81F,0xF81F,0xF81F,0xF81F,0xF81F,
    0xF81F,0xF81F,0xF81F,0xF81F,0xF81F,0xF81F,0xF81F,0xF81F,0xF81F,0xF81F,0xF81F,0xF81F,
    0xF81F,0xF81F,0xF81F,0xF81F,0xF81F,0xF81F,0xF81F,0xF81F,0xF81F,0xF81F,0xF81F,0xF81F,
    0xF81F,0xF81F,0xF81F,0xF81F,0xF81F,0xF81F,0xF81F,0xF81F,0xF81F,0xF81F,0xF81F,0xF81F,
    0xF81F,0xF81F,0xF81F,0xF81F,0xF81F,0xF81F,0xF81F,0xF81F,0xF81F,0xF81F,0xF81F,0xF81F,
    0xF81F,0xF81F,0xF81F,0xF81F,0xF81F,0xF81F,0xF81F,0xF81F,0xF81F,0xF81F,0xF81F,0xF81F,
    0xF81F,0xF81F,0xF81F,0xF81F,0xF81F,0xF81F,0xF81F,0xF81F,0xF81F,0xF81F,0xF81F,0xF81F,
    0xF81F,0xF81F,0xF81F,0xF81F,0xF81F,0xF81F,0xF81F,0xF81F,0xF81F,0xF81F,0xF81F,0xF81F,
    0xF81F,0xF81F,0xF81F,0xF81F,0xF81F,0xF81F,0xF81F,0xF81F,0xF81F,0xF81F,0xF81F,0xF81F,
    0xF81F,0xF81F,0xF81F,0xF81F,0xF81F,0xF81F,0xF81F,0xF81F,0xF81F,0xF81F,0xF81F,0xF81F,
    0xF81F,0xF81F,0xF81F,0xF81F,0xF81F,0xF81F,0xF81F,0xF81F,0xF81F,0xF81F,0xF81F,0xF81F,
    0xF81F,0xF81F,0xF81F,0xF81F,0xF81F,0xF81F,0xF81F,0xF81F,0xF81F,0xF81F,0xF81F,0xF81F,
    0xF81F,0xF81F,0xF81F,0xF81F,0xF81F,0xF81F,0xF81F,0xF81F,0xF81F,0xF81F,0xF81F,0xF81F,
    0xF81F,0xF81F,0xF81F,0xF81F,0xF81F,0xF81F,0xF81F,0xF81F,0xF81F,0xF81F,0xF81F,0xF81F,
    0xF81F,0xF81F,0xF81F,0xF81F,0xF81F,0xF81F,0xF81F,0xF81F,0xF81F,0xF81F,0xF81F,0xF81F,
    0xF81F,0xF81F,0xF81F,0xF81F,0xF81F,0xF81F,0xF81F,0xF81F,0xF81F,0xF81F,0xF81F,0xF81F,
    0xF81F,0xF81F,0xF81F,0xF81F,0xF81F,0xF81F,0xF81F,0xF81F,0xF81F,0xF81F,0xF81F,0xF81F,
    0xF81F,0xF81F,0xF81F,0xF81F,0xF81F,0xF81F,0xF81F,0xF81F,0xF81F,0xF81F,0xF81F,0xF81F,
    0xF81F,0xF81F,0xF81F,0xF81F,0xF81F,0xF81F,0xF81F,0xF81F,0xF81F,0xF81F,0xF81F,0xF81F,
    0xF81F,0xF81F,0xF81F,0xF81F,0xF81F,0xF81F,0xF81F,0xF81F,0xF81F,0xF81F,0xF81F,0xF81F,
    0xF81F,0xF81F,0xF81F,0xF81F,0xF81F,0xF81F,0xF81F,0xF81F,0xF81F,0xF81F,0xF81F,0xF81F,
    0xF81F,0xF81F,0xF81F,0xF81F,0xF81F,0xF81F,0xF81F,0xF81F,0xF81F,0xF81F,0xF81F,0xF81F,
    0xF81F,0xF81F,0xF81F,0xF81F,0xF81F,0xF81F,0xF81F,0xF81F,0xF81F,0xF81F,0xF81F,0xF81F,
    0xF81F,0xF81F,0xF81F,0xF81F,0xF81F,0xF81F,0xF81F,0xF81F,0xF81F,0xF81F,0xF81F,0xF81F,
    0xF81F,0xF81F,0xF81F,0xF81F,0xF81F,0xF81F,0xF81F,0xF81F,0xF81F,0xF81F,0xF81F,0xF81F,
    0xF81F,0xF81F,0xF81F,0xF81F,0xF81F,0xF81F,0xF81F,0xF81F,0xF81F,0xF81F,0xF81F,0xF81F,
    0xF81F,0xF81F,0xF81F,0xF81F,0xF81F,0xF81F,0xF81F,0xF81F,0xF81F,0xF81F,0xF81F,0xF81F,
    0xF81F,0xF81F,0xF81F,0xF81F,0xF81F,0xF81F,0xF81F,0xF81F,0xF81F,0xF81F,0xF81F,0xF81F,
    0xF81F,0xF81F,0xF81F,0xF81F,0xF81F,0xF81F,0xF81F,0xF81F,0xF81F,0xF81F,0xF81F,0xF81F,
    0xF81F,0xF81F,0xF81F,0xF81F,0xF81F,0xF81F,0xF81F,0xF81F,0xF81F,0xF81F,0xF81F,0xF81F,
    0xF81F,0xF81F,0xF81F,0xF81F,0xF81F,0xF81F,0xF81F,0xF81F,0xF81F,0xF81F,0xF81F,0xF81F,
    0xF81F,0xF81F,0xF81F,0xF81F,0xF81F,0xF81F,0xF81F,0xF81F,0xF81F,0xF81F,0xF81F,0xF81F,
    0xF81F,0xF81F,0xF81F,0xF81F,0xF81F,0xF81F,0xF81F,0xF81F,0xF81F,0xF81F,0xF81F,0xF81F,
    0xF81F,0xF81F,0xF81F,0xF81F,0xF81F,0xF81F,0xF81F,0xF81F,0xF81F,0xF81F,0xF81F,0xF81F,
    0xF81F,0xF81F,0xF81F,0xF81F,0xF81F,0xF81F,0xF81F,0xF81F,0xF81F,0xF81F,0xF81F,0xF81F,
    0xF81F,0xF81F,0xF81F,0xF81F,0xF81F,0xF81F,0xF81F,0xF81F,0xF81F,0xF81F,0xF81F,0xF81F,
    0xF81F,0xF81F,0xF81F,0xF81F,0xF81F,0xF81F,0xF81F,0xF81F,0xF81F,0xF81F,0xF81F,0xF81F,
    0xF81F,0xF81F,0xF81F,0xF81F,0xF81F,0xF81F,0xF81F,0xF81F,0xF81F,0xF81F,0xF81F,0xF81F,
    0xF81F,0xF81F,0xF81F,0xF81F,0xF81F,0xF81F,0xF81F,0xF81F,0xF81F,0xF81F,0xF81F,0xF81F,
    0xF81F,0xF81F,0xF81F,0xF81F,0xF81F,0xF81F,0xF81F,0xF81F,0xF81F,0xF81F,0xF81F,0xF81F,
    0xF81F,0xF81F,0xF81F,0xF81F,0xF81F,0xF81F,0xF81F,0xF81F,0xF81F,0xF81F,0xF81F,0xF81F,
    0xF81F,0xF81F,0xF81F,0xF81F,0xF81F,0xF81F,0xF81F,0xF81F,0xF81F,0xF81F,0xF81F,0xF81F,
    0xF81F,0xF81F,0xF81F,0xF81F,0xF81F,0xF81F,0xF81F,0xF81F,0xF81F,0xF81F,0xF81F,0xF81F,
    0xF81F,0xF81F,0xF81F,0xF81F,0xF81F,0xF81F,0xF81F,0xF81F,0xF81F,0xF81F,0xF81F,0xF81F,
    0xF81F,0xF81F,0xF81F,0xF81F,0xF81F,0xF81F,0xF81F,0xF81F,0xF81F,0xF81F,0xF81F,0xF81F,
    0xF81F,0xF81F,0xF81F,0xF81F,0xF81F,0xF81F,0xF81F,0xF81F,0xF81F,0xF81F,0xF81F,0xF81F,
    0xF81F,0xF81F,0xF81F,0xF81F,0xF81F,0xF81F,0xF81F,0xF81F,0xF81F,0xF81F,0xF81F,0xF81F,
    0xF81F,0xF81F,0xF81F,0xF81F,0xF81F,0xF81F,0xF81F,0xF81F,0xF81F,0xF81F,0xF81F,0xF81F,
    0xF81F,0xF81F,0xF81F,0xF81F,0xF81F,0xF81F,0xF81F,0xF81F,0xF81F,0xF81F,0xF81F,0xF81F,
    0xF81F,0xF81F,0xF81F,0xF81F,0xF81F,0xF81F,0xF81F,0xF81F,0xF81F,0xF81F,0xF81F,0xF81F,
    0xF81F,0xF81F,0xF81F,0xF81F,0xF81F,0xF81F,0xF81F,0xF81F,0xF81F,0xF81F,0xF81F,0xF81F,
    0xF81F,0xF81F,0xF81F,0xF81F,0xF81F,0xF81F,0xF81F,0xF81F,0xF81F,0xF81F,0xF81F,0xF81F,
    0xF81F,0xF81F,0xF81F,0xF81F,0xF81F,0xF81F,0xF81F,0xF81F,0xF81F,0xF81F,0xF81F,0xF81F,
    0xF81F,0xF81F,0xF81F,0xF81F,0xF81F,0xF81F,0xF81F,0xF81F,0xF81F,0xF81F,0xF81F,0xF81F,
    0xF81F,0xF81F,0xF81F,0xF81F,0xF81F,0xF81F,0xF81F,0xF81F,0xF81F,0xF81F,0xF81F,0xF81F,
    0xF81F,0xF81F,0xF81F,0xF81F,0xF81F,0xF81F,0xF81F,0xF81F,0xF81F,0xF81F,0xF81F,0xF81F,
    0xF81F,0xF81F,0xF81F,0xF81F,0xF81F,0xF81F,0xF81F,0xF81F,0xF81F,0xF81F,0xF81F,0xF81F,
    0xF81F,0xF81F,0xF81F,0xF81F,0xF81F,0xF81F,0xF81F,0xF81F,0xF81F,0xF81F,0xF81F,0xF81F,
    0xF81F,0xF81F,0xF81F,0xF81F,0xF81F,0xF81F,0xF81F,0xF81F,0xF81F,0xF81F,0xF81F,0xF81F,
    0xF81F,0xF81F,0xF81F,0xF81F,0xF81F,0xF81F,0xF81F,0xF81F,0xF81F,0xF81F,0xF81F,0xF81F,
    0xF81F,0xF81F,0xF81F,0xF81F,0xF81F,0xF81F,0xF81F,0xF81F,0xF81F,0xF81F,0xF81F,0xF81F,
    0xF81F,0xF81F,0xF81F,0xF81F,0xF81F,0xF81F,0xF81F,0xF81F,0xF81F,0xF81F,0xF81F,0xF81F,
    0xF81F,0xF81F,0xF81F,0xF81F,0xF81F,0xF81F,0xF81F,0xF81F,0xF81F,0xF81F,0xF81F,0xF81F,
    0xF81F,0xF81F,0xF81F,0xF81F,0xF81F,0xF81F,0xF81F,0xF81F,0xF81F,0xF81F,0xF81F,0xF81F,
    0xF81F,0xF81F,0xF81F,0xF81F,0xF81F,0xF81F,0xF81F,0xF81F,0xF81F,0xF81F,0xF81F,0xF81F,
    0xF81F,0xF81F,0xF81F,0xF81F,0xF81F,0xF81F,0xF81F,0xF81F,0xF81F,0xF81F,0xF81F,0xF81F,
    0xF81F,0xF81F,0xF81F,0xF81F,0xF81F,0xF81F,0xF81F,0xF81F,0xF81F,0xF81F,0xF81F,0xF81F,
    0xF81F,0xF81F,0xF81F,0xF81F,0xF81F,0xF81F,0xF81F,0xF81F,0xF81F,0xF81F,0xF81F,0xF81F,
    0xF81F,0xF81F,0xF81F,0xF81F,0xF81F,0xF81F,0xF81F,0xF81F,0xF81F,0xF81F,0xF81F,0xF81F,
    0xF81F,0xF81F,0xF81F,0xF81F,0xF81F,0xF81F,0xF81F,0xF81F,0xF81F,0xF81F,0xF81F,0xF81F,
    0xF81F,0xF81F,0xF81F,0xF81F,0xF81F,0xF81F,0xF81F,0xF81F,0xF81F,0xF81F,0xF81F,0xF81F,
    0xF81F,0xF81F,0xF81F,0xF81F,0xF81F,0xF81F,0xF81F,0xF81F,0xF81F,0xF81F,0xF81F,0xF81F,
    0xF81F,0xF81F,0xF81F,0xF81F,0xF81F,0xF81F,0xF81F,0xF81F,0xF81F,0xF81F,0xF81F,0xF81F,
    0xF81F,0xF81F,0xF81F,0xF81F,0xF81F,0xF81F,0xF81F,0xF81F,0xF81F,0xF81F,0xF81F,0xF81F,
    0xF81F,0xF81F,0xF81F,0xF81F,0xF81F,0xF81F,0xF81F,0xF81F,0xF81F,0xF81F,0xF81F,0xF81F,
    0xF81F,0xF81F,0xF81F,0xF81F,0xF81F,0xF81F,0xF81F,0xF81F,0xF81F,0xF81F,0xF81F,0xF81F,
    0xF81F,0xF81F,0xF81F,0xF81F,0xF81F,0xF81F,0xF81F,0xF81F,0xF81F,0xF81F,0xF81F,0xF81F,
    0xF81F,0xF81F,0xF81F,0xF81F,0xF81F,0xF81F,0xF81F,0xF81F,0xF81F,0xF81F,0xF81F,0xF81F,
    0xF81F,0xF81F,0xF81F,0xF81F,0xF81F,0xF81F,0xF81F,0xF81F,0xF81F,0xF81F,0xF81F,0xF81F,
    0xF81F,0xF81F,0xF81F,0xF81F,0xF81F,0xF81F,0xF81F,0xF81F,0xF81F,0xF81F,0xF81F,0xF81F,
    0xF81F,0xF81F,0xF81F,0xF81F,0xF81F,0xF81F,0xF81F,0xF81F,0xF81F,0xF81F,0xF81F,0xF81F,
    0xF81F,0xF81F,0xF81F,0xF81F,0xF81F,0xF81F,0xF81F,0xF81F,0xF81F,0xF81F,0xF81F,0xF81F,
    0xF81F,0xF81F,0xF81F,0xF81F,0xF81F,0xF81F,0xF81F,0xF81F,0xF81F,0xF81F,0xF81F,0xF81F,
    0xF81F,0xF81F,0xF81F,0xF81F,0xF81F,0xF81F,0xF81F,0xF81F,0xF81F,0xF81F,0xF81F,0xF81F,
    0xF81F,0xF81F,0xF81F,0xF81F,0xF81F,0xF81F,0xF81F,0xF81F,0xF81F,0xF81F,0xF81F,0xF81F,
    0xF81F,0xF81F,0xF81F,0xF81F,0xF81F,0xF81F,0xF81F,0xF81F,0xF81F,0xF81F,0xF81F,0xF81F,
    0xF81F,0xF81F,0xF81F,0xF81F,0xF81F,0xF81F,0xF81F,0xF81F,0xF81F,0xF81F,0xF81F,0xF81F,
    0xF81F,0xF81F,0xF81F,0xF81F,0xF81F,0xF81F,0xF81F,0xF81F,0xF81F,0xF81F,0xF81F,0xF81F,
    0xF81F,0xF81F,0xF81F,0xF81F,0xF81F,0xF81F,0xF81F,0xF81F,0xF81F,0xF81F,0xF81F,0xF81F,
    0xF81F,0xF81F,0xF81F,0xF81F,0xF81F,0xF81F,0xF81F,0xF81F,0xF81F,0xF81F,0xF81F,0xF81F,
    0xF81F,0xF81F,0xF81F,0xF81F,0xF81F,0xF81F,0xF81F,0xF81F,0xF81F,0xF81F,0xF81F,0xF81F,
    0xF81F,0xF81F,0xF81F,0xF81F,0xF81F,0xF81F,0xF81F,0xF81F,0xF81F,0xF81F,0xF81F,0xF81F,
    0xF81F,0xF81F,0xF81F,0xF81F,0xF81F,0xF81F,0xF81F,0xF81F,0xF81F,0xF81F,0xF81F,0xF81F,
    0xF81F,0xF81F,0xF81F,0xF81F,0xF81F,0xF81F,0xF81F,0xF81F,0xF81F,0xF81F,0xF81F,0xF81F,
    0xF81F,0xF81F,0xF81F,0xF81F,0xF81F,0xF81F,0xF81F,0xF81F,0xF81F,0xF81F,0xF81F,0xF81F,
    0xF81F,0xF81F,0xF81F,0xF81F,0xF81F,0xF81F,0xF81F,0xF81F,0xF81F,0xF81F,0xF81F,0xF81F,
    0xF81F,0xF81F,0xF81F,0xF81F,0xF81F,0xF81F,0xF81F,0xF81F,0xF81F,0xF81F,0xF81F,0xF81F,
    0xF81F,0xF81F,0xF81F,0xF81F,0xF81F,0xF81F,0xF81F,0xF81F,0xF81F,0xF81F,0xF81F,0xF81F,
    0xF81F,0xF81F,0xF81F,0xF81F,0xF81F,0xF81F,0xF81F,0xF81F,0xF81F,0xF81F,0xF81F,0xF81F,
    0xF81F,0xF81F,0xF81F,0xF81F,0xF81F,0xF81F,0xF81F,0xF81F,0xF81F,0xF81F,0xF81F,0xF81F,
    0xF81F,0xF81F,0xF81F,0xF81F,0xF81F,0xF81F,0xF81F,0xF81F,0xF81F,0xF81F,0xF81F,0xF81F,
    0xF81F,0xF81F,0xF81F,0xF81F,0xF81F,0xF81F,0xF81F,0xF81F,0xF81F,0xF81F,0xF81F,0xF81F,
    0xF81F,0xF81F,0xF81F,0xF81F,0xF81F,0xF81F,0xF81F,0xF81F,0xED47,0xF547,0xF81F,0xF81F,
    0xF81F,0xF81F,0xF81F,0xF81F,0xF81F,0xF81F,0xF81F,0xF81F,0xF81F,0xF81F,0xF81F,0xF81F,
    0xF81F,0xF81F,0xF81F,0xF81F,0xF81F,0xF81F,0xF81F,0xF81F,0xF81F,0xF81F,0xF81F,0xF81F,
    0xF81F,0xF81F,0xF81F,0xF81F,0xF81F,0xF81F,0xF81F,0xF81F,0xF81F,0xF81F,0xF81F,0xF81F,
    0xF81F,0xF81F,0xF81F,0xF81F,0xF81F,0xF81F,0xF81F,0xF81F,0xF81F,0xF81F,0xF81F,0xF81F,
    0xF81F,0xF81F,0xF81F,0xF81F,0xF81F,0xF81F,0xF81F,0xF81F,0xF81F,0xF81F,0xF81F,0xF81F,
    0xF81F,0xF81F,0xF81F,0xF81F,0xF81F,0xF81F,0xF81F,0xF81F,0xF81F,0xF81F,0xF81F,0xF81F,
    0xF81F,0xF81F,0xF81F,0xF81F,0xF81F,0xF81F,0xF81F,0xF81F,0xF81F,0xF81F,0xF81F,0xF81F,
    0xF81F,0xF81F,0xF81F,0xF81F,0xF81F,0xF81F,0xF81F,0xF81F,0xF81F,0xF81F,0xF81F,0xF81F,
    0xF81F,0xF81F,0xF81F,0xF81F,0xF81F,0xF81F,0xF81F,0xF81F,0xF81F,0xF81F,0xF81F,0xF81F,
    0xF81F,0xF81F,0xF81F,0xF81F,0xF81F,0xF81F,0xF81F,0xF81F,0xF81F,0xF81F,0xF81F,0xF81F,
    0xF81F,0xF81F,0xF81F,0xF81F,0xF81F,0xF81F,0xF81F,0xF81F,0xF81F,0xF81F,0xF81F,0xF81F,
    0xF81F,0xF81F,0xF81F,0xF81F,0xF81F,0xF81F,0xF81F,0xF81F,0xF81F,0xF81F,0xF81F,0xF81F,
    0xF81F,0xF81F,0xF547,0xF547,0xF81F,0xF81F,0xF81F,0xF81F,0xF81F,0xF81F,0xF81F,0xF81F,
    0xF81F,0xF81F,0xF81F,0xF81F,0xF81F,0xF81F,0xF81F,0xF81F,0xF81F,0xF81F,0xF81F,0xF81F,
    0xF81F,0xF81F,0xF81F,0xF81F,0xF81F,0xF81F,0xF81F,0xF81F,0xF81F,0xF81F,0xF81F,0xF81F,
    0xF81F,0xF81F,0xF81F,0xF81F,0xF81F,0xF81F,0xF81F,0xF81F,0xF81F,0xF81F,0xF81F,0xF81F,
    0xF81F,0xF81F,0xF81F,0xF81F,0xF81F,0xF81F,0xF81F,0xF81F,0xF81F,0xF81F,0xF81F,0xF81F,
    0xF81F,0xF81F,0xF81F,0xF81F,0xF81F,0xF81F,0xF81F,0xF81F,0xF81F,0xF81F,0xF81F,0xF81F,
    0xF81F,0xF81F,0xF81F,0xF81F,0xF81F,0xF81F,0xF81F,0xF81F,0xF81F,0xF81F,0xF81F,0xF81F,
    0xF81F,0xF81F,0xF81F,0xF81F,0xF81F,0xF81F,0xF81F,0xF81F,0xF81F,0xF81F,0xF81F,0xF81F,
    0xF81F,0xF81F,0xF81F,0xF81F,0xF81F,0xF81F,0xF81F,0xF81F,0xF81F,0xF81F,0xF81F,0xF81F,
    0xF81F,0xF81F,0xF81F,0xF81F,0xF81F,0xF81F,0xF81F,0xF81F,0xF81F,0xF81F,0xF81F,0xF81F,
    0xF81F,0xF81F,0xF81F,0xF81F,0xF81F,0xF81F,0xF81F,0xF81F,0xF81F,0xF81F,0xF81F,0xF81F,
    0xF81F,0xF81F,0xF81F,0xF81F,0xF81F,0xF81F,0xF81F,0xF81F,0xF81F,0xF81F,0xF81F,0xF81F,
    0xF81F,0xF81F,0xF81F,0xF81F,0xF81F,0xF81F,0xF81F,0xED47,0xF547,0xF547,0xED47,0xF81F,
    0xF81F,0xF81F,0xF81F,0xF81F,0xF81F,0xF81F,0xF81F,0xF81F,0xF81F,0xF81F,0xF81F,0xF81F,
    0xF81F,0xF81F,0xF81F,0xF81F,0xF81F,0xF81F,0xF81F,0xF81F,0xF81F,0xF81F,0xF81F,0xF81F,
    0xF81F,0xF81F,0xF81F,0xF81F,0xF81F,0xF81F,0xF81F,0xF81F,0xF81F,0xF81F,0xF81F,0xF81F,
    0xF81F,0xF81F,0xF81F,0xF81F,0xF81F,0xF81F,0xF81F,0xF81F,0xF81F,0xF81F,0xF81F,0xF81F,
    0xF81F,0xF81F,0xF81F,0xF81F,0xF81F,0xF81F,0xF81F,0xF81F,0xF81F,0xF81F,0xF81F,0xF81F,
    0xF81F,0xF81F,0xF81F,0xF81F,0xF81F,0xF81F,0xF81F,0xF81F,0xF81F,0xF81F,0xF81F,0xF81F,
    0xF81F,0xF81F,0xF81F,0xF81F,0xF81F,0xF81F,0xF81F,0xF81F,0xF81F,0xF81F,0xF81F,0xF81F,
    0xF81F,0xF81F,0xF81F,0xF81F,0xF81F,0xF81F,0xF81F,0xF81F,0xF81F,0xF81F,0xF81F,0xF81F,
    0xF81F,0xF81F,0xF81F,0xF81F,0xF81F,0xF81F,0xF81F,0xF81F,0xF81F,0xF81F,0xF81F,0xF81F,
    0xF81F,0xF81F,0xF81F,0xF81F,0xF81F,0xF81F,0xF81F,0xF81F,0xF81F,0xF81F,0xF81F,0xF81F,
    0xF81F,0xF81F,0xF81F,0xF81F,0xF81F,0xF81F,0xF81F,0xF81F,0xF81F,0xF81F,0xF81F,0xF81F,
    0xF81F,0xF81F,0xF81F,0xF81F,0xF81F,0xF81F,0xF81F,0xF81F,0xF81F,0xF81F,0xF81F,0xF81F,
    0xF81F,0xED47,0xF547,0xF547,0xED47,0xF81F,0xF81F,0xF81F,0xF81F,0xF81F,0xF81F,0xF81F,
    0xF81F,0xF81F,0xF81F,0xF81F,0xF81F,0xF81F,0xF81F,0xF81F,0xF81F,0xF81F,0xF81F,0xF81F,
    0xF81F,0xF81F,0xF81F,0xF81F,0xF81F,0xF81F,0xF81F,0xF81F,0xF81F,0xF81F,0xF81F,0xF81F,
    0xF81F,0xF81F,0xF81F,0xF81F,0xF81F,0xF81F,0xF81F,0xF81F,0xF81F,0xF81F,0xF81F,0xF81F,
    0xF81F,0xF81F,0xF81F,0xF81F,0xF81F,0xF81F,0xF81F,0xF81F,0xF81F,0xF81F,0xF81F,0xF81F,
    0xF81F,0xF81F,0xF81F,0xF81F,0xF81F,0xF81F,0xF81F,0xF81F,0xF81F,0xF81F,0xF81F,0xF81F,
    0xF81F,0xF81F,0xF81F,0xF81F,0xF81F,0xF81F,0xF81F,0xF81F,0xF81F,0xF81F,0xF81F,0xF81F,
    0xF81F,0xF81F,0xF81F,0xF81F,0xF81F,0xF81F,0xF81F,0xF81F,0xF81F,0xF81F,0xF81F,0xF81F,
    0xF81F,0xF81F,0xF81F,0xF81F,0xF81F,0xF81F,0xF81F,0xF81F,0xF81F,0xF81F,0xF81F,0xF81F,
    0xF81F,0xF81F,0xF81F,0xF81F,0xF81F,0xF81F,0xF81F,0xF81F,0xF81F,0xF81F,0xF81F,0xF81F,
    0xF81F,0xF81F,0xF81F,0xF81F,0xF81F,0xF81F,0xF81F,0xF81F,0xF81F,0xF81F,0xF81F,0xF81F,
    0xF81F,0xF81F,0xF81F,0xF81F,0xF81F,0xF81F,0xF81F,0xF81F,0xF81F,0xF81F,0xF81F,0xF81F,
    0xF81F,0xF81F,0xF81F,0xF81F,0xF81F,0xF81F,0xF81F,0xF547,0xF5A7,0xF5A7,0xF547,0xF81F,
    0xF81F,0xF81F,0xF81F,0xF81F,0xF81F,0xF81F,0xF81F,0xF81F,0xF81F,0xF81F,0xF81F,0xF81F,
    0xF81F,0xF81F,0xF81F,0xF81F,0xF81F,0xF81F,0xF81F,0xF81F,0xF81F,0xF81F,0xF81F,0xF81F,
    0xF81F,0xF81F,0xF81F,0xF81F,0xF81F,0xF81F,0xF81F,0xF81F,0xF81F,0xF81F,0xF81F,0xF81F,
    0xF81F,0xF81F,0xF81F,0xF81F,0xF81F,0xF81F,0xF81F,0xF81F,0xF81F,0xF81F,0xF81F,0xF81F,
    0xF81F,0xF81F,0xF81F,0xF81F,0xF81F,0xF81F,0xF81F,0xF81F,0xF81F,0xF81F,0xF81F,0xF81F,
    0xF81F,0xF81F,0xF81F,0xF81F,0xF81F,0xF81F,0xF81F,0xF81F,0xF81F,0xF81F,0xF81F,0xF81F,
    0xF81F,0xF81F,0xF81F,0xF81F,0xF81F,0xF81F,0xF81F,0xF81F,0xF81F,0xF81F,0xF81F,0xF81F,
    0xF81F,0xF81F,0xF81F,0xF81F,0xF81F,0xF81F,0xF81F,0xF81F,0xF81F,0xF81F,0xF81F,0xF81F,
    0xF81F,0xF81F,0xF81F,0xF81F,0xF81F,0xF81F,0xF81F,0xF81F,0xF81F,0xF81F,0xF81F,0xF81F,
    0xF81F,0xF81F,0xF81F,0xF81F,0xF81F,0xF81F,0xF81F,0xF81F,0xF81F,0xF81F,0xF81F,0xF81F,
    0xF81F,0xF81F,0xF81F,0xF81F,0xF81F,0xF81F,0xF81F,0xF81F,0xF81F,0xF81F,0xF81F,0xF81F,
    0xF81F,0xF81F,0xF81F,0xF81F,0xF81F,0xF81F,0xF81F,0xF81F,0xF81F,0xF81F,0xF81F,0xF81F,
    0xF547,0xF547,0xFE28,0xFE28,0xF547,0xF547,0xF81F,0xF81F,0xF81F,0xF81F,0xF81F,0xF81F,
    0xF81F,0xF81F,0xF81F,0xF81F,0xF81F,0xF81F,0xF81F,0xF81F,0xF81F,0xF81F,0xF81F,0xF81F,
    0xF81F,0xF81F,0xF81F,0xF81F,0xF81F,0xF81F,0xF81F,0xF81F,0xF81F,0xF81F,0xF81F,0xF81F,
    0xF81F,0xF81F,0xF81F,0xF81F,0xF81F,0xF81F,0xF81F,0xF81F,0xF81F,0xF81F,0xF81F,0xF81F,
    0xF81F,0xF81F,0xF81F,0xF81F,0xF81F,0xF81F,0xF81F,0xF81F,0xF81F,0xF81F,0xF81F,0xF81F,
    0xF81F,0xF81F,0xF81F,0xF81F,0xF81F,0xF81F,0xF81F,0xF81F,0xF81F,0xF81F,0xF81F,0xF81F,
    0xF81F,0xF81F,0xF81F,0xF81F,0xF81F,0xF81F,0xF81F,0xF81F,0xF81F,0xF81F,0xF81F,0xF81F,
    0xF81F,0xF81F,0xF81F,0xF81F,0xF81F,0xF81F,0xF81F,0xF81F,0xF81F,0xF81F,0xF81F,0xF81F,
    0xF81F,0xF81F,0xF81F,0xF81F,0xF81F,0xF81F,0xF81F,0xF81F,0xF81F,0xF81F,0xF81F,0xF81F,
    0xF81F,0xF81F,0xF81F,0xF81F,0xF81F,0xF81F,0xF81F,0xF81F,0xF81F,0xF81F,0xF81F,0xF81F,
    0xF81F,0xF81F,0xF81F,0xF81F,0xF81F,0xF81F,0xF81F,0xF81F,0xF81F,0xF81F,0xF81F,0xF81F,
    0xF81F,0xF81F,0xF81F,0xF81F,0xF81F,0xF81F,0xF81F,0xF81F,0xF81F,0xF81F,0xF81F,0xF81F,
    0xF81F,0xF81F,0xF81F,0xF81F,0xF81F,0xF81F,0xF547,0xF547,0xFE89,0xFE89,0xF567,0xF547,
    0xF81F,0xF81F,0xF81F,0xF81F,0xF81F,0xF81F,0xF81F,0xF81F,0xF81F,0xF81F,0xF81F,0xF81F,
    0xF81F,0xF81F,0xF81F,0xF81F,0xF81F,0xF81F,0xF81F,0xF81F,0xF81F,0xF81F,0xF81F,0xF81F,
    0xF81F,0xF81F,0xF81F,0xF81F,0xF81F,0xF81F,0xF81F,0xF81F,0xF81F,0xF81F,0xF81F,0xF81F,
    0xF81F,0xF81F,0xF81F,0xF81F,0xF81F,0xF81F,0xF81F,0xF81F,0xF81F,0xF81F,0xF81F,0xF81F,
    0xF81F,0xF81F,0xF81F,0xF81F,0xF81F,0xF81F,0xF81F,0xF81F,0xF81F,0xF81F,0xF81F,0xF81F,
    0xF81F,0xF81F,0xF81F,0xF81F,0xF81F,0xF81F,0xF81F,0xF81F,0xF81F,0xF81F,0xF81F,0xF81F,
    0xF81F,0xF81F,0xF81F,0xF81F,0xF81F,0xF81F,0xF81F,0xF81F,0xF81F,0xF81F,0xF81F,0xF81F,
    0xF81F,0xF81F,0xF81F,0xF81F,0xF81F,0xF81F,0xF81F,0xF81F,0xF81F,0xF81F,0xF81F,0xF81F,
    0xF81F,0xF81F,0xF81F,0xF81F,0xF81F,0xF81F,0xF81F,0xF81F,0xF81F,0xF81F,0xF81F,0xF81F,
    0xF81F,0xF81F,0xF81F,0xF81F,0xF81F,0xF81F,0xF81F,0xF81F,0xF81F,0xF81F,0xF81F,0xF81F,
    0xF81F,0xF81F,0xF81F,0xF81F,0xF81F,0xF81F,0xF81F,0xF81F,0xF81F,0xF81F,0xF81F,0xF81F,
    0xF81F,0xF81F,0xF81F,0xF81F,0xF81F,0xF81F,0xF81F,0xF81F,0xF81F,0xF81F,0xF81F,0xED47,
    0xF547,0xF5C8,0xFE89,0xFE89,0xF5C8,0xF547,0xED47,0xF81F,0xF81F,0xF81F,0xF81F,0xF81F,
    0xF81F,0xF81F,0xF81F,0xF81F,0xF81F,0xF81F,0xF81F,0xF81F,0xF81F,0xF81F,0xF81F,0xF81F,
    0xF81F,0xF81F,0xF81F,0xF81F,0xF81F,0xF81F,0xF81F,0xF81F,0xF81F,0xF81F,0xF81F,0xF81F,
    0xF81F,0xF81F,0xF81F,0xF81F,0xF81F,0xF81F,0xF81F,0xF81F,0xF81F,0xF81F,0xF81F,0xF81F,
    0xF81F,0xF81F,0xF81F,0xF81F,0xF81F,0xF81F,0xF81F,0xF81F,0xF81F,0xF81F,0xF81F,0xF81F,
    0xF81F,0xF81F,0xF81F,0xF81F,0xF81F,0xF81F,0xF81F,0xF81F,0xF81F,0xF81F,0xF81F,0xF81F,
    0xF81F,0xF81F,0xF81F,0xF81F,0xF81F,0xF81F,0xF81F,0xF81F,0xF81F,0xF81F,0xF81F,0xF81F,
    0xF81F,0xF81F,0xF81F,0xF81F,0xF81F,0xF81F,0xF81F,0xF81F,0xF81F,0xF81F,0xF81F,0xF81F,
    0xF81F,0xF81F,0xF81F,0xF81F,0xF81F,0xF81F,0xF81F,0xF81F,0xF81F,0xF81F,0xF81F,0xF81F,
    0xF81F,0xF81F,0xF81F,0xF81F,0xF81F,0xF81F,0xF81F,0xF81F,0xF81F,0xF81F,0xF81F,0xF81F,
    0xF81F,0xF81F,0xF81F,0xF81F,0xF81F,0xF81F,0xF81F,0xF81F,0xF81F,0xF81F,0xF81F,0xF81F,
    0xF81F,0xF81F,0xF81F,0xF81F,0xF81F,0xF81F,0xF81F,0xF81F,0xF81F,0xF81F,0xF81F,0xF81F,
    0xF81F,0xF81F,0xF81F,0xF81F,0xF81F,0xF547,0xF547,0xFE48,0xFE89,0xFE89,0xFE48,0xF547,
    0xF547,0xF81F,0xF81F,0xF81F,0xF81F,0xF81F,0xF81F,0xF81F,0xF81F,0xF81F,0xF81F,0xF81F,
    0xF81F,0xF81F,0xF81F,0xF81F,0xF81F,0xF81F,0xF81F,0xF81F,0xF81F,0xF81F,0xF81F,0xF81F,
    0xF81F,0xF81F,0xF81F,0xF81F,0xF81F,0xF81F,0xF81F,0xF81F,0xF81F,0xF81F,0xF81F,0xF81F,
    0xF81F,0xF81F,0xF81F,0xF81F,0xF81F,0xF81F,0xF81F,0xF81F,0xF81F,0xF81F,0xF81F,0xF81F,
    0xF81F,0xF81F,0xF81F,0xF81F,0xF81F,0xF81F,0xF81F,0xF81F,0xF81F,0xF81F,0xF81F,0xF81F,
    0xF81F,0xF81F,0xF81F,0xF81F,0xF81F,0xF81F,0xF81F,0xF81F,0xF81F,0xF81F,0xF81F,0xF81F,
    0xF81F,0xF81F,0xF81F,0xF81F,0xF81F,0xF81F,0xF81F,0xF81F,0xF81F,0xF81F,0xF81F,0xF81F,
    0xF81F,0xF81F,0xF81F,0xF81F,0xF81F,0xF81F,0xF81F,0xF81F,0xF81F,0xF81F,0xF81F,0xF81F,
    0xF81F,0xF81F,0xF81F,0xF81F,0xF81F,0xF81F,0xF81F,0xF81F,0xF81F,0xF81F,0xF81F,0xF81F,
    0xF81F,0xF81F,0xF81F,0xF81F,0xF81F,0xF81F,0xF81F,0xF81F,0xF81F,0xF81F,0xF81F,0xF81F,
    0xF81F,0xF81F,0xF81F,0xF81F,0xF81F,0xF81F,0xF81F,0xF81F,0xF81F,0xF81F,0xF81F,0xF81F,
    0xF81F,0xF81F,0xF81F,0xF81F,0xF81F,0xF547,0xED47,0xED47,0xF547,0xF547,0xED47,0xF547,
    0xF587,0xFE89,0xFE89,0xFE89,0xFE89,0xF587,0xF547,0xED47,0xF547,0xF547,0xED47,0xED47,
    0xF547,0xF81F,0xF81F,0xF81F,0xF81F,0xF81F,0xF81F,0xF81F,0xF81F,0xF81F,0xF81F,0xF81F,
    0xF81F,0xF81F,0xF81F,0xF81F,0xF81F,0xF81F,0xF81F,0xF81F,0xF81F,0xF81F,0xF81F,0xF81F,
    0xF81F,0xF81F,0xF81F,0xF81F,0xF81F,0xF81F,0xF81F,0xF81F,0xF81F,0xF81F,0xF81F,0xF81F,
    0xF81F,0xF81F,0xF81F,0xF81F,0xF81F,0xF81F,0xF81F,0xF81F,0xF81F,0xF81F,0xF81F,0xF81F,
    0xF81F,0xF81F,0xF81F,0xF81F,0xF81F,0xF81F,0xF81F,0xF81F,0xF81F,0xF81F,0xF81F,0xF81F,
    0xF81F,0xF81F,0xF81F,0xF81F,0xF81F,0xF81F,0xF81F,0xF81F,0xF81F,0xF81F,0xF81F,0xF81F,
    0xF81F,0xF81F,0xF81F,0xF81F,0xF81F,0xF81F,0xF81F,0xF81F,0xF81F,0xF81F,0xF81F,0xF81F,
    0xF81F,0xF81F,0xF81F,0xF81F,0xF81F,0xF81F,0xF81F,0xF81F,0xF81F,0xF81F,0xF81F,0xF81F,
    0xF81F,0xF81F,0xF81F,0xF81F,0xF81F,0xF81F,0xF81F,0xF81F,0xF81F,0xF81F,0xF81F,0xF81F,
    0xF81F,0xF81F,0xF81F,0xF81F,0xF81F,0xF81F,0xF81F,0xF81F,0xF81F,0xF81F,0xF81F,0xF81F,
    0xF81F,0xF81F,0xF81F,0xF81F,0xF81F,0xF81F,0xF547,0xF547,0xF547,0xF547,0xF547,0xF547,
    0xF547,0xF547,0xF547,0xF547,0xF547,0xF547,0xFE08,0xFE89,0xFE89,0xFE89,0xFE89,0xFE08,
    0xF547,0xF547,0xF547,0xF547,0xF547,0xF547,0xF547,0xF547,0xF547,0xF547,0xF547,0xF547,
    0xF81F,0xF81F,0xF81F,0xF81F,0xF81F,0xF81F,0xF81F,0xF81F,0xF81F,0xF81F,0xF81F,0xF81F,
    0xF81F,0xF81F,0xF81F,0xF81F,0xF81F,0xF81F,0xF81F,0xF81F,0xF81F,0xF81F,0xF81F,0xF81F,
    0xF81F,0xF81F,0xF81F,0xF81F,0xF81F,0xF81F,0xF81F,0xF81F,0xF81F,0xF81F,0xF81F,0xF81F,
    0xF81F,0xF81F,0xF81F,0xF81F,0xF81F,0xF81F,0xF81F,0xF81F,0xF81F,0xF81F,0xF81F,0xF81F,
    0xF81F,0xF81F,0xF81F,0xF81F,0xF81F,0xF81F,0xF81F,0xF81F,0xF81F,0xF81F,0xF81F,0xF81F,
    0xF81F,0xF81F,0xF81F,0xF81F,0xF81F,0xF81F,0xF81F,0xF81F,0xF81F,0xF81F,0xF81F,0xF81F,
    0xF81F,0xF81F,0xF81F,0xF81F,0xF81F,0xF81F,0xF81F,0xF81F,0xF81F,0xF81F,0xF81F,0xF81F,
    0xF81F,0xF81F,0xF81F,0xF81F,0xF81F,0xF81F,0xF81F,0xF81F,0xF81F,0xF81F,0xF81F,0xF81F,
    0xF81F,0xF81F,0xF81F,0xF81F,0xF81F,0xF81F,0xF81F,0xF81F,0xF81F,0xF81F,0xF81F,0xF81F,
    0xF81F,0xF81F,0xF81F,0xF81F,0xF81F,0xF81F,0xF81F,0xF81F,0xF81F,0xF81F,0xF81F,0xF81F,
    0xF81F,0xED47,0xF547,0xF547,0xF587,0xFDE8,0xFE08,0xFE08,0xFE28,0xFE28,0xFE48,0xFE68,
    0xFE89,0xFE89,0xFE89,0xFE89,0xFE89,0xFE89,0xFE68,0xFE48,0xFE28,0xFE28,0xFE08,0xFE08,
    0xFDE8,0xF587,0xF547,0xF547,0xED47,0xF81F,0xF81F,0xF81F,0xF81F,0xF81F,0xF81F,0xF81F,
    0xF81F,0xF81F,0xF81F,0xF81F,0xF81F,0xF81F,0xF81F,0xF81F,0xF81F,0xF81F,0xF81F,0xF81F,
    0xF81F,0xF81F,0xF81F,0xF81F,0xF81F,0xF81F,0xF81F,0xF81F,0xF81F,0xF81F,0xF81F,0xF81F,
    0xF81F,0xF81F,0xF81F,0xF81F,0xF81F,0xF81F,0xF81F,0xF81F,0xF81F,0xF81F,0xF81F,0xF81F,
    0xF81F,0xF81F,0xF81F,0xF81F,0xF81F,0xF81F,0xF81F,0xF81F,0xF81F,0xF81F,0xF81F,0xF81F,
    0xF81F,0xF81F,0xF81F,0xF81F,0xF81F,0xF81F,0xF81F,0xF81F,0xF81F,0xF81F,0xF81F,0xF81F,
    0xF81F,0xF81F,0xF81F,0xF81F,0xF81F,0xF81F,0xF81F,0xF81F,0xF81F,0xF81F,0xF81F,0xF81F,
    0xF81F,0xF81F,0xF81F,0xF81F,0xF81F,0xF81F,0xF81F,0xF81F,0xF81F,0xF81F,0xF81F,0xF81F,
    0xF81F,0xF81F,0xF81F,0xF81F,0xF81F,0xF81F,0xF81F,0xF81F,0xF81F,0xF81F,0xF81F,0xF81F,
    0xF81F,0xF81F,0xF81F,0xF81F,0xF81F,0xF81F,0xF81F,0xF81F,0xF81F,0xF81F,0xF81F,0xF81F,
    0xF81F,0xF81F,0xF81F,0xF81F,0xF81F,0xF81F,0xF81F,0xF81F,0xF547,0xF547,0xF547,0xF5E8,
    0xFE89,0xFE89,0xFE89,0xFE89,0xFE89,0xFE89,0xFE89,0xFE89,0xFE89,0xFE89,0xFE89,0xFE89,
    0xFE89,0xFE89,0xFE89,0xFE89,0xFE89,0xFE89,0xFDE8,0xF547,0xF547,0xED47,0xF81F,0xF81F,
    0xF81F,0xF81F,0xF81F,0xF81F,0xF81F,0xF81F,0xF81F,0xF81F,0xF81F,0xF81F,0xF81F,0xF81F,
    0xF81F,0xF81F,0xF81F,0xF81F,0xF81F,0xF81F,0xF81F,0xF81F,0xF81F,0xF81F,0xF81F,0xF81F,
    0xF81F,0xF81F,0xF81F,0xF81F,0xF81F,0xF81F,0xF81F,0xF81F,0xF81F,0xF81F,0xF81F,0xF81F,
    0xF81F,0xF81F,0xF81F,0xF81F,0xF81F,0xF81F,0xF81F,0xF81F,0xF81F,0xF81F,0xF81F,0xF81F,
    0xF81F,0xF81F,0xF81F,0xF81F,0xF81F,0xF81F,0xF81F,0xF81F,0xF81F,0xF81F,0xF81F,0xF81F,
    0xF81F,0xF81F,0xF81F,0xF81F,0xF81F,0xF81F,0xF81F,0xF81F,0xF81F,0xF81F,0xF81F,0xF81F,
    0xF81F,0xF81F,0xF81F,0xF81F,0xF81F,0xF81F,0xF81F,0xF81F,0xF81F,0xF81F,0xF81F,0xF81F,
    0xF81F,0xF81F,0xF81F,0xF81F,0xF81F,0xF81F,0xF81F,0xF81F,0xF81F,0xF81F,0xF81F,0xF81F,
    0xF81F,0xF81F,0xF81F,0xF81F,0xF81F,0xF81F,0xF81F,0xF81F,0xF81F,0xF81F,0xF81F,0xF81F,
    0xF81F,0xF81F,0xF81F,0xF81F,0xF81F,0xF81F,0xF81F,0xF81F,0xF81F,0xF81F,0xF81F,0xF81F,
    0xF81F,0xF81F,0xF81F,0xF81F,0xED47,0xF547,0xF5A7,0xFE89,0xFE89,0xFE89,0xFE89,0xFE89,
    0xFE89,0xFE89,0xFE89,0xFE89,0xFE89,0xFE89,0xFE89,0xFE89,0xFE89,0xFE89,0xFE89,0xF5A7,
    0xF547,0xED47,0xF81F,0xF81F,0xF81F,0xF81F,0xF81F,0xF81F,0xF81F,0xF81F,0xF81F,0xF81F,
    0xF81F,0xF81F,0xF81F,0xF81F,0xF81F,0xF81F,0xF81F,0xF81F,0xF81F,0xF81F,0xF81F,0xF81F,
    0xF81F,0xF81F,0x09E8,0xF81F,0xF81F,0xF81F,0x09E8,0xF81F,0xF81F,0xF81F,0xF81F,0xF81F,
    0xF81F,0xF81F,0xF81F,0xF81F,0xF81F,0xF81F,0xF81F,0xF81F,0xF81F,0xF81F,0xF81F,0xF81F,
    0xF81F,0xF81F,0xF81F,0xF81F,0xF81F,0xF81F,0xF81F,0xF81F,0xF81F,0xF81F,0xF81F,0xF81F,
    0xF81F,0xF81F,0xF81F,0xF81F,0xF81F,0xF81F,0xF81F,0xF81F,0xF81F,0xF81F,0xF81F,0xF81F,
    0xF81F,0xF81F,0xF81F,0xF81F,0xF81F,0xF81F,0xF81F,0xF81F,0xF81F,0xF81F,0xF81F,0xF81F,
    0xF81F,0xF81F,0xF81F,0xF81F,0xF81F,0xF81F,0xF81F,0xF81F,0xF81F,0xF81F,0xF81F,0xF81F,
    0xF81F,0xF81F,0xF81F,0xF81F,0xF81F,0xF81F,0xF81F,0xF81F,0xF81F,0xF81F,0xF81F,0xF81F,
    0xF81F,0xF81F,0xF81F,0xF81F,0xF81F,0xF81F,0xF81F,0xF81F,0xF81F,0xF81F,0xF81F,0xF81F,
    0xF81F,0xF81F,0xF81F,0xF81F,0xF81F,0xF81F,0xF81F,0xF81F,0xF81F,0xF81F,0xF81F,0xED47,
    0xF547,0xF567,0xFE48,0xFE89,0xFE89,0xFE89,0xFE89,0xFE89,0xFE89,0xFE89,0xFE89,0xFE89,
    0xFE89,0xFE89,0xFE89,0xFE69,0xF587,0xF547,0xED47,0xF81F,0xF81F,0xF81F,0xF81F,0xF81F,
    0xF81F,0xF81F,0xF81F,0xF81F,0xF81F,0xF81F,0xF81F,0xF81F,0xF81F,0xF81F,0xF81F,0xF81F,
    0xF81F,0xF81F,0xF81F,0x09E8,0x09E8,0xF81F,0xF81F,0xF81F,0x09E8,0xF81F,0xF81F,0xF81F,
    0x09E8,0xF81F,0xF81F,0xF81F,0xF81F,0xF81F,0xF81F,0xF81F,0xF81F,0xF81F,0xF81F,0xF81F,
    0xF81F,0xF81F,0xF81F,0xF81F,0xF81F,0xF81F,0xF81F,0xF81F,0xF81F,0xF81F,0xF81F,0xF81F,
    0xF81F,0xF81F,0xF81F,0xF81F,0xF81F,0xF81F,0xF81F,0xF81F,0xF81F,0xF81F,0xF81F,0xF81F,
    0xF81F,0xF81F,0xF81F,0xF81F,0xF81F,0xF81F,0xF81F,0xF81F,0xF81F,0xF81F,0xF81F,0xF81F,
    0xF81F,0xF81F,0xF81F,0xF81F,0xF81F,0xF81F,0xF81F,0xF81F,0xF81F,0xF81F,0xF81F,0xF81F,
    0xF81F,0xF81F,0xF81F,0xF81F,0xF81F,0xF81F,0xF81F,0xF81F,0xF81F,0xF81F,0xF81F,0xF81F,
    0xF81F,0xF81F,0xF81F,0xF81F,0xF81F,0xF81F,0xF81F,0xF81F,0xF81F,0xF81F,0xF81F,0xF81F,
    0xF81F,0xF81F,0xF81F,0xF81F,0xF81F,0xF81F,0xF81F,0xF81F,0xF81F,0xF81F,0xF81F,0xF81F,
    0xF81F,0xF81F,0xF81F,0xF81F,0xF81F,0xF81F,0xF547,0xF547,0xF547,0xFE28,0xFE89,0xFE89,
    0xFE89,0xFE89,0xFE89,0xFE89,0xFE89,0xFE89,0xFE89,0xFE89,0xFE28,0xF567,0xF547,0xED47,
    0xF81F,0xF81F,0xF81F,0xF81F,0xF81F,0xF81F,0xF81F,0xF81F,0xF81F,0xF81F,0xF81F,0xF81F,
    0xF81F,0xF81F,0xF81F,0xF81F,0xF81F,0xF81F,0xF81F,0xF81F,0xF81F,0xF81F,0xF81F,0xF81F,
    0xF81F,0xF81F,0xF81F,0xF81F,0xF81F,0xF81F,0xF81F,0xF81F,0xF81F,0xF81F,0xF81F,0xF81F,
    0xF81F,0xF81F,0xF81F,0xF81F,0xF81F,0xF81F,0xF81F,0xF81F,0xF81F,0xF81F,0xF81F,0xF81F,
    0xF81F,0xF81F,0xF81F,0xF81F,0xF81F,0xF81F,0xF81F,0xF81F,0xF81F,0xF81F,0xF81F,0xF81F,
    0xF81F,0xF81F,0xF81F,0xF81F,0xF81F,0xF81F,0xF81F,0xF81F,0xF81F,0xF81F,0xF81F,0xF81F,
    0xF81F,0xF81F,0xF81F,0xF81F,0xF81F,0xF81F,0xF81F,0xF81F,0xF81F,0xF81F,0xF81F,0xF81F,
    0xF81F,0xF81F,0xF81F,0xF81F,0xF81F,0xF81F,0xF81F,0xF81F,0xF81F,0xF81F,0xF81F,0xF81F,
    0xF81F,0xF81F,0xF81F,0xF81F,0xF81F,0xF81F,0xF81F,0xF81F,0xF81F,0xF81F,0xF81F,0xF81F,
    0xF81F,0xF81F,0xF81F,0xF81F,0xF81F,0xF81F,0xF81F,0xF81F,0xF81F,0xF81F,0xF81F,0xF81F,
    0xF81F,0xF81F,0xF81F,0xF81F,0xF81F,0xF81F,0xF81F,0xF81F,0xF81F,0xF81F,0xF81F,0xF81F,
    0xF81F,0xF547,0xF547,0xF547,0xFE28,0xFE89,0xFE89,0xFE89,0xFE89,0xFE89,0xFE89,0xFE89,
    0xFE89,0xFE28,0xF547,0xF547,0xF547,0xF81F,0xF81F,0xF81F,0xF81F,0xF81F,0xF81F,0xF81F,
    0xF81F,0xF81F,0xF81F,0xF81F,0xF81F,0xF81F,0xF81F,0xF81F,0xF81F,0xF81F,0xF81F,0xF81F,
    0xF81F,0xF81F,0xF81F,0xF81F,0xF81F,0xF81F,0xF81F,0xF81F,0xF81F,0xF81F,0xF81F,0xF81F,
    0xF81F,0xF81F,0xF81F,0xF81F,0xF81F,0xF81F,0xF81F,0xF81F,0xF81F,0xF81F,0xF81F,0xF81F,
    0xF81F,0xF81F,0xF81F,0xF81F,0xF81F,0xF81F,0xF81F,0xF81F,0xF81F,0xF81F,0xF81F,0xF81F,
    0xF81F,0xF81F,0xF81F,0xF81F,0xF81F,0xF81F,0xF81F,0xF81F,0xF81F,0xF81F,0xF81F,0xF81F,
    0xF81F,0xF81F,0xF81F,0xF81F,0xF81F,0xF81F,0xF81F,0xF81F,0xF81F,0xF81F,0xF81F,0xF81F,
    0xF81F,0xF81F,0xF81F,0xF81F,0xF81F,0xF81F,0xF81F,0xF81F,0xF81F,0xF81F,0xF81F,0xF81F,
    0xF81F,0xF81F,0xF81F,0xF81F,0xF81F,0xF81F,0xF81F,0xF81F,0xF81F,0xF81F,0xF81F,0xF81F,
    0xF81F,0xF81F,0xF81F,0xF81F,0xF81F,0xF81F,0xF81F,0xF81F,0xF81F,0xF81F,0xF81F,0xF81F,
    0xF81F,0xF81F,0xF81F,0xF81F,0xF81F,0xF81F,0xF81F,0xF81F,0xF81F,0xF81F,0xF81F,0xF81F,
    0xF81F,0xF81F,0xF81F,0xF81F,0xF81F,0xF81F,0xF81F,0xF81F,0xF547,0xF547,0xFE69,0xFE89,
    0xFE89,0xFE89,0xFE89,0xFE89,0xFE89,0xFE89,0xFE89,0xFE69,0xF547,0xF547,0xF81F,0xF81F,
    0xF81F,0xF81F,0xF81F,0xF81F,0xF81F,0xF81F,0xF81F,0xF81F,0xF81F,0xF81F,0xF81F,0xF81F,
    0xF81F,0xF81F,0xF81F,0xF81F,0xF81F,0xF81F,0xF81F,0xF81F,0xF81F,0xF81F,0xF81F,0xF81F,
    0xF81F,0xF81F,0xF81F,0xF81F,0xF81F,0xF81F,0xF81F,0xF81F,0xF81F,0xF81F,0xF81F,0xF81F,
    0xF81F,0xF81F,0xF81F,0xF81F,0xF81F,0xF81F,0xF81F,0xF81F,0xF81F,0xF81F,0xF81F,0xF81F,
    0xF81F,0xF81F,0xF81F,0xF81F,0xF81F,0xF81F,0xF81F,0xF81F,0xF81F,0xF81F,0xF81F,0xF81F,
    0xF81F,0xF81F,0xF81F,0xF81F,0xF81F,0xF81F,0xF81F,0xF81F,0xF81F,0xF81F,0xF81F,0xF81F,
    0xF81F,0xF81F,0xF81F,0xF81F,0xF81F,0xF81F,0xF81F,0xF81F,0xF81F,0xF81F,0xF81F,0xF81F,
    0xF81F,0xF81F,0xF81F,0xF81F,0xF81F,0xF81F,0xF81F,0xF81F,0xF81F,0xF81F,0xF81F,0xF81F,
    0xF81F,0xF81F,0xF81F,0xF81F,0xF81F,0xF81F,0xF81F,0xF81F,0xF81F,0xF81F,0xF81F,0xF81F,
    0xF81F,0xF81F,0xF81F,0xF81F,0xF81F,0xF81F,0xF81F,0xF81F,0xF81F,0xF81F,0xF81F,0xF81F,
    0xF81F,0xF81F,0xF81F,0xF81F,0xF81F,0xF81F,0xF81F,0xF81F,0xF81F,0xF81F,0xF81F,0xF81F,
    0xF81F,0xF81F,0xF547,0xF567,0xFE89,0xFE89,0xFE89,0xFE89,0xFE89,0xFE89,0xFE89,0xFE89,
    0xFE89,0xFE89,0xF567,0xF547,0xF81F,0xF81F,0xF81F,0xF81F,0xF81F,0xF81F,0xF81F,0xF81F,
    0xF81F,0xF81F,0xF81F,0xF81F,0xF81F,0xF81F,0xF81F,0xF81F,0xF81F,0xF81F,0xF81F,0xF81F,
    0xF81F,0xF81F,0xF81F,0xF81F,0xF81F,0xF81F,0xF81F,0xF81F,0xF81F,0xF81F,0xF81F,0xF81F,
    0xF81F,0xF81F,0xF81F,0xF81F,0xF81F,0xF81F,0xF81F,0xF81F,0xF81F,0xF81F,0xF81F,0xF81F,
    0xF81F,0xF81F,0xF81F,0xF81F,0xF81F,0xF81F,0xF81F,0xF81F,0xF81F,0xF81F,0xF81F,0xF81F,
    0xF81F,0xF81F,0xF81F,0xF81F,0xF81F,0xF81F,0xF81F,0xF81F,0xF81F,0xF81F,0xF81F,0xF81F,
    0xF81F,0xF81F,0xF81F,0xF81F,0xF81F,0xF81F,0xF81F,0xF81F,0xF81F,0xF81F,0xF81F,0xF81F,
    0xF81F,0xF81F,0xF81F,0xF81F,0xF81F,0xF81F,0xF81F,0xF81F,0xF81F,0xF81F,0xF81F,0xF81F,
    0xF81F,0xF81F,0xF81F,0xF81F,0xF81F,0xF81F,0xF81F,0xF81F,0xF81F,0xF81F,0xF81F,0xF81F,
    0xF81F,0xF81F,0xF81F,0xF81F,0xF81F,0xF81F,0xF81F,0xF81F,0xF81F,0xF81F,0xF81F,0xF81F,
    0xF81F,0xF81F,0xF81F,0xF81F,0xF81F,0xF81F,0xF81F,0xF81F,0xF81F,0xF81F,0xF81F,0xF81F,
    0xF81F,0xF81F,0xF81F,0xF81F,0xF81F,0xF81F,0xF81F,0xF81F,0xF547,0xF5C8,0xFE89,0xFE89,
    0xFE89,0xFE89,0xFE89,0xFE89,0xFE89,0xFE89,0xFE89,0xFE89,0xF5C8,0xF547,0xF81F,0xF81F,
    0xF81F,0xF81F,0xF81F,0xF81F,0xF81F,0xF81F,0xF81F,0xF81F,0xF81F,0xF81F,0xF81F,0xF81F,
    0xF81F,0xF81F,0xF81F,0xF81F,0xF81F,0xF81F,0xF81F,0xF81F,0xF81F,0xF81F,0xF81F,0xF81F,
    0xF81F,0xF81F,0xF81F,0xF81F,0xF81F,0xF81F,0xF81F,0xF81F,0xF81F,0xF81F,0xF81F,0xF81F,
    0xF81F,0xF81F,0xF81F,0xF81F,0xF81F,0xF81F,0xF81F,0xF81F,0xF81F,0xF81F,0xF81F,0xF81F,
    0xF81F,0xF81F,0xF81F,0xF81F,0xF81F,0xF81F,0xF81F,0xF81F,0xF81F,0xF81F,0xF81F,0xF81F,
    0xF81F,0xF81F,0xF81F,0xF81F,0xF81F,0xF81F,0xF81F,0xF81F,0xF81F,0xF81F,0xF81F,0xF81F,
    0xF81F,0xF81F,0xF81F,0xF81F,0xF81F,0xF81F,0xF81F,0xF81F,0xF81F,0xF81F,0xF81F,0xF81F,
    0xF81F,0xF81F,0xF81F,0xF81F,0xF81F,0xF81F,0xF81F,0xF81F,0xF81F,0xF81F,0xF81F,0xF81F,
    0xF81F,0xF81F,0xF81F,0xF81F,0xF81F,0xF81F,0xF81F,0xF81F,0xF81F,0xF81F,0xF81F,0xF81F,
    0xF81F,0xF81F,0xF81F,0xF81F,0xF81F,0xF81F,0xF81F,0xF81F,0xF81F,0xF81F,0xF81F,0xF81F,
    0xF81F,0xF81F,0xF81F,0xF81F,0xF81F,0xF81F,0xF81F,0xF81F,0xF81F,0xF81F,0xF81F,0xF81F,
    0xF81F,0xED47,0xF547,0xFE28,0xFE89,0xFE89,0xFE89,0xFE48,0xF587,0xF567,0xFE28,0xFE89,
    0xFE89,0xFE89,0xFE08,0xF547,0xED47,0xF81F,0xF81F,0xF81F,0xF81F,0xF81F,0xF81F,0xF81F,
    0xF81F,0xF81F,0xF81F,0xF81F,0xF81F,0xF81F,0xF81F,0xF81F,0xF81F,0xF81F,0xF81F,0xF81F,
    0xF81F,0xF81F,0xF81F,0xF81F,0xF81F,0xF81F,0xF81F,0xF81F,0xF81F,0xF81F,0xF81F,0xF81F,
    0xF81F,0xF81F,0xF81F,0xF81F,0xF81F,0xF81F,0xF81F,0xF81F,0xF81F,0xF81F,0xF81F,0xF81F,
    0xF81F,0xF81F,0xF81F,0xF81F,0xF81F,0xF81F,0xF81F,0xF81F,0xF81F,0xF81F,0xF81F,0xF81F,
    0xF81F,0xF81F,0xF81F,0xF81F,0xF81F,0xF81F,0xF81F,0xF81F,0xF81F,0xF81F,0xF81F,0xF81F,
    0xF81F,0xF81F,0xF81F,0xF81F,0xF81F,0xF81F,0xF81F,0xF81F,0xF81F,0xF81F,0xF81F,0xF81F,
    0xF81F,0xF81F,0xF81F,0xF81F,0xF81F,0xF81F,0xF81F,0xF81F,0xF81F,0xF81F,0xF81F,0xF81F,
    0xF81F,0xF81F,0xF81F,0xF81F,0xF81F,0xF81F,0xF81F,0xF81F,0xF81F,0xF81F,0xF81F,0xF81F,
    0xF81F,0xF81F,0xF81F,0xF81F,0xF81F,0xF81F,0xF81F,0xF81F,0xF81F,0xF81F,0xF81F,0xF81F,
    0xF81F,0xF81F,0xF81F,0xF81F,0xF81F,0xF81F,0xF81F,0xF81F,0xF81F,0xF81F,0xF81F,0xF81F,
    0xF81F,0xF81F,0xF81F,0xF81F,0xF81F,0xF81F,0xF81F,0xF547,0xF547,0xFE69,0xFE89,0xFE89,
    0xF5C8,0xF547,0xF547,0xF547,0xF547,0xF5C8,0xFE89,0xFE89,0xFE69,0xF547,0xF547,0xF81F,
    0xF81F,0xF81F,0xF81F,0xF81F,0xF81F,0xF81F,0xF81F,0xF81F,0xF81F,0xF81F,0xF81F,0xF81F,
    0xF81F,0xF81F,0xF81F,0xF81F,0xF81F,0xF81F,0xF81F,0xF81F,0xF81F,0xF81F,0xF81F,0xF81F,
    0xF81F,0xF81F,0xF81F,0xF81F,0xF81F,0xF81F,0xF81F,0xF81F,0xF81F,0xF81F,0xF81F,0xF81F,
    0xF81F,0xF81F,0xF81F,0xF81F,0xF81F,0xF81F,0xF81F,0xF81F,0xF81F,0xF81F,0xF81F,0xF81F,
    0xF81F,0xF81F,0xF81F,0xF81F,0xF81F,0xF81F,0xF81F,0xF81F,0xF81F,0xF81F,0xF81F,0xF81F,
    0xF81F,0xF81F,0xF81F,0xF81F,0xF81F,0xF81F,0xF81F,0xF81F,0xF81F,0xF81F,0xF81F,0xF81F,
    0xF81F,0xF81F,0xF81F,0xF81F,0xF81F,0xF81F,0xF81F,0xF81F,0xF81F,0xF81F,0xF81F,0xF81F,
    0xF81F,0xF81F,0xF81F,0xF81F,0xF81F,0xF81F,0xF81F,0xF81F,0xF81F,0xF81F,0xF81F,0xF81F,
    0xF81F,0xF81F,0xF81F,0xF81F,0xF81F,0xF81F,0xF81F,0xF81F,0xF81F,0xF81F,0xF81F,0xF81F,
    0xF81F,0xF81F,0xF81F,0xF81F,0xF81F,0xF81F,0xF81F,0xF81F,0xF81F,0xF81F,0xF81F,0xF81F,
    0xF81F,0xF81F,0xF81F,0xF81F,0xF81F,0xF81F,0xF81F,0xF81F,0xF81F,0xF81F,0xF81F,0xF81F,
    0xF81F,0xF547,0xF587,0xFE89,0xFE28,0xF567,0xF547,0xED47,0xAC47,0xAC47,0xED47,0xF547,
    0xF567,0xFE28,0xFE89,0xF587,0xF547,0xF81F,0xF81F,0xF81F,0xF81F,0xF81F,0xF81F,0xF81F,
    0xF81F,0xF81F,0xF81F,0xF81F,0xF81F,0xF81F,0xF81F,0xF81F,0xF81F,0xF81F,0xF81F,0xF81F,
    0xF81F,0xF81F,0xF81F,0xF81F,0xF81F,0xF81F,0xF81F,0xF81F,0xF81F,0xF81F,0xF81F,0xF81F,
    0xF81F,0xF81F,0xF81F,0xF81F,0xF81F,0xF81F,0xF81F,0xF81F,0xF81F,0xF81F,0xF81F,0xF81F,
    0xF81F,0xF81F,0xF81F,0xF81F,0xF81F,0xF81F,0xF81F,0xF81F,0xF81F,0xF81F,0xF81F,0xF81F,
    0xF81F,0xF81F,0xF81F,0xF81F,0xF81F,0xF81F,0xF81F,0xF81F,0xF81F,0xF81F,0xF81F,0xF81F,
    0xF81F,0xF81F,0xF81F,0xF81F,0xF81F,0xF81F,0xF81F,0xF81F,0xF81F,0xF81F,0xF81F,0xF81F,
    0xF81F,0xF81F,0xF81F,0xF81F,0xF81F,0xF81F,0xF81F,0xF81F,0xF81F,0xF81F,0xF81F,0xF81F,
    0xF81F,0xF81F,0xF81F,0xF81F,0xF81F,0xF81F,0xF81F,0xF81F,0xF81F,0xF81F,0xF81F,0xF81F,
    0xF81F,0xF81F,0xF81F,0xF81F,0xF81F,0xF81F,0xF81F,0xF81F,0xF81F,0xF81F,0xF81F,0xF81F,
    0xF81F,0xF81F,0xF81F,0xF81F,0xF81F,0xF81F,0xF81F,0xF81F,0xF81F,0xF81F,0xF81F,0xF81F,
    0xF81F,0xF81F,0xF81F,0xF81F,0xF81F,0x09E8,0x93E7,0xF547,0xF5C8,0xF5C8,0xF547,0xF547,
    0xC4A7,0x3A88,0x09E8,0x09E8,0x3288,0xC487,0xF547,0xF547,0xF5A8,0xF5C8,0xF547,0x93E7,
    0x09E8,0xF81F,0xF81F,0xF81F,0xF81F,0xF81F,0xF81F,0xF81F,0xF81F,0xF81F,0xF81F,0xF81F,
    0xF81F,0xF81F,0xF81F,0xF81F,0xF81F,0xF81F,0xF81F,0xF81F,0xF81F,0xF81F,0xF81F,0xF81F,
    0xF81F,0xF81F,0xF81F,0xF81F,0xF81F,0xF81F,0xF81F,0xF81F,0xF81F,0xF81F,0xF81F,0xF81F,
    0xF81F,0xF81F,0xF81F,0xF81F,0xF81F,0xF81F,0xF81F,0xF81F,0xF81F,0xF81F,0xF81F,0xF81F,
    0xF81F,0xF81F,0xF81F,0xF81F,0xF81F,0xF81F,0xF81F,0xF81F,0xF81F,0xF81F,0xF81F,0xF81F,
    0xF81F,0xF81F,0xF81F,0xF81F,0xF81F,0xF81F,0xF81F,0xF81F,0xF81F,0xF81F,0xF81F,0xF81F,
    0xF81F,0xF81F,0xF81F,0xF81F,0xF81F,0xF81F,0xF81F,0xF81F,0xF81F,0xF81F,0xF81F,0xF81F,
    0xF81F,0xF81F,0xF81F,0xF81F,0xF81F,0xF81F,0xF81F,0xF81F,0x09E8,0x09E8,0x09E8,0x09E8,
    0x09E8,0x09E8,0x09E8,0xF81F,0xF81F,0xF81F,0xF81F,0xF81F,0xF81F,0xF81F,0xF81F,0xF81F,
    0xF81F,0xF81F,0xF81F,0xF81F,0xF81F,0xF81F,0xF81F,0xF81F,0xF81F,0xF81F,0xF81F,0xF81F,
    0xF81F,0xF81F,0xF81F,0xF81F,0xF81F,0xF81F,0xF81F,0x09E8,0x09E8,0x09E8,0x09E8,0x09E8,
    0xBC87,0xF547,0xF547,0xF547,0xED27,0x7367,0x11E8,0x09E8,0x09E8,0x09E8,0x09E8,0x11E8,
    0x7367,0xED27,0xF547,0xF547,0xF547,0xBC87,0x09E8,0x09E8,0x09E8,0x09E8,0x09E8,0xF81F,
    0xF81F,0xF81F,0xF81F,0xF81F,0xF81F,0xF81F,0xF81F,0xF81F,0xF81F,0xF81F,0xF81F,0xF81F,
    0xF81F,0xF81F,0xF81F,0xF81F,0xF81F,0xF81F,0xF81F,0xF81F,0xF81F,0xF81F,0xF81F,0xF81F,
    0xF81F,0xF81F,0xF81F,0x09E8,0x09E8,0x09E8,0x09E8,0x09E8,0x09E8,0x09E8,0xF81F,0xF81F,
    0xF81F,0xF81F,0xF81F,0xF81F,0xF81F,0xF81F,0xF81F,0xF81F,0xF81F,0xF81F,0xF81F,0xF81F,
    0xF81F,0xF81F,0xF81F,0xF81F,0xF81F,0xF81F,0xF81F,0xF81F,0xF81F,0xF81F,0xF81F,0xF81F,
    0xF81F,0xF81F,0xF81F,0xF81F,0xF81F,0xF81F,0xF81F,0xF81F,0xF81F,0xF81F,0xF81F,0xF81F,
    0xF81F,0xF81F,0xF81F,0xF81F,0xF81F,0xF81F,0xF81F,0xF81F,0xF81F,0xF81F,0xF81F,0xF81F,
    0xF81F,0x09E8,0x09E8,0x09E8,0x09E8,0x09E8,0x09E8,0x09E8,0x09E8,0x09E8,0x09E8,0xF81F,
    0xF81F,0xF81F,0xF81F,0xF81F,0xF81F,0xF81F,0xF81F,0xF81F,0xF81F,0xF81F,0xF81F,0xF81F,
    0xF81F,0xF81F,0xF81F,0xF81F,0xF81F,0xF81F,0xF81F,0xF81F,0xF81F,0xF81F,0x09E8,0x09E8,
    0x09E8,0x09E8,0x09E8,0x09E8,0x09E8,0x1A08,0xED27,0xF547,0xF547,0xBCA8,0x3B8C,0x1B8E,
    0x23CE,0x23EF,0x2430,0x2430,0x23EF,0x23CE,0x1B8E,0x3B8C,0xBCA8,0xF547,0xF547,0xED27,
    0x1A08,0x09E8,0x09E8,0x09E8,0x09E8,0x09E8,0x09E8,0x09E8,0xF81F,0xF81F,0xF81F,0xF81F,
    0xF81F,0xF81F,0xF81F,0xF81F,0xF81F,0xF81F,0xF81F,0xF81F,0xF81F,0xF81F,0xF81F,0xF81F,
    0xF81F,0xF81F,0xF81F,0xF81F,0xF81F,0xF81F,0xF81F,0x09E8,0x09E8,0x09E8,0x09E8,0x09E8,
    0x09E8,0x09E8,0x09E8,0x09E8,0x09E8,0xF81F,0xF81F,0xF81F,0xF81F,0xF81F,0xF81F,0xF81F,
    0xF81F,0xF81F,0xF81F,0xF81F,0xF81F,0xF81F,0xF81F,0xF81F,0xF81F,0xF81F,0xF81F,0xF81F,
    0xF81F,0xF81F,0xF81F,0xF81F,0xF81F,0xF81F,0xF81F,0xF81F,0xF81F,0xF81F,0xF81F,0xF81F,
    0xF81F,0xF81F,0xF81F,0xF81F,0xF81F,0xF81F,0xF81F,0xF81F,0xF81F,0xF81F,0xF81F,0xF81F,
    0xF81F,0xF81F,0xF81F,0xF81F,0xF81F,0xF81F,0x09E8,0x09E8,0x09E8,0x1B0C,0x2430,0x2C91,
    0x2450,0x1B4D,0x1209,0x09E8,0x09E8,0x09E8,0x09E8,0xF81F,0xF81F,0xF81F,0xF81F,0xF81F,
    0xF81F,0xF81F,0xF81F,0xF81F,0xF81F,0xF81F,0xF81F,0xF81F,0xF81F,0xF81F,0xF81F,0xF81F,
    0xF81F,0xF81F,0x09E8,0x09E8,0x09E8,0x09E8,0x09E8,0x09E8,0x09E8,0x1208,0x1B0C,0x648D,
    0xF547,0xE548,0x8611,0x46D9,0x3ED9,0x3ED9,0x3ED9,0x3ED9,0x3ED9,0x3ED9,0x3ED9,0x3ED9,
    0x3ED9,0x3ED9,0x46D9,0x8611,0xE548,0xF547,0x648D,0x1B0C,0x1208,0x09E8,0x09E8,0x09E8,
    0x09E8,0x09E8,0x09E8,0x09E8,0xF81F,0xF81F,0xF81F,0xF81F,0xF81F,0xF81F,0xF81F,0xF81F,
    0xF81F,0xF81F,0xF81F,0xF81F,0xF81F,0xF81F,0xF81F,0xF81F,0xF81F,0xF81F,0xF81F,0x09E8,
    0x09E8,0x09E8,0x09E8,0x1209,0x1B4D,0x2450,0x2C91,0x2430,0x1AEC,0x09E8,0x09E8,0x09E8,
    0xF81F,0xF81F,0xF81F,0xF81F,0xF81F,0xF81F,0xF81F,0xF81F,0xF81F,0xF81F,0xF81F,0xF81F,
    0xF81F,0xF81F,0xF81F,0xF81F,0xF81F,0xF81F,0xF81F,0xF81F,0xF81F,0xF81F,0xF81F,0xF81F,
    0xF81F,0xF81F,0xF81F,0xF81F,0xF81F,0xF81F,0xF81F,0xF81F,0xF81F,0xF81F,0xF81F,0xF81F,
    0xF81F,0xF81F,0xF81F,0xF81F,0xF81F,0xF81F,0xF81F,0xF81F,0xF81F,0xF81F,0xF81F,0x09E8,
    0x09E8,0x1249,0x3574,0x3ED9,0x3ED9,0x3ED9,0x3ED9,0x3ED9,0x3E98,0x2C91,0x1249,0x09E8,
    0x09E8,0x09E8,0xF81F,0xF81F,0xF81F,0xF81F,0xF81F,0xF81F,0xF81F,0xF81F,0xF81F,0xF81F,
    0xF81F,0xF81F,0xF81F,0xF81F,0xF81F,0xF81F,0x09E8,0x09E8,0x09E8,0x09E8,0x09E8,0x09E8,
    0x126A,0x240F,0x3595,0x3E98,0x3ED9,0xA5EE,0xBDAC,0x5697,0x3ED9,0x3ED9,0x3ED9,0x3ED9,
    0x3ED9,0x3ED9,0x3ED9,0x3ED9,0x3ED9,0x3ED9,0x3ED9,0x3ED9,0x3ED9,0x3ED9,0x56B7,0xB5CD,
    0xA5EF,0x3ED9,0x3E98,0x3594,0x240F,0x126A,0x09E8,0x09E8,0x09E8,0x09E8,0x09E8,0x09E8,
    0xF81F,0xF81F,0xF81F,0xF81F,0xF81F,0xF81F,0xF81F,0xF81F,0xF81F,0xF81F,0xF81F,0xF81F,
    0xF81F,0xF81F,0xF81F,0xF81F,0x09E8,0x09E8,0x09E8,0x124A,0x2C91,0x3E98,0x3ED9,0x3ED9,
    0x3ED9,0x3ED9,0x3ED9,0x3574,0x1249,0x09E8,0x09E8,0xF81F,0xF81F,0xF81F,0xF81F,0xF81F,
    0xF81F,0xF81F,0xF81F,0xF81F,0xF81F,0xF81F,0xF81F,0xF81F,0xF81F,0xF81F,0xF81F,0xF81F,
    0xF81F,0xF81F,0xF81F,0xF81F,0xF81F,0xF81F,0xF81F,0xF81F,0xF81F,0xF81F,0xF81F,0xF81F,
    0xF81F,0xF81F,0xF81F,0xF81F,0xF81F,0xF81F,0xF81F,0xF81F,0xF81F,0xF81F,0xF81F,0xF81F,
    0xF81F,0xF81F,0xF81F,0xF81F,0x09E8,0x09E8,0x1208,0x35F6,0x3ED9,0x3ED9,0x3ED9,0x3ED9,
    0x3ED9,0x3ED9,0x3ED9,0x3ED9,0x3E78,0x238E,0x09E8,0x09E8,0x09E8,0xF81F,0xF81F,0xF81F,
    0xF81F,0xF81F,0xF81F,0xF81F,0xF81F,0xF81F,0xF81F,0xF81F,0xF81F,0xF81F,0x09E8,0x09E8,
    0x09E8,0x09E8,0x09E8,0x1229,0x23CE,0x3594,0x3EB9,0x3ED9,0x3ED9,0x3ED9,0x3ED9,0x6675,
    0x3ED9,0x3ED9,0x3ED9,0x3ED9,0x3ED9,0x3ED9,0x3ED9,0x3ED9,0x3ED9,0x3ED9,0x3ED9,0x3ED9,
    0x3ED9,0x3ED9,0x3ED9,0x3ED9,0x3ED9,0x3ED9,0x6675,0x3ED9,0x3ED9,0x3ED9,0x3ED9,0x3EB9,
    0x3594,0x23CE,0x1229,0x09E8,0x09E8,0x09E8,0x09E8,0x09E8,0xF81F,0xF81F,0xF81F,0xF81F,
    0xF81F,0xF81F,0xF81F,0xF81F,0xF81F,0xF81F,0xF81F,0xF81F,0xF81F,0x09E8,0x09E8,0x09E8,
    0x238E,0x3E78,0x3ED9,0x3ED9,0x3ED9,0x3ED9,0x3ED9,0x3ED9,0x3ED9,0x3ED9,0x35F6,0x1208,
    0x09E8,0x09E8,0xF81F,0xF81F,0xF81F,0xF81F,0xF81F,0xF81F,0xF81F,0xF81F,0xF81F,0xF81F,
    0xF81F,0xF81F,0xF81F,0xF81F,0xF81F,0xF81F,0xF81F,0xF81F,0xF81F,0xF81F,0xF81F,0xF81F,
    0xF81F,0xF81F,0xF81F,0xF81F,0xF81F,0xF81F,0xF81F,0xF81F,0xF81F,0xF81F,0xF81F,0xF81F,
    0xF81F,0xF81F,0xF81F,0xF81F,0xF81F,0xF81F,0xF81F,0xF81F,0xF81F,0xF81F,0x09E8,0x09E8,
    0x2430,0x3ED9,0x3ED9,0x3ED9,0x3ED9,0x3ED9,0x3ED9,0x3ED9,0x3ED9,0x3ED9,0x3ED9,0x3ED9,
    0x2CB1,0x09E8,0x09E8,0x09E8,0xF81F,0xF81F,0xF81F,0xF81F,0xF81F,0xF81F,0xF81F,0xF81F,
    0xF81F,0xF81F,0x09E8,0x09E8,0x09E8,0x09E8,0x09E8,0x1249,0x2450,0x3E78,0x3ED9,0x3ED9,
    0x3ED9,0x3ED9,0x3ED9,0x3ED9,0x3ED9,0x3ED9,0x3ED9,0x3ED9,0x3ED9,0x3ED9,0x3ED9,0x3ED9,
    0x3ED9,0x3ED9,0x3ED9,0x3ED9,0x3ED9,0x3ED9,0x3ED9,0x3ED9,0x3ED9,0x3ED9,0x3ED9,0x3ED9,
    0x3ED9,0x3ED9,0x3ED9,0x3ED9,0x3ED9,0x3ED9,0x3ED9,0x3ED9,0x3E78,0x2CB1,0x126A,0x09E8,
    0x09E8,0x09E8,0x09E8,0x09E8,0xF81F,0xF81F,0xF81F,0xF81F,0xF81F,0xF81F,0xF81F,0xF81F,
    0xF81F,0xF81F,0x09E8,0x09E8,0x09E8,0x2CB1,0x3ED9,0x3ED9,0x3ED9,0x3ED9,0x3ED9,0x3ED9,
    0x3ED9,0x3ED9,0x3ED9,0x3ED9,0x3ED9,0x2430,0x09E8,0x09E8,0xF81F,0xF81F,0xF81F,0xF81F,
    0xF81F,0xF81F,0xF81F,0xF81F,0xF81F,0xF81F,0xF81F,0xF81F,0xF81F,0xF81F,0xF81F,0xF81F,
    0xF81F,0xF81F,0xF81F,0xF81F,0xF81F,0xF81F,0xF81F,0xF81F,0xF81F,0xF81F,0xF81F,0xF81F,
    0xF81F,0xF81F,0xF81F,0xF81F,0xF81F,0xF81F,0xF81F,0xF81F,0xF81F,0xF81F,0xF81F,0xF81F,
    0xF81F,0xF81F,0xF81F,0xF81F,0x09E8,0x09E8,0x3616,0x3ED9,0x3ED9,0x3ED9,0x3ED9,0x3ED9,
    0x3ED9,0x3ED9,0x3ED9,0x3ED9,0x3ED9,0x3ED9,0x3ED9,0x2CF2,0x09E8,0x09E8,0x09E8,0xF81F,
    0xF81F,0xF81F,0xF81F,0xF81F,0xF81F,0xF81F,0x09E8,0x09E8,0x09E8,0x09E8,0x09E8,0x126A,
    0x2CD2,0x3EB8,0x3ED9,0x3ED9,0x3ED9,0x3ED9,0x3ED9,0x3ED9,0x3ED9,0x3ED9,0x3ED9,0x3ED9,
    0x3ED9,0x3ED9,0x3ED9,0x3ED9,0x3ED9,0x3ED9,0x3ED9,0x3ED9,0x3ED9,0x3ED9,0x3ED9,0x3ED9,
    0x3ED9,0x3ED9,0x3ED9,0x3ED9,0x3ED9,0x3ED9,0x3ED9,0x3ED9,0x3ED9,0x3ED9,0x3ED9,0x3ED9,
    0x3ED9,0x3ED9,0x3ED9,0x3ED9,0x3E98,0x2CD2,0x126A,0x09E8,0x09E8,0x09E8,0x09E8,0x09E8,
    0xF81F,0xF81F,0xF81F,0xF81F,0xF81F,0xF81F,0xF81F,0x09E8,0x09E8,0x09E8,0x2CF3,0x3ED9,
    0x3ED9,0x3ED9,0x3ED9,0x3ED9,0x3ED9,0x3ED9,0x3ED9,0x3ED9,0x3ED9,0x3ED9,0x3ED9,0x35F6,
    0x09E8,0x09E8,0xF81F,0xF81F,0xF81F,0xF81F,0xF81F,0xF81F,0xF81F,0xF81F,0xF81F,0xF81F,
    0xF81F,0xF81F,0xF81F,0xF81F,0xF81F,0xF81F,0xF81F,0xF81F,0xF81F,0xF81F,0xF81F,0xF81F,
    0xF81F,0xF81F,0xF81F,0xF81F,0xF81F,0xF81F,0xF81F,0xF81F,0xF81F,0xF81F,0xF81F,0xF81F,
    0xF81F,0xF81F,0xF81F,0xF81F,0xF81F,0xF81F,0xF81F,0xF81F,0xF81F,0x09E8,0x09E8,0x124A,
    0x3ED9,0x3ED9,0x3ED9,0x3ED9,0x3ED9,0x3ED9,0x3ED9,0x3ED9,0x3ED9,0x3ED9,0x3ED9,0x3ED9,
    0x3ED9,0x3ED9,0x2450,0x09E8,0x09E8,0x09E8,0xF81F,0xF81F,0xF81F,0xF81F,0xF81F,0x09E8,
    0x09E8,0x09E8,0x09E8,0x1208,0x240F,0x3E98,0x3ED9,0x3ED9,0x3ED9,0x3ED9,0x3ED9,0x3ED9,
    0x3ED9,0x3ED9,0x3ED9,0x3ED9,0x3ED9,0x3ED9,0x3ED9,0x3ED9,0x3ED9,0x3ED9,0x3ED9,0x3ED9,
    0x3ED9,0x3ED9,0x3ED9,0x3ED9,0x3ED9,0x3ED9,0x3ED9,0x3ED9,0x3ED9,0x3ED9,0x3ED9,0x3ED9,
    0x3ED9,0x3ED9,0x3ED9,0x3ED9,0x3ED9,0x3ED9,0x3ED9,0x3ED9,0x3ED9,0x3ED9,0x3ED9,0x3ED9,
    0x3E98,0x2450,0x1208,0x09E8,0x09E8,0x09E8,0x09E8,0xF81F,0xF81F,0xF81F,0xF81F,0xF81F,
    0x09E8,0x09E8,0x09E8,0x2450,0x3ED9,0x3ED9,0x3ED9,0x3ED9,0x3ED9,0x3ED9,0x3ED9,0x3ED9,
    0x3ED9,0x3ED9,0x3ED9,0x3ED9,0x3ED9,0x3ED9,0x1249,0x09E8,0x09E8,0xF81F,0xF81F,0xF81F,
    0xF81F,0xF81F,0xF81F,0xF81F,0xF81F,0xF81F,0xF81F,0xF81F,0xF81F,0xF81F,0xF81F,0xF81F,
    0xF81F,0xF81F,0xF81F,0xF81F,0xF81F,0xF81F,0xF81F,0xF81F,0xF81F,0xF81F,0xF81F,0xF81F,
    0xF81F,0xF81F,0xF81F,0xF81F,0xF81F,0xF81F,0xF81F,0xF81F,0xF81F,0xF81F,0xF81F,0xF81F,
    0xF81F,0xF81F,0xF81F,0x09E8,0x09E8,0x1ACB,0x3ED9,0x3ED9,0x3ED9,0x3ED9,0x3ED9,0x3ED9,
    0x3ED9,0x3ED9,0x3ED9,0x3ED9,0x3ED9,0x3ED9,0x3ED9,0x3ED9,0x3EB9,0x1B4D,0x09E8,0x09E8,
    0xF81F,0xF81F,0xF81F,0xF81F,0x09E8,0x09E8,0x09E8,0x09E8,0x1B4D,0x3E16,0x3ED9,0x3ED9,
    0x3ED9,0x3ED9,0x3ED9,0x3ED9,0x3ED9,0x3ED9,0x3ED9,0x3ED9,0x3ED9,0x3ED9,0x3ED9,0x3ED9,
    0x3ED9,0x3ED9,0x3ED9,0x3ED9,0x3ED9,0x3ED9,0x3ED9,0x3ED9,0x3ED9,0x3ED9,0x3ED9,0x3ED9,
    0x3ED9,0x3ED9,0x3ED9,0x3ED9,0x3ED9,0x3ED9,0x3ED9,0x3ED9,0x3ED9,0x3ED9,0x3ED9,0x3ED9,
    0x3ED9,0x3ED9,0x3ED9,0x3ED9,0x3ED9,0x3ED9,0x3ED9,0x3ED9,0x3E16,0x1B4D,0x09E8,0x09E8,
    0x09E8,0x09E8,0xF81F,0xF81F,0xF81F,0xF81F,0x09E8,0x09E8,0x1B4D,0x3EB9,0x3ED9,0x3ED9,
    0x3ED9,0x3ED9,0x3ED9,0x3ED9,0x3ED9,0x3ED9,0x3ED9,0x3ED9,0x3ED9,0x3ED9,0x3ED9,0x3ED9,
    0x12CB,0x09E8,0x09E8,0xF81F,0xF81F,0xF81F,0xF81F,0xF81F,0xF81F,0xF81F,0xF81F,0xF81F,
    0xF81F,0xF81F,0xF81F,0xF81F,0xF81F,0xF81F,0xF81F,0xF81F,0xF81F,0xF81F,0xF81F,0xF81F,
    0xF81F,0xF81F,0xF81F,0xF81F,0xF81F,0xF81F,0xF81F,0xF81F,0xF81F,0xF81F,0xF81F,0xF81F,
    0xF81F,0xF81F,0xF81F,0xF81F,0xF81F,0xF81F,0xF81F,0xF81F,0xF81F,0x09E8,0x09E8,0x1AEB,
    0x3ED9,0x3ED9,0x3ED9,0x3ED9,0x3ED9,0x3ED9,0x3ED9,0x3ED9,0x3ED9,0x3ED9,0x3ED9,0x3ED9,
    0x3ED9,0x3ED9,0x3ED9,0x3E37,0x1209,0x09E8,0x09E8,0xF81F,0x09E8,0x09E8,0x09E8,0x09E8,
    0x1208,0x2CB1,0x3EB9,0x3ED9,0x3ED9,0x3ED9,0x3ED9,0x3ED9,0x3ED9,0x3ED9,0x3ED9,0x3ED9,
    0x3ED9,0x3ED9,0x3ED9,0x3ED9,0x3ED9,0x3ED9,0x3ED9,0x3ED9,0x3ED9,0x3ED9,0x3ED9,0x3ED9,
    0x3ED9,0x3ED9,0x3ED9,0x3ED9,0x3ED9,0x3ED9,0x3ED9,0x3ED9,0x3ED9,0x3ED9,0x3ED9,0x3ED9,
    0x3ED9,0x3ED9,0x3ED9,0x3ED9,0x3ED9,0x3ED9,0x3ED9,0x3ED9,0x3ED9,0x3ED9,0x3ED9,0x3ED9,
    0x3ED9,0x3ED9,0x3ED9,0x3EB9,0x2CD2,0x1209,0x09E8,0x09E8,0x09E8,0x09E8,0xF81F,0x09E8,
    0x09E8,0x1209,0x3E37,0x3ED9,0x3ED9,0x3ED9,0x3ED9,0x3ED9,0x3ED9,0x3ED9,0x3ED9,0x3ED9,
    0x3ED9,0x3ED9,0x3ED9,0x3ED9,0x3ED9,0x3ED9,0x1ACB,0x09E8,0x09E8,0xF81F,0xF81F,0xF81F,
    0xF81F,0xF81F,0xF81F,0xF81F,0xF81F,0xF81F,0xF81F,0xF81F,0xF81F,0xF81F,0xF81F,0xF81F,
    0xF81F,0xF81F,0xF81F,0xF81F,0xF81F,0xF81F,0xF81F,0xF81F,0xF81F,0xF81F,0xF81F,0xF81F,
    0xF81F,0xF81F,0xF81F,0xF81F,0xF81F,0xF81F,0xF81F,0xF81F,0xF81F,0xF81F,0xF81F,0xF81F,
    0xF81F,0xF81F,0xF81F,0x09E8,0x09E8,0x126A,0x3ED9,0x3ED9,0x3ED9,0x3ED9,0x3ED9,0x3ED9,
    0x3ED9,0x3ED9,0x3ED9,0x3ED9,0x3ED9,0x3ED9,0x3ED9,0x3ED9,0x3ED9,0x3ED9,0x2450,0x09E8,
    0x09E8,0x09E8,0x09E8,0x09E8,0x09E8,0x12AB,0x35D6,0x3ED9,0x3ED9,0x3ED9,0x3ED9,0x3ED9,
    0x3ED9,0x3ED9,0x3ED9,0x3ED9,0x3ED9,0x3ED9,0x3ED9,0x3ED9,0x3ED9,0x3ED9,0x3ED9,0x3ED9,
    0x3ED9,0x3ED9,0x3ED9,0x3ED9,0x3ED9,0x3ED9,0x3ED9,0x3ED9,0x3ED9,0x3ED9,0x3ED9,0x3ED9,
    0x3ED9,0x3ED9,0x3ED9,0x3ED9,0x3ED9,0x3ED9,0x3ED9,0x3ED9,0x3ED9,0x3ED9,0x3ED9,0x3ED9,
    0x3ED9,0x3ED9,0x3ED9,0x3ED9,0x3ED9,0x3ED9,0x3ED9,0x3ED9,0x3ED9,0x3ED9,0x3ED9,0x35F6,
    0x1ACB,0x09E8,0x09E8,0x09E8,0x09E8,0x09E8,0x09E8,0x2471,0x3ED9,0x3ED9,0x3ED9,0x3ED9,
    0x3ED9,0x3ED9,0x3ED9,0x3ED9,0x3ED9,0x3ED9,0x3ED9,0x3ED9,0x3ED9,0x3ED9,0x3ED9,0x3ED9,
    0x126A,0x09E8,0x09E8,0xF81F,0xF81F,0xF81F,0xF81F,0xF81F,0xF81F,0xF81F,0xF81F,0xF81F,
    0xF81F,0xF81F,0xF81F,0xF81F,0xF81F,0xF81F,0xF81F,0xF81F,0xF81F,0xF81F,0xF81F,0xF81F,
    0xF81F,0xF81F,0xF81F,0xF81F,0xF81F,0xF81F,0xF81F,0xF81F,0xF81F,0xF81F,0xF81F,0xF81F,
    0xF81F,0xF81F,0xF81F,0xF81F,0xF81F,0xF81F,0xF81F,0xF81F,0xF81F,0x09E8,0x09E8,0x11E8,
    0x3E78,0x3ED9,0x3ED9,0x3ED9,0x3ED9,0x3ED9,0x3ED9,0x3ED9,0x3ED9,0x3ED9,0x3ED9,0x3ED9,
    0x3ED9,0x3ED9,0x3ED9,0x3ED9,0x3E78,0x1209,0x09E8,0x09E8,0x09E8,0x09E8,0x1B6D,0x3E98,
    0x3ED9,0x3ED9,0x3ED9,0x3ED9,0x3ED9,0x3ED9,0x3ED9,0x3ED9,0x3ED9,0x3ED9,0x3ED9,0x3ED9,
    0x3ED9,0x3ED9,0x3ED9,0x3ED9,0x3ED9,0x3ED9,0x3ED9,0x3ED9,0x3ED9,0x3ED9,0x3ED9,0x3ED9,
    0x3ED9,0x3ED9,0x3ED9,0x3ED9,0x3ED9,0x3ED9,0x3ED9,0x3ED9,0x3ED9,0x3ED9,0x3ED9,0x3ED9,
    0x3ED9,0x3ED9,0x3ED9,0x3ED9,0x3ED9,0x3ED9,0x3ED9,0x3ED9,0x3ED9,0x3ED9,0x3ED9,0x3ED9,
    0x3ED9,0x3ED9,0x3ED9,0x3ED9,0x3ED9,0x3ED9,0x3E98,0x1B6D,0x09E8,0x09E8,0x09E8,0x09E8,
    0x1209,0x3E78,0x3ED9,0x3ED9,0x3ED9,0x3ED9,0x3ED9,0x3ED9,0x3ED9,0x3ED9,0x3ED9,0x3ED9,
    0x3ED9,0x3ED9,0x3ED9,0x3ED9,0x3ED9,0x3E78,0x09E8,0x09E8,0xF81F,0xF81F,0xF81F,0xF81F,
    0xF81F,0xF81F,0xF81F,0xF81F,0xF81F,0xF81F,0xF81F,0xF81F,0xF81F,0xF81F,0xF81F,0xF81F,
    0xF81F,0xF81F,0xF81F,0xF81F,0xF81F,0xF81F,0xF81F,0xF81F,0xF81F,0xF81F,0xF81F,0xF81F,
    0xF81F,0xF81F,0xF81F,0xF81F,0xF81F,0xF81F,0xF81F,0xF81F,0xF81F,0xF81F,0xF81F,0xF81F,
    0xF81F,0xF81F,0xF81F,0xF81F,0x09E8,0x09E8,0x3554,0x3ED9,0x3ED9,0x3ED9,0x3ED9,0x3ED9,
    0x3ED9,0x3ED9,0x3ED9,0x3ED9,0x3ED9,0x3ED9,0x3ED9,0x3ED9,0x3ED9,0x3ED9,0x3E98,0x1269,
    0x09E8,0x09E8,0x09E8,0x240F,0x3EB9,0x3ED9,0x3ED9,0x3ED9,0x3ED9,0x3ED9,0x3ED9,0x3ED9,
    0x3ED9,0x3ED9,0x3ED9,0x3ED9,0x3ED9,0x3ED9,0x3ED9,0x3ED9,0x3ED9,0x3ED9,0x3ED9,0x3ED9,
    0x3ED9,0x3ED9,0x3ED9,0x3ED9,0x3ED9,0x3ED9,0x3ED9,0x3ED9,0x3ED9,0x3ED9,0x3ED9,0x3ED9,
    0x3ED9,0x3ED9,0x3ED9,0x3ED9,0x3ED9,0x3ED9,0x3ED9,0x3ED9,0x3ED9,0x3ED9,0x3ED9,0x3ED9,
    0x3ED9,0x3ED9,0x3ED9,0x3ED9,0x3ED9,0x3ED9,0x3ED9,0x3ED9,0x3ED9,0x3ED9,0x3ED9,0x3ED9,
    0x3ED9,0x3EB9,0x2450,0x09E8,0x09E8,0x09E8,0x1249,0x3E98,0x3ED9,0x3ED9,0x3ED9,0x3ED9,
    0x3ED9,0x3ED9,0x3ED9,0x3ED9,0x3ED9,0x3ED9,0x3ED9,0x3ED9,0x3ED9,0x3ED9,0x3ED9,0x3554,
    0x09E8,0x09E8,0xF81F,0xF81F,0xF81F,0xF81F,0xF81F,0xF81F,0xF81F,0xF81F,0xF81F,0xF81F,
    0xF81F,0xF81F,0xF81F,0xF81F,0xF81F,0xF81F,0xF81F,0xF81F,0xF81F,0xF81F,0xF81F,0xF81F,
    0xF81F,0xF81F,0xF81F,0xF81F,0xF81F,0xF81F,0xF81F,0xF81F,0xF81F,0xF81F,0xF81F,0xF81F,
    0xF81F,0xF81F,0xF81F,0xF81F,0xF81F,0xF81F,0xF81F,0xF81F,0xF81F,0xF81F,0x09E8,0x09E8,
    0x23CE,0x3ED9,0x3ED9,0x3ED9,0x3ED9,0x3ED9,0x3ED9,0x3ED9,0x3ED9,0x3ED9,0x3ED9,0x3ED9,
    0x3ED9,0x3ED9,0x3ED9,0x3EB8,0x1B2C,0x09E8,0x09E8,0x09E8,0x2CB1,0x3ED9,0x3ED9,0x3ED9,
    0x3ED9,0x3ED9,0x3ED9,0x3ED9,0x3ED9,0x3ED9,0x3ED9,0x3ED9,0x3ED9,0x3ED9,0x3ED9,0x3ED9,
    0x3ED9,0x3ED9,0x3ED9,0x3ED9,0x3ED9,0x3ED9,0x3ED9,0x3ED9,0x3ED9,0x3ED9,0x3ED9,0x3ED9,
    0x3ED9,0x3ED9,0x3ED9,0x3ED9,0x3ED9,0x3ED9,0x3ED9,0x3ED9,0x3ED9,0x3ED9,0x3ED9,0x3ED9,
    0x3ED9,0x3ED9,0x3ED9,0x3ED9,0x3ED9,0x3ED9,0x3ED9,0x3ED9,0x3ED9,0x3ED9,0x3ED9,0x3ED9,
    0x3ED9,0x3ED9,0x3ED9,0x3ED9,0x3ED9,0x3ED9,0x3ED9,0x3ED9,0x3ED9,0x2CB1,0x09E8,0x09E8,
    0x09E8,0x1B4D,0x3EB8,0x3ED9,0x3ED9,0x3ED9,0x3ED9,0x3ED9,0x3ED9,0x3ED9,0x3ED9,0x3ED9,
    0x3ED9,0x3ED9,0x3ED9,0x3ED9,0x3ED9,0x23CE,0x09E8,0x09E8,0xF81F,0xF81F,0xF81F,0xF81F,
    0xF81F,0xF81F,0xF81F,0xF81F,0xF81F,0xF81F,0xF81F,0xF81F,0xF81F,0xF81F,0xF81F,0xF81F,
    0xF81F,0xF81F,0xF81F,0xF81F,0xF81F,0xF81F,0xF81F,0xF81F,0xF81F,0xF81F,0xF81F,0xF81F,
    0xF81F,0xF81F,0xF81F,0xF81F,0xF81F,0xF81F,0xF81F,0xF81F,0xF81F,0xF81F,0xF81F,0xF81F,
    0xF81F,0xF81F,0xF81F,0xF81F,0x09E8,0x09E8,0x1209,0x3E78,0x3ED9,0x3ED9,0x3ED9,0x3ED9,
    0x3ED9,0x3ED9,0x3ED9,0x3ED9,0x3ED9,0x3ED9,0x3ED9,0x3ED9,0x3EB9,0x1B6D,0x09E8,0x09E8,
    0x09E8,0x2CB1,0x3ED9,0x3ED9,0x3ED9,0x3ED9,0x3ED9,0x3ED9,0x3ED9,0x3ED9,0x3ED9,0x3ED9,
    0x3ED9,0x3ED9,0x3ED9,0x3ED9,0x3ED9,0x3ED9,0x3ED9,0x3ED9,0x3ED9,0x3ED9,0x3ED9,0x3ED9,
    0x3ED9,0x3ED9,0x3ED9,0x3ED9,0x3ED9,0x3ED9,0x3ED9,0x3ED9,0x3ED9,0x3ED9,0x3ED9,0x3ED9,
    0x3ED9,0x3ED9,0x3ED9,0x3ED9,0x3ED9,0x3ED9,0x3ED9,0x3ED9,0x3ED9,0x3ED9,0x3ED9,0x3ED9,
    0x3ED9,0x3ED9,0x3ED9,0x3ED9,0x3ED9,0x3ED9,0x3ED9,0x3ED9,0x3ED9,0x3ED9,0x3ED9,0x3ED9,
    0x3ED9,0x3ED9,0x3ED9,0x3ED9,0x2CB1,0x09E8,0x09E8,0x09E8,0x1B6D,0x3EB9,0x3ED9,0x3ED9,
    0x3ED9,0x3ED9,0x3ED9,0x3ED9,0x3ED9,0x3ED9,0x3ED9,0x3ED9,0x3ED9,0x3ED9,0x3E77,0x1209,
    0x09E8,0x09E8,0xF81F,0xF81F,0xF81F,0xF81F,0xF81F,0xF81F,0xF81F,0xF81F,0xF81F,0xF81F,
    0xF81F,0xF81F,0xF81F,0xF81F,0xF81F,0xF81F,0xF81F,0xF81F,0xF81F,0xF81F,0xF81F,0xF81F,
    0xF81F,0xF81F,0xF81F,0xF81F,0xF81F,0xF81F,0xF81F,0xF81F,0xF81F,0xF81F,0xF81F,0xF81F,
    0xF81F,0xF81F,0xF81F,0xF81F,0xF81F,0xF81F,0xF81F,0xF81F,0xF81F,0xF81F,0xF81F,0x09E8,
    0x09E8,0x2470,0x3ED9,0x3ED9,0x3ED9,0x3ED9,0x3ED9,0x3ED9,0x3ED9,0x3ED9,0x3ED9,0x3ED9,
    0x3ED9,0x3ED9,0x2430,0x09E8,0x09E8,0x09E8,0x2C71,0x3ED9,0x3ED9,0x3ED9,0x3ED9,0x3ED9,
    0x3ED9,0x3ED9,0x3ED9,0x3ED9,0x3ED9,0x3ED9,0x3ED9,0x3ED9,0x3ED9,0x3ED9,0x3ED9,0x3ED9,
    0x3ED9,0x3ED9,0x3ED9,0x3ED9,0x3ED9,0x3ED9,0x3ED9,0x3ED9,0x3ED9,0x3ED9,0x3ED9,0x3ED9,
    0x3ED9,0x3ED9,0x3ED9,0x3ED9,0x3ED9,0x3ED9,0x3ED9,0x3ED9,0x3ED9,0x3ED9,0x3ED9,0x3ED9,
    0x3ED9,0x3ED9,0x3ED9,0x3ED9,0x3ED9,0x3ED9,0x3ED9,0x3ED9,0x3ED9,0x3ED9,0x3ED9,0x3ED9,
    0x3ED9,0x3ED9,0x3ED9,0x3ED9,0x3ED9,0x3ED9,0x3ED9,0x3ED9,0x3ED9,0x3ED9,0x3ED9,0x2470,
    0x09E8,0x09E8,0x09E8,0x2450,0x3ED9,0x3ED9,0x3ED9,0x3ED9,0x3ED9,0x3ED9,0x3ED9,0x3ED9,
    0x3ED9,0x3ED9,0x3ED9,0x3ED9,0x2450,0x09E8,0x09E8,0xF81F,0xF81F,0xF81F,0xF81F,0xF81F,
    0xF81F,0xF81F,0xF81F,0xF81F,0xF81F,0xF81F,0xF81F,0xF81F,0xF81F,0xF81F,0xF81F,0xF81F,
    0xF81F,0xF81F,0xF81F,0xF81F,0xF81F,0xF81F,0xF81F,0xF81F,0xF81F,0xF81F,0xF81F,0xF81F,
    0xF81F,0xF81F,0xF81F,0xF81F,0xF81F,0xF81F,0xF81F,0xF81F,0xF81F,0xF81F,0xF81F,0xF81F,
    0xF81F,0xF81F,0xF81F,0xF81F,0xF81F,0x09E8,0x09E8,0x1209,0x3E37,0x3ED9,0x3ED9,0x3ED9,
    0x3ED9,0x3ED9,0x3ED9,0x3ED9,0x3ED9,0x3ED9,0x3ED9,0x3554,0x09E8,0x09E8,0x09E8,0x2430,
    0x3ED9,0x3ED9,0x3ED9,0x3ED9,0x3ED9,0x3ED9,0x3ED9,0x3ED9,0x3ED9,0x3ED9,0x3ED9,0x3ED9,
    0x3ED9,0x3ED9,0x3ED9,0x3ED9,0x3ED9,0x3ED9,0x3ED9,0x3ED9,0x3ED9,0x3ED9,0x3ED9,0x3ED9,
    0x3ED9,0x3ED9,0x3ED9,0x3ED9,0x3ED9,0x3ED9,0x3ED9,0x3ED9,0x3ED9,0x3ED9,0x3ED9,0x3ED9,
    0x3ED9,0x3ED9,0x3ED9,0x3ED9,0x3ED9,0x3ED9,0x3ED9,0x3ED9,0x3ED9,0x3ED9,0x3ED9,0x3ED9,
    0x3ED9,0x3ED9,0x3ED9,0x3ED9,0x3ED9,0x3ED9,0x3ED9,0x3ED9,0x3ED9,0x3ED9,0x3ED9,0x3ED9,
    0x3ED9,0x3ED9,0x3ED9,0x3ED9,0x3ED9,0x3ED9,0x2410,0x09E8,0x09E8,0x09E8,0x3554,0x3ED9,
    0x3ED9,0x3ED9,0x3ED9,0x3ED9,0x3ED9,0x3ED9,0x3ED9,0x3ED9,0x3ED9,0x3E37,0x1209,0x09E8,
    0x09E8,0xF81F,0xF81F,0xF81F,0xF81F,0xF81F,0xF81F,0xF81F,0xF81F,0xF81F,0xF81F,0xF81F,
    0xF81F,0xF81F,0xF81F,0xF81F,0xF81F,0xF81F,0xF81F,0xF81F,0xF81F,0xF81F,0xF81F,0xF81F,
    0xF81F,0xF81F,0xF81F,0xF81F,0xF81F,0xF81F,0xF81F,0xF81F,0xF81F,0xF81F,0xF81F,0xF81F,
    0xF81F,0xF81F,0xF81F,0xF81F,0xF81F,0xF81F,0xF81F,0xF81F,0xF81F,0xF81F,0xF81F,0xF81F,
    0x09E8,0x09E8,0x1B4D,0x3EB9,0x3ED9,0x3ED9,0x3ED9,0x3ED9,0x3ED9,0x3ED9,0x3ED9,0x3ED9,
    0x3E16,0x1229,0x09E8,0x09E8,0x1B2C,0x3EB9,0x3ED9,0x3ED9,0x3ED9,0x3ED9,0x3ED9,0x3ED9,
    0x3ED9,0x3ED9,0x3ED9,0x3ED9,0x3ED9,0x4ED9,0x66FA,0x771A,0x7F3B,0x873B,0x8F3B,0x8F3B,
    0x873B,0x7F3B,0x771A,0x66FA,0x4ED9,0x3ED9,0x3ED9,0x3ED9,0x3ED9,0x3ED9,0x3ED9,0x3ED9,
    0x3ED9,0x3ED9,0x3ED9,0x3ED9,0x3ED9,0x3ED9,0x3ED9,0x3ED9,0x3ED9,0x3ED9,0x3ED9,0x3ED9,
    0x3ED9,0x3ED9,0x3ED9,0x3ED9,0x3ED9,0x3ED9,0x3ED9,0x3ED9,0x3ED9,0x3ED9,0x3ED9,0x3ED9,
    0x3ED9,0x3ED9,0x3ED9,0x3ED9,0x3ED9,0x3ED9,0x3ED9,0x3ED9,0x3ED9,0x3ED9,0x3ED9,0x3ED9,
    0x3EB9,0x1B4D,0x09E8,0x09E8,0x1229,0x3E16,0x3ED9,0x3ED9,0x3ED9,0x3ED9,0x3ED9,0x3ED9,
    0x3ED9,0x3ED9,0x3EB9,0x1B4D,0x09E8,0x09E8,0xF81F,0xF81F,0xF81F,0xF81F,0xF81F,0xF81F,
    0xF81F,0xF81F,0xF81F,0xF81F,0xF81F,0xF81F,0xF81F,0xF81F,0xF81F,0xF81F,0xF81F,0xF81F,
    0xF81F,0xF81F,0xF81F,0xF81F,0xF81F,0xF81F,0xF81F,0xF81F,0xF81F,0xF81F,0xF81F,0xF81F,
    0xF81F,0xF81F,0xF81F,0xF81F,0xF81F,0xF81F,0xF81F,0xF81F,0xF81F,0xF81F,0xF81F,0xF81F,
    0xF81F,0xF81F,0xF81F,0xF81F,0xF81F,0xF81F,0x09E8,0x09E8,0x09E8,0x2450,0x3ED9,0x3ED9,
    0x3ED9,0x3ED9,0x3ED9,0x3ED9,0x3ED9,0x3EB9,0x1AEB,0x09E8,0x09E8,0x128A,0x3E78,0x3ED9,
    0x3ED9,0x3ED9,0x3ED9,0x3ED9,0x3ED9,0x3ED9,0x3ED9,0x3ED9,0x46D9,0x5EFA,0x7F3B,0x8F5B,
    0x8F5B,0x8F5B,0x8F5B,0x8F5B,0x8F5B,0x8F5B,0x8F5B,0x8F5B,0x8F5B,0x8F5B,0x8F5B,0x7F3B,
    0x5EFA,0x46D9,0x3ED9,0x3ED9,0x3ED9,0x3ED9,0x3ED9,0x3ED9,0x3ED9,0x3ED9,0x3ED9,0x3ED9,
    0x3ED9,0x3ED9,0x3ED9,0x3ED9,0x3ED9,0x3ED9,0x3ED9,0x3ED9,0x3ED9,0x3ED9,0x3ED9,0x3ED9,
    0x3ED9,0x3ED9,0x3ED9,0x3ED9,0x3ED9,0x3ED9,0x3ED9,0x3ED9,0x3ED9,0x3ED9,0x3ED9,0x3ED9,
    0x3ED9,0x3ED9,0x3ED9,0x3ED9,0x3ED9,0x3ED9,0x3ED9,0x3E77,0x128A,0x09E8,0x09E8,0x1AEC,
    0x3EB9,0x3ED9,0x3ED9,0x3ED9,0x3ED9,0x3ED9,0x3ED9,0x3ED9,0x2450,0x09E8,0x09E8,0x09E8,
    0xF81F,0xF81F,0xF81F,0xF81F,0xF81F,0xF81F,0xF81F,0xF81F,0xF81F,0xF81F,0xF81F,0xF81F,
    0xF81F,0xF81F,0xF81F,0xF81F,0xF81F,0xF81F,0xF81F,0xF81F,0xF81F,0xF81F,0xF81F,0xF81F,
    0xF81F,0xF81F,0xF81F,0xF81F,0xF81F,0xF81F,0xF81F,0xF81F,0xF81F,0xF81F,0xF81F,0xF81F,
    0xF81F,0xF81F,0xF81F,0xF81F,0xF81F,0xF81F,0xF81F,0xF81F,0xF81F,0xF81F,0xF81F,0xF81F,
    0xF81F,0x09E8,0x09E8,0x09E8,0x2CF2,0x3ED9,0x3ED9,0x3ED9,0x3ED9,0x3ED9,0x3ED9,0x2C91,
    0x09E8,0x09E8,0x1208,0x35D5,0x3ED9,0x3ED9,0x3ED9,0x3ED9,0x3ED9,0x3ED9,0x3ED9,0x3ED9,
    0x3ED9,0x56FA,0x873B,0x8F5B,0x8F5B,0x8F5B,0x8F5B,0x8F5B,0x8F5B,0x8F5B,0x8F5B,0x8F5B,
    0x8F5B,0x8F5B,0x8F5B,0x8F5B,0x8F5B,0x8F5B,0x8F5B,0x873B,0x56FA,0x3ED9,0x3ED9,0x3ED9,
    0x3ED9,0x3ED9,0x3ED9,0x3ED9,0x3ED9,0x3ED9,0x3ED9,0x3ED9,0x3ED9,0x3ED9,0x3ED9,0x3ED9,
    0x3ED9,0x3ED9,0x3ED9,0x3ED9,0x3ED9,0x3ED9,0x3ED9,0x3ED9,0x3ED9,0x3ED9,0x3ED9,0x3ED9,
    0x3ED9,0x3ED9,0x3ED9,0x3ED9,0x3ED9,0x3ED9,0x3ED9,0x3ED9,0x3ED9,0x3ED9,0x3ED9,0x3ED9,
    0x3ED9,0x3ED9,0x35D5,0x1208,0x09E8,0x09E8,0x2CB1,0x3ED9,0x3ED9,0x3ED9,0x3ED9,0x3ED9,
    0x3ED9,0x2CF2,0x09E8,0x09E8,0x09E8,0xF81F,0xF81F,0xF81F,0xF81F,0xF81F,0xF81F,0xF81F,
    0xF81F,0xF81F,0xF81F,0xF81F,0xF81F,0xF81F,0xF81F,0xF81F,0xF81F,0xF81F,0xF81F,0xF81F,
    0xF81F,0xF81F,0xF81F,0xF81F,0xF81F,0xF81F,0xF81F,0xF81F,0xF81F,0xF81F,0xF81F,0xF81F,
    0xF81F,0xF81F,0xF81F,0xF81F,0xF81F,0xF81F,0xF81F,0xF81F,0xF81F,0xF81F,0xF81F,0xF81F,
    0xF81F,0xF81F,0xF81F,0xF81F,0xF81F,0xF81F,0xF81F,0xF81F,0x09E8,0x09E8,0x09E8,0x2CB1,
    0x3ED9,0x3ED9,0x3ED9,0x3ED9,0x3E37,0x1229,0x09E8,0x09E8,0x2C71,0x3ED9,0x3ED9,0x3ED9,
    0x3ED9,0x3ED9,0x3ED9,0x3ED9,0x3ED9,0x3ED9,0x671A,0x8F5B,0x8F5B,0x8F5B,0x8F5B,0x8F5B,
    0x8F5B,0x8F5B,0x8F5B,0x8F5B,0x8F5B,0x8F5B,0x8F5B,0x8F5B,0x8F5B,0x8F5B,0x8F5B,0x8F5B,
    0x8F5B,0x8F5B,0x8F5B,0x6F1A,0x46D9,0x3ED9,0x3ED9,0x3ED9,0x3ED9,0x3ED9,0x3ED9,0x3ED9,
    0x3ED9,0x3ED9,0x3ED9,0x3ED9,0x3ED9,0x3ED9,0x3ED9,0x3ED9,0x3ED9,0x3ED9,0x3ED9,0x3ED9,
    0x3ED9,0x3ED9,0x3ED9,0x3ED9,0x3ED9,0x3ED9,0x3ED9,0x3ED9,0x3ED9,0x3ED9,0x3ED9,0x3ED9,
    0x3ED9,0x3ED9,0x3ED9,0x3ED9,0x3ED9,0x3ED9,0x3ED9,0x3ED9,0x3ED9,0x2470,0x09E8,0x09E8,
    0x1209,0x3E37,0x3ED9,0x3ED9,0x3ED9,0x3ED9,0x2C91,0x09E8,0x09E8,0x09E8,0xF81F,0xF81F,
    0xF81F,0xF81F,0xF81F,0xF81F,0xF81F,0xF81F,0xF81F,0xF81F,0xF81F,0xF81F,0xF81F,0xF81F,
    0xF81F,0xF81F,0xF81F,0xF81F,0xF81F,0xF81F,0xF81F,0xF81F,0xF81F,0xF81F,0xF81F,0xF81F,
    0xF81F,0xF81F,0xF81F,0xF81F,0xF81F,0xF81F,0xF81F,0xF81F,0xF81F,0xF81F,0xF81F,0xF81F,
    0xF81F,0xF81F,0xF81F,0xF81F,0xF81F,0xF81F,0xF81F,0xF81F,0xF81F,0xF81F,0xF81F,0xF81F,
    0xF81F,0xF81F,0xF81F,0x09E8,0x09E8,0x09E8,0x1B8E,0x3E77,0x3ED9,0x3ED9,0x1B4D,0x09E8,
    0x09E8,0x12CB,0x3EB8,0x3ED9,0x3ED9,0x3ED9,0x3ED9,0x3ED9,0x3ED9,0x3ED9,0x3ED9,0x771A,
    0x8F5B,0x8F5B,0x8F5B,0x8F5B,0x8F5B,0x8F5B,0x8F5B,0x8F5B,0x8F5B,0x8F5B,0x8F5B,0x8F5B,
    0x8F5B,0x8F5B,0x8F5B,0x8F5B,0x8F5B,0x8F5B,0x8F5B,0x8F5B,0x8F5B,0x8F5B,0x771A,0x3ED9,
    0x3ED9,0x3ED9,0x3ED9,0x3ED9,0x3ED9,0x3ED9,0x3ED9,0x3ED9,0x3ED9,0x3ED9,0x3ED9,0x3ED9,
    0x3ED9,0x3ED9,0x3ED9,0x3ED9,0x3ED9,0x3ED9,0x3ED9,0x3ED9,0x3ED9,0x3ED9,0x3ED9,0x3ED9,
    0x3ED9,0x3ED9,0x3ED9,0x3ED9,0x3ED9,0x3ED9,0x3ED9,0x3ED9,0x3ED9,0x3ED9,0x3ED9,0x3ED9,
    0x3ED9,0x3ED9,0x3ED9,0x3EB8,0x12AB,0x09E8,0x09E8,0x1B6D,0x3ED9,0x3ED9,0x3E77,0x1B8E,
    0x09E8,0x09E8,0x09E8,0xF81F,0xF81F,0xF81F,0xF81F,0xF81F,0xF81F,0xF81F,0xF81F,0xF81F,
    0xF81F,0xF81F,0xF81F,0xF81F,0xF81F,0xF81F,0xF81F,0xF81F,0xF81F,0xF81F,0xF81F,0xF81F,
    0xF81F,0xF81F,0xF81F,0xF81F,0xF81F,0xF81F,0xF81F,0xF81F,0xF81F,0xF81F,0xF81F,0xF81F,
    0xF81F,0xF81F,0xF81F,0xF81F,0xF81F,0xF81F,0xF81F,0xF81F,0xF81F,0xF81F,0xF81F,0xF81F,
    0xF81F,0xF81F,0xF81F,0xF81F,0xF81F,0xF81F,0xF81F,0xF81F,0xF81F,0xF81F,0x09E8,0x09E8,
    0x09E8,0x1249,0x2C71,0x3554,0x09E8,0x09E8,0x09E8,0x35B5,0x3ED9,0x3ED9,0x3ED9,0x3ED9,
    0x3ED9,0x3ED9,0x3ED9,0x3ED9,0x66FA,0x8F5B,0x8F5B,0x8F5B,0x8F5B,0x8F5B,0x8F5B,0x8F5B,
    0x8F5B,0x8F5B,0x8F5B,0x8F5B,0x8F5B,0x8F5B,0x8F5B,0x8F5B,0x8F5B,0x8F5B,0x8F5B,0x8F5B,
    0x8F5B,0x8F5B,0x8F5B,0x8F5B,0x8F5B,0x66FA,0x3ED9,0x3ED9,0x3ED9,0x3ED9,0x3ED9,0x3ED9,
    0x3ED9,0x3ED9,0x3ED9,0x3ED9,0x3ED9,0x3ED9,0x3ED9,0x3ED9,0x3ED9,0x3ED9,0x3ED9,0x3ED9,
    0x3ED9,0x3ED9,0x3ED9,0x3ED9,0x3ED9,0x3ED9,0x3ED9,0x3ED9,0x3ED9,0x3ED9,0x3ED9,0x3ED9,
    0x3ED9,0x3ED9,0x3ED9,0x3ED9,0x3ED9,0x3ED9,0x3ED9,0x3ED9,0x3ED9,0x3ED9,0x35B5,0x09E8,
    0x09E8,0x09E8,0x3574,0x2C71,0x1249,0x09E8,0x09E8,0x09E8,0xF81F,0xF81F,0xF81F,0xF81F,
    0xF81F,0xF81F,0xF81F,0xF81F,0xF81F,0xF81F,0xF81F,0xF81F,0xF81F,0xF81F,0xF81F,0xF81F,
    0xF81F,0xF81F,0xF81F,0xF81F,0xF81F,0xF81F,0xF81F,0xF81F,0xF81F,0xF81F,0xF81F,0xF81F,
    0xF81F,0xF81F,0xF81F,0xF81F,0xF81F,0xF81F,0xF81F,0xF81F,0xF81F,0xF81F,0xF81F,0xF81F,
    0xF81F,0xF81F,0xF81F,0xF81F,0xF81F,0xF81F,0xF81F,0xF81F,0xF81F,0xF81F,0xF81F,0xF81F,
    0xF81F,0xF81F,0xF81F,0xF81F,0xF81F,0x09E8,0x09E8,0x09E8,0x09E8,0x09E8,0x09E8,0x09E8,
    0x23CF,0x3ED9,0x3ED9,0x3ED9,0x3ED9,0x3ED9,0x3ED9,0x3ED9,0x3ED9,0x46D9,0x8F3B,0x8F5B,
    0x8F5B,0x8F5B,0x8F5B,0x8F5B,0x8F5B,0x8F5B,0x8F5B,0x8F5B,0x8F5B,0x8F5B,0x8F5B,0x8F5B,
    0x8F5B,0x8F5B,0x8F5B,0x8F5B,0x8F5B,0x8F5B,0x8F5B,0x8F5B,0x8F5B,0x8F5B,0x8F5B,0x8F3B,
    0x46D9,0x3ED9,0x3ED9,0x3ED9,0x3ED9,0x3ED9,0x3ED9,0x3ED9,0x3ED9,0x3ED9,0x3ED9,0x3ED9,
    0x3ED9,0x3ED9,0x3ED9,0x3ED9,0x3ED9,0x3ED9,0x3ED9,0x3ED9,0x3ED9,0x3ED9,0x3ED9,0x3ED9,
    0x3ED9,0x3ED9,0x3ED9,0x3ED9,0x3ED9,0x3ED9,0x3ED9,0x3ED9,0x3ED9,0x3ED9,0x3ED9,0x3ED9,
    0x3ED9,0x3ED9,0x3ED9,0x3ED9,0x3ED9,0x23CE,0x09E8,0x09E8,0x09E8,0x09E8,0x09E8,0x09E8,
    0x09E8,0xF81F,0xF81F,0xF81F,0xF81F,0xF81F,0xF81F,0xF81F,0xF81F,0xF81F,0xF81F,0xF81F,
    0xF81F,0xF81F,0xF81F,0xF81F,0xF81F,0xF81F,0xF81F,0xF81F,0xF81F,0xF81F,0xF81F,0xF81F,
    0xF81F,0xF81F,0xF81F,0xF81F,0xF81F,0xF81F,0xF81F,0xF81F,0xF81F,0xF81F,0xF81F,0xF81F,
    0xF81F,0xF81F,0xF81F,0xF81F,0xF81F,0xF81F,0xF81F,0xF81F,0xF81F,0xF81F,0xF81F,0xF81F,
    0xF81F,0xF81F,0xF81F,0xF81F,0xF81F,0xF81F,0xF81F,0xF81F,0xF81F,0xF81F,0xF81F,0xF81F,
    0xF81F,0x09E8,0x09E8,0x09E8,0x09E8,0x1208,0x3E37,0x3ED9,0x3ED9,0x3ED9,0x3ED9,0x3ED9,
    0x3ED9,0x3ED9,0x3ED9,0x671A,0x8F5B,0x8F5B,0x8F5B,0x8F5B,0x8F5B,0x8F5B,0x8F5B,0x8F5B,
    0x8F5B,0x8F5B,0x8F5B,0x8F5B,0x8F5B,0x8F5B,0x8F5B,0x8F5B,0x8F5B,0x8F5B,0x8F5B,0x8F5B,
    0x8F5B,0x8F5B,0x8F5B,0x8F5B,0x8F5B,0x8F5B,0x671A,0x3ED9,0x3ED9,0x3ED9,0x3ED9,0x3ED9,
    0x3ED9,0x3ED9,0x3ED9,0x3ED9,0x3ED9,0x3ED9,0x3ED9,0x3ED9,0x3ED9,0x3ED9,0x3ED9,0x3ED9,
    0x3ED9,0x3ED9,0x3ED9,0x3ED9,0x3ED9,0x3ED9,0x3ED9,0x3ED9,0x3ED9,0x3ED9,0x3ED9,0x3ED9,
    0x3ED9,0x3ED9,0x3ED9,0x3ED9,0x3ED9,0x3ED9,0x3ED9,0x3ED9,0x3ED9,0x3ED9,0x3ED9,0x3E37,
    0x1208,0x09E8,0x09E8,0x09E8,0x09E8,0xF81F,0xF81F,0xF81F,0xF81F,0xF81F,0xF81F,0xF81F,
    0xF81F,0xF81F,0xF81F,0xF81F,0xF81F,0xF81F,0xF81F,0xF81F,0xF81F,0xF81F,0xF81F,0xF81F,
    0xF81F,0xF81F,0xF81F,0xF81F,0xF81F,0xF81F,0xF81F,0xF81F,0xF81F,0xF81F,0xF81F,0xF81F,
    0xF81F,0xF81F,0xF81F,0xF81F,0xF81F,0xF81F,0xF81F,0xF81F,0xF81F,0xF81F,0xF81F,0xF81F,
    0xF81F,0xF81F,0xF81F,0xF81F,0xF81F,0xF81F,0xF81F,0xF81F,0xF81F,0xF81F,0xF81F,0xF81F,
    0xF81F,0xF81F,0xF81F,0xF81F,0xF81F,0xF81F,0xF81F,0xF81F,0x09E8,0x09E8,0x09E8,0x23EF,
    0x3ED9,0x3ED9,0x3ED9,0x3ED9,0x3ED9,0x3ED9,0x3ED9,0x3ED9,0x3ED9,0x7F3B,0x8F5B,0x8F5B,
    0x8F5B,0x8F5B,0x8F5B,0x8F5B,0x8F5B,0x8F5B,0x8F5B,0x8F5B,0x8F5B,0x8F5B,0x8F5B,0x8F5B,
    0x8F5B,0x8F5B,0x8F5B,0x8F5B,0x8F5B,0x8F5B,0x8F5B,0x8F5B,0x8F5B,0x8F5B,0x8F5B,0x8F5B,
    0x7F3B,0x3ED9,0x3ED9,0x3ED9,0x3ED9,0x3ED9,0x3ED9,0x3ED9,0x3ED9,0x3ED9,0x3ED9,0x3ED9,
    0x3ED9,0x3ED9,0x3ED9,0x3ED9,0x3ED9,0x3ED9,0x3ED9,0x3ED9,0x3ED9,0x3ED9,0x3ED9,0x3ED9,
    0x3ED9,0x3ED9,0x3ED9,0x3ED9,0x3ED9,0x3ED9,0x3ED9,0x3ED9,0x3ED9,0x3ED9,0x3ED9,0x3ED9,
    0x3ED9,0x3ED9,0x3ED9,0x3ED9,0x3ED9,0x3ED9,0x23CF,0x09E8,0x09E8,0x09E8,0xF81F,0xF81F,
    0xF81F,0xF81F,0xF81F,0xF81F,0xF81F,0xF81F,0xF81F,0xF81F,0xF81F,0xF81F,0xF81F,0xF81F,
    0xF81F,0xF81F,0xF81F,0xF81F,0xF81F,0xF81F,0xF81F,0xF81F,0xF81F,0xF81F,0xF81F,0xF81F,
    0xF81F,0xF81F,0xF81F,0xF81F,0xF81F,0xF81F,0xF81F,0xF81F,0xF81F,0xF81F,0xF81F,0xF81F,
    0xF81F,0xF81F,0xF81F,0xF81F,0xF81F,0xF81F,0xF81F,0xF81F,0xF81F,0xF81F,0xF81F,0xF81F,
    0xF81F,0xF81F,0xF81F,0xF81F,0xF81F,0xF81F,0xF81F,0xF81F,0xF81F,0xF81F,0xF81F,0xF81F,
    0xF81F,0xF81F,0x09E8,0x09E8,0x1208,0x3E37,0x3ED9,0x3ED9,0x3ED9,0x3ED9,0x3ED9,0x3ED9,
    0x3ED9,0x3ED9,0x3ED9,0x873B,0x8F5B,0x8F5B,0x8F5B,0x8F5B,0x8F5B,0x8F5B,0x8F5B,0x8F5B,
    0x8F5B,0x8F5B,0x8F5B,0x8F5B,0x8F5B,0x8F5B,0x8F5B,0x8F5B,0x8F5B,0x8F5B,0x8F5B,0x8F5B,
    0x8F5B,0x8F5B,0x8F5B,0x8F5B,0x8F5B,0x8F5B,0x873B,0x3ED9,0x3ED9,0x3ED9,0x3ED9,0x3ED9,
    0x3ED9,0x3ED9,0x3ED9,0x3ED9,0x3ED9,0x3ED9,0x3ED9,0x3ED9,0x3ED9,0x3ED9,0x3ED9,0x3ED9,
    0x3ED9,0x3ED9,0x3ED9,0x3ED9,0x3ED9,0x3ED9,0x3ED9,0x3ED9,0x3ED9,0x3ED9,0x3ED9,0x3ED9,
    0x3ED9,0x3ED9,0x3ED9,0x3ED9,0x3ED9,0x3ED9,0x3ED9,0x3ED9,0x3ED9,0x3ED9,0x3ED9,0x3ED9,
    0x3E37,0x1208,0x09E8,0x09E8,0xF81F,0xF81F,0xF81F,0xF81F,0xF81F,0xF81F,0xF81F,0xF81F,
    0xF81F,0xF81F,0xF81F,0xF81F,0xF81F,0xF81F,0xF81F,0xF81F,0xF81F,0xF81F,0xF81F,0xF81F,
    0xF81F,0xF81F,0xF81F,0xF81F,0xF81F,0xF81F,0xF81F,0xF81F,0xF81F,0xF81F,0xF81F,0xF81F,
    0xF81F,0xF81F,0xF81F,0xF81F,0xF81F,0xF81F,0xF81F,0xF81F,0xF81F,0xF81F,0xF81F,0xF81F,
    0xF81F,0xF81F,0xF81F,0xF81F,0xF81F,0xF81F,0xF81F,0xF81F,0xF81F,0xF81F,0xF81F,0xF81F,
    0xF81F,0xF81F,0xF81F,0xF81F,0xF81F,0xF81F,0xF81F,0x09E8,0x09E8,0x09E8,0x1B8E,0x3ED9,
    0x3ED9,0x3ED9,0x3ED9,0x3ED9,0x3ED9,0x3ED9,0x3ED9,0x3ED9,0x3ED9,0x873B,0x8F5B,0x8F5B,
    0x8F5B,0x8F5B,0x8F5B,0x8F5B,0x8F5B,0x8F5B,0x8F5B,0x8F5B,0x8F5B,0x8F5B,0x8F5B,0x8F5B,
    0x8F5B,0x8F5B,0x8F5B,0x8F5B,0x8F5B,0x8F5B,0x8F5B,0x9F5C,0xAF7C,0xBF9D,0xC7BD,0xD7BE,
    0xD7BE,0xC7BD,0xCFBE,0xCFBD,0xC7BD,0xBFBD,0xB79D,0x9F7C,0x8F5B,0x771A,0x56F9,0x46D9,
    0x3ED9,0x3ED9,0x3ED9,0x3ED9,0x3ED9,0x3ED9,0x3ED9,0x3ED9,0x3ED9,0x3ED9,0x3ED9,0x3ED9,
    0x3ED9,0x3ED9,0x3ED9,0x3ED9,0x3ED9,0x3ED9,0x3ED9,0x3ED9,0x3ED9,0x3ED9,0x3ED9,0x3ED9,
    0x3ED9,0x3ED9,0x3ED9,0x3ED9,0x3ED9,0x3ED9,0x3ED9,0x1B8D,0x09E8,0x09E8,0x09E8,0xF81F,
    0xF81F,0xF81F,0xF81F,0xF81F,0xF81F,0xF81F,0xF81F,0xF81F,0xF81F,0xF81F,0xF81F,0xF81F,
    0xF81F,0xF81F,0xF81F,0xF81F,0xF81F,0xF81F,0xF81F,0xF81F,0xF81F,0xF81F,0xF81F,0xF81F,
    0xF81F,0xF81F,0xF81F,0xF81F,0xF81F,0xF81F,0xF81F,0xF81F,0xF81F,0xF81F,0xF81F,0xF81F,
    0xF81F,0xF81F,0xF81F,0xF81F,0xF81F,0xF81F,0xF81F,0xF81F,0xF81F,0xF81F,0xF81F,0xF81F,
    0xF81F,0xF81F,0xF81F,0xF81F,0xF81F,0xF81F,0xF81F,0xF81F,0xF81F,0xF81F,0xF81F,0xF81F,
    0xF81F,0x09E8,0x09E8,0x09E8,0x3574,0x3ED9,0x3ED9,0x3ED9,0x3ED9,0x3ED9,0x3ED9,0x3ED9,
    0x3ED9,0x3ED9,0x3ED9,0x7F3B,0x8F5B,0x8F5B,0x8F5B,0x8F5B,0x8F5B,0x8F5B,0x8F5B,0x8F5B,
    0x8F5B,0x8F5B,0x8F5B,0x8F5B,0x8F5B,0x8F5B,0x8F5B,0x8F5B,0x8F5B,0x975C,0xAF7C,0xC7BD,
    0xDFDE,0xE7DE,0xE7DE,0xE7DE,0xE7DE,0xE7DE,0xDFDE,0xCFBE,0xCFBE,0xCFBE,0xCFBE,0xCFBE,
    0xCFBE,0xCFBE,0xCFBE,0xCFBE,0xCFBE,0xC7BD,0x9F7C,0x6F1A,0x46D9,0x3ED9,0x3ED9,0x3ED9,
    0x3ED9,0x3ED9,0x3ED9,0x3ED9,0x3ED9,0x3ED9,0x3ED9,0x3ED9,0x3ED9,0x3ED9,0x3ED9,0x3ED9,
    0x3ED9,0x3ED9,0x3ED9,0x3ED9,0x3ED9,0x3ED9,0x3ED9,0x3ED9,0x3ED9,0x3ED9,0x3ED9,0x3ED9,
    0x3ED9,0x3554,0x09E8,0x09E8,0x09E8,0xF81F,0xF81F,0xF81F,0xF81F,0xF81F,0xF81F,0xF81F,
    0xF81F,0xF81F,0xF81F,0xF81F,0xF81F,0xF81F,0xF81F,0xF81F,0xF81F,0xF81F,0xF81F,0xF81F,
    0xF81F,0xF81F,0xF81F,0xF81F,0xF81F,0xF81F,0xF81F,0xF81F,0xF81F,0xF81F,0xF81F,0xF81F,
    0xF81F,0xF81F,0xF81F,0xF81F,0xF81F,0xF81F,0xF81F,0xF81F,0xF81F,0xF81F,0xF81F,0xF81F,
    0xF81F,0xF81F,0xF81F,0xF81F,0xF81F,0xF81F,0xF81F,0xF81F,0xF81F,0xF81F,0xF81F,0xF81F,
    0xF81F,0xF81F,0xF81F,0xF81F,0xF81F,0xF81F,0xF81F,0x09E8,0x09E8,0x126A,0x3EB9,0x3ED9,
    0x3ED9,0x3ED9,0x3ED9,0x3ED9,0x3ED9,0x3ED9,0x3ED9,0x3ED9,0x3ED9,0x671A,0x8F5B,0x8F5B,
    0x8F5B,0x8F5B,0x8F5B,0x8F5B,0x8F5B,0x8F5B,0x8F5B,0x8F5B,0x8F5B,0x8F5B,0x8F5B,0x8F5B,
    0x8F5B,0x9F5C,0xC79D,0xDFDE,0xE7DE,0xE7DE,0xE7DE,0xE7DE,0xE7DE,0xE7DE,0xE7DE,0xE7DE,
    0xD7DE,0xCFBE,0xCFBE,0xCFBE,0xCFBE,0xCFBE,0xCFBE,0xCFBE,0xCFBE,0xCFBE,0xCFBE,0xCFBE,
    0xCFBE,0xCFBE,0xC7BD,0x975C,0x5EFA,0x3ED9,0x3ED9,0x3ED9,0x3ED9,0x3ED9,0x3ED9,0x3ED9,
    0x3ED9,0x3ED9,0x3ED9,0x3ED9,0x3ED9,0x3ED9,0x3ED9,0x3ED9,0x3ED9,0x3ED9,0x3ED9,0x3ED9,
    0x3ED9,0x3ED9,0x3ED9,0x3ED9,0x3ED9,0x3ED9,0x3ED9,0x3EB9,0x126A,0x09E8,0x09E8,0xF81F,
    0xF81F,0xF81F,0xF81F,0xF81F,0xF81F,0xF81F,0xF81F,0xF81F,0xF81F,0xF81F,0xF81F,0xF81F,
    0xF81F,0xF81F,0xF81F,0xF81F,0xF81F,0xF81F,0xF81F,0xF81F,0xF81F,0xF81F,0xF81F,0xF81F,
    0xF81F,0xF81F,0xF81F,0xF81F,0xF81F,0xF81F,0xF81F,0xF81F,0xF81F,0xF81F,0xF81F,0xF81F,
    0xF81F,0xF81F,0xF81F,0xF81F,0xF81F,0xF81F,0xF81F,0xF81F,0xF81F,0xF81F,0xF81F,0xF81F,
    0xF81F,0xF81F,0xF81F,0xF81F,0xF81F,0xF81F,0xF81F,0xF81F,0xF81F,0xF81F,0xF81F,0xF81F,
    0x09E8,0x09E8,0x09E8,0x2450,0x3ED9,0x3ED9,0x3ED9,0x3ED9,0x3ED9,0x3ED9,0x3ED9,0x3ED9,
    0x3ED9,0x3ED9,0x3ED9,0x46D9,0x8F3B,0x8F5B,0x8F5B,0x8F5B,0x8F5B,0x8F5B,0x8F5B,0x8F5B,
    0x8F5B,0x8F5B,0x8F5B,0x8F5B,0x8F5B,0xA77C,0xCFBE,0xE7DE,0xE7DE,0xE7DE,0xE7DE,0xE7DE,
    0xE7DE,0xE7DE,0xE7DE,0xE7DE,0xE7DE,0xDFDE,0xCFBE,0xCFBE,0xCFBE,0xCFBE,0xCFBE,0xCFBE,
    0xCFBE,0xCFBE,0xCFBE,0xCFBE,0xCFBE,0xCFBE,0xCFBE,0xCFBE,0xCFBE,0xCFBE,0xCFBE,0xAF9C,
    0x66FA,0x3ED9,0x3ED9,0x3ED9,0x3ED9,0x3ED9,0x3ED9,0x3ED9,0x3ED9,0x3ED9,0x3ED9,0x3ED9,
    0x3ED9,0x3ED9,0x3ED9,0x3ED9,0x3ED9,0x3ED9,0x3ED9,0x3ED9,0x3ED9,0x3ED9,0x3ED9,0x3ED9,
    0x3ED9,0x3ED9,0x2430,0x09E8,0x09E8,0x09E8,0xF81F,0xF81F,0xF81F,0xF81F,0xF81F,0xF81F,
    0xF81F,0xF81F,0xF81F,0xF81F,0xF81F,0xF81F,0xF81F,0xF81F,0xF81F,0xF81F,0xF81F,0xF81F,
    0xF81F,0xF81F,0xF81F,0xF81F,0xF81F,0xF81F,0xF81F,0xF81F,0xF81F,0xF81F,0xF81F,0xF81F,
    0xF81F,0xF81F,0xF81F,0xF81F,0xF81F,0xF81F,0xF81F,0xF81F,0xF81F,0xF81F,0xF81F,0xF81F,
    0xF81F,0xF81F,0xF81F,0xF81F,0xF81F,0xF81F,0xF81F,0xF81F,0xF81F,0xF81F,0xF81F,0xF81F,
    0xF81F,0xF81F,0xF81F,0xF81F,0xF81F,0xF81F,0x09E8,0x09E8,0x09E8,0x35B5,0x3ED9,0x3ED9,
    0x3ED9,0x3ED9,0x3ED9,0x3ED9,0x3ED9,0x3ED9,0x3ED9,0x3ED9,0x3ED9,0x3ED9,0x66FA,0x8F5B,
    0x8F5B,0x8F5B,0x8F5B,0x8F5B,0x8F5B,0x8F5B,0x8F5B,0x8F5B,0x8F5B,0x975C,0xCFBD,0xE7DE,
    0xE7DE,0xE7DE,0xE7DE,0xE7DE,0xE7DE,0xE7DE,0xE7DE,0xE7DE,0xE7DE,0xE7DE,0xE7DE,0xD7DE,
    0xCFBE,0xCFBE,0xCFBE,0xCFBE,0xCFBE,0xCFBE,0xCFBE,0xCFBE,0xCFBE,0xCFBE,0xCFBE,0xCFBE,
    0xCFBE,0xCFBE,0xCFBE,0xCFBE,0xCFBE,0xCFBE,0xCFBE,0xA77C,0x56F9,0x3ED9,0x3ED9,0x3ED9,
    0x3ED9,0x3ED9,0x3ED9,0x3ED9,0x3ED9,0x3ED9,0x3ED9,0x3ED9,0x3ED9,0x3ED9,0x3ED9,0x3ED9,
    0x3ED9,0x3ED9,0x3ED9,0x3ED9,0x3ED9,0x3ED9,0x3ED9,0x3ED9,0x3595,0x09E8,0x09E8,0x09E8,
    0xF81F,0xF81F,0xF81F,0xF81F,0xF81F,0xF81F,0xF81F,0xF81F,0xF81F,0xF81F,0xF81F,0xF81F,
    0xF81F,0xF81F,0xF81F,0xF81F,0xF81F,0xF81F,0xF81F,0xF81F,0xF81F,0xF81F,0xF81F,0xF81F,
    0xF81F,0xF81F,0xF81F,0xF81F,0xF81F,0xF81F,0xF81F,0xF81F,0xF81F,0xF81F,0xF81F,0xF81F,
    0xF81F,0xF81F,0xF81F,0xF81F,0xF81F,0xF81F,0xF81F,0xF81F,0xF81F,0xF81F,0xF81F,0xF81F,
    0xF81F,0xF81F,0xF81F,0xF81F,0xF81F,0xF81F,0xF81F,0xF81F,0xF81F,0xF81F,0xF81F,0xF81F,
    0x09E8,0x09E8,0x1229,0x3EB8,0x3ED9,0x3ED9,0x3ED9,0x3ED9,0x3ED9,0x3ED9,0x3ED9,0x3ED9,
    0x3ED9,0x3ED9,0x3ED9,0x3ED9,0x3ED9,0x771A,0x8F5B,0x8F5B,0x8F5B,0x8F5B,0x8F5B,0x8F5B,
    0x8F5B,0x8F5B,0xB79D,0xDFDE,0xE7DE,0xE7DE,0xE7DE,0xE7DE,0xE7DE,0xE7DE,0xE7DE,0xE7DE,
    0xE7DE,0xE7DE,0xE7DE,0xE7DE,0xDFDE,0xCFBE,0xCFBE,0xCFBE,0xCFBE,0xCFBE,0xCFBE,0xCFBE,
    0xCFBE,0xCFBE,0xCFBE,0xCFBE,0xCFBE,0xCFBE,0xCFBE,0xCFBE,0xCFBE,0xCFBE,0xCFBE,0xCFBE,
    0xCFBE,0xCFBE,0xC7BD,0x7F3B,0x46D9,0x3ED9,0x3ED9,0x3ED9,0x3ED9,0x3ED9,0x3ED9,0x3ED9,
    0x3ED9,0x3ED9,0x3ED9,0x3ED9,0x3ED9,0x3ED9,0x3ED9,0x3ED9,0x3ED9,0x3ED9,0x3ED9,0x3ED9,
    0x3ED9,0x3ED9,0x3EB8,0x1229,0x09E8,0x09E8,0xF81F,0xF81F,0xF81F,0xF81F,0xF81F,0xF81F,
    0xF81F,0xF81F,0xF81F,0xF81F,0xF81F,0xF81F,0xF81F,0xF81F,0xF81F,0xF81F,0xF81F,0xF81F,
    0xF81F,0xF81F,0xF81F,0xF81F,0xF81F,0xF81F,0xF81F,0xF81F,0xF81F,0xF81F,0xF81F,0xF81F,
    0xF81F,0xF81F,0xF81F,0xF81F,0xF81F,0xF81F,0xF81F,0xF81F,0xF81F,0xF81F,0xF81F,0xF81F,
    0xF81F,0xF81F,0xF81F,0xF81F,0xF81F,0xF81F,0xF81F,0xF81F,0xF81F,0xF81F,0xF81F,0xF81F,
    0xF81F,0xF81F,0xF81F,0xF81F,0xF81F,0xF81F,0x09E8,0x09E8,0x1B6D,0x3ED9,0x3ED9,0x3ED9,
    0x3ED9,0x3ED9,0x3ED9,0x3ED9,0x3ED9,0x3ED9,0x3ED9,0x3ED9,0x3ED9,0x3ED9,0x3ED9,0x3ED9,
    0x671A,0x8F5B,0x8F5B,0x8F5B,0x8F5B,0x8F5B,0x975C,0xCFBD,0xE7DE,0xE7DE,0xE7DE,0xE7DE,
    0xE7DE,0xE7DE,0xE7DE,0xE7DE,0xE7DE,0xE7DE,0xE7DE,0xE7DE,0xE7DE,0xD7DE,0xCFBE,0xCFBE,
    0xCFBE,0xCFBE,0xCFBE,0xCFBE,0xCFBE,0xCFBE,0xCFBE,0xCFBE,0xCFBE,0xCFBE,0xCFBE,0xCFBE,
    0xCFBE,0xCFBE,0xCFBE,0xCFBE,0xCFBE,0xCFBE,0xCFBE,0xCFBE,0xCFBE,0xCFBE,0xAF7C,0x4ED9,
    0x3ED9,0x3ED9,0x3ED9,0x3ED9,0x3ED9,0x3ED9,0x3ED9,0x3ED9,0x3ED9,0x3ED9,0x3ED9,0x3ED9,
    0x3ED9,0x3ED9,0x3ED9,0x3ED9,0x3ED9,0x3ED9,0x3ED9,0x3ED9,0x3ED9,0x1B6D,0x09E8,0x09E8,
    0xF81F,0xF81F,0xF81F,0xF81F,0xF81F,0xF81F,0xF81F,0xF81F,0xF81F,0xF81F,0xF81F,0xF81F,
    0xF81F,0xF81F,0xF81F,0xF81F,0xF81F,0xF81F,0xF81F,0xF81F,0xF81F,0xF81F,0xF81F,0xF81F,
    0xF81F,0xF81F,0xF81F,0xF81F,0xF81F,0xF81F,0xF81F,0xF81F,0xF81F,0xF81F,0xF81F,0xF81F,
    0xF81F,0xF81F,0xF81F,0xF81F,0xF81F,0xF81F,0xF81F,0xF81F,0xF81F,0xF81F,0xF81F,0xF81F,
    0xF81F,0xF81F,0xF81F,0xF81F,0xF81F,0xF81F,0xF81F,0xF81F,0xF81F,0xF81F,0xF81F,0x09E8,
    0x09E8,0x09E8,0x2CB2,0x3ED9,0x3ED9,0x3ED9,0x3ED9,0x3ED9,0x3ED9,0x3ED9,0x3ED9,0x3ED9,
    0x3ED9,0x3ED9,0x3ED9,0x3ED9,0x3ED9,0x3ED9,0x3ED9,0x56FA,0x873B,0x8F5B,0x8F5B,0x9F5C,
    0xD7BE,0xE7DE,0xE7DE,0xE7DE,0xE7DE,0xE7DE,0xE7DE,0xE7DE,0xE7DE,0xE7DE,0xE7DE,0xE7DE,
    0xE7DE,0xDFDE,0xD7BE,0xCFBE,0xCFBE,0xCFBE,0xCFBE,0xCFBE,0xCFBE,0xCFBE,0xCFBE,0xCFBE,
    0xCFBE,0xCFBE,0xCFBE,0xCFBE,0xCFBE,0xCFBE,0xCFBE,0xCFBE,0xCFBE,0xCFBE,0xCFBE,0xCFBE,
    0xCFBE,0xCFBE,0xCFBE,0xCFBE,0xCFBE,0xBF9D,0x5EFA,0x3ED9,0x3ED9,0x3ED9,0x3ED9,0x3ED9,
    0x3ED9,0x3ED9,0x3ED9,0x3ED9,0x3ED9,0x3ED9,0x3ED9,0x3ED9,0x3ED9,0x3ED9,0x3ED9,0x3ED9,
    0x3ED9,0x3ED9,0x3ED9,0x2CB1,0x09E8,0x09E8,0x09E8,0xF81F,0xF81F,0xF81F,0xF81F,0xF81F,
    0xF81F,0xF81F,0xF81F,0xF81F,0xF81F,0xF81F,0xF81F,0xF81F,0xF81F,0xF81F,0xF81F,0xF81F,
    0xF81F,0xF81F,0xF81F,0xF81F,0xF81F,0xF81F,0xF81F,0xF81F,0xF81F,0xF81F,0xF81F,0xF81F,
    0xF81F,0xF81F,0xF81F,0xF81F,0xF81F,0xF81F,0xF81F,0xF81F,0xF81F,0xF81F,0xF81F,0xF81F,
    0xF81F,0xF81F,0xF81F,0xF81F,0xF81F,0xF81F,0xF81F,0xF81F,0xF81F,0xF81F,0xF81F,0xF81F,
    0xF81F,0xF81F,0xF81F,0xF81F,0xF81F,0x09E8,0x09E8,0x09E8,0x3595,0x3ED9,0x3ED9,0x3ED9,
    0x3ED9,0x3ED9,0x3ED9,0x3ED9,0x3ED9,0x3ED9,0x3ED9,0x3ED9,0x3ED9,0x3ED9,0x3ED9,0x3ED9,
    0x3ED9,0x3ED9,0x46D9,0x5EFA,0x975C,0xDFDE,0xE7DE,0xE7DE,0xE7DE,0xE7DE,0xE7DE,0xE7DE,
    0xE7DE,0xE7DE,0xE7DE,0xE7DE,0xE7DE,0xDFDE,0xD7BE,0xCFBE,0xCFBE,0xCFBE,0xCFBE,0xCFBE,
    0xCFBE,0xCFBE,0xCFBE,0xCFBE,0xCFBE,0xCFBE,0xCFBE,0xCFBE,0xCFBE,0xCFBE,0xCFBE,0xCFBE,
    0xCFBE,0xCFBE,0xCFBE,0xCFBE,0xCFBE,0xCFBE,0xCFBE,0xCFBE,0xCFBE,0xCFBE,0xCFBE,0xCFBE,
    0xC7BD,0x5EFA,0x3ED9,0x3ED9,0x3ED9,0x3ED9,0x3ED9,0x3ED9,0x3ED9,0x3ED9,0x3ED9,0x3ED9,
    0x3ED9,0x3ED9,0x3ED9,0x3ED9,0x3ED9,0x3ED9,0x3ED9,0x3ED9,0x3ED9,0x3595,0x09E8,0x09E8,
    0x09E8,0xF81F,0xF81F,0xF81F,0xF81F,0xF81F,0xF81F,0xF81F,0xF81F,0xF81F,0xF81F,0xF81F,
    0xF81F,0xF81F,0xF81F,0xF81F,0xF81F,0xF81F,0xF81F,0xF81F,0xF81F,0xF81F,0xF81F,0xF81F,
    0xF81F,0xF81F,0xF81F,0xF81F,0xF81F,0xF81F,0xF81F,0xF81F,0xF81F,0xF81F,0xF81F,0xF81F,
    0xF81F,0xF81F,0xF81F,0xF81F,0xF81F,0xF81F,0xF81F,0xF81F,0xF81F,0xF81F,0xF81F,0xF81F,
    0xF81F,0xF81F,0xF81F,0xF81F,0xF81F,0xF81F,0xF81F,0xF81F,0xF81F,0xF81F,0xF81F,0x09E8,
    0x09E8,0x09E8,0x3E77,0x3ED9,0x3ED9,0x3ED9,0x3ED9,0x3ED9,0x3ED9,0x3ED9,0x3ED9,0x3ED9,
    0x3ED9,0x3ED9,0x3ED9,0x3ED9,0x3E57,0x238D,0x238D,0x3E16,0x3ED9,0x5EFA,0xC7BD,0xCFBE,
    0xD7DE,0xDFDE,0xDFDE,0xDFDE,0xDFDE,0xDFDE,0xDFDE,0xDFDE,0xDFDE,0xD7DE,0xB6FB,0x5BEF,
    0x5BEF,0xBF1B,0xCFBE,0xCFBE,0xCFBE,0xCFBE,0xCFBE,0xCFBE,0xCFBE,0xCFBE,0xCFBE,0xCFBE,
    0xCFBE,0xCFBE,0xCFBE,0xCFBE,0xBF1B,0x5BEF,0x5BEF,0xB6DA,0xCFBE,0xCFBE,0xCFBE,0xCFBE,
    0xCFBE,0xCFBE,0xCFBE,0xCFBE,0xCFBE,0xCFBE,0xCFBE,0xC7BD,0x5EFA,0x3ED9,0x3E16,0x238D,
    0x238D,0x3E57,0x3ED9,0x3ED9,0x3ED9,0x3ED9,0x3ED9,0x3ED9,0x3ED9,0x3ED9,0x3ED9,0x3ED9,
    0x3ED9,0x3ED9,0x3ED9,0x3E57,0x09E8,0x09E8,0x09E8,0xF81F,0xF81F,0xF81F,0xF81F,0xF81F,
    0xF81F,0xF81F,0xF81F,0xF81F,0xF81F,0xF81F,0xF81F,0xF81F,0xF81F,0xF81F,0xF81F,0xF81F,
    0xF81F,0xF81F,0xF81F,0xF81F,0xF81F,0xF81F,0xF81F,0xF81F,0xF81F,0xF81F,0xF81F,0xF81F,
    0xF81F,0xF81F,0xF81F,0xF81F,0xF81F,0xF81F,0xF81F,0xF81F,0xF81F,0xF81F,0xF81F,0xF81F,
    0xF81F,0xF81F,0xF81F,0xF81F,0xF81F,0xF81F,0xF81F,0xF81F,0xF81F,0xF81F,0xF81F,0xF81F,
    0xF81F,0xF81F,0xF81F,0xF81F,0xF81F,0x09E8,0x09E8,0x1249,0x3ED9,0x3ED9,0x3ED9,0x3ED9,
    0x3ED9,0x3ED9,0x3ED9,0x3ED9,0x3ED9,0x3ED9,0x3ED9,0x3ED9,0x3ED9,0x3ED9,0x238D,0x11A7,
    0x11A7,0x11C7,0x3CB1,0xBF9D,0xCFBE,0xCFBE,0xCFBE,0xCFBE,0xCFBE,0xCFBE,0xCFBE,0xCFBE,
    0xCFBE,0xCFBE,0xCFBD,0x7D34,0x19E8,0x11A7,0x11A7,0x5BEF,0xCFBE,0xCFBE,0xCFBE,0xCFBE,
    0xCFBE,0xCFBE,0xCFBE,0xCFBE,0xCFBE,0xCFBE,0xCFBE,0xCFBE,0xCFBE,0xCFBE,0x5BEF,0x11A7,
    0x11A7,0x19E8,0x7D34,0xCFBD,0xCFBE,0xCFBE,0xCFBE,0xCFBE,0xCFBE,0xCFBE,0xCFBE,0xCFBE,
    0xCFBE,0xCFBE,0xC79D,0x3CB2,0x11C7,0x11A7,0x11A7,0x238D,0x3ED9,0x3ED9,0x3ED9,0x3ED9,
    0x3ED9,0x3ED9,0x3ED9,0x3ED9,0x3ED9,0x3ED9,0x3ED9,0x3ED9,0x3ED9,0x3ED9,0x1249,0x09E8,
    0x09E8,0xF81F,0xF81F,0xF81F,0xF81F,0xF81F,0xF81F,0xF81F,0xF81F,0xF81F,0xF81F,0xF81F,
    0xF81F,0xF81F,0xF81F,0xF81F,0xF81F,0xF81F,0xF81F,0xF81F,0xF81F,0xF81F,0xF81F,0xF81F,
    0xF81F,0xF81F,0xF81F,0xF81F,0xF81F,0xF81F,0xF81F,0xF81F,0xF81F,0xF81F,0xF81F,0xF81F,
    0xF81F,0xF81F,0xF81F,0xF81F,0xF81F,0xF81F,0xF81F,0xF81F,0xF81F,0xF81F,0xF81F,0xF81F,
    0xF81F,0xF81F,0xF81F,0xF81F,0xF81F,0xF81F,0xF81F,0xF81F,0xF81F,0xF81F,0xF81F,0x09E8,
    0x09E8,0x1B0C,0x3ED9,0x3ED9,0x3ED9,0x3ED9,0x3ED9,0x3ED9,0x3ED9,0x3ED9,0x3ED9,0x3ED9,
    0x3ED9,0x3ED9,0x3ED9,0x3ED9,0x238D,0x11A7,0x11A7,0x11A7,0x11A7,0x3ACB,0x95D6,0xCFBD,
    0xCFBE,0xCFBE,0xCFBE,0xCFBE,0xCFBE,0xCFBE,0xCFBD,0x95D6,0x3ACB,0x11A7,0x11A7,0x11A7,
    0x11A7,0x5BEF,0xCFBE,0xCFBE,0xCFBE,0xCFBE,0xCFBE,0xCFBE,0xCFBE,0xCFBE,0xCFBE,0xCFBE,
    0xCFBE,0xCFBE,0xCFBE,0xCFBE,0x5BEF,0x11A7,0x11A7,0x11A7,0x11A7,0x3ACB,0x95D6,0xCFBD,
    0xCFBE,0xCFBE,0xCFBE,0xCFBE,0xCFBE,0xCFBE,0xCFBD,0x95D6,0x3ACB,0x11A7,0x11A7,0x11A7,
    0x11A7,0x238D,0x3ED9,0x3ED9,0x3ED9,0x3ED9,0x3ED9,0x3ED9,0x3ED9,0x3ED9,0x3ED9,0x3ED9,
    0x3ED9,0x3ED9,0x3ED9,0x3ED9,0x1AEC,0x09E8,0x09E8,0xF81F,0xF81F,0xF81F,0xF81F,0xF81F,
    0xF81F,0xF81F,0xF81F,0xF81F,0xF81F,0xF81F,0xF81F,0xF81F,0xF81F,0xF81F,0xF81F,0xF81F,
    0xF81F,0xF81F,0xF81F,0xF81F,0xF81F,0xF81F,0xF81F,0xF81F,0xF81F,0xF81F,0xF81F,0xF81F,
    0xF81F,0xF81F,0xF81F,0xF81F,0xF81F,0xF81F,0xF81F,0xF81F,0xF81F,0xF81F,0xF81F,0xF81F,
    0xF81F,0xF81F,0xF81F,0xF81F,0xF81F,0xF81F,0xF81F,0xF81F,0xF81F,0xF81F,0xF81F,0xF81F,
    0xF81F,0xF81F,0xF81F,0xF81F,0xF81F,0x09E8,0x09E8,0x1B6D,0x3ED9,0x3ED9,0x3ED9,0x3ED9,
    0x3ED9,0x3ED9,0x3ED9,0x3ED9,0x3ED9,0x3ED9,0x3ED9,0x3ED9,0x3ED9,0x3ED9,0x3E57,0x1ACB,
    0x11A7,0x11A7,0x11A7,0x11A7,0x11A7,0x2249,0x5C10,0x8554,0x95F7,0x95F7,0x8554,0x5C0F,
    0x2249,0x11A7,0x11A7,0x11A7,0x11A7,0x11A7,0x3B0C,0xBF1B,0xCFBE,0xCFBE,0xCFBE,0xCFBE,
    0xCFBE,0xCFBE,0xCFBE,0xCFBE,0xCFBE,0xCFBE,0xCFBE,0xCFBE,0xCFBE,0xCFBE,0xBF1B,0x3B0C,
    0x11A7,0x11A7,0x11A7,0x11A7,0x11A7,0x2249,0x5C10,0x8554,0x95F7,0x95F7,0x8554,0x5C0F,
    0x2249,0x11A7,0x11A7,0x11A7,0x11A7,0x11A7,0x1ACB,0x3E57,0x3ED9,0x3ED9,0x3ED9,0x3ED9,
    0x3ED9,0x3ED9,0x3ED9,0x3ED9,0x3ED9,0x3ED9,0x3ED9,0x3ED9,0x3ED9,0x3ED9,0x1B6D,0x09E8,
    0x09E8,0xF81F,0xF81F,0xF81F,0xF81F,0xF81F,0xF81F,0xF81F,0xF81F,0xF81F,0xF81F,0xF81F,
    0xF81F,0xF81F,0xF81F,0xF81F,0xF81F,0xF81F,0xF81F,0xF81F,0xF81F,0xF81F,0xF81F,0xF81F,
    0xF81F,0xF81F,0xF81F,0xF81F,0xF81F,0xF81F,0xF81F,0xF81F,0xF81F,0xF81F,0xF81F,0xF81F,
    0xF81F,0xF81F,0xF81F,0xF81F,0xF81F,0xF81F,0xF81F,0xF81F,0xF81F,0xF81F,0xF81F,0xF81F,
    0xF81F,0xF81F,0xF81F,0xF81F,0xF81F,0xF81F,0xF81F,0xF81F,0xF81F,0xF81F,0xF81F,0x09E8,
    0x09E8,0x23AE,0x3ED9,0x3ED9,0x3ED9,0x3ED9,0x3ED9,0x3ED9,0x3ED9,0x3ED9,0x3ED9,0x3ED9,
    0x3ED9,0x3ED9,0x3ED9,0x3ED9,0x3ED9,0x3EB9,0x4CF2,0x19E7,0x11A7,0x11A7,0x11A7,0x11A7,
    0x11A7,0x11A7,0x11A7,0x11A7,0x11A7,0x11A7,0x11A7,0x11A7,0x11A7,0x11A7,0x19C7,0x74D3,
    0xCFBD,0xCFBE,0xCFBE,0xCFBE,0xCFBE,0xCFBE,0xCFBE,0xCFBE,0xCFBE,0xCFBE,0xCFBE,0xCFBE,
    0xCFBE,0xCFBE,0xCFBE,0xCFBE,0xCFBE,0xCFBD,0x8554,0x19E7,0x11A7,0x11A7,0x11A7,0x11A7,
    0x11A7,0x11A7,0x11A7,0x11A7,0x11A7,0x11A7,0x11A7,0x11A7,0x11A7,0x11A7,0x19C7,0x4491,
    0x3EB9,0x3ED9,0x3ED9,0x3ED9,0x3ED9,0x3ED9,0x3ED9,0x3ED9,0x3ED9,0x3ED9,0x3ED9,0x3ED9,
    0x3ED9,0x3ED9,0x3ED9,0x3ED9,0x23AE,0x09E8,0x09E8,0xF81F,0xF81F,0xF81F,0xF81F,0xF81F,
    0xF81F,0xF81F,0xF81F,0xF81F,0xF81F,0xF81F,0xF81F,0xF81F,0xF81F,0xF81F,0xF81F,0xF81F,
    0xF81F,0xF81F,0xF81F,0xF81F,0xF81F,0xF81F,0xF81F,0xF81F,0xF81F,0xF81F,0xF81F,0xF81F,
    0xF81F,0xF81F,0xF81F,0xF81F,0xF81F,0xF81F,0xF81F,0xF81F,0xF81F,0xF81F,0xF81F,0xF81F,
    0xF81F,0xF81F,0xF81F,0xF81F,0xF81F,0xF81F,0xF81F,0xF81F,0xF81F,0xF81F,0xF81F,0xF81F,
    0xF81F,0xF81F,0xF81F,0xF81F,0xF81F,0x09E8,0x09E8,0x23EF,0x3ED9,0x3ED9,0x3ED9,0x3ED9,
    0x3ED9,0x3ED9,0x3ED9,0x3ED9,0x3ED9,0x3ED9,0x3ED9,0x3ED9,0x3ED9,0x3ED9,0x3ED9,0x46D9,
    0xBF9D,0xB6FB,0x6430,0x19C7,0x11A7,0x11A7,0x11A7,0x11A7,0x11A7,0x11A7,0x11A7,0x11A7,
    0x11A7,0x11A7,0x19C7,0x6430,0xB6FB,0xCFBE,0xCFBE,0xCFBE,0xCFBE,0xCFBE,0xCFBE,0xCFBE,
    0xCFBE,0xCFBE,0xCFBE,0xCFBE,0xCFBE,0xCFBE,0xCFBE,0xCFBE,0xCFBE,0xCFBE,0xCFBE,0xCFBE,
    0xCFBE,0xB6FB,0x6430,0x19C7,0x11A7,0x11A7,0x11A7,0x11A7,0x11A7,0x11A7,0x11A7,0x11A7,
    0x11A7,0x11A7,0x19C7,0x6430,0xB6FB,0xBF9D,0x46D9,0x3ED9,0x3ED9,0x3ED9,0x3ED9,0x3ED9,
    0x3ED9,0x3ED9,0x3ED9,0x3ED9,0x3ED9,0x3ED9,0x3ED9,0x3ED9,0x3ED9,0x3ED9,0x23EF,0x09E8,
    0x09E8,0xF81F,0xF81F,0xF81F,0xF81F,0xF81F,0xF81F,0xF81F,0xF81F,0xF81F,0xF81F,0xF81F,
    0xF81F,0xF81F,0xF81F,0xF81F,0xF81F,0xF81F,0xF81F,0xF81F,0xF81F,0xF81F,0xF81F,0xF81F,
    0xF81F,0xF81F,0xF81F,0xF81F,0xF81F,0xF81F,0xF81F,0xF81F,0xF81F,0xF81F,0xF81F,0xF81F,
    0xF81F,0xF81F,0xF81F,0xF81F,0xF81F,0xF81F,0xF81F,0xF81F,0xF81F,0xF81F,0xF81F,0xF81F,
    0xF81F,0xF81F,0xF81F,0xF81F,0xF81F,0xF81F,0xF81F,0xF81F,0xF81F,0xF81F,0xF81F,0x09E8,
    0x09E8,0x2430,0x3ED9,0x3ED9,0x3ED9,0x3ED9,0x3ED9,0x3ED9,0x3ED9,0x3ED9,0x3ED9,0x3ED9,
    0x3ED9,0x3ED9,0x3ED9,0x3ED9,0x3ED9,0x7F3B,0xCFBE,0xCFBE,0xCFBE,0xBF1B,0x7D14,0x434D,
    0x19C7,0x11A7,0x11A7,0x11A7,0x11A7,0x19C7,0x434D,0x7D14,0xBF1B,0xCFBE,0xCFBE,0xCFBE,
    0xCFBE,0xCFBE,0xCFBE,0xCFBE,0xCFBE,0xCFBE,0xCFBE,0xCFBE,0xCFBE,0xCFBE,0xCFBE,0xCFBE,
    0xCFBE,0xCFBE,0xCFBE,0xCFBE,0xCFBE,0xCFBE,0xCFBE,0xCFBE,0xCFBE,0xBF1B,0x7D14,0x434D,
    0x19C7,0x11A7,0x11A7,0x11A7,0x11A7,0x19C7,0x434D,0x7D14,0xBF1B,0xCFBE,0xCFBE,0xCFBE,
    0x7F3B,0x3ED9,0x3ED9,0x3ED9,0x3ED9,0x3ED9,0x3ED9,0x3ED9,0x3ED9,0x3ED9,0x3ED9,0x3ED9,
    0x3ED9,0x3ED9,0x3ED9,0x3ED9,0x2430,0x09E8,0x09E8,0xF81F,0xF81F,0xF81F,0xF81F,0xF81F,
    0xF81F,0xF81F,0xF81F,0xF81F,0xF81F,0xF81F,0xF81F,0xF81F,0xF81F,0xF81F,0xF81F,0xF81F,
    0xF81F,0xF81F,0xF81F,0xF81F,0xF81F,0xF81F,0xF81F,0xF81F,0xF81F,0xF81F,0xF81F,0xF81F,
    0xF81F,0xF81F,0xF81F,0xF81F,0xF81F,0xF81F,0xF81F,0xF81F,0xF81F,0xF81F,0xF81F,0xF81F,
    0xF81F,0xF81F,0xF81F,0xF81F,0xF81F,0xF81F,0xF81F,0xF81F,0xF81F,0xF81F,0xF81F,0xF81F,
    0xF81F,0xF81F,0xF81F,0xF81F,0xF81F,0x09E8,0x09E8,0x2430,0x3ED9,0x3ED9,0x3ED9,0x3ED9,
    0x3ED9,0x3ED9,0x3ED9,0x3ED9,0x3ED9,0x3ED9,0x3ED9,0x3ED9,0x3ED9,0x3ED9,0x46D9,0xBF9D,
    0xCFBE,0xCFBE,0xCFBE,0xCFBE,0xCFBE,0xCFBE,0xCFBD,0xBF1B,0xA679,0xA679,0xBF1B,0xCFBD,
    0xCFBE,0xCFBE,0xCFBE,0xCFBE,0xCFBE,0xCFBE,0xCFBE,0xCFBE,0xCFBE,0xCFBE,0xCFBE,0xCFBE,
    0xCFBE,0xCFBE,0xCFBE,0xCFBE,0xCFBE,0xCFBE,0xCFBE,0xCFBE,0xCFBE,0xCFBE,0xCFBE,0xCFBE,
    0xCFBE,0xCFBE,0xCFBE,0xCFBE,0xCFBE,0xCFBE,0xCFBD,0xBF1B,0xA679,0xA679,0xBF1B,0xCFBD,
    0xCFBE,0xCFBE,0xCFBE,0xCFBE,0xCFBE,0xCFBE,0xBF9D,0x46D9,0x3ED9,0x3ED9,0x3ED9,0x3ED9,
    0x3ED9,0x3ED9,0x3ED9,0x3ED9,0x3ED9,0x3ED9,0x3ED9,0x3ED9,0x3ED9,0x3ED9,0x2430,0x09E8,
    0x09E8,0xF81F,0xF81F,0xF81F,0xF81F,0xF81F,0xF81F,0xF81F,0xF81F,0xF81F,0xF81F,0xF81F,
    0xF81F,0xF81F,0xF81F,0xF81F,0xF81F,0xF81F,0xF81F,0xF81F,0xF81F,0xF81F,0xF81F,0xF81F,
    0xF81F,0xF81F,0xF81F,0xF81F,0xF81F,0xF81F,0xF81F,0xF81F,0xF81F,0xF81F,0xF81F,0xF81F,
    0xF81F,0xF81F,0xF81F,0xF81F,0xF81F,0xF81F,0xF81F,0xF81F,0xF81F,0xF81F,0xF81F,0xF81F,
    0xF81F,0xF81F,0xF81F,0xF81F,0xF81F,0xF81F,0xF81F,0xF81F,0xF81F,0xF81F,0xF81F,0x09E8,
    0x09E8,0x23EF,0x3ED9,0x3ED9,0x3ED9,0x3ED9,0x3ED9,0x3ED9,0x3ED9,0x3ED9,0x3ED9,0x3ED9,
    0x3ED9,0x3ED9,0x3ED9,0x3ED9,0x6F1A,0xCFBE,0xCFBE,0xCFBE,0xCFBE,0xCFBE,0xCFBE,0xCFBE,
    0xCFBE,0xCFBE,0xCFBE,0xCFBE,0xCFBE,0xCFBE,0xCFBE,0xCFBE,0xCFBE,0xCFBE,0xCFBE,0xCFBE,
    0xCFBE,0xCFBE,0xCFBE,0xCFBE,0xCFBE,0xCFBE,0xCFBE,0xCFBE,0xCFBE,0xCFBE,0xCFBE,0xCFBE,
    0xCFBE,0xCFBE,0xCFBE,0xCFBE,0xCFBE,0xCFBE,0xCFBE,0xCFBE,0xCFBE,0xCFBE,0xCFBE,0xCFBE,
    0xCFBE,0xCFBE,0xCFBE,0xCFBE,0xCFBE,0xCFBE,0xCFBE,0xCFBE,0xCFBE,0xCFBE,0xCFBE,0xCFBE,
    0xCFBE,0x6F1A,0x3ED9,0x3ED9,0x3ED9,0x3ED9,0x3ED9,0x3ED9,0x3ED9,0x3ED9,0x3ED9,0x3ED9,
    0x3ED9,0x3ED9,0x3ED9,0x3ED9,0x23EF,0x09E8,0x09E8,0xF81F,0xF81F,0xF81F,0xF81F,0xF81F,
    0xF81F,0xF81F,0xF81F,0xF81F,0xF81F,0xF81F,0xF81F,0xF81F,0xF81F,0xF81F,0xF81F,0xF81F,
    0xF81F,0xF81F,0xF81F,0xF81F,0xF81F,0xF81F,0xF81F,0xF81F,0xF81F,0xF81F,0xF81F,0xF81F,
    0xF81F,0xF81F,0xF81F,0xF81F,0xF81F,0xF81F,0xF81F,0xF81F,0xF81F,0xF81F,0xF81F,0xF81F,
    0xF81F,0xF81F,0xF81F,0xF81F,0xF81F,0xF81F,0xF81F,0xF81F,0xF81F,0xF81F,0xF81F,0xF81F,
    0xF81F,0xF81F,0xF81F,0xF81F,0xF81F,0x09E8,0x09E8,0x23AE,0x3ED9,0x3ED9,0x3ED9,0x3ED9,
    0x3ED9,0x3ED9,0x3ED9,0x3ED9,0x3ED9,0x3ED9,0x3ED9,0x3ED9,0x3ED9,0x3ED9,0xA77C,0xCFBE,
    0xCFBE,0xCFBE,0xCFBE,0xCFBE,0xCFBE,0xCFBE,0xCFBE,0xCFBE,0xCFBE,0xCFBE,0xCFBE,0xCFBE,
    0xCFBE,0xCFBE,0xCFBE,0xCFBE,0xCFBE,0xCFBE,0xCFBE,0xCFBE,0xCFBE,0xCFBE,0xCFBE,0xCFBE,
    0xCFBE,0xCFBE,0xCFBE,0xCFBE,0xCFBE,0xCFBE,0xCFBE,0xCFBE,0xCFBE,0xCFBE,0xCFBE,0xCFBE,
    0xCFBE,0xCFBE,0xCFBE,0xCFBE,0xCFBE,0xCFBE,0xCFBE,0xCFBE,0xCFBE,0xCFBE,0xCFBE,0xCFBE,
    0xCFBE,0xCFBE,0xCFBE,0xCFBE,0xCFBE,0xCFBE,0xCFBE,0xA77C,0x3ED9,0x3ED9,0x3ED9,0x3ED9,
    0x3ED9,0x3ED9,0x3ED9,0x3ED9,0x3ED9,0x3ED9,0x3ED9,0x3ED9,0x3ED9,0x3ED9,0x23AE,0x09E8,
    0x09E8,0xF81F,0xF81F,0xF81F,0xF81F,0xF81F,0xF81F,0xF81F,0xF81F,0xF81F,0xF81F,0xF81F,
    0xF81F,0xF81F,0xF81F,0xF81F,0xF81F,0xF81F,0xF81F,0xF81F,0xF81F,0xF81F,0xF81F,0xF81F,
    0xF81F,0xF81F,0xF81F,0xF81F,0xF81F,0xF81F,0xF81F,0xF81F,0xF81F,0xF81F,0xF81F,0xF81F,
    0xF81F,0xF81F,0xF81F,0xF81F,0xF81F,0xF81F,0xF81F,0xF81F,0xF81F,0xF81F,0xF81F,0xF81F,
    0xF81F,0xF81F,0xF81F,0xF81F,0xF81F,0xF81F,0xF81F,0xF81F,0xF81F,0xF81F,0xF81F,0x09E8,
    0x09E8,0x1B6D,0x3ED9,0x3ED9,0x3ED9,0x3ED9,0x3ED9,0x3ED9,0x3ED9,0x3ED9,0x3ED9,0x3ED9,
    0x3ED9,0x3ED9,0x3ED9,0x46D9,0xCFBD,0xCFBE,0xCFBE,0xCFBE,0xCFBE,0xCFBE,0xCFBE,0xCFBE,
    0xCFBE,0xCFBE,0xCFBE,0xCFBE,0xCFBE,0xCFBE,0xCFBE,0xCFBE,0xCFBE,0xCFBE,0xCFBE,0xCFBE,
    0xCFBE,0xCFBE,0xCFBE,0xCFBE,0xCFBE,0xCFBE,0xCFBE,0xCFBE,0xCFBE,0xCFBE,0xCFBE,0xCFBE,
    0xCFBE,0xCFBE,0xCFBE,0xCFBE,0xCFBE,0xCFBE,0xCFBE,0xCFBE,0xCFBE,0xCFBE,0xCFBE,0xCFBE,
    0xCFBE,0xCFBE,0xCFBE,0xCFBE,0xCFBE,0xCFBE,0xCFBE,0xCFBE,0xCFBE,0xCFBE,0xCFBE,0xCFBE,
    0xCFBE,0xCFBD,0x46D9,0x3ED9,0x3ED9,0x3ED9,0x3ED9,0x3ED9,0x3ED9,0x3ED9,0x3ED9,0x3ED9,
    0x3ED9,0x3ED9,0x3ED9,0x3ED9,0x1B6D,0x09E8,0x09E8,0xF81F,0xF81F,0xF81F,0xF81F,0xF81F,
    0xF81F,0xF81F,0xF81F,0xF81F,0xF81F,0xF81F,0xF81F,0xF81F,0xF81F,0xF81F,0xF81F,0xF81F,
    0xF81F,0xF81F,0xF81F,0xF81F,0xF81F,0xF81F,0xF81F,0xF81F,0xF81F,0xF81F,0xF81F,0xF81F,
    0xF81F,0xF81F,0xF81F,0xF81F,0xF81F,0xF81F,0xF81F,0xF81F,0xF81F,0xF81F,0xF81F,0xF81F,
    0xF81F,0xF81F,0xF81F,0xF81F,0xF81F,0xF81F,0xF81F,0xF81F,0xF81F,0xF81F,0xF81F,0xF81F,
    0xF81F,0xF81F,0xF81F,0xF81F,0xF81F,0x09E8,0x09E8,0x1B0C,0x3ED9,0x3ED9,0x3ED9,0x3ED9,
    0x3ED9,0x3ED9,0x3ED9,0x3ED9,0x3ED9,0x3ED9,0x3ED9,0x3ED9,0x3ED9,0x6F1A,0xCFBE,0xCFBE,
    0xCFBE,0xCFBE,0xCFBE,0xCFBE,0xCFBE,0xCFBE,0xCFBE,0xCFBE,0xCFBE,0xCFBE,0xCFBE,0xCFBE,
    0xCFBE,0xCFBE,0xCFBE,0xCFBE,0xCFBE,0xCFBE,0xCFBE,0xCFBE,0xCFBE,0xCFBE,0xCFBE,0xCFBE,
    0xCFBE,0xCFBE,0xCFBE,0xCFBE,0xCFBE,0xCFBE,0xCFBE,0xCFBE,0xCFBE,0xCFBE,0xCFBE,0xCFBE,
    0xCFBE,0xCFBE,0xCFBE,0xCFBE,0xCFBE,0xCFBE,0xCFBE,0xCFBE,0xCFBE,0xCFBE,0xCFBE,0xCFBE,
    0xCFBE,0xCFBE,0xCFBE,0xCFBE,0xCFBE,0xCFBE,0xCFBE,0xCFBE,0x6F1A,0x3ED9,0x3ED9,0x3ED9,
    0x3ED9,0x3ED9,0x3ED9,0x3ED9,0x3ED9,0x3ED9,0x3ED9,0x3ED9,0x3ED9,0x3ED9,0x1AEC,0x09E8,
    0x09E8,0xF81F,0xF81F,0xF81F,0xF81F,0xF81F,0xF81F,0xF81F,0xF81F,0xF81F,0xF81F,0xF81F,
    0xF81F,0xF81F,0xF81F,0xF81F,0xF81F,0xF81F,0xF81F,0xF81F,0xF81F,0xF81F,0xF81F,0xF81F,
    0xF81F,0xF81F,0xF81F,0xF81F,0xF81F,0xF81F,0xF81F,0xF81F,0xF81F,0xF81F,0xF81F,0xF81F,
    0xF81F,0xF81F,0xF81F,0xF81F,0xF81F,0xF81F,0xF81F,0xF81F,0xF81F,0xF81F,0xF81F,0xF81F,
    0xF81F,0xF81F,0xF81F,0xF81F,0xF81F,0xF81F,0xF81F,0xF81F,0xF81F,0xF81F,0xF81F,0x09E8,
    0x09E8,0x1249,0x3ED9,0x3ED9,0x3ED9,0x3ED9,0x3ED9,0x3ED9,0x3ED9,0x3ED9,0x3ED9,0x3ED9,
    0x3ED9,0x3ED9,0x3ED9,0x8F3B,0xCFBE,0xCFBE,0xCFBE,0xCFBE,0xCFBE,0xCFBE,0xCFBE,0xCFBE,
    0xCFBE,0xCFBE,0xCFBE,0xCFBE,0xCFBE,0xCFBE,0xCFBE,0xCFBE,0xCFBE,0xCFBE,0xCFBE,0xCFBE,
    0xCFBE,0xCFBE,0xCFBE,0xCFBE,0xCFBE,0xCFBE,0xCFBE,0xCFBE,0xCFBE,0xCFBE,0xCFBE,0xCFBE,
    0xCFBE,0xCFBE,0xCFBE,0xCFBE,0xCFBE,0xCFBE,0xCFBE,0xCFBE,0xCFBE,0xCFBE,0xCFBE,0xCFBE,
    0xCFBE,0xCFBE,0xCFBE,0xCFBE,0xCFBE,0xCFBE,0xCFBE,0xCFBE,0xCFBE,0xCFBE,0xCFBE,0xCFBE,
    0xCFBE,0xCFBE,0x8F5B,0x3ED9,0x3ED9,0x3ED9,0x3ED9,0x3ED9,0x3ED9,0x3ED9,0x3ED9,0x3ED9,
    0x3ED9,0x3ED9,0x3ED9,0x3ED9,0x1249,0x09E8,0x09E8,0xF81F,0xF81F,0xF81F,0xF81F,0xF81F,
    0xF81F,0xF81F,0xF81F,0xF81F,0xF81F,0xF81F,0xF81F,0xF81F,0xF81F,0xF81F,0xF81F,0xF81F,
    0xF81F,0xF81F,0xF81F,0xF81F,0xF81F,0xF81F,0xF81F,0xF81F,0xF81F,0xF81F,0xF81F,0xF81F,
    0xF81F,0xF81F,0xF81F,0xF81F,0xF81F,0xF81F,0xF81F,0xF81F,0xF81F,0xF81F,0xF81F,0xF81F,
    0xF81F,0xF81F,0xF81F,0xF81F,0xF81F,0xF81F,0xF81F,0xF81F,0xF81F,0xF81F,0xF81F,0xF81F,
    0xF81F,0xF81F,0xF81F,0xF81F,0xF81F,0x09E8,0x09E8,0x09E8,0x3E77,0x3ED9,0x3ED9,0x3ED9,
    0x3ED9,0x3ED9,0x3ED9,0x3ED9,0x3ED9,0x3ED9,0x3ED9,0x3ED9,0x3ED9,0xA77C,0xCFBE,0xCFBE,
    0xCFBE,0xCFBE,0xCFBE,0xCFBE,0xCFBE,0xCFBE,0xCFBE,0xCFBE,0xCFBE,0xCFBE,0xCFBE,0xCFBE,
    0xCFBE,0xCFBE,0xCFBE,0xCFBE,0xCFBE,0xCFBE,0xCFBE,0xCFBE,0xCFBE,0xCFBE,0xCFBE,0xBF3C,
    0x74D3,0x3ACB,0x2208,0x2208,0x3ACB,0x74D3,0xBF3C,0xCFBE,0xCFBE,0xCFBE,0xCFBE,0xCFBE,
    0xCFBE,0xCFBE,0xCFBE,0xCFBE,0xCFBE,0xCFBE,0xCFBE,0xCFBE,0xCFBE,0xCFBE,0xCFBE,0xCFBE,
    0xCFBE,0xCFBE,0xCFBE,0xCFBE,0xCFBE,0xCFBE,0xCFBE,0xCFBE,0xA77C,0x3ED9,0x3ED9,0x3ED9,
    0x3ED9,0x3ED9,0x3ED9,0x3ED9,0x3ED9,0x3ED9,0x3ED9,0x3ED9,0x3ED9,0x3E57,0x09E8,0x09E8,
    0x09E8,0xF81F,0xF81F,0xF81F,0xF81F,0xF81F,0xF81F,0xF81F,0xF81F,0xF81F,0xF81F,0xF81F,
    0xF81F,0xF81F,0xF81F,0xF81F,0xF81F,0xF81F,0xF81F,0xF81F,0xF81F,0xF81F,0xF81F,0xF81F,
    0xF81F,0xF81F,0xF81F,0xF81F,0xF81F,0xF81F,0xF81F,0xF81F,0xF81F,0xF81F,0xF81F,0xF81F,
    0xF81F,0xF81F,0xF81F,0xF81F,0xF81F,0xF81F,0xF81F,0xF81F,0xF81F,0xF81F,0xF81F,0xF81F,
    0xF81F,0xF81F,0xF81F,0xF81F,0xF81F,0xF81F,0xF81F,0xF81F,0xF81F,0xF81F,0xF81F,0x09E8,
    0x09E8,0x09E8,0x3595,0x3ED9,0x3ED9,0x3ED9,0x3ED9,0x3ED9,0x3ED9,0x3ED9,0x3ED9,0x3ED9,
    0x3ED9,0x3ED9,0x3ED9,0xB79D,0xCFBE,0xCFBE,0xCFBE,0xCFBE,0xCFBE,0xCFBE,0xCFBE,0xCFBE,
    0xCFBE,0xCFBE,0xCFBE,0xCFBE,0xCFBE,0xCFBE,0xCFBE,0xCFBE,0xCFBE,0xCFBE,0xCFBE,0xCFBE,
    0xCFBE,0xCFBE,0xCFBE,0xCFBE,0x95B6,0x2208,0x11A7,0x11A7,0x11A7,0x11A7,0x11A7,0x11A7,
    0x19E8,0x8D95,0xCFBE,0xCFBE,0xCFBE,0xCFBE,0xCFBE,0xCFBE,0xCFBE,0xCFBE,0xCFBE,0xCFBE,
    0xCFBE,0xCFBE,0xCFBE,0xCFBE,0xCFBE,0xCFBE,0xCFBE,0xCFBE,0xCFBE,0xCFBE,0xCFBE,0xCFBE,
    0xCFBE,0xCFBE,0xB79D,0x3ED9,0x3ED9,0x3ED9,0x3ED9,0x3ED9,0x3ED9,0x3ED9,0x3ED9,0x3ED9,
    0x3ED9,0x3ED9,0x3ED9,0x3595,0x09E8,0x09E8,0x09E8,0xF81F,0xF81F,0xF81F,0xF81F,0xF81F,
    0xF81F,0xF81F,0xF81F,0xF81F,0xF81F,0xF81F,0xF81F,0xF81F,0xF81F,0xF81F,0xF81F,0xF81F,
    0xF81F,0xF81F,0xF81F,0xF81F,0xF81F,0xF81F,0xF81F,0xF81F,0xF81F,0xF81F,0xF81F,0xF81F,
    0xF81F,0xF81F,0xF81F,0xF81F,0xF81F,0xF81F,0xF81F,0xF81F,0xF81F,0xF81F,0xF81F,0xF81F,
    0xF81F,0xF81F,0xF81F,0xF81F,0xF81F,0xF81F,0xF81F,0xF81F,0xF81F,0xF81F,0xF81F,0xF81F,
    0xF81F,0xF81F,0xF81F,0xF81F,0xF81F,0x09E8,0x09E8,0x09E8,0x2CB2,0x3ED9,0x3ED9,0x3ED9,
    0x3ED9,0x3ED9,0x3ED9,0x3ED9,0x3ED9,0x3ED9,0x3ED9,0x3ED9,0x3ED9,0xC7BD,0xCFBE,0xCFBE,
    0xCFBE,0xCFBE,0xCFBE,0xCFBE,0xCFBE,0xCFBE,0xCFBE,0xCFBE,0xCFBE,0xCFBE,0xCFBE,0xCFBE,
    0xCFBE,0xCFBE,0xCFBE,0xCFBE,0xCFBE,0xCFBE,0xCFBE,0xCFBE,0xCFBE,0x7CF3,0x11A7,0x11A7,
    0x11A7,0x11A7,0x11A7,0x11A7,0x11A7,0x11A7,0x11A7,0x11A7,0x7D13,0xCFBE,0xCFBE,0xCFBE,
    0xCFBE,0xCFBE,0xCFBE,0xCFBE,0xCFBE,0xCFBE,0xCFBE,0xCFBE,0xCFBE,0xCFBE,0xCFBE,0xCFBE,
    0xCFBE,0xCFBE,0xCFBE,0xCFBE,0xCFBE,0xCFBE,0xCFBE,0xCFBE,0xBFBD,0x3ED9,0x3ED9,0x3ED9,
    0x3ED9,0x3ED9,0x3ED9,0x3ED9,0x3ED9,0x3ED9,0x3ED9,0x3ED9,0x3ED9,0x2CB1,0x09E8,0x09E8,
    0x09E8,0xF81F,0xF81F,0xF81F,0xF81F,0xF81F,0xF81F,0xF81F,0xF81F,0xF81F,0xF81F,0xF81F,
    0xF81F,0xF81F,0xF81F,0xF81F,0xF81F,0xF81F,0xF81F,0xF81F,0xF81F,0xF81F,0xF81F,0xF81F,
    0xF81F,0xF81F,0xF81F,0xF81F,0xF81F,0xF81F,0xF81F,0xF81F,0xF81F,0xF81F,0xF81F,0xF81F,
    0xF81F,0xF81F,0xF81F,0xF81F,0xF81F,0xF81F,0xF81F,0xF81F,0xF81F,0xF81F,0xF81F,0xF81F,
    0xF81F,0xF81F,0xF81F,0xF81F,0xF81F,0xF81F,0xF81F,0xF81F,0xF81F,0xF81F,0xF81F,0xF81F,
    0x09E8,0x09E8,0x1B6D,0x3ED9,0x3ED9,0x3ED9,0x3ED9,0x3ED9,0x3ED9,0x3ED9,0x3ED9,0x3ED9,
    0x3ED9,0x3ED9,0x3ED9,0xCFBD,0xCFBE,0xCFBE,0xCFBE,0xCFBE,0xCFBE,0xCFBE,0xCFBE,0xCFBE,
    0xCFBE,0xCFBE,0xCFBE,0xCFBE,0xCFBE,0xCFBE,0xCFBE,0xCFBE,0xCFBE,0xCFBE,0xCFBE,0xCFBE,
    0xCFBE,0xCFBE,0x95B6,0x11A7,0x11A7,0x11A7,0x11A7,0x11A7,0x11A7,0x11A7,0x11A7,0x11A7,
    0x11A7,0x11A7,0x11A7,0x95D6,0xCFBE,0xCFBE,0xCFBE,0xCFBE,0xCFBE,0xCFBE,0xCFBE,0xCFBE,
    0xCFBE,0xCFBE,0xCFBE,0xCFBE,0xCFBE,0xCFBE,0xCFBE,0xCFBE,0xCFBE,0xCFBE,0xCFBE,0xCFBE,
    0xCFBE,0xCFBE,0xCFBD,0x3ED9,0x3ED9,0x3ED9,0x3ED9,0x3ED9,0x3ED9,0x3ED9,0x3ED9,0x3ED9,
    0x3ED9,0x3ED9,0x3ED9,0x1B6D,0x09E8,0x09E8,0xF81F,0xF81F,0xF81F,0xF81F,0xF81F,0xF81F,
    0xF81F,0xF81F,0xF81F,0xF81F,0xF81F,0xF81F,0xF81F,0xF81F,0xF81F,0xF81F,0xF81F,0xF81F,
    0xF81F,0xF81F,0xF81F,0xF81F,0xF81F,0xF81F,0xF81F,0xF81F,0xF81F,0xF81F,0xF81F,0xF81F,
    0xF81F,0xF81F,0xF81F,0xF81F,0xF81F,0xF81F,0xF81F,0xF81F,0xF81F,0xF81F,0xF81F,0xF81F,
    0xF81F,0xF81F,0xF81F,0xF81F,0xF81F,0xF81F,0xF81F,0xF81F,0xF81F,0xF81F,0xF81F,0xF81F,
    0xF81F,0xF81F,0xF81F,0xF81F,0xF81F,0xF81F,0x09E8,0x09E8,0x1229,0x3EB8,0x3ED9,0x3ED9,
    0x3ED9,0x3ED9,0x3ED9,0x3ED9,0x3ED9,0x3ED9,0x3ED9,0x3ED9,0x3ED9,0xCFBD,0xCFBE,0xCFBE,
    0xCFBE,0xCFBE,0xCFBE,0xCFBE,0xCFBE,0xCFBE,0xCFBE,0xCFBE,0xCFBE,0xCFBE,0xCFBE,0xCFBE,
    0xCFBE,0xCFBE,0xCFBE,0xCFBE,0xCFBE,0xCFBE,0xCFBE,0xBF5C,0x2229,0x11A7,0x11A7,0x11A7,
    0x11A7,0x11A7,0x11A7,0x11A7,0x11A7,0x11A7,0x11A7,0x11A7,0x11A7,0x2229,0xBF5C,0xCFBE,
    0xCFBE,0xCFBE,0xCFBE,0xCFBE,0xCFBE,0xCFBE,0xCFBE,0xCFBE,0xCFBE,0xCFBE,0xCFBE,0xCFBE,
    0xCFBE,0xCFBE,0xCFBE,0xCFBE,0xCFBE,0xCFBE,0xCFBE,0xCFBE,0xC7BD,0x3ED9,0x3ED9,0x3ED9,
    0x3ED9,0x3ED9,0x3ED9,0x3ED9,0x3ED9,0x3ED9,0x3ED9,0x3ED9,0x3EB8,0x1229,0x09E8,0x09E8,
    0xF81F,0xF81F,0xF81F,0xF81F,0xF81F,0xF81F,0xF81F,0xF81F,0xF81F,0xF81F,0xF81F,0xF81F,
    0xF81F,0xF81F,0xF81F,0xF81F,0xF81F,0xF81F,0xF81F,0xF81F,0xF81F,0xF81F,0xF81F,0xF81F,
    0xF81F,0xF81F,0xF81F,0xF81F,0xF81F,0xF81F,0xF81F,0xF81F,0xF81F,0xF81F,0xF81F,0xF81F,
    0xF81F,0xF81F,0xF81F,0xF81F,0xF81F,0xF81F,0xF81F,0xF81F,0xF81F,0xF81F,0xF81F,0xF81F,
    0xF81F,0xF81F,0xF81F,0xF81F,0xF81F,0xF81F,0xF81F,0xF81F,0xF81F,0xF81F,0xF81F,0xF81F,
    0x09E8,0x09E8,0x09E8,0x35B5,0x3ED9,0x3ED9,0x3ED9,0x3ED9,0x3ED9,0x3ED9,0x3ED9,0x3ED9,
    0x3ED9,0x3ED9,0x3ED9,0xC7BD,0xCFBE,0xCFBE,0xCFBE,0xCFBE,0xCFBE,0xCFBE,0xCFBE,0xCFBE,
    0xCFBE,0xCFBE,0xCFBE,0xCFBE,0xCFBE,0xCFBE,0xCFBE,0xCFBE,0xCFBE,0xCFBE,0xCFBE,0xCFBE,
    0xCFBE,0x6471,0x11A7,0x11A7,0x11A7,0x11A7,0x11A7,0x11A7,0x11A7,0x11A7,0x11A7,0x11A7,
    0x11A7,0x11A7,0x11A7,0x11A7,0x6C71,0xCFBE,0xCFBE,0xCFBE,0xCFBE,0xCFBE,0xCFBE,0xCFBE,
    0xCFBE,0xCFBE,0xCFBE,0xCFBE,0xCFBE,0xCFBE,0xCFBE,0xCFBE,0xCFBE,0xCFBE,0xCFBE,0xCFBE,
    0xCFBE,0xCFBE,0xBF9D,0x3ED9,0x3ED9,0x3ED9,0x3ED9,0x3ED9,0x3ED9,0x3ED9,0x3ED9,0x3ED9,
    0x3ED9,0x3ED9,0x3595,0x09E8,0x09E8,0x09E8,0xF81F,0xF81F,0xF81F,0xF81F,0xF81F,0xF81F,
    0xF81F,0xF81F,0xF81F,0xF81F,0xF81F,0xF81F,0xF81F,0xF81F,0xF81F,0xF81F,0xF81F,0xF81F,
    0xF81F,0xF81F,0xF81F,0xF81F,0xF81F,0xF81F,0xF81F,0xF81F,0xF81F,0xF81F,0xF81F,0xF81F,
    0xF81F,0xF81F,0xF81F,0xF81F,0xF81F,0xF81F,0xF81F,0xF81F,0xF81F,0xF81F,0xF81F,0xF81F,
    0xF81F,0xF81F,0xF81F,0xF81F,0xF81F,0xF81F,0xF81F,0xF81F,0xF81F,0xF81F,0xF81F,0xF81F,
    0xF81F,0xF81F,0xF81F,0xF81F,0xF81F,0xF81F,0x09E8,0x09E8,0x09E8,0x2430,0x3ED9,0x3ED9,
    0x3ED9,0x3ED9,0x3ED9,0x3ED9,0x3ED9,0x3ED9,0x3ED9,0x3ED9,0x3ED9,0xB79D,0xCFBE,0xCFBE,
    0xCFBE,0xCFBE,0xCFBE,0xCFBE,0xCFBE,0xCFBE,0xCFBE,0xCFBE,0xCFBE,0xCFBE,0xCFBE,0xCFBE,
    0xCFBE,0xCFBE,0xCFBE,0xCFBE,0xCFBE,0xCFBE,0xC77D,0x2208,0x11A7,0x11A7,0x11A7,0x11A7,
    0x11A7,0x11A7,0x11A7,0x11A7,0x11A7,0x11A7,0x11A7,0x11A7,0x11A7,0x11A7,0x2208,0xC79D,
    0xCFBE,0xCFBE,0xCFBE,0xCFBE,0xCFBE,0xCFBE,0xCFBE,0xCFBE,0xCFBE,0xCFBE,0xCFBE,0xCFBE,
    0xCFBE,0xCFBE,0xCFBE,0xCFBE,0xCFBE,0xCFBE,0xCFBE,0xCFBE,0xB79D,0x3ED9,0x3ED9,0x3ED9,
    0x3ED9,0x3ED9,0x3ED9,0x3ED9,0x3ED9,0x3ED9,0x3ED9,0x3ED9,0x2430,0x09E8,0x09E8,0x09E8,
    0xF81F,0xF81F,0xF81F,0xF81F,0xF81F,0xF81F,0xF81F,0xF81F,0xF81F,0xF81F,0xF81F,0xF81F,
    0xF81F,0xF81F,0xF81F,0xF81F,0xF81F,0xF81F,0xF81F,0xF81F,0xF81F,0xF81F,0xF81F,0xF81F,
    0xF81F,0xF81F,0xF81F,0xF81F,0xF81F,0xF81F,0xF81F,0xF81F,0xF81F,0xF81F,0xF81F,0xF81F,
    0xF81F,0xF81F,0xF81F,0xF81F,0xF81F,0xF81F,0xF81F,0xF81F,0xF81F,0xF81F,0xF81F,0xF81F,
    0xF81F,0xF81F,0xF81F,0xF81F,0xF81F,0xF81F,0xF81F,0xF81F,0xF81F,0xF81F,0xF81F,0xF81F,
    0xF81F,0x09E8,0x09E8,0x126A,0x3EB9,0x3ED9,0x3ED9,0x3ED9,0x3ED9,0x3ED9,0x3ED9,0x3ED9,
    0x3ED9,0x3ED9,0x3ED9,0xA77C,0xCFBE,0xCFBE,0xCFBE,0xCFBE,0xCFBE,0xCFBE,0xCFBE,0xCFBE,
    0xCFBE,0xCFBE,0xCFBE,0xCFBE,0xCFBE,0xCFBE,0xCFBE,0xCFBE,0xCFBE,0xCFBE,0xCFBE,0xCFBE,
    0x8DB6,0x11A7,0x11A7,0x11A7,0x11A7,0x11A7,0x11A7,0x11A7,0x11A7,0x11A7,0x11A7,0x11A7,
    0x11A7,0x11A7,0x11A7,0x11A7,0x11A7,0x95D6,0xCFBE,0xCFBE,0xCFBE,0xCFBE,0xCFBE,0xCFBE,
    0xCFBE,0xCFBE,0xCFBE,0xCFBE,0xCFBE,0xCFBE,0xCFBE,0xCFBE,0xCFBE,0xCFBE,0xCFBE,0xCFBE,
    0xCFBE,0xCFBE,0xA77C,0x3ED9,0x3ED9,0x3ED9,0x3ED9,0x3ED9,0x3ED9,0x3ED9,0x3ED9,0x3ED9,
    0x3ED9,0x3EB9,0x126A,0x09E8,0x09E8,0xF81F,0xF81F,0xF81F,0xF81F,0xF81F,0xF81F,0xF81F,
    0xF81F,0xF81F,0xF81F,0xF81F,0xF81F,0xF81F,0xF81F,0xF81F,0xF81F,0xF81F,0xF81F,0xF81F,
    0xF81F,0xF81F,0xF81F,0xF81F,0xF81F,0xF81F,0xF81F,0xF81F,0xF81F,0xF81F,0xF81F,0xF81F,
    0xF81F,0xF81F,0xF81F,0xF81F,0xF81F,0xF81F,0xF81F,0xF81F,0xF81F,0xF81F,0xF81F,0xF81F,
    0xF81F,0xF81F,0xF81F,0xF81F,0xF81F,0xF81F,0xF81F,0xF81F,0xF81F,0xF81F,0xF81F,0xF81F,
    0xF81F,0xF81F,0xF81F,0xF81F,0xF81F,0xF81F,0xF81F,0x09E8,0x09E8,0x09E8,0x3574,0x3ED9,
    0x3ED9,0x3ED9,0x3ED9,0x3ED9,0x3ED9,0x3ED9,0x3ED9,0x3ED9,0x3ED9,0x8F3B,0xCFBE,0xCFBE,
    0xCFBE,0xCFBE,0xCFBE,0xCFBE,0xCFBE,0xCFBE,0xCFBE,0xCFBE,0xCFBE,0xCFBE,0xCFBE,0xCFBE,
    0xCFBE,0xCFBE,0xCFBE,0xCFBE,0xCFBE,0xCFBE,0x6430,0x11A7,0x11A7,0x11A7,0x11A7,0x11A7,
    0x11A7,0x11A7,0x11A7,0x11A7,0x11A7,0x11A7,0x11A7,0x11A7,0x11A7,0x11A7,0x11A7,0x6451,
    0xCFBE,0xCFBE,0xCFBE,0xCFBE,0xCFBE,0xCFBE,0xCFBE,0xCFBE,0xCFBE,0xCFBE,0xCFBE,0xCFBE,
    0xCFBE,0xCFBE,0xCFBE,0xCFBE,0xCFBE,0xCFBE,0xCFBE,0xCFBE,0x8F5B,0x3ED9,0x3ED9,0x3ED9,
    0x3ED9,0x3ED9,0x3ED9,0x3ED9,0x3ED9,0x3ED9,0x3ED9,0x3554,0x09E8,0x09E8,0x09E8,0xF81F,
    0xF81F,0xF81F,0xF81F,0xF81F,0xF81F,0xF81F,0xF81F,0xF81F,0xF81F,0xF81F,0xF81F,0xF81F,
    0xF81F,0xF81F,0xF81F,0xF81F,0xF81F,0xF81F,0xF81F,0xF81F,0xF81F,0xF81F,0xF81F,0xF81F,
    0xF81F,0xF81F,0xF81F,0xF81F,0xF81F,0xF81F,0xF81F,0xF81F,0xF81F,0xF81F,0xF81F,0xF81F,
    0xF81F,0xF81F,0xF81F,0xF81F,0xF81F,0xF81F,0xF81F,0xF81F,0xF81F,0xF81F,0xF81F,0xF81F,
    0xF81F,0xF81F,0xF81F,0xF81F,0xF81F,0xF81F,0xF81F,0xF81F,0xF81F,0xF81F,0xF81F,0xF81F,
    0xF81F,0x09E8,0x09E8,0x09E8,0x1B8E,0x3ED9,0x3ED9,0x3ED9,0x3ED9,0x3ED9,0x3ED9,0x3ED9,
    0x3ED9,0x3ED9,0x3ED9,0x6F1A,0xCFBE,0xCFBE,0xCFBE,0xCFBE,0xCFBE,0xCFBE,0xCFBE,0xCFBE,
    0xCFBE,0xCFBE,0xCFBE,0xCFBE,0xCFBE,0xCFBE,0xCFBE,0xCFBE,0xCFBE,0xCFBE,0xCFBE,0xCFBE,
    0x3AEB,0x11A7,0x11A7,0x11A7,0x11A7,0x11A7,0x11A7,0x11A7,0x11A7,0x11A7,0x11A7,0x11A7,
    0x11A7,0x11A7,0x11A7,0x11A7,0x11A7,0x3AEC,0xCFBE,0xCFBE,0xCFBE,0xCFBE,0xCFBE,0xCFBE,
    0xCFBE,0xCFBE,0xCFBE,0xCFBE,0xCFBE,0xCFBE,0xCFBE,0xCFBE,0xCFBE,0xCFBE,0xCFBE,0xCFBE,
    0xCFBE,0xCFBE,0x6F1A,0x3ED9,0x3ED9,0x3ED9,0x3ED9,0x3ED9,0x3ED9,0x3ED9,0x3ED9,0x3ED9,
    0x3ED9,0x1B8D,0x09E8,0x09E8,0x09E8,0xF81F,0xF81F,0xF81F,0xF81F,0xF81F,0xF81F,0xF81F,
    0xF81F,0xF81F,0xF81F,0xF81F,0xF81F,0xF81F,0xF81F,0xF81F,0xF81F,0xF81F,0xF81F,0xF81F,
    0xF81F,0xF81F,0xF81F,0xF81F,0xF81F,0xF81F,0xF81F,0xF81F,0xF81F,0xF81F,0xF81F,0xF81F,
    0xF81F,0xF81F,0xF81F,0xF81F,0xF81F,0xF81F,0xF81F,0xF81F,0xF81F,0xF81F,0xF81F,0xF81F,
    0xF81F,0xF81F,0xF81F,0xF81F,0xF81F,0xF81F,0xF81F,0xF81F,0xF81F,0xF81F,0xF81F,0xF81F,
    0xF81F,0xF81F,0xF81F,0xF81F,0xF81F,0xF81F,0xF81F,0xF81F,0x09E8,0x09E8,0x1208,0x3E37,
    0x3ED9,0x3ED9,0x3ED9,0x3ED9,0x3ED9,0x3ED9,0x3ED9,0x3ED9,0x3ED9,0x46D9,0xCFBD,0xCFBE,
    0xCFBE,0xCFBE,0xCFBE,0xCFBE,0xCFBE,0xCFBE,0xCFBE,0xCFBE,0xCFBE,0xCFBE,0xCFBE,0xCFBE,
    0xCFBE,0xCFBE,0xCFBE,0xCFBE,0xCFBE,0xCFBE,0x2249,0x11A7,0x11A7,0x11A7,0x11A7,0x11A7,
    0x11A7,0x11A7,0x11A7,0x11A7,0x11A7,0x11A7,0x11A7,0x11A7,0x11A7,0x11A7,0x11A7,0x2A49,
    0xCFBE,0xCFBE,0xCFBE,0xCFBE,0xCFBE,0xCFBE,0xCFBE,0xCFBE,0xCFBE,0xCFBE,0xCFBE,0xCFBE,
    0xCFBE,0xCFBE,0xCFBE,0xCFBE,0xCFBE,0xCFBE,0xCFBE,0xC7BD,0x46D9,0x3ED9,0x3ED9,0x3ED9,
    0x3ED9,0x3ED9,0x3ED9,0x3ED9,0x3ED9,0x3ED9,0x3E37,0x1208,0x09E8,0x09E8,0xF81F,0xF81F,
    0xF81F,0xF81F,0xF81F,0xF81F,0xF81F,0xF81F,0xF81F,0xF81F,0xF81F,0xF81F,0xF81F,0xF81F,
    0xF81F,0xF81F,0xF81F,0xF81F,0xF81F,0xF81F,0xF81F,0xF81F,0xF81F,0xF81F,0xF81F,0xF81F,
    0xF81F,0xF81F,0xF81F,0xF81F,0xF81F,0xF81F,0xF81F,0xF81F,0xF81F,0xF81F,0xF81F,0xF81F,
    0xF81F,0xF81F,0xF81F,0xF81F,0xF81F,0xF81F,0xF81F,0xF81F,0xF81F,0xF81F,0xF81F,0xF81F,
    0xF81F,0xF81F,0xF81F,0xF81F,0xF81F,0xF81F,0xF81F,0xF81F,0xF81F,0xF81F,0xF81F,0xF81F,
    0xF81F,0xF81F,0x09E8,0x09E8,0x09E8,0x23EF,0x3ED9,0x3ED9,0x3ED9,0x3ED9,0x3ED9,0x3ED9,
    0x3ED9,0x3ED9,0x3ED9,0x3ED9,0xA77C,0xCFBE,0xCFBE,0xCFBE,0xCFBE,0xCFBE,0xCFBE,0xCFBE,
    0xCFBE,0xCFBE,0xCFBE,0xCFBE,0xCFBE,0xCFBE,0xCFBE,0xCFBE,0xCFBE,0xCFBE,0xCFBE,0xCFBE,
    0x19C7,0x11A7,0x11A7,0x11A7,0x11A7,0x11A7,0x11A7,0x11A7,0x11A7,0x11A7,0x11A7,0x11A7,
    0x11A7,0x11A7,0x11A7,0x11A7,0x11A7,0x19C7,0xCFBE,0xCFBE,0xCFBE,0xCFBE,0xCFBE,0xCFBE,
    0xCFBE,0xCFBE,0xCFBE,0xCFBE,0xCFBE,0xCFBE,0xCFBE,0xCFBE,0xCFBE,0xCFBE,0xCFBE,0xCFBE,
    0xCFBE,0xA77C,0x3ED9,0x3ED9,0x3ED9,0x3ED9,0x3ED9,0x3ED9,0x3ED9,0x3ED9,0x3ED9,0x3ED9,
    0x23CF,0x09E8,0x09E8,0x09E8,0xF81F,0xF81F,0xF81F,0xF81F,0xF81F,0xF81F,0xF81F,0xF81F,
    0xF81F,0xF81F,0xF81F,0xF81F,0xF81F,0xF81F,0xF81F,0xF81F,0xF81F,0xF81F,0xF81F,0xF81F,
    0xF81F,0xF81F,0xF81F,0xF81F,0xF81F,0xF81F,0xF81F,0xF81F,0xF81F,0xF81F,0xF81F,0xF81F,
    0xF81F,0xF81F,0xF81F,0xF81F,0xF81F,0xF81F,0xF81F,0xF81F,0xF81F,0xF81F,0xF81F,0xF81F,
    0xF81F,0xF81F,0xF81F,0xF81F,0xF81F,0xF81F,0xF81F,0xF81F,0xF81F,0xF81F,0xF81F,0xF81F,
    0xF81F,0xF81F,0xF81F,0xF81F,0xF81F,0xF81F,0xF81F,0xF81F,0xF81F,0x09E8,0x09E8,0x1208,
    0x3E37,0x3ED9,0x3ED9,0x3ED9,0x3ED9,0x3ED9,0x3ED9,0x3ED9,0x3ED9,0x3ED9,0x6F1A,0xCFBE,
    0xCFBE,0xCFBE,0xCFBE,0xCFBE,0xCFBE,0xCFBE,0xCFBE,0xCFBE,0xCFBE,0xCFBE,0xCFBE,0xCFBE,
    0xCFBE,0xCFBE,0xCFBE,0xCFBE,0xCFBE,0xCFBE,0x19C7,0x11A7,0x11A7,0x11A7,0x11A7,0x11A7,
    0x5A8B,0xC3D2,0xF456,0xF456,0xC3D2,0x5A6B,0x11A7,0x11A7,0x11A7,0x11A7,0x11A7,0x19E8,
    0xCFBE,0xCFBE,0xCFBE,0xCFBE,0xCFBE,0xCFBE,0xCFBE,0xCFBE,0xCFBE,0xCFBE,0xCFBE,0xCFBE,
    0xCFBE,0xCFBE,0xCFBE,0xCFBE,0xCFBE,0xCFBE,0xCFBE,0x6F1A,0x3ED9,0x3ED9,0x3ED9,0x3ED9,
    0x3ED9,0x3ED9,0x3ED9,0x3ED9,0x3ED9,0x3E37,0x1208,0x09E8,0x09E8,0xF81F,0xF81F,0xF81F,
    0xF81F,0xF81F,0xF81F,0xF81F,0xF81F,0xF81F,0xF81F,0xF81F,0xF81F,0xF81F,0xF81F,0xF81F,
    0xF81F,0xF81F,0xF81F,0xF81F,0xF81F,0xF81F,0xF81F,0xF81F,0xF81F,0xF81F,0xF81F,0xF81F,
    0xF81F,0xF81F,0xF81F,0xF81F,0xF81F,0xF81F,0xF81F,0xF81F,0xF81F,0xF81F,0xF81F,0xF81F,
    0xF81F,0xF81F,0xF81F,0xF81F,0xF81F,0xF81F,0xF81F,0xF81F,0xF81F,0xF81F,0xF81F,0xF81F,
    0xF81F,0xF81F,0xF81F,0xF81F,0xF81F,0xF81F,0xF81F,0xF81F,0xF81F,0xF81F,0xF81F,0xF81F,
    0xF81F,0xF81F,0xF81F,0x09E8,0x09E8,0x09E8,0x23CF,0x3ED9,0x3ED9,0x3ED9,0x3ED9,0x3ED9,
    0x3ED9,0x3ED9,0x3ED9,0x3ED9,0x46D9,0xBFBD,0xCFBE,0xCFBE,0xCFBE,0xCFBE,0xCFBE,0xCFBE,
    0xCFBE,0xCFBE,0xCFBE,0xCFBE,0xCFBE,0xCFBE,0xCFBE,0xCFBE,0xCFBE,0xCFBE,0xCFBE,0xCFBE,
    0x2A49,0x11A7,0x11A7,0x11A7,0x11A7,0x932F,0xFC76,0xFC76,0xFC76,0xFC76,0xFC76,0xFC76,
    0x8B2F,0x11A7,0x11A7,0x11A7,0x11A7,0x2A69,0xCFBE,0xCFBE,0xCFBE,0xCFBE,0xCFBE,0xCFBE,
    0xCFBE,0xCFBE,0xCFBE,0xCFBE,0xCFBE,0xCFBE,0xCFBE,0xCFBE,0xCFBE,0xCFBE,0xCFBE,0xCFBE,
    0xBF9D,0x46D9,0x3ED9,0x3ED9,0x3ED9,0x3ED9,0x3ED9,0x3ED9,0x3ED9,0x3ED9,0x3ED9,0x23AE,
    0x09E8,0x09E8,0x09E8,0xF81F,0xF81F,0xF81F,0xF81F,0xF81F,0xF81F,0xF81F,0xF81F,0xF81F,
    0xF81F,0xF81F,0xF81F,0xF81F,0xF81F,0xF81F,0xF81F,0xF81F,0xF81F,0xF81F,0xF81F,0xF81F,
    0xF81F,0xF81F,0xF81F,0xF81F,0xF81F,0xF81F,0xF81F,0xF81F,0xF81F,0xF81F,0xF81F,0xF81F,
    0xF81F,0xF81F,0xF81F,0xF81F,0xF81F,0xF81F,0xF81F,0xF81F,0xF81F,0xF81F,0xF81F,0xF81F,
    0xF81F,0xF81F,0xF81F,0xF81F,0xF81F,0xF81F,0xF81F,0xF81F,0xF81F,0xF81F,0xF81F,0xF81F,
    0xF81F,0xF81F,0xF81F,0xF81F,0xF81F,0xF81F,0xF81F,0xF81F,0xF81F,0xF81F,0x09E8,0x09E8,
    0x09E8,0x35B5,0x3ED9,0x3ED9,0x3ED9,0x3ED9,0x3ED9,0x3ED9,0x3ED9,0x3ED9,0x3ED9,0x7F3B,
    0xCFBE,0xCFBE,0xCFBE,0xCFBE,0xCFBE,0xCFBE,0xCFBE,0xCFBE,0xCFBE,0xCFBE,0xCFBE,0xCFBE,
    0xCFBE,0xCFBE,0xCFBE,0xCFBE,0xCFBE,0xCFBE,0x3AEB,0x11A7,0x11A7,0x11A7,0x5A8B,0xFC76,
    0xFC76,0xFC76,0xFC76,0xFC76,0xFC76,0xFC76,0xFC76,0x5A6B,0x11A7,0x11A7,0x11A7,0x3AEC,
    0xCFBE,0xCFBE,0xCFBE,0xCFBE,0xCFBE,0xCFBE,0xCFBE,0xCFBE,0xCFBE,0xCFBE,0xCFBE,0xCFBE,
    0xCFBE,0xCFBE,0xCFBE,0xCFBE,0xCFBE,0xCFBE,0x7F3B,0x3ED9,0x3ED9,0x3ED9,0x3ED9,0x3ED9,
    0x3ED9,0x3ED9,0x3ED9,0x3ED9,0x35B5,0x09E8,0x09E8,0x09E8,0xF81F,0xF81F,0xF81F,0xF81F,
    0xF81F,0xF81F,0xF81F,0xF81F,0xF81F,0xF81F,0xF81F,0xF81F,0xF81F,0xF81F,0xF81F,0xF81F,
    0xF81F,0xF81F,0xF81F,0xF81F,0xF81F,0xF81F,0xF81F,0xF81F,0xF81F,0xF81F,0xF81F,0xF81F,
    0xF81F,0xF81F,0xF81F,0xF81F,0xF81F,0xF81F,0xF81F,0xF81F,0xF81F,0xF81F,0xF81F,0xF81F,
    0xF81F,0xF81F,0xF81F,0xF81F,0xF81F,0xF81F,0xF81F,0xF81F,0xF81F,0xF81F,0xF81F,0xF81F,
    0xF81F,0xF81F,0xF81F,0xF81F,0xF81F,0xF81F,0xF81F,0xF81F,0xF81F,0xF81F,0xF81F,0xF81F,
    0xF81F,0xF81F,0xF81F,0xF81F,0x09E8,0x09E8,0x09E8,0x12CB,0x3EB8,0x3ED9,0x3ED9,0x3ED9,
    0x3ED9,0x3ED9,0x3ED9,0x3ED9,0x3ED9,0x46D9,0xB79D,0xCFBE,0xCFBE,0xCFBE,0xCFBE,0xCFBE,
    0xCFBE,0xCFBE,0xCFBE,0xCFBE,0xCFBE,0xCFBE,0xCFBE,0xCFBE,0xCFBE,0xCFBE,0xCFBE,0xCFBE,
    0x6451,0x11A7,0x11A7,0x11A7,0xC3D2,0xFC76,0xFC76,0xFC76,0xFC76,0xFC76,0xFC76,0xFC76,
    0xFC76,0xC3D2,0x11A7,0x11A7,0x11A7,0x6451,0xCFBE,0xCFBE,0xCFBE,0xCFBE,0xCFBE,0xCFBE,
    0xCFBE,0xCFBE,0xCFBE,0xCFBE,0xCFBE,0xCFBE,0xCFBE,0xCFBE,0xCFBE,0xCFBE,0xCFBE,0xB79D,
    0x46D9,0x3ED9,0x3ED9,0x3ED9,0x3ED9,0x3ED9,0x3ED9,0x3ED9,0x3ED9,0x3EB8,0x12AB,0x09E8,
    0x09E8,0x09E8,0xF81F,0xF81F,0xF81F,0xF81F,0xF81F,0xF81F,0xF81F,0xF81F,0xF81F,0xF81F,
    0xF81F,0xF81F,0xF81F,0xF81F,0xF81F,0xF81F,0xF81F,0xF81F,0xF81F,0xF81F,0xF81F,0xF81F,
    0xF81F,0xF81F,0xF81F,0xF81F,0xF81F,0xF81F,0xF81F,0xF81F,0xF81F,0xF81F,0xF81F,0xF81F,
    0xF81F,0xF81F,0xF81F,0xF81F,0xF81F,0xF81F,0xF81F,0xF81F,0xF81F,0xF81F,0xF81F,0xF81F,
    0xF81F,0xF81F,0xF81F,0xF81F,0xF81F,0xF81F,0xF81F,0xF81F,0xF81F,0xF81F,0xF81F,0xF81F,
    0xF81F,0xF81F,0xF81F,0xF81F,0xF81F,0xF81F,0xF81F,0xF81F,0xF81F,0xF81F,0xF81F,0x09E8,
    0x09E8,0x09E8,0x2C71,0x3ED9,0x3ED9,0x3ED9,0x3ED9,0x3ED9,0x3ED9,0x3ED9,0x3ED9,0x3ED9,
    0x6F1A,0xCFBE,0xCFBE,0xCFBE,0xCFBE,0xCFBE,0xCFBE,0xCFBE,0xCFBE,0xCFBE,0xCFBE,0xCFBE,
    0xCFBE,0xCFBE,0xCFBE,0xCFBE,0xCFBE,0xCFBE,0x95B6,0x11A7,0x11A7,0x11A7,0xF456,0xFC76,
    0xFC76,0xFC76,0xFC76,0xFC76,0xFC76,0xFC76,0xFC76,0xF456,0x11A7,0x11A7,0x11A7,0x95D6,
    0xCFBE,0xCFBE,0xCFBE,0xCFBE,0xCFBE,0xCFBE,0xCFBE,0xCFBE,0xCFBE,0xCFBE,0xCFBE,0xCFBE,
    0xCFBE,0xCFBE,0xCFBE,0xCFBE,0xCFBE,0x671A,0x3ED9,0x3ED9,0x3ED9,0x3ED9,0x3ED9,0x3ED9,
    0x3ED9,0x3ED9,0x3ED9,0x2450,0x09E8,0x09E8,0x09E8,0xF81F,0xF81F,0xF81F,0xF81F,0xF81F,
    0xF81F,0xF81F,0xF81F,0xF81F,0xF81F,0xF81F,0xF81F,0xF81F,0xF81F,0xF81F,0xF81F,0xF81F,
    0xF81F,0xF81F,0xF81F,0xF81F,0xF81F,0xF81F,0xF81F,0xF81F,0xF81F,0xF81F,0xF81F,0xF81F,
    0xF81F,0xF81F,0xF81F,0xF81F,0xF81F,0xF81F,0xF81F,0xF81F,0xF81F,0xF81F,0xF81F,0xF81F,
    0xF81F,0xF81F,0xF81F,0xF81F,0xF81F,0xF81F,0xF81F,0xF81F,0xF81F,0xF81F,0xF81F,0xF81F,
    0xF81F,0xF81F,0xF81F,0xF81F,0xF81F,0xF81F,0xF81F,0xF81F,0xF81F,0xF81F,0xF81F,0xF81F,
    0xF81F,0xF81F,0xF81F,0xF81F,0xF81F,0xF81F,0x09E8,0x09E8,0x1208,0x35D5,0x3ED9,0x3ED9,
    0x3ED9,0x3ED9,0x3ED9,0x3ED9,0x3ED9,0x3ED9,0x3ED9,0x975C,0xCFBE,0xCFBE,0xCFBE,0xCFBE,
    0xCFBE,0xCFBE,0xCFBE,0xCFBE,0xCFBE,0xCFBE,0xCFBE,0xCFBE,0xCFBE,0xCFBE,0xCFBE,0xCFBE,
    0xC79D,0x2228,0x11A7,0x11A7,0xF456,0xFC76,0xFC76,0xFC76,0xFC76,0xFC76,0xFC76,0xFC76,
    0xFC76,0xF455,0x11A7,0x11A7,0x2208,0xC79D,0xCFBE,0xCFBE,0xCFBE,0xCFBE,0xCFBE,0xCFBE,
    0xCFBE,0xCFBE,0xCFBE,0xCFBE,0xCFBE,0xCFBE,0xCFBE,0xCFBE,0xCFBE,0xCFBE,0x975B,0x3ED9,
    0x3ED9,0x3ED9,0x3ED9,0x3ED9,0x3ED9,0x3ED9,0x3ED9,0x3ED9,0x35D5,0x1208,0x09E8,0x09E8,
    0xF81F,0xF81F,0xF81F,0xF81F,0xF81F,0xF81F,0xF81F,0xF81F,0xF81F,0xF81F,0xF81F,0xF81F,
    0xF81F,0xF81F,0xF81F,0xF81F,0xF81F,0xF81F,0xF81F,0xF81F,0xF81F,0xF81F,0xF81F,0xF81F,
    0xF81F,0xF81F,0xF81F,0xF81F,0xF81F,0xF81F,0xF81F,0xF81F,0xF81F,0xF81F,0xF81F,0xF81F,
    0xF81F,0xF81F,0xF81F,0xF81F,0xF81F,0xF81F,0xF81F,0xF81F,0xF81F,0xF81F,0xF81F,0xF81F,
    0xF81F,0xF81F,0xF81F,0xF81F,0xF81F,0xF81F,0xF81F,0xF81F,0xF81F,0xF81F,0xF81F,0xF81F,
    0xF81F,0xF81F,0xF81F,0xF81F,0xF81F,0xF81F,0xF81F,0xF81F,0xF81F,0xF81F,0xF81F,0xF81F,
    0x09E8,0x09E8,0x09E8,0x128A,0x3E78,0x3ED9,0x3ED9,0x3ED9,0x3ED9,0x3ED9,0x3ED9,0x3ED9,
    0x3ED9,0x46D9,0xB79D,0xCFBE,0xCFBE,0xCFBE,0xCFBE,0xCFBE,0xCFBE,0xCFBE,0xCFBE,0xCFBE,
    0xCFBE,0xCFBE,0xCFBE,0xCFBE,0xCFBE,0xCFBE,0xCFBE,0x6C71,0x11A7,0x11A7,0xC3D2,0xFC76,
    0xFC76,0xFC76,0xFC76,0xFC76,0xFC76,0xFC76,0xFC76,0xC3B2,0x11A7,0x11A7,0x6C91,0xCFBE,
    0xCFBE,0xCFBE,0xCFBE,0xCFBE,0xCFBE,0xCFBE,0xCFBE,0xCFBE,0xCFBE,0xCFBE,0xCFBE,0xCFBE,
    0xCFBE,0xCFBE,0xCFBE,0xB79D,0x46D9,0x3ED9,0x3ED9,0x3ED9,0x3ED9,0x3ED9,0x3ED9,0x3ED9,
    0x3ED9,0x3E77,0x128A,0x09E8,0x09E8,0x09E8,0xF81F,0xF81F,0xF81F,0xF81F,0xF81F,0xF81F,
    0xF81F,0xF81F,0xF81F,0xF81F,0xF81F,0xF81F,0xF81F,0xF81F,0xF81F,0xF81F,0xF81F,0xF81F,
    0xF81F,0xF81F,0xF81F,0xF81F,0xF81F,0xF81F,0xF81F,0xF81F,0xF81F,0xF81F,0xF81F,0xF81F,
    0xF81F,0xF81F,0xF81F,0xF81F,0xF81F,0xF81F,0xF81F,0xF81F,0xF81F,0xF81F,0xF81F,0xF81F,
    0xF81F,0xF81F,0xF81F,0xF81F,0xF81F,0xF81F,0xF81F,0xF81F,0xF81F,0xF81F,0xF81F,0xF81F,
    0xF81F,0xF81F,0xF81F,0xF81F,0xF81F,0xF81F,0xF81F,0xF81F,0xF81F,0xF81F,0xF81F,0xF81F,
    0xF81F,0xF81F,0xF81F,0xF81F,0xF81F,0xF81F,0xF81F,0x09E8,0x09E8,0x09E8,0x1B2C,0x3EB9,
    0x3ED9,0x3ED9,0x3ED9,0x3ED9,0x3ED9,0x3ED9,0x3ED9,0x3ED9,0x56F9,0xBFBD,0xCFBE,0xCFBE,
    0xCFBE,0xCFBE,0xCFBE,0xCFBE,0xCFBE,0xCFBE,0xCFBE,0xCFBE,0xCFBE,0xCFBE,0xCFBE,0xCFBE,
    0xCFBE,0xC75C,0x2249,0x11A7,0x5A6B,0xFC76,0xFC76,0xFC76,0xFC76,0xFC76,0xFC76,0xFC76,
    0xFC76,0x5A6B,0x11A7,0x2229,0xBF5C,0xCFBE,0xCFBE,0xCFBE,0xCFBE,0xCFBE,0xCFBE,0xCFBE,
    0xCFBE,0xCFBE,0xCFBE,0xCFBE,0xCFBE,0xCFBE,0xCFBE,0xCFBE,0xC7BD,0x56F9,0x3ED9,0x3ED9,
    0x3ED9,0x3ED9,0x3ED9,0x3ED9,0x3ED9,0x3ED9,0x3EB9,0x1B4D,0x09E8,0x09E8,0x09E8,0xF81F,
    0xF81F,0xF81F,0xF81F,0xF81F,0xF81F,0xF81F,0xF81F,0xF81F,0xF81F,0xF81F,0xF81F,0xF81F,
    0xF81F,0xF81F,0xF81F,0xF81F,0xF81F,0xF81F,0xF81F,0xF81F,0xF81F,0xF81F,0xF81F,0xF81F,
    0xF81F,0xF81F,0xF81F,0xF81F,0xF81F,0xF81F,0xF81F,0xF81F,0xF81F,0xF81F,0xF81F,0xF81F,
    0xF81F,0xF81F,0xF81F,0xF81F,0xF81F,0xF81F,0xF81F,0xF81F,0xF81F,0xF81F,0xF81F,0xF81F,
    0xF81F,0xF81F,0xF81F,0xF81F,0xF81F,0xF81F,0xF81F,0xF81F,0xF81F,0xF81F,0xF81F,0xF81F,
    0xF81F,0xF81F,0xF81F,0xF81F,0xF81F,0xF81F,0xF81F,0xF81F,0xF81F,0xF81F,0xF81F,0xF81F,
    0xF81F,0xF81F,0x09E8,0x09E8,0x09E8,0x2430,0x3ED9,0x3ED9,0x3ED9,0x3ED9,0x3ED9,0x3ED9,
    0x3ED9,0x3ED9,0x3ED9,0x5EFA,0xC7BD,0xCFBE,0xCFBE,0xCFBE,0xCFBE,0xCFBE,0xCFBE,0xCFBE,
    0xCFBE,0xCFBE,0xCFBE,0xCFBE,0xCFBE,0xCFBE,0xCFBE,0xCFBE,0x95D6,0x11A7,0x11A7,0x8B2F,
    0xFC76,0xFC76,0xFC76,0xFC76,0xFC76,0xFC76,0x8B0F,0x11A7,0x11A7,0x95D6,0xCFBE,0xCFBE,
    0xCFBE,0xCFBE,0xCFBE,0xCFBE,0xCFBE,0xCFBE,0xCFBE,0xCFBE,0xCFBE,0xCFBE,0xCFBE,0xCFBE,
    0xCFBE,0xC7BD,0x5EFA,0x3ED9,0x3ED9,0x3ED9,0x3ED9,0x3ED9,0x3ED9,0x3ED9,0x3ED9,0x3ED9,
    0x240F,0x09E8,0x09E8,0x09E8,0xF81F,0xF81F,0xF81F,0xF81F,0xF81F,0xF81F,0xF81F,0xF81F,
    0xF81F,0xF81F,0xF81F,0xF81F,0xF81F,0xF81F,0xF81F,0xF81F,0xF81F,0xF81F,0xF81F,0xF81F,
    0xF81F,0xF81F,0xF81F,0xF81F,0xF81F,0xF81F,0xF81F,0xF81F,0xF81F,0xF81F,0xF81F,0xF81F,
    0xF81F,0xF81F,0xF81F,0xF81F,0xF81F,0xF81F,0xF81F,0xF81F,0xF81F,0xF81F,0xF81F,0xF81F,
    0xF81F,0xF81F,0xF81F,0xF81F,0xF81F,0xF81F,0xF81F,0xF81F,0xF81F,0xF81F,0xF81F,0xF81F,
    0xF81F,0xF81F,0xF81F,0xF81F,0xF81F,0xF81F,0xF81F,0xF81F,0xF81F,0xF81F,0xF81F,0xF81F,
    0xF81F,0xF81F,0xF81F,0xF81F,0xF81F,0xF81F,0xF81F,0xF81F,0x09E8,0x09E8,0x09E8,0x09E8,
    0x2C71,0x3ED9,0x3ED9,0x3ED9,0x3ED9,0x3ED9,0x3ED9,0x3ED9,0x3ED9,0x3ED9,0x5EFA,0xC7BD,
    0xCFBE,0xCFBE,0xCFBE,0xCFBE,0xCFBE,0xCFBE,0xCFBE,0xCFBE,0xCFBE,0xCFBE,0xCFBE,0xCFBE,
    0xCFBE,0xCFBE,0xCFBE,0x7D14,0x11A7,0x11A7,0x5A6B,0xC3D2,0xF456,0xF456,0xC3B2,0x5A6B,
    0x11A7,0x11A7,0x7D14,0xCFBE,0xCFBE,0xCFBE,0xCFBE,0xCFBE,0xCFBE,0xCFBE,0xCFBE,0xCFBE,
    0xCFBE,0xCFBE,0xCFBE,0xCFBE,0xCFBE,0xCFBE,0xC7BD,0x5EFA,0x3ED9,0x3ED9,0x3ED9,0x3ED9,
    0x3ED9,0x3ED9,0x3ED9,0x3ED9,0x3ED9,0x2450,0x09E8,0x09E8,0x09E8,0xF81F,0xF81F,0xF81F,
    0xF81F,0xF81F,0xF81F,0xF81F,0xF81F,0xF81F,0xF81F,0xF81F,0xF81F,0xF81F,0xF81F,0xF81F,
    0xF81F,0xF81F,0xF81F,0xF81F,0xF81F,0xF81F,0xF81F,0xF81F,0xF81F,0xF81F,0xF81F,0xF81F,
    0xF81F,0xF81F,0xF81F,0xF81F,0xF81F,0xF81F,0xF81F,0xF81F,0xF81F,0xF81F,0xF81F,0xF81F,
    0xF81F,0xF81F,0xF81F,0xF81F,0xF81F,0xF81F,0xF81F,0xF81F,0xF81F,0xF81F,0xF81F,0xF81F,
    0xF81F,0xF81F,0xF81F,0xF81F,0xF81F,0xF81F,0xF81F,0xF81F,0xF81F,0xF81F,0xF81F,0xF81F,
    0xF81F,0xF81F,0xF81F,0xF81F,0xF81F,0xF81F,0xF81F,0xF81F,0xF81F,0xF81F,0xF81F,0xF81F,
    0xF81F,0xF81F,0xF81F,0x09E8,0x09E8,0x09E8,0x09E8,0x2CB1,0x3ED9,0x3ED9,0x3ED9,0x3ED9,
    0x3ED9,0x3ED9,0x3ED9,0x3ED9,0x3ED9,0x5EFA,0xBF9D,0xCFBE,0xCFBE,0xCFBE,0xCFBE,0xCFBE,
    0xCFBE,0xCFBE,0xCFBE,0xCFBE,0xCFBE,0xCFBE,0xCFBE,0xCFBE,0xCFBE,0xCFBE,0x95D6,0x2208,
    0x11A7,0x11A7,0x11A7,0x11A7,0x11A7,0x11A7,0x19E8,0x8D96,0xCFBE,0xCFBE,0xCFBE,0xCFBE,
    0xCFBE,0xCFBE,0xCFBE,0xCFBE,0xCFBE,0xCFBE,0xCFBE,0xCFBE,0xCFBE,0xCFBE,0xCFBE,0xBF9D,
    0x56FA,0x3ED9,0x3ED9,0x3ED9,0x3ED9,0x3ED9,0x3ED9,0x3ED9,0x3ED9,0x3ED9,0x2CB1,0x09E8,
    0x09E8,0x09E8,0x09E8,0xF81F,0xF81F,0xF81F,0xF81F,0xF81F,0xF81F,0xF81F,0xF81F,0xF81F,
    0xF81F,0xF81F,0xF81F,0xF81F,0xF81F,0xF81F,0xF81F,0xF81F,0xF81F,0xF81F,0xF81F,0xF81F,
    0xF81F,0xF81F,0xF81F,0xF81F,0xF81F,0xF81F,0xF81F,0xF81F,0xF81F,0xF81F,0xF81F,0xF81F,
    0xF81F,0xF81F,0xF81F,0xF81F,0xF81F,0xF81F,0xF81F,0xF81F,0xF81F,0xF81F,0xF81F,0xF81F,
    0xF81F,0xF81F,0xF81F,0xF81F,0xF81F,0xF81F,0xF81F,0xF81F,0xF81F,0xF81F,0xF81F,0xF81F,
    0xF81F,0xF81F,0xF81F,0xF81F,0xF81F,0xF81F,0xF81F,0xF81F,0xF81F,0xF81F,0xF81F,0xF81F,
    0xF81F,0xF81F,0xF81F,0xF81F,0xF81F,0xF81F,0xF81F,0xF81F,0xF81F,0xF81F,0x09E8,0x09E8,
    0x09E8,0x09E8,0x2CB1,0x3ED9,0x3ED9,0x3ED9,0x3ED9,0x3ED9,0x3ED9,0x3ED9,0x3ED9,0x3ED9,
    0x4ED9,0xA77C,0xCFBE,0xCFBE,0xCFBE,0xCFBE,0xCFBE,0xCFBE,0xCFBE,0xCFBE,0xCFBE,0xCFBE,
    0xCFBE,0xCFBE,0xCFBE,0xCFBE,0xCFBE,0xBF3C,0x74D3,0x3AEB,0x2208,0x2208,0x3AEB,0x74D3,
    0xBF3C,0xCFBE,0xCFBE,0xCFBE,0xCFBE,0xCFBE,0xCFBE,0xCFBE,0xCFBE,0xCFBE,0xCFBE,0xCFBE,
    0xCFBE,0xCFBE,0xCFBE,0xCFBE,0xA77C,0x4ED9,0x3ED9,0x3ED9,0x3ED9,0x3ED9,0x3ED9,0x3ED9,
    0x3ED9,0x3ED9,0x3ED9,0x2CB1,0x09E8,0x09E8,0x09E8,0x09E8,0xF81F,0xF81F,0xF81F,0xF81F,
    0xF81F,0xF81F,0xF81F,0xF81F,0xF81F,0xF81F,0xF81F,0xF81F,0xF81F,0xF81F,0xF81F,0xF81F,
    0xF81F,0xF81F,0xF81F,0xF81F,0xF81F,0xF81F,0xF81F,0xF81F,0xF81F,0xF81F,0xF81F,0xF81F,
    0xF81F,0xF81F,0xF81F,0xF81F,0xF81F,0xF81F,0xF81F,0xF81F,0xF81F,0xF81F,0xF81F,0xF81F,
    0xF81F,0xF81F,0xF81F,0xF81F,0xF81F,0xF81F,0xF81F,0xF81F,0xF81F,0xF81F,0xF81F,0xF81F,
    0xF81F,0xF81F,0xF81F,0xF81F,0xF81F,0xF81F,0xF81F,0xF81F,0xF81F,0xF81F,0xF81F,0xF81F,
    0xF81F,0xF81F,0xF81F,0xF81F,0xF81F,0xF81F,0xF81F,0xF81F,0xF81F,0xF81F,0xF81F,0xF81F,
    0xF81F,0xF81F,0xF81F,0xF81F,0xF81F,0x09E8,0x09E8,0x09E8,0x09E8,0x240F,0x3EB9,0x3ED9,
    0x3ED9,0x3ED9,0x3ED9,0x3ED9,0x3ED9,0x3ED9,0x3ED9,0x46D9,0x7F3B,0xC7BD,0xCFBE,0xCFBE,
    0xCFBE,0xCFBE,0xCFBE,0xCFBE,0xCFBE,0xCFBE,0xCFBE,0xCFBE,0xCFBE,0xCFBE,0xCFBE,0xCFBE,
    0xCFBE,0xCFBE,0xCFBE,0xCFBE,0xCFBE,0xCFBE,0xCFBE,0xCFBE,0xCFBE,0xCFBE,0xCFBE,0xCFBE,
    0xCFBE,0xCFBE,0xCFBE,0xCFBE,0xCFBE,0xCFBE,0xCFBE,0xCFBE,0xC7BD,0x7F3B,0x46D9,0x3ED9,
    0x3ED9,0x3ED9,0x3ED9,0x3ED9,0x3ED9,0x3ED9,0x3ED9,0x3EB9,0x240F,0x09E8,0x09E8,0x09E8,
    0x09E8,0xF81F,0xF81F,0xF81F,0xF81F,0xF81F,0xF81F,0xF81F,0xF81F,0xF81F,0xF81F,0xF81F,
    0xF81F,0xF81F,0xF81F,0xF81F,0xF81F,0xF81F,0xF81F,0xF81F,0xF81F,0xF81F,0xF81F,0xF81F,
    0xF81F,0xF81F,0xF81F,0xF81F,0xF81F,0xF81F,0xF81F,0xF81F,0xF81F,0xF81F,0xF81F,0xF81F,
    0xF81F,0xF81F,0xF81F,0xF81F,0xF81F,0xF81F,0xF81F,0xF81F,0xF81F,0xF81F,0xF81F,0xF81F,
    0xF81F,0xF81F,0xF81F,0xF81F,0xF81F,0xF81F,0xF81F,0xF81F,0xF81F,0xF81F,0xF81F,0xF81F,
    0xF81F,0xF81F,0xF81F,0xF81F,0xF81F,0xF81F,0xF81F,0xF81F,0xF81F,0xF81F,0xF81F,0xF81F,
    0xF81F,0xF81F,0xF81F,0xF81F,0xF81F,0xF81F,0xF81F,0xF81F,0xF81F,0xF81F,0xF81F,0xF81F,
    0x09E8,0x09E8,0x09E8,0x09E8,0x1B6D,0x3E98,0x3ED9,0x3ED9,0x3ED9,0x3ED9,0x3ED9,0x3ED9,
    0x3ED9,0x3ED9,0x3ED9,0x56F9,0xA77C,0xCFBE,0xCFBE,0xCFBE,0xCFBE,0xCFBE,0xCFBE,0xCFBE,
    0xCFBE,0xCFBE,0xCFBE,0xCFBE,0xCFBE,0xCFBE,0xCFBE,0xCFBE,0xCFBE,0xCFBE,0xCFBE,0xCFBE,
    0xCFBE,0xCFBE,0xCFBE,0xCFBE,0xCFBE,0xCFBE,0xCFBE,0xCFBE,0xCFBE,0xCFBE,0xCFBE,0xCFBE,
    0xCFBE,0xA77C,0x56F9,0x3ED9,0x3ED9,0x3ED9,0x3ED9,0x3ED9,0x3ED9,0x3ED9,0x3ED9,0x3ED9,
    0x3E98,0x1B6D,0x09E8,0x09E8,0x09E8,0x09E8,0xF81F,0xF81F,0xF81F,0xF81F,0xF81F,0xF81F,
    0xF81F,0xF81F,0xF81F,0xF81F,0xF81F,0xF81F,0xF81F,0xF81F,0xF81F,0xF81F,0xF81F,0xF81F,
    0xF81F,0xF81F,0xF81F,0xF81F,0xF81F,0xF81F,0xF81F,0xF81F,0xF81F,0xF81F,0xF81F,0xF81F,
    0xF81F,0xF81F,0xF81F,0xF81F,0xF81F,0xF81F,0xF81F,0xF81F,0xF81F,0xF81F,0xF81F,0xF81F,
    0xF81F,0xF81F,0xF81F,0xF81F,0xF81F,0xF81F,0xF81F,0xF81F,0xF81F,0xF81F,0xF81F,0xF81F,
    0xF81F,0xF81F,0xF81F,0xF81F,0xF81F,0xF81F,0xF81F,0xF81F,0xF81F,0xF81F,0xF81F,0xF81F,
    0xF81F,0xF81F,0xF81F,0xF81F,0xF81F,0xF81F,0xF81F,0xF81F,0xF81F,0xF81F,0xF81F,0xF81F,
    0xF81F,0xF81F,0xF81F,0xF81F,0xF81F,0xF81F,0xF81F,0x09E8,0x09E8,0x09E8,0x09E8,0x12AB,
    0x35D6,0x3ED9,0x3ED9,0x3ED9,0x3ED9,0x3ED9,0x3ED9,0x3ED9,0x3ED9,0x3ED9,0x3ED9,0x5EFA,
    0xAF7C,0xCFBE,0xCFBE,0xCFBE,0xCFBE,0xCFBE,0xCFBE,0xCFBE,0xCFBE,0xCFBE,0xCFBE,0xCFBE,
    0xCFBE,0xCFBE,0xCFBE,0xCFBE,0xCFBE,0xCFBE,0xCFBE,0xCFBE,0xCFBE,0xCFBE,0xCFBE,0xCFBE,
    0xCFBE,0xCFBE,0xCFBE,0xCFBE,0xCFBE,0xA77C,0x5EFA,0x3ED9,0x3ED9,0x3ED9,0x3ED9,0x3ED9,
    0x3ED9,0x3ED9,0x3ED9,0x3ED9,0x3ED9,0x35F6,0x12CB,0x09E8,0x09E8,0x09E8,0x09E8,0xF81F,
    0xF81F,0xF81F,0xF81F,0xF81F,0xF81F,0xF81F,0xF81F,0xF81F,0xF81F,0xF81F,0xF81F,0xF81F,
    0xF81F,0xF81F,0xF81F,0xF81F,0xF81F,0xF81F,0xF81F,0xF81F,0xF81F,0xF81F,0xF81F,0xF81F,
    0xF81F,0xF81F,0xF81F,0xF81F,0xF81F,0xF81F,0xF81F,0xF81F,0xF81F,0xF81F,0xF81F,0xF81F,
    0xF81F,0xF81F,0xF81F,0xF81F,0xF81F,0xF81F,0xF81F,0xF81F,0xF81F,0xF81F,0xF81F,0xF81F,
    0xF81F,0xF81F,0xF81F,0xF81F,0xF81F,0xF81F,0xF81F,0xF81F,0xF81F,0xF81F,0xF81F,0xF81F,
    0xF81F,0xF81F,0xF81F,0xF81F,0xF81F,0xF81F,0xF81F,0xF81F,0xF81F,0xF81F,0xF81F,0xF81F,
    0xF81F,0xF81F,0xF81F,0xF81F,0xF81F,0xF81F,0xF81F,0xF81F,0xF81F,0xF81F,0xF81F,0xF81F,
    0xF81F,0xF81F,0x09E8,0x09E8,0x09E8,0x09E8,0x1208,0x2C71,0x3EB9,0x3ED9,0x3ED9,0x3ED9,
    0x3ED9,0x3ED9,0x3ED9,0x3ED9,0x3ED9,0x3ED9,0x3ED9,0x5EFA,0x975C,0xC7BD,0xCFBE,0xCFBE,
    0xCFBE,0xCFBE,0xCFBE,0xCFBE,0xCFBE,0xCFBE,0xCFBE,0xCFBE,0xCFBE,0xCFBE,0xCFBE,0xCFBE,
    0xCFBE,0xCFBE,0xCFBE,0xCFBE,0xCFBE,0xCFBE,0xCFBE,0xCFBE,0xC7BD,0x975C,0x5EFA,0x3ED9,
    0x3ED9,0x3ED9,0x3ED9,0x3ED9,0x3ED9,0x3ED9,0x3ED9,0x3ED9,0x3ED9,0x3EB9,0x2CD2,0x1209,
    0x09E8,0x09E8,0x09E8,0x09E8,0xF81F,0xF81F,0xF81F,0xF81F,0xF81F,0xF81F,0xF81F,0xF81F,
    0xF81F,0xF81F,0xF81F,0xF81F,0xF81F,0xF81F,0xF81F,0xF81F,0xF81F,0xF81F,0xF81F,0xF81F,
    0xF81F,0xF81F,0xF81F,0xF81F,0xF81F,0xF81F,0xF81F,0xF81F,0xF81F,0xF81F,0xF81F,0xF81F,
    0xF81F,0xF81F,0xF81F,0xF81F,0xF81F,0xF81F,0xF81F,0xF81F,0xF81F,0xF81F,0xF81F,0xF81F,
    0xF81F,0xF81F,0xF81F,0xF81F,0xF81F,0xF81F,0xF81F,0xF81F,0xF81F,0xF81F,0xF81F,0xF81F,
    0xF81F,0xF81F,0xF81F,0xF81F,0xF81F,0xF81F,0xF81F,0xF81F,0xF81F,0xF81F,0xF81F,0xF81F,
    0xF81F,0xF81F,0xF81F,0xF81F,0xF81F,0xF81F,0xF81F,0xF81F,0xF81F,0xF81F,0xF81F,0xF81F,
    0xF81F,0xF81F,0xF81F,0xF81F,0xF81F,0xF81F,0xF81F,0xF81F,0xF81F,0xF81F,0x09E8,0x09E8,
    0x09E8,0x09E8,0x1B4D,0x3E16,0x3ED9,0x3ED9,0x3ED9,0x3ED9,0x3ED9,0x3ED9,0x3ED9,0x3ED9,
    0x3ED9,0x3ED9,0x3ED9,0x46D9,0x6F1A,0x9F5C,0xC7BD,0xCFBE,0xCFBE,0xCFBE,0xCFBE,0xCFBE,
    0xCFBE,0xCFBE,0xCFBE,0xCFBE,0xCFBE,0xCFBE,0xCFBE,0xCFBE,0xCFBE,0xCFBE,0xCFBE,0xBFBD,
    0x9F5C,0x6F1A,0x46D9,0x3ED9,0x3ED9,0x3ED9,0x3ED9,0x3ED9,0x3ED9,0x3ED9,0x3ED9,0x3ED9,
    0x3ED9,0x3ED9,0x3E16,0x1B2D,0x09E8,0x09E8,0x09E8,0x09E8,0xF81F,0xF81F,0xF81F,0xF81F,
    0xF81F,0xF81F,0xF81F,0xF81F,0xF81F,0xF81F,0xF81F,0xF81F,0xF81F,0xF81F,0xF81F,0xF81F,
    0xF81F,0xF81F,0xF81F,0xF81F,0xF81F,0xF81F,0xF81F,0xF81F,0xF81F,0xF81F,0xF81F,0xF81F,
    0xF81F,0xF81F,0xF81F,0xF81F,0xF81F,0xF81F,0xF81F,0xF81F,0xF81F,0xF81F,0xF81F,0xF81F,
    0xF81F,0xF81F,0xF81F,0xF81F,0xF81F,0xF81F,0xF81F,0xF81F,0xF81F,0xF81F,0xF81F,0xF81F,
    0xF81F,0xF81F,0xF81F,0xF81F,0xF81F,0xF81F,0xF81F,0xF81F,0xF81F,0xF81F,0xF81F,0xF81F,
    0xF81F,0xF81F,0xF81F,0xF81F,0xF81F,0xF81F,0xF81F,0xF81F,0xF81F,0xF81F,0xF81F,0xF81F,
    0xF81F,0xF81F,0xF81F,0xF81F,0xF81F,0xF81F,0xF81F,0xF81F,0xF81F,0xF81F,0xF81F,0xF81F,
    0xF81F,0xF81F,0xF81F,0xF81F,0xF81F,0x09E8,0x09E8,0x09E8,0x09E8,0x1208,0x240F,0x3E78,
    0x3ED9,0x3ED9,0x3ED9,0x3ED9,0x3ED9,0x3ED9,0x3ED9,0x3ED9,0x3ED9,0x3ED9,0x3ED9,0x3ED9,
    0x3ED9,0x56FA,0x771A,0x8F5B,0x9F7C,0xB79D,0xBF9D,0xC7BD,0xCFBD,0xCFBD,0xC7BD,0xBF9D,
    0xB79D,0x9F7C,0x8F5B,0x771B,0x56FA,0x3ED9,0x3ED9,0x3ED9,0x3ED9,0x3ED9,0x3ED9,0x3ED9,
    0x3ED9,0x3ED9,0x3ED9,0x3ED9,0x3ED9,0x3ED9,0x3E98,0x2450,0x1208,0x09E8,0x09E8,0x09E8,
    0x09E8,0xF81F,0xF81F,0xF81F,0xF81F,0xF81F,0xF81F,0xF81F,0xF81F,0xF81F,0xF81F,0xF81F,
    0xF81F,0xF81F,0xF81F,0xF81F,0xF81F,0xF81F,0xF81F,0xF81F,0xF81F,0xF81F,0xF81F,0xF81F,
    0xF81F,0xF81F,0xF81F,0xF81F,0xF81F,0xF81F,0xF81F,0xF81F,0xF81F,0xF81F,0xF81F,0xF81F,
    0xF81F,0xF81F,0xF81F,0xF81F,0xF81F,0xF81F,0xF81F,0xF81F,0xF81F,0xF81F,0xF81F,0xF81F,
    0xF81F,0xF81F,0xF81F,0xF81F,0xF81F,0xF81F,0xF81F,0xF81F,0xF81F,0xF81F,0xF81F,0xF81F,
    0xF81F,0xF81F,0xF81F,0xF81F,0xF81F,0xF81F,0xF81F,0xF81F,0xF81F,0xF81F,0xF81F,0xF81F,
    0xF81F,0xF81F,0xF81F,0xF81F,0xF81F,0xF81F,0xF81F,0xF81F,0xF81F,0xF81F,0xF81F,0xF81F,
    0xF81F,0xF81F,0xF81F,0xF81F,0xF81F,0xF81F,0xF81F,0xF81F,0xF81F,0xF81F,0xF81F,0xF81F,
    0x09E8,0x09E8,0x09E8,0x09E8,0x09E8,0x126A,0x2CD2,0x3E98,0x3ED9,0x3ED9,0x3ED9,0x3ED9,
    0x3ED9,0x3ED9,0x3ED9,0x3ED9,0x3ED9,0x3ED9,0x3ED9,0x3ED9,0x3ED9,0x3ED9,0x3ED9,0x3ED9,
    0x3ED9,0x3ED9,0x3ED9,0x3ED9,0x3ED9,0x3ED9,0x3ED9,0x3ED9,0x3ED9,0x3ED9,0x3ED9,0x3ED9,
    0x3ED9,0x3ED9,0x3ED9,0x3ED9,0x3ED9,0x3ED9,0x3ED9,0x3ED9,0x3ED9,0x3ED9,0x3E98,0x2CB2,
    0x124A,0x09E8,0x09E8,0x09E8,0x09E8,0x09E8,0xF81F,0xF81F,0xF81F,0xF81F,0xF81F,0xF81F,
    0xF81F,0xF81F,0xF81F,0xF81F,0xF81F,0xF81F,0xF81F,0xF81F,0xF81F,0xF81F,0xF81F,0xF81F,
    0xF81F,0xF81F,0xF81F,0xF81F,0xF81F,0xF81F,0xF81F,0xF81F,0xF81F,0xF81F,0xF81F,0xF81F,
    0xF81F,0xF81F,0xF81F,0xF81F,0xF81F,0xF81F,0xF81F,0xF81F,0xF81F,0xF81F,0xF81F,0xF81F,
    0xF81F,0xF81F,0xF81F,0xF81F,0xF81F,0xF81F,0xF81F,0xF81F,0xF81F,0xF81F,0xF81F,0xF81F,
    0xF81F,0xF81F,0xF81F,0xF81F,0xF81F,0xF81F,0xF81F,0xF81F,0xF81F,0xF81F,0xF81F,0xF81F,
    0xF81F,0xF81F,0xF81F,0xF81F,0xF81F,0xF81F,0xF81F,0xF81F,0xF81F,0xF81F,0xF81F,0xF81F,
    0xF81F,0xF81F,0xF81F,0xF81F,0xF81F,0xF81F,0xF81F,0xF81F,0xF81F,0xF81F,0xF81F,0xF81F,
    0xF81F,0xF81F,0xF81F,0xF81F,0xF81F,0xF81F,0x09E8,0x09E8,0x09E8,0x09E8,0x09E8,0x09E8,
    0x09E8,0x1249,0x2450,0x3E78,0x3ED9,0x3ED9,0x3ED9,0x3ED9,0x3ED9,0x3ED9,0x3ED9,0x3ED9,
    0x3ED9,0x3ED9,0x3ED9,0x3ED9,0x3ED9,0x3ED9,0x3ED9,0x3ED9,0x3ED9,0x3ED9,0x3ED9,0x3ED9,
    0x3ED9,0x3ED9,0x3ED9,0x3ED9,0x3ED9,0x3ED9,0x3ED9,0x3ED9,0x3ED9,0x3ED9,0x3ED9,0x3ED9,
    0x3ED9,0x3ED9,0x3E78,0x2CB1,0x126A,0x09E8,0x09E8,0x09E8,0x09E8,0x09E8,0x09E8,0x09E8,
    0xF81F,0xF81F,0xF81F,0xF81F,0xF81F,0xF81F,0xF81F,0xF81F,0xF81F,0xF81F,0xF81F,0xF81F,
    0xF81F,0xF81F,0xF81F,0xF81F,0xF81F,0xF81F,0xF81F,0xF81F,0xF81F,0xF81F,0xF81F,0xF81F,
    0xF81F,0xF81F,0xF81F,0xF81F,0xF81F,0xF81F,0xF81F,0xF81F,0xF81F,0xF81F,0xF81F,0xF81F,
    0xF81F,0xF81F,0xF81F,0xF81F,0xF81F,0xF81F,0xF81F,0xF81F,0xF81F,0xF81F,0xF81F,0xF81F,
    0xF81F,0xF81F,0xF81F,0xF81F,0xF81F,0xF81F,0xF81F,0xF81F,0xF81F,0xF81F,0xF81F,0xF81F,
    0xF81F,0xF81F,0xF81F,0xF81F,0xF81F,0xF81F,0xF81F,0xF81F,0xF81F,0xF81F,0xF81F,0xF81F,
    0xF81F,0xF81F,0xF81F,0xF81F,0xF81F,0xF81F,0xF81F,0xF81F,0xF81F,0xF81F,0xF81F,0xF81F,
    0xF81F,0xF81F,0xF81F,0xF81F,0xF81F,0xF81F,0xF81F,0xF81F,0xF81F,0xF81F,0xF81F,0x09E8,
    0x09E8,0x1249,0x1C2F,0x1C50,0x1249,0x09E8,0x09E8,0x09E8,0x09E8,0x1229,0x23CE,0x3594,
    0x3EB9,0x3ED9,0x3ED9,0x3ED9,0x3ED9,0x3ED9,0x3ED9,0x3ED9,0x3ED9,0x3ED9,0x3ED9,0x3ED9,
    0x3ED9,0x3ED9,0x3ED9,0x3ED9,0x3ED9,0x3ED9,0x3ED9,0x3ED9,0x3ED9,0x3ED9,0x3ED9,0x3ED9,
    0x3ED9,0x3ED9,0x3ED9,0x3ED9,0x3ED9,0x3EB9,0x3574,0x23CE,0x1229,0x09E8,0x09E8,0x09E8,
    0x09E8,0x1249,0x1C50,0x1C2F,0x1249,0x09E8,0x09E8,0xF81F,0xF81F,0xF81F,0xF81F,0xF81F,
    0xF81F,0xF81F,0xF81F,0xF81F,0xF81F,0xF81F,0xF81F,0xF81F,0xF81F,0xF81F,0xF81F,0xF81F,
    0xF81F,0xF81F,0xF81F,0xF81F,0xF81F,0xF81F,0xF81F,0xF81F,0xF81F,0xF81F,0xF81F,0xF81F,
    0xF81F,0xF81F,0xF81F,0xF81F,0xF81F,0xF81F,0xF81F,0xF81F,0xF81F,0xF81F,0xF81F,0xF81F,
    0xF81F,0xF81F,0xF81F,0xF81F,0xF81F,0xF81F,0xF81F,0xF81F,0xF81F,0xF81F,0xF81F,0xF81F,
    0xF81F,0xF81F,0xF81F,0xF81F,0xF81F,0xF81F,0xF81F,0xF81F,0xF81F,0xF81F,0xF81F,0xF81F,
    0xF81F,0xF81F,0xF81F,0xF81F,0xF81F,0xF81F,0xF81F,0xF81F,0xF81F,0xF81F,0xF81F,0xF81F,
    0xF81F,0xF81F,0xF81F,0xF81F,0xF81F,0xF81F,0xF81F,0xF81F,0xF81F,0xF81F,0xF81F,0xF81F,
    0xF81F,0xF81F,0xF81F,0xF81F,0x09E8,0x09E8,0x134D,0x2594,0x25B5,0x25B5,0x2594,0x1C0F,
    0x1269,0x09E8,0x09E8,0x09E8,0x09E8,0x09E8,0x126A,0x240F,0x3594,0x3E98,0x3ED9,0x3ED9,
    0x3ED9,0x3ED9,0x3ED9,0x3ED9,0x3ED9,0x3ED9,0x3ED9,0x3ED9,0x3ED9,0x3ED9,0x3ED9,0x3ED9,
    0x3ED9,0x3ED9,0x3ED9,0x3ED9,0x3ED9,0x3ED9,0x3ED9,0x3ED9,0x3E98,0x3574,0x240F,0x126A,
    0x09E8,0x09E8,0x09E8,0x09E8,0x09E8,0x126A,0x1C0F,0x2594,0x25B5,0x25B5,0x2594,0x134D,
    0x09E8,0x09E8,0xF81F,0xF81F,0xF81F,0xF81F,0xF81F,0xF81F,0xF81F,0xF81F,0xF81F,0xF81F,
    0xF81F,0xF81F,0xF81F,0xF81F,0xF81F,0xF81F,0xF81F,0xF81F,0xF81F,0xF81F,0xF81F,0xF81F,
    0xF81F,0xF81F,0xF81F,0xF81F,0xF81F,0xF81F,0xF81F,0xF81F,0xF81F,0xF81F,0xF81F,0xF81F,
    0xF81F,0xF81F,0xF81F,0xF81F,0xF81F,0xF81F,0xF81F,0xF81F,0xF81F,0xF81F,0xF81F,0xF81F,
    0xF81F,0xF81F,0xF81F,0xF81F,0xF81F,0xF81F,0xF81F,0xF81F,0xF81F,0xF81F,0xF81F,0xF81F,
    0xF81F,0xF81F,0xF81F,0xF81F,0xF81F,0xF81F,0xF81F,0xF81F,0xF81F,0xF81F,0xF81F,0xF81F,
    0xF81F,0xF81F,0xF81F,0xF81F,0xF81F,0xF81F,0xF81F,0xF81F,0xF81F,0xF81F,0xF81F,0xF81F,
    0xF81F,0xF81F,0xF81F,0xF81F,0xF81F,0xF81F,0xF81F,0xF81F,0xF81F,0x09E8,0x09E8,0x1BAE,
    0x25B5,0x25B5,0x25B5,0x25B5,0x25B5,0x25B5,0x25B4,0x1C50,0x12AA,0x09E8,0x09E8,0x09E8,
    0x09E8,0x09E8,0x09E8,0x1208,0x1B0C,0x2430,0x3533,0x3616,0x3EB8,0x3ED9,0x3ED9,0x3ED9,
    0x3ED9,0x3ED9,0x3ED9,0x3ED9,0x3ED9,0x3ED9,0x3ED9,0x3ED9,0x3ED9,0x3EB8,0x35F6,0x3533,
    0x2430,0x1B0C,0x1208,0x09E8,0x09E8,0x09E8,0x09E8,0x09E8,0x09E8,0x12AA,0x1C70,0x25B4,
    0x25B5,0x25B5,0x25B5,0x25B5,0x25B5,0x25B5,0x138E,0x09E8,0x09E8,0xF81F,0xF81F,0xF81F,
    0xF81F,0xF81F,0xF81F,0xF81F,0xF81F,0xF81F,0xF81F,0xF81F,0xF81F,0xF81F,0xF81F,0xF81F,
    0xF81F,0xF81F,0xF81F,0xF81F,0xF81F,0xF81F,0xF81F,0xF81F,0xF81F,0xF81F,0xF81F,0xF81F,
    0xF81F,0xF81F,0xF81F,0xF81F,0xF81F,0xF81F,0xF81F,0xF81F,0xF81F,0xF81F,0xF81F,0xF81F,
    0xF81F,0xF81F,0xF81F,0xF81F,0xF81F,0xF81F,0xF81F,0xF81F,0xF81F,0xF81F,0xF81F,0xF81F,
    0xF81F,0xF81F,0xF81F,0xF81F,0xF81F,0xF81F,0xF81F,0xF81F,0xF81F,0xF81F,0xF81F,0xF81F,
    0xF81F,0xF81F,0xF81F,0xF81F,0xF81F,0xF81F,0xF81F,0xF81F,0xF81F,0xF81F,0xF81F,0xF81F,
    0xF81F,0xF81F,0xF81F,0xF81F,0xF81F,0xF81F,0xF81F,0xF81F,0xF81F,0xF81F,0xF81F,0xF81F,
    0xF81F,0xF81F,0xF81F,0x09E8,0x12CB,0x25B5,0x25B5,0x25B5,0x25B5,0x25B5,0x25B5,0x25B5,
    0x25B5,0x25B5,0x25B5,0x1CF2,0x138D,0x1249,0x09E8,0x09E8,0x09E8,0x09E8,0x09E8,0x09E8,
    0x09E8,0x09E8,0x11E8,0x128A,0x1B2C,0x1B8E,0x23CE,0x23EF,0x2430,0x2430,0x23EF,0x23CE,
    0x1B8E,0x1B2C,0x128A,0x11E8,0x09E8,0x09E8,0x09E8,0x09E8,0x09E8,0x09E8,0x09E8,0x09E8,
    0x1249,0x138E,0x1CF2,0x25B5,0x25B5,0x25B5,0x25B5,0x25B5,0x25B5,0x25B5,0x25B5,0x25B5,
    0x25B4,0x12CB,0x09E8,0xF81F,0xF81F,0xF81F,0xF81F,0xF81F,0xF81F,0xF81F,0xF81F,0xF81F,
    0xF81F,0xF81F,0xF81F,0xF81F,0xF81F,0xF81F,0xF81F,0xF81F,0xF81F,0xF81F,0xF81F,0xF81F,
    0xF81F,0xF81F,0xF81F,0xF81F,0xF81F,0xF81F,0xF81F,0xF81F,0xF81F,0xF81F,0xF81F,0xF81F,
    0xF81F,0xF81F,0xF81F,0xF81F,0xF81F,0xF81F,0xF81F,0xF81F,0xF81F,0xF81F,0xF81F,0xF81F,
    0xF81F,0xF81F,0xF81F,0xF81F,0xF81F,0xF81F,0xF81F,0xF81F,0xF81F,0xF81F,0xF81F,0xF81F,
    0xF81F,0xF81F,0xF81F,0xF81F,0xF81F,0xF81F,0xF81F,0xF81F,0xF81F,0xF81F,0xF81F,0xF81F,
    0xF81F,0xF81F,0xF81F,0xF81F,0xF81F,0xF81F,0xF81F,0xF81F,0xF81F,0xF81F,0xF81F,0xF81F,
    0xF81F,0xF81F,0xF81F,0xF81F,0xF81F,0xF81F,0xF81F,0xF81F,0x09E8,0x09E8,0x1C91,0x25B5,
    0x25B5,0x25B5,0x25B5,0x25B5,0x25B5,0x25B5,0x25B5,0x25B5,0x25B5,0x25B5,0x25B5,0x25B4,
    0x1CB1,0x138D,0x128A,0x09E8,0x09E8,0x09E8,0x09E8,0x09E8,0x09E8,0x09E8,0x09E8,0x09E8,
    0x09E8,0x09E8,0x09E8,0x09E8,0x09E8,0x09E8,0x09E8,0x09E8,0x09E8,0x09E8,0x09E8,0x09E8,
    0x09E8,0x09E8,0x09E8,0x128A,0x1B8D,0x1CD1,0x25B5,0x25B5,0x25B5,0x25B5,0x25B5,0x25B5,
    0x25B5,0x25B5,0x25B5,0x25B5,0x25B5,0x25B5,0x25B5,0x1C91,0x09E8,0x09E8,0xF81F,0xF81F,
    0xF81F,0xF81F,0xF81F,0xF81F,0xF81F,0xF81F,0xF81F,0xF81F,0xF81F,0xF81F,0xF81F,0xF81F,
    0xF81F,0xF81F,0xF81F,0xF81F,0xF81F,0xF81F,0xF81F,0xF81F,0xF81F,0xF81F,0xF81F,0xF81F,
    0xF81F,0xF81F,0xF81F,0xF81F,0xF81F,0xF81F,0xF81F,0xF81F,0xF81F,0xF81F,0xF81F,0xF81F,
    0xF81F,0xF81F,0xF81F,0xF81F,0xF81F,0xF81F,0xF81F,0xF81F,0xF81F,0xF81F,0xF81F,0xF81F,
    0xF81F,0xF81F,0xF81F,0xF81F,0xF81F,0xF81F,0xF81F,0xF81F,0xF81F,0xF81F,0xF81F,0xF81F,
    0xF81F,0xF81F,0xF81F,0xF81F,0xF81F,0xF81F,0xF81F,0xF81F,0xF81F,0xF81F,0xF81F,0xF81F,
    0xF81F,0xF81F,0xF81F,0xF81F,0xF81F,0xF81F,0xF81F,0xF81F,0xF81F,0xF81F,0xF81F,0xF81F,
    0xF81F,0xF81F,0x09E8,0x09E8,0x2574,0x25B5,0x25B5,0x25B5,0x25B5,0x25B5,0x25B5,0x25B5,
    0x25B5,0x25B5,0x25B5,0x25B5,0x25B5,0x25B5,0x25B5,0x25B5,0x25B5,0x2574,0x1C71,0x138D,
    0x12EB,0x1269,0x09E8,0x09E8,0x09E8,0x09E8,0x09E8,0x09E8,0x09E8,0x09E8,0x09E8,0x09E8,
    0x09E8,0x09E8,0x09E8,0x09E8,0x1269,0x12EB,0x138E,0x1C91,0x2574,0x25B5,0x25B5,0x25B5,
    0x25B5,0x25B5,0x25B5,0x25B5,0x25B5,0x25B5,0x25B5,0x25B5,0x25B5,0x25B5,0x25B5,0x25B5,
    0x25B5,0x2574,0x09E8,0x09E8,0xF81F,0xF81F,0xF81F,0xF81F,0xF81F,0xF81F,0xF81F,0xF81F,
    0xF81F,0xF81F,0xF81F,0xF81F,0xF81F,0xF81F,0xF81F,0xF81F,0xF81F,0xF81F,0xF81F,0xF81F,
    0xF81F,0xF81F,0xF81F,0xF81F,0xF81F,0xF81F,0xF81F,0xF81F,0xF81F,0xF81F,0xF81F,0xF81F,
    0xF81F,0xF81F,0xF81F,0xF81F,0xF81F,0xF81F,0xF81F,0xF81F,0xF81F,0xF81F,0xF81F,0xF81F,
    0xF81F,0xF81F,0xF81F,0xF81F,0xF81F,0xF81F,0xF81F,0xF81F,0xF81F,0xF81F,0xF81F,0xF81F,
    0xF81F,0xF81F,0xF81F,0xF81F,0xF81F,0xF81F,0xF81F,0xF81F,0xF81F,0xF81F,0xF81F,0xF81F,
    0xF81F,0xF81F,0xF81F,0xF81F,0xF81F,0xF81F,0xF81F,0xF81F,0xF81F,0xF81F,0xF81F,0xF81F,
    0xF81F,0xF81F,0xF81F,0xF81F,0xF81F,0xF81F,0xF81F,0xF81F,0x09E8,0x09E8,0x2574,0x25B5,
    0x25B5,0x25B5,0x25B5,0x25B5,0x25B5,0x25B5,0x25B5,0x25B5,0x25B5,0x25B5,0x25B5,0x25B5,
    0x25B5,0x25B5,0x25B5,0x25B5,0x25B5,0x25B5,0x25B5,0x2574,0x09E8,0x09E8,0xF81F,0xF81F,
    0xF81F,0xF81F,0xF81F,0xF81F,0xF81F,0xF81F,0xF81F,0xF81F,0x09C8,0x09E8,0x2574,0x25B5,
    0x25B5,0x25B5,0x25B5,0x25B5,0x25B5,0x25B5,0x25B5,0x25B5,0x25B5,0x25B5,0x25B5,0x25B5,
    0x25B5,0x25B5,0x25B5,0x25B5,0x25B5,0x25B5,0x25B5,0x2574,0x09E8,0x09E8,0xF81F,0xF81F,
    0xF81F,0xF81F,0xF81F,0xF81F,0xF81F,0xF81F,0xF81F,0xF81F,0xF81F,0xF81F,0xF81F,0xF81F,
    0xF81F,0xF81F,0xF81F,0xF81F,0xF81F,0xF81F,0xF81F,0xF81F,0xF81F,0xF81F,0xF81F,0xF81F,
    0xF81F,0xF81F,0xF81F,0xF81F,0xF81F,0xF81F,0xF81F,0xF81F,0xF81F,0xF81F,0xF81F,0xF81F,
    0xF81F,0xF81F,0xF81F,0xF81F,0xF81F,0xF81F,0xF81F,0xF81F,0xF81F,0xF81F,0xF81F,0xF81F,
    0xF81F,0xF81F,0xF81F,0xF81F,0xF81F,0xF81F,0xF81F,0xF81F,0xF81F,0xF81F,0xF81F,0xF81F,
    0xF81F,0xF81F,0xF81F,0xF81F,0xF81F,0xF81F,0xF81F,0xF81F,0xF81F,0xF81F,0xF81F,0xF81F,
    0xF81F,0xF81F,0xF81F,0xF81F,0xF81F,0xF81F,0xF81F,0xF81F,0xF81F,0xF81F,0xF81F,0xF81F,
    0xF81F,0xF81F,0x09E8,0x09E8,0x1C91,0x25B5,0x25B5,0x25B5,0x25B5,0x25B5,0x25B5,0x25B5,
    0x25B5,0x25B5,0x25B5,0x25B5,0x25B5,0x25B5,0x25B5,0x25B5,0x25B5,0x25B5,0x25B5,0x25B5,
    0x25B5,0x1C91,0x09E8,0x09E8,0xF81F,0xF81F,0xF81F,0xF81F,0xF81F,0xF81F,0xF81F,0xF81F,
    0xF81F,0xF81F,0x09E8,0x09E8,0x1C91,0x25B5,0x25B5,0x25B5,0x25B5,0x25B5,0x25B5,0x25B5,
    0x25B5,0x25B5,0x25B5,0x25B5,0x25B5,0x25B5,0x25B5,0x25B5,0x25B5,0x25B5,0x25B5,0x25B5,
    0x25B5,0x1C91,0x09E8,0x09E8,0xF81F,0xF81F,0xF81F,0xF81F,0xF81F,0xF81F,0xF81F,0xF81F,
    0xF81F,0xF81F,0xF81F,0xF81F,0xF81F,0xF81F,0xF81F,0xF81F,0xF81F,0xF81F,0xF81F,0xF81F,
    0xF81F,0xF81F,0xF81F,0xF81F,0xF81F,0xF81F,0xF81F,0xF81F,0xF81F,0xF81F,0xF81F,0xF81F,
    0xF81F,0xF81F,0xF81F,0xF81F,0xF81F,0xF81F,0xF81F,0xF81F,0xF81F,0xF81F,0xF81F,0xF81F,
    0xF81F,0xF81F,0xF81F,0xF81F,0xF81F,0xF81F,0xF81F,0xF81F,0xF81F,0xF81F,0xF81F,0xF81F,
    0xF81F,0xF81F,0xF81F,0xF81F,0xF81F,0xF81F,0xF81F,0xF81F,0xF81F,0xF81F,0xF81F,0xF81F,
    0xF81F,0xF81F,0xF81F,0xF81F,0xF81F,0xF81F,0xF81F,0xF81F,0xF81F,0xF81F,0xF81F,0xF81F,
    0xF81F,0xF81F,0xF81F,0xF81F,0xF81F,0xF81F,0xF81F,0xF81F,0xF81F,0x09E8,0x12CB,0x25B4,
    0x25B5,0x25B5,0x25B5,0x25B5,0x25B5,0x25B5,0x25B5,0x25B5,0x25B5,0x25B5,0x25B5,0x25B5,
    0x25B5,0x25B5,0x25B5,0x25B5,0x25B5,0x25B5,0x25B4,0x12CB,0x09E8,0xF81F,0xF81F,0xF81F,
    0xF81F,0xF81F,0xF81F,0xF81F,0xF81F,0xF81F,0xF81F,0xF81F,0xF81F,0x09E8,0x12CB,0x25B4,
    0x25B5,0x25B5,0x25B5,0x25B5,0x25B5,0x25B5,0x25B5,0x25B5,0x25B5,0x25B5,0x25B5,0x25B5,
    0x25B5,0x25B5,0x25B5,0x25B5,0x25B5,0x25B5,0x25B4,0x12CB,0x09E8,0xF81F,0xF81F,0xF81F,
    0xF81F,0xF81F,0xF81F,0xF81F,0xF81F,0xF81F,0xF81F,0xF81F,0xF81F,0xF81F,0xF81F,0xF81F,
    0xF81F,0xF81F,0xF81F,0xF81F,0xF81F,0xF81F,0xF81F,0xF81F,0xF81F,0xF81F,0xF81F,0xF81F,
    0xF81F,0xF81F,0xF81F,0xF81F,0xF81F,0xF81F,0xF81F,0xF81F,0xF81F,0xF81F,0xF81F,0xF81F,
    0xF81F,0xF81F,0xF81F,0xF81F,0xF81F,0xF81F,0xF81F,0xF81F,0xF81F,0xF81F,0xF81F,0xF81F,
    0xF81F,0xF81F,0xF81F,0xF81F,0xF81F,0xF81F,0xF81F,0xF81F,0xF81F,0xF81F,0xF81F,0xF81F,
    0xF81F,0xF81F,0xF81F,0xF81F,0xF81F,0xF81F,0xF81F,0xF81F,0xF81F,0xF81F,0xF81F,0xF81F,
    0xF81F,0xF81F,0xF81F,0xF81F,0xF81F,0xF81F,0xF81F,0xF81F,0xF81F,0xF81F,0xF81F,0xF81F,
    0xF81F,0xF81F,0xF81F,0x09E8,0x09E8,0x138E,0x25B5,0x25B5,0x25B5,0x25B5,0x25B5,0x25B5,
    0x25B5,0x25B5,0x25B5,0x25B5,0x25B5,0x25B5,0x25B5,0x25B5,0x25B5,0x25B5,0x25B5,0x25B5,
    0x138E,0x09E8,0x09E8,0xF81F,0xF81F,0xF81F,0xF81F,0xF81F,0xF81F,0xF81F,0xF81F,0xF81F,
    0xF81F,0xF81F,0xF81F,0x09E8,0x09E8,0x138E,0x25B5,0x25B5,0x25B5,0x25B5,0x25B5,0x25B5,
    0x25B5,0x25B5,0x25B5,0x25B5,0x25B5,0x25B5,0x25B5,0x25B5,0x25B5,0x25B5,0x25B5,0x25B5,
    0x138E,0x09E8,0x09E8,0xF81F,0xF81F,0xF81F,0xF81F,0xF81F,0xF81F,0xF81F,0xF81F,0xF81F,
    0xF81F,0xF81F,0xF81F,0xF81F,0xF81F,0xF81F,0xF81F,0xF81F,0xF81F,0xF81F,0xF81F,0xF81F,
    0xF81F,0xF81F,0xF81F,0xF81F,0xF81F,0xF81F,0xF81F,0xF81F,0xF81F,0xF81F,0xF81F,0xF81F,
    0xF81F,0xF81F,0xF81F,0xF81F,0xF81F,0xF81F,0xF81F,0xF81F,0xF81F,0xF81F,0xF81F,0xF81F,
    0xF81F,0xF81F,0xF81F,0xF81F,0xF81F,0xF81F,0xF81F,0xF81F,0xF81F,0xF81F,0xF81F,0xF81F,
    0xF81F,0xF81F,0xF81F,0xF81F,0xF81F,0xF81F,0xF81F,0xF81F,0xF81F,0xF81F,0xF81F,0xF81F,
    0xF81F,0xF81F,0xF81F,0xF81F,0xF81F,0xF81F,0xF81F,0xF81F,0xF81F,0xF81F,0xF81F,0xF81F,
    0xF81F,0xF81F,0xF81F,0xF81F,0xF81F,0xF81F,0xF81F,0xF81F,0xF81F,0xF81F,0x09E8,0x09E8,
    0x134D,0x2594,0x25B5,0x25B5,0x25B5,0x25B5,0x25B5,0x25B5,0x25B5,0x25B5,0x25B5,0x25B5,
    0x25B5,0x25B5,0x25B5,0x25B5,0x2594,0x134D,0x09E8,0x09E8,0xF81F,0xF81F,0xF81F,0xF81F,
    0xF81F,0xF81F,0xF81F,0xF81F,0xF81F,0xF81F,0xF81F,0xF81F,0xF81F,0xF81F,0x09E8,0x09E8,
    0x134D,0x2594,0x25B5,0x25B5,0x25B5,0x25B5,0x25B5,0x25B5,0x25B5,0x25B5,0x25B5,0x25B5,
    0x25B5,0x25B5,0x25B5,0x25B5,0x2594,0x134D,0x09E8,0x09E8,0xF81F,0xF81F,0xF81F,0xF81F,
    0xF81F,0xF81F,0xF81F,0xF81F,0xF81F,0xF81F,0xF81F,0xF81F,0xF81F,0xF81F,0xF81F,0xF81F,
    0xF81F,0xF81F,0xF81F,0xF81F,0xF81F,0xF81F,0xF81F,0xF81F,0xF81F,0xF81F,0xF81F,0xF81F,
    0xF81F,0xF81F,0xF81F,0xF81F,0xF81F,0xF81F,0xF81F,0xF81F,0xF81F,0xF81F,0xF81F,0xF81F,
    0xF81F,0xF81F,0xF81F,0xF81F,0xF81F,0xF81F,0xF81F,0xF81F,0xF81F,0xF81F,0xF81F,0xF81F,
    0xF81F,0xF81F,0xF81F,0xF81F,0xF81F,0xF81F,0xF81F,0xF81F,0xF81F,0xF81F,0xF81F,0xF81F,
    0xF81F,0xF81F,0xF81F,0xF81F,0xF81F,0xF81F,0xF81F,0xF81F,0xF81F,0xF81F,0xF81F,0xF81F,
    0xF81F,0xF81F,0xF81F,0xF81F,0xF81F,0xF81F,0xF81F,0xF81F,0xF81F,0xF81F,0xF81F,0xF81F,
    0xF81F,0xF81F,0xF81F,0xF81F,0xF81F,0x09E8,0x09E8,0x1249,0x1C2F,0x2594,0x25B5,0x25B5,
    0x25B5,0x25B5,0x25B5,0x25B5,0x25B5,0x25B5,0x25B5,0x25B5,0x2594,0x1C2F,0x1249,0x09E8,
    0x09E8,0xF81F,0xF81F,0xF81F,0xF81F,0xF81F,0xF81F,0xF81F,0xF81F,0xF81F,0xF81F,0xF81F,
    0xF81F,0xF81F,0xF81F,0xF81F,0xF81F,0x09E8,0x09E8,0x1249,0x1C2F,0x2594,0x25B5,0x25B5,
    0x25B5,0x25B5,0x25B5,0x25B5,0x25B5,0x25B5,0x25B5,0x25B5,0x2594,0x1C2F,0x1249,0x09E8,
    0x09E8,0xF81F,0xF81F,0xF81F,0xF81F,0xF81F,0xF81F,0xF81F,0xF81F,0xF81F,0xF81F,0xF81F,
    0xF81F,0xF81F,0xF81F,0xF81F,0xF81F,0xF81F,0xF81F,0xF81F,0xF81F,0xF81F,0xF81F,0xF81F,
    0xF81F,0xF81F,0xF81F,0xF81F,0xF81F,0xF81F,0xF81F,0xF81F,0xF81F,0xF81F,0xF81F,0xF81F,
    0xF81F,0xF81F,0xF81F,0xF81F,0xF81F,0xF81F,0xF81F,0xF81F,0xF81F,0xF81F,0xF81F,0xF81F,
    0xF81F,0xF81F,0xF81F,0xF81F,0xF81F,0xF81F,0xF81F,0xF81F,0xF81F,0xF81F,0xF81F,0xF81F,
    0xF81F,0xF81F,0xF81F,0xF81F,0xF81F,0xF81F,0xF81F,0xF81F,0xF81F,0xF81F,0xF81F,0xF81F,
    0xF81F,0xF81F,0xF81F,0xF81F,0xF81F,0xF81F,0xF81F,0xF81F,0xF81F,0xF81F,0xF81F,0xF81F,
    0xF81F,0xF81F,0xF81F,0xF81F,0xF81F,0xF81F,0xF81F,0xF81F,0xF81F,0xF81F,0xF81F,0xF81F,
    0x09E8,0x09E8,0x09E8,0x1209,0x134C,0x1C2F,0x1CF2,0x2553,0x2594,0x2594,0x2553,0x1CF2,
    0x1C2F,0x132C,0x1209,0x09E8,0x09E8,0x09E8,0xF81F,0xF81F,0xF81F,0xF81F,0xF81F,0xF81F,
    0xF81F,0xF81F,0xF81F,0xF81F,0xF81F,0xF81F,0xF81F,0xF81F,0xF81F,0xF81F,0xF81F,0xF81F,
    0x09E8,0x09E8,0x09E8,0x1209,0x134C,0x1C2F,0x1CF2,0x2553,0x2594,0x2594,0x2553,0x1CF2,
    0x1C2F,0x132C,0x1209,0x09E8,0x09E8,0x09E8,0xF81F,0xF81F,0xF81F,0xF81F,0xF81F,0xF81F,
    0xF81F,0xF81F,0xF81F,0xF81F,0xF81F,0xF81F,0xF81F,0xF81F,0xF81F,0xF81F,0xF81F,0xF81F,
    0xF81F,0xF81F,0xF81F,0xF81F,0xF81F,0xF81F,0xF81F,0xF81F,0xF81F,0xF81F,0xF81F,0xF81F,
    0xF81F,0xF81F,0xF81F,0xF81F,0xF81F,0xF81F,0xF81F,0xF81F,0xF81F,0xF81F,0xF81F,0xF81F,
    0xF81F,0xF81F,0xF81F,0xF81F,0xF81F,0xF81F,0xF81F,0xF81F,0xF81F,0xF81F,0xF81F,0xF81F,
    0xF81F,0xF81F,0xF81F,0xF81F,0xF81F,0xF81F,0xF81F,0xF81F,0xF81F,0xF81F,0xF81F,0xF81F,
    0xF81F,0xF81F,0xF81F,0xF81F,0xF81F,0xF81F,0xF81F,0xF81F,0xF81F,0xF81F,0xF81F,0xF81F,
    0xF81F,0xF81F,0xF81F,0xF81F,0xF81F,0xF81F,0xF81F,0xF81F,0xF81F,0xF81F,0xF81F,0xF81F,
    0xF81F,0xF81F,0xF81F,0xF81F,0xF81F,0xF81F,0xF81F,0xF81F,0x09E8,0x09E8,0x09E8,0x09E8,
    0x09E8,0x09E8,0x09E8,0x09E8,0x09E8,0x09E8,0x09E8,0x09E8,0x09E8,0x09E8,0xF81F,0xF81F,
    0xF81F,0xF81F,0xF81F,0xF81F,0xF81F,0xF81F,0xF81F,0xF81F,0xF81F,0xF81F,0xF81F,0xF81F,
    0xF81F,0xF81F,0xF81F,0xF81F,0xF81F,0xF81F,0xF81F,0xF81F,0x09E8,0x09E8,0x09E8,0x09E8,
    0x09E8,0x09E8,0x09E8,0x09E8,0x09E8,0x09E8,0x09E8,0x09E8,0x09E8,0x09E8,0xF81F,0xF81F,
    0xF81F,0xF81F,0xF81F,0xF81F,0xF81F,0xF81F,0xF81F,0xF81F,0xF81F,0xF81F,0xF81F,0xF81F,
    0xF81F,0xF81F,0xF81F,0xF81F,0xF81F,0xF81F,0xF81F,0xF81F,0xF81F,0xF81F,0xF81F,0xF81F,
    0xF81F,0xF81F,0xF81F,0xF81F,0xF81F,0xF81F,0xF81F,0xF81F,0xF81F,0xF81F,0xF81F,0xF81F,
    0xF81F,0xF81F,0xF81F,0xF81F,0xF81F,0xF81F,0xF81F,0xF81F,0xF81F,0xF81F,0xF81F,0xF81F,
    0xF81F,0xF81F,0xF81F,0xF81F,0xF81F,0xF81F,0xF81F,0xF81F,0xF81F,0xF81F,0xF81F,0xF81F,
    0xF81F,0xF81F,0xF81F,0xF81F,0xF81F,0xF81F,0xF81F,0xF81F,0xF81F,0xF81F,0xF81F,0xF81F,
    0xF81F,0xF81F,0xF81F,0xF81F,0xF81F,0xF81F,0xF81F,0xF81F,0xF81F,0xF81F,0xF81F,0xF81F,
    0xF81F,0xF81F,0xF81F,0xF81F,0xF81F,0xF81F,0xF81F,0xF81F,0xF81F,0xF81F,0xF81F,0xF81F,
    0xF81F,0xF81F,0xF81F,0xF81F,0xF81F,0x09E8,0x09E8,0x09E8,0x09E8,0x09E8,0x09E8,0x09E8,
    0x09E8,0xF81F,0xF81F,0xF81F,0xF81F,0xF81F,0xF81F,0xF81F,0xF81F,0xF81F,0xF81F,0xF81F,
    0xF81F,0xF81F,0xF81F,0xF81F,0xF81F,0xF81F,0xF81F,0xF81F,0xF81F,0xF81F,0xF81F,0xF81F,
    0xF81F,0xF81F,0xF81F,0xF81F,0xF81F,0x09E8,0x09E8,0x09E8,0x09E8,0x09E8,0x09E8,0x09E8,
    0x09E8,0xF81F,0xF81F,0xF81F,0xF81F,0xF81F,0xF81F,0xF81F,0xF81F,0xF81F,0xF81F,0xF81F,
    0xF81F,0xF81F,0xF81F,0xF81F,0xF81F,0xF81F,0xF81F,0xF81F,0xF81F,0xF81F,0xF81F,0xF81F,
    0xF81F,0xF81F,0xF81F,0xF81F,0xF81F,0xF81F,0xF81F,0xF81F,0xF81F,0xF81F,0xF81F,0xF81F,
    0xF81F,0xF81F,0xF81F,0xF81F,0xF81F,0xF81F,0xF81F,0xF81F,0xF81F,0xF81F,0xF81F,0xF81F,
    0xF81F,0xF81F,0xF81F,0xF81F,0xF81F,0xF81F,0xF81F,0xF81F,0xF81F,0xF81F,0xF81F,0xF81F,
    0xF81F,0xF81F,0xF81F,0xF81F,0xF81F,0xF81F,0xF81F,0xF81F,0xF81F,0xF81F,0xF81F,0xF81F,
    0xF81F,0xF81F,0xF81F,0xF81F,0xF81F,0xF81F,0xF81F,0xF81F,0xF81F,0xF81F,0xF81F,0xF81F,
    0xF81F,0xF81F,0xF81F,0xF81F,0xF81F,0xF81F,0xF81F,0xF81F,0xF81F,0xF81F,0xF81F,0xF81F,
    0xF81F,0xF81F,0xF81F,0xF81F,0xF81F,0xF81F,0xF81F,0xF81F,0xF81F,0xF81F,0xF81F,0xF81F,
    0xF81F,0xF81F,0xF81F,0xF81F,0xF81F,0xF81F,0xF81F,0xF81F,0xF81F,0xF81F,0xF81F,0xF81F,
    0xF81F,0xF81F,0xF81F,0xF81F,0xF81F,0xF81F,0xF81F,0xF81F,0xF81F,0xF81F,0xF81F,0xF81F,
    0xF81F,0xF81F,0xF81F,0xF81F,0xF81F,0xF81F,0xF81F,0xF81F,0xF81F,0xF81F,0xF81F,0xF81F,
    0xF81F,0xF81F,0xF81F,0xF81F,0xF81F,0xF81F,0xF81F,0xF81F,0xF81F,0xF81F,0xF81F,0xF81F,
    0xF81F,0xF81F,0xF81F,0xF81F,0xF81F,0xF81F,0xF81F,0xF81F,0xF81F,0xF81F,0xF81F,0xF81F,
    0xF81F,0xF81F,0xF81F,0xF81F,0xF81F,0xF81F,0xF81F,0xF81F,0xF81F,0xF81F,0xF81F,0xF81F,
    0xF81F,0xF81F,0xF81F,0xF81F,0xF81F,0xF81F,0xF81F,0xF81F,0xF81F,0xF81F,0xF81F,0xF81F,
    0xF81F,0xF81F,0xF81F,0xF81F,0xF81F,0xF81F,0xF81F,0xF81F,0xF81F,0xF81F,0xF81F,0xF81F,
    0xF81F,0xF81F,0xF81F,0xF81F,0xF81F,0xF81F,0xF81F,0xF81F,0xF81F,0xF81F,0xF81F,0xF81F,
    0xF81F,0xF81F,0xF81F,0xF81F,0xF81F,0xF81F,0xF81F,0xF81F,0xF81F,0xF81F,0xF81F,0xF81F,
    0xF81F,0xF81F,0xF81F,0xF81F,0xF81F,0xF81F,0xF81F,0xF81F,0xF81F,0xF81F,0xF81F,0xF81F,
    0xF81F,0xF81F,0xF81F,0xF81F,0xF81F,0xF81F,0xF81F,0xF81F,0xF81F,0xF81F,0xF81F,0xF81F,
    0xF81F,0xF81F,0xF81F,0xF81F,0xF81F,0xF81F,0xF81F,0xF81F,0xF81F,0xF81F,0xF81F,0xF81F,
    0xF81F,0xF81F,0xF81F,0xF81F,0xF81F,0xF81F,0xF81F,0xF81F,0xF81F,0xF81F,0xF81F,0xF81F,
    0xF81F,0xF81F,0xF81F,0xF81F,0xF81F,0xF81F,0xF81F,0xF81F,0xF81F,0xF81F,0xF81F,0xF81F,
    0xF81F,0xF81F,0xF81F,0xF81F,0xF81F,0xF81F,0xF81F,0xF81F,0xF81F,0xF81F,0xF81F,0xF81F,
    0xF81F,0xF81F,0xF81F,0xF81F,0xF81F,0xF81F,0xF81F,0xF81F,0xF81F,0xF81F,0xF81F,0xF81F,
    0xF81F,0xF81F,0xF81F,0xF81F,0xF81F,0xF81F,0xF81F,0xF81F,0xF81F,0xF81F,0xF81F,0xF81F,
    0xF81F,0xF81F,0xF81F,0xF81F,0xF81F,0xF81F,0xF81F,0xF81F,0xF81F,0xF81F,0xF81F,0xF81F,
    0xF81F,0xF81F,0xF81F,0xF81F,0xF81F,0xF81F,0xF81F,0xF81F,0xF81F,0xF81F,0xF81F,0xF81F,
    0xF81F,0xF81F,0xF81F,0xF81F,0xF81F,0xF81F,0xF81F,0xF81F,0xF81F,0xF81F,0xF81F,0xF81F,
    0xF81F,0xF81F,0xF81F,0xF81F,0xF81F,0xF81F,0xF81F,0xF81F,0xF81F,0xF81F,0xF81F,0xF81F,
    0xF81F,0xF81F,0xF81F,0xF81F,0xF81F,0xF81F,0xF81F,0xF81F,0xF81F,0xF81F,0xF81F,0xF81F,
    0xF81F,0xF81F,0xF81F,0xF81F,0xF81F,0xF81F,0xF81F,0xF81F,0xF81F,0xF81F,0xF81F,0xF81F,
    0xF81F,0xF81F,0xF81F,0xF81F,0xF81F,0xF81F,0xF81F,0xF81F,0xF81F,0xF81F,0xF81F,0xF81F,
    0xF81F,0xF81F,0xF81F,0xF81F,0xF81F,0xF81F,0xF81F,0xF81F,0xF81F,0xF81F,0xF81F,0xF81F,
    0xF81F,0xF81F,0xF81F,0xF81F,0xF81F,0xF81F,0xF81F,0xF81F,0xF81F,0xF81F,0xF81F,0xF81F,
    0xF81F,0xF81F,0xF81F,0xF81F,0xF81F,0xF81F,0xF81F,0xF81F,0xF81F,0xF81F,0xF81F,0xF81F,
    0xF81F,0xF81F,0xF81F,0xF81F,0xF81F,0xF81F,0xF81F,0xF81F,0xF81F,0xF81F,0xF81F,0xF81F,
    0xF81F,0xF81F,0xF81F,0xF81F,0xF81F,0xF81F,0xF81F,0xF81F,0xF81F,0xF81F,0xF81F,0xF81F,
    0xF81F,0xF81F,0xF81F,0xF81F,0xF81F,0xF81F,0xF81F,0xF81F,0xF81F,0xF81F,0xF81F,0xF81F,
    0xF81F,0xF81F,0xF81F,0xF81F,0xF81F,0xF81F,0xF81F,0xF81F,0xF81F,0xF81F,0xF81F,0xF81F,
    0xF81F,0xF81F,0xF81F,0xF81F,0xF81F,0xF81F,0xF81F,0xF81F,0xF81F,0xF81F,0xF81F,0xF81F,
    0xF81F,0xF81F,0xF81F,0xF81F,0xF81F,0xF81F,0xF81F,0xF81F,0xF81F,0xF81F,0xF81F,0xF81F,
    0xF81F,0xF81F,0xF81F,0xF81F,0xF81F,0xF81F,0xF81F,0xF81F,0xF81F,0xF81F,0xF81F,0xF81F,
    0xF81F,0xF81F,0xF81F,0xF81F,0xF81F,0xF81F,0xF81F,0xF81F,0xF81F,0xF81F,0xF81F,0xF81F,
    0xF81F,0xF81F,0xF81F,0xF81F,0xF81F,0xF81F,0xF81F,0xF81F,0xF81F,0xF81F,0xF81F,0xF81F,
    0xF81F,0xF81F,0xF81F,0xF81F,0xF81F,0xF81F,0xF81F,0xF81F,0xF81F,0xF81F,0xF81F,0xF81F,
    0xF81F,0xF81F,0xF81F,0xF81F,0xF81F,0xF81F,0xF81F,0xF81F,0xF81F,0xF81F,0xF81F,0xF81F,
    0xF81F,0xF81F,0xF81F,0xF81F,0xF81F,0xF81F,0xF81F,0xF81F,0xF81F,0xF81F,0xF81F,0xF81F,
    0xF81F,0xF81F,0xF81F,0xF81F,0xF81F,0xF81F,0xF81F,0xF81F,0xF81F,0xF81F,0xF81F,0xF81F,
    0xF81F,0xF81F,0xF81F,0xF81F,0xF81F,0xF81F,0xF81F,0xF81F,0xF81F,0xF81F,0xF81F,0xF81F,
    0xF81F,0xF81F,0xF81F,0xF81F,0xF81F,0xF81F,0xF81F,0xF81F,0xF81F,0xF81F,0xF81F,0xF81F,
    0xF81F,0xF81F,0xF81F,0xF81F,0xF81F,0xF81F,0xF81F,0xF81F,0xF81F,0xF81F,0xF81F,0xF81F,
    0xF81F,0xF81F,0xF81F,0xF81F,0xF81F,0xF81F,0xF81F,0xF81F,0xF81F,0xF81F,0xF81F,0xF81F,
    0xF81F,0xF81F,0xF81F,0xF81F,0xF81F,0xF81F,0xF81F,0xF81F,0xF81F,0xF81F,0xF81F,0xF81F,
    0xF81F,0xF81F,0xF81F,0xF81F,0xF81F,0xF81F,0xF81F,0xF81F,0xF81F,0xF81F,0xF81F,0xF81F,
    0xF81F,0xF81F,0xF81F,0xF81F,0xF81F,0xF81F,0xF81F,0xF81F,0xF81F,0xF81F,0xF81F,0xF81F,
    0xF81F,0xF81F,0xF81F,0xF81F,0xF81F,0xF81F,0xF81F,0xF81F,0xF81F,0xF81F,0xF81F,0xF81F,
    0xF81F,0xF81F,0xF81F,0xF81F,0xF81F,0xF81F,0xF81F,0xF81F,0xF81F,0xF81F,0xF81F,0xF81F,
    0xF81F,0xF81F,0xF81F,0xF81F,0xF81F,0xF81F,0xF81F,0xF81F,0xF81F,0xF81F,0xF81F,0xF81F,
    0xF81F,0xF81F,0xF81F,0xF81F,0xF81F,0xF81F,0xF81F,0xF81F,0xF81F,0xF81F,0xF81F,0xF81F,
    0xF81F,0xF81F,0xF81F,0xF81F,0xF81F,0xF81F,0xF81F,0xF81F,0xF81F,0xF81F,0xF81F,0xF81F,
    0xF81F,0xF81F,0xF81F,0xF81F,0xF81F,0xF81F,0xF81F,0xF81F,0xF81F,0xF81F,0xF81F,0xF81F,
    0xF81F,0xF81F,0xF81F,0xF81F,0xF81F,0xF81F,0xF81F,0xF81F,0xF81F,0xF81F,0xF81F,0xF81F,
    0xF81F,0xF81F,0xF81F,0xF81F,0xF81F,0xF81F,0xF81F,0xF81F,0xF81F,0xF81F,0xF81F,0xF81F,
    0xF81F,0xF81F,0xF81F,0xF81F,0xF81F,0xF81F,0xF81F,0xF81F,0xF81F,0xF81F,0xF81F,0xF81F,
    0xF81F,0xF81F,0xF81F,0xF81F,0xF81F,0xF81F,0xF81F,0xF81F,0xF81F,0xF81F,0xF81F,0xF81F,
    0xF81F,0xF81F,0xF81F,0xF81F,0xF81F,0xF81F,0xF81F,0xF81F,0xF81F,0xF81F,0xF81F,0xF81F,
    0xF81F,0xF81F,0xF81F,0xF81F,0xF81F,0xF81F,0xF81F,0xF81F,0xF81F,0xF81F,0xF81F,0xF81F,
    0xF81F,0xF81F,0xF81F,0xF81F,0xF81F,0xF81F,0xF81F,0xF81F,0xF81F,0xF81F,0xF81F,0xF81F,
    0xF81F,0xF81F,0xF81F,0xF81F,0xF81F,0xF81F,0xF81F,0xF81F,0xF81F,0xF81F,0xF81F,0xF81F,
    0xF81F,0xF81F,0xF81F,0xF81F,0xF81F,0xF81F,0xF81F,0xF81F,0xF81F,0xF81F,0xF81F,0xF81F,
    0xF81F,0xF81F,0xF81F,0xF81F,0xF81F,0xF81F,0xF81F,0xF81F,0xF81F,0xF81F,0xF81F,0xF81F,
    0xF81F,0xF81F,0xF81F,0xF81F,0xF81F,0xF81F,0xF81F,0xF81F,0xF81F,0xF81F,0xF81F,0xF81F,
    0xF81F,0xF81F,0xF81F,0xF81F,0xF81F,0xF81F,0xF81F,0xF81F,0xF81F,0xF81F,0xF81F,0xF81F,
    0xF81F,0xF81F,0xF81F,0xF81F,0xF81F,0xF81F,0xF81F,0xF81F,0xF81F,0xF81F,0xF81F,0xF81F,
    0xF81F,0xF81F,0xF81F,0xF81F,0xF81F,0xF81F,0xF81F,0xF81F,0xF81F,0xF81F,0xF81F,0xF81F,
    0xF81F,0xF81F,0xF81F,0xF81F,0xF81F,0xF81F,0xF81F,0xF81F,0xF81F,0xF81F,0xF81F,0xF81F,
    0xF81F,0xF81F,0xF81F,0xF81F,0xF81F,0xF81F,0xF81F,0xF81F,0xF81F,0xF81F,0xF81F,0xF81F,
    0xF81F,0xF81F,0xF81F,0xF81F,0xF81F,0xF81F,0xF81F,0xF81F,0xF81F,0xF81F,0xF81F,0xF81F,
    0xF81F,0xF81F,0xF81F,0xF81F,0xF81F,0xF81F,0xF81F,0xF81F,0xF81F,0xF81F,0xF81F,0xF81F,
    0xF81F,0xF81F,0xF81F,0xF81F,0xF81F,0xF81F,0xF81F,0xF81F,0xF81F,0xF81F,0xF81F,0xF81F,
    0xF81F,0xF81F,0xF81F,0xF81F,0xF81F,0xF81F,0xF81F,0xF81F,0xF81F,0xF81F,0xF81F,0xF81F,
    0xF81F,0xF81F,0xF81F,0xF81F,0xF81F,0xF81F,0xF81F,0xF81F,0xF81F,0xF81F,0xF81F,0xF81F,
    0xF81F,0xF81F,0xF81F,0xF81F,0xF81F,0xF81F,0xF81F,0xF81F,0xF81F,0xF81F,0xF81F,0xF81F,
    0xF81F,0xF81F,0xF81F,0xF81F,0xF81F,0xF81F,0xF81F,0xF81F,0xF81F,0xF81F,0xF81F,0xF81F,
    0xF81F,0xF81F,0xF81F,0xF81F,0xF81F,0xF81F,0xF81F,0xF81F,0xF81F,0xF81F,0xF81F,0xF81F,
    0xF81F,0xF81F,0xF81F,0xF81F,0xF81F,0xF81F,0xF81F,0xF81F,0xF81F,0xF81F,0xF81F,0xF81F,
    0xF81F,0xF81F,0xF81F,0xF81F,0xF81F,0xF81F,0xF81F,0xF81F,0xF81F,0xF81F,0xF81F,0xF81F,
    0xF81F,0xF81F,0xF81F,0xF81F,0xF81F,0xF81F,0xF81F,0xF81F,0xF81F,0xF81F,0xF81F,0xF81F,
    0xF81F,0xF81F,0xF81F,0xF81F,0xF81F,0xF81F,0xF81F,0xF81F,0xF81F,0xF81F,0xF81F,0xF81F,
    0xF81F,0xF81F,0xF81F,0xF81F,0xF81F,0xF81F,0xF81F,0xF81F,0xF81F,0xF81F,0xF81F,0xF81F,
    0xF81F,0xF81F,0xF81F,0xF81F,0xF81F,0xF81F,0xF81F,0xF81F,0xF81F,0xF81F,0xF81F,0xF81F,
    0xF81F,0xF81F,0xF81F,0xF81F,0xF81F,0xF81F,0xF81F,0xF81F,0xF81F,0xF81F,0xF81F,0xF81F,
    0xF81F,0xF81F,0xF81F,0xF81F,0xF81F,0xF81F,0xF81F,0xF81F,0xF81F,0xF81F,0xF81F,0xF81F,
    0xF81F,0xF81F,0xF81F,0xF81F,0xF81F,0xF81F,0xF81F,0xF81F,0xF81F,0xF81F,0xF81F,0xF81F,
    0xF81F,0xF81F,0xF81F,0xF81F,0xF81F,0xF81F,0xF81F,0xF81F,0xF81F,0xF81F,0xF81F,0xF81F,
    0xF81F,0xF81F,0xF81F,0xF81F,0xF81F,0xF81F,0xF81F,0xF81F,0xF81F,0xF81F,0xF81F,0xF81F,
    0xF81F,0xF81F,0xF81F,0xF81F,0xF81F,0xF81F,0xF81F,0xF81F,0xF81F,0xF81F,0xF81F,0xF81F,
    0xF81F,0xF81F,0xF81F,0xF81F,0xF81F,0xF81F,0xF81F,0xF81F,0xF81F,0xF81F,0xF81F,0xF81F,
    0xF81F,0xF81F,0xF81F,0xF81F,0xF81F,0xF81F,0xF81F,0xF81F,0xF81F,0xF81F,0xF81F,0xF81F,
    0xF81F,0xF81F,0xF81F,0xF81F,0xF81F,0xF81F,0xF81F,0xF81F,0xF81F,0xF81F,0xF81F,0xF81F,
    0xF81F,0xF81F,0xF81F,0xF81F,0xF81F,0xF81F,0xF81F,0xF81F,0xF81F,0xF81F,0xF81F,0xF81F,
    0xF81F,0xF81F,0xF81F,0xF81F,0xF81F,0xF81F,0xF81F,0xF81F,0xF81F,0xF81F,0xF81F,0xF81F,
    0xF81F,0xF81F,0xF81F,0xF81F,0xF81F,0xF81F,0xF81F,0xF81F,0xF81F,0xF81F,0xF81F,0xF81F,
    0xF81F,0xF81F,0xF81F,0xF81F,0xF81F,0xF81F,0xF81F,0xF81F,0xF81F,0xF81F,0xF81F,0xF81F,
    0xF81F,0xF81F,0xF81F,0xF81F,0xF81F,0xF81F,0xF81F,0xF81F,0xF81F,0xF81F,0xF81F,0xF81F,
    0xF81F,0xF81F,0xF81F,0xF81F,0xF81F,0xF81F,0xF81F,0xF81F,0xF81F,0xF81F,0xF81F,0xF81F,
    0xF81F,0xF81F,0xF81F,0xF81F,0xF81F,0xF81F,0xF81F,0xF81F,0xF81F,0xF81F,0xF81F,0xF81F,
    0xF81F,0xF81F,0xF81F,0xF81F,0xF81F,0xF81F,0xF81F,0xF81F,0xF81F,0xF81F,0xF81F,0xF81F,
    0xF81F,0xF81F,0xF81F,0xF81F,0xF81F,0xF81F,0xF81F,0xF81F,0xF81F,0xF81F,0xF81F,0xF81F,
    0xF81F,0xF81F,0xF81F,0xF81F,0xF81F,0xF81F,0xF81F,0xF81F,0xF81F,0xF81F,0xF81F,0xF81F,
    0xF81F,0xF81F,0xF81F,0xF81F,0xF81F,0xF81F,0xF81F,0xF81F,0xF81F,0xF81F,0xF81F,0xF81F,
    0xF81F,0xF81F,0xF81F,0xF81F,0xF81F,0xF81F,0xF81F,0xF81F,0xF81F,0xF81F,0xF81F,0xF81F,
    0xF81F,0xF81F,0xF81F,0xF81F,0xF81F,0xF81F,0xF81F,0xF81F,0xF81F,0xF81F,0xF81F,0xF81F,
    0xF81F,0xF81F,0xF81F,0xF81F,0xF81F,0xF81F,0xF81F,0xF81F,0xF81F,0xF81F,0xF81F,0xF81F,
    0xF81F,0xF81F,0xF81F,0xF81F,0xF81F,0xF81F,0xF81F,0xF81F,0xF81F,0xF81F,0xF81F,0xF81F,
    0xF81F,0xF81F,0xF81F,0xF81F,0xF81F,0xF81F,0xF81F,0xF81F,0xF81F,0xF81F,0xF81F,0xF81F,
    0xF81F,0xF81F,0xF81F,0xF81F,0xF81F,0xF81F,0xF81F,0xF81F,0xF81F,0xF81F,0xF81F,0xF81F,
    0xF81F,0xF81F,0xF81F,0xF81F,0xF81F,0xF81F,0xF81F,0xF81F,0xF81F,0xF81F,0xF81F,0xF81F,
    0xF81F,0xF81F,0xF81F,0xF81F,0xF81F,0xF81F,0xF81F,0xF81F,0xF81F,0xF81F,0xF81F,0xF81F,
    0xF81F,0xF81F,0xF81F,0xF81F,0xF81F,0xF81F,0xF81F,0xF81F,0xF81F,0xF81F,0xF81F,0xF81F,
    0xF81F,0xF81F,0xF81F,0xF81F,0xF81F,0xF81F,0xF81F,0xF81F,0xF81F,0xF81F,0xF81F,0xF81F,
    0xF81F,0xF81F,0xF81F,0xF81F,0xF81F,0xF81F,0xF81F,0xF81F,0xF81F,0xF81F,0xF81F,0xF81F,
    0xF81F,0xF81F,0xF81F,0xF81F,0xF81F,0xF81F,0xF81F,0xF81F,0xF81F,0xF81F,0xF81F,0xF81F,
    0xF81F,0xF81F,0xF81F,0xF81F,0xF81F,0xF81F,0xF81F,0xF81F,0xF81F,0xF81F,0xF81F,0xF81F,
    0xF81F,0xF81F,0xF81F,0xF81F,0xF81F,0xF81F,0xF81F,0xF81F,0xF81F,0xF81F,0xF81F,0xF81F,
    0xF81F,0xF81F,0xF81F,0xF81F,0xF81F,0xF81F,0xF81F,0xF81F,0xF81F,0xF81F,0xF81F,0xF81F,
    0xF81F,0xF81F,0xF81F,0xF81F,0xF81F,0xF81F,0xF81F,0xF81F,0xF81F,0xF81F,0xF81F,0xF81F,
    0xF81F,0xF81F,0xF81F,0xF81F,0xF81F,0xF81F,0xF81F,0xF81F,0xF81F,0xF81F,0xF81F,0xF81F,
    0xF81F,0xF81F,0xF81F,0xF81F,0xF81F,0xF81F,0xF81F,0xF81F,0xF81F,0xF81F,0xF81F,0xF81F,
    0xF81F,0xF81F,0xF81F,0xF81F,0xF81F,0xF81F,0xF81F,0xF81F,0xF81F,0xF81F,0xF81F,0xF81F,
    0xF81F,0xF81F,0xF81F,0xF81F,0xF81F,0xF81F,0xF81F,0xF81F,0xF81F,0xF81F,0xF81F,0xF81F,
    0xF81F,0xF81F,0xF81F,0xF81F,0xF81F,0xF81F,0xF81F,0xF81F,0xF81F,0xF81F,0xF81F,0xF81F,
    0xF81F,0xF81F,0xF81F,0xF81F,0xF81F,0xF81F,0xF81F,0xF81F,0xF81F,0xF81F,0xF81F,0xF81F,
    0xF81F,0xF81F,0xF81F,0xF81F,0xF81F,0xF81F,0xF81F,0xF81F,0xF81F,0xF81F,0xF81F,0xF81F,
    0xF81F,0xF81F,0xF81F,0xF81F,0xF81F,0xF81F,0xF81F,0xF81F,0xF81F,0xF81F,0xF81F,0xF81F,
    0xF81F,0xF81F,0xF81F,0xF81F,0xF81F,0xF81F,0xF81F,0xF81F,0xF81F,0xF81F,0xF81F,0xF81F,
    0xF81F,0xF81F,0xF81F,0xF81F,0xF81F,0xF81F,0xF81F,0xF81F,0xF81F,0xF81F,0xF81F,0xF81F,
    0xF81F,0xF81F,0xF81F,0xF81F,0xF81F,0xF81F,0xF81F,0xF81F,0xF81F,0xF81F,0xF81F,0xF81F,
    0xF81F,0xF81F,0xF81F,0xF81F,0xF81F,0xF81F,0xF81F,0xF81F,0xF81F,0xF81F,0xF81F,0xF81F,
    0xF81F,0xF81F,0xF81F,0xF81F,0xF81F,0xF81F,0xF81F,0xF81F,0xF81F,0xF81F,0xF81F,0xF81F,
};
inline const uint16_t img_yawn_1[22500] = {
    0xF81F,0xF81F,0xF81F,0xF81F,0xF81F,0xF81F,0xF81F,0xF81F,0xF81F,0xF81F,0xF81F,0xF81F,
    0xF81F,0xF81F,0xF81F,0xF81F,0xF81F,0xF81F,0xF81F,0xF81F,0xF81F,0xF81F,0xF81F,0xF81F,
    0xF81F,0xF81F,0xF81F,0xF81F,0xF81F,0xF81F,0xF81F,0xF81F,0xF81F,0xF81F,0xF81F,0xF81F,
    0xF81F,0xF81F,0xF81F,0xF81F,0xF81F,0xF81F,0xF81F,0xF81F,0xF81F,0xF81F,0xF81F,0xF81F,
    0xF81F,0xF81F,0xF81F,0xF81F,0xF81F,0xF81F,0xF81F,0xF81F,0xF81F,0xF81F,0xF81F,0xF81F,
    0xF81F,0xF81F,0xF81F,0xF81F,0xF81F,0xF81F,0xF81F,0xF81F,0xF81F,0xF81F,0xF81F,0xF81F,
    0xF81F,0xF81F,0xF81F,0xF81F,0xF81F,0xF81F,0xF81F,0xF81F,0xF81F,0xF81F,0xF81F,0xF81F,
    0xF81F,0xF81F,0xF81F,0xF81F,0xF81F,0xF81F,0xF81F,0xF81F,0xF81F,0xF81F,0xF81F,0xF81F,
    0xF81F,0xF81F,0xF81F,0xF81F,0xF81F,0xF81F,0xF81F,0xF81F,0xF81F,0xF81F,0xF81F,0xF81F,
    0xF81F,0xF81F,0xF81F,0xF81F,0xF81F,0xF81F,0xF81F,0xF81F,0xF81F,0xF81F,0xF81F,0xF81F,
    0xF81F,0xF81F,0xF81F,0xF81F,0xF81F,0xF81F,0xF81F,0xF81F,0xF81F,0xF81F,0xF81F,0xF81F,
    0xF81F,0xF81F,0xF81F,0xF81F,0xF81F,0xF81F,0xF81F,0xF81F,0xF81F,0xF81F,0xF81F,0xF81F,
    0xF81F,0xF81F,0xF81F,0xF81F,0xF81F,0xF81F,0xF81F,0xF81F,0xF81F,0xF81F,0xF81F,0xF81F,
    0xF81F,0xF81F,0xF81F,0xF81F,0xF81F,0xF81F,0xF81F,0xF81F,0xF81F,0xF81F,0xF81F,0xF81F,
    0xF81F,0xF81F,0xF81F,0xF81F,0xF81F,0xF81F,0xF81F,0xF81F,0xF81F,0xF81F,0xF81F,0xF81F,
    0xF81F,0xF81F,0xF81F,0xF81F,0xF81F,0xF81F,0xF81F,0xF81F,0xF81F,0xF81F,0xF81F,0xF81F,
    0xF81F,0xF81F,0xF81F,0xF81F,0xF81F,0xF81F,0xF81F,0xF81F,0xF81F,0xF81F,0xF81F,0xF81F,
    0xF81F,0xF81F,0xF81F,0xF81F,0xF81F,0xF81F,0xF81F,0xF81F,0xF81F,0xF81F,0xF81F,0xF81F,
    0xF81F,0xF81F,0xF81F,0xF81F,0xF81F,0xF81F,0xF81F,0xF81F,0xF81F,0xF81F,0xF81F,0xF81F,
    0xF81F,0xF81F,0xF81F,0xF81F,0xF81F,0xF81F,0xF81F,0xF81F,0xF81F,0xF81F,0xF81F,0xF81F,
    0xF81F,0xF81F,0xF81F,0xF81F,0xF81F,0xF81F,0xF81F,0xF81F,0xF81F,0xF81F,0xF81F,0xF81F,
    0xF81F,0xF81F,0xF81F,0xF81F,0xF81F,0xF81F,0xF81F,0xF81F,0xF81F,0xF81F,0xF81F,0xF81F,
    0xF81F,0xF81F,0xF81F,0xF81F,0xF81F,0xF81F,0xF81F,0xF81F,0xF81F,0xF81F,0xF81F,0xF81F,
    0xF81F,0xF81F,0xF81F,0xF81F,0xF81F,0xF81F,0xF81F,0xF81F,0xF81F,0xF81F,0xF81F,0xF81F,
    0xF81F,0xF81F,0xF81F,0xF81F,0xF81F,0xF81F,0xF81F,0xF81F,0xF81F,0xF81F,0xF81F,0xF81F,
    0xF81F,0xF81F,0xF81F,0xF81F,0xF81F,0xF81F,0xF81F,0xF81F,0xF81F,0xF81F,0xF81F,0xF81F,
    0xF81F,0xF81F,0xF81F,0xF81F,0xF81F,0xF81F,0xF81F,0xF81F,0xF81F,0xF81F,0xF81F,0xF81F,
    0xF81F,0xF81F,0xF81F,0xF81F,0xF81F,0xF81F,0xF81F,0xF81F,0xF81F,0xF81F,0xF81F,0xF81F,
    0xF81F,0xF81F,0xF81F,0xF81F,0xF81F,0xF81F,0xF81F,0xF81F,0xF81F,0xF81F,0xF81F,0xF81F,
    0xF81F,0xF81F,0xF81F,0xF81F,0xF81F,0xF81F,0xF81F,0xF81F,0xF81F,0xF81F,0xF81F,0xF81F,
    0xF81F,0xF81F,0xF81F,0xF81F,0xF81F,0xF81F,0xF81F,0xF81F,0xF81F,0xF81F,0xF81F,0xF81F,
    0xF81F,0xF81F,0xF81F,0xF81F,0xF81F,0xF81F,0xF81F,0xF81F,0xF81F,0xF81F,0xF81F,0xF81F,
    0xF81F,0xF81F,0xF81F,0xF81F,0xF81F,0xF81F,0xF81F,0xF81F,0xF81F,0xF81F,0xF81F,0xF81F,
    0xF81F,0xF81F,0xF81F,0xF81F,0xF81F,0xF81F,0xF81F,0xF81F,0xF81F,0xF81F,0xF81F,0xF81F,
    0xF81F,0xF81F,0xF81F,0xF81F,0xF81F,0xF81F,0xF81F,0xF81F,0xF81F,0xF81F,0xF81F,0xF81F,
    0xF81F,0xF81F,0xF81F,0xF81F,0xF81F,0xF81F,0xF81F,0xF81F,0xF81F,0xF81F,0xF81F,0xF81F,
    0xF81F,0xF81F,0xF81F,0xF81F,0xF81F,0xF81F,0xF81F,0xF81F,0xF81F,0xF81F,0xF81F,0xF81F,
    0xF81F,0xF81F,0xF81F,0xF81F,0xF81F,0xF81F,0xF81F,0xF81F,0xF81F,0xF81F,0xF81F,0xF81F,
    0xF81F,0xF81F,0xF81F,0xF81F,0xF81F,0xF81F,0xF81F,0xF81F,0xF81F,0xF81F,0xF81F,0xF81F,
    0xF81F,0xF81F,0xF81F,0xF81F,0xF81F,0xF81F,0xF81F,0xF81F,0xF81F,0xF81F,0xF81F,0xF81F,
    0xF81F,0xF81F,0xF81F,0xF81F,0xF81F,0xF81F,0xF81F,0xF81F,0xF81F,0xF81F,0xF81F,0xF81F,
    0xF81F,0xF81F,0xF81F,0xF81F,0xF81F,0xF81F,0xF81F,0xF81F,0xF81F,0xF81F,0xF81F,0xF81F,
    0xF81F,0xF81F,0xF81F,0xF81F,0xF81F,0xF81F,0xF81F,0xF81F,0xF81F,0xF81F,0xF81F,0xF81F,
    0xF81F,0xF81F,0xF81F,0xF81F,0xF81F,0xF81F,0xF81F,0xF81F,0xF81F,0xF81F,0xF81F,0xF81F,
    0xF81F,0xF81F,0xF81F,0xF81F,0xF81F,0xF81F,0xF81F,0xF81F,0xF81F,0xF81F,0xF81F,0xF81F,
    0xF81F,0xF81F,0xF81F,0xF81F,0xF81F,0xF81F,0xF81F,0xF81F,0xF81F,0xF81F,0xF81F,0xF81F,
    0xF81F,0xF81F,0xF81F,0xF81F,0xF81F,0xF81F,0xF81F,0xF81F,0xF81F,0xF81F,0xF81F,0xF81F,
    0xF81F,0xF81F,0xF81F,0xF81F,0xF81F,0xF81F,0xF81F,0xF81F,0xF81F,0xF81F,0xF81F,0xF81F,
    0xF81F,0xF81F,0xF81F,0xF81F,0xF81F,0xF81F,0xF81F,0xF81F,0xF81F,0xF81F,0xF81F,0xF81F,
    0xF81F,0xF81F,0xF81F,0xF81F,0xF81F,0xF81F,0xF81F,0xF81F,0xF81F,0xF81F,0xF81F,0xF81F,
    0xF81F,0xF81F,0xF81F,0xF81F,0xF81F,0xF81F,0xF81F,0xF81F,0xF81F,0xF81F,0xF81F,0xF81F,
    0xF81F,0xF81F,0xF81F,0xF81F,0xF81F,0xF81F,0xF81F,0xF81F,0xF81F,0xF81F,0xF81F,0xF81F,
    0xF81F,0xF81F,0xF81F,0xF81F,0xF81F,0xF81F,0xF81F,0xF81F,0xF81F,0xF81F,0xF81F,0xF81F,
    0xF81F,0xF81F,0xF81F,0xF81F,0xF81F,0xF81F,0xF81F,0xF81F,0xF81F,0xF81F,0xF81F,0xF81F,
    0xF81F,0xF81F,0xF81F,0xF81F,0xF81F,0xF81F,0xF81F,0xF81F,0xF81F,0xF81F,0xF81F,0xF81F,
    0xF81F,0xF81F,0xF81F,0xF81F,0xF81F,0xF81F,0xF81F,0xF81F,0xF81F,0xF81F,0xF81F,0xF81F,
    0xF81F,0xF81F,0xF81F,0xF81F,0xF81F,0xF81F,0xF81F,0xF81F,0xF81F,0xF81F,0xF81F,0xF81F,
    0xF81F,0xF81F,0xF81F,0xF81F,0xF81F,0xF81F,0xF81F,0xF81F,0xF81F,0xF81F,0xF81F,0xF81F,
    0xF81F,0xF81F,0xF81F,0xF81F,0xF81F,0xF81F,0xF81F,0xF81F,0xF81F,0xF81F,0xF81F,0xF81F,
    0xF81F,0xF81F,0xF81F,0xF81F,0xF81F,0xF81F,0xF81F,0xF81F,0xF81F,0xF81F,0xF81F,0xF81F,
    0xF81F,0xF81F,0xF81F,0xF81F,0xF81F,0xF81F,0xF81F,0xF81F,0xF81F,0xF81F,0xF81F,0xF81F,
    0xF81F,0xF81F,0xF81F,0xF81F,0xF81F,0xF81F,0xF81F,0xF81F,0xF81F,0xF81F,0xF81F,0xF81F,
    0xF81F,0xF81F,0xF81F,0xF81F,0xF81F,0xF81F,0xF81F,0xF81F,0xF81F,0xF81F,0xF81F,0xF81F,
    0xF81F,0xF81F,0xF81F,0xF81F,0xF81F,0xF81F,0xF81F,0xF81F,0xF81F,0xF81F,0xF81F,0xF81F,
    0xF81F,0xF81F,0xF81F,0xF81F,0xF81F,0xF81F,0xF81F,0xF81F,0xF81F,0xF81F,0xF81F,0xF81F,
    0xF81F,0xF81F,0xF81F,0xF81F,0xF81F,0xF81F,0xF81F,0xF81F,0xF81F,0xF81F,0xF81F,0xF81F,
    0xF81F,0xF81F,0xF81F,0xF81F,0xF81F,0xF81F,0xF81F,0xF81F,0xF81F,0xF81F,0xF81F,0xF81F,
    0xF81F,0xF81F,0xF81F,0xF81F,0xF81F,0xF81F,0xF81F,0xF81F,0xF81F,0xF81F,0xF81F,0xF81F,
    0xF81F,0xF81F,0xF81F,0xF81F,0xF81F,0xF81F,0xF81F,0xF81F,0xF81F,0xF81F,0xF81F,0xF81F,
    0xF81F,0xF81F,0xF81F,0xF81F,0xF81F,0xF81F,0xF81F,0xF81F,0xF81F,0xF81F,0xF81F,0xF81F,
    0xF81F,0xF81F,0xF81F,0xF81F,0xF81F,0xF81F,0xF81F,0xF81F,0xF81F,0xF81F,0xF81F,0xF81F,
    0xF81F,0xF81F,0xF81F,0xF81F,0xF81F,0xF81F,0xF81F,0xF81F,0xF81F,0xF81F,0xF81F,0xF81F,
    0xF81F,0xF81F,0xF81F,0xF81F,0xF81F,0xF81F,0xF81F,0xF81F,0xF81F,0xF81F,0xF81F,0xF81F,
    0xF81F,0xF81F,0xF81F,0xF81F,0xF81F,0xF81F,0xF81F,0xF81F,0xF81F,0xF81F,0xF81F,0xF81F,
    0xF81F,0xF81F,0xF81F,0xF81F,0xF81F,0xF81F,0xF81F,0xF81F,0xF81F,0xF81F,0xF81F,0xF81F,
    0xF81F,0xF81F,0xF81F,0xF81F,0xF81F,0xF81F,0xF81F,0xF81F,0xF81F,0xF81F,0xF81F,0xF81F,
    0xF81F,0xF81F,0xF81F,0xF81F,0xF81F,0xF81F,0xF81F,0xF81F,0xF81F,0xF81F,0xF81F,0xF81F,
    0xF81F,0xF81F,0xF81F,0xF81F,0xF81F,0xF81F,0xF81F,0xF81F,0xF81F,0xF81F,0xF81F,0xF81F,
    0xF81F,0xF81F,0xF81F,0xF81F,0xF81F,0xF81F,0xF81F,0xF81F,0xF81F,0xF81F,0xF81F,0xF81F,
    0xF81F,0xF81F,0xF81F,0xF81F,0xF81F,0xF81F,0xF81F,0xF81F,0xF81F,0xF81F,0xF81F,0xF81F,
    0xF81F,0xF81F,0xF81F,0xF81F,0xF81F,0xF81F,0xF81F,0xF81F,0xF81F,0xF81F,0xF81F,0xF81F,
    0xF81F,0xF81F,0xF81F,0xF81F,0xF81F,0xF81F,0xF81F,0xF81F,0xF81F,0xF81F,0xF81F,0xF81F,
    0xF81F,0xF81F,0xF81F,0xF81F,0xF81F,0xF81F,0xF81F,0xF81F,0xF81F,0xF81F,0xF81F,0xF81F,
    0xF81F,0xF81F,0xF81F,0xF81F,0xF81F,0xF81F,0xF81F,0xF81F,0xF81F,0xF81F,0xF81F,0xF81F,
    0xF81F,0xF81F,0xF81F,0xF81F,0xF81F,0xF81F,0xF81F,0xF81F,0xF81F,0xF81F,0xF81F,0xF81F,
    0xF81F,0xF81F,0xF81F,0xF81F,0xF81F,0xF81F,0xF81F,0xF81F,0xF81F,0xF81F,0xF81F,0xF81F,
    0xF81F,0xF81F,0xF81F,0xF81F,0xF81F,0xF81F,0xF81F,0xF81F,0xF81F,0xF81F,0xF81F,0xF81F,
    0xF81F,0xF81F,0xF81F,0xF81F,0xF81F,0xF81F,0xF81F,0xF81F,0xF81F,0xF81F,0xF81F,0xF81F,
    0xF81F,0xF81F,0xF81F,0xF81F,0xF81F,0xF81F,0xF81F,0xF81F,0xF81F,0xF81F,0xF81F,0xF81F,
    0xF81F,0xF81F,0xF81F,0xF81F,0xF81F,0xF81F,0xF81F,0xF81F,0xF81F,0xF81F,0xF81F,0xF81F,
    0xF81F,0xF81F,0xF81F,0xF81F,0xF81F,0xF81F,0xF81F,0xF81F,0xF81F,0xF81F,0xF81F,0xF81F,
    0xF81F,0xF81F,0xF81F,0xF81F,0xF81F,0xF81F,0xF81F,0xF81F,0xF81F,0xF81F,0xF81F,0xF81F,
    0xF81F,0xF81F,0xF81F,0xF81F,0xF81F,0xF81F,0xF81F,0xF81F,0xF81F,0xF81F,0xF81F,0xF81F,
    0xF81F,0xF81F,0xF81F,0xF81F,0xF81F,0xF81F,0xF81F,0xF81F,0xF81F,0xF81F,0xF81F,0xF81F,
    0xF81F,0xF81F,0xF81F,0xF81F,0xF81F,0xF81F,0xF81F,0xF81F,0xF81F,0xF81F,0xF81F,0xF81F,
    0xF81F,0xF81F,0xF81F,0xF81F,0xF81F,0xF81F,0xF81F,0xF81F,0xF81F,0xF81F,0xF81F,0xF81F,
    0xF81F,0xF81F,0xF81F,0xF81F,0xF81F,0xF81F,0xF81F,0xF81F,0xF81F,0xF81F,0xF81F,0xF81F,
    0xF81F,0xF81F,0xF81F,0xF81F,0xF81F,0xF81F,0xF81F,0xF81F,0xF81F,0xF81F,0xF81F,0xF81F,
    0xF81F,0xF81F,0xF81F,0xF81F,0xF81F,0xF81F,0xF81F,0xF81F,0xF81F,0xF81F,0xF81F,0xF81F,
    0xF81F,0xF81F,0xF81F,0xF81F,0xF81F,0xF81F,0xF81F,0xF81F,0xF81F,0xF81F,0xF81F,0xF81F,
    0xF81F,0xF81F,0xF81F,0xF81F,0xF81F,0xF81F,0xF81F,0xF81F,0xF81F,0xF81F,0xF81F,0xF81F,
    0xF81F,0xF81F,0xF81F,0xF81F,0xF81F,0xF81F,0xF81F,0xF81F,0xF81F,0xF81F,0xF81F,0xF81F,
    0xF81F,0xF81F,0xF81F,0xF81F,0xF81F,0xF81F,0xF81F,0xF81F,0xF81F,0xF81F,0xF81F,0xF81F,
    0xF81F,0xF81F,0xF81F,0xF81F,0xF81F,0xF81F,0xF81F,0xF81F,0xF81F,0xF81F,0xF81F,0xF81F,
    0xF81F,0xF81F,0xF81F,0xF81F,0xF81F,0xF81F,0xF81F,0xF81F,0xF81F,0xF81F,0xF81F,0xF81F,
    0xF81F,0xF81F,0xF81F,0xF81F,0xF81F,0xF81F,0xF81F,0xF81F,0xF81F,0xF81F,0xF81F,0xF81F,
    0xF81F,0xF81F,0xF81F,0xF81F,0xF81F,0xF81F,0xF81F,0xF81F,0xF81F,0xF81F,0xF81F,0xF81F,
    0xF81F,0xF81F,0xF81F,0xF81F,0xF81F,0xF81F,0xF81F,0xF81F,0xF81F,0xF81F,0xF81F,0xF81F,
    0xF81F,0xF81F,0xF81F,0xF81F,0xF81F,0xF81F,0xF81F,0xF81F,0xF81F,0xF81F,0xF81F,0xF81F,
    0xF81F,0xF81F,0xF81F,0xF81F,0xF81F,0xF81F,0xF81F,0xF81F,0xF81F,0xF81F,0xF81F,0xF81F,
    0xF81F,0xF81F,0xF81F,0xF81F,0xF81F,0xF81F,0xF81F,0xF81F,0xF81F,0xF81F,0xF81F,0xF81F,
    0xF81F,0xF81F,0xF81F,0xF81F,0xF81F,0xF81F,0xF81F,0xF81F,0xF81F,0xF81F,0xF81F,0xF81F,
    0xF81F,0xF81F,0xF81F,0xF81F,0xF81F,0xF81F,0xF81F,0xF81F,0xF81F,0xF81F,0xF81F,0xF81F,
    0xF81F,0xF81F,0xF81F,0xF81F,0xF81F,0xF81F,0xF81F,0xF81F,0xF81F,0xF81F,0xF81F,0xF81F,
    0xF81F,0xF81F,0xF81F,0xF81F,0xF81F,0xF81F,0xF81F,0xF81F,0xF81F,0xF81F,0xF81F,0xF81F,
    0xF81F,0xF81F,0xF81F,0xF81F,0xF81F,0xF81F,0xF81F,0xF81F,0xF81F,0xF81F,0xF81F,0xF81F,
    0xF81F,0xF81F,0xF81F,0xF81F,0xF81F,0xF81F,0xF81F,0xF81F,0xF81F,0xF81F,0xF81F,0xF81F,
    0xF81F,0xF81F,0xF81F,0xF81F,0xF81F,0xF81F,0xF81F,0xF81F,0xF81F,0xF81F,0xF81F,0xF81F,
    0xF81F,0xF81F,0xF81F,0xF81F,0xF81F,0xF81F,0xF81F,0xF81F,0xF81F,0xF81F,0xF81F,0xF81F,
    0xF81F,0xF81F,0xF81F,0xF81F,0xF81F,0xF81F,0xF81F,0xF81F,0xF81F,0xF81F,0xF81F,0xF81F,
    0xF81F,0xF81F,0xF81F,0xF81F,0xF81F,0xF81F,0xF81F,0xF81F,0xF81F,0xF81F,0xF81F,0xF81F,
    0xF81F,0xF81F,0xF81F,0xF81F,0xF81F,0xF81F,0xF81F,0xF81F,0xF81F,0xF81F,0xF81F,0xF81F,
    0xF81F,0xF81F,0xF81F,0xF81F,0xF81F,0xF81F,0xF81F,0xF81F,0xF81F,0xF81F,0xF81F,0xF81F,
    0xF81F,0xF81F,0xF81F,0xF81F,0xF81F,0xF81F,0xF81F,0xF81F,0xF81F,0xF81F,0xF81F,0xF81F,
    0xF81F,0xF81F,0xF81F,0xF81F,0xF81F,0xF81F,0xF81F,0xF81F,0xF81F,0xF81F,0xF81F,0xF81F,
    0xF81F,0xF81F,0xF81F,0xF81F,0xF81F,0xF81F,0xF81F,0xF81F,0xF81F,0xF81F,0xF81F,0xF81F,
    0xF81F,0xF81F,0xF81F,0xF81F,0xF81F,0xF81F,0xF81F,0xF81F,0xF81F,0xF81F,0xF81F,0xF81F,
    0xF81F,0xF81F,0xF81F,0xF81F,0xF81F,0xF81F,0xF81F,0xF81F,0xF81F,0xF81F,0xF81F,0xF81F,
    0xF81F,0xF81F,0xF81F,0xF81F,0xF81F,0xF81F,0xF81F,0xF81F,0xF81F,0xF81F,0xF81F,0xF81F,
    0xF81F,0xF81F,0xF81F,0xF81F,0xF81F,0xF81F,0xF81F,0xF81F,0xF81F,0xF81F,0xF81F,0xF81F,
    0xF81F,0xF81F,0xF81F,0xF81F,0xF81F,0xF81F,0xF81F,0xF81F,0xF81F,0xF81F,0xF81F,0xF81F,
    0xF81F,0xF81F,0xF81F,0xF81F,0xF81F,0xF81F,0xF81F,0xF81F,0xF81F,0xF81F,0xF81F,0xF81F,
    0xF81F,0xF81F,0xF81F,0xF81F,0xF81F,0xF81F,0xF81F,0xF81F,0xF81F,0xF81F,0xF81F,0xF81F,
    0xF81F,0xF81F,0xF81F,0xF81F,0xF81F,0xF81F,0xF81F,0xF81F,0xF81F,0xF81F,0xF81F,0xF81F,
    0xF81F,0xF81F,0xF81F,0xF81F,0xF81F,0xF81F,0xF81F,0xF81F,0xF81F,0xF81F,0xF81F,0xF81F,
    0xF81F,0xF81F,0xF81F,0xF81F,0xF81F,0xF81F,0xF81F,0xF81F,0xF81F,0xF81F,0xF81F,0xF81F,
    0xF81F,0xF81F,0xF81F,0xF81F,0xF81F,0xF81F,0xF81F,0xF81F,0xF81F,0xF81F,0xF81F,0xF81F,
    0xF81F,0xF81F,0xF81F,0xF81F,0xF81F,0xF81F,0xF81F,0xF81F,0xF81F,0xF81F,0xF81F,0xF81F,
    0xF81F,0xF81F,0xF81F,0xF81F,0xF81F,0xF81F,0xF81F,0xF81F,0xF81F,0xF81F,0xF81F,0xF81F,
    0xF81F,0xF81F,0xF81F,0xF81F,0xF81F,0xF81F,0xF81F,0xF81F,0xF81F,0xF81F,0xF81F,0xF81F,
    0xF81F,0xF81F,0xF81F,0xF81F,0xF81F,0xF81F,0xF81F,0xF81F,0xF81F,0xF81F,0xF81F,0xF81F,
    0xF81F,0xF81F,0xF81F,0xF81F,0xF81F,0xF81F,0xF81F,0xF81F,0xF81F,0xF81F,0xF81F,0xF81F,
    0xF81F,0xF81F,0xF81F,0xF81F,0xF81F,0xF81F,0xF81F,0xF81F,0xF81F,0xF81F,0xF81F,0xF81F,
    0xF81F,0xF81F,0xF81F,0xF81F,0xF81F,0xF81F,0xF81F,0xF81F,0xF81F,0xF81F,0xF81F,0xF81F,
    0xF81F,0xF81F,0xF81F,0xF81F,0xF81F,0xF81F,0xF81F,0xF81F,0xF81F,0xF81F,0xF81F,0xF81F,
    0xF81F,0xF81F,0xF81F,0xF81F,0xF81F,0xF81F,0xF81F,0xF81F,0xF81F,0xF81F,0xF81F,0xF81F,
    0xF81F,0xF81F,0xF81F,0xF81F,0xF81F,0xF81F,0xF81F,0xF81F,0xF81F,0xF81F,0xF81F,0xF81F,
    0xF81F,0xF81F,0xF81F,0xF81F,0xF81F,0xF81F,0xF81F,0xF81F,0xF81F,0xF81F,0xF81F,0xF81F,
    0xF81F,0xF81F,0xF81F,0xF81F,0xF81F,0xF81F,0xF81F,0xF81F,0xF81F,0xF81F,0xF81F,0xF81F,
    0xF81F,0xF81F,0xF81F,0xF81F,0xF81F,0xF81F,0xF81F,0xF81F,0xF81F,0xF81F,0xF81F,0xF81F,
    0xF81F,0xF81F,0xF81F,0xF81F,0xF81F,0xF81F,0xF81F,0xF81F,0xF81F,0xF81F,0xF81F,0xF81F,
    0xF81F,0xF81F,0xF81F,0xF81F,0xF81F,0xF81F,0xF81F,0xF81F,0xF81F,0xF81F,0xF81F,0xF81F,
    0xF81F,0xF81F,0xF81F,0xF81F,0xF81F,0xF81F,0xF81F,0xF81F,0xF81F,0xF81F,0xF81F,0xF81F,
    0xF81F,0xF81F,0xF81F,0xF81F,0xF81F,0xF81F,0xF81F,0xF81F,0xF81F,0xF81F,0xF81F,0xF81F,
    0xF81F,0xF81F,0xF81F,0xF81F,0xF81F,0xF81F,0xF81F,0xF81F,0xF81F,0xF81F,0xF81F,0xF81F,
    0xF81F,0xF81F,0xF81F,0xF81F,0xF81F,0xF81F,0xF81F,0xF81F,0xF81F,0xF81F,0xF81F,0xF81F,
    0xF81F,0xF81F,0xF81F,0xF81F,0xF81F,0xF81F,0xF81F,0xF81F,0xF81F,0xF81F,0xF81F,0xF81F,
    0xF81F,0xF81F,0xF81F,0xF81F,0xF81F,0xF81F,0xF81F,0xF81F,0xF81F,0xF81F,0xF81F,0xF81F,
    0xF81F,0xF81F,0xF81F,0xF81F,0xF81F,0xF81F,0xF81F,0xF81F,0xF81F,0xF81F,0xF81F,0xF81F,
    0xF81F,0xF81F,0xF81F,0xF81F,0xF81F,0xF81F,0xF81F,0xF81F,0xF81F,0xF81F,0xF81F,0xF81F,
    0xF81F,0xF81F,0xF81F,0xF81F,0xF81F,0xF81F,0xF81F,0xF81F,0xF81F,0xF81F,0xF81F,0xF81F,
    0xF81F,0xF81F,0xF81F,0xF81F,0xF81F,0xF81F,0xF81F,0xF81F,0xF81F,0xF81F,0xF81F,0xF81F,
    0xF81F,0xF81F,0xF81F,0xF81F,0xF81F,0xF81F,0xF81F,0xF81F,0xF81F,0xF81F,0xF81F,0xF81F,
    0xF81F,0xF81F,0xF81F,0xF81F,0xF81F,0xF81F,0xF81F,0xF81F,0xF81F,0xF81F,0xF81F,0xF81F,
    0xF81F,0xF81F,0xF81F,0xF81F,0xF81F,0xF81F,0xF81F,0xF81F,0xF81F,0xF81F,0xF81F,0xF81F,
    0xF81F,0xF81F,0xF81F,0xF81F,0xF81F,0xF81F,0xF81F,0xF81F,0xF81F,0xF81F,0xF81F,0xF81F,
    0xF81F,0xF81F,0xF81F,0xF81F,0xF81F,0xF81F,0xF81F,0xF81F,0xF81F,0xF81F,0xF81F,0xF81F,
    0xF81F,0xF81F,0xF81F,0xF81F,0xF81F,0xF81F,0xF81F,0xF81F,0xF81F,0xF81F,0xF81F,0xF81F,
    0xF81F,0xF81F,0xF81F,0xF81F,0xF81F,0xF81F,0xF81F,0xF81F,0xF81F,0xF81F,0xF81F,0xF81F,
    0xF81F,0xF81F,0xF81F,0xF81F,0xF81F,0xF81F,0xF81F,0xF81F,0xF81F,0xF81F,0xF81F,0xF81F,
    0xF81F,0xF81F,0xF81F,0xF81F,0xF81F,0xF81F,0xF81F,0xF81F,0xF81F,0xF81F,0xF81F,0xF81F,
    0xF81F,0xF81F,0xF81F,0xF81F,0xF81F,0xF81F,0xF81F,0xF81F,0xF81F,0xF81F,0xF81F,0xF81F,
    0xF81F,0xF81F,0xF81F,0xF81F,0xF81F,0xF81F,0xF81F,0xF81F,0xF81F,0xF81F,0xF81F,0xF81F,
    0xF81F,0xF81F,0xF81F,0xF81F,0xF81F,0xF81F,0xF81F,0xF81F,0xF81F,0xF81F,0xF81F,0xF81F,
    0xF81F,0xF81F,0xF81F,0xF81F,0xF81F,0xF81F,0xF81F,0xF81F,0xF81F,0xF81F,0xF81F,0xF81F,
    0xF81F,0xF81F,0xF81F,0xF81F,0xF81F,0xF81F,0xF81F,0xF81F,0xF81F,0xF81F,0xF81F,0xF81F,
    0xF81F,0xF81F,0xF81F,0xF81F,0xF81F,0xF81F,0xF81F,0xF81F,0xF81F,0xF81F,0xF81F,0xF81F,
    0xF81F,0xF81F,0xF81F,0xF81F,0xF81F,0xF81F,0xF81F,0xF81F,0xF81F,0xF81F,0xF81F,0xF81F,
    0xF81F,0xF81F,0xF81F,0xF81F,0xF81F,0xF81F,0xF81F,0xF81F,0xF81F,0xF81F,0xF81F,0xF81F,
    0xF81F,0xF81F,0xF81F,0xF81F,0xF81F,0xF81F,0xF81F,0xF81F,0xF81F,0xF81F,0xF81F,0xF81F,
    0xF81F,0xF81F,0xF81F,0xF81F,0xF81F,0xF81F,0xF81F,0xF81F,0xF81F,0xF81F,0xF81F,0xF81F,
    0xF81F,0xF81F,0xF81F,0xF81F,0xF81F,0xF81F,0xF81F,0xF81F,0xF81F,0xF81F,0xF81F,0xF81F,
    0xF81F,0xF81F,0xF81F,0xF81F,0xF81F,0xF81F,0xF81F,0xF81F,0xF81F,0xF81F,0xF81F,0xF81F,
    0xF81F,0xF81F,0xF81F,0xF81F,0xF81F,0xF81F,0xF81F,0xF81F,0xF81F,0xF81F,0xF81F,0xF81F,
    0xF81F,0xF81F,0xF81F,0xF81F,0xF81F,0xF81F,0xF81F,0xF81F,0xF81F,0xF81F,0xF81F,0xF81F,
    0xF81F,0xF81F,0xF81F,0xF81F,0xF81F,0xF81F,0xF81F,0xF81F,0xF81F,0xF81F,0xF81F,0xF81F,
    0xF81F,0xF81F,0xF81F,0xF81F,0xF81F,0xF81F,0xF81F,0xF81F,0xF81F,0xF81F,0xF81F,0xF81F,
    0xF81F,0xF81F,0xF81F,0xF81F,0xF81F,0xF81F,0xF81F,0xF81F,0xF81F,0xF81F,0xF81F,0xF81F,
    0xF81F,0xF81F,0xF81F,0xF81F,0xF81F,0xF81F,0xF81F,0xF81F,0xF81F,0xF81F,0xF81F,0xF81F,
    0xF81F,0xF81F,0xF81F,0xF81F,0xF81F,0xF81F,0xF81F,0xF81F,0xF81F,0xF81F,0xF81F,0xF81F,
    0xF81F,0xF81F,0xF81F,0xF81F,0xF81F,0xF81F,0xF81F,0xF81F,0xF81F,0xF81F,0xF81F,0xF81F,
    0xF81F,0xF81F,0xF81F,0xF81F,0xF81F,0xF81F,0xF81F,0xF81F,0xF81F,0xF81F,0xF81F,0xF81F,
    0xF81F,0xF81F,0xF81F,0xF81F,0xF81F,0xF81F,0xF81F,0xF81F,0xF81F,0xF81F,0xF81F,0xF81F,
    0xF81F,0xF81F,0xF81F,0xF81F,0xF81F,0xF81F,0xF81F,0xF81F,0xF81F,0xF81F,0xF81F,0xF81F,
    0xF81F,0xF81F,0xF81F,0xF81F,0xF81F,0xF81F,0xF81F,0xF81F,0xF81F,0xF81F,0xF81F,0xF81F,
    0xF81F,0xF81F,0xF81F,0xF81F,0xF81F,0xF81F,0xF81F,0xF81F,0xF81F,0xF81F,0xF81F,0xF81F,
    0xF81F,0xF81F,0xF81F,0xF81F,0xF81F,0xF81F,0xF81F,0xF81F,0xF81F,0xF81F,0xF81F,0xF81F,
    0xF81F,0xF81F,0xF81F,0xF81F,0xF81F,0xF81F,0xF81F,0xF81F,0xF81F,0xF81F,0xF81F,0xF81F,
    0xF81F,0xF81F,0xF81F,0xF81F,0xF81F,0xF81F,0xF81F,0xF81F,0xF81F,0xF81F,0xF81F,0xF81F,
    0xF81F,0xF81F,0xF81F,0xF81F,0xF81F,0xF81F,0xF81F,0xF81F,0xF81F,0xF81F,0xF81F,0xF81F,
    0xF81F,0xF81F,0xF81F,0xF81F,0xF81F,0xF81F,0xF81F,0xF81F,0xF81F,0xF81F,0xF81F,0xF81F,
    0xF81F,0xF81F,0xF81F,0xF81F,0xF81F,0xF81F,0xF81F,0xF81F,0xF81F,0xF81F,0xF81F,0xF81F,
    0xF81F,0xF81F,0xF81F,0xF81F,0xF81F,0xF81F,0xF81F,0xF81F,0xF81F,0xF81F,0xF81F,0xF81F,
    0xF81F,0xF81F,0xF81F,0xF81F,0xF81F,0xF81F,0xF81F,0xF81F,0xF81F,0xF81F,0xF81F,0xF81F,
    0xF81F,0xF81F,0xF81F,0xF81F,0xF81F,0xF81F,0xF81F,0xF81F,0xF81F,0xF81F,0xF81F,0xF81F,
    0xF81F,0xF81F,0xF81F,0xF81F,0xF81F,0xF81F,0xF81F,0xF81F,0xF81F,0xF81F,0xF81F,0xF81F,
    0xF81F,0xF81F,0xF81F,0xF81F,0xF81F,0xF81F,0xF81F,0xF81F,0xF81F,0xF81F,0xF81F,0xF81F,
    0xF81F,0xF81F,0xF81F,0xF81F,0xF81F,0xF81F,0xF81F,0xF81F,0xF81F,0xF81F,0xF81F,0xF81F,
    0xF81F,0xF81F,0xF81F,0xF81F,0xF81F,0xF81F,0xF81F,0xF81F,0xF81F,0xF81F,0xF81F,0xF81F,
    0xF81F,0xF81F,0xF81F,0xF81F,0xF81F,0xF81F,0xF81F,0xF81F,0xF81F,0xF81F,0xF81F,0xF81F,
    0xF81F,0xF81F,0xF81F,0xF81F,0xF81F,0xF81F,0xF81F,0xF81F,0xF81F,0xF81F,0xF81F,0xF81F,
    0xF81F,0xF81F,0xF81F,0xF81F,0xF81F,0xF81F,0xF81F,0xF81F,0xF81F,0xF81F,0xF81F,0xF81F,
    0xF81F,0xF81F,0xF81F,0xF81F,0xF81F,0xF81F,0xF81F,0xF81F,0xF81F,0xF81F,0xF81F,0xF81F,
    0xF81F,0xF81F,0xF81F,0xF81F,0xF81F,0xF81F,0xF81F,0xF81F,0xF81F,0xF81F,0xF81F,0xF81F,
    0xF81F,0xF81F,0xF81F,0xF81F,0xF81F,0xF81F,0xF81F,0xF81F,0xF81F,0xF81F,0xF81F,0xF81F,
    0xF81F,0xF81F,0xF81F,0xF81F,0xF81F,0xF81F,0xF81F,0xF81F,0xF81F,0xF81F,0xF81F,0xF81F,
    0xF81F,0xF81F,0xF81F,0xF81F,0xF81F,0xF81F,0xF81F,0xF81F,0xF81F,0xF81F,0xF81F,0xF81F,
    0xF81F,0xF81F,0xF81F,0xF81F,0xF81F,0xF81F,0xF81F,0xF81F,0xF81F,0xF81F,0xF81F,0xF81F,
    0xF81F,0xF81F,0xF81F,0xF81F,0xF81F,0xF81F,0xF81F,0xF81F,0xF81F,0xF81F,0xF81F,0xF81F,
    0xF81F,0xF81F,0xF81F,0xF81F,0xF81F,0xF81F,0xF81F,0xF81F,0xF81F,0xF81F,0xF81F,0xF81F,
    0xF81F,0xF81F,0xF81F,0xF81F,0xF81F,0xF81F,0xF81F,0xF81F,0xF81F,0xF81F,0xF81F,0xF81F,
    0xF81F,0xF81F,0xF81F,0xF81F,0xF81F,0xF81F,0xF81F,0xF81F,0xF81F,0xF81F,0xF81F,0xF81F,
    0xF81F,0xF81F,0xF81F,0xF81F,0xF81F,0xF81F,0xF81F,0xF81F,0xF81F,0xF81F,0xF81F,0xF81F,
    0xF81F,0xF81F,0xF81F,0xF81F,0xF81F,0xF81F,0xF81F,0xF81F,0xF81F,0xF81F,0xF81F,0xF81F,
    0xF81F,0xF81F,0xF81F,0xF81F,0xF81F,0xF81F,0xF81F,0xF81F,0xF81F,0xF81F,0xF81F,0xF81F,
    0xF81F,0xF81F,0xF81F,0xF81F,0xF81F,0xF81F,0xF81F,0xF81F,0xF81F,0xF81F,0xF81F,0xF81F,
    0xF81F,0xF81F,0xF81F,0xF81F,0xF81F,0xF81F,0xF81F,0xF81F,0xF81F,0xF81F,0xF81F,0xF81F,
    0xF81F,0xF81F,0xF81F,0xF81F,0xF81F,0xF81F,0xF81F,0xF81F,0xF81F,0xF81F,0xF81F,0xF81F,
    0xF81F,0xF81F,0xF81F,0xF81F,0xF81F,0xF81F,0xF81F,0xF81F,0xF81F,0xF81F,0xF81F,0xF81F,
    0xF81F,0xF81F,0xF81F,0xF81F,0xF81F,0xF81F,0xF81F,0xF81F,0xF81F,0xF81F,0xF81F,0xF81F,
    0xF81F,0xF81F,0xF81F,0xF81F,0xF81F,0xF81F,0xF81F,0xF81F,0xF81F,0xF81F,0xF81F,0xF81F,
    0xF81F,0xF81F,0xF81F,0xF81F,0xF81F,0xF81F,0xF81F,0xF81F,0xF81F,0xF81F,0xF81F,0xF81F,
    0xF81F,0xF81F,0xF81F,0xF81F,0xF81F,0xF81F,0xF81F,0xF81F,0xF81F,0xF81F,0xF81F,0xF81F,
    0xF81F,0xF81F,0xF81F,0xF81F,0xF81F,0xF81F,0xF81F,0xF81F,0xF81F,0xF81F,0xF81F,0xF81F,
    0xF81F,0xF81F,0xF81F,0xF81F,0xF81F,0xF81F,0xF81F,0xF81F,0xF81F,0xF81F,0xF81F,0xF81F,
    0xF81F,0xF81F,0xF81F,0xF81F,0xF81F,0xF81F,0xF81F,0xF81F,0xF81F,0xF81F,0xF81F,0xF81F,
    0xF81F,0xF81F,0xF81F,0xF81F,0xF81F,0xF81F,0xF81F,0xF81F,0xF81F,0xF81F,0xF81F,0xF81F,
    0xF81F,0xF81F,0xF81F,0xF81F,0xF81F,0xF81F,0xF81F,0xF81F,0xF81F,0xF81F,0xF81F,0xF81F,
    0xF81F,0xF81F,0xF81F,0xF81F,0xF81F,0xF81F,0xF81F,0xF81F,0xF81F,0xF81F,0xF81F,0xF81F,
    0xF81F,0xF81F,0xF81F,0xF81F,0xF81F,0xF81F,0xF81F,0xF81F,0xF81F,0xF81F,0xF81F,0xF81F,
    0xF81F,0xF81F,0xF81F,0xF81F,0xF81F,0xF81F,0xF81F,0xF81F,0xF81F,0xF81F,0xF81F,0xF81F,
    0xF81F,0xF81F,0xF81F,0xF81F,0xF81F,0xF81F,0xF81F,0xF81F,0xF81F,0xF81F,0xF81F,0xF81F,
    0xF81F,0xF81F,0xF81F,0xF81F,0xF81F,0xF81F,0xF81F,0xF81F,0xF81F,0xF81F,0xF81F,0xF81F,
    0xF81F,0xF81F,0xF81F,0xF81F,0xF81F,0xF81F,0xF81F,0xF81F,0xED47,0xF547,0xF81F,0xF81F,
    0xF81F,0xF81F,0xF81F,0xF81F,0xF81F,0xF81F,0xF81F,0xF81F,0xF81F,0xF81F,0xF81F,0xF81F,
    0xF81F,0xF81F,0xF81F,0xF81F,0xF81F,0xF81F,0xF81F,0xF81F,0xF81F,0xF81F,0xF81F,0xF81F,
    0xF81F,0xF81F,0xF81F,0xF81F,0xF81F,0xF81F,0xF81F,0xF81F,0xF81F,0xF81F,0xF81F,0xF81F,
    0xF81F,0xF81F,0xF81F,0xF81F,0xF81F,0xF81F,0xF81F,0xF81F,0xF81F,0xF81F,0xF81F,0xF81F,
    0xF81F,0xF81F,0xF81F,0xF81F,0xF81F,0xF81F,0xF81F,0xF81F,0xF81F,0xF81F,0xF81F,0xF81F,
    0xF81F,0xF81F,0xF81F,0xF81F,0xF81F,0xF81F,0xF81F,0xF81F,0xF81F,0xF81F,0xF81F,0xF81F,
    0xF81F,0xF81F,0xF81F,0xF81F,0xF81F,0xF81F,0xF81F,0xF81F,0xF81F,0xF81F,0xF81F,0xF81F,
    0xF81F,0xF81F,0xF81F,0xF81F,0xF81F,0xF81F,0xF81F,0xF81F,0xF81F,0xF81F,0xF81F,0xF81F,
    0xF81F,0xF81F,0xF81F,0xF81F,0xF81F,0xF81F,0xF81F,0xF81F,0xF81F,0xF81F,0xF81F,0xF81F,
    0xF81F,0xF81F,0xF81F,0xF81F,0xF81F,0xF81F,0xF81F,0xF81F,0xF81F,0xF81F,0xF81F,0xF81F,
    0xF81F,0xF81F,0xF81F,0xF81F,0xF81F,0xF81F,0xF81F,0xF81F,0xF81F,0xF81F,0xF81F,0xF81F,
    0xF81F,0xF81F,0xF81F,0xF81F,0xF81F,0xF81F,0xF81F,0xF81F,0xF81F,0xF81F,0xF81F,0xF81F,
    0xF81F,0xF81F,0xF547,0xF547,0xF81F,0xF81F,0xF81F,0xF81F,0xF81F,0xF81F,0xF81F,0xF81F,
    0xF81F,0xF81F,0xF81F,0xF81F,0xF81F,0xF81F,0xF81F,0xF81F,0xF81F,0xF81F,0xF81F,0xF81F,
    0xF81F,0xF81F,0xF81F,0xF81F,0xF81F,0xF81F,0xF81F,0xF81F,0xF81F,0xF81F,0xF81F,0xF81F,
    0xF81F,0xF81F,0xF81F,0xF81F,0xF81F,0xF81F,0xF81F,0xF81F,0xF81F,0xF81F,0xF81F,0xF81F,
    0xF81F,0xF81F,0xF81F,0xF81F,0xF81F,0xF81F,0xF81F,0xF81F,0xF81F,0xF81F,0xF81F,0xF81F,
    0xF81F,0xF81F,0xF81F,0xF81F,0xF81F,0xF81F,0xF81F,0xF81F,0xF81F,0xF81F,0xF81F,0xF81F,
    0xF81F,0xF81F,0xF81F,0xF81F,0xF81F,0xF81F,0xF81F,0xF81F,0xF81F,0xF81F,0xF81F,0xF81F,
    0xF81F,0xF81F,0xF81F,0xF81F,0xF81F,0xF81F,0xF81F,0xF81F,0xF81F,0xF81F,0xF81F,0xF81F,
    0xF81F,0xF81F,0xF81F,0xF81F,0xF81F,0xF81F,0xF81F,0xF81F,0xF81F,0xF81F,0xF81F,0xF81F,
    0xF81F,0xF81F,0xF81F,0xF81F,0xF81F,0xF81F,0xF81F,0xF81F,0xF81F,0xF81F,0xF81F,0xF81F,
    0xF81F,0xF81F,0xF81F,0xF81F,0xF81F,0xF81F,0xF81F,0xF81F,0xF81F,0xF81F,0xF81F,0xF81F,
    0xF81F,0xF81F,0xF81F,0xF81F,0xF81F,0xF81F,0xF81F,0xF81F,0xF81F,0xF81F,0xF81F,0xF81F,
    0xF81F,0xF81F,0xF81F,0xF81F,0xF81F,0xF81F,0xF81F,0xED47,0xF547,0xF547,0xED47,0xF81F,
    0xF81F,0xF81F,0xF81F,0xF81F,0xF81F,0xF81F,0xF81F,0xF81F,0xF81F,0xF81F,0xF81F,0xF81F,
    0xF81F,0xF81F,0xF81F,0xF81F,0xF81F,0xF81F,0xF81F,0xF81F,0xF81F,0xF81F,0xF81F,0xF81F,
    0xF81F,0xF81F,0xF81F,0xF81F,0xF81F,0xF81F,0xF81F,0xF81F,0xF81F,0xF81F,0xF81F,0xF81F,
    0xF81F,0xF81F,0xF81F,0xF81F,0xF81F,0xF81F,0xF81F,0xF81F,0xF81F,0xF81F,0xF81F,0xF81F,
    0xF81F,0xF81F,0xF81F,0xF81F,0xF81F,0xF81F,0xF81F,0xF81F,0xF81F,0xF81F,0xF81F,0xF81F,
    0xF81F,0xF81F,0xF81F,0xF81F,0xF81F,0xF81F,0xF81F,0xF81F,0xF81F,0xF81F,0xF81F,0xF81F,
    0xF81F,0xF81F,0xF81F,0xF81F,0xF81F,0xF81F,0xF81F,0xF81F,0xF81F,0xF81F,0xF81F,0xF81F,
    0xF81F,0xF81F,0xF81F,0xF81F,0xF81F,0xF81F,0xF81F,0xF81F,0xF81F,0xF81F,0xF81F,0xF81F,
    0xF81F,0xF81F,0xF81F,0xF81F,0xF81F,0xF81F,0xF81F,0xF81F,0xF81F,0xF81F,0xF81F,0xF81F,
    0xF81F,0xF81F,0xF81F,0xF81F,0xF81F,0xF81F,0xF81F,0xF81F,0xF81F,0xF81F,0xF81F,0xF81F,
    0xF81F,0xF81F,0xF81F,0xF81F,0xF81F,0xF81F,0xF81F,0xF81F,0xF81F,0xF81F,0xF81F,0xF81F,
    0xF81F,0xF81F,0xF81F,0xF81F,0xF81F,0xF81F,0xF81F,0xF81F,0xF81F,0xF81F,0xF81F,0xF81F,
    0xF81F,0xED47,0xF547,0xF547,0xED47,0xF81F,0xF81F,0xF81F,0xF81F,0xF81F,0xF81F,0xF81F,
    0xF81F,0xF81F,0xF81F,0xF81F,0xF81F,0xF81F,0xF81F,0xF81F,0xF81F,0xF81F,0xF81F,0xF81F,
    0xF81F,0xF81F,0xF81F,0xF81F,0xF81F,0xF81F,0xF81F,0xF81F,0xF81F,0xF81F,0xF81F,0xF81F,
    0xF81F,0xF81F,0xF81F,0xF81F,0xF81F,0xF81F,0xF81F,0xF81F,0xF81F,0xF81F,0xF81F,0xF81F,
    0xF81F,0xF81F,0xF81F,0xF81F,0xF81F,0xF81F,0xF81F,0xF81F,0xF81F,0xF81F,0xF81F,0xF81F,
    0xF81F,0xF81F,0xF81F,0xF81F,0xF81F,0xF81F,0xF81F,0xF81F,0xF81F,0xF81F,0xF81F,0xF81F,
    0xF81F,0xF81F,0xF81F,0xF81F,0xF81F,0xF81F,0xF81F,0xF81F,0xF81F,0xF81F,0xF81F,0xF81F,
    0xF81F,0xF81F,0xF81F,0xF81F,0xF81F,0xF81F,0xF81F,0xF81F,0xF81F,0xF81F,0xF81F,0xF81F,
    0xF81F,0xF81F,0xF81F,0xF81F,0xF81F,0xF81F,0xF81F,0xF81F,0xF81F,0xF81F,0xF81F,0xF81F,
    0xF81F,0xF81F,0xF81F,0xF81F,0xF81F,0xF81F,0xF81F,0xF81F,0xF81F,0xF81F,0xF81F,0xF81F,
    0xF81F,0xF81F,0xF81F,0xF81F,0xF81F,0xF81F,0xF81F,0xF81F,0xF81F,0xF81F,0xF81F,0xF81F,
    0xF81F,0xF81F,0xF81F,0xF81F,0xF81F,0xF81F,0xF81F,0xF81F,0xF81F,0xF81F,0xF81F,0xF81F,
    0xF81F,0xF81F,0xF81F,0xF81F,0xF81F,0xF81F,0xF81F,0xF547,0xF5A7,0xF5A7,0xF547,0xF81F,
    0xF81F,0xF81F,0xF81F,0xF81F,0xF81F,0xF81F,0xF81F,0xF81F,0xF81F,0xF81F,0xF81F,0xF81F,
    0xF81F,0xF81F,0xF81F,0xF81F,0xF81F,0xF81F,0xF81F,0xF81F,0xF81F,0xF81F,0xF81F,0xF81F,
    0xF81F,0xF81F,0xF81F,0xF81F,0xF81F,0xF81F,0xF81F,0xF81F,0xF81F,0xF81F,0xF81F,0xF81F,
    0xF81F,0xF81F,0xF81F,0xF81F,0xF81F,0xF81F,0xF81F,0xF81F,0xF81F,0xF81F,0xF81F,0xF81F,
    0xF81F,0xF81F,0xF81F,0xF81F,0xF81F,0xF81F,0xF81F,0xF81F,0xF81F,0xF81F,0xF81F,0xF81F,
    0xF81F,0xF81F,0xF81F,0xF81F,0xF81F,0xF81F,0xF81F,0xF81F,0xF81F,0xF81F,0xF81F,0xF81F,
    0xF81F,0xF81F,0xF81F,0xF81F,0xF81F,0xF81F,0xF81F,0xF81F,0xF81F,0xF81F,0xF81F,0xF81F,
    0xF81F,0xF81F,0xF81F,0xF81F,0xF81F,0xF81F,0xF81F,0xF81F,0xF81F,0xF81F,0xF81F,0xF81F,
    0xF81F,0xF81F,0xF81F,0xF81F,0xF81F,0xF81F,0xF81F,0xF81F,0xF81F,0xF81F,0xF81F,0xF81F,
    0xF81F,0xF81F,0xF81F,0xF81F,0xF81F,0xF81F,0xF81F,0xF81F,0xF81F,0xF81F,0xF81F,0xF81F,
    0xF81F,0xF81F,0xF81F,0xF81F,0xF81F,0xF81F,0xF81F,0xF81F,0xF81F,0xF81F,0xF81F,0xF81F,
    0xF81F,0xF81F,0xF81F,0xF81F,0xF81F,0xF81F,0xF81F,0xF81F,0xF81F,0xF81F,0xF81F,0xF81F,
    0xF547,0xF547,0xFE28,0xFE28,0xF547,0xF547,0xF81F,0xF81F,0xF81F,0xF81F,0xF81F,0xF81F,
    0xF81F,0xF81F,0xF81F,0xF81F,0xF81F,0xF81F,0xF81F,0xF81F,0xF81F,0xF81F,0xF81F,0xF81F,
    0xF81F,0xF81F,0xF81F,0xF81F,0xF81F,0xF81F,0xF81F,0xF81F,0xF81F,0xF81F,0xF81F,0xF81F,
    0xF81F,0xF81F,0xF81F,0xF81F,0xF81F,0xF81F,0xF81F,0xF81F,0xF81F,0xF81F,0xF81F,0xF81F,
    0xF81F,0xF81F,0xF81F,0xF81F,0xF81F,0xF81F,0xF81F,0xF81F,0xF81F,0xF81F,0xF81F,0xF81F,
    0xF81F,0xF81F,0xF81F,0xF81F,0xF81F,0xF81F,0xF81F,0xF81F,0xF81F,0xF81F,0xF81F,0xF81F,
    0xF81F,0xF81F,0xF81F,0xF81F,0xF81F,0xF81F,0xF81F,0xF81F,0xF81F,0xF81F,0xF81F,0xF81F,
    0xF81F,0xF81F,0xF81F,0xF81F,0xF81F,0xF81F,0xF81F,0xF81F,0xF81F,0xF81F,0xF81F,0xF81F,
    0xF81F,0xF81F,0xF81F,0xF81F,0xF81F,0xF81F,0xF81F,0xF81F,0xF81F,0xF81F,0xF81F,0xF81F,
    0xF81F,0xF81F,0xF81F,0xF81F,0xF81F,0xF81F,0xF81F,0xF81F,0xF81F,0xF81F,0xF81F,0xF81F,
    0xF81F,0xF81F,0xF81F,0xF81F,0xF81F,0xF81F,0xF81F,0xF81F,0xF81F,0xF81F,0xF81F,0xF81F,
    0xF81F,0xF81F,0xF81F,0xF81F,0xF81F,0xF81F,0xF81F,0xF81F,0xF81F,0xF81F,0xF81F,0xF81F,
    0xF81F,0xF81F,0xF81F,0xF81F,0xF81F,0xF81F,0xF547,0xF547,0xFE89,0xFE89,0xF567,0xF547,
    0xF81F,0xF81F,0xF81F,0xF81F,0xF81F,0xF81F,0xF81F,0xF81F,0xF81F,0xF81F,0xF81F,0xF81F,
    0xF81F,0xF81F,0xF81F,0xF81F,0xF81F,0xF81F,0xF81F,0xF81F,0xF81F,0xF81F,0xF81F,0xF81F,
    0xF81F,0xF81F,0xF81F,0xF81F,0xF81F,0xF81F,0xF81F,0xF81F,0xF81F,0xF81F,0xF81F,0xF81F,
    0xF81F,0xF81F,0xF81F,0xF81F,0xF81F,0xF81F,0xF81F,0xF81F,0xF81F,0xF81F,0xF81F,0xF81F,
    0xF81F,0xF81F,0xF81F,0xF81F,0xF81F,0xF81F,0xF81F,0xF81F,0xF81F,0xF81F,0xF81F,0xF81F,
    0xF81F,0xF81F,0xF81F,0xF81F,0xF81F,0xF81F,0xF81F,0xF81F,0xF81F,0xF81F,0xF81F,0xF81F,
    0xF81F,0xF81F,0xF81F,0xF81F,0xF81F,0xF81F,0xF81F,0xF81F,0xF81F,0xF81F,0xF81F,0xF81F,
    0xF81F,0xF81F,0xF81F,0xF81F,0xF81F,0xF81F,0xF81F,0xF81F,0xF81F,0xF81F,0xF81F,0xF81F,
    0xF81F,0xF81F,0xF81F,0xF81F,0xF81F,0xF81F,0xF81F,0xF81F,0xF81F,0xF81F,0xF81F,0xF81F,
    0xF81F,0xF81F,0xF81F,0xF81F,0xF81F,0xF81F,0xF81F,0xF81F,0xF81F,0xF81F,0xF81F,0xF81F,
    0xF81F,0xF81F,0xF81F,0xF81F,0xF81F,0xF81F,0xF81F,0xF81F,0xF81F,0xF81F,0xF81F,0xF81F,
    0xF81F,0xF81F,0xF81F,0xF81F,0xF81F,0xF81F,0xF81F,0xF81F,0xF81F,0xF81F,0xF81F,0xED47,
    0xF547,0xF5C8,0xFE89,0xFE89,0xF5C8,0xF547,0xED47,0xF81F,0xF81F,0xF81F,0xF81F,0xF81F,
    0xF81F,0xF81F,0xF81F,0xF81F,0xF81F,0xF81F,0xF81F,0xF81F,0xF81F,0xF81F,0xF81F,0xF81F,
    0xF81F,0xF81F,0xF81F,0xF81F,0xF81F,0xF81F,0xF81F,0xF81F,0xF81F,0xF81F,0xF81F,0xF81F,
    0xF81F,0xF81F,0xF81F,0xF81F,0xF81F,0xF81F,0xF81F,0xF81F,0xF81F,0xF81F,0xF81F,0xF81F,
    0xF81F,0xF81F,0xF81F,0xF81F,0xF81F,0xF81F,0xF81F,0xF81F,0xF81F,0xF81F,0xF81F,0xF81F,
    0xF81F,0xF81F,0xF81F,0xF81F,0xF81F,0xF81F,0xF81F,0xF81F,0xF81F,0xF81F,0xF81F,0xF81F,
    0xF81F,0xF81F,0xF81F,0xF81F,0xF81F,0xF81F,0xF81F,0xF81F,0xF81F,0xF81F,0xF81F,0xF81F,
    0xF81F,0xF81F,0xF81F,0xF81F,0xF81F,0xF81F,0xF81F,0xF81F,0xF81F,0xF81F,0xF81F,0xF81F,
    0xF81F,0xF81F,0xF81F,0xF81F,0xF81F,0xF81F,0xF81F,0xF81F,0xF81F,0xF81F,0xF81F,0xF81F,
    0xF81F,0xF81F,0xF81F,0xF81F,0xF81F,0xF81F,0xF81F,0xF81F,0xF81F,0xF81F,0xF81F,0xF81F,
    0xF81F,0xF81F,0xF81F,0xF81F,0xF81F,0xF81F,0xF81F,0xF81F,0xF81F,0xF81F,0xF81F,0xF81F,
    0xF81F,0xF81F,0xF81F,0xF81F,0xF81F,0xF81F,0xF81F,0xF81F,0xF81F,0xF81F,0xF81F,0xF81F,
    0xF81F,0xF81F,0xF81F,0xF81F,0xF81F,0xF547,0xF547,0xFE48,0xFE89,0xFE89,0xFE48,0xF547,
    0xF547,0xF81F,0xF81F,0xF81F,0xF81F,0xF81F,0xF81F,0xF81F,0xF81F,0xF81F,0xF81F,0xF81F,
    0xF81F,0xF81F,0xF81F,0xF81F,0xF81F,0xF81F,0xF81F,0xF81F,0xF81F,0xF81F,0xF81F,0xF81F,
    0xF81F,0xF81F,0xF81F,0xF81F,0xF81F,0xF81F,0xF81F,0xF81F,0xF81F,0xF81F,0xF81F,0xF81F,
    0xF81F,0xF81F,0xF81F,0xF81F,0xF81F,0xF81F,0xF81F,0xF81F,0xF81F,0xF81F,0xF81F,0xF81F,
    0xF81F,0xF81F,0xF81F,0xF81F,0xF81F,0xF81F,0xF81F,0xF81F,0xF81F,0xF81F,0xF81F,0xF81F,
    0xF81F,0xF81F,0xF81F,0xF81F,0xF81F,0xF81F,0xF81F,0xF81F,0xF81F,0xF81F,0xF81F,0xF81F,
    0xF81F,0xF81F,0xF81F,0xF81F,0xF81F,0xF81F,0xF81F,0xF81F,0xF81F,0xF81F,0xF81F,0xF81F,
    0xF81F,0xF81F,0xF81F,0xF81F,0xF81F,0xF81F,0xF81F,0xF81F,0xF81F,0xF81F,0xF81F,0xF81F,
    0xF81F,0xF81F,0xF81F,0xF81F,0xF81F,0xF81F,0xF81F,0xF81F,0xF81F,0xF81F,0xF81F,0xF81F,
    0xF81F,0xF81F,0xF81F,0xF81F,0xF81F,0xF81F,0xF81F,0xF81F,0xF81F,0xF81F,0xF81F,0xF81F,
    0xF81F,0xF81F,0xF81F,0xF81F,0xF81F,0xF81F,0xF81F,0xF81F,0xF81F,0xF81F,0xF81F,0xF81F,
    0xF81F,0xF81F,0xF81F,0xF81F,0xF81F,0xF547,0xED47,0xED47,0xF547,0xF547,0xED47,0xF547,
    0xF587,0xFE89,0xFE89,0xFE89,0xFE89,0xF587,0xF547,0xED47,0xF547,0xF547,0xED47,0xED47,
    0xF547,0xF81F,0xF81F,0xF81F,0xF81F,0xF81F,0xF81F,0xF81F,0xF81F,0xF81F,0xF81F,0xF81F,
    0xF81F,0xF81F,0xF81F,0xF81F,0xF81F,0xF81F,0xF81F,0xF81F,0xF81F,0xF81F,0xF81F,0xF81F,
    0xF81F,0xF81F,0xF81F,0xF81F,0xF81F,0xF81F,0xF81F,0xF81F,0xF81F,0xF81F,0xF81F,0xF81F,
    0xF81F,0xF81F,0xF81F,0xF81F,0xF81F,0xF81F,0xF81F,0xF81F,0xF81F,0xF81F,0xF81F,0xF81F,
    0xF81F,0xF81F,0xF81F,0xF81F,0xF81F,0xF81F,0xF81F,0xF81F,0xF81F,0xF81F,0xF81F,0xF81F,
    0xF81F,0xF81F,0xF81F,0xF81F,0xF81F,0xF81F,0xF81F,0xF81F,0xF81F,0xF81F,0xF81F,0xF81F,
    0xF81F,0xF81F,0xF81F,0xF81F,0xF81F,0xF81F,0xF81F,0xF81F,0xF81F,0xF81F,0xF81F,0xF81F,
    0xF81F,0xF81F,0xF81F,0xF81F,0xF81F,0xF81F,0xF81F,0xF81F,0xF81F,0xF81F,0xF81F,0xF81F,
    0xF81F,0xF81F,0xF81F,0xF81F,0xF81F,0xF81F,0xF81F,0xF81F,0xF81F,0xF81F,0xF81F,0xF81F,
    0xF81F,0xF81F,0xF81F,0xF81F,0xF81F,0xF81F,0xF81F,0xF81F,0xF81F,0xF81F,0xF81F,0xF81F,
    0xF81F,0xF81F,0xF81F,0xF81F,0xF81F,0xF81F,0xF547,0xF547,0xF547,0xF547,0xF547,0xF547,
    0xF547,0xF547,0xF547,0xF547,0xF547,0xF547,0xFE08,0xFE89,0xFE89,0xFE89,0xFE89,0xFE08,
    0xF547,0xF547,0xF547,0xF547,0xF547,0xF547,0xF547,0xF547,0xF547,0xF547,0xF547,0xF547,
    0xF81F,0xF81F,0xF81F,0xF81F,0xF81F,0xF81F,0xF81F,0xF81F,0xF81F,0xF81F,0xF81F,0xF81F,
    0xF81F,0xF81F,0xF81F,0xF81F,0xF81F,0xF81F,0xF81F,0xF81F,0xF81F,0xF81F,0xF81F,0xF81F,
    0xF81F,0xF81F,0xF81F,0xF81F,0xF81F,0xF81F,0xF81F,0xF81F,0xF81F,0xF81F,0xF81F,0xF81F,
    0xF81F,0xF81F,0xF81F,0xF81F,0xF81F,0xF81F,0xF81F,0xF81F,0xF81F,0xF81F,0xF81F,0xF81F,
    0xF81F,0xF81F,0xF81F,0xF81F,0xF81F,0xF81F,0xF81F,0xF81F,0xF81F,0xF81F,0xF81F,0xF81F,
    0xF81F,0xF81F,0xF81F,0xF81F,0xF81F,0xF81F,0xF81F,0xF81F,0xF81F,0xF81F,0xF81F,0xF81F,
    0xF81F,0xF81F,0xF81F,0xF81F,0xF81F,0xF81F,0xF81F,0xF81F,0xF81F,0xF81F,0xF81F,0xF81F,
    0xF81F,0xF81F,0xF81F,0xF81F,0xF81F,0xF81F,0xF81F,0xF81F,0xF81F,0xF81F,0xF81F,0xF81F,
    0xF81F,0xF81F,0xF81F,0xF81F,0xF81F,0xF81F,0xF81F,0xF81F,0xF81F,0xF81F,0xF81F,0xF81F,
    0xF81F,0xF81F,0xF81F,0xF81F,0xF81F,0xF81F,0xF81F,0xF81F,0xF81F,0xF81F,0xF81F,0xF81F,
    0xF81F,0xED47,0xF547,0xF547,0xF587,0xFDE8,0xFE08,0xFE08,0xFE28,0xFE28,0xFE48,0xFE68,
    0xFE89,0xFE89,0xFE89,0xFE89,0xFE89,0xFE89,0xFE68,0xFE48,0xFE28,0xFE28,0xFE08,0xFE08,
    0xFDE8,0xF587,0xF547,0xF547,0xED47,0xF81F,0xF81F,0xF81F,0xF81F,0xF81F,0xF81F,0xF81F,
    0xF81F,0xF81F,0xF81F,0xF81F,0xF81F,0xF81F,0xF81F,0xF81F,0xF81F,0xF81F,0xF81F,0xF81F,
    0xF81F,0xF81F,0xF81F,0xF81F,0xF81F,0xF81F,0xF81F,0xF81F,0xF81F,0xF81F,0xF81F,0xF81F,
    0xF81F,0xF81F,0xF81F,0xF81F,0xF81F,0xF81F,0xF81F,0xF81F,0xF81F,0xF81F,0xF81F,0xF81F,
    0xF81F,0xF81F,0xF81F,0xF81F,0xF81F,0xF81F,0xF81F,0xF81F,0xF81F,0xF81F,0xF81F,0xF81F,
    0xF81F,0xF81F,0xF81F,0xF81F,0xF81F,0xF81F,0xF81F,0xF81F,0xF81F,0xF81F,0xF81F,0xF81F,
    0xF81F,0xF81F,0xF81F,0xF81F,0xF81F,0xF81F,0xF81F,0xF81F,0xF81F,0xF81F,0xF81F,0xF81F,
    0xF81F,0xF81F,0xF81F,0xF81F,0xF81F,0xF81F,0xF81F,0xF81F,0xF81F,0xF81F,0xF81F,0xF81F,
    0xF81F,0xF81F,0xF81F,0xF81F,0xF81F,0xF81F,0xF81F,0xF81F,0xF81F,0xF81F,0xF81F,0xF81F,
    0xF81F,0xF81F,0xF81F,0xF81F,0xF81F,0xF81F,0xF81F,0xF81F,0xF81F,0xF81F,0xF81F,0xF81F,
    0xF81F,0xF81F,0xF81F,0xF81F,0xF81F,0xF81F,0xF81F,0xF81F,0xF547,0xF547,0xF547,0xF5E8,
    0xFE89,0xFE89,0xFE89,0xFE89,0xFE89,0xFE89,0xFE89,0xFE89,0xFE89,0xFE89,0xFE89,0xFE89,
    0xFE89,0xFE89,0xFE89,0xFE89,0xFE89,0xFE89,0xFDE8,0xF547,0xF547,0xED47,0xF81F,0xF81F,
    0xF81F,0xF81F,0xF81F,0xF81F,0xF81F,0xF81F,0xF81F,0xF81F,0xF81F,0xF81F,0xF81F,0xF81F,
    0xF81F,0xF81F,0xF81F,0xF81F,0xF81F,0xF81F,0xF81F,0xF81F,0xF81F,0xF81F,0xF81F,0xF81F,
    0xF81F,0xF81F,0xF81F,0xF81F,0xF81F,0xF81F,0xF81F,0xF81F,0xF81F,0xF81F,0xF81F,0xF81F,
    0xF81F,0xF81F,0xF81F,0xF81F,0xF81F,0xF81F,0xF81F,0xF81F,0xF81F,0xF81F,0xF81F,0xF81F,
    0xF81F,0xF81F,0xF81F,0xF81F,0xF81F,0xF81F,0xF81F,0xF81F,0xF81F,0xF81F,0xF81F,0xF81F,
    0xF81F,0xF81F,0xF81F,0xF81F,0xF81F,0xF81F,0xF81F,0xF81F,0xF81F,0xF81F,0xF81F,0xF81F,
    0xF81F,0xF81F,0xF81F,0xF81F,0xF81F,0xF81F,0xF81F,0xF81F,0xF81F,0xF81F,0xF81F,0xF81F,
    0xF81F,0xF81F,0xF81F,0xF81F,0xF81F,0xF81F,0xF81F,0xF81F,0xF81F,0xF81F,0xF81F,0xF81F,
    0xF81F,0xF81F,0xF81F,0xF81F,0xF81F,0xF81F,0xF81F,0xF81F,0xF81F,0xF81F,0xF81F,0xF81F,
    0xF81F,0xF81F,0xF81F,0xF81F,0xF81F,0xF81F,0xF81F,0xF81F,0xF81F,0xF81F,0xF81F,0xF81F,
    0xF81F,0xF81F,0xF81F,0xF81F,0xED47,0xF547,0xF5A7,0xFE89,0xFE89,0xFE89,0xFE89,0xFE89,
    0xFE89,0xFE89,0xFE89,0xFE89,0xFE89,0xFE89,0xFE89,0xFE89,0xFE89,0xFE89,0xFE89,0xF5A7,
    0xF547,0xED47,0xF81F,0xF81F,0xF81F,0xF81F,0xF81F,0xF81F,0xF81F,0xF81F,0xF81F,0xF81F,
    0xF81F,0xF81F,0xF81F,0xF81F,0xF81F,0xF81F,0xF81F,0xF81F,0xF81F,0xF81F,0xF81F,0xF81F,
    0xF81F,0xF81F,0xF81F,0xF81F,0xF81F,0xF81F,0xF81F,0xF81F,0xF81F,0xF81F,0xF81F,0xF81F,
    0xF81F,0xF81F,0xF81F,0xF81F,0xF81F,0xF81F,0xF81F,0xF81F,0xF81F,0xF81F,0xF81F,0xF81F,
    0xF81F,0xF81F,0xF81F,0xF81F,0xF81F,0xF81F,0xF81F,0xF81F,0xF81F,0xF81F,0xF81F,0xF81F,
    0xF81F,0xF81F,0xF81F,0xF81F,0xF81F,0xF81F,0xF81F,0xF81F,0xF81F,0xF81F,0xF81F,0xF81F,
    0xF81F,0xF81F,0xF81F,0xF81F,0xF81F,0xF81F,0xF81F,0xF81F,0xF81F,0xF81F,0xF81F,0xF81F,
    0xF81F,0xF81F,0xF81F,0xF81F,0xF81F,0xF81F,0xF81F,0xF81F,0xF81F,0xF81F,0xF81F,0xF81F,
    0xF81F,0xF81F,0xF81F,0xF81F,0xF81F,0xF81F,0xF81F,0xF81F,0xF81F,0xF81F,0xF81F,0xF81F,
    0xF81F,0xF81F,0xF81F,0xF81F,0xF81F,0xF81F,0xF81F,0xF81F,0xF81F,0xF81F,0xF81F,0xF81F,
    0xF81F,0xF81F,0xF81F,0xF81F,0xF81F,0xF81F,0xF81F,0xF81F,0xF81F,0xF81F,0xF81F,0xED47,
    0xF547,0xF567,0xFE48,0xFE89,0xFE89,0xFE89,0xFE89,0xFE89,0xFE89,0xFE89,0xFE89,0xFE89,
    0xFE89,0xFE89,0xFE89,0xFE69,0xF587,0xF547,0xED47,0xF81F,0xF81F,0xF81F,0xF81F,0xF81F,
    0xF81F,0xF81F,0xF81F,0xF81F,0xF81F,0xF81F,0xF81F,0xF81F,0xF81F,0xF81F,0xF81F,0xF81F,
    0xF81F,0xF81F,0xF81F,0xF81F,0xF81F,0xF81F,0xF81F,0xF81F,0xF81F,0xF81F,0xF81F,0xF81F,
    0xF81F,0xF81F,0xF81F,0xF81F,0xF81F,0xF81F,0xF81F,0xF81F,0xF81F,0xF81F,0xF81F,0xF81F,
    0xF81F,0xF81F,0xF81F,0xF81F,0xF81F,0xF81F,0xF81F,0xF81F,0xF81F,0xF81F,0xF81F,0xF81F,
    0xF81F,0xF81F,0xF81F,0xF81F,0xF81F,0xF81F,0xF81F,0xF81F,0xF81F,0xF81F,0xF81F,0xF81F,
    0xF81F,0xF81F,0xF81F,0xF81F,0xF81F,0xF81F,0xF81F,0xF81F,0xF81F,0xF81F,0xF81F,0xF81F,
    0xF81F,0xF81F,0xF81F,0xF81F,0xF81F,0xF81F,0xF81F,0xF81F,0xF81F,0xF81F,0xF81F,0xF81F,
    0xF81F,0xF81F,0xF81F,0xF81F,0xF81F,0xF81F,0xF81F,0xF81F,0xF81F,0xF81F,0xF81F,0xF81F,
    0xF81F,0xF81F,0xF81F,0xF81F,0xF81F,0xF81F,0xF81F,0xF81F,0xF81F,0xF81F,0xF81F,0xF81F,
    0xF81F,0xF81F,0xF81F,0xF81F,0xF81F,0xF81F,0xF81F,0xF81F,0xF81F,0xF81F,0xF81F,0xF81F,
    0xF81F,0xF81F,0xF81F,0xF81F,0xF81F,0xF81F,0xF547,0xF547,0xF547,0xFE28,0xFE89,0xFE89,
    0xFE89,0xFE89,0xFE89,0xFE89,0xFE89,0xFE89,0xFE89,0xFE89,0xFE28,0xF567,0xF547,0xED47,
    0xF81F,0xF81F,0xF81F,0xF81F,0xF81F,0xF81F,0xF81F,0xF81F,0xF81F,0xF81F,0xF81F,0xF81F,
    0xF81F,0xF81F,0xF81F,0xF81F,0xF81F,0xF81F,0xF81F,0xF81F,0xF81F,0xF81F,0xF81F,0xF81F,
    0xF81F,0xF81F,0xF81F,0xF81F,0xF81F,0xF81F,0xF81F,0xF81F,0xF81F,0xF81F,0xF81F,0xF81F,
    0xF81F,0xF81F,0xF81F,0xF81F,0xF81F,0xF81F,0xF81F,0xF81F,0xF81F,0xF81F,0xF81F,0xF81F,
    0xF81F,0xF81F,0xF81F,0xF81F,0xF81F,0xF81F,0xF81F,0xF81F,0xF81F,0xF81F,0xF81F,0xF81F,
    0xF81F,0xF81F,0xF81F,0xF81F,0xF81F,0xF81F,0xF81F,0xF81F,0xF81F,0xF81F,0xF81F,0xF81F,
    0xF81F,0xF81F,0xF81F,0xF81F,0xF81F,0xF81F,0xF81F,0xF81F,0xF81F,0xF81F,0xF81F,0xF81F,
    0xF81F,0xF81F,0xF81F,0xF81F,0xF81F,0xF81F,0xF81F,0xF81F,0xF81F,0xF81F,0xF81F,0xF81F,
    0xF81F,0xF81F,0xF81F,0xF81F,0xF81F,0xF81F,0xF81F,0xF81F,0xF81F,0xF81F,0xF81F,0xF81F,
    0xF81F,0xF81F,0xF81F,0xF81F,0xF81F,0xF81F,0xF81F,0xF81F,0xF81F,0xF81F,0xF81F,0xF81F,
    0xF81F,0xF81F,0xF81F,0xF81F,0xF81F,0xF81F,0xF81F,0xF81F,0xF81F,0xF81F,0xF81F,0xF81F,
    0xF81F,0xF547,0xF547,0xF547,0xFE28,0xFE89,0xFE89,0xFE89,0xFE89,0xFE89,0xFE89,0xFE89,
    0xFE89,0xFE28,0xF547,0xF547,0xF547,0xF81F,0xF81F,0xF81F,0xF81F,0xF81F,0xF81F,0xF81F,
    0xF81F,0xF81F,0xF81F,0xF81F,0xF81F,0xF81F,0xF81F,0xF81F,0xF81F,0xF81F,0xF81F,0xF81F,
    0xF81F,0xF81F,0xF81F,0xF81F,0xF81F,0xF81F,0xF81F,0xF81F,0xF81F,0xF81F,0xF81F,0xF81F,
    0xF81F,0xF81F,0xF81F,0xF81F,0xF81F,0xF81F,0xF81F,0xF81F,0xF81F,0xF81F,0xF81F,0xF81F,
    0xF81F,0xF81F,0xF81F,0xF81F,0xF81F,0xF81F,0xF81F,0xF81F,0xF81F,0xF81F,0xF81F,0xF81F,
    0xF81F,0xF81F,0xF81F,0xF81F,0xF81F,0xF81F,0xF81F,0xF81F,0xF81F,0xF81F,0xF81F,0xF81F,
    0xF81F,0xF81F,0xF81F,0xF81F,0xF81F,0xF81F,0xF81F,0xF81F,0xF81F,0xF81F,0xF81F,0xF81F,
    0xF81F,0xF81F,0xF81F,0xF81F,0xF81F,0xF81F,0xF81F,0xF81F,0xF81F,0xF81F,0xF81F,0xF81F,
    0xF81F,0xF81F,0xF81F,0xF81F,0xF81F,0xF81F,0xF81F,0xF81F,0xF81F,0xF81F,0xF81F,0xF81F,
    0xF81F,0xF81F,0xF81F,0xF81F,0xF81F,0xF81F,0xF81F,0xF81F,0xF81F,0xF81F,0xF81F,0xF81F,
    0xF81F,0xF81F,0xF81F,0xF81F,0xF81F,0xF81F,0xF81F,0xF81F,0xF81F,0xF81F,0xF81F,0xF81F,
    0xF81F,0xF81F,0xF81F,0xF81F,0xF81F,0xF81F,0xF81F,0xF81F,0xF547,0xF547,0xFE69,0xFE89,
    0xFE89,0xFE89,0xFE89,0xFE89,0xFE89,0xFE89,0xFE89,0xFE69,0xF547,0xF547,0xF81F,0xF81F,
    0xF81F,0xF81F,0xF81F,0xF81F,0xF81F,0xF81F,0xF81F,0xF81F,0xF81F,0xF81F,0xF81F,0xF81F,
    0xF81F,0xF81F,0xF81F,0xF81F,0xF81F,0xF81F,0xF81F,0xF81F,0xF81F,0xF81F,0xF81F,0xF81F,
    0xF81F,0xF81F,0xF81F,0xF81F,0xF81F,0xF81F,0xF81F,0xF81F,0xF81F,0xF81F,0xF81F,0xF81F,
    0xF81F,0xF81F,0xF81F,0xF81F,0xF81F,0xF81F,0xF81F,0xF81F,0xF81F,0xF81F,0xF81F,0xF81F,
    0xF81F,0xF81F,0xF81F,0xF81F,0xF81F,0xF81F,0xF81F,0xF81F,0xF81F,0xF81F,0xF81F,0xF81F,
    0xF81F,0xF81F,0xF81F,0xF81F,0xF81F,0xF81F,0xF81F,0xF81F,0xF81F,0xF81F,0xF81F,0xF81F,
    0xF81F,0xF81F,0xF81F,0xF81F,0xF81F,0xF81F,0xF81F,0xF81F,0xF81F,0xF81F,0xF81F,0xF81F,
    0xF81F,0xF81F,0xF81F,0xF81F,0xF81F,0xF81F,0xF81F,0xF81F,0xF81F,0xF81F,0xF81F,0xF81F,
    0xF81F,0xF81F,0xF81F,0xF81F,0xF81F,0xF81F,0xF81F,0xF81F,0xF81F,0xF81F,0xF81F,0xF81F,
    0xF81F,0xF81F,0xF81F,0xF81F,0xF81F,0xF81F,0xF81F,0xF81F,0xF81F,0xF81F,0xF81F,0xF81F,
    0xF81F,0xF81F,0xF81F,0xF81F,0xF81F,0xF81F,0xF81F,0xF81F,0xF81F,0xF81F,0xF81F,0xF81F,
    0xF81F,0xF81F,0xF547,0xF567,0xFE89,0xFE89,0xFE89,0xFE89,0xFE89,0xFE89,0xFE89,0xFE89,
    0xFE89,0xFE89,0xF567,0xF547,0xF81F,0xF81F,0xF81F,0xF81F,0xF81F,0xF81F,0xF81F,0xF81F,
    0xF81F,0xF81F,0xF81F,0xF81F,0xF81F,0xF81F,0xF81F,0xF81F,0xF81F,0xF81F,0xF81F,0xF81F,
    0xF81F,0xF81F,0xF81F,0xF81F,0xF81F,0xF81F,0xF81F,0xF81F,0xF81F,0xF81F,0xF81F,0xF81F,
    0xF81F,0xF81F,0xF81F,0xF81F,0xF81F,0xF81F,0xF81F,0xF81F,0xF81F,0xF81F,0xF81F,0xF81F,
    0xF81F,0xF81F,0xF81F,0xF81F,0xF81F,0xF81F,0xF81F,0xF81F,0xF81F,0xF81F,0xF81F,0xF81F,
    0xF81F,0xF81F,0xF81F,0xF81F,0xF81F,0xF81F,0xF81F,0xF81F,0xF81F,0xF81F,0xF81F,0xF81F,
    0xF81F,0xF81F,0xF81F,0xF81F,0xF81F,0xF81F,0xF81F,0xF81F,0xF81F,0xF81F,0xF81F,0xF81F,
    0xF81F,0xF81F,0xF81F,0xF81F,0xF81F,0xF81F,0xF81F,0xF81F,0xF81F,0xF81F,0xF81F,0xF81F,
    0xF81F,0xF81F,0xF81F,0xF81F,0xF81F,0xF81F,0xF81F,0xF81F,0xF81F,0xF81F,0xF81F,0xF81F,
    0xF81F,0xF81F,0xF81F,0xF81F,0xF81F,0xF81F,0xF81F,0xF81F,0xF81F,0xF81F,0xF81F,0xF81F,
    0xF81F,0xF81F,0xF81F,0xF81F,0xF81F,0xF81F,0xF81F,0xF81F,0xF81F,0xF81F,0xF81F,0xF81F,
    0xF81F,0xF81F,0xF81F,0xF81F,0xF81F,0xF81F,0xF81F,0xF81F,0xF547,0xF5C8,0xFE89,0xFE89,
    0xFE89,0xFE89,0xFE89,0xFE89,0xFE89,0xFE89,0xFE89,0xFE89,0xF5C8,0xF547,0xF81F,0xF81F,
    0xF81F,0xF81F,0xF81F,0xF81F,0xF81F,0xF81F,0xF81F,0xF81F,0xF81F,0xF81F,0xF81F,0xF81F,
    0xF81F,0xF81F,0xF81F,0xF81F,0xF81F,0xF81F,0xF81F,0xF81F,0xF81F,0xF81F,0xF81F,0xF81F,
    0xF81F,0xF81F,0xF81F,0xF81F,0xF81F,0xF81F,0xF81F,0xF81F,0xF81F,0xF81F,0xF81F,0xF81F,
    0xF81F,0xF81F,0xF81F,0xF81F,0xF81F,0xF81F,0xF81F,0xF81F,0xF81F,0xF81F,0xF81F,0xF81F,
    0xF81F,0xF81F,0xF81F,0xF81F,0xF81F,0xF81F,0xF81F,0xF81F,0xF81F,0xF81F,0xF81F,0xF81F,
    0xF81F,0xF81F,0xF81F,0xF81F,0xF81F,0xF81F,0xF81F,0xF81F,0xF81F,0xF81F,0xF81F,0xF81F,
    0xF81F,0xF81F,0xF81F,0xF81F,0xF81F,0xF81F,0xF81F,0xF81F,0xF81F,0xF81F,0xF81F,0xF81F,
    0xF81F,0xF81F,0xF81F,0xF81F,0xF81F,0xF81F,0xF81F,0xF81F,0xF81F,0xF81F,0xF81F,0xF81F,
    0xF81F,0xF81F,0xF81F,0xF81F,0xF81F,0xF81F,0xF81F,0xF81F,0xF81F,0xF81F,0xF81F,0xF81F,
    0xF81F,0xF81F,0xF81F,0xF81F,0xF81F,0xF81F,0xF81F,0xF81F,0xF81F,0xF81F,0xF81F,0xF81F,
    0xF81F,0xF81F,0xF81F,0xF81F,0xF81F,0xF81F,0xF81F,0xF81F,0xF81F,0xF81F,0xF81F,0xF81F,
    0xF81F,0xED47,0xF547,0xFE28,0xFE89,0xFE89,0xFE89,0xFE48,0xF587,0xF567,0xFE28,0xFE89,
    0xFE89,0xFE89,0xFE08,0xF547,0xED47,0xF81F,0xF81F,0xF81F,0xF81F,0xF81F,0xF81F,0xF81F,
    0xF81F,0xF81F,0xF81F,0xF81F,0xF81F,0xF81F,0xF81F,0xF81F,0xF81F,0xF81F,0xF81F,0xF81F,
    0xF81F,0xF81F,0xF81F,0xF81F,0xF81F,0xF81F,0xF81F,0xF81F,0xF81F,0xF81F,0xF81F,0xF81F,
    0xF81F,0xF81F,0xF81F,0xF81F,0xF81F,0xF81F,0xF81F,0xF81F,0xF81F,0xF81F,0xF81F,0xF81F,
    0xF81F,0xF81F,0xF81F,0xF81F,0xF81F,0xF81F,0xF81F,0xF81F,0xF81F,0xF81F,0xF81F,0xF81F,
    0xF81F,0xF81F,0xF81F,0xF81F,0xF81F,0xF81F,0xF81F,0xF81F,0xF81F,0xF81F,0xF81F,0xF81F,
    0xF81F,0xF81F,0xF81F,0xF81F,0xF81F,0xF81F,0xF81F,0xF81F,0xF81F,0xF81F,0xF81F,0xF81F,
    0xF81F,0xF81F,0xF81F,0xF81F,0xF81F,0xF81F,0xF81F,0xF81F,0xF81F,0xF81F,0xF81F,0xF81F,
    0xF81F,0xF81F,0xF81F,0xF81F,0xF81F,0xF81F,0xF81F,0xF81F,0xF81F,0xF81F,0xF81F,0xF81F,
    0xF81F,0xF81F,0xF81F,0xF81F,0xF81F,0xF81F,0xF81F,0xF81F,0xF81F,0xF81F,0xF81F,0xF81F,
    0xF81F,0xF81F,0xF81F,0xF81F,0xF81F,0xF81F,0xF81F,0xF81F,0xF81F,0xF81F,0xF81F,0xF81F,
    0xF81F,0xF81F,0xF81F,0xF81F,0xF81F,0xF81F,0xF81F,0xF547,0xF547,0xFE69,0xFE89,0xFE89,
    0xF5C8,0xF547,0xF547,0xF547,0xF547,0xF5C8,0xFE89,0xFE89,0xFE69,0xF547,0xF547,0xF81F,
    0xF81F,0xF81F,0xF81F,0xF81F,0xF81F,0xF81F,0xF81F,0xF81F,0xF81F,0xF81F,0xF81F,0xF81F,
    0xF81F,0xF81F,0xF81F,0xF81F,0xF81F,0xF81F,0xF81F,0xF81F,0xF81F,0xF81F,0xF81F,0xF81F,
    0xF81F,0xF81F,0xF81F,0xF81F,0xF81F,0xF81F,0xF81F,0xF81F,0xF81F,0xF81F,0xF81F,0xF81F,
    0xF81F,0xF81F,0xF81F,0xF81F,0xF81F,0xF81F,0xF81F,0xF81F,0xF81F,0xF81F,0xF81F,0xF81F,
    0xF81F,0xF81F,0xF81F,0xF81F,0xF81F,0xF81F,0xF81F,0xF81F,0xF81F,0xF81F,0xF81F,0xF81F,
    0xF81F,0xF81F,0xF81F,0xF81F,0xF81F,0xF81F,0xF81F,0xF81F,0xF81F,0xF81F,0xF81F,0xF81F,
    0xF81F,0xF81F,0xF81F,0xF81F,0xF81F,0xF81F,0xF81F,0xF81F,0xF81F,0xF81F,0xF81F,0xF81F,
    0xF81F,0xF81F,0xF81F,0xF81F,0xF81F,0xF81F,0xF81F,0xF81F,0xF81F,0xF81F,0xF81F,0xF81F,
    0xF81F,0xF81F,0xF81F,0xF81F,0xF81F,0xF81F,0xF81F,0xF81F,0xF81F,0xF81F,0xF81F,0xF81F,
    0xF81F,0xF81F,0xF81F,0xF81F,0xF81F,0xF81F,0xF81F,0xF81F,0xF81F,0xF81F,0xF81F,0xF81F,
    0xF81F,0xF81F,0xF81F,0xF81F,0xF81F,0xF81F,0xF81F,0xF81F,0xF81F,0xF81F,0xF81F,0xF81F,
    0xF81F,0xF547,0xF587,0xFE89,0xFE28,0xF567,0xF547,0xED47,0xAC47,0xAC47,0xED47,0xF547,
    0xF567,0xFE28,0xFE89,0xF587,0xF547,0xF81F,0xF81F,0xF81F,0xF81F,0xF81F,0xF81F,0xF81F,
    0xF81F,0xF81F,0xF81F,0xF81F,0xF81F,0xF81F,0xF81F,0xF81F,0xF81F,0xF81F,0xF81F,0xF81F,
    0xF81F,0xF81F,0xF81F,0xF81F,0xF81F,0xF81F,0xF81F,0xF81F,0xF81F,0xF81F,0xF81F,0xF81F,
    0xF81F,0xF81F,0xF81F,0xF81F,0xF81F,0xF81F,0xF81F,0xF81F,0xF81F,0xF81F,0xF81F,0xF81F,
    0xF81F,0xF81F,0xF81F,0xF81F,0xF81F,0xF81F,0xF81F,0xF81F,0xF81F,0xF81F,0xF81F,0xF81F,
    0xF81F,0xF81F,0xF81F,0xF81F,0xF81F,0xF81F,0xF81F,0xF81F,0xF81F,0xF81F,0xF81F,0xF81F,
    0xF81F,0xF81F,0xF81F,0xF81F,0xF81F,0xF81F,0xF81F,0xF81F,0xF81F,0xF81F,0xF81F,0xF81F,
    0xF81F,0xF81F,0xF81F,0xF81F,0xF81F,0xF81F,0xF81F,0xF81F,0xF81F,0xF81F,0xF81F,0xF81F,
    0xF81F,0xF81F,0xF81F,0xF81F,0xF81F,0xF81F,0xF81F,0xF81F,0xF81F,0xF81F,0xF81F,0xF81F,
    0xF81F,0xF81F,0xF81F,0xF81F,0xF81F,0xF81F,0xF81F,0xF81F,0xF81F,0xF81F,0xF81F,0xF81F,
    0xF81F,0xF81F,0xF81F,0xF81F,0xF81F,0xF81F,0xF81F,0xF81F,0xF81F,0xF81F,0xF81F,0xF81F,
    0xF81F,0xF81F,0xF81F,0xF81F,0xF81F,0x09E8,0x93E7,0xF547,0xF5C8,0xF5C8,0xF547,0xF547,
    0xC4A7,0x3A88,0x09E8,0x09E8,0x3288,0xC487,0xF547,0xF547,0xF5A8,0xF5C8,0xF547,0x93E7,
    0x09E8,0xF81F,0xF81F,0xF81F,0xF81F,0xF81F,0xF81F,0xF81F,0xF81F,0xF81F,0xF81F,0xF81F,
    0xF81F,0xF81F,0xF81F,0xF81F,0xF81F,0xF81F,0xF81F,0xF81F,0xF81F,0xF81F,0xF81F,0xF81F,
    0xF81F,0xF81F,0xF81F,0xF81F,0xF81F,0xF81F,0xF81F,0xF81F,0xF81F,0xF81F,0xF81F,0xF81F,
    0xF81F,0xF81F,0xF81F,0xF81F,0xF81F,0xF81F,0xF81F,0xF81F,0xF81F,0xF81F,0xF81F,0xF81F,
    0xF81F,0xF81F,0xF81F,0xF81F,0xF81F,0xF81F,0xF81F,0xF81F,0xF81F,0xF81F,0xF81F,0xF81F,
    0xF81F,0xF81F,0xF81F,0xF81F,0xF81F,0xF81F,0xF81F,0xF81F,0xF81F,0xF81F,0xF81F,0xF81F,
    0xF81F,0xF81F,0xF81F,0xF81F,0xF81F,0xF81F,0xF81F,0xF81F,0xF81F,0xF81F,0xF81F,0xF81F,
    0xF81F,0xF81F,0xF81F,0xF81F,0xF81F,0xF81F,0xF81F,0xF81F,0xF81F,0xF81F,0xF81F,0xF81F,
    0xF81F,0xF81F,0xF81F,0xF81F,0xF81F,0xF81F,0xF81F,0xF81F,0xF81F,0xF81F,0xF81F,0xF81F,
    0xF81F,0xF81F,0xF81F,0xF81F,0xF81F,0xF81F,0xF81F,0xF81F,0xF81F,0xF81F,0xF81F,0xF81F,
    0xF81F,0xF81F,0xF81F,0xF81F,0xF81F,0xF81F,0xF81F,0x09E8,0x09E8,0x09E8,0x09E8,0x09E8,
    0xBC87,0xF547,0xF547,0xF547,0xED27,0x7367,0x11E8,0x09E8,0x09E8,0x09E8,0x09E8,0x11E8,
    0x7367,0xED27,0xF547,0xF547,0xF547,0xBC87,0x09E8,0x09E8,0x09E8,0x09E8,0x09E8,0xF81F,
    0xF81F,0xF81F,0xF81F,0xF81F,0xF81F,0xF81F,0xF81F,0xF81F,0xF81F,0xF81F,0xF81F,0xF81F,
    0xF81F,0xF81F,0xF81F,0xF81F,0xF81F,0xF81F,0xF81F,0xF81F,0xF81F,0xF81F,0xF81F,0xF81F,
    0xF81F,0xF81F,0xF81F,0xF81F,0xF81F,0xF81F,0xF81F,0xF81F,0xF81F,0xF81F,0xF81F,0xF81F,
    0xF81F,0xF81F,0xF81F,0xF81F,0xF81F,0xF81F,0xF81F,0xF81F,0xF81F,0xF81F,0xF81F,0xF81F,
    0xF81F,0xF81F,0xF81F,0xF81F,0xF81F,0xF81F,0xF81F,0xF81F,0xF81F,0xF81F,0xF81F,0xF81F,
    0xF81F,0xF81F,0xF81F,0xF81F,0xF81F,0xF81F,0xF81F,0xF81F,0xF81F,0xF81F,0xF81F,0xF81F,
    0xF81F,0xF81F,0xF81F,0xF81F,0xF81F,0xF81F,0xF81F,0xF81F,0xF81F,0xF81F,0xF81F,0xF81F,
    0xF81F,0xF81F,0xF81F,0xF81F,0xF81F,0xF81F,0xF81F,0xF81F,0xF81F,0xF81F,0xF81F,0xF81F,
    0xF81F,0xF81F,0xF81F,0xF81F,0xF81F,0xF81F,0xF81F,0xF81F,0xF81F,0xF81F,0xF81F,0xF81F,
    0xF81F,0xF81F,0xF81F,0xF81F,0xF81F,0xF81F,0xF81F,0xF81F,0xF81F,0xF81F,0x09E8,0x09E8,
    0x09E8,0x09E8,0x09E8,0x09E8,0x09E8,0x1A08,0xED27,0xF547,0xF547,0xBCA8,0x3B8C,0x1B8E,
    0x23CE,0x23EF,0x2430,0x2430,0x23EF,0x23CE,0x1B8E,0x3B8C,0xBCA8,0xF547,0xF547,0xED27,
    0x1A08,0x09E8,0x09E8,0x09E8,0x09E8,0x09E8,0x09E8,0x09E8,0xF81F,0xF81F,0xF81F,0xF81F,
    0xF81F,0xF81F,0xF81F,0xF81F,0xF81F,0xF81F,0xF81F,0xF81F,0xF81F,0xF81F,0xF81F,0xF81F,
    0xF81F,0xF81F,0xF81F,0xF81F,0xF81F,0xF81F,0xF81F,0xF81F,0xF81F,0xF81F,0xF81F,0xF81F,
    0xF81F,0xF81F,0xF81F,0xF81F,0xF81F,0xF81F,0xF81F,0xF81F,0xF81F,0xF81F,0xF81F,0xF81F,
    0xF81F,0xF81F,0xF81F,0xF81F,0xF81F,0xF81F,0xF81F,0xF81F,0xF81F,0xF81F,0xF81F,0xF81F,
    0xF81F,0xF81F,0xF81F,0xF81F,0xF81F,0xF81F,0xF81F,0xF81F,0xF81F,0xF81F,0xF81F,0xF81F,
    0xF81F,0xF81F,0xF81F,0xF81F,0xF81F,0xF81F,0xF81F,0xF81F,0xF81F,0xF81F,0xF81F,0xF81F,
    0xF81F,0xF81F,0xF81F,0xF81F,0xF81F,0xF81F,0xF81F,0xF81F,0xF81F,0xF81F,0xF81F,0xF81F,
    0xF81F,0xF81F,0xF81F,0xF81F,0xF81F,0xF81F,0xF81F,0xF81F,0xF81F,0xF81F,0xF81F,0xF81F,
    0xF81F,0xF81F,0xF81F,0xF81F,0xF81F,0xF81F,0xF81F,0xF81F,0xF81F,0xF81F,0xF81F,0xF81F,
    0xF81F,0xF81F,0x09E8,0x09E8,0x09E8,0x09E8,0x09E8,0x09E8,0x09E8,0x1208,0x1B0C,0x648D,
    0xF547,0xE548,0x8611,0x46D9,0x3ED9,0x3ED9,0x3ED9,0x3ED9,0x3ED9,0x3ED9,0x3ED9,0x3ED9,
    0x3ED9,0x3ED9,0x46D9,0x8611,0xE548,0xF547,0x648D,0x1B0C,0x1208,0x09E8,0x09E8,0x09E8,
    0x09E8,0x09E8,0x09E8,0x09E8,0xF81F,0xF81F,0xF81F,0xF81F,0xF81F,0xF81F,0xF81F,0xF81F,
    0xF81F,0xF81F,0xF81F,0xF81F,0xF81F,0xF81F,0xF81F,0xF81F,0xF81F,0xF81F,0xF81F,0xF81F,
    0xF81F,0xF81F,0xF81F,0xF81F,0xF81F,0xF81F,0xF81F,0xF81F,0xF81F,0xF81F,0xF81F,0xF81F,
    0xF81F,0xF81F,0xF81F,0xF81F,0xF81F,0xF81F,0xF81F,0xF81F,0xF81F,0xF81F,0xF81F,0xF81F,
    0xF81F,0xF81F,0xF81F,0xF81F,0xF81F,0xF81F,0xF81F,0xF81F,0xF81F,0xF81F,0xF81F,0xF81F,
    0xF81F,0xF81F,0xF81F,0xF81F,0xF81F,0xF81F,0xF81F,0xF81F,0xF81F,0xF81F,0xF81F,0xF81F,
    0xF81F,0xF81F,0xF81F,0xF81F,0xF81F,0xF81F,0xF81F,0xF81F,0xF81F,0xF81F,0xF81F,0xF81F,
    0xF81F,0xF81F,0xF81F,0xF81F,0xF81F,0xF81F,0xF81F,0xF81F,0xF81F,0xF81F,0xF81F,0xF81F,
    0xF81F,0xF81F,0xF81F,0xF81F,0xF81F,0xF81F,0xF81F,0xF81F,0xF81F,0xF81F,0xF81F,0xF81F,
    0xF81F,0xF81F,0xF81F,0xF81F,0xF81F,0xF81F,0x09E8,0x09E8,0x09E8,0x09E8,0x09E8,0x09E8,
    0x126A,0x240F,0x3595,0x3E98,0x3ED9,0xA5EE,0xBDAC,0x5697,0x3ED9,0x3ED9,0x3ED9,0x3ED9,
    0x3ED9,0x3ED9,0x3ED9,0x3ED9,0x3ED9,0x3ED9,0x3ED9,0x3ED9,0x3ED9,0x3ED9,0x56B7,0xB5CD,
    0xA5EF,0x3ED9,0x3E98,0x3594,0x240F,0x126A,0x09E8,0x09E8,0x09E8,0x09E8,0x09E8,0x09E8,
    0xF81F,0xF81F,0xF81F,0xF81F,0xF81F,0xF81F,0xF81F,0xF81F,0xF81F,0xF81F,0xF81F,0xF81F,
    0xF81F,0xF81F,0xF81F,0xF81F,0xF81F,0xF81F,0xF81F,0xF81F,0xF81F,0xF81F,0xF81F,0xF81F,
    0xF81F,0xF81F,0xF81F,0xF81F,0xF81F,0xF81F,0xF81F,0xF81F,0xF81F,0xF81F,0xF81F,0xF81F,
    0xF81F,0xF81F,0xF81F,0xF81F,0xF81F,0xF81F,0xF81F,0xF81F,0xF81F,0xF81F,0xF81F,0xF81F,
    0xF81F,0xF81F,0xF81F,0xF81F,0xF81F,0xF81F,0xF81F,0xF81F,0xF81F,0xF81F,0xF81F,0xF81F,
    0xF81F,0xF81F,0xF81F,0xF81F,0xF81F,0xF81F,0xF81F,0xF81F,0xF81F,0xF81F,0xF81F,0xF81F,
    0xF81F,0xF81F,0xF81F,0xF81F,0xF81F,0xF81F,0xF81F,0xF81F,0xF81F,0xF81F,0xF81F,0xF81F,
    0xF81F,0xF81F,0xF81F,0xF81F,0xF81F,0xF81F,0xF81F,0xF81F,0xF81F,0xF81F,0xF81F,0xF81F,
    0xF81F,0xF81F,0xF81F,0xF81F,0xF81F,0xF81F,0xF81F,0xF81F,0xF81F,0xF81F,0x09E8,0x09E8,
    0x09E8,0x09E8,0x09E8,0x1229,0x23CE,0x3594,0x3EB9,0x3ED9,0x3ED9,0x3ED9,0x3ED9,0x6675,
    0x3ED9,0x3ED9,0x3ED9,0x3ED9,0x3ED9,0x3ED9,0x3ED9,0x3ED9,0x3ED9,0x3ED9,0x3ED9,0x3ED9,
    0x3ED9,0x3ED9,0x3ED9,0x3ED9,0x3ED9,0x3ED9,0x6675,0x3ED9,0x3ED9,0x3ED9,0x3ED9,0x3EB9,
    0x3594,0x23CE,0x1229,0x09E8,0x09E8,0x09E8,0x09E8,0x09E8,0xF81F,0xF81F,0xF81F,0xF81F,
    0xF81F,0xF81F,0xF81F,0xF81F,0xF81F,0xF81F,0xF81F,0xF81F,0xF81F,0xF81F,0xF81F,0xF81F,
    0xF81F,0xF81F,0xF81F,0xF81F,0xF81F,0xF81F,0xF81F,0xF81F,0xF81F,0xF81F,0xF81F,0xF81F,
    0xF81F,0xF81F,0xF81F,0xF81F,0xF81F,0xF81F,0xF81F,0xF81F,0xF81F,0xF81F,0xF81F,0xF81F,
    0xF81F,0xF81F,0xF81F,0xF81F,0xF81F,0xF81F,0xF81F,0xF81F,0xF81F,0xF81F,0xF81F,0xF81F,
    0xF81F,0xF81F,0xF81F,0xF81F,0xF81F,0xF81F,0xF81F,0xF81F,0xF81F,0xF81F,0xF81F,0xF81F,
    0xF81F,0xF81F,0xF81F,0xF81F,0xF81F,0xF81F,0xF81F,0xF81F,0xF81F,0xF81F,0xF81F,0xF81F,
    0xF81F,0xF81F,0xF81F,0xF81F,0xF81F,0xF81F,0xF81F,0xF81F,0xF81F,0xF81F,0xF81F,0xF81F,
    0xF81F,0xF81F,0xF81F,0xF81F,0xF81F,0xF81F,0xF81F,0xF81F,0xF81F,0xF81F,0xF81F,0xF81F,
    0xF81F,0xF81F,0x09E8,0x09E8,0x09E8,0x09E8,0x09E8,0x1249,0x2450,0x3E78,0x3ED9,0x3ED9,
    0x3ED9,0x3ED9,0x3ED9,0x3ED9,0x3ED9,0x3ED9,0x3ED9,0x3ED9,0x3ED9,0x3ED9,0x3ED9,0x3ED9,
    0x3ED9,0x3ED9,0x3ED9,0x3ED9,0x3ED9,0x3ED9,0x3ED9,0x3ED9,0x3ED9,0x3ED9,0x3ED9,0x3ED9,
    0x3ED9,0x3ED9,0x3ED9,0x3ED9,0x3ED9,0x3ED9,0x3ED9,0x3ED9,0x3E78,0x2CB1,0x126A,0x09E8,
    0x09E8,0x09E8,0x09E8,0x09E8,0xF81F,0xF81F,0xF81F,0xF81F,0xF81F,0xF81F,0xF81F,0xF81F,
    0xF81F,0xF81F,0xF81F,0xF81F,0xF81F,0xF81F,0xF81F,0xF81F,0xF81F,0xF81F,0xF81F,0xF81F,
    0xF81F,0xF81F,0xF81F,0xF81F,0xF81F,0xF81F,0xF81F,0xF81F,0xF81F,0xF81F,0xF81F,0xF81F,
    0xF81F,0xF81F,0xF81F,0xF81F,0xF81F,0xF81F,0xF81F,0xF81F,0xF81F,0xF81F,0xF81F,0xF81F,
    0xF81F,0xF81F,0xF81F,0xF81F,0xF81F,0xF81F,0xF81F,0xF81F,0xF81F,0xF81F,0xF81F,0xF81F,
    0xF81F,0xF81F,0xF81F,0xF81F,0xF81F,0xF81F,0xF81F,0xF81F,0xF81F,0xF81F,0xF81F,0xF81F,
    0xF81F,0xF81F,0xF81F,0xF81F,0xF81F,0xF81F,0xF81F,0xF81F,0xF81F,0xF81F,0xF81F,0xF81F,
    0xF81F,0xF81F,0xF81F,0xF81F,0xF81F,0xF81F,0xF81F,0xF81F,0xF81F,0xF81F,0xF81F,0xF81F,
    0xF81F,0xF81F,0xF81F,0xF81F,0xF81F,0xF81F,0x09E8,0x09E8,0x09E8,0x09E8,0x09E8,0x126A,
    0x2CD2,0x3EB8,0x3ED9,0x3ED9,0x3ED9,0x3ED9,0x3ED9,0x3ED9,0x3ED9,0x3ED9,0x3ED9,0x3ED9,
    0x3ED9,0x3ED9,0x3ED9,0x3ED9,0x3ED9,0x3ED9,0x3ED9,0x3ED9,0x3ED9,0x3ED9,0x3ED9,0x3ED9,
    0x3ED9,0x3ED9,0x3ED9,0x3ED9,0x3ED9,0x3ED9,0x3ED9,0x3ED9,0x3ED9,0x3ED9,0x3ED9,0x3ED9,
    0x3ED9,0x3ED9,0x3ED9,0x3ED9,0x3E98,0x2CD2,0x126A,0x09E8,0x09E8,0x09E8,0x09E8,0x09E8,
    0xF81F,0xF81F,0xF81F,0xF81F,0xF81F,0xF81F,0xF81F,0xF81F,0xF81F,0xF81F,0xF81F,0xF81F,
    0xF81F,0xF81F,0xF81F,0xF81F,0xF81F,0xF81F,0xF81F,0xF81F,0xF81F,0xF81F,0xF81F,0xF81F,
    0xF81F,0xF81F,0xF81F,0xF81F,0xF81F,0xF81F,0xF81F,0xF81F,0xF81F,0xF81F,0xF81F,0xF81F,
    0xF81F,0xF81F,0xF81F,0xF81F,0xF81F,0xF81F,0xF81F,0xF81F,0xF81F,0xF81F,0xF81F,0xF81F,
    0xF81F,0xF81F,0xF81F,0xF81F,0xF81F,0xF81F,0xF81F,0xF81F,0xF81F,0xF81F,0xF81F,0xF81F,
    0xF81F,0xF81F,0xF81F,0xF81F,0xF81F,0xF81F,0xF81F,0xF81F,0xF81F,0xF81F,0xF81F,0xF81F,
    0xF81F,0xF81F,0xF81F,0xF81F,0xF81F,0xF81F,0xF81F,0xF81F,0xF81F,0xF81F,0xF81F,0xF81F,
    0xF81F,0xF81F,0xF81F,0xF81F,0xF81F,0xF81F,0xF81F,0xF81F,0xF81F,0xF81F,0xF81F,0x09E8,
    0x09E8,0x09E8,0x09E8,0x1208,0x240F,0x3E98,0x3ED9,0x3ED9,0x3ED9,0x3ED9,0x3ED9,0x3ED9,
    0x3ED9,0x3ED9,0x3ED9,0x3ED9,0x3ED9,0x3ED9,0x3ED9,0x3ED9,0x3ED9,0x3ED9,0x3ED9,0x3ED9,
    0x3ED9,0x3ED9,0x3ED9,0x3ED9,0x3ED9,0x3ED9,0x3ED9,0x3ED9,0x3ED9,0x3ED9,0x3ED9,0x3ED9,
    0x3ED9,0x3ED9,0x3ED9,0x3ED9,0x3ED9,0x3ED9,0x3ED9,0x3ED9,0x3ED9,0x3ED9,0x3ED9,0x3ED9,
    0x3E98,0x2450,0x1208,0x09E8,0x09E8,0x09E8,0x09E8,0xF81F,0xF81F,0xF81F,0xF81F,0xF81F,
    0xF81F,0xF81F,0xF81F,0xF81F,0xF81F,0xF81F,0xF81F,0xF81F,0xF81F,0xF81F,0xF81F,0xF81F,
    0xF81F,0xF81F,0xF81F,0xF81F,0xF81F,0xF81F,0xF81F,0xF81F,0xF81F,0xF81F,0xF81F,0xF81F,
    0xF81F,0xF81F,0xF81F,0xF81F,0xF81F,0xF81F,0xF81F,0xF81F,0xF81F,0xF81F,0xF81F,0xF81F,
    0xF81F,0xF81F,0xF81F,0xF81F,0xF81F,0xF81F,0xF81F,0xF81F,0xF81F,0xF81F,0xF81F,0xF81F,
    0xF81F,0xF81F,0xF81F,0xF81F,0xF81F,0xF81F,0xF81F,0xF81F,0xF81F,0xF81F,0xF81F,0xF81F,
    0xF81F,0xF81F,0xF81F,0xF81F,0xF81F,0xF81F,0xF81F,0xF81F,0xF81F,0xF81F,0xF81F,0xF81F,
    0xF81F,0xF81F,0xF81F,0xF81F,0xF81F,0xF81F,0xF81F,0xF81F,0xF81F,0xF81F,0xF81F,0xF81F,
    0xF81F,0xF81F,0xF81F,0xF81F,0x09E8,0x09E8,0x09E8,0x09E8,0x1B4D,0x3E16,0x3ED9,0x3ED9,
    0x3ED9,0x3ED9,0x3ED9,0x3ED9,0x3ED9,0x3ED9,0x3ED9,0x3ED9,0x3ED9,0x3ED9,0x3ED9,0x3ED9,
    0x3ED9,0x3ED9,0x3ED9,0x3ED9,0x3ED9,0x3ED9,0x3ED9,0x3ED9,0x3ED9,0x3ED9,0x3ED9,0x3ED9,
    0x3ED9,0x3ED9,0x3ED9,0x3ED9,0x3ED9,0x3ED9,0x3ED9,0x3ED9,0x3ED9,0x3ED9,0x3ED9,0x3ED9,
    0x3ED9,0x3ED9,0x3ED9,0x3ED9,0x3ED9,0x3ED9,0x3ED9,0x3ED9,0x3E16,0x1B4D,0x09E8,0x09E8,
    0x09E8,0x09E8,0xF81F,0xF81F,0xF81F,0xF81F,0xF81F,0xF81F,0xF81F,0xF81F,0xF81F,0xF81F,
    0xF81F,0xF81F,0xF81F,0xF81F,0xF81F,0xF81F,0xF81F,0xF81F,0xF81F,0xF81F,0xF81F,0xF81F,
    0xF81F,0xF81F,0xF81F,0xF81F,0xF81F,0xF81F,0xF81F,0xF81F,0xF81F,0xF81F,0xF81F,0xF81F,
    0xF81F,0xF81F,0xF81F,0xF81F,0xF81F,0xF81F,0xF81F,0xF81F,0xF81F,0xF81F,0xF81F,0xF81F,
    0xF81F,0xF81F,0xF81F,0xF81F,0xF81F,0xF81F,0xF81F,0xF81F,0xF81F,0xF81F,0xF81F,0xF81F,
    0xF81F,0xF81F,0xF81F,0xF81F,0xF81F,0xF81F,0xF81F,0xF81F,0xF81F,0xF81F,0xF81F,0xF81F,
    0xF81F,0xF81F,0xF81F,0xF81F,0xF81F,0xF81F,0xF81F,0xF81F,0xF81F,0xF81F,0xF81F,0xF81F,
    0xF81F,0xF81F,0xF81F,0xF81F,0xF81F,0xF81F,0xF81F,0xF81F,0x09E8,0x09E8,0x09E8,0x09E8,
    0x1208,0x2CB1,0x3EB9,0x3ED9,0x3ED9,0x3ED9,0x3ED9,0x3ED9,0x3ED9,0x3ED9,0x3ED9,0x3ED9,
    0x3ED9,0x3ED9,0x3ED9,0x3ED9,0x3ED9,0x3ED9,0x3ED9,0x3ED9,0x3ED9,0x3ED9,0x3ED9,0x3ED9,
    0x3ED9,0x3ED9,0x3ED9,0x3ED9,0x3ED9,0x3ED9,0x3ED9,0x3ED9,0x3ED9,0x3ED9,0x3ED9,0x3ED9,
    0x3ED9,0x3ED9,0x3ED9,0x3ED9,0x3ED9,0x3ED9,0x3ED9,0x3ED9,0x3ED9,0x3ED9,0x3ED9,0x3ED9,
    0x3ED9,0x3ED9,0x3ED9,0x3EB9,0x2CD2,0x1209,0x09E8,0x09E8,0x09E8,0x09E8,0xF81F,0xF81F,
    0xF81F,0xF81F,0xF81F,0xF81F,0xF81F,0xF81F,0xF81F,0xF81F,0xF81F,0xF81F,0xF81F,0xF81F,
    0xF81F,0xF81F,0xF81F,0xF81F,0xF81F,0xF81F,0xF81F,0xF81F,0xF81F,0xF81F,0xF81F,0xF81F,
    0xF81F,0xF81F,0xF81F,0xF81F,0xF81F,0xF81F,0xF81F,0xF81F,0xF81F,0xF81F,0xF81F,0xF81F,
    0xF81F,0xF81F,0xF81F,0xF81F,0xF81F,0xF81F,0xF81F,0xF81F,0xF81F,0xF81F,0xF81F,0xF81F,
    0xF81F,0xF81F,0xF81F,0xF81F,0xF81F,0xF81F,0xF81F,0xF81F,0xF81F,0xF81F,0xF81F,0xF81F,
    0xF81F,0xF81F,0xF81F,0xF81F,0xF81F,0xF81F,0xF81F,0xF81F,0xF81F,0xF81F,0xF81F,0xF81F,
    0xF81F,0xF81F,0xF81F,0xF81F,0xF81F,0xF81F,0xF81F,0xF81F,0xF81F,0xF81F,0xF81F,0xF81F,
    0xF81F,0x09E8,0x09E8,0x09E8,0x09E8,0x12AB,0x35D6,0x3ED9,0x3ED9,0x3ED9,0x3ED9,0x3ED9,
    0x3ED9,0x3ED9,0x3ED9,0x3ED9,0x3ED9,0x3ED9,0x3ED9,0x3ED9,0x3ED9,0x3ED9,0x3ED9,0x3ED9,
    0x3ED9,0x3ED9,0x3ED9,0x3ED9,0x3ED9,0x3ED9,0x3ED9,0x3ED9,0x3ED9,0x3ED9,0x3ED9,0x3ED9,
    0x3ED9,0x3ED9,0x3ED9,0x3ED9,0x3ED9,0x3ED9,0x3ED9,0x3ED9,0x3ED9,0x3ED9,0x3ED9,0x3ED9,
    0x3ED9,0x3ED9,0x3ED9,0x3ED9,0x3ED9,0x3ED9,0x3ED9,0x3ED9,0x3ED9,0x3ED9,0x3ED9,0x35F6,
    0x1ACB,0x09E8,0x09E8,0x09E8,0x09E8,0xF81F,0xF81F,0xF81F,0xF81F,0xF81F,0xF81F,0xF81F,
    0xF81F,0xF81F,0xF81F,0xF81F,0xF81F,0xF81F,0xF81F,0xF81F,0xF81F,0xF81F,0xF81F,0xF81F,
    0xF81F,0xF81F,0xF81F,0xF81F,0xF81F,0xF81F,0xF81F,0xF81F,0xF81F,0xF81F,0xF81F,0xF81F,
    0xF81F,0xF81F,0xF81F,0xF81F,0xF81F,0xF81F,0xF81F,0xF81F,0xF81F,0xF81F,0xF81F,0xF81F,
    0xF81F,0xF81F,0xF81F,0xF81F,0xF81F,0xF81F,0xF81F,0xF81F,0xF81F,0xF81F,0xF81F,0xF81F,
    0xF81F,0xF81F,0xF81F,0xF81F,0xF81F,0xF81F,0xF81F,0xF81F,0xF81F,0xF81F,0xF81F,0xF81F,
    0xF81F,0xF81F,0xF81F,0xF81F,0xF81F,0xF81F,0xF81F,0xF81F,0xF81F,0xF81F,0xF81F,0xF81F,
    0xF81F,0xF81F,0xF81F,0xF81F,0xF81F,0xF81F,0x09E8,0x09E8,0x09E8,0x09E8,0x1B6D,0x3E98,
    0x3ED9,0x3ED9,0x3ED9,0x3ED9,0x3ED9,0x3ED9,0x3ED9,0x3ED9,0x3ED9,0x3ED9,0x3ED9,0x3ED9,
    0x3ED9,0x3ED9,0x3ED9,0x3ED9,0x3ED9,0x3ED9,0x3ED9,0x3ED9,0x3ED9,0x3ED9,0x3ED9,0x3ED9,
    0x3ED9,0x3ED9,0x3ED9,0x3ED9,0x3ED9,0x3ED9,0x3ED9,0x3ED9,0x3ED9,0x3ED9,0x3ED9,0x3ED9,
    0x3ED9,0x3ED9,0x3ED9,0x3ED9,0x3ED9,0x3ED9,0x3ED9,0x3ED9,0x3ED9,0x3ED9,0x3ED9,0x3ED9,
    0x3ED9,0x3ED9,0x3ED9,0x3ED9,0x3ED9,0x3ED9,0x3E98,0x1B6D,0x09E8,0x09E8,0x09E8,0x09E8,
    0xF81F,0xF81F,0xF81F,0xF81F,0xF81F,0xF81F,0xF81F,0xF81F,0xF81F,0xF81F,0xF81F,0xF81F,
    0xF81F,0xF81F,0xF81F,0xF81F,0xF81F,0xF81F,0xF81F,0xF81F,0xF81F,0xF81F,0xF81F,0xF81F,
    0xF81F,0xF81F,0xF81F,0xF81F,0xF81F,0xF81F,0xF81F,0xF81F,0xF81F,0xF81F,0xF81F,0xF81F,
    0xF81F,0xF81F,0xF81F,0xF81F,0xF81F,0xF81F,0xF81F,0xF81F,0xF81F,0xF81F,0xF81F,0xF81F,
    0xF81F,0xF81F,0xF81F,0xF81F,0xF81F,0xF81F,0xF81F,0xF81F,0xF81F,0xF81F,0xF81F,0xF81F,
    0xF81F,0xF81F,0xF81F,0xF81F,0xF81F,0xF81F,0xF81F,0xF81F,0xF81F,0xF81F,0xF81F,0xF81F,
    0xF81F,0xF81F,0xF81F,0xF81F,0xF81F,0xF81F,0xF81F,0xF81F,0xF81F,0xF81F,0xF81F,0x09E8,
    0x09E8,0x09E8,0x09E8,0x240F,0x3EB9,0x3ED9,0x3ED9,0x3ED9,0x3ED9,0x3ED9,0x3ED9,0x3ED9,
    0x3ED9,0x3ED9,0x3ED9,0x3ED9,0x3ED9,0x3ED9,0x3ED9,0x3ED9,0x3ED9,0x3ED9,0x3ED9,0x3ED9,
    0x3ED9,0x3ED9,0x3ED9,0x3ED9,0x3ED9,0x3ED9,0x3ED9,0x3ED9,0x3ED9,0x3ED9,0x3ED9,0x3ED9,
    0x3ED9,0x3ED9,0x3ED9,0x3ED9,0x3ED9,0x3ED9,0x3ED9,0x3ED9,0x3ED9,0x3ED9,0x3ED9,0x3ED9,
    0x3ED9,0x3ED9,0x3ED9,0x3ED9,0x3ED9,0x3ED9,0x3ED9,0x3ED9,0x3ED9,0x3ED9,0x3ED9,0x3ED9,
    0x3ED9,0x3EB9,0x2450,0x09E8,0x09E8,0x09E8,0x09E8,0xF81F,0xF81F,0xF81F,0xF81F,0xF81F,
    0xF81F,0xF81F,0xF81F,0xF81F,0xF81F,0xF81F,0xF81F,0xF81F,0xF81F,0xF81F,0xF81F,0xF81F,
    0xF81F,0xF81F,0xF81F,0xF81F,0xF81F,0xF81F,0xF81F,0xF81F,0xF81F,0xF81F,0xF81F,0xF81F,
    0xF81F,0xF81F,0xF81F,0xF81F,0xF81F,0xF81F,0xF81F,0xF81F,0xF81F,0xF81F,0xF81F,0xF81F,
    0xF81F,0xF81F,0xF81F,0xF81F,0xF81F,0xF81F,0xF81F,0xF81F,0xF81F,0xF81F,0xF81F,0xF81F,
    0xF81F,0xF81F,0xF81F,0xF81F,0xF81F,0xF81F,0xF81F,0xF81F,0xF81F,0xF81F,0xF81F,0xF81F,
    0xF81F,0xF81F,0xF81F,0xF81F,0xF81F,0xF81F,0xF81F,0xF81F,0xF81F,0xF81F,0xF81F,0xF81F,
    0xF81F,0xF81F,0xF81F,0xF81F,0x09E8,0x09E8,0x09E8,0x09E8,0x2CB1,0x3ED9,0x3ED9,0x3ED9,
    0x3ED9,0x3ED9,0x3ED9,0x3ED9,0x3ED9,0x3ED9,0x3ED9,0x3ED9,0x3ED9,0x3ED9,0x3ED9,0x3ED9,
    0x3ED9,0x3ED9,0x3ED9,0x3ED9,0x3ED9,0x3ED9,0x3ED9,0x3ED9,0x3ED9,0x3ED9,0x3ED9,0x3ED9,
    0x3ED9,0x3ED9,0x3ED9,0x3ED9,0x3ED9,0x3ED9,0x3ED9,0x3ED9,0x3ED9,0x3ED9,0x3ED9,0x3ED9,
    0x3ED9,0x3ED9,0x3ED9,0x3ED9,0x3ED9,0x3ED9,0x3ED9,0x3ED9,0x3ED9,0x3ED9,0x3ED9,0x3ED9,
    0x3ED9,0x3ED9,0x3ED9,0x3ED9,0x3ED9,0x3ED9,0x3ED9,0x3ED9,0x3ED9,0x2CB1,0x09E8,0x09E8,
    0x09E8,0x09E8,0xF81F,0xF81F,0xF81F,0xF81F,0xF81F,0xF81F,0xF81F,0xF81F,0xF81F,0xF81F,
    0xF81F,0xF81F,0xF81F,0xF81F,0xF81F,0xF81F,0xF81F,0xF81F,0xF81F,0xF81F,0xF81F,0xF81F,
    0xF81F,0xF81F,0xF81F,0xF81F,0xF81F,0xF81F,0xF81F,0xF81F,0xF81F,0xF81F,0xF81F,0xF81F,
    0xF81F,0xF81F,0xF81F,0xF81F,0xF81F,0xF81F,0xF81F,0xF81F,0xF81F,0xF81F,0xF81F,0xF81F,
    0xF81F,0xF81F,0xF81F,0xF81F,0xF81F,0xF81F,0xF81F,0xF81F,0xF81F,0xF81F,0xF81F,0xF81F,
    0xF81F,0xF81F,0xF81F,0xF81F,0xF81F,0xF81F,0xF81F,0xF81F,0xF81F,0xF81F,0xF81F,0xF81F,
    0xF81F,0xF81F,0xF81F,0xF81F,0xF81F,0xF81F,0xF81F,0xF81F,0xF81F,0x09E8,0x09E8,0x09E8,
    0x09E8,0x2CB1,0x3ED9,0x3ED9,0x3ED9,0x3ED9,0x3ED9,0x3ED9,0x3ED9,0x3ED9,0x3ED9,0x3ED9,
    0x3ED9,0x3ED9,0x3ED9,0x3ED9,0x3ED9,0x3ED9,0x3ED9,0x3ED9,0x3ED9,0x3ED9,0x3ED9,0x3ED9,
    0x3ED9,0x3ED9,0x3ED9,0x3ED9,0x3ED9,0x3ED9,0x3ED9,0x3ED9,0x3ED9,0x3ED9,0x3ED9,0x3ED9,
    0x3ED9,0x3ED9,0x3ED9,0x3ED9,0x3ED9,0x3ED9,0x3ED9,0x3ED9,0x3ED9,0x3ED9,0x3ED9,0x3ED9,
    0x3ED9,0x3ED9,0x3ED9,0x3ED9,0x3ED9,0x3ED9,0x3ED9,0x3ED9,0x3ED9,0x3ED9,0x3ED9,0x3ED9,
    0x3ED9,0x3ED9,0x3ED9,0x3ED9,0x2CB1,0x09E8,0x09E8,0x09E8,0x09E8,0xF81F,0xF81F,0xF81F,
    0xF81F,0xF81F,0xF81F,0xF81F,0xF81F,0xF81F,0xF81F,0xF81F,0xF81F,0xF81F,0xF81F,0xF81F,
    0xF81F,0xF81F,0xF81F,0xF81F,0xF81F,0xF81F,0xF81F,0xF81F,0xF81F,0xF81F,0xF81F,0xF81F,
    0xF81F,0xF81F,0xF81F,0xF81F,0xF81F,0xF81F,0xF81F,0xF81F,0xF81F,0xF81F,0xF81F,0xF81F,
    0xF81F,0xF81F,0xF81F,0xF81F,0xF81F,0xF81F,0xF81F,0xF81F,0xF81F,0xF81F,0xF81F,0xF81F,
    0xF81F,0xF81F,0xF81F,0xF81F,0xF81F,0xF81F,0xF81F,0xF81F,0xF81F,0xF81F,0xF81F,0xF81F,
    0xF81F,0xF81F,0xF81F,0xF81F,0xF81F,0xF81F,0xF81F,0xF81F,0xF81F,0xF81F,0xF81F,0xF81F,
    0xF81F,0xF81F,0x09E8,0x09E8,0x09E8,0x09E8,0x2C71,0x3ED9,0x3ED9,0x3ED9,0x3ED9,0x3ED9,
    0x3ED9,0x3ED9,0x3ED9,0x3ED9,0x3ED9,0x3ED9,0x3ED9,0x3ED9,0x3ED9,0x3ED9,0x3ED9,0x3ED9,
    0x3ED9,0x3ED9,0x3ED9,0x3ED9,0x3ED9,0x3ED9,0x3ED9,0x3ED9,0x3ED9,0x3ED9,0x3ED9,0x3ED9,
    0x3ED9,0x3ED9,0x3ED9,0x3ED9,0x3ED9,0x3ED9,0x3ED9,0x3ED9,0x3ED9,0x3ED9,0x3ED9,0x3ED9,
    0x3ED9,0x3ED9,0x3ED9,0x3ED9,0x3ED9,0x3ED9,0x3ED9,0x3ED9,0x3ED9,0x3ED9,0x3ED9,0x3ED9,
    0x3ED9,0x3ED9,0x3ED9,0x3ED9,0x3ED9,0x3ED9,0x3ED9,0x3ED9,0x3ED9,0x3ED9,0x3ED9,0x2470,
    0x09E8,0x09E8,0x09E8,0x09E8,0xF81F,0xF81F,0xF81F,0xF81F,0xF81F,0xF81F,0xF81F,0xF81F,
    0xF81F,0xF81F,0xF81F,0xF81F,0xF81F,0xF81F,0xF81F,0xF81F,0xF81F,0xF81F,0xF81F,0xF81F,
    0xF81F,0xF81F,0xF81F,0xF81F,0xF81F,0xF81F,0xF81F,0xF81F,0xF81F,0xF81F,0xF81F,0xF81F,
    0xF81F,0xF81F,0xF81F,0xF81F,0xF81F,0xF81F,0xF81F,0xF81F,0xF81F,0xF81F,0xF81F,0xF81F,
    0xF81F,0xF81F,0xF81F,0xF81F,0xF81F,0xF81F,0xF81F,0xF81F,0xF81F,0xF81F,0xF81F,0xF81F,
    0xF81F,0xF81F,0xF81F,0xF81F,0xF81F,0xF81F,0xF81F,0xF81F,0xF81F,0xF81F,0xF81F,0xF81F,
    0xF81F,0xF81F,0xF81F,0xF81F,0xF81F,0xF81F,0xF81F,0xF81F,0x09E8,0x09E8,0x09E8,0x2430,
    0x3ED9,0x3ED9,0x3ED9,0x3ED9,0x3ED9,0x3ED9,0x3ED9,0x3ED9,0x3ED9,0x3ED9,0x3ED9,0x3ED9,
    0x3ED9,0x3ED9,0x3ED9,0x3ED9,0x3ED9,0x3ED9,0x3ED9,0x3ED9,0x3ED9,0x3ED9,0x3ED9,0x3ED9,
    0x3ED9,0x3ED9,0x3ED9,0x3ED9,0x3ED9,0x3ED9,0x3ED9,0x3ED9,0x3ED9,0x3ED9,0x3ED9,0x3ED9,
    0x3ED9,0x3ED9,0x3ED9,0x3ED9,0x3ED9,0x3ED9,0x3ED9,0x3ED9,0x3ED9,0x3ED9,0x3ED9,0x3ED9,
    0x3ED9,0x3ED9,0x3ED9,0x3ED9,0x3ED9,0x3ED9,0x3ED9,0x3ED9,0x3ED9,0x3ED9,0x3ED9,0x3ED9,
    0x3ED9,0x3ED9,0x3ED9,0x3ED9,0x3ED9,0x3ED9,0x2410,0x09E8,0x09E8,0x09E8,0xF81F,0xF81F,
    0xF81F,0xF81F,0xF81F,0xF81F,0xF81F,0xF81F,0xF81F,0xF81F,0xF81F,0xF81F,0xF81F,0xF81F,
    0xF81F,0xF81F,0xF81F,0xF81F,0xF81F,0xF81F,0xF81F,0xF81F,0xF81F,0xF81F,0xF81F,0xF81F,
    0xF81F,0xF81F,0xF81F,0xF81F,0xF81F,0xF81F,0xF81F,0xF81F,0xF81F,0xF81F,0xF81F,0xF81F,
    0xF81F,0xF81F,0xF81F,0xF81F,0xF81F,0xF81F,0xF81F,0xF81F,0xF81F,0xF81F,0xF81F,0xF81F,
    0xF81F,0xF81F,0xF81F,0xF81F,0xF81F,0xF81F,0xF81F,0xF81F,0xF81F,0xF81F,0xF81F,0xF81F,
    0xF81F,0xF81F,0xF81F,0xF81F,0xF81F,0xF81F,0xF81F,0xF81F,0xF81F,0xF81F,0xF81F,0xF81F,
    0xF81F,0x09E8,0x09E8,0x09E8,0x1B2C,0x3EB9,0x3ED9,0x3ED9,0x3ED9,0x3ED9,0x3ED9,0x3ED9,
    0x3ED9,0x3ED9,0x3ED9,0x3ED9,0x3ED9,0x4ED9,0x66FA,0x771A,0x7F3B,0x873B,0x8F3B,0x8F3B,
    0x873B,0x7F3B,0x771A,0x66FA,0x4ED9,0x3ED9,0x3ED9,0x3ED9,0x3ED9,0x3ED9,0x3ED9,0x3ED9,
    0x3ED9,0x3ED9,0x3ED9,0x3ED9,0x3ED9,0x3ED9,0x3ED9,0x3ED9,0x3ED9,0x3ED9,0x3ED9,0x3ED9,
    0x3ED9,0x3ED9,0x3ED9,0x3ED9,0x3ED9,0x3ED9,0x3ED9,0x3ED9,0x3ED9,0x3ED9,0x3ED9,0x3ED9,
    0x3ED9,0x3ED9,0x3ED9,0x3ED9,0x3ED9,0x3ED9,0x3ED9,0x3ED9,0x3ED9,0x3ED9,0x3ED9,0x3ED9,
    0x3EB9,0x1B4D,0x09E8,0x09E8,0x09E8,0xF81F,0xF81F,0xF81F,0xF81F,0xF81F,0xF81F,0xF81F,
    0xF81F,0xF81F,0xF81F,0xF81F,0xF81F,0xF81F,0xF81F,0xF81F,0xF81F,0xF81F,0xF81F,0xF81F,
    0xF81F,0xF81F,0xF81F,0xF81F,0xF81F,0xF81F,0xF81F,0xF81F,0xF81F,0xF81F,0xF81F,0xF81F,
    0xF81F,0xF81F,0xF81F,0xF81F,0xF81F,0xF81F,0xF81F,0xF81F,0xF81F,0xF81F,0xF81F,0xF81F,
    0xF81F,0xF81F,0xF81F,0xF81F,0xF81F,0xF81F,0xF81F,0xF81F,0xF81F,0xF81F,0xF81F,0xF81F,
    0xF81F,0xF81F,0xF81F,0xF81F,0xF81F,0xF81F,0xF81F,0xF81F,0xF81F,0xF81F,0xF81F,0xF81F,
    0xF81F,0xF81F,0xF81F,0xF81F,0xF81F,0xF81F,0x09E8,0x09E8,0x09E8,0x128A,0x3E78,0x3ED9,
    0x3ED9,0x3ED9,0x3ED9,0x3ED9,0x3ED9,0x3ED9,0x3ED9,0x3ED9,0x46D9,0x5EFA,0x7F3B,0x8F5B,
    0x8F5B,0x8F5B,0x8F5B,0x8F5B,0x8F5B,0x8F5B,0x8F5B,0x8F5B,0x8F5B,0x8F5B,0x8F5B,0x7F3B,
    0x5EFA,0x46D9,0x3ED9,0x3ED9,0x3ED9,0x3ED9,0x3ED9,0x3ED9,0x3ED9,0x3ED9,0x3ED9,0x3ED9,
    0x3ED9,0x3ED9,0x3ED9,0x3ED9,0x3ED9,0x3ED9,0x3ED9,0x3ED9,0x3ED9,0x3ED9,0x3ED9,0x3ED9,
    0x3ED9,0x3ED9,0x3ED9,0x3ED9,0x3ED9,0x3ED9,0x3ED9,0x3ED9,0x3ED9,0x3ED9,0x3ED9,0x3ED9,
    0x3ED9,0x3ED9,0x3ED9,0x3ED9,0x3ED9,0x3ED9,0x3ED9,0x3E77,0x128A,0x09E8,0x09E8,0x09E8,
    0xF81F,0xF81F,0xF81F,0xF81F,0xF81F,0xF81F,0xF81F,0xF81F,0xF81F,0xF81F,0xF81F,0xF81F,
    0xF81F,0xF81F,0xF81F,0xF81F,0xF81F,0xF81F,0xF81F,0xF81F,0xF81F,0xF81F,0xF81F,0xF81F,
    0xF81F,0xF81F,0xF81F,0xF81F,0xF81F,0xF81F,0xF81F,0xF81F,0xF81F,0xF81F,0xF81F,0xF81F,
    0xF81F,0xF81F,0xF81F,0xF81F,0xF81F,0xF81F,0xF81F,0xF81F,0xF81F,0xF81F,0xF81F,0xF81F,
    0xF81F,0xF81F,0xF81F,0xF81F,0xF81F,0xF81F,0xF81F,0xF81F,0xF81F,0xF81F,0xF81F,0xF81F,
    0xF81F,0xF81F,0xF81F,0xF81F,0xF81F,0xF81F,0xF81F,0xF81F,0xF81F,0xF81F,0xF81F,0xF81F,
    0x09E8,0x09E8,0x1208,0x35D5,0x3ED9,0x3ED9,0x3ED9,0x3ED9,0x3ED9,0x3ED9,0x3ED9,0x3ED9,
    0x3ED9,0x56FA,0x873B,0x8F5B,0x8F5B,0x8F5B,0x8F5B,0x8F5B,0x8F5B,0x8F5B,0x8F5B,0x8F5B,
    0x8F5B,0x8F5B,0x8F5B,0x8F5B,0x8F5B,0x8F5B,0x8F5B,0x873B,0x56FA,0x3ED9,0x3ED9,0x3ED9,
    0x3ED9,0x3ED9,0x3ED9,0x3ED9,0x3ED9,0x3ED9,0x3ED9,0x3ED9,0x3ED9,0x3ED9,0x3ED9,0x3ED9,
    0x3ED9,0x3ED9,0x3ED9,0x3ED9,0x3ED9,0x3ED9,0x3ED9,0x3ED9,0x3ED9,0x3ED9,0x3ED9,0x3ED9,
    0x3ED9,0x3ED9,0x3ED9,0x3ED9,0x3ED9,0x3ED9,0x3ED9,0x3ED9,0x3ED9,0x3ED9,0x3ED9,0x3ED9,
    0x3ED9,0x3ED9,0x35D5,0x1208,0x09E8,0x09E8,0xF81F,0xF81F,0xF81F,0xF81F,0xF81F,0xF81F,
    0xF81F,0xF81F,0xF81F,0xF81F,0xF81F,0xF81F,0xF81F,0xF81F,0xF81F,0xF81F,0xF81F,0xF81F,
    0xF81F,0xF81F,0xF81F,0xF81F,0xF81F,0xF81F,0xF81F,0xF81F,0xF81F,0xF81F,0xF81F,0xF81F,
    0xF81F,0xF81F,0xF81F,0xF81F,0xF81F,0xF81F,0xF81F,0xF81F,0xF81F,0xF81F,0xF81F,0xF81F,
    0xF81F,0xF81F,0xF81F,0xF81F,0xF81F,0xF81F,0xF81F,0xF81F,0xF81F,0xF81F,0xF81F,0xF81F,
    0xF81F,0xF81F,0xF81F,0xF81F,0xF81F,0xF81F,0xF81F,0xF81F,0xF81F,0xF81F,0xF81F,0xF81F,
    0xF81F,0xF81F,0xF81F,0xF81F,0xF81F,0x09E8,0x09E8,0x09E8,0x2C71,0x3ED9,0x3ED9,0x3ED9,
    0x3ED9,0x3ED9,0x3ED9,0x3ED9,0x3ED9,0x3ED9,0x671A,0x8F5B,0x8F5B,0x8F5B,0x8F5B,0x8F5B,
    0x8F5B,0x8F5B,0x8F5B,0x8F5B,0x8F5B,0x8F5B,0x8F5B,0x8F5B,0x8F5B,0x8F5B,0x8F5B,0x8F5B,
    0x8F5B,0x8F5B,0x8F5B,0x6F1A,0x46D9,0x3ED9,0x3ED9,0x3ED9,0x3ED9,0x3ED9,0x3ED9,0x3ED9,
    0x3ED9,0x3ED9,0x3ED9,0x3ED9,0x3ED9,0x3ED9,0x3ED9,0x3ED9,0x3ED9,0x3ED9,0x3ED9,0x3ED9,
    0x3ED9,0x3ED9,0x3ED9,0x3ED9,0x3ED9,0x3ED9,0x3ED9,0x3ED9,0x3ED9,0x3ED9,0x3ED9,0x3ED9,
    0x3ED9,0x3ED9,0x3ED9,0x3ED9,0x3ED9,0x3ED9,0x3ED9,0x3ED9,0x3ED9,0x2470,0x09E8,0x09E8,
    0x09E8,0xF81F,0xF81F,0xF81F,0xF81F,0xF81F,0xF81F,0xF81F,0xF81F,0xF81F,0xF81F,0xF81F,
    0xF81F,0xF81F,0xF81F,0xF81F,0xF81F,0xF81F,0xF81F,0xF81F,0xF81F,0xF81F,0xF81F,0xF81F,
    0xF81F,0xF81F,0xF81F,0xF81F,0xF81F,0xF81F,0xF81F,0xF81F,0xF81F,0xF81F,0xF81F,0xF81F,
    0xF81F,0xF81F,0xF81F,0xF81F,0xF81F,0xF81F,0xF81F,0xF81F,0xF81F,0xF81F,0xF81F,0xF81F,
    0xF81F,0xF81F,0xF81F,0xF81F,0xF81F,0xF81F,0xF81F,0xF81F,0xF81F,0xF81F,0xF81F,0xF81F,
    0xF81F,0xF81F,0xF81F,0xF81F,0xF81F,0xF81F,0xF81F,0xF81F,0xF81F,0xF81F,0x09E8,0x09E8,
    0x09E8,0x12CB,0x3EB8,0x3ED9,0x3ED9,0x3ED9,0x3ED9,0x3ED9,0x3ED9,0x3ED9,0x3ED9,0x771A,
    0x8F5B,0x8F5B,0x8F5B,0x8F5B,0x8F5B,0x8F5B,0x8F5B,0x8F5B,0x8F5B,0x8F5B,0x8F5B,0x8F5B,
    0x8F5B,0x8F5B,0x8F5B,0x8F5B,0x8F5B,0x8F5B,0x8F5B,0x8F5B,0x8F5B,0x8F5B,0x771A,0x3ED9,
    0x3ED9,0x3ED9,0x3ED9,0x3ED9,0x3ED9,0x3ED9,0x3ED9,0x3ED9,0x3ED9,0x3ED9,0x3ED9,0x3ED9,
    0x3ED9,0x3ED9,0x3ED9,0x3ED9,0x3ED9,0x3ED9,0x3ED9,0x3ED9,0x3ED9,0x3ED9,0x3ED9,0x3ED9,
    0x3ED9,0x3ED9,0x3ED9,0x3ED9,0x3ED9,0x3ED9,0x3ED9,0x3ED9,0x3ED9,0x3ED9,0x3ED9,0x3ED9,
    0x3ED9,0x3ED9,0x3ED9,0x3EB8,0x12AB,0x09E8,0x09E8,0x09E8,0xF81F,0xF81F,0xF81F,0xF81F,
    0xF81F,0xF81F,0xF81F,0xF81F,0xF81F,0xF81F,0xF81F,0xF81F,0xF81F,0xF81F,0xF81F,0xF81F,
    0xF81F,0xF81F,0xF81F,0xF81F,0xF81F,0xF81F,0xF81F,0xF81F,0xF81F,0xF81F,0xF81F,0xF81F,
    0xF81F,0xF81F,0xF81F,0xF81F,0xF81F,0xF81F,0xF81F,0xF81F,0xF81F,0xF81F,0xF81F,0xF81F,
    0xF81F,0xF81F,0xF81F,0xF81F,0xF81F,0xF81F,0xF81F,0xF81F,0xF81F,0xF81F,0xF81F,0xF81F,
    0xF81F,0xF81F,0xF81F,0xF81F,0xF81F,0xF81F,0xF81F,0xF81F,0xF81F,0xF81F,0xF81F,0xF81F,
    0xF81F,0xF81F,0xF81F,0xF81F,0x09E8,0x09E8,0x09E8,0x35B5,0x3ED9,0x3ED9,0x3ED9,0x3ED9,
    0x3ED9,0x3ED9,0x3ED9,0x3ED9,0x66FA,0x8F5B,0x8F5B,0x8F5B,0x8F5B,0x8F5B,0x8F5B,0x8F5B,
    0x8F5B,0x8F5B,0x8F5B,0x8F5B,0x8F5B,0x8F5B,0x8F5B,0x8F5B,0x8F5B,0x8F5B,0x8F5B,0x8F5B,
    0x8F5B,0x8F5B,0x8F5B,0x8F5B,0x8F5B,0x66FA,0x3ED9,0x3ED9,0x3ED9,0x3ED9,0x3ED9,0x3ED9,
    0x3ED9,0x3ED9,0x3ED9,0x3ED9,0x3ED9,0x3ED9,0x3ED9,0x3ED9,0x3ED9,0x3ED9,0x3ED9,0x3ED9,
    0x3ED9,0x3ED9,0x3ED9,0x3ED9,0x3ED9,0x3ED9,0x3ED9,0x3ED9,0x3ED9,0x3ED9,0x3ED9,0x3ED9,
    0x3ED9,0x3ED9,0x3ED9,0x3ED9,0x3ED9,0x3ED9,0x3ED9,0x3ED9,0x3ED9,0x3ED9,0x35B5,0x09E8,
    0x09E8,0x09E8,0xF81F,0xF81F,0xF81F,0xF81F,0xF81F,0xF81F,0xF81F,0xF81F,0xF81F,0xF81F,
    0xF81F,0xF81F,0xF81F,0xF81F,0xF81F,0xF81F,0xF81F,0xF81F,0xF81F,0xF81F,0xF81F,0xF81F,
    0xF81F,0xF81F,0xF81F,0xF81F,0xF81F,0xF81F,0xF81F,0xF81F,0xF81F,0xF81F,0xF81F,0xF81F,
    0xF81F,0xF81F,0xF81F,0xF81F,0xF81F,0xF81F,0xF81F,0xF81F,0xF81F,0xF81F,0xF81F,0xF81F,
    0xF81F,0xF81F,0xF81F,0xF81F,0xF81F,0xF81F,0xF81F,0xF81F,0xF81F,0xF81F,0xF81F,0xF81F,
    0xF81F,0xF81F,0xF81F,0xF81F,0xF81F,0xF81F,0xF81F,0xF81F,0xF81F,0x09E8,0x09E8,0x09E8,
    0x23CF,0x3ED9,0x3ED9,0x3ED9,0x3ED9,0x3ED9,0x3ED9,0x3ED9,0x3ED9,0x46D9,0x8F3B,0x8F5B,
    0x8F5B,0x8F5B,0x8F5B,0x8F5B,0x8F5B,0x8F5B,0x8F5B,0x8F5B,0x8F5B,0x8F5B,0x8F5B,0x8F5B,
    0x8F5B,0x8F5B,0x8F5B,0x8F5B,0x8F5B,0x8F5B,0x8F5B,0x8F5B,0x8F5B,0x8F5B,0x8F5B,0x8F3B,
    0x46D9,0x3ED9,0x3ED9,0x3ED9,0x3ED9,0x3ED9,0x3ED9,0x3ED9,0x3ED9,0x3ED9,0x3ED9,0x3ED9,
    0x3ED9,0x3ED9,0x3ED9,0x3ED9,0x3ED9,0x3ED9,0x3ED9,0x3ED9,0x3ED9,0x3ED9,0x3ED9,0x3ED9,
    0x3ED9,0x3ED9,0x3ED9,0x3ED9,0x3ED9,0x3ED9,0x3ED9,0x3ED9,0x3ED9,0x3ED9,0x3ED9,0x3ED9,
    0x3ED9,0x3ED9,0x3ED9,0x3ED9,0x3ED9,0x23CE,0x09E8,0x09E8,0x09E8,0xF81F,0xF81F,0xF81F,
    0xF81F,0xF81F,0xF81F,0xF81F,0xF81F,0xF81F,0xF81F,0xF81F,0xF81F,0xF81F,0xF81F,0xF81F,
    0xF81F,0xF81F,0xF81F,0xF81F,0xF81F,0xF81F,0xF81F,0xF81F,0xF81F,0xF81F,0xF81F,0xF81F,
    0xF81F,0xF81F,0xF81F,0xF81F,0xF81F,0xF81F,0xF81F,0xF81F,0xF81F,0xF81F,0xF81F,0xF81F,
    0xF81F,0xF81F,0xF81F,0xF81F,0xF81F,0xF81F,0xF81F,0xF81F,0xF81F,0xF81F,0xF81F,0xF81F,
    0xF81F,0xF81F,0xF81F,0xF81F,0xF81F,0xF81F,0xF81F,0xF81F,0xF81F,0xF81F,0xF81F,0xF81F,
    0xF81F,0xF81F,0xF81F,0x09E8,0x09E8,0x1208,0x3E37,0x3ED9,0x3ED9,0x3ED9,0x3ED9,0x3ED9,
    0x3ED9,0x3ED9,0x3ED9,0x671A,0x8F5B,0x8F5B,0x8F5B,0x8F5B,0x8F5B,0x8F5B,0x8F5B,0x8F5B,
    0x8F5B,0x8F5B,0x8F5B,0x8F5B,0x8F5B,0x8F5B,0x8F5B,0x8F5B,0x8F5B,0x8F5B,0x8F5B,0x8F5B,
    0x8F5B,0x8F5B,0x8F5B,0x8F5B,0x8F5B,0x8F5B,0x671A,0x3ED9,0x3ED9,0x3ED9,0x3ED9,0x3ED9,
    0x3ED9,0x3ED9,0x3ED9,0x3ED9,0x3ED9,0x3ED9,0x3ED9,0x3ED9,0x3ED9,0x3ED9,0x3ED9,0x3ED9,
    0x3ED9,0x3ED9,0x3ED9,0x3ED9,0x3ED9,0x3ED9,0x3ED9,0x3ED9,0x3ED9,0x3ED9,0x3ED9,0x3ED9,
    0x3ED9,0x3ED9,0x3ED9,0x3ED9,0x3ED9,0x3ED9,0x3ED9,0x3ED9,0x3ED9,0x3ED9,0x3ED9,0x3E37,
    0x1208,0x09E8,0x09E8,0xF81F,0xF81F,0xF81F,0xF81F,0xF81F,0xF81F,0xF81F,0xF81F,0xF81F,
    0xF81F,0xF81F,0xF81F,0xF81F,0xF81F,0xF81F,0xF81F,0xF81F,0xF81F,0xF81F,0xF81F,0xF81F,
    0xF81F,0xF81F,0xF81F,0xF81F,0xF81F,0xF81F,0xF81F,0xF81F,0xF81F,0xF81F,0xF81F,0xF81F,
    0xF81F,0xF81F,0xF81F,0xF81F,0xF81F,0xF81F,0xF81F,0xF81F,0xF81F,0xF81F,0xF81F,0xF81F,
    0xF81F,0xF81F,0xF81F,0xF81F,0xF81F,0xF81F,0xF81F,0xF81F,0xF81F,0xF81F,0xF81F,0xF81F,
    0xF81F,0xF81F,0xF81F,0xF81F,0xF81F,0xF81F,0xF81F,0xF81F,0x09E8,0x09E8,0x09E8,0x23EF,
    0x3ED9,0x3ED9,0x3ED9,0x3ED9,0x3ED9,0x3ED9,0x3ED9,0x3ED9,0x3ED9,0x7F3B,0x8F5B,0x8F5B,
    0x8F5B,0x8F5B,0x8F5B,0x8F5B,0x8F5B,0x8F5B,0x8F5B,0x8F5B,0x8F5B,0x8F5B,0x8F5B,0x8F5B,
    0x8F5B,0x8F5B,0x8F5B,0x8F5B,0x8F5B,0x8F5B,0x8F5B,0x8F5B,0x8F5B,0x8F5B,0x8F5B,0x8F5B,
    0x7F3B,0x3ED9,0x3ED9,0x3ED9,0x3ED9,0x3ED9,0x3ED9,0x3ED9,0x3ED9,0x3ED9,0x3ED9,0x3ED9,
    0x3ED9,0x3ED9,0x3ED9,0x3ED9,0x3ED9,0x3ED9,0x3ED9,0x3ED9,0x3ED9,0x3ED9,0x3ED9,0x3ED9,
    0x3ED9,0x3ED9,0x3ED9,0x3ED9,0x3ED9,0x3ED9,0x3ED9,0x3ED9,0x3ED9,0x3ED9,0x3ED9,0x3ED9,
    0x3ED9,0x3ED9,0x3ED9,0x3ED9,0x3ED9,0x3ED9,0x23CF,0x09E8,0x09E8,0x09E8,0xF81F,0xF81F,
    0xF81F,0xF81F,0xF81F,0xF81F,0xF81F,0xF81F,0xF81F,0xF81F,0xF81F,0xF81F,0xF81F,0xF81F,
    0xF81F,0xF81F,0xF81F,0xF81F,0xF81F,0xF81F,0xF81F,0xF81F,0xF81F,0xF81F,0xF81F,0xF81F,
    0xF81F,0xF81F,0xF81F,0xF81F,0xF81F,0xF81F,0xF81F,0xF81F,0xF81F,0xF81F,0xF81F,0xF81F,
    0xF81F,0xF81F,0xF81F,0xF81F,0xF81F,0xF81F,0xF81F,0xF81F,0xF81F,0xF81F,0xF81F,0xF81F,
    0xF81F,0xF81F,0xF81F,0xF81F,0xF81F,0xF81F,0xF81F,0xF81F,0xF81F,0xF81F,0xF81F,0xF81F,
    0xF81F,0xF81F,0x09E8,0x09E8,0x1208,0x3E37,0x3ED9,0x3ED9,0x3ED9,0x3ED9,0x3ED9,0x3ED9,
    0x3ED9,0x3ED9,0x3ED9,0x873B,0x8F5B,0x8F5B,0x8F5B,0x8F5B,0x8F5B,0x8F5B,0x8F5B,0x8F5B,
    0x8F5B,0x8F5B,0x8F5B,0x8F5B,0x8F5B,0x8F5B,0x8F5B,0x8F5B,0x8F5B,0x8F5B,0x8F5B,0x8F5B,
    0x8F5B,0x8F5B,0x8F5B,0x8F5B,0x8F5B,0x8F5B,0x873B,0x3ED9,0x3ED9,0x3ED9,0x3ED9,0x3ED9,
    0x3ED9,0x3ED9,0x3ED9,0x3ED9,0x3ED9,0x3ED9,0x3ED9,0x3ED9,0x3ED9,0x3ED9,0x3ED9,0x3ED9,
    0x3ED9,0x3ED9,0x3ED9,0x3ED9,0x3ED9,0x3ED9,0x3ED9,0x3ED9,0x3ED9,0x3ED9,0x3ED9,0x3ED9,
    0x3ED9,0x3ED9,0x3ED9,0x3ED9,0x3ED9,0x3ED9,0x3ED9,0x3ED9,0x3ED9,0x3ED9,0x3ED9,0x3ED9,
    0x3E37,0x1208,0x09E8,0x09E8,0xF81F,0xF81F,0xF81F,0xF81F,0xF81F,0xF81F,0xF81F,0xF81F,
    0xF81F,0xF81F,0xF81F,0xF81F,0xF81F,0xF81F,0xF81F,0xF81F,0xF81F,0xF81F,0xF81F,0xF81F,
    0xF81F,0xF81F,0xF81F,0xF81F,0xF81F,0xF81F,0xF81F,0xF81F,0xF81F,0xF81F,0xF81F,0xF81F,
    0xF81F,0xF81F,0xF81F,0xF81F,0xF81F,0xF81F,0xF81F,0xF81F,0xF81F,0xF81F,0xF81F,0xF81F,
    0xF81F,0xF81F,0xF81F,0xF81F,0xF81F,0xF81F,0xF81F,0xF81F,0xF81F,0xF81F,0xF81F,0xF81F,
    0xF81F,0xF81F,0xF81F,0xF81F,0xF81F,0xF81F,0xF81F,0x09E8,0x09E8,0x09E8,0x1B8E,0x3ED9,
    0x3ED9,0x3ED9,0x3ED9,0x3ED9,0x3ED9,0x3ED9,0x3ED9,0x3ED9,0x3ED9,0x873B,0x8F5B,0x8F5B,
    0x8F5B,0x8F5B,0x8F5B,0x8F5B,0x8F5B,0x8F5B,0x8F5B,0x8F5B,0x8F5B,0x8F5B,0x8F5B,0x8F5B,
    0x8F5B,0x8F5B,0x8F5B,0x8F5B,0x8F5B,0x8F5B,0x8F5B,0x9F5C,0xAF7C,0xBF9D,0xC7BD,0xD7BE,
    0xD7BE,0xC7BD,0xCFBE,0xCFBD,0xC7BD,0xBFBD,0xB79D,0x9F7C,0x8F5B,0x771A,0x56F9,0x46D9,
    0x3ED9,0x3ED9,0x3ED9,0x3ED9,0x3ED9,0x3ED9,0x3ED9,0x3ED9,0x3ED9,0x3ED9,0x3ED9,0x3ED9,
    0x3ED9,0x3ED9,0x3ED9,0x3ED9,0x3ED9,0x3ED9,0x3ED9,0x3ED9,0x3ED9,0x3ED9,0x3ED9,0x3ED9,
    0x3ED9,0x3ED9,0x3ED9,0x3ED9,0x3ED9,0x3ED9,0x3ED9,0x1B8D,0x09E8,0x09E8,0x09E8,0xF81F,
    0xF81F,0xF81F,0xF81F,0xF81F,0xF81F,0xF81F,0xF81F,0xF81F,0xF81F,0xF81F,0xF81F,0xF81F,
    0xF81F,0xF81F,0xF81F,0xF81F,0xF81F,0xF81F,0xF81F,0xF81F,0xF81F,0xF81F,0xF81F,0xF81F,
    0xF81F,0xF81F,0xF81F,0xF81F,0xF81F,0xF81F,0xF81F,0xF81F,0xF81F,0xF81F,0xF81F,0xF81F,
    0xF81F,0xF81F,0xF81F,0xF81F,0xF81F,0xF81F,0xF81F,0xF81F,0xF81F,0xF81F,0xF81F,0xF81F,
    0xF81F,0xF81F,0xF81F,0xF81F,0xF81F,0xF81F,0xF81F,0xF81F,0xF81F,0xF81F,0xF81F,0xF81F,
    0xF81F,0x09E8,0x09E8,0x09E8,0x3574,0x3ED9,0x3ED9,0x3ED9,0x3ED9,0x3ED9,0x3ED9,0x3ED9,
    0x3ED9,0x3ED9,0x3ED9,0x7F3B,0x8F5B,0x8F5B,0x8F5B,0x8F5B,0x8F5B,0x8F5B,0x8F5B,0x8F5B,
    0x8F5B,0x8F5B,0x8F5B,0x8F5B,0x8F5B,0x8F5B,0x8F5B,0x8F5B,0x8F5B,0x975C,0xAF7C,0xC7BD,
    0xDFDE,0xE7DE,0xE7DE,0xE7DE,0xE7DE,0xE7DE,0xDFDE,0xCFBE,0xCFBE,0xCFBE,0xCFBE,0xCFBE,
    0xCFBE,0xCFBE,0xCFBE,0xCFBE,0xCFBE,0xC7BD,0x9F7C,0x6F1A,0x46D9,0x3ED9,0x3ED9,0x3ED9,
    0x3ED9,0x3ED9,0x3ED9,0x3ED9,0x3ED9,0x3ED9,0x3ED9,0x3ED9,0x3ED9,0x3ED9,0x3ED9,0x3ED9,
    0x3ED9,0x3ED9,0x3ED9,0x3ED9,0x3ED9,0x3ED9,0x3ED9,0x3ED9,0x3ED9,0x3ED9,0x3ED9,0x3ED9,
    0x3ED9,0x3554,0x09E8,0x09E8,0x09E8,0xF81F,0xF81F,0xF81F,0xF81F,0xF81F,0xF81F,0xF81F,
    0xF81F,0xF81F,0xF81F,0xF81F,0xF81F,0xF81F,0xF81F,0xF81F,0xF81F,0xF81F,0xF81F,0xF81F,
    0xF81F,0xF81F,0xF81F,0xF81F,0xF81F,0xF81F,0xF81F,0xF81F,0xF81F,0xF81F,0xF81F,0xF81F,
    0xF81F,0xF81F,0xF81F,0xF81F,0xF81F,0xF81F,0xF81F,0xF81F,0xF81F,0xF81F,0xF81F,0xF81F,
    0xF81F,0xF81F,0xF81F,0xF81F,0xF81F,0xF81F,0xF81F,0xF81F,0xF81F,0xF81F,0xF81F,0xF81F,
    0xF81F,0xF81F,0xF81F,0xF81F,0xF81F,0xF81F,0xF81F,0x09E8,0x09E8,0x126A,0x3EB9,0x3ED9,
    0x3ED9,0x3ED9,0x3ED9,0x3ED9,0x3ED9,0x3ED9,0x3ED9,0x3ED9,0x3ED9,0x671A,0x8F5B,0x8F5B,
    0x8F5B,0x8F5B,0x8F5B,0x8F5B,0x8F5B,0x8F5B,0x8F5B,0x8F5B,0x8F5B,0x8F5B,0x8F5B,0x8F5B,
    0x8F5B,0x9F5C,0xC79D,0xDFDE,0xE7DE,0xE7DE,0xE7DE,0xE7DE,0xE7DE,0xE7DE,0xE7DE,0xE7DE,
    0xD7DE,0xCFBE,0xCFBE,0xCFBE,0xCFBE,0xCFBE,0xCFBE,0xCFBE,0xCFBE,0xCFBE,0xCFBE,0xCFBE,
    0xCFBE,0xCFBE,0xC7BD,0x975C,0x5EFA,0x3ED9,0x3ED9,0x3ED9,0x3ED9,0x3ED9,0x3ED9,0x3ED9,
    0x3ED9,0x3ED9,0x3ED9,0x3ED9,0x3ED9,0x3ED9,0x3ED9,0x3ED9,0x3ED9,0x3ED9,0x3ED9,0x3ED9,
    0x3ED9,0x3ED9,0x3ED9,0x3ED9,0x3ED9,0x3ED9,0x3ED9,0x3EB9,0x126A,0x09E8,0x09E8,0xF81F,
    0xF81F,0xF81F,0xF81F,0xF81F,0xF81F,0xF81F,0xF81F,0xF81F,0xF81F,0xF81F,0xF81F,0xF81F,
    0xF81F,0xF81F,0xF81F,0xF81F,0xF81F,0xF81F,0xF81F,0xF81F,0xF81F,0xF81F,0xF81F,0xF81F,
    0xF81F,0xF81F,0xF81F,0xF81F,0xF81F,0xF81F,0xF81F,0xF81F,0xF81F,0xF81F,0xF81F,0xF81F,
    0xF81F,0xF81F,0xF81F,0xF81F,0xF81F,0xF81F,0xF81F,0xF81F,0xF81F,0xF81F,0xF81F,0xF81F,
    0xF81F,0xF81F,0xF81F,0xF81F,0xF81F,0xF81F,0xF81F,0xF81F,0xF81F,0xF81F,0xF81F,0xF81F,
    0x09E8,0x09E8,0x09E8,0x2450,0x3ED9,0x3ED9,0x3ED9,0x3ED9,0x3ED9,0x3ED9,0x3ED9,0x3ED9,
    0x3ED9,0x3ED9,0x3ED9,0x46D9,0x8F3B,0x8F5B,0x8F5B,0x8F5B,0x8F5B,0x8F5B,0x8F5B,0x8F5B,
    0x8F5B,0x8F5B,0x8F5B,0x8F5B,0x8F5B,0xA77C,0xCFBE,0xE7DE,0xE7DE,0xE7DE,0xE7DE,0xE7DE,
    0xE7DE,0xE7DE,0xE7DE,0xE7DE,0xE7DE,0xDFDE,0xCFBE,0xCFBE,0xCFBE,0xCFBE,0xCFBE,0xCFBE,
    0xCFBE,0xCFBE,0xCFBE,0xCFBE,0xCFBE,0xCFBE,0xCFBE,0xCFBE,0xCFBE,0xCFBE,0xCFBE,0xAF9C,
    0x66FA,0x3ED9,0x3ED9,0x3ED9,0x3ED9,0x3ED9,0x3ED9,0x3ED9,0x3ED9,0x3ED9,0x3ED9,0x3ED9,
    0x3ED9,0x3ED9,0x3ED9,0x3ED9,0x3ED9,0x3ED9,0x3ED9,0x3ED9,0x3ED9,0x3ED9,0x3ED9,0x3ED9,
    0x3ED9,0x3ED9,0x2430,0x09E8,0x09E8,0x09E8,0xF81F,0xF81F,0xF81F,0xF81F,0xF81F,0xF81F,
    0xF81F,0xF81F,0xF81F,0xF81F,0xF81F,0xF81F,0xF81F,0xF81F,0xF81F,0xF81F,0xF81F,0xF81F,
    0xF81F,0xF81F,0xF81F,0xF81F,0xF81F,0xF81F,0xF81F,0xF81F,0xF81F,0xF81F,0xF81F,0xF81F,
    0xF81F,0xF81F,0xF81F,0xF81F,0xF81F,0xF81F,0xF81F,0xF81F,0xF81F,0xF81F,0xF81F,0xF81F,
    0xF81F,0xF81F,0xF81F,0xF81F,0xF81F,0xF81F,0xF81F,0xF81F,0xF81F,0xF81F,0xF81F,0xF81F,
    0xF81F,0xF81F,0xF81F,0xF81F,0xF81F,0xF81F,0x09E8,0x09E8,0x09E8,0x35B5,0x3ED9,0x3ED9,
    0x3ED9,0x3ED9,0x3ED9,0x3ED9,0x3ED9,0x3ED9,0x3ED9,0x3ED9,0x3ED9,0x3ED9,0x66FA,0x8F5B,
    0x8F5B,0x8F5B,0x8F5B,0x8F5B,0x8F5B,0x8F5B,0x8F5B,0x8F5B,0x8F5B,0x975C,0xCFBD,0xE7DE,
    0xE7DE,0xE7DE,0xE7DE,0xE7DE,0xE7DE,0xE7DE,0xE7DE,0xE7DE,0xE7DE,0xE7DE,0xE7DE,0xD7DE,
    0xCFBE,0xCFBE,0xCFBE,0xCFBE,0xCFBE,0xCFBE,0xCFBE,0xCFBE,0xCFBE,0xCFBE,0xCFBE,0xCFBE,
    0xCFBE,0xCFBE,0xCFBE,0xCFBE,0xCFBE,0xCFBE,0xCFBE,0xA77C,0x56F9,0x3ED9,0x3ED9,0x3ED9,
    0x3ED9,0x3ED9,0x3ED9,0x3ED9,0x3ED9,0x3ED9,0x3ED9,0x3ED9,0x3ED9,0x3ED9,0x3ED9,0x3ED9,
    0x3ED9,0x3ED9,0x3ED9,0x3ED9,0x3ED9,0x3ED9,0x3ED9,0x3ED9,0x3595,0x09E8,0x09E8,0x09E8,
    0xF81F,0xF81F,0xF81F,0xF81F,0xF81F,0xF81F,0xF81F,0xF81F,0xF81F,0xF81F,0xF81F,0xF81F,
    0xF81F,0xF81F,0xF81F,0xF81F,0xF81F,0xF81F,0xF81F,0xF81F,0xF81F,0xF81F,0xF81F,0xF81F,
    0xF81F,0xF81F,0xF81F,0xF81F,0xF81F,0xF81F,0xF81F,0xF81F,0xF81F,0xF81F,0xF81F,0xF81F,
    0xF81F,0xF81F,0xF81F,0xF81F,0xF81F,0xF81F,0xF81F,0xF81F,0xF81F,0xF81F,0xF81F,0xF81F,
    0xF81F,0xF81F,0xF81F,0xF81F,0xF81F,0xF81F,0xF81F,0xF81F,0xF81F,0xF81F,0xF81F,0xF81F,
    0x09E8,0x09E8,0x1229,0x3EB8,0x3ED9,0x3ED9,0x3ED9,0x3ED9,0x3ED9,0x3ED9,0x3ED9,0x3ED9,
    0x3ED9,0x3ED9,0x3ED9,0x3ED9,0x3ED9,0x771A,0x8F5B,0x8F5B,0x8F5B,0x8F5B,0x8F5B,0x8F5B,
    0x8F5B,0x8F5B,0xB79D,0xDFDE,0xE7DE,0xE7DE,0xE7DE,0xE7DE,0xE7DE,0xE7DE,0xE7DE,0xE7DE,
    0xE7DE,0xE7DE,0xE7DE,0xE7DE,0xDFDE,0xCFBE,0xCFBE,0xCFBE,0xCFBE,0xCFBE,0xCFBE,0xCFBE,
    0xCFBE,0xCFBE,0xCFBE,0xCFBE,0xCFBE,0xCFBE,0xCFBE,0xCFBE,0xCFBE,0xCFBE,0xCFBE,0xCFBE,
    0xCFBE,0xCFBE,0xC7BD,0x7F3B,0x46D9,0x3ED9,0x3ED9,0x3ED9,0x3ED9,0x3ED9,0x3ED9,0x3ED9,
    0x3ED9,0x3ED9,0x3ED9,0x3ED9,0x3ED9,0x3ED9,0x3ED9,0x3ED9,0x3ED9,0x3ED9,0x3ED9,0x3ED9,
    0x3ED9,0x3ED9,0x3EB8,0x1229,0x09E8,0x09E8,0xF81F,0xF81F,0xF81F,0xF81F,0xF81F,0xF81F,
    0xF81F,0xF81F,0xF81F,0xF81F,0xF81F,0xF81F,0xF81F,0xF81F,0xF81F,0xF81F,0xF81F,0xF81F,
    0xF81F,0xF81F,0xF81F,0xF81F,0xF81F,0xF81F,0xF81F,0xF81F,0xF81F,0xF81F,0xF81F,0xF81F,
    0xF81F,0xF81F,0xF81F,0xF81F,0xF81F,0xF81F,0xF81F,0xF81F,0xF81F,0xF81F,0xF81F,0xF81F,
    0xF81F,0xF81F,0xF81F,0xF81F,0xF81F,0xF81F,0xF81F,0xF81F,0xF81F,0xF81F,0xF81F,0xF81F,
    0xF81F,0xF81F,0xF81F,0xF81F,0xF81F,0xF81F,0x09E8,0x09E8,0x1B6D,0x3ED9,0x3ED9,0x3ED9,
    0x3ED9,0x3ED9,0x3ED9,0x3ED9,0x3ED9,0x3ED9,0x3ED9,0x3ED9,0x3ED9,0x3ED9,0x3ED9,0x3ED9,
    0x671A,0x8F5B,0x8F5B,0x8F5B,0x8F5B,0x8F5B,0x975C,0xCFBD,0xE7DE,0xE7DE,0xE7DE,0xE7DE,
    0xE7DE,0xE7DE,0xE7DE,0xE7DE,0xE7DE,0xE7DE,0xE7DE,0xE7DE,0xE7DE,0xD7DE,0xCFBE,0xCFBE,
    0xCFBE,0xCFBE,0xCFBE,0xCFBE,0xCFBE,0xCFBE,0xCFBE,0xCFBE,0xCFBE,0xCFBE,0xCFBE,0xCFBE,
    0xCFBE,0xCFBE,0xCFBE,0xCFBE,0xCFBE,0xCFBE,0xCFBE,0xCFBE,0xCFBE,0xCFBE,0xAF7C,0x4ED9,
    0x3ED9,0x3ED9,0x3ED9,0x3ED9,0x3ED9,0x3ED9,0x3ED9,0x3ED9,0x3ED9,0x3ED9,0x3ED9,0x3ED9,
    0x3ED9,0x3ED9,0x3ED9,0x3ED9,0x3ED9,0x3ED9,0x3ED9,0x3ED9,0x3ED9,0x1B6D,0x09E8,0x09E8,
    0xF81F,0xF81F,0xF81F,0xF81F,0xF81F,0xF81F,0xF81F,0xF81F,0xF81F,0xF81F,0xF81F,0xF81F,
    0xF81F,0xF81F,0xF81F,0xF81F,0xF81F,0xF81F,0xF81F,0xF81F,0xF81F,0xF81F,0xF81F,0xF81F,
    0xF81F,0xF81F,0xF81F,0xF81F,0xF81F,0xF81F,0xF81F,0xF81F,0xF81F,0xF81F,0xF81F,0xF81F,
    0xF81F,0xF81F,0xF81F,0xF81F,0xF81F,0xF81F,0xF81F,0xF81F,0xF81F,0xF81F,0xF81F,0xF81F,
    0xF81F,0xF81F,0xF81F,0xF81F,0xF81F,0xF81F,0xF81F,0xF81F,0xF81F,0xF81F,0xF81F,0x09E8,
    0x09E8,0x09E8,0x2CB2,0x3ED9,0x3ED9,0x3ED9,0x3ED9,0x3ED9,0x3ED9,0x3ED9,0x3ED9,0x3ED9,
    0x3ED9,0x3ED9,0x3ED9,0x3ED9,0x3ED9,0x3ED9,0x3ED9,0x56FA,0x873B,0x8F5B,0x8F5B,0x9F5C,
    0xD7BE,0xE7DE,0xE7DE,0xE7DE,0xE7DE,0xE7DE,0xE7DE,0xE7DE,0xE7DE,0xE7DE,0xE7DE,0xE7DE,
    0xE7DE,0xDFDE,0xD7BE,0xCFBE,0xCFBE,0xCFBE,0xCFBE,0xCFBE,0xCFBE,0xCFBE,0xCFBE,0xCFBE,
    0xCFBE,0xCFBE,0xCFBE,0xCFBE,0xCFBE,0xCFBE,0xCFBE,0xCFBE,0xCFBE,0xCFBE,0xCFBE,0xCFBE,
    0xCFBE,0xCFBE,0xCFBE,0xCFBE,0xCFBE,0xBF9D,0x5EFA,0x3ED9,0x3ED9,0x3ED9,0x3ED9,0x3ED9,
    0x3ED9,0x3ED9,0x3ED9,0x3ED9,0x3ED9,0x3ED9,0x3ED9,0x3ED9,0x3ED9,0x3ED9,0x3ED9,0x3ED9,
    0x3ED9,0x3ED9,0x3ED9,0x2CB1,0x09E8,0x09E8,0x09E8,0xF81F,0xF81F,0xF81F,0xF81F,0xF81F,
    0xF81F,0xF81F,0xF81F,0xF81F,0xF81F,0xF81F,0xF81F,0xF81F,0xF81F,0xF81F,0xF81F,0xF81F,
    0xF81F,0xF81F,0xF81F,0xF81F,0xF81F,0xF81F,0xF81F,0xF81F,0xF81F,0xF81F,0xF81F,0xF81F,
    0xF81F,0xF81F,0xF81F,0xF81F,0xF81F,0xF81F,0xF81F,0xF81F,0xF81F,0xF81F,0xF81F,0xF81F,
    0xF81F,0xF81F,0xF81F,0xF81F,0xF81F,0xF81F,0xF81F,0xF81F,0xF81F,0xF81F,0xF81F,0xF81F,
    0xF81F,0xF81F,0xF81F,0xF81F,0xF81F,0x09E8,0x09E8,0x09E8,0x3595,0x3ED9,0x3ED9,0x3ED9,
    0x3ED9,0x3ED9,0x3ED9,0x3ED9,0x3ED9,0x3ED9,0x3ED9,0x3ED9,0x3ED9,0x3ED9,0x3ED9,0x3ED9,
    0x3ED9,0x3ED9,0x46D9,0x5EFA,0x975C,0xDFDE,0xE7DE,0xE7DE,0xE7DE,0xE7DE,0xE7DE,0xE7DE,
    0xE7DE,0xE7DE,0xE7DE,0xE7DE,0xE7DE,0xDFDE,0xD7BE,0xCFBE,0xCFBE,0xCFBE,0xCFBE,0xCFBE,
    0xCFBE,0xCFBE,0xCFBE,0xCFBE,0xCFBE,0xCFBE,0xCFBE,0xCFBE,0xCFBE,0xCFBE,0xCFBE,0xCFBE,
    0xCFBE,0xCFBE,0xCFBE,0xCFBE,0xCFBE,0xCFBE,0xCFBE,0xCFBE,0xCFBE,0xCFBE,0xCFBE,0xCFBE,
    0xC7BD,0x5EFA,0x3ED9,0x3ED9,0x3ED9,0x3ED9,0x3ED9,0x3ED9,0x3ED9,0x3ED9,0x3ED9,0x3ED9,
    0x3ED9,0x3ED9,0x3ED9,0x3ED9,0x3ED9,0x3ED9,0x3ED9,0x3ED9,0x3ED9,0x3595,0x09E8,0x09E8,
    0x09E8,0xF81F,0xF81F,0xF81F,0xF81F,0xF81F,0xF81F,0xF81F,0xF81F,0xF81F,0xF81F,0xF81F,
    0xF81F,0xF81F,0xF81F,0xF81F,0xF81F,0xF81F,0xF81F,0xF81F,0xF81F,0xF81F,0xF81F,0xF81F,
    0xF81F,0xF81F,0xF81F,0xF81F,0xF81F,0xF81F,0xF81F,0xF81F,0xF81F,0xF81F,0xF81F,0xF81F,
    0xF81F,0xF81F,0xF81F,0xF81F,0xF81F,0xF81F,0xF81F,0xF81F,0xF81F,0xF81F,0xF81F,0xF81F,
    0xF81F,0xF81F,0xF81F,0xF81F,0xF81F,0xF81F,0xF81F,0xF81F,0xF81F,0xF81F,0xF81F,0x09E8,
    0x09E8,0x09E8,0x3E77,0x3ED9,0x3ED9,0x3ED9,0x3ED9,0x3ED9,0x3ED9,0x3ED9,0x3ED9,0x3ED9,
    0x3ED9,0x3ED9,0x3ED9,0x3ED9,0x3E57,0x238D,0x238D,0x3E16,0x3ED9,0x5EFA,0xC7BD,0xCFBE,
    0xD7DE,0xDFDE,0xDFDE,0xDFDE,0xDFDE,0xDFDE,0xDFDE,0xDFDE,0xDFDE,0xD7DE,0xB6FB,0x5BEF,
    0x5BEF,0xBF1B,0xCFBE,0xCFBE,0xCFBE,0xCFBE,0xCFBE,0xCFBE,0xCFBE,0xCFBE,0xCFBE,0xCFBE,
    0xCFBE,0xCFBE,0xCFBE,0xCFBE,0xBF1B,0x5BEF,0x5BEF,0xB6DA,0xCFBE,0xCFBE,0xCFBE,0xCFBE,
    0xCFBE,0xCFBE,0xCFBE,0xCFBE,0xCFBE,0xCFBE,0xCFBE,0xC7BD,0x5EFA,0x3ED9,0x3E16,0x238D,
    0x238D,0x3E57,0x3ED9,0x3ED9,0x3ED9,0x3ED9,0x3ED9,0x3ED9,0x3ED9,0x3ED9,0x3ED9,0x3ED9,
    0x3ED9,0x3ED9,0x3ED9,0x3E57,0x09E8,0x09E8,0x09E8,0xF81F,0xF81F,0xF81F,0xF81F,0xF81F,
    0xF81F,0xF81F,0xF81F,0xF81F,0xF81F,0xF81F,0xF81F,0xF81F,0xF81F,0xF81F,0xF81F,0xF81F,
    0xF81F,0xF81F,0xF81F,0xF81F,0xF81F,0xF81F,0xF81F,0xF81F,0xF81F,0xF81F,0xF81F,0xF81F,
    0xF81F,0xF81F,0xF81F,0xF81F,0xF81F,0xF81F,0xF81F,0xF81F,0xF81F,0xF81F,0xF81F,0xF81F,
    0xF81F,0xF81F,0xF81F,0xF81F,0xF81F,0xF81F,0xF81F,0xF81F,0xF81F,0xF81F,0xF81F,0xF81F,
    0xF81F,0xF81F,0xF81F,0xF81F,0xF81F,0x09E8,0x09E8,0x1249,0x3ED9,0x3ED9,0x3ED9,0x3ED9,
    0x3ED9,0x3ED9,0x3ED9,0x3ED9,0x3ED9,0x3ED9,0x3ED9,0x3ED9,0x3ED9,0x3ED9,0x238D,0x11A7,
    0x11A7,0x11C7,0x3CB1,0xBF9D,0xCFBE,0xCFBE,0xCFBE,0xCFBE,0xCFBE,0xCFBE,0xCFBE,0xCFBE,
    0xCFBE,0xCFBE,0xCFBD,0x7D34,0x19E8,0x11A7,0x11A7,0x5BEF,0xCFBE,0xCFBE,0xCFBE,0xCFBE,
    0xCFBE,0xCFBE,0xCFBE,0xCFBE,0xCFBE,0xCFBE,0xCFBE,0xCFBE,0xCFBE,0xCFBE,0x5BEF,0x11A7,
    0x11A7,0x19E8,0x7D34,0xCFBD,0xCFBE,0xCFBE,0xCFBE,0xCFBE,0xCFBE,0xCFBE,0xCFBE,0xCFBE,
    0xCFBE,0xCFBE,0xC79D,0x3CB2,0x11C7,0x11A7,0x11A7,0x238D,0x3ED9,0x3ED9,0x3ED9,0x3ED9,
    0x3ED9,0x3ED9,0x3ED9,0x3ED9,0x3ED9,0x3ED9,0x3ED9,0x3ED9,0x3ED9,0x3ED9,0x1249,0x09E8,
    0x09E8,0xF81F,0xF81F,0xF81F,0xF81F,0xF81F,0xF81F,0xF81F,0xF81F,0xF81F,0xF81F,0xF81F,
    0xF81F,0xF81F,0xF81F,0xF81F,0xF81F,0xF81F,0xF81F,0xF81F,0xF81F,0xF81F,0xF81F,0xF81F,
    0xF81F,0xF81F,0xF81F,0xF81F,0xF81F,0xF81F,0xF81F,0xF81F,0xF81F,0xF81F,0xF81F,0xF81F,
    0xF81F,0xF81F,0xF81F,0xF81F,0xF81F,0xF81F,0xF81F,0xF81F,0xF81F,0xF81F,0xF81F,0xF81F,
    0xF81F,0xF81F,0xF81F,0xF81F,0xF81F,0xF81F,0xF81F,0xF81F,0xF81F,0xF81F,0xF81F,0x09E8,
    0x09E8,0x1B0C,0x3ED9,0x3ED9,0x3ED9,0x3ED9,0x3ED9,0x3ED9,0x3ED9,0x3ED9,0x3ED9,0x3ED9,
    0x3ED9,0x3ED9,0x3ED9,0x3ED9,0x238D,0x11A7,0x11A7,0x11A7,0x11A7,0x3ACB,0x95D6,0xCFBD,
    0xCFBE,0xCFBE,0xCFBE,0xCFBE,0xCFBE,0xCFBE,0xCFBD,0x95D6,0x3ACB,0x11A7,0x11A7,0x11A7,
    0x11A7,0x5BEF,0xCFBE,0xCFBE,0xCFBE,0xCFBE,0xCFBE,0xCFBE,0xCFBE,0xCFBE,0xCFBE,0xCFBE,
    0xCFBE,0xCFBE,0xCFBE,0xCFBE,0x5BEF,0x11A7,0x11A7,0x11A7,0x11A7,0x3ACB,0x95D6,0xCFBD,
    0xCFBE,0xCFBE,0xCFBE,0xCFBE,0xCFBE,0xCFBE,0xCFBD,0x95D6,0x3ACB,0x11A7,0x11A7,0x11A7,
    0x11A7,0x238D,0x3ED9,0x3ED9,0x3ED9,0x3ED9,0x3ED9,0x3ED9,0x3ED9,0x3ED9,0x3ED9,0x3ED9,
    0x3ED9,0x3ED9,0x3ED9,0x3ED9,0x1AEC,0x09E8,0x09E8,0xF81F,0xF81F,0xF81F,0xF81F,0xF81F,
    0xF81F,0xF81F,0xF81F,0xF81F,0xF81F,0xF81F,0xF81F,0xF81F,0xF81F,0xF81F,0xF81F,0xF81F,
    0xF81F,0xF81F,0xF81F,0xF81F,0xF81F,0xF81F,0xF81F,0xF81F,0xF81F,0xF81F,0xF81F,0xF81F,
    0xF81F,0xF81F,0xF81F,0xF81F,0xF81F,0xF81F,0xF81F,0xF81F,0xF81F,0xF81F,0xF81F,0xF81F,
    0xF81F,0xF81F,0xF81F,0xF81F,0xF81F,0xF81F,0xF81F,0xF81F,0xF81F,0xF81F,0xF81F,0xF81F,
    0xF81F,0xF81F,0xF81F,0xF81F,0xF81F,0x09E8,0x09E8,0x1B6D,0x3ED9,0x3ED9,0x3ED9,0x3ED9,
    0x3ED9,0x3ED9,0x3ED9,0x3ED9,0x3ED9,0x3ED9,0x3ED9,0x3ED9,0x3ED9,0x3ED9,0x3E57,0x1ACB,
    0x11A7,0x11A7,0x11A7,0x11A7,0x11A7,0x2249,0x5C10,0x8554,0x95F7,0x95F7,0x8554,0x5C0F,
    0x2249,0x11A7,0x11A7,0x11A7,0x11A7,0x11A7,0x3B0C,0xBF1B,0xCFBE,0xCFBE,0xCFBE,0xCFBE,
    0xCFBE,0xCFBE,0xCFBE,0xCFBE,0xCFBE,0xCFBE,0xCFBE,0xCFBE,0xCFBE,0xCFBE,0xBF1B,0x3B0C,
    0x11A7,0x11A7,0x11A7,0x11A7,0x11A7,0x2249,0x5C10,0x8554,0x95F7,0x95F7,0x8554,0x5C0F,
    0x2249,0x11A7,0x11A7,0x11A7,0x11A7,0x11A7,0x1ACB,0x3E57,0x3ED9,0x3ED9,0x3ED9,0x3ED9,
    0x3ED9,0x3ED9,0x3ED9,0x3ED9,0x3ED9,0x3ED9,0x3ED9,0x3ED9,0x3ED9,0x3ED9,0x1B6D,0x09E8,
    0x09E8,0xF81F,0xF81F,0xF81F,0xF81F,0xF81F,0xF81F,0xF81F,0xF81F,0xF81F,0xF81F,0xF81F,
    0xF81F,0xF81F,0xF81F,0xF81F,0xF81F,0xF81F,0xF81F,0xF81F,0xF81F,0xF81F,0xF81F,0xF81F,
    0xF81F,0xF81F,0xF81F,0xF81F,0xF81F,0xF81F,0xF81F,0xF81F,0xF81F,0xF81F,0xF81F,0xF81F,
    0xF81F,0xF81F,0xF81F,0xF81F,0xF81F,0xF81F,0xF81F,0xF81F,0xF81F,0xF81F,0xF81F,0xF81F,
    0xF81F,0xF81F,0xF81F,0xF81F,0xF81F,0xF81F,0xF81F,0xF81F,0xF81F,0xF81F,0xF81F,0x09E8,
    0x09E8,0x23AE,0x3ED9,0x3ED9,0x3ED9,0x3ED9,0x3ED9,0x3ED9,0x3ED9,0x3ED9,0x3ED9,0x3ED9,
    0x3ED9,0x3ED9,0x3ED9,0x3ED9,0x3ED9,0x3EB9,0x4CF2,0x19E7,0x11A7,0x11A7,0x11A7,0x11A7,
    0x11A7,0x11A7,0x11A7,0x11A7,0x11A7,0x11A7,0x11A7,0x11A7,0x11A7,0x11A7,0x19C7,0x74D3,
    0xCFBD,0xCFBE,0xCFBE,0xCFBE,0xCFBE,0xCFBE,0xCFBE,0xCFBE,0xCFBE,0xCFBE,0xCFBE,0xCFBE,
    0xCFBE,0xCFBE,0xCFBE,0xCFBE,0xCFBE,0xCFBD,0x8554,0x19E7,0x11A7,0x11A7,0x11A7,0x11A7,
    0x11A7,0x11A7,0x11A7,0x11A7,0x11A7,0x11A7,0x11A7,0x11A7,0x11A7,0x11A7,0x19C7,0x4491,
    0x3EB9,0x3ED9,0x3ED9,0x3ED9,0x3ED9,0x3ED9,0x3ED9,0x3ED9,0x3ED9,0x3ED9,0x3ED9,0x3ED9,
    0x3ED9,0x3ED9,0x3ED9,0x3ED9,0x23AE,0x09E8,0x09E8,0xF81F,0xF81F,0xF81F,0xF81F,0xF81F,
    0xF81F,0xF81F,0xF81F,0xF81F,0xF81F,0xF81F,0xF81F,0xF81F,0xF81F,0xF81F,0xF81F,0xF81F,
    0xF81F,0xF81F,0xF81F,0xF81F,0xF81F,0xF81F,0xF81F,0xF81F,0xF81F,0xF81F,0xF81F,0xF81F,
    0xF81F,0xF81F,0xF81F,0xF81F,0xF81F,0xF81F,0xF81F,0xF81F,0xF81F,0xF81F,0xF81F,0xF81F,
    0xF81F,0xF81F,0xF81F,0xF81F,0xF81F,0xF81F,0xF81F,0xF81F,0xF81F,0xF81F,0xF81F,0xF81F,
    0xF81F,0xF81F,0xF81F,0xF81F,0x09E8,0x09E8,0x09E8,0x23EF,0x3ED9,0x3ED9,0x3ED9,0x3ED9,
    0x3ED9,0x3ED9,0x3ED9,0x3ED9,0x3ED9,0x3ED9,0x3ED9,0x3ED9,0x3ED9,0x3ED9,0x3ED9,0x46D9,
    0xBF9D,0xB6FB,0x6430,0x19C7,0x11A7,0x11A7,0x11A7,0x11A7,0x11A7,0x11A7,0x11A7,0x11A7,
    0x11A7,0x11A7,0x19C7,0x6430,0xB6FB,0xCFBE,0xCFBE,0xCFBE,0xCFBE,0xCFBE,0xCFBE,0xCFBE,
    0xCFBE,0xCFBE,0xCFBE,0xCFBE,0xCFBE,0xCFBE,0xCFBE,0xCFBE,0xCFBE,0xCFBE,0xCFBE,0xCFBE,
    0xCFBE,0xB6FB,0x6430,0x19C7,0x11A7,0x11A7,0x11A7,0x11A7,0x11A7,0x11A7,0x11A7,0x11A7,
    0x11A7,0x11A7,0x19C7,0x6430,0xB6FB,0xBF9D,0x46D9,0x3ED9,0x3ED9,0x3ED9,0x3ED9,0x3ED9,
    0x3ED9,0x3ED9,0x3ED9,0x3ED9,0x3ED9,0x3ED9,0x3ED9,0x3ED9,0x3ED9,0x3ED9,0x23EF,0x09E8,
    0x09E8,0x09E8,0xF81F,0xF81F,0xF81F,0xF81F,0xF81F,0xF81F,0xF81F,0xF81F,0xF81F,0xF81F,
    0xF81F,0xF81F,0xF81F,0xF81F,0xF81F,0xF81F,0xF81F,0xF81F,0xF81F,0xF81F,0xF81F,0xF81F,
    0xF81F,0xF81F,0xF81F,0xF81F,0xF81F,0xF81F,0xF81F,0xF81F,0xF81F,0xF81F,0xF81F,0xF81F,
    0xF81F,0xF81F,0xF81F,0xF81F,0xF81F,0xF81F,0xF81F,0xF81F,0xF81F,0xF81F,0xF81F,0xF81F,
    0xF81F,0xF81F,0xF81F,0xF81F,0xF81F,0xF81F,0xF81F,0xF81F,0xF81F,0x09E8,0x09E8,0x09E8,
    0x09E8,0x2430,0x3ED9,0x3ED9,0x3ED9,0x3ED9,0x3ED9,0x3ED9,0x3ED9,0x3ED9,0x3ED9,0x3ED9,
    0x3ED9,0x3ED9,0x3ED9,0x3ED9,0x3ED9,0x7F3B,0xCFBE,0xCFBE,0xCFBE,0xBF1B,0x7D14,0x434D,
    0x19C7,0x11A7,0x11A7,0x11A7,0x11A7,0x19C7,0x434D,0x7D14,0xBF1B,0xCFBE,0xCFBE,0xCFBE,
    0xCFBE,0xCFBE,0xCFBE,0xCFBE,0xCFBE,0xCFBE,0xCFBE,0xCFBE,0xCFBE,0xCFBE,0xCFBE,0xCFBE,
    0xCFBE,0xCFBE,0xCFBE,0xCFBE,0xCFBE,0xCFBE,0xCFBE,0xCFBE,0xCFBE,0xBF1B,0x7D14,0x434D,
    0x19C7,0x11A7,0x11A7,0x11A7,0x11A7,0x19C7,0x434D,0x7D14,0xBF1B,0xCFBE,0xCFBE,0xCFBE,
    0x7F3B,0x3ED9,0x3ED9,0x3ED9,0x3ED9,0x3ED9,0x3ED9,0x3ED9,0x3ED9,0x3ED9,0x3ED9,0x3ED9,
    0x3ED9,0x3ED9,0x3ED9,0x3ED9,0x2430,0x09E8,0x09E8,0x09E8,0x09E8,0xF81F,0xF81F,0xF81F,
    0xF81F,0xF81F,0xF81F,0xF81F,0xF81F,0xF81F,0xF81F,0xF81F,0xF81F,0xF81F,0xF81F,0xF81F,
    0xF81F,0xF81F,0xF81F,0xF81F,0xF81F,0xF81F,0xF81F,0xF81F,0xF81F,0xF81F,0xF81F,0xF81F,
    0xF81F,0xF81F,0xF81F,0xF81F,0xF81F,0xF81F,0xF81F,0xF81F,0xF81F,0xF81F,0xF81F,0xF81F,
    0xF81F,0xF81F,0xF81F,0xF81F,0xF81F,0xF81F,0xF81F,0xF81F,0xF81F,0xF81F,0xF81F,0xF81F,
    0xF81F,0xF81F,0xF81F,0x09E8,0x09E8,0x09E8,0x09E8,0x2430,0x3ED9,0x3ED9,0x3ED9,0x3ED9,
    0x3ED9,0x3ED9,0x3ED9,0x3ED9,0x3ED9,0x3ED9,0x3ED9,0x3ED9,0x3ED9,0x3ED9,0x46D9,0xBF9D,
    0xCFBE,0xCFBE,0xCFBE,0xCFBE,0xCFBE,0xCFBE,0xCFBD,0xBF1B,0xA679,0xA679,0xBF1B,0xCFBD,
    0xCFBE,0xCFBE,0xCFBE,0xCFBE,0xCFBE,0xCFBE,0xCFBE,0xCFBE,0xCFBE,0xCFBE,0xCFBE,0xCFBE,
    0xCFBE,0xCFBE,0xCFBE,0xCFBE,0xCFBE,0xCFBE,0xCFBE,0xCFBE,0xCFBE,0xCFBE,0xCFBE,0xCFBE,
    0xCFBE,0xCFBE,0xCFBE,0xCFBE,0xCFBE,0xCFBE,0xCFBD,0xBF1B,0xA679,0xA679,0xBF1B,0xCFBD,
    0xCFBE,0xCFBE,0xCFBE,0xCFBE,0xCFBE,0xCFBE,0xBF9D,0x46D9,0x3ED9,0x3ED9,0x3ED9,0x3ED9,
    0x3ED9,0x3ED9,0x3ED9,0x3ED9,0x3ED9,0x3ED9,0x3ED9,0x3ED9,0x3ED9,0x3ED9,0x2430,0x09E8,
    0x09E8,0x09E8,0x09E8,0xF81F,0xF81F,0xF81F,0xF81F,0xF81F,0xF81F,0xF81F,0xF81F,0xF81F,
    0xF81F,0xF81F,0xF81F,0xF81F,0xF81F,0xF81F,0xF81F,0xF81F,0xF81F,0xF81F,0xF81F,0xF81F,
    0xF81F,0xF81F,0xF81F,0xF81F,0xF81F,0xF81F,0xF81F,0xF81F,0xF81F,0xF81F,0xF81F,0xF81F,
    0xF81F,0xF81F,0xF81F,0xF81F,0xF81F,0xF81F,0xF81F,0xF81F,0xF81F,0xF81F,0xF81F,0xF81F,
    0xF81F,0xF81F,0xF81F,0xF81F,0xF81F,0xF81F,0xF81F,0xF81F,0x09E8,0x09E8,0x1249,0x09E8,
    0x09E8,0x23EF,0x3ED9,0x3ED9,0x3ED9,0x3ED9,0x3ED9,0x3ED9,0x3ED9,0x3ED9,0x3ED9,0x3ED9,
    0x3ED9,0x3ED9,0x3ED9,0x3ED9,0x6F1A,0xCFBE,0xCFBE,0xCFBE,0xCFBE,0xCFBE,0xCFBE,0xCFBE,
    0xCFBE,0xCFBE,0xCFBE,0xCFBE,0xCFBE,0xCFBE,0xCFBE,0xCFBE,0xCFBE,0xCFBE,0xCFBE,0xCFBE,
    0xCFBE,0xCFBE,0xCFBE,0xCFBE,0xCFBE,0xCFBE,0xCFBE,0xCFBE,0xCFBE,0xCFBE,0xCFBE,0xCFBE,
    0xCFBE,0xCFBE,0xCFBE,0xCFBE,0xCFBE,0xCFBE,0xCFBE,0xCFBE,0xCFBE,0xCFBE,0xCFBE,0xCFBE,
    0xCFBE,0xCFBE,0xCFBE,0xCFBE,0xCFBE,0xCFBE,0xCFBE,0xCFBE,0xCFBE,0xCFBE,0xCFBE,0xCFBE,
    0xCFBE,0x6F1A,0x3ED9,0x3ED9,0x3ED9,0x3ED9,0x3ED9,0x3ED9,0x3ED9,0x3ED9,0x3ED9,0x3ED9,
    0x3ED9,0x3ED9,0x3ED9,0x3ED9,0x23EF,0x09E8,0x09E8,0x1249,0x09E8,0x09E8,0xF81F,0xF81F,
    0xF81F,0xF81F,0xF81F,0xF81F,0xF81F,0xF81F,0xF81F,0xF81F,0xF81F,0xF81F,0xF81F,0xF81F,
    0xF81F,0xF81F,0xF81F,0xF81F,0xF81F,0xF81F,0xF81F,0xF81F,0xF81F,0xF81F,0xF81F,0xF81F,
    0xF81F,0xF81F,0xF81F,0xF81F,0xF81F,0xF81F,0xF81F,0xF81F,0xF81F,0xF81F,0xF81F,0xF81F,
    0xF81F,0xF81F,0xF81F,0xF81F,0xF81F,0xF81F,0xF81F,0xF81F,0xF81F,0xF81F,0xF81F,0xF81F,
    0xF81F,0xF81F,0x09E8,0x09E8,0x23EF,0x09E8,0x09E8,0x23AE,0x3ED9,0x3ED9,0x3ED9,0x3ED9,
    0x3ED9,0x3ED9,0x3ED9,0x3ED9,0x3ED9,0x3ED9,0x3ED9,0x3ED9,0x3ED9,0x3ED9,0xA77C,0xCFBE,
    0xCFBE,0xCFBE,0xCFBE,0xCFBE,0xCFBE,0xCFBE,0xCFBE,0xCFBE,0xCFBE,0xCFBE,0xCFBE,0xCFBE,
    0xCFBE,0xCFBE,0xCFBE,0xCFBE,0xCFBE,0xCFBE,0xCFBE,0xCFBE,0xCFBE,0xCFBE,0xCFBE,0xCFBE,
    0xCFBE,0xCFBE,0xCFBE,0xCFBE,0xCFBE,0xCFBE,0xCFBE,0xCFBE,0xCFBE,0xCFBE,0xCFBE,0xCFBE,
    0xCFBE,0xCFBE,0xCFBE,0xCFBE,0xCFBE,0xCFBE,0xCFBE,0xCFBE,0xCFBE,0xCFBE,0xCFBE,0xCFBE,
    0xCFBE,0xCFBE,0xCFBE,0xCFBE,0xCFBE,0xCFBE,0xCFBE,0xA77C,0x3ED9,0x3ED9,0x3ED9,0x3ED9,
    0x3ED9,0x3ED9,0x3ED9,0x3ED9,0x3ED9,0x3ED9,0x3ED9,0x3ED9,0x3ED9,0x3ED9,0x23AE,0x09E8,
    0x09E8,0x23EF,0x09E8,0x09E8,0xF81F,0xF81F,0xF81F,0xF81F,0xF81F,0xF81F,0xF81F,0xF81F,
    0xF81F,0xF81F,0xF81F,0xF81F,0xF81F,0xF81F,0xF81F,0xF81F,0xF81F,0xF81F,0xF81F,0xF81F,
    0xF81F,0xF81F,0xF81F,0xF81F,0xF81F,0xF81F,0xF81F,0xF81F,0xF81F,0xF81F,0xF81F,0xF81F,
    0xF81F,0xF81F,0xF81F,0xF81F,0xF81F,0xF81F,0xF81F,0xF81F,0xF81F,0xF81F,0xF81F,0xF81F,
    0xF81F,0xF81F,0xF81F,0xF81F,0xF81F,0xF81F,0xF81F,0x09E8,0x09E8,0x1249,0x2D33,0x09E8,
    0x09E8,0x1B6D,0x3ED9,0x3ED9,0x3ED9,0x3ED9,0x3ED9,0x3ED9,0x3ED9,0x3ED9,0x3ED9,0x3ED9,
    0x3ED9,0x3ED9,0x3ED9,0x46D9,0xCFBD,0xCFBE,0xCFBE,0xCFBE,0xCFBE,0xCFBE,0xCFBE,0xCFBE,
    0xCFBE,0xCFBE,0xCFBE,0xCFBE,0xCFBE,0xCFBE,0xCFBE,0xCFBE,0xCFBE,0xCFBE,0xCFBE,0xCFBE,
    0xCFBE,0xCFBE,0xCFBE,0xCFBE,0xCFBE,0xCFBE,0xCFBE,0xCFBE,0xCFBE,0xCFBE,0xCFBE,0xCFBE,
    0xCFBE,0xCFBE,0xCFBE,0xCFBE,0xCFBE,0xCFBE,0xCFBE,0xCFBE,0xCFBE,0xCFBE,0xCFBE,0xCFBE,
    0xCFBE,0xCFBE,0xCFBE,0xCFBE,0xCFBE,0xCFBE,0xCFBE,0xCFBE,0xCFBE,0xCFBE,0xCFBE,0xCFBE,
    0xCFBE,0xCFBD,0x46D9,0x3ED9,0x3ED9,0x3ED9,0x3ED9,0x3ED9,0x3ED9,0x3ED9,0x3ED9,0x3ED9,
    0x3ED9,0x3ED9,0x3ED9,0x3ED9,0x1B6D,0x09E8,0x09E8,0x3533,0x1249,0x09E8,0x09E8,0xF81F,
    0xF81F,0xF81F,0xF81F,0xF81F,0xF81F,0xF81F,0xF81F,0xF81F,0xF81F,0xF81F,0xF81F,0xF81F,
    0xF81F,0xF81F,0xF81F,0xF81F,0xF81F,0xF81F,0xF81F,0xF81F,0xF81F,0xF81F,0xF81F,0xF81F,
    0xF81F,0xF81F,0xF81F,0xF81F,0xF81F,0xF81F,0xF81F,0xF81F,0xF81F,0xF81F,0xF81F,0xF81F,
    0xF81F,0xF81F,0xF81F,0xF81F,0xF81F,0xF81F,0xF81F,0xF81F,0xF81F,0xF81F,0xF81F,0xF81F,
    0xF81F,0x09E8,0x09E8,0x23CF,0x3594,0x09E8,0x09E8,0x1B0C,0x3ED9,0x3ED9,0x3ED9,0x3ED9,
    0x3ED9,0x3ED9,0x3ED9,0x3ED9,0x3ED9,0x3ED9,0x3ED9,0x3ED9,0x3ED9,0x6F1A,0xCFBE,0xCFBE,
    0xCFBE,0xCFBE,0xCFBE,0xCFBE,0xCFBE,0xCFBE,0xCFBE,0xCFBE,0xCFBE,0xCFBE,0xCFBE,0xCFBE,
    0xCFBE,0xCFBE,0xCFBE,0xCFBE,0xCFBE,0xCFBE,0xCFBE,0xCFBE,0xCFBE,0xCFBE,0xCFBE,0xCFBE,
    0xCFBE,0xCFBE,0xCFBE,0xCFBE,0xCFBE,0xCFBE,0xCFBE,0xCFBE,0xCFBE,0xCFBE,0xCFBE,0xCFBE,
    0xCFBE,0xCFBE,0xCFBE,0xCFBE,0xCFBE,0xCFBE,0xCFBE,0xCFBE,0xCFBE,0xCFBE,0xCFBE,0xCFBE,
    0xCFBE,0xCFBE,0xCFBE,0xCFBE,0xCFBE,0xCFBE,0xCFBE,0xCFBE,0x6F1A,0x3ED9,0x3ED9,0x3ED9,
    0x3ED9,0x3ED9,0x3ED9,0x3ED9,0x3ED9,0x3ED9,0x3ED9,0x3ED9,0x3ED9,0x3ED9,0x1AEC,0x09E8,
    0x09E8,0x3595,0x23CE,0x09E8,0x09E8,0xF81F,0xF81F,0xF81F,0xF81F,0xF81F,0xF81F,0xF81F,
    0xF81F,0xF81F,0xF81F,0xF81F,0xF81F,0xF81F,0xF81F,0xF81F,0xF81F,0xF81F,0xF81F,0xF81F,
    0xF81F,0xF81F,0xF81F,0xF81F,0xF81F,0xF81F,0xF81F,0xF81F,0xF81F,0xF81F,0xF81F,0xF81F,
    0xF81F,0xF81F,0xF81F,0xF81F,0xF81F,0xF81F,0xF81F,0xF81F,0xF81F,0xF81F,0xF81F,0xF81F,
    0xF81F,0xF81F,0xF81F,0xF81F,0xF81F,0xF81F,0xF81F,0x09E8,0x09E8,0x2CD2,0x3E37,0x09E8,
    0x09E8,0x1249,0x3ED9,0x3ED9,0x3ED9,0x3ED9,0x3ED9,0x3ED9,0x3ED9,0x3ED9,0x3ED9,0x3ED9,
    0x3ED9,0x3ED9,0x3ED9,0x8F3B,0xCFBE,0xCFBE,0xCFBE,0xCFBE,0xCFBE,0xCFBE,0xCFBE,0xCFBE,
    0xCFBE,0xCFBE,0xCFBE,0xCFBE,0xCFBE,0xCFBE,0xCFBE,0xCFBE,0xCFBE,0xCFBE,0xCFBE,0xCFBE,
    0xCFBE,0xCFBE,0xCFBE,0xCFBE,0xCFBE,0xCFBE,0xCFBE,0xCFBE,0xCFBE,0xCFBE,0xCFBE,0xCFBE,
    0xCFBE,0xCFBE,0xCFBE,0xCFBE,0xCFBE,0xCFBE,0xCFBE,0xCFBE,0xCFBE,0xCFBE,0xCFBE,0xCFBE,
    0xCFBE,0xCFBE,0xCFBE,0xCFBE,0xCFBE,0xCFBE,0xCFBE,0xCFBE,0xCFBE,0xCFBE,0xCFBE,0xCFBE,
    0xCFBE,0xCFBE,0x8F5B,0x3ED9,0x3ED9,0x3ED9,0x3ED9,0x3ED9,0x3ED9,0x3ED9,0x3ED9,0x3ED9,
    0x3ED9,0x3ED9,0x3ED9,0x3ED9,0x1249,0x09E8,0x09E8,0x3E57,0x2CD2,0x09E8,0x09E8,0xF81F,
    0xF81F,0xF81F,0xF81F,0xF81F,0xF81F,0xF81F,0xF81F,0xF81F,0xF81F,0xF81F,0xF81F,0xF81F,
    0xF81F,0xF81F,0xF81F,0xF81F,0xF81F,0xF81F,0xF81F,0xF81F,0xF81F,0xF81F,0xF81F,0xF81F,
    0xF81F,0xF81F,0xF81F,0xF81F,0xF81F,0xF81F,0xF81F,0xF81F,0xF81F,0xF81F,0xF81F,0xF81F,
    0xF81F,0xF81F,0xF81F,0xF81F,0xF81F,0xF81F,0xF81F,0xF81F,0xF81F,0xF81F,0xF81F,0xF81F,
    0xF81F,0x09E8,0x09E8,0x35B5,0x3EB9,0x1229,0x09E8,0x09E8,0x3E77,0x3ED9,0x3ED9,0x3ED9,
    0x3ED9,0x3ED9,0x3ED9,0x3ED9,0x3ED9,0x3ED9,0x3ED9,0x3ED9,0x3ED9,0xA77C,0xCFBE,0xCFBE,
    0xCFBE,0xCFBE,0xCFBE,0xCFBE,0xCFBE,0xCFBE,0xCFBE,0xCFBE,0xCFBE,0xCFBE,0xCFBE,0xCFBE,
    0xCFBE,0xCFBE,0xCFBE,0xCFBE,0xCFBE,0xCFBE,0xCFBE,0xCFBE,0xCFBE,0xCFBE,0xCFBE,0xCFBE,
    0xCFBE,0xCFBE,0xCFBE,0xCFBE,0xCFBE,0xCFBE,0xCFBE,0xCFBE,0xCFBE,0xCFBE,0xCFBE,0xCFBE,
    0xCFBE,0xCFBE,0xCFBE,0xCFBE,0xCFBE,0xCFBE,0xCFBE,0xCFBE,0xCFBE,0xCFBE,0xCFBE,0xCFBE,
    0xCFBE,0xCFBE,0xCFBE,0xCFBE,0xCFBE,0xCFBE,0xCFBE,0xCFBE,0xA77C,0x3ED9,0x3ED9,0x3ED9,
    0x3ED9,0x3ED9,0x3ED9,0x3ED9,0x3ED9,0x3ED9,0x3ED9,0x3ED9,0x3ED9,0x3E57,0x09E8,0x09E8,
    0x1229,0x3ED9,0x35B5,0x09E8,0x09E8,0xF81F,0xF81F,0xF81F,0xF81F,0xF81F,0xF81F,0xF81F,
    0xF81F,0xF81F,0xF81F,0xF81F,0xF81F,0xF81F,0xF81F,0xF81F,0xF81F,0xF81F,0xF81F,0xF81F,
    0xF81F,0xF81F,0xF81F,0xF81F,0xF81F,0xF81F,0xF81F,0xF81F,0xF81F,0xF81F,0xF81F,0xF81F,
    0xF81F,0xF81F,0xF81F,0xF81F,0xF81F,0xF81F,0xF81F,0xF81F,0xF81F,0xF81F,0xF81F,0xF81F,
    0xF81F,0xF81F,0xF81F,0xF81F,0xF81F,0xF81F,0xF81F,0x09E8,0x09E8,0x3616,0x3ED9,0x1AEB,
    0x09E8,0x09E8,0x3595,0x3ED9,0x3ED9,0x3ED9,0x3ED9,0x3ED9,0x3ED9,0x3ED9,0x3ED9,0x3ED9,
    0x3ED9,0x3ED9,0x3ED9,0xB79D,0xCFBE,0xCFBE,0xCFBE,0xCFBE,0xCFBE,0xCFBE,0xCFBE,0xCFBE,
    0xCFBE,0xCFBE,0xCFBE,0xCFBE,0xCFBE,0xCFBE,0xCFBE,0xCFBE,0xCFBE,0xCFBE,0xCFBE,0xCFBE,
    0xCFBE,0xCFBE,0xCFBE,0xCFBE,0xCFBE,0xCFBE,0xCFBE,0xCFBE,0xCFBE,0xCFBE,0xCFBE,0xCFBE,
    0xCFBE,0xCFBE,0xCFBE,0xCFBE,0xCFBE,0xCFBE,0xCFBE,0xCFBE,0xCFBE,0xCFBE,0xCFBE,0xCFBE,
    0xCFBE,0xCFBE,0xCFBE,0xCFBE,0xCFBE,0xCFBE,0xCFBE,0xCFBE,0xCFBE,0xCFBE,0xCFBE,0xCFBE,
    0xCFBE,0xCFBE,0xB79D,0x3ED9,0x3ED9,0x3ED9,0x3ED9,0x3ED9,0x3ED9,0x3ED9,0x3ED9,0x3ED9,
    0x3ED9,0x3ED9,0x3ED9,0x3595,0x09E8,0x09E8,0x1AEC,0x3ED9,0x35F6,0x09E8,0x09E8,0xF81F,
    0xF81F,0xF81F,0xF81F,0xF81F,0xF81F,0xF81F,0xF81F,0xF81F,0xF81F,0xF81F,0xF81F,0xF81F,
    0xF81F,0xF81F,0xF81F,0xF81F,0xF81F,0xF81F,0xF81F,0xF81F,0xF81F,0xF81F,0xF81F,0xF81F,
    0xF81F,0xF81F,0xF81F,0xF81F,0xF81F,0xF81F,0xF81F,0xF81F,0xF81F,0xF81F,0xF81F,0xF81F,
    0xF81F,0xF81F,0xF81F,0xF81F,0xF81F,0xF81F,0xF81F,0xF81F,0xF81F,0xF81F,0xF81F,0xF81F,
    0xF81F,0x09E8,0x09E8,0x3E37,0x3ED9,0x23AE,0x09E8,0x09E8,0x2CB2,0x3ED9,0x3ED9,0x3ED9,
    0x3ED9,0x3ED9,0x3ED9,0x3ED9,0x3ED9,0x3ED9,0x3ED9,0x3ED9,0x3ED9,0xC7BD,0xCFBE,0xCFBE,
    0xCFBE,0xCFBE,0xCFBE,0xCFBE,0xCFBE,0xCFBE,0xCFBE,0xCFBE,0xCFBE,0xCFBE,0xCFBE,0xCFBE,
    0xCFBE,0xCFBE,0xCFBE,0xCFBE,0xCFBE,0xCFBE,0xCFBE,0xCFBE,0xCFBE,0xCFBE,0xCFBE,0xCFBE,
    0xCFBE,0xCFBE,0xCFBE,0xCFBE,0xCFBE,0xCFBE,0xCFBE,0xCFBE,0xCFBE,0xCFBE,0xCFBE,0xCFBE,
    0xCFBE,0xCFBE,0xCFBE,0xCFBE,0xCFBE,0xCFBE,0xCFBE,0xCFBE,0xCFBE,0xCFBE,0xCFBE,0xCFBE,
    0xCFBE,0xCFBE,0xCFBE,0xCFBE,0xCFBE,0xCFBE,0xCFBE,0xCFBE,0xBFBD,0x3ED9,0x3ED9,0x3ED9,
    0x3ED9,0x3ED9,0x3ED9,0x3ED9,0x3ED9,0x3ED9,0x3ED9,0x3ED9,0x3ED9,0x2CB1,0x09E8,0x09E8,
    0x23AE,0x3ED9,0x3E16,0x09E8,0x09E8,0xF81F,0xF81F,0xF81F,0xF81F,0xF81F,0xF81F,0xF81F,
    0xF81F,0xF81F,0xF81F,0xF81F,0xF81F,0xF81F,0xF81F,0xF81F,0xF81F,0xF81F,0xF81F,0xF81F,
    0xF81F,0xF81F,0xF81F,0xF81F,0xF81F,0xF81F,0xF81F,0xF81F,0xF81F,0xF81F,0xF81F,0xF81F,
    0xF81F,0xF81F,0xF81F,0xF81F,0xF81F,0xF81F,0xF81F,0xF81F,0xF81F,0xF81F,0xF81F,0xF81F,
    0xF81F,0xF81F,0xF81F,0xF81F,0xF81F,0xF81F,0xF81F,0x09E8,0x09E8,0x35F6,0x3ED9,0x2CB2,
    0x09E8,0x09E8,0x1B6D,0x3ED9,0x3ED9,0x3ED9,0x3ED9,0x3ED9,0x3ED9,0x3ED9,0x3ED9,0x3ED9,
    0x3ED9,0x3ED9,0x3ED9,0xCFBD,0xCFBE,0xCFBE,0xCFBE,0xCFBE,0xCFBE,0xCFBE,0xCFBE,0xCFBE,
    0xCFBE,0xCFBE,0xCFBE,0xCFBE,0xCFBE,0xCFBE,0xCFBE,0xCFBE,0xCFBE,0xCFBE,0xCFBE,0xCFBE,
    0xCFBE,0xCFBE,0xCFBE,0xCFBE,0xCFBE,0xCFBE,0xCFBE,0xCFBE,0xCFBE,0xCFBE,0xCFBE,0xCFBE,
    0xCFBE,0xCFBE,0xCFBE,0xCFBE,0xCFBE,0xCFBE,0xCFBE,0xCFBE,0xCFBE,0xCFBE,0xCFBE,0xCFBE,
    0xCFBE,0xCFBE,0xCFBE,0xCFBE,0xCFBE,0xCFBE,0xCFBE,0xCFBE,0xCFBE,0xCFBE,0xCFBE,0xCFBE,
    0xCFBE,0xCFBE,0xCFBD,0x3ED9,0x3ED9,0x3ED9,0x3ED9,0x3ED9,0x3ED9,0x3ED9,0x3ED9,0x3ED9,
    0x3ED9,0x3ED9,0x3ED9,0x1B6D,0x09E8,0x09E8,0x2CD2,0x3ED9,0x35F6,0x09E8,0x09E8,0xF81F,
    0xF81F,0xF81F,0xF81F,0xF81F,0xF81F,0xF81F,0xF81F,0xF81F,0xF81F,0xF81F,0xF81F,0xF81F,
    0xF81F,0xF81F,0xF81F,0xF81F,0xF81F,0xF81F,0xF81F,0xF81F,0xF81F,0xF81F,0xF81F,0xF81F,
    0xF81F,0xF81F,0xF81F,0xF81F,0xF81F,0xF81F,0xF81F,0xF81F,0xF81F,0xF81F,0xF81F,0xF81F,
    0xF81F,0xF81F,0xF81F,0xF81F,0xF81F,0xF81F,0xF81F,0xF81F,0xF81F,0xF81F,0xF81F,0xF81F,
    0xF81F,0x09E8,0x09E8,0x3574,0x3ED9,0x3E16,0x09E8,0x09E8,0x1229,0x3EB8,0x3ED9,0x3ED9,
    0x3ED9,0x3ED9,0x3ED9,0x3ED9,0x3ED9,0x3ED9,0x3ED9,0x3ED9,0x3ED9,0xCFBD,0xCFBE,0xCFBE,
    0xCFBE,0xCFBE,0xCFBE,0xCFBE,0xCFBE,0xCFBE,0xCFBE,0xCFBE,0xCFBE,0xCFBE,0xCFBE,0xCFBE,
    0xCFBE,0xCFBE,0xCFBE,0xCFBE,0xCFBE,0xCFBE,0xCFBE,0xCFBE,0xCFBE,0xCFBE,0xCFBE,0xC79D,
    0x7D14,0x3AEC,0x19E8,0x19E8,0x3AEC,0x7D14,0xC79D,0xCFBE,0xCFBE,0xCFBE,0xCFBE,0xCFBE,
    0xCFBE,0xCFBE,0xCFBE,0xCFBE,0xCFBE,0xCFBE,0xCFBE,0xCFBE,0xCFBE,0xCFBE,0xCFBE,0xCFBE,
    0xCFBE,0xCFBE,0xCFBE,0xCFBE,0xCFBE,0xCFBE,0xCFBE,0xCFBE,0xC7BD,0x3ED9,0x3ED9,0x3ED9,
    0x3ED9,0x3ED9,0x3ED9,0x3ED9,0x3ED9,0x3ED9,0x3ED9,0x3ED9,0x3EB8,0x1229,0x09E8,0x09E8,
    0x3E16,0x3ED9,0x3554,0x09E8,0x09E8,0xF81F,0xF81F,0xF81F,0xF81F,0xF81F,0xF81F,0xF81F,
    0xF81F,0xF81F,0xF81F,0xF81F,0xF81F,0xF81F,0xF81F,0xF81F,0xF81F,0xF81F,0xF81F,0xF81F,
    0xF81F,0xF81F,0xF81F,0xF81F,0xF81F,0xF81F,0xF81F,0xF81F,0xF81F,0xF81F,0xF81F,0xF81F,
    0xF81F,0xF81F,0xF81F,0xF81F,0xF81F,0xF81F,0xF81F,0xF81F,0xF81F,0xF81F,0xF81F,0xF81F,
    0xF81F,0xF81F,0xF81F,0xF81F,0xF81F,0xF81F,0xF81F,0x09E8,0x09E8,0x2CB2,0x3ED9,0x3ED9,
    0x128A,0x09E8,0x09E8,0x35B5,0x3ED9,0x3ED9,0x3ED9,0x3ED9,0x3ED9,0x3ED9,0x3ED9,0x3ED9,
    0x3ED9,0x3ED9,0x3ED9,0xC7BD,0xCFBE,0xCFBE,0xCFBE,0xCFBE,0xCFBE,0xCFBE,0xCFBE,0xCFBE,
    0xCFBE,0xCFBE,0xCFBE,0xCFBE,0xCFBE,0xCFBE,0xCFBE,0xCFBE,0xCFBE,0xCFBE,0xCFBE,0xCFBE,
    0xCFBE,0xCFBE,0xCFBE,0xCFBE,0xBF1B,0x32AB,0x11A7,0x11A7,0x11A7,0x11A7,0x11A7,0x11A7,
    0x32CB,0xBF1B,0xCFBE,0xCFBE,0xCFBE,0xCFBE,0xCFBE,0xCFBE,0xCFBE,0xCFBE,0xCFBE,0xCFBE,
    0xCFBE,0xCFBE,0xCFBE,0xCFBE,0xCFBE,0xCFBE,0xCFBE,0xCFBE,0xCFBE,0xCFBE,0xCFBE,0xCFBE,
    0xCFBE,0xCFBE,0xBF9D,0x3ED9,0x3ED9,0x3ED9,0x3ED9,0x3ED9,0x3ED9,0x3ED9,0x3ED9,0x3ED9,
    0x3ED9,0x3ED9,0x3595,0x09E8,0x09E8,0x128A,0x3ED9,0x3ED9,0x2CB2,0x09E8,0x09E8,0xF81F,
    0xF81F,0xF81F,0xF81F,0xF81F,0xF81F,0xF81F,0xF81F,0xF81F,0xF81F,0xF81F,0xF81F,0xF81F,
    0xF81F,0xF81F,0xF81F,0xF81F,0xF81F,0xF81F,0xF81F,0xF81F,0xF81F,0xF81F,0xF81F,0xF81F,
    0xF81F,0xF81F,0xF81F,0xF81F,0xF81F,0xF81F,0xF81F,0xF81F,0xF81F,0xF81F,0xF81F,0xF81F,
    0xF81F,0xF81F,0xF81F,0xF81F,0xF81F,0xF81F,0xF81F,0xF81F,0xF81F,0xF81F,0xF81F,0xF81F,
    0xF81F,0x09E8,0x09E8,0x238E,0x3ED9,0x3ED9,0x23CF,0x09E8,0x09E8,0x2430,0x3ED9,0x3ED9,
    0x3ED9,0x3ED9,0x3ED9,0x3ED9,0x3ED9,0x3ED9,0x3ED9,0x3ED9,0x3ED9,0xB79D,0xCFBE,0xCFBE,
    0xCFBE,0xCFBE,0xCFBE,0xCFBE,0xCFBE,0xCFBE,0xCFBE,0xCFBE,0xCFBE,0xCFBE,0xCFBE,0xCFBE,
    0xCFBE,0xCFBE,0xCFBE,0xCFBE,0xCFBE,0xCFBE,0xCFBE,0xCFBE,0xCFBE,0xC79D,0x32AB,0x11A7,
    0x11A7,0x11A7,0x11A7,0x11A7,0x11A7,0x11A7,0x11A7,0x32CB,0xC79D,0xCFBE,0xCFBE,0xCFBE,
    0xCFBE,0xCFBE,0xCFBE,0xCFBE,0xCFBE,0xCFBE,0xCFBE,0xCFBE,0xCFBE,0xCFBE,0xCFBE,0xCFBE,
    0xCFBE,0xCFBE,0xCFBE,0xCFBE,0xCFBE,0xCFBE,0xCFBE,0xCFBE,0xB79D,0x3ED9,0x3ED9,0x3ED9,
    0x3ED9,0x3ED9,0x3ED9,0x3ED9,0x3ED9,0x3ED9,0x3ED9,0x3ED9,0x2430,0x09E8,0x09E8,0x23CF,
    0x3ED9,0x3ED9,0x1B8E,0x09E8,0x09E8,0xF81F,0xF81F,0xF81F,0xF81F,0xF81F,0xF81F,0xF81F,
    0xF81F,0xF81F,0xF81F,0xF81F,0xF81F,0xF81F,0xF81F,0xF81F,0xF81F,0xF81F,0xF81F,0xF81F,
    0xF81F,0xF81F,0xF81F,0xF81F,0xF81F,0xF81F,0xF81F,0xF81F,0xF81F,0xF81F,0xF81F,0xF81F,
    0xF81F,0xF81F,0xF81F,0xF81F,0xF81F,0xF81F,0xF81F,0xF81F,0xF81F,0xF81F,0xF81F,0xF81F,
    0xF81F,0xF81F,0xF81F,0xF81F,0xF81F,0xF81F,0xF81F,0x09E8,0x09E8,0x126A,0x3EB9,0x3ED9,
    0x3554,0x09E8,0x09E8,0x126A,0x3EB9,0x3ED9,0x3ED9,0x3ED9,0x3ED9,0x3ED9,0x3ED9,0x3ED9,
    0x3ED9,0x3ED9,0x3ED9,0xA77C,0xCFBE,0xCFBE,0xCFBE,0xCFBE,0xCFBE,0xCFBE,0xCFBE,0xCFBE,
    0xCFBE,0xCFBE,0xCFBE,0xCFBE,0xCFBE,0xCFBE,0xCFBE,0xCFBE,0xCFBE,0xCFBE,0xCFBE,0xCFBE,
    0xCFBE,0xCFBE,0xCFBE,0x7D14,0x11A7,0x11A7,0x11A7,0x11A7,0x11A7,0x11A7,0x11A7,0x11A7,
    0x11A7,0x11A7,0x7D34,0xCFBE,0xCFBE,0xCFBE,0xCFBE,0xCFBE,0xCFBE,0xCFBE,0xCFBE,0xCFBE,
    0xCFBE,0xCFBE,0xCFBE,0xCFBE,0xCFBE,0xCFBE,0xCFBE,0xCFBE,0xCFBE,0xCFBE,0xCFBE,0xCFBE,
    0xCFBE,0xCFBE,0xA77C,0x3ED9,0x3ED9,0x3ED9,0x3ED9,0x3ED9,0x3ED9,0x3ED9,0x3ED9,0x3ED9,
    0x3ED9,0x3EB9,0x126A,0x09E8,0x09E8,0x3554,0x3ED9,0x3EB9,0x1249,0x09E8,0x09E8,0xF81F,
    0xF81F,0xF81F,0xF81F,0xF81F,0xF81F,0xF81F,0xF81F,0xF81F,0xF81F,0xF81F,0xF81F,0xF81F,
    0xF81F,0xF81F,0xF81F,0xF81F,0xF81F,0xF81F,0xF81F,0xF81F,0xF81F,0xF81F,0xF81F,0xF81F,
    0xF81F,0xF81F,0xF81F,0xF81F,0xF81F,0xF81F,0xF81F,0xF81F,0xF81F,0xF81F,0xF81F,0xF81F,
    0xF81F,0xF81F,0xF81F,0xF81F,0xF81F,0xF81F,0xF81F,0xF81F,0xF81F,0xF81F,0xF81F,0xF81F,
    0xF81F,0xF81F,0x09E8,0x09E8,0x3574,0x3ED9,0x3EB8,0x124A,0x09E8,0x09E8,0x3574,0x3ED9,
    0x3ED9,0x3ED9,0x3ED9,0x3ED9,0x3ED9,0x3ED9,0x3ED9,0x3ED9,0x3ED9,0x8F3B,0xCFBE,0xCFBE,
    0xCFBE,0xCFBE,0xCFBE,0xCFBE,0xCFBE,0xCFBE,0xCFBE,0xCFBE,0xCFBE,0xCFBE,0xCFBE,0xCFBE,
    0xCFBE,0xCFBE,0xCFBE,0xCFBE,0xCFBE,0xCFBE,0xCFBE,0xCFBE,0xCFBE,0x3AEB,0x11A7,0x11A7,
    0x11A7,0x11A7,0x11A7,0x11A7,0x11A7,0x11A7,0x11A7,0x11A7,0x3AEC,0xCFBE,0xCFBE,0xCFBE,
    0xCFBE,0xCFBE,0xCFBE,0xCFBE,0xCFBE,0xCFBE,0xCFBE,0xCFBE,0xCFBE,0xCFBE,0xCFBE,0xCFBE,
    0xCFBE,0xCFBE,0xCFBE,0xCFBE,0xCFBE,0xCFBE,0xCFBE,0xCFBE,0x8F5B,0x3ED9,0x3ED9,0x3ED9,
    0x3ED9,0x3ED9,0x3ED9,0x3ED9,0x3ED9,0x3ED9,0x3ED9,0x3554,0x09E8,0x09E8,0x124A,0x3EB8,
    0x3ED9,0x3574,0x09E8,0x09E8,0xF81F,0xF81F,0xF81F,0xF81F,0xF81F,0xF81F,0xF81F,0xF81F,
    0xF81F,0xF81F,0xF81F,0xF81F,0xF81F,0xF81F,0xF81F,0xF81F,0xF81F,0xF81F,0xF81F,0xF81F,
    0xF81F,0xF81F,0xF81F,0xF81F,0xF81F,0xF81F,0xF81F,0xF81F,0xF81F,0xF81F,0xF81F,0xF81F,
    0xF81F,0xF81F,0xF81F,0xF81F,0xF81F,0xF81F,0xF81F,0xF81F,0xF81F,0xF81F,0xF81F,0xF81F,
    0xF81F,0xF81F,0xF81F,0xF81F,0xF81F,0xF81F,0xF81F,0xF81F,0x09E8,0x09E8,0x1B6D,0x3ED9,
    0x3ED9,0x2410,0x09E8,0x09E8,0x1B8E,0x3ED9,0x3ED9,0x3ED9,0x3ED9,0x3ED9,0x3ED9,0x3ED9,
    0x3ED9,0x3ED9,0x3ED9,0x6F1A,0xCFBE,0xCFBE,0xCFBE,0xCFBE,0xCFBE,0xCFBE,0xCFBE,0xCFBE,
    0xCFBE,0xCFBE,0xCFBE,0xCFBE,0xCFBE,0xCFBE,0xCFBE,0xCFBE,0xCFBE,0xCFBE,0xCFBE,0xCFBE,
    0xCFBE,0xCFBE,0xCFBE,0x19E8,0x11A7,0x11A7,0x11A7,0x11A7,0x11A7,0x11A7,0x11A7,0x11A7,
    0x11A7,0x11A7,0x19E8,0xCFBE,0xCFBE,0xCFBE,0xCFBE,0xCFBE,0xCFBE,0xCFBE,0xCFBE,0xCFBE,
    0xCFBE,0xCFBE,0xCFBE,0xCFBE,0xCFBE,0xCFBE,0xCFBE,0xCFBE,0xCFBE,0xCFBE,0xCFBE,0xCFBE,
    0xCFBE,0xCFBE,0x6F1A,0x3ED9,0x3ED9,0x3ED9,0x3ED9,0x3ED9,0x3ED9,0x3ED9,0x3ED9,0x3ED9,
    0x3ED9,0x1B8D,0x09E8,0x09E8,0x2430,0x3ED9,0x3ED9,0x1B6D,0x09E8,0x09E8,0xF81F,0xF81F,
    0xF81F,0xF81F,0xF81F,0xF81F,0xF81F,0xF81F,0xF81F,0xF81F,0xF81F,0xF81F,0xF81F,0xF81F,
    0xF81F,0xF81F,0xF81F,0xF81F,0xF81F,0xF81F,0xF81F,0xF81F,0xF81F,0xF81F,0xF81F,0xF81F,
    0xF81F,0xF81F,0xF81F,0xF81F,0xF81F,0xF81F,0xF81F,0xF81F,0xF81F,0xF81F,0xF81F,0xF81F,
    0xF81F,0xF81F,0xF81F,0xF81F,0xF81F,0xF81F,0xF81F,0xF81F,0xF81F,0xF81F,0xF81F,0xF81F,
    0xF81F,0xF81F,0x09E8,0x09E8,0x09E8,0x35B5,0x3ED9,0x35F6,0x09E8,0x09E8,0x1208,0x3E37,
    0x3ED9,0x3ED9,0x3ED9,0x3ED9,0x3ED9,0x3ED9,0x3ED9,0x3ED9,0x3ED9,0x46D9,0xCFBD,0xCFBE,
    0xCFBE,0xCFBE,0xCFBE,0xCFBE,0xCFBE,0xCFBE,0xCFBE,0xCFBE,0xCFBE,0xCFBE,0xCFBE,0xCFBE,
    0xCFBE,0xCFBE,0xCFBE,0xCFBE,0xCFBE,0xCFBE,0xCFBE,0xCFBE,0xCFBE,0x19E8,0x11A7,0x11A7,
    0x11A7,0x11A7,0x11A7,0x11A7,0x11A7,0x11A7,0x11A7,0x11A7,0x19E8,0xCFBE,0xCFBE,0xCFBE,
    0xCFBE,0xCFBE,0xCFBE,0xCFBE,0xCFBE,0xCFBE,0xCFBE,0xCFBE,0xCFBE,0xCFBE,0xCFBE,0xCFBE,
    0xCFBE,0xCFBE,0xCFBE,0xCFBE,0xCFBE,0xCFBE,0xCFBE,0xC7BD,0x46D9,0x3ED9,0x3ED9,0x3ED9,
    0x3ED9,0x3ED9,0x3ED9,0x3ED9,0x3ED9,0x3ED9,0x3E37,0x1208,0x09E8,0x09E8,0x3616,0x3ED9,
    0x35B5,0x09E8,0x09E8,0x09E8,0xF81F,0xF81F,0xF81F,0xF81F,0xF81F,0xF81F,0xF81F,0xF81F,
    0xF81F,0xF81F,0xF81F,0xF81F,0xF81F,0xF81F,0xF81F,0xF81F,0xF81F,0xF81F,0xF81F,0xF81F,
    0xF81F,0xF81F,0xF81F,0xF81F,0xF81F,0xF81F,0xF81F,0xF81F,0xF81F,0xF81F,0xF81F,0xF81F,
    0xF81F,0xF81F,0xF81F,0xF81F,0xF81F,0xF81F,0xF81F,0xF81F,0xF81F,0xF81F,0xF81F,0xF81F,
    0xF81F,0xF81F,0xF81F,0xF81F,0xF81F,0xF81F,0xF81F,0xF81F,0xF81F,0x09E8,0x09E8,0x1AEC,
    0x3EB8,0x3ED9,0x1B0C,0x09E8,0x09E8,0x23EF,0x3ED9,0x3ED9,0x3ED9,0x3ED9,0x3ED9,0x3ED9,
    0x3ED9,0x3ED9,0x3ED9,0x3ED9,0xA77C,0xCFBE,0xCFBE,0xCFBE,0xCFBE,0xCFBE,0xCFBE,0xCFBE,
    0xCFBE,0xCFBE,0xCFBE,0xCFBE,0xCFBE,0xCFBE,0xCFBE,0xCFBE,0xCFBE,0xCFBE,0xCFBE,0xCFBE,
    0xCFBE,0xCFBE,0xCFBE,0x3AEB,0x11A7,0x11A7,0x11A7,0x11A7,0x11A7,0x11A7,0x11A7,0x11A7,
    0x11A7,0x11A7,0x3AEC,0xCFBE,0xCFBE,0xCFBE,0xCFBE,0xCFBE,0xCFBE,0xCFBE,0xCFBE,0xCFBE,
    0xCFBE,0xCFBE,0xCFBE,0xCFBE,0xCFBE,0xCFBE,0xCFBE,0xCFBE,0xCFBE,0xCFBE,0xCFBE,0xCFBE,
    0xCFBE,0xA77C,0x3ED9,0x3ED9,0x3ED9,0x3ED9,0x3ED9,0x3ED9,0x3ED9,0x3ED9,0x3ED9,0x3ED9,
    0x23CF,0x09E8,0x09E8,0x1B2C,0x3ED9,0x3EB8,0x1AEB,0x09E8,0x09E8,0xF81F,0xF81F,0xF81F,
    0xF81F,0xF81F,0xF81F,0xF81F,0xF81F,0xF81F,0xF81F,0xF81F,0xF81F,0xF81F,0xF81F,0xF81F,
    0xF81F,0xF81F,0xF81F,0xF81F,0xF81F,0xF81F,0xF81F,0xF81F,0xF81F,0xF81F,0xF81F,0xF81F,
    0xF81F,0xF81F,0xF81F,0xF81F,0xF81F,0xF81F,0xF81F,0xF81F,0xF81F,0xF81F,0xF81F,0xF81F,
    0xF81F,0xF81F,0xF81F,0xF81F,0xF81F,0xF81F,0xF81F,0xF81F,0xF81F,0xF81F,0xF81F,0xF81F,
    0xF81F,0xF81F,0xF81F,0x09E8,0x09E8,0x09E8,0x240F,0x3ED9,0x3594,0x09E8,0x09E8,0x1208,
    0x3E37,0x3ED9,0x3ED9,0x3ED9,0x3ED9,0x3ED9,0x3ED9,0x3ED9,0x3ED9,0x3ED9,0x6F1A,0xCFBE,
    0xCFBE,0xCFBE,0xCFBE,0xCFBE,0xCFBE,0xCFBE,0xCFBE,0xCFBE,0xCFBE,0xCFBE,0xCFBE,0xCFBE,
    0xCFBE,0xCFBE,0xCFBE,0xCFBE,0xCFBE,0xCFBE,0xCFBE,0xCFBE,0xCFBE,0x7D14,0x11A7,0x11A7,
    0x11A7,0x11A7,0x11A7,0x11A7,0x11A7,0x11A7,0x11A7,0x11A7,0x7D34,0xCFBE,0xCFBE,0xCFBE,
    0xCFBE,0xCFBE,0xCFBE,0xCFBE,0xCFBE,0xCFBE,0xCFBE,0xCFBE,0xCFBE,0xCFBE,0xCFBE,0xCFBE,
    0xCFBE,0xCFBE,0xCFBE,0xCFBE,0xCFBE,0xCFBE,0xCFBE,0x6F1A,0x3ED9,0x3ED9,0x3ED9,0x3ED9,
    0x3ED9,0x3ED9,0x3ED9,0x3ED9,0x3ED9,0x3E37,0x1208,0x09E8,0x09E8,0x3595,0x3ED9,0x23EF,
    0x09E8,0x09E8,0xF81F,0xF81F,0xF81F,0xF81F,0xF81F,0xF81F,0xF81F,0xF81F,0xF81F,0xF81F,
    0xF81F,0xF81F,0xF81F,0xF81F,0xF81F,0xF81F,0xF81F,0xF81F,0xF81F,0xF81F,0xF81F,0xF81F,
    0xF81F,0xF81F,0xF81F,0xF81F,0xF81F,0xF81F,0xF81F,0xF81F,0xF81F,0xF81F,0xF81F,0xF81F,
    0xF81F,0xF81F,0xF81F,0xF81F,0xF81F,0xF81F,0xF81F,0xF81F,0xF81F,0xF81F,0xF81F,0xF81F,
    0xF81F,0xF81F,0xF81F,0xF81F,0xF81F,0xF81F,0xF81F,0xF81F,0xF81F,0xF81F,0x09E8,0x09E8,
    0x09E8,0x2450,0x3EB9,0x1B0C,0x09E8,0x09E8,0x23CF,0x3ED9,0x3ED9,0x3ED9,0x3ED9,0x3ED9,
    0x3ED9,0x3ED9,0x3ED9,0x3ED9,0x46D9,0xBFBD,0xCFBE,0xCFBE,0xCFBE,0xCFBE,0xCFBE,0xCFBE,
    0xCFBE,0xCFBE,0xCFBE,0xCFBE,0xCFBE,0xCFBE,0xCFBE,0xCFBE,0xCFBE,0xCFBE,0xCFBE,0xCFBE,
    0xCFBE,0xCFBE,0xCFBE,0xC79D,0x32CB,0x11A7,0x11A7,0x11A7,0x11A7,0x11A7,0x11A7,0x11A7,
    0x11A7,0x32CB,0xC79D,0xCFBE,0xCFBE,0xCFBE,0xCFBE,0xCFBE,0xCFBE,0xCFBE,0xCFBE,0xCFBE,
    0xCFBE,0xCFBE,0xCFBE,0xCFBE,0xCFBE,0xCFBE,0xCFBE,0xCFBE,0xCFBE,0xCFBE,0xCFBE,0xCFBE,
    0xBF9D,0x46D9,0x3ED9,0x3ED9,0x3ED9,0x3ED9,0x3ED9,0x3ED9,0x3ED9,0x3ED9,0x3ED9,0x23AE,
    0x09E8,0x09E8,0x1B2C,0x3EB9,0x2450,0x09E8,0x09E8,0x09E8,0xF81F,0xF81F,0xF81F,0xF81F,
    0xF81F,0xF81F,0xF81F,0xF81F,0xF81F,0xF81F,0xF81F,0xF81F,0xF81F,0xF81F,0xF81F,0xF81F,
    0xF81F,0xF81F,0xF81F,0xF81F,0xF81F,0xF81F,0xF81F,0xF81F,0xF81F,0xF81F,0xF81F,0xF81F,
    0xF81F,0xF81F,0xF81F,0xF81F,0xF81F,0xF81F,0xF81F,0xF81F,0xF81F,0xF81F,0xF81F,0xF81F,
    0xF81F,0xF81F,0xF81F,0xF81F,0xF81F,0xF81F,0xF81F,0xF81F,0xF81F,0xF81F,0xF81F,0xF81F,
    0xF81F,0xF81F,0xF81F,0xF81F,0xF81F,0x09E8,0x09E8,0x09E8,0x1B8D,0x2D33,0x09E8,0x09E8,
    0x09E8,0x35B5,0x3ED9,0x3ED9,0x3ED9,0x3ED9,0x3ED9,0x3ED9,0x3ED9,0x3ED9,0x3ED9,0x7F3B,
    0xCFBE,0xCFBE,0xCFBE,0xCFBE,0xCFBE,0xCFBE,0xCFBE,0xCFBE,0xCFBE,0xCFBE,0xCFBE,0xCFBE,
    0xCFBE,0xCFBE,0xCFBE,0xCFBE,0xCFBE,0xCFBE,0xCFBE,0xCFBE,0xCFBE,0xCFBE,0xBF1B,0x32CB,
    0x11A7,0x11A7,0x11A7,0x11A7,0x11A7,0x11A7,0x32CB,0xBF1B,0xCFBE,0xCFBE,0xCFBE,0xCFBE,
    0xCFBE,0xCFBE,0xCFBE,0xCFBE,0xCFBE,0xCFBE,0xCFBE,0xCFBE,0xCFBE,0xCFBE,0xCFBE,0xCFBE,
    0xCFBE,0xCFBE,0xCFBE,0xCFBE,0xCFBE,0xCFBE,0x7F3B,0x3ED9,0x3ED9,0x3ED9,0x3ED9,0x3ED9,
    0x3ED9,0x3ED9,0x3ED9,0x3ED9,0x35B5,0x09E8,0x09E8,0x09E8,0x3533,0x1B6D,0x09E8,0x09E8,
    0x09E8,0xF81F,0xF81F,0xF81F,0xF81F,0xF81F,0xF81F,0xF81F,0xF81F,0xF81F,0xF81F,0xF81F,
    0xF81F,0xF81F,0xF81F,0xF81F,0xF81F,0xF81F,0xF81F,0xF81F,0xF81F,0xF81F,0xF81F,0xF81F,
    0xF81F,0xF81F,0xF81F,0xF81F,0xF81F,0xF81F,0xF81F,0xF81F,0xF81F,0xF81F,0xF81F,0xF81F,
    0xF81F,0xF81F,0xF81F,0xF81F,0xF81F,0xF81F,0xF81F,0xF81F,0xF81F,0xF81F,0xF81F,0xF81F,
    0xF81F,0xF81F,0xF81F,0xF81F,0xF81F,0xF81F,0xF81F,0xF81F,0xF81F,0xF81F,0xF81F,0xF81F,
    0x09E8,0x09E8,0x09E8,0x1209,0x126A,0x09E8,0x09E8,0x12CB,0x3EB8,0x3ED9,0x3ED9,0x3ED9,
    0x3ED9,0x3ED9,0x3ED9,0x3ED9,0x3ED9,0x46D9,0xB79D,0xCFBE,0xCFBE,0xCFBE,0xCFBE,0xCFBE,
    0xCFBE,0xCFBE,0xCFBE,0xCFBE,0xCFBE,0xCFBE,0xCFBE,0xCFBE,0xCFBE,0xCFBE,0xCFBE,0xCFBE,
    0xCFBE,0xCFBE,0xCFBE,0xCFBE,0xCFBE,0xC79D,0x7D34,0x3AEC,0x19E8,0x19E8,0x3AEC,0x7D34,
    0xC79D,0xCFBE,0xCFBE,0xCFBE,0xCFBE,0xCFBE,0xCFBE,0xCFBE,0xCFBE,0xCFBE,0xCFBE,0xCFBE,
    0xCFBE,0xCFBE,0xCFBE,0xCFBE,0xCFBE,0xCFBE,0xCFBE,0xCFBE,0xCFBE,0xCFBE,0xCFBE,0xB79D,
    0x46D9,0x3ED9,0x3ED9,0x3ED9,0x3ED9,0x3ED9,0x3ED9,0x3ED9,0x3ED9,0x3EB8,0x12AB,0x09E8,
    0x09E8,0x126A,0x1208,0x09E8,0x09E8,0x09E8,0xF81F,0xF81F,0xF81F,0xF81F,0xF81F,0xF81F,
    0xF81F,0xF81F,0xF81F,0xF81F,0xF81F,0xF81F,0xF81F,0xF81F,0xF81F,0xF81F,0xF81F,0xF81F,
    0xF81F,0xF81F,0xF81F,0xF81F,0xF81F,0xF81F,0xF81F,0xF81F,0xF81F,0xF81F,0xF81F,0xF81F,
    0xF81F,0xF81F,0xF81F,0xF81F,0xF81F,0xF81F,0xF81F,0xF81F,0xF81F,0xF81F,0xF81F,0xF81F,
    0xF81F,0xF81F,0xF81F,0xF81F,0xF81F,0xF81F,0xF81F,0xF81F,0xF81F,0xF81F,0xF81F,0xF81F,
    0xF81F,0xF81F,0xF81F,0xF81F,0xF81F,0xF81F,0xF81F,0x09E8,0x09E8,0x09E8,0x09E8,0x09E8,
    0x09E8,0x09E8,0x2C71,0x3ED9,0x3ED9,0x3ED9,0x3ED9,0x3ED9,0x3ED9,0x3ED9,0x3ED9,0x3ED9,
    0x6F1A,0xCFBE,0xCFBE,0xCFBE,0xCFBE,0xCFBE,0xCFBE,0xCFBE,0xCFBE,0xCFBE,0xCFBE,0xCFBE,
    0xCFBE,0xCFBE,0xCFBE,0xCFBE,0xCFBE,0xCFBE,0xCFBE,0xCFBE,0xCFBE,0xCFBE,0xCFBE,0xCFBE,
    0xCFBE,0xCFBE,0xCFBE,0xCFBE,0xCFBE,0xCFBE,0xCFBE,0xCFBE,0xCFBE,0xCFBE,0xCFBE,0xCFBE,
    0xCFBE,0xCFBE,0xCFBE,0xCFBE,0xCFBE,0xCFBE,0xCFBE,0xCFBE,0xCFBE,0xCFBE,0xCFBE,0xCFBE,
    0xCFBE,0xCFBE,0xCFBE,0xCFBE,0xCFBE,0x671A,0x3ED9,0x3ED9,0x3ED9,0x3ED9,0x3ED9,0x3ED9,
    0x3ED9,0x3ED9,0x3ED9,0x2450,0x09E8,0x09E8,0x09E8,0x09E8,0x09E8,0x09E8,0x09E8,0xF81F,
    0xF81F,0xF81F,0xF81F,0xF81F,0xF81F,0xF81F,0xF81F,0xF81F,0xF81F,0xF81F,0xF81F,0xF81F,
    0xF81F,0xF81F,0xF81F,0xF81F,0xF81F,0xF81F,0xF81F,0xF81F,0xF81F,0xF81F,0xF81F,0xF81F,
    0xF81F,0xF81F,0xF81F,0xF81F,0xF81F,0xF81F,0xF81F,0xF81F,0xF81F,0xF81F,0xF81F,0xF81F,
    0xF81F,0xF81F,0xF81F,0xF81F,0xF81F,0xF81F,0xF81F,0xF81F,0xF81F,0xF81F,0xF81F,0xF81F,
    0xF81F,0xF81F,0xF81F,0xF81F,0xF81F,0xF81F,0xF81F,0xF81F,0xF81F,0xF81F,0xF81F,0xF81F,
    0xF81F,0xF81F,0xF81F,0x09E8,0x09E8,0x09E8,0x09E8,0x09E8,0x1208,0x35D5,0x3ED9,0x3ED9,
    0x3ED9,0x3ED9,0x3ED9,0x3ED9,0x3ED9,0x3ED9,0x3ED9,0x975C,0xCFBE,0xCFBE,0xCFBE,0xCFBE,
    0xCFBE,0xCFBE,0xCFBE,0xCFBE,0xCFBE,0xCFBE,0xCFBE,0xCFBE,0xCFBE,0xCFBE,0xCFBE,0xCFBE,
    0xCFBE,0xCFBE,0xCFBE,0xCFBE,0xCFBE,0xCFBE,0xCFBE,0xCFBE,0xCFBE,0xCFBE,0xCFBE,0xCFBE,
    0xCFBE,0xCFBE,0xCFBE,0xCFBE,0xCFBE,0xCFBE,0xCFBE,0xCFBE,0xCFBE,0xCFBE,0xCFBE,0xCFBE,
    0xCFBE,0xCFBE,0xCFBE,0xCFBE,0xCFBE,0xCFBE,0xCFBE,0xCFBE,0xCFBE,0xCFBE,0x975B,0x3ED9,
    0x3ED9,0x3ED9,0x3ED9,0x3ED9,0x3ED9,0x3ED9,0x3ED9,0x3ED9,0x35D5,0x1208,0x09E8,0x09E8,
    0x09E8,0x09E8,0x09E8,0xF81F,0xF81F,0xF81F,0xF81F,0xF81F,0xF81F,0xF81F,0xF81F,0xF81F,
    0xF81F,0xF81F,0xF81F,0xF81F,0xF81F,0xF81F,0xF81F,0xF81F,0xF81F,0xF81F,0xF81F,0xF81F,
    0xF81F,0xF81F,0xF81F,0xF81F,0xF81F,0xF81F,0xF81F,0xF81F,0xF81F,0xF81F,0xF81F,0xF81F,
    0xF81F,0xF81F,0xF81F,0xF81F,0xF81F,0xF81F,0xF81F,0xF81F,0xF81F,0xF81F,0xF81F,0xF81F,
    0xF81F,0xF81F,0xF81F,0xF81F,0xF81F,0xF81F,0xF81F,0xF81F,0xF81F,0xF81F,0xF81F,0xF81F,
    0xF81F,0xF81F,0xF81F,0xF81F,0xF81F,0xF81F,0xF81F,0xF81F,0xF81F,0xF81F,0xF81F,0xF81F,
    0x09E8,0x09E8,0x09E8,0x128A,0x3E78,0x3ED9,0x3ED9,0x3ED9,0x3ED9,0x3ED9,0x3ED9,0x3ED9,
    0x3ED9,0x46D9,0xB79D,0xCFBE,0xCFBE,0xCFBE,0xCFBE,0xCFBE,0xCFBE,0xCFBE,0xCFBE,0xCFBE,
    0xCFBE,0xCFBE,0xCFBE,0xCFBE,0xCFBE,0xCFBE,0xCFBE,0xCFBE,0xCFBE,0xCFBE,0xCFBE,0xCFBE,
    0xCFBE,0xCFBE,0xCFBE,0xCFBE,0xCFBE,0xCFBE,0xCFBE,0xCFBE,0xCFBE,0xCFBE,0xCFBE,0xCFBE,
    0xCFBE,0xCFBE,0xCFBE,0xCFBE,0xCFBE,0xCFBE,0xCFBE,0xCFBE,0xCFBE,0xCFBE,0xCFBE,0xCFBE,
    0xCFBE,0xCFBE,0xCFBE,0xB79D,0x46D9,0x3ED9,0x3ED9,0x3ED9,0x3ED9,0x3ED9,0x3ED9,0x3ED9,
    0x3ED9,0x3E77,0x128A,0x09E8,0x09E8,0x09E8,0xF81F,0xF81F,0xF81F,0xF81F,0xF81F,0xF81F,
    0xF81F,0xF81F,0xF81F,0xF81F,0xF81F,0xF81F,0xF81F,0xF81F,0xF81F,0xF81F,0xF81F,0xF81F,
    0xF81F,0xF81F,0xF81F,0xF81F,0xF81F,0xF81F,0xF81F,0xF81F,0xF81F,0xF81F,0xF81F,0xF81F,
    0xF81F,0xF81F,0xF81F,0xF81F,0xF81F,0xF81F,0xF81F,0xF81F,0xF81F,0xF81F,0xF81F,0xF81F,
    0xF81F,0xF81F,0xF81F,0xF81F,0xF81F,0xF81F,0xF81F,0xF81F,0xF81F,0xF81F,0xF81F,0xF81F,
    0xF81F,0xF81F,0xF81F,0xF81F,0xF81F,0xF81F,0xF81F,0xF81F,0xF81F,0xF81F,0xF81F,0xF81F,
    0xF81F,0xF81F,0xF81F,0xF81F,0xF81F,0xF81F,0xF81F,0x09E8,0x09E8,0x09E8,0x1B2C,0x3EB9,
    0x3ED9,0x3ED9,0x3ED9,0x3ED9,0x3ED9,0x3ED9,0x3ED9,0x3ED9,0x56F9,0xBFBD,0xCFBE,0xCFBE,
    0xCFBE,0xCFBE,0xCFBE,0xCFBE,0xCFBE,0xCFBE,0xCFBE,0xCFBE,0xCFBE,0xCFBE,0xCFBE,0xCFBE,
    0xCFBE,0xCFBE,0xCFBE,0xCFBE,0xCFBE,0xCFBE,0xCFBE,0xCFBE,0xCFBE,0xCFBE,0xCFBE,0xCFBE,
    0xCFBE,0xCFBE,0xCFBE,0xCFBE,0xCFBE,0xCFBE,0xCFBE,0xCFBE,0xCFBE,0xCFBE,0xCFBE,0xCFBE,
    0xCFBE,0xCFBE,0xCFBE,0xCFBE,0xCFBE,0xCFBE,0xCFBE,0xCFBE,0xC7BD,0x56F9,0x3ED9,0x3ED9,
    0x3ED9,0x3ED9,0x3ED9,0x3ED9,0x3ED9,0x3ED9,0x3EB9,0x1B4D,0x09E8,0x09E8,0x09E8,0xF81F,
    0xF81F,0xF81F,0xF81F,0xF81F,0xF81F,0xF81F,0xF81F,0xF81F,0xF81F,0xF81F,0xF81F,0xF81F,
    0xF81F,0xF81F,0xF81F,0xF81F,0xF81F,0xF81F,0xF81F,0xF81F,0xF81F,0xF81F,0xF81F,0xF81F,
    0xF81F,0xF81F,0xF81F,0xF81F,0xF81F,0xF81F,0xF81F,0xF81F,0xF81F,0xF81F,0xF81F,0xF81F,
    0xF81F,0xF81F,0xF81F,0xF81F,0xF81F,0xF81F,0xF81F,0xF81F,0xF81F,0xF81F,0xF81F,0xF81F,
    0xF81F,0xF81F,0xF81F,0xF81F,0xF81F,0xF81F,0xF81F,0xF81F,0xF81F,0xF81F,0xF81F,0xF81F,
    0xF81F,0xF81F,0xF81F,0xF81F,0xF81F,0xF81F,0xF81F,0xF81F,0xF81F,0xF81F,0xF81F,0xF81F,
    0xF81F,0xF81F,0x09E8,0x09E8,0x09E8,0x2430,0x3ED9,0x3ED9,0x3ED9,0x3ED9,0x3ED9,0x3ED9,
    0x3ED9,0x3ED9,0x3ED9,0x5EFA,0xC7BD,0xCFBE,0xCFBE,0xCFBE,0xCFBE,0xCFBE,0xCFBE,0xCFBE,
    0xCFBE,0xCFBE,0xCFBE,0xCFBE,0xCFBE,0xCFBE,0xCFBE,0xCFBE,0xCFBE,0xCFBE,0xCFBE,0xCFBE,
    0xCFBE,0xCFBE,0xCFBE,0xCFBE,0xCFBE,0xCFBE,0xCFBE,0xCFBE,0xCFBE,0xCFBE,0xCFBE,0xCFBE,
    0xCFBE,0xCFBE,0xCFBE,0xCFBE,0xCFBE,0xCFBE,0xCFBE,0xCFBE,0xCFBE,0xCFBE,0xCFBE,0xCFBE,
    0xCFBE,0xC7BD,0x5EFA,0x3ED9,0x3ED9,0x3ED9,0x3ED9,0x3ED9,0x3ED9,0x3ED9,0x3ED9,0x3ED9,
    0x240F,0x09E8,0x09E8,0x09E8,0xF81F,0xF81F,0xF81F,0xF81F,0xF81F,0xF81F,0xF81F,0xF81F,
    0xF81F,0xF81F,0xF81F,0xF81F,0xF81F,0xF81F,0xF81F,0xF81F,0xF81F,0xF81F,0xF81F,0xF81F,
    0xF81F,0xF81F,0xF81F,0xF81F,0xF81F,0xF81F,0xF81F,0xF81F,0xF81F,0xF81F,0xF81F,0xF81F,
    0xF81F,0xF81F,0xF81F,0xF81F,0xF81F,0xF81F,0xF81F,0xF81F,0xF81F,0xF81F,0xF81F,0xF81F,
    0xF81F,0xF81F,0xF81F,0xF81F,0xF81F,0xF81F,0xF81F,0xF81F,0xF81F,0xF81F,0xF81F,0xF81F,
    0xF81F,0xF81F,0xF81F,0xF81F,0xF81F,0xF81F,0xF81F,0xF81F,0xF81F,0xF81F,0xF81F,0xF81F,
    0xF81F,0xF81F,0xF81F,0xF81F,0xF81F,0xF81F,0xF81F,0xF81F,0x09E8,0x09E8,0x09E8,0x09E8,
    0x2C71,0x3ED9,0x3ED9,0x3ED9,0x3ED9,0x3ED9,0x3ED9,0x3ED9,0x3ED9,0x3ED9,0x5EFA,0xC7BD,
    0xCFBE,0xCFBE,0xCFBE,0xCFBE,0xCFBE,0xCFBE,0xCFBE,0xCFBE,0xCFBE,0xCFBE,0xCFBE,0xCFBE,
    0xCFBE,0xCFBE,0xCFBE,0xCFBE,0xCFBE,0xCFBE,0xCFBE,0xCFBE,0xCFBE,0xCFBE,0xCFBE,0xCFBE,
    0xCFBE,0xCFBE,0xCFBE,0xCFBE,0xCFBE,0xCFBE,0xCFBE,0xCFBE,0xCFBE,0xCFBE,0xCFBE,0xCFBE,
    0xCFBE,0xCFBE,0xCFBE,0xCFBE,0xCFBE,0xCFBE,0xC7BD,0x5EFA,0x3ED9,0x3ED9,0x3ED9,0x3ED9,
    0x3ED9,0x3ED9,0x3ED9,0x3ED9,0x3ED9,0x2450,0x09E8,0x09E8,0x09E8,0xF81F,0xF81F,0xF81F,
    0xF81F,0xF81F,0xF81F,0xF81F,0xF81F,0xF81F,0xF81F,0xF81F,0xF81F,0xF81F,0xF81F,0xF81F,
    0xF81F,0xF81F,0xF81F,0xF81F,0xF81F,0xF81F,0xF81F,0xF81F,0xF81F,0xF81F,0xF81F,0xF81F,
    0xF81F,0xF81F,0xF81F,0xF81F,0xF81F,0xF81F,0xF81F,0xF81F,0xF81F,0xF81F,0xF81F,0xF81F,
    0xF81F,0xF81F,0xF81F,0xF81F,0xF81F,0xF81F,0xF81F,0xF81F,0xF81F,0xF81F,0xF81F,0xF81F,
    0xF81F,0xF81F,0xF81F,0xF81F,0xF81F,0xF81F,0xF81F,0xF81F,0xF81F,0xF81F,0xF81F,0xF81F,
    0xF81F,0xF81F,0xF81F,0xF81F,0xF81F,0xF81F,0xF81F,0xF81F,0xF81F,0xF81F,0xF81F,0xF81F,
    0xF81F,0xF81F,0xF81F,0x09E8,0x09E8,0x09E8,0x09E8,0x2CB1,0x3ED9,0x3ED9,0x3ED9,0x3ED9,
    0x3ED9,0x3ED9,0x3ED9,0x3ED9,0x3ED9,0x5EFA,0xBF9D,0xCFBE,0xCFBE,0xCFBE,0xCFBE,0xCFBE,
    0xCFBE,0xCFBE,0xCFBE,0xCFBE,0xCFBE,0xCFBE,0xCFBE,0xCFBE,0xCFBE,0xCFBE,0xCFBE,0xCFBE,
    0xCFBE,0xCFBE,0xCFBE,0xCFBE,0xCFBE,0xCFBE,0xCFBE,0xCFBE,0xCFBE,0xCFBE,0xCFBE,0xCFBE,
    0xCFBE,0xCFBE,0xCFBE,0xCFBE,0xCFBE,0xCFBE,0xCFBE,0xCFBE,0xCFBE,0xCFBE,0xCFBE,0xBF9D,
    0x56FA,0x3ED9,0x3ED9,0x3ED9,0x3ED9,0x3ED9,0x3ED9,0x3ED9,0x3ED9,0x3ED9,0x2CB1,0x09E8,
    0x09E8,0x09E8,0x09E8,0xF81F,0xF81F,0xF81F,0xF81F,0xF81F,0xF81F,0xF81F,0xF81F,0xF81F,
    0xF81F,0xF81F,0xF81F,0xF81F,0xF81F,0xF81F,0xF81F,0xF81F,0xF81F,0xF81F,0xF81F,0xF81F,
    0xF81F,0xF81F,0xF81F,0xF81F,0xF81F,0xF81F,0xF81F,0xF81F,0xF81F,0xF81F,0xF81F,0xF81F,
    0xF81F,0xF81F,0xF81F,0xF81F,0xF81F,0xF81F,0xF81F,0xF81F,0xF81F,0xF81F,0xF81F,0xF81F,
    0xF81F,0xF81F,0xF81F,0xF81F,0xF81F,0xF81F,0xF81F,0xF81F,0xF81F,0xF81F,0xF81F,0xF81F,
    0xF81F,0xF81F,0xF81F,0xF81F,0xF81F,0xF81F,0xF81F,0xF81F,0xF81F,0xF81F,0xF81F,0xF81F,
    0xF81F,0xF81F,0xF81F,0xF81F,0xF81F,0xF81F,0xF81F,0xF81F,0xF81F,0xF81F,0x09E8,0x09E8,
    0x09E8,0x09E8,0x2CB1,0x3ED9,0x3ED9,0x3ED9,0x3ED9,0x3ED9,0x3ED9,0x3ED9,0x3ED9,0x3ED9,
    0x4ED9,0xA77C,0xCFBE,0xCFBE,0xCFBE,0xCFBE,0xCFBE,0xCFBE,0xCFBE,0xCFBE,0xCFBE,0xCFBE,
    0xCFBE,0xCFBE,0xCFBE,0xCFBE,0xCFBE,0xCFBE,0xCFBE,0xCFBE,0xCFBE,0xCFBE,0xCFBE,0xCFBE,
    0xCFBE,0xCFBE,0xCFBE,0xCFBE,0xCFBE,0xCFBE,0xCFBE,0xCFBE,0xCFBE,0xCFBE,0xCFBE,0xCFBE,
    0xCFBE,0xCFBE,0xCFBE,0xCFBE,0xA77C,0x4ED9,0x3ED9,0x3ED9,0x3ED9,0x3ED9,0x3ED9,0x3ED9,
    0x3ED9,0x3ED9,0x3ED9,0x2CB1,0x09E8,0x09E8,0x09E8,0x09E8,0xF81F,0xF81F,0xF81F,0xF81F,
    0xF81F,0xF81F,0xF81F,0xF81F,0xF81F,0xF81F,0xF81F,0xF81F,0xF81F,0xF81F,0xF81F,0xF81F,
    0xF81F,0xF81F,0xF81F,0xF81F,0xF81F,0xF81F,0xF81F,0xF81F,0xF81F,0xF81F,0xF81F,0xF81F,
    0xF81F,0xF81F,0xF81F,0xF81F,0xF81F,0xF81F,0xF81F,0xF81F,0xF81F,0xF81F,0xF81F,0xF81F,
    0xF81F,0xF81F,0xF81F,0xF81F,0xF81F,0xF81F,0xF81F,0xF81F,0xF81F,0xF81F,0xF81F,0xF81F,
    0xF81F,0xF81F,0xF81F,0xF81F,0xF81F,0xF81F,0xF81F,0xF81F,0xF81F,0xF81F,0xF81F,0xF81F,
    0xF81F,0xF81F,0xF81F,0xF81F,0xF81F,0xF81F,0xF81F,0xF81F,0xF81F,0xF81F,0xF81F,0xF81F,
    0xF81F,0xF81F,0xF81F,0xF81F,0xF81F,0x09E8,0x09E8,0x09E8,0x09E8,0x240F,0x3EB9,0x3ED9,
    0x3ED9,0x3ED9,0x3ED9,0x3ED9,0x3ED9,0x3ED9,0x3ED9,0x46D9,0x7F3B,0xC7BD,0xCFBE,0xCFBE,
    0xCFBE,0xCFBE,0xCFBE,0xCFBE,0xCFBE,0xCFBE,0xCFBE,0xCFBE,0xCFBE,0xCFBE,0xCFBE,0xCFBE,
    0xCFBE,0xCFBE,0xCFBE,0xCFBE,0xCFBE,0xCFBE,0xCFBE,0xCFBE,0xCFBE,0xCFBE,0xCFBE,0xCFBE,
    0xCFBE,0xCFBE,0xCFBE,0xCFBE,0xCFBE,0xCFBE,0xCFBE,0xCFBE,0xC7BD,0x7F3B,0x46D9,0x3ED9,
    0x3ED9,0x3ED9,0x3ED9,0x3ED9,0x3ED9,0x3ED9,0x3ED9,0x3EB9,0x240F,0x09E8,0x09E8,0x09E8,
    0x09E8,0xF81F,0xF81F,0xF81F,0xF81F,0xF81F,0xF81F,0xF81F,0xF81F,0xF81F,0xF81F,0xF81F,
    0xF81F,0xF81F,0xF81F,0xF81F,0xF81F,0xF81F,0xF81F,0xF81F,0xF81F,0xF81F,0xF81F,0xF81F,
    0xF81F,0xF81F,0xF81F,0xF81F,0xF81F,0xF81F,0xF81F,0xF81F,0xF81F,0xF81F,0xF81F,0xF81F,
    0xF81F,0xF81F,0xF81F,0xF81F,0xF81F,0xF81F,0xF81F,0xF81F,0xF81F,0xF81F,0xF81F,0xF81F,
    0xF81F,0xF81F,0xF81F,0xF81F,0xF81F,0xF81F,0xF81F,0xF81F,0xF81F,0xF81F,0xF81F,0xF81F,
    0xF81F,0xF81F,0xF81F,0xF81F,0xF81F,0xF81F,0xF81F,0xF81F,0xF81F,0xF81F,0xF81F,0xF81F,
    0xF81F,0xF81F,0xF81F,0xF81F,0xF81F,0xF81F,0xF81F,0xF81F,0xF81F,0xF81F,0xF81F,0xF81F,
    0x09E8,0x09E8,0x09E8,0x09E8,0x1B6D,0x3E98,0x3ED9,0x3ED9,0x3ED9,0x3ED9,0x3ED9,0x3ED9,
    0x3ED9,0x3ED9,0x3ED9,0x56F9,0xA77C,0xCFBE,0xCFBE,0xCFBE,0xCFBE,0xCFBE,0xCFBE,0xCFBE,
    0xCFBE,0xCFBE,0xCFBE,0xCFBE,0xCFBE,0xCFBE,0xCFBE,0xCFBE,0xCFBE,0xCFBE,0xCFBE,0xCFBE,
    0xCFBE,0xCFBE,0xCFBE,0xCFBE,0xCFBE,0xCFBE,0xCFBE,0xCFBE,0xCFBE,0xCFBE,0xCFBE,0xCFBE,
    0xCFBE,0xA77C,0x56F9,0x3ED9,0x3ED9,0x3ED9,0x3ED9,0x3ED9,0x3ED9,0x3ED9,0x3ED9,0x3ED9,
    0x3E98,0x1B6D,0x09E8,0x09E8,0x09E8,0x09E8,0xF81F,0xF81F,0xF81F,0xF81F,0xF81F,0xF81F,
    0xF81F,0xF81F,0xF81F,0xF81F,0xF81F,0xF81F,0xF81F,0xF81F,0xF81F,0xF81F,0xF81F,0xF81F,
    0xF81F,0xF81F,0xF81F,0xF81F,0xF81F,0xF81F,0xF81F,0xF81F,0xF81F,0xF81F,0xF81F,0xF81F,
    0xF81F,0xF81F,0xF81F,0xF81F,0xF81F,0xF81F,0xF81F,0xF81F,0xF81F,0xF81F,0xF81F,0xF81F,
    0xF81F,0xF81F,0xF81F,0xF81F,0xF81F,0xF81F,0xF81F,0xF81F,0xF81F,0xF81F,0xF81F,0xF81F,
    0xF81F,0xF81F,0xF81F,0xF81F,0xF81F,0xF81F,0xF81F,0xF81F,0xF81F,0xF81F,0xF81F,0xF81F,
    0xF81F,0xF81F,0xF81F,0xF81F,0xF81F,0xF81F,0xF81F,0xF81F,0xF81F,0xF81F,0xF81F,0xF81F,
    0xF81F,0xF81F,0xF81F,0xF81F,0xF81F,0xF81F,0xF81F,0x09E8,0x09E8,0x09E8,0x09E8,0x12AB,
    0x35D6,0x3ED9,0x3ED9,0x3ED9,0x3ED9,0x3ED9,0x3ED9,0x3ED9,0x3ED9,0x3ED9,0x3ED9,0x5EFA,
    0xAF7C,0xCFBE,0xCFBE,0xCFBE,0xCFBE,0xCFBE,0xCFBE,0xCFBE,0xCFBE,0xCFBE,0xCFBE,0xCFBE,
    0xCFBE,0xCFBE,0xCFBE,0xCFBE,0xCFBE,0xCFBE,0xCFBE,0xCFBE,0xCFBE,0xCFBE,0xCFBE,0xCFBE,
    0xCFBE,0xCFBE,0xCFBE,0xCFBE,0xCFBE,0xA77C,0x5EFA,0x3ED9,0x3ED9,0x3ED9,0x3ED9,0x3ED9,
    0x3ED9,0x3ED9,0x3ED9,0x3ED9,0x3ED9,0x35F6,0x12CB,0x09E8,0x09E8,0x09E8,0x09E8,0xF81F,
    0xF81F,0xF81F,0xF81F,0xF81F,0xF81F,0xF81F,0xF81F,0xF81F,0xF81F,0xF81F,0xF81F,0xF81F,
    0xF81F,0xF81F,0xF81F,0xF81F,0xF81F,0xF81F,0xF81F,0xF81F,0xF81F,0xF81F,0xF81F,0xF81F,
    0xF81F,0xF81F,0xF81F,0xF81F,0xF81F,0xF81F,0xF81F,0xF81F,0xF81F,0xF81F,0xF81F,0xF81F,
    0xF81F,0xF81F,0xF81F,0xF81F,0xF81F,0xF81F,0xF81F,0xF81F,0xF81F,0xF81F,0xF81F,0xF81F,
    0xF81F,0xF81F,0xF81F,0xF81F,0xF81F,0xF81F,0xF81F,0xF81F,0xF81F,0xF81F,0xF81F,0xF81F,
    0xF81F,0xF81F,0xF81F,0xF81F,0xF81F,0xF81F,0xF81F,0xF81F,0xF81F,0xF81F,0xF81F,0xF81F,
    0xF81F,0xF81F,0xF81F,0xF81F,0xF81F,0xF81F,0xF81F,0xF81F,0xF81F,0xF81F,0xF81F,0xF81F,
    0xF81F,0xF81F,0x09E8,0x09E8,0x09E8,0x09E8,0x1208,0x2C71,0x3EB9,0x3ED9,0x3ED9,0x3ED9,
    0x3ED9,0x3ED9,0x3ED9,0x3ED9,0x3ED9,0x3ED9,0x3ED9,0x5EFA,0x975C,0xC7BD,0xCFBE,0xCFBE,
    0xCFBE,0xCFBE,0xCFBE,0xCFBE,0xCFBE,0xCFBE,0xCFBE,0xCFBE,0xCFBE,0xCFBE,0xCFBE,0xCFBE,
    0xCFBE,0xCFBE,0xCFBE,0xCFBE,0xCFBE,0xCFBE,0xCFBE,0xCFBE,0xC7BD,0x975C,0x5EFA,0x3ED9,
    0x3ED9,0x3ED9,0x3ED9,0x3ED9,0x3ED9,0x3ED9,0x3ED9,0x3ED9,0x3ED9,0x3EB9,0x2CD2,0x1209,
    0x09E8,0x09E8,0x09E8,0x09E8,0xF81F,0xF81F,0xF81F,0xF81F,0xF81F,0xF81F,0xF81F,0xF81F,
    0xF81F,0xF81F,0xF81F,0xF81F,0xF81F,0xF81F,0xF81F,0xF81F,0xF81F,0xF81F,0xF81F,0xF81F,
    0xF81F,0xF81F,0xF81F,0xF81F,0xF81F,0xF81F,0xF81F,0xF81F,0xF81F,0xF81F,0xF81F,0xF81F,
    0xF81F,0xF81F,0xF81F,0xF81F,0xF81F,0xF81F,0xF81F,0xF81F,0xF81F,0xF81F,0xF81F,0xF81F,
    0xF81F,0xF81F,0xF81F,0xF81F,0xF81F,0xF81F,0xF81F,0xF81F,0xF81F,0xF81F,0xF81F,0xF81F,
    0xF81F,0xF81F,0xF81F,0xF81F,0xF81F,0xF81F,0xF81F,0xF81F,0xF81F,0xF81F,0xF81F,0xF81F,
    0xF81F,0xF81F,0xF81F,0xF81F,0xF81F,0xF81F,0xF81F,0xF81F,0xF81F,0xF81F,0xF81F,0xF81F,
    0xF81F,0xF81F,0xF81F,0xF81F,0xF81F,0xF81F,0xF81F,0xF81F,0xF81F,0xF81F,0x09E8,0x09E8,
    0x09E8,0x09E8,0x1B4D,0x3E16,0x3ED9,0x3ED9,0x3ED9,0x3ED9,0x3ED9,0x3ED9,0x3ED9,0x3ED9,
    0x3ED9,0x3ED9,0x3ED9,0x46D9,0x6F1A,0x9F5C,0xC7BD,0xCFBE,0xCFBE,0xCFBE,0xCFBE,0xCFBE,
    0xCFBE,0xCFBE,0xCFBE,0xCFBE,0xCFBE,0xCFBE,0xCFBE,0xCFBE,0xCFBE,0xCFBE,0xCFBE,0xBFBD,
    0x9F5C,0x6F1A,0x46D9,0x3ED9,0x3ED9,0x3ED9,0x3ED9,0x3ED9,0x3ED9,0x3ED9,0x3ED9,0x3ED9,
    0x3ED9,0x3ED9,0x3E16,0x1B2D,0x09E8,0x09E8,0x09E8,0x09E8,0xF81F,0xF81F,0xF81F,0xF81F,
    0xF81F,0xF81F,0xF81F,0xF81F,0xF81F,0xF81F,0xF81F,0xF81F,0xF81F,0xF81F,0xF81F,0xF81F,
    0xF81F,0xF81F,0xF81F,0xF81F,0xF81F,0xF81F,0xF81F,0xF81F,0xF81F,0xF81F,0xF81F,0xF81F,
    0xF81F,0xF81F,0xF81F,0xF81F,0xF81F,0xF81F,0xF81F,0xF81F,0xF81F,0xF81F,0xF81F,0xF81F,
    0xF81F,0xF81F,0xF81F,0xF81F,0xF81F,0xF81F,0xF81F,0xF81F,0xF81F,0xF81F,0xF81F,0xF81F,
    0xF81F,0xF81F,0xF81F,0xF81F,0xF81F,0xF81F,0xF81F,0xF81F,0xF81F,0xF81F,0xF81F,0xF81F,
    0xF81F,0xF81F,0xF81F,0xF81F,0xF81F,0xF81F,0xF81F,0xF81F,0xF81F,0xF81F,0xF81F,0xF81F,
    0xF81F,0xF81F,0xF81F,0xF81F,0xF81F,0xF81F,0xF81F,0xF81F,0xF81F,0xF81F,0xF81F,0xF81F,
    0xF81F,0xF81F,0xF81F,0xF81F,0xF81F,0x09E8,0x09E8,0x09E8,0x09E8,0x1208,0x240F,0x3E78,
    0x3ED9,0x3ED9,0x3ED9,0x3ED9,0x3ED9,0x3ED9,0x3ED9,0x3ED9,0x3ED9,0x3ED9,0x3ED9,0x3ED9,
    0x3ED9,0x56FA,0x771A,0x8F5B,0x9F7C,0xB79D,0xBF9D,0xC7BD,0xCFBD,0xCFBD,0xC7BD,0xBF9D,
    0xB79D,0x9F7C,0x8F5B,0x771B,0x56FA,0x3ED9,0x3ED9,0x3ED9,0x3ED9,0x3ED9,0x3ED9,0x3ED9,
    0x3ED9,0x3ED9,0x3ED9,0x3ED9,0x3ED9,0x3ED9,0x3E98,0x2450,0x1208,0x09E8,0x09E8,0x09E8,
    0x09E8,0xF81F,0xF81F,0xF81F,0xF81F,0xF81F,0xF81F,0xF81F,0xF81F,0xF81F,0xF81F,0xF81F,
    0xF81F,0xF81F,0xF81F,0xF81F,0xF81F,0xF81F,0xF81F,0xF81F,0xF81F,0xF81F,0xF81F,0xF81F,
    0xF81F,0xF81F,0xF81F,0xF81F,0xF81F,0xF81F,0xF81F,0xF81F,0xF81F,0xF81F,0xF81F,0xF81F,
    0xF81F,0xF81F,0xF81F,0xF81F,0xF81F,0xF81F,0xF81F,0xF81F,0xF81F,0xF81F,0xF81F,0xF81F,
    0xF81F,0xF81F,0xF81F,0xF81F,0xF81F,0xF81F,0xF81F,0xF81F,0xF81F,0xF81F,0xF81F,0xF81F,
    0xF81F,0xF81F,0xF81F,0xF81F,0xF81F,0xF81F,0xF81F,0xF81F,0xF81F,0xF81F,0xF81F,0xF81F,
    0xF81F,0xF81F,0xF81F,0xF81F,0xF81F,0xF81F,0xF81F,0xF81F,0xF81F,0xF81F,0xF81F,0xF81F,
    0xF81F,0xF81F,0xF81F,0xF81F,0xF81F,0xF81F,0xF81F,0xF81F,0xF81F,0xF81F,0xF81F,0xF81F,
    0x09E8,0x09E8,0x09E8,0x09E8,0x09E8,0x126A,0x2CD2,0x3E98,0x3ED9,0x3ED9,0x3ED9,0x3ED9,
    0x3ED9,0x3ED9,0x3ED9,0x3ED9,0x3ED9,0x3ED9,0x3ED9,0x3ED9,0x3ED9,0x3ED9,0x3ED9,0x3ED9,
    0x3ED9,0x3ED9,0x3ED9,0x3ED9,0x3ED9,0x3ED9,0x3ED9,0x3ED9,0x3ED9,0x3ED9,0x3ED9,0x3ED9,
    0x3ED9,0x3ED9,0x3ED9,0x3ED9,0x3ED9,0x3ED9,0x3ED9,0x3ED9,0x3ED9,0x3ED9,0x3E98,0x2CB2,
    0x124A,0x09E8,0x09E8,0x09E8,0x09E8,0x09E8,0xF81F,0xF81F,0xF81F,0xF81F,0xF81F,0xF81F,
    0xF81F,0xF81F,0xF81F,0xF81F,0xF81F,0xF81F,0xF81F,0xF81F,0xF81F,0xF81F,0xF81F,0xF81F,
    0xF81F,0xF81F,0xF81F,0xF81F,0xF81F,0xF81F,0xF81F,0xF81F,0xF81F,0xF81F,0xF81F,0xF81F,
    0xF81F,0xF81F,0xF81F,0xF81F,0xF81F,0xF81F,0xF81F,0xF81F,0xF81F,0xF81F,0xF81F,0xF81F,
    0xF81F,0xF81F,0xF81F,0xF81F,0xF81F,0xF81F,0xF81F,0xF81F,0xF81F,0xF81F,0xF81F,0xF81F,
    0xF81F,0xF81F,0xF81F,0xF81F,0xF81F,0xF81F,0xF81F,0xF81F,0xF81F,0xF81F,0xF81F,0xF81F,
    0xF81F,0xF81F,0xF81F,0xF81F,0xF81F,0xF81F,0xF81F,0xF81F,0xF81F,0xF81F,0xF81F,0xF81F,
    0xF81F,0xF81F,0xF81F,0xF81F,0xF81F,0xF81F,0xF81F,0xF81F,0xF81F,0xF81F,0xF81F,0xF81F,
    0xF81F,0xF81F,0xF81F,0xF81F,0xF81F,0xF81F,0x09E8,0x09E8,0x09E8,0x09E8,0x09E8,0x09E8,
    0x09E8,0x1249,0x2450,0x3E78,0x3ED9,0x3ED9,0x3ED9,0x3ED9,0x3ED9,0x3ED9,0x3ED9,0x3ED9,
    0x3ED9,0x3ED9,0x3ED9,0x3ED9,0x3ED9,0x3ED9,0x3ED9,0x3ED9,0x3ED9,0x3ED9,0x3ED9,0x3ED9,
    0x3ED9,0x3ED9,0x3ED9,0x3ED9,0x3ED9,0x3ED9,0x3ED9,0x3ED9,0x3ED9,0x3ED9,0x3ED9,0x3ED9,
    0x3ED9,0x3ED9,0x3E78,0x2CB1,0x126A,0x09E8,0x09E8,0x09E8,0x09E8,0x09E8,0x09E8,0x09E8,
    0xF81F,0xF81F,0xF81F,0xF81F,0xF81F,0xF81F,0xF81F,0xF81F,0xF81F,0xF81F,0xF81F,0xF81F,
    0xF81F,0xF81F,0xF81F,0xF81F,0xF81F,0xF81F,0xF81F,0xF81F,0xF81F,0xF81F,0xF81F,0xF81F,
    0xF81F,0xF81F,0xF81F,0xF81F,0xF81F,0xF81F,0xF81F,0xF81F,0xF81F,0xF81F,0xF81F,0xF81F,
    0xF81F,0xF81F,0xF81F,0xF81F,0xF81F,0xF81F,0xF81F,0xF81F,0xF81F,0xF81F,0xF81F,0xF81F,
    0xF81F,0xF81F,0xF81F,0xF81F,0xF81F,0xF81F,0xF81F,0xF81F,0xF81F,0xF81F,0xF81F,0xF81F,
    0xF81F,0xF81F,0xF81F,0xF81F,0xF81F,0xF81F,0xF81F,0xF81F,0xF81F,0xF81F,0xF81F,0xF81F,
    0xF81F,0xF81F,0xF81F,0xF81F,0xF81F,0xF81F,0xF81F,0xF81F,0xF81F,0xF81F,0xF81F,0xF81F,
    0xF81F,0xF81F,0xF81F,0xF81F,0xF81F,0xF81F,0xF81F,0xF81F,0xF81F,0xF81F,0xF81F,0x09E8,
    0x09E8,0x1249,0x1C2F,0x1C50,0x1249,0x09E8,0x09E8,0x09E8,0x09E8,0x1229,0x23CE,0x3594,
    0x3EB9,0x3ED9,0x3ED9,0x3ED9,0x3ED9,0x3ED9,0x3ED9,0x3ED9,0x3ED9,0x3ED9,0x3ED9,0x3ED9,
    0x3ED9,0x3ED9,0x3ED9,0x3ED9,0x3ED9,0x3ED9,0x3ED9,0x3ED9,0x3ED9,0x3ED9,0x3ED9,0x3ED9,
    0x3ED9,0x3ED9,0x3ED9,0x3ED9,0x3ED9,0x3EB9,0x3574,0x23CE,0x1229,0x09E8,0x09E8,0x09E8,
    0x09E8,0x1249,0x1C50,0x1C2F,0x1249,0x09E8,0x09E8,0xF81F,0xF81F,0xF81F,0xF81F,0xF81F,
    0xF81F,0xF81F,0xF81F,0xF81F,0xF81F,0xF81F,0xF81F,0xF81F,0xF81F,0xF81F,0xF81F,0xF81F,
    0xF81F,0xF81F,0xF81F,0xF81F,0xF81F,0xF81F,0xF81F,0xF81F,0xF81F,0xF81F,0xF81F,0xF81F,
    0xF81F,0xF81F,0xF81F,0xF81F,0xF81F,0xF81F,0xF81F,0xF81F,0xF81F,0xF81F,0xF81F,0xF81F,
    0xF81F,0xF81F,0xF81F,0xF81F,0xF81F,0xF81F,0xF81F,0xF81F,0xF81F,0xF81F,0xF81F,0xF81F,
    0xF81F,0xF81F,0xF81F,0xF81F,0xF81F,0xF81F,0xF81F,0xF81F,0xF81F,0xF81F,0xF81F,0xF81F,
    0xF81F,0xF81F,0xF81F,0xF81F,0xF81F,0xF81F,0xF81F,0xF81F,0xF81F,0xF81F,0xF81F,0xF81F,
    0xF81F,0xF81F,0xF81F,0xF81F,0xF81F,0xF81F,0xF81F,0xF81F,0xF81F,0xF81F,0xF81F,0xF81F,
    0xF81F,0xF81F,0xF81F,0xF81F,0x09E8,0x09E8,0x134D,0x2594,0x25B5,0x25B5,0x2594,0x1C0F,
    0x1269,0x09E8,0x09E8,0x09E8,0x09E8,0x09E8,0x126A,0x240F,0x3594,0x3E98,0x3ED9,0x3ED9,
    0x3ED9,0x3ED9,0x3ED9,0x3ED9,0x3ED9,0x3ED9,0x3ED9,0x3ED9,0x3ED9,0x3ED9,0x3ED9,0x3ED9,
    0x3ED9,0x3ED9,0x3ED9,0x3ED9,0x3ED9,0x3ED9,0x3ED9,0x3ED9,0x3E98,0x3574,0x240F,0x126A,
    0x09E8,0x09E8,0x09E8,0x09E8,0x09E8,0x126A,0x1C0F,0x2594,0x25B5,0x25B5,0x2594,0x134D,
    0x09E8,0x09E8,0xF81F,0xF81F,0xF81F,0xF81F,0xF81F,0xF81F,0xF81F,0xF81F,0xF81F,0xF81F,
    0xF81F,0xF81F,0xF81F,0xF81F,0xF81F,0xF81F,0xF81F,0xF81F,0xF81F,0xF81F,0xF81F,0xF81F,
    0xF81F,0xF81F,0xF81F,0xF81F,0xF81F,0xF81F,0xF81F,0xF81F,0xF81F,0xF81F,0xF81F,0xF81F,
    0xF81F,0xF81F,0xF81F,0xF81F,0xF81F,0xF81F,0xF81F,0xF81F,0xF81F,0xF81F,0xF81F,0xF81F,
    0xF81F,0xF81F,0xF81F,0xF81F,0xF81F,0xF81F,0xF81F,0xF81F,0xF81F,0xF81F,0xF81F,0xF81F,
    0xF81F,0xF81F,0xF81F,0xF81F,0xF81F,0xF81F,0xF81F,0xF81F,0xF81F,0xF81F,0xF81F,0xF81F,
    0xF81F,0xF81F,0xF81F,0xF81F,0xF81F,0xF81F,0xF81F,0xF81F,0xF81F,0xF81F,0xF81F,0xF81F,
    0xF81F,0xF81F,0xF81F,0xF81F,0xF81F,0xF81F,0xF81F,0xF81F,0xF81F,0x09E8,0x09E8,0x1BAE,
    0x25B5,0x25B5,0x25B5,0x25B5,0x25B5,0x25B5,0x25B4,0x1C50,0x12AA,0x09E8,0x09E8,0x09E8,
    0x09E8,0x09E8,0x09E8,0x1208,0x1B0C,0x2430,0x3533,0x3616,0x3EB8,0x3ED9,0x3ED9,0x3ED9,
    0x3ED9,0x3ED9,0x3ED9,0x3ED9,0x3ED9,0x3ED9,0x3ED9,0x3ED9,0x3ED9,0x3EB8,0x35F6,0x3533,
    0x2430,0x1B0C,0x1208,0x09E8,0x09E8,0x09E8,0x09E8,0x09E8,0x09E8,0x12AA,0x1C70,0x25B4,
    0x25B5,0x25B5,0x25B5,0x25B5,0x25B5,0x25B5,0x138E,0x09E8,0x09E8,0xF81F,0xF81F,0xF81F,
    0xF81F,0xF81F,0xF81F,0xF81F,0xF81F,0xF81F,0xF81F,0xF81F,0xF81F,0xF81F,0xF81F,0xF81F,
    0xF81F,0xF81F,0xF81F,0xF81F,0xF81F,0xF81F,0xF81F,0xF81F,0xF81F,0xF81F,0xF81F,0xF81F,
    0xF81F,0xF81F,0xF81F,0xF81F,0xF81F,0xF81F,0xF81F,0xF81F,0xF81F,0xF81F,0xF81F,0xF81F,
    0xF81F,0xF81F,0xF81F,0xF81F,0xF81F,0xF81F,0xF81F,0xF81F,0xF81F,0xF81F,0xF81F,0xF81F,
    0xF81F,0xF81F,0xF81F,0xF81F,0xF81F,0xF81F,0xF81F,0xF81F,0xF81F,0xF81F,0xF81F,0xF81F,
    0xF81F,0xF81F,0xF81F,0xF81F,0xF81F,0xF81F,0xF81F,0xF81F,0xF81F,0xF81F,0xF81F,0xF81F,
    0xF81F,0xF81F,0xF81F,0xF81F,0xF81F,0xF81F,0xF81F,0xF81F,0xF81F,0xF81F,0xF81F,0xF81F,
    0xF81F,0xF81F,0xF81F,0x09E8,0x12CB,0x25B5,0x25B5,0x25B5,0x25B5,0x25B5,0x25B5,0x25B5,
    0x25B5,0x25B5,0x25B5,0x1CF2,0x138D,0x1249,0x09E8,0x09E8,0x09E8,0x09E8,0x09E8,0x09E8,
    0x09E8,0x09E8,0x11E8,0x128A,0x1B2C,0x1B8E,0x23CE,0x23EF,0x2430,0x2430,0x23EF,0x23CE,
    0x1B8E,0x1B2C,0x128A,0x11E8,0x09E8,0x09E8,0x09E8,0x09E8,0x09E8,0x09E8,0x09E8,0x09E8,
    0x1249,0x138E,0x1CF2,0x25B5,0x25B5,0x25B5,0x25B5,0x25B5,0x25B5,0x25B5,0x25B5,0x25B5,
    0x25B4,0x12CB,0x09E8,0xF81F,0xF81F,0xF81F,0xF81F,0xF81F,0xF81F,0xF81F,0xF81F,0xF81F,
    0xF81F,0xF81F,0xF81F,0xF81F,0xF81F,0xF81F,0xF81F,0xF81F,0xF81F,0xF81F,0xF81F,0xF81F,
    0xF81F,0xF81F,0xF81F,0xF81F,0xF81F,0xF81F,0xF81F,0xF81F,0xF81F,0xF81F,0xF81F,0xF81F,
    0xF81F,0xF81F,0xF81F,0xF81F,0xF81F,0xF81F,0xF81F,0xF81F,0xF81F,0xF81F,0xF81F,0xF81F,
    0xF81F,0xF81F,0xF81F,0xF81F,0xF81F,0xF81F,0xF81F,0xF81F,0xF81F,0xF81F,0xF81F,0xF81F,
    0xF81F,0xF81F,0xF81F,0xF81F,0xF81F,0xF81F,0xF81F,0xF81F,0xF81F,0xF81F,0xF81F,0xF81F,
    0xF81F,0xF81F,0xF81F,0xF81F,0xF81F,0xF81F,0xF81F,0xF81F,0xF81F,0xF81F,0xF81F,0xF81F,
    0xF81F,0xF81F,0xF81F,0xF81F,0xF81F,0xF81F,0xF81F,0xF81F,0x09E8,0x09E8,0x1C91,0x25B5,
    0x25B5,0x25B5,0x25B5,0x25B5,0x25B5,0x25B5,0x25B5,0x25B5,0x25B5,0x25B5,0x25B5,0x25B4,
    0x1CB1,0x138D,0x128A,0x09E8,0x09E8,0x09E8,0x09E8,0x09E8,0x09E8,0x09E8,0x09E8,0x09E8,
    0x09E8,0x09E8,0x09E8,0x09E8,0x09E8,0x09E8,0x09E8,0x09E8,0x09E8,0x09E8,0x09E8,0x09E8,
    0x09E8,0x09E8,0x09E8,0x128A,0x1B8D,0x1CD1,0x25B5,0x25B5,0x25B5,0x25B5,0x25B5,0x25B5,
    0x25B5,0x25B5,0x25B5,0x25B5,0x25B5,0x25B5,0x25B5,0x1C91,0x09E8,0x09E8,0xF81F,0xF81F,
    0xF81F,0xF81F,0xF81F,0xF81F,0xF81F,0xF81F,0xF81F,0xF81F,0xF81F,0xF81F,0xF81F,0xF81F,
    0xF81F,0xF81F,0xF81F,0xF81F,0xF81F,0xF81F,0xF81F,0xF81F,0xF81F,0xF81F,0xF81F,0xF81F,
    0xF81F,0xF81F,0xF81F,0xF81F,0xF81F,0xF81F,0xF81F,0xF81F,0xF81F,0xF81F,0xF81F,0xF81F,
    0xF81F,0xF81F,0xF81F,0xF81F,0xF81F,0xF81F,0xF81F,0xF81F,0xF81F,0xF81F,0xF81F,0xF81F,
    0xF81F,0xF81F,0xF81F,0xF81F,0xF81F,0xF81F,0xF81F,0xF81F,0xF81F,0xF81F,0xF81F,0xF81F,
    0xF81F,0xF81F,0xF81F,0xF81F,0xF81F,0xF81F,0xF81F,0xF81F,0xF81F,0xF81F,0xF81F,0xF81F,
    0xF81F,0xF81F,0xF81F,0xF81F,0xF81F,0xF81F,0xF81F,0xF81F,0xF81F,0xF81F,0xF81F,0xF81F,
    0xF81F,0xF81F,0x09E8,0x09E8,0x2574,0x25B5,0x25B5,0x25B5,0x25B5,0x25B5,0x25B5,0x25B5,
    0x25B5,0x25B5,0x25B5,0x25B5,0x25B5,0x25B5,0x25B5,0x25B5,0x25B5,0x2574,0x1C71,0x138D,
    0x12EB,0x1269,0x09E8,0x09E8,0x09E8,0x09E8,0x09E8,0x09E8,0x09E8,0x09E8,0x09E8,0x09E8,
    0x09E8,0x09E8,0x09E8,0x09E8,0x1269,0x12EB,0x138E,0x1C91,0x2574,0x25B5,0x25B5,0x25B5,
    0x25B5,0x25B5,0x25B5,0x25B5,0x25B5,0x25B5,0x25B5,0x25B5,0x25B5,0x25B5,0x25B5,0x25B5,
    0x25B5,0x2574,0x09E8,0x09E8,0xF81F,0xF81F,0xF81F,0xF81F,0xF81F,0xF81F,0xF81F,0xF81F,
    0xF81F,0xF81F,0xF81F,0xF81F,0xF81F,0xF81F,0xF81F,0xF81F,0xF81F,0xF81F,0xF81F,0xF81F,
    0xF81F,0xF81F,0xF81F,0xF81F,0xF81F,0xF81F,0xF81F,0xF81F,0xF81F,0xF81F,0xF81F,0xF81F,
    0xF81F,0xF81F,0xF81F,0xF81F,0xF81F,0xF81F,0xF81F,0xF81F,0xF81F,0xF81F,0xF81F,0xF81F,
    0xF81F,0xF81F,0xF81F,0xF81F,0xF81F,0xF81F,0xF81F,0xF81F,0xF81F,0xF81F,0xF81F,0xF81F,
    0xF81F,0xF81F,0xF81F,0xF81F,0xF81F,0xF81F,0xF81F,0xF81F,0xF81F,0xF81F,0xF81F,0xF81F,
    0xF81F,0xF81F,0xF81F,0xF81F,0xF81F,0xF81F,0xF81F,0xF81F,0xF81F,0xF81F,0xF81F,0xF81F,
    0xF81F,0xF81F,0xF81F,0xF81F,0xF81F,0xF81F,0xF81F,0xF81F,0x09E8,0x09E8,0x2574,0x25B5,
    0x25B5,0x25B5,0x25B5,0x25B5,0x25B5,0x25B5,0x25B5,0x25B5,0x25B5,0x25B5,0x25B5,0x25B5,
    0x25B5,0x25B5,0x25B5,0x25B5,0x25B5,0x25B5,0x25B5,0x2574,0x09E8,0x09E8,0xF81F,0xF81F,
    0xF81F,0xF81F,0xF81F,0xF81F,0xF81F,0xF81F,0xF81F,0xF81F,0x09C8,0x09E8,0x2574,0x25B5,
    0x25B5,0x25B5,0x25B5,0x25B5,0x25B5,0x25B5,0x25B5,0x25B5,0x25B5,0x25B5,0x25B5,0x25B5,
    0x25B5,0x25B5,0x25B5,0x25B5,0x25B5,0x25B5,0x25B5,0x2574,0x09E8,0x09E8,0xF81F,0xF81F,
    0xF81F,0xF81F,0xF81F,0xF81F,0xF81F,0xF81F,0xF81F,0xF81F,0xF81F,0xF81F,0xF81F,0xF81F,
    0xF81F,0xF81F,0xF81F,0xF81F,0xF81F,0xF81F,0xF81F,0xF81F,0xF81F,0xF81F,0xF81F,0xF81F,
    0xF81F,0xF81F,0xF81F,0xF81F,0xF81F,0xF81F,0xF81F,0xF81F,0xF81F,0xF81F,0xF81F,0xF81F,
    0xF81F,0xF81F,0xF81F,0xF81F,0xF81F,0xF81F,0xF81F,0xF81F,0xF81F,0xF81F,0xF81F,0xF81F,
    0xF81F,0xF81F,0xF81F,0xF81F,0xF81F,0xF81F,0xF81F,0xF81F,0xF81F,0xF81F,0xF81F,0xF81F,
    0xF81F,0xF81F,0xF81F,0xF81F,0xF81F,0xF81F,0xF81F,0xF81F,0xF81F,0xF81F,0xF81F,0xF81F,
    0xF81F,0xF81F,0xF81F,0xF81F,0xF81F,0xF81F,0xF81F,0xF81F,0xF81F,0xF81F,0xF81F,0xF81F,
    0xF81F,0xF81F,0x09E8,0x09E8,0x1C91,0x25B5,0x25B5,0x25B5,0x25B5,0x25B5,0x25B5,0x25B5,
    0x25B5,0x25B5,0x25B5,0x25B5,0x25B5,0x25B5,0x25B5,0x25B5,0x25B5,0x25B5,0x25B5,0x25B5,
    0x25B5,0x1C91,0x09E8,0x09E8,0xF81F,0xF81F,0xF81F,0xF81F,0xF81F,0xF81F,0xF81F,0xF81F,
    0xF81F,0xF81F,0x09E8,0x09E8,0x1C91,0x25B5,0x25B5,0x25B5,0x25B5,0x25B5,0x25B5,0x25B5,
    0x25B5,0x25B5,0x25B5,0x25B5,0x25B5,0x25B5,0x25B5,0x25B5,0x25B5,0x25B5,0x25B5,0x25B5,
    0x25B5,0x1C91,0x09E8,0x09E8,0xF81F,0xF81F,0xF81F,0xF81F,0xF81F,0xF81F,0xF81F,0xF81F,
    0xF81F,0xF81F,0xF81F,0xF81F,0xF81F,0xF81F,0xF81F,0xF81F,0xF81F,0xF81F,0xF81F,0xF81F,
    0xF81F,0xF81F,0xF81F,0xF81F,0xF81F,0xF81F,0xF81F,0xF81F,0xF81F,0xF81F,0xF81F,0xF81F,
    0xF81F,0xF81F,0xF81F,0xF81F,0xF81F,0xF81F,0xF81F,0xF81F,0xF81F,0xF81F,0xF81F,0xF81F,
    0xF81F,0xF81F,0xF81F,0xF81F,0xF81F,0xF81F,0xF81F,0xF81F,0xF81F,0xF81F,0xF81F,0xF81F,
    0xF81F,0xF81F,0xF81F,0xF81F,0xF81F,0xF81F,0xF81F,0xF81F,0xF81F,0xF81F,0xF81F,0xF81F,
    0xF81F,0xF81F,0xF81F,0xF81F,0xF81F,0xF81F,0xF81F,0xF81F,0xF81F,0xF81F,0xF81F,0xF81F,
    0xF81F,0xF81F,0xF81F,0xF81F,0xF81F,0xF81F,0xF81F,0xF81F,0xF81F,0x09E8,0x12CB,0x25B4,
    0x25B5,0x25B5,0x25B5,0x25B5,0x25B5,0x25B5,0x25B5,0x25B5,0x25B5,0x25B5,0x25B5,0x25B5,
    0x25B5,0x25B5,0x25B5,0x25B5,0x25B5,0x25B5,0x25B4,0x12CB,0x09E8,0xF81F,0xF81F,0xF81F,
    0xF81F,0xF81F,0xF81F,0xF81F,0xF81F,0xF81F,0xF81F,0xF81F,0xF81F,0x09E8,0x12CB,0x25B4,
    0x25B5,0x25B5,0x25B5,0x25B5,0x25B5,0x25B5,0x25B5,0x25B5,0x25B5,0x25B5,0x25B5,0x25B5,
    0x25B5,0x25B5,0x25B5,0x25B5,0x25B5,0x25B5,0x25B4,0x12CB,0x09E8,0xF81F,0xF81F,0xF81F,
    0xF81F,0xF81F,0xF81F,0xF81F,0xF81F,0xF81F,0xF81F,0xF81F,0xF81F,0xF81F,0xF81F,0xF81F,
    0xF81F,0xF81F,0xF81F,0xF81F,0xF81F,0xF81F,0xF81F,0xF81F,0xF81F,0xF81F,0xF81F,0xF81F,
    0xF81F,0xF81F,0xF81F,0xF81F,0xF81F,0xF81F,0xF81F,0xF81F,0xF81F,0xF81F,0xF81F,0xF81F,
    0xF81F,0xF81F,0xF81F,0xF81F,0xF81F,0xF81F,0xF81F,0xF81F,0xF81F,0xF81F,0xF81F,0xF81F,
    0xF81F,0xF81F,0xF81F,0xF81F,0xF81F,0xF81F,0xF81F,0xF81F,0xF81F,0xF81F,0xF81F,0xF81F,
    0xF81F,0xF81F,0xF81F,0xF81F,0xF81F,0xF81F,0xF81F,0xF81F,0xF81F,0xF81F,0xF81F,0xF81F,
    0xF81F,0xF81F,0xF81F,0xF81F,0xF81F,0xF81F,0xF81F,0xF81F,0xF81F,0xF81F,0xF81F,0xF81F,
    0xF81F,0xF81F,0xF81F,0x09E8,0x09E8,0x138E,0x25B5,0x25B5,0x25B5,0x25B5,0x25B5,0x25B5,
    0x25B5,0x25B5,0x25B5,0x25B5,0x25B5,0x25B5,0x25B5,0x25B5,0x25B5,0x25B5,0x25B5,0x25B5,
    0x138E,0x09E8,0x09E8,0xF81F,0xF81F,0xF81F,0xF81F,0xF81F,0xF81F,0xF81F,0xF81F,0xF81F,
    0xF81F,0xF81F,0xF81F,0x09E8,0x09E8,0x138E,0x25B5,0x25B5,0x25B5,0x25B5,0x25B5,0x25B5,
    0x25B5,0x25B5,0x25B5,0x25B5,0x25B5,0x25B5,0x25B5,0x25B5,0x25B5,0x25B5,0x25B5,0x25B5,
    0x138E,0x09E8,0x09E8,0xF81F,0xF81F,0xF81F,0xF81F,0xF81F,0xF81F,0xF81F,0xF81F,0xF81F,
    0xF81F,0xF81F,0xF81F,0xF81F,0xF81F,0xF81F,0xF81F,0xF81F,0xF81F,0xF81F,0xF81F,0xF81F,
    0xF81F,0xF81F,0xF81F,0xF81F,0xF81F,0xF81F,0xF81F,0xF81F,0xF81F,0xF81F,0xF81F,0xF81F,
    0xF81F,0xF81F,0xF81F,0xF81F,0xF81F,0xF81F,0xF81F,0xF81F,0xF81F,0xF81F,0xF81F,0xF81F,
    0xF81F,0xF81F,0xF81F,0xF81F,0xF81F,0xF81F,0xF81F,0xF81F,0xF81F,0xF81F,0xF81F,0xF81F,
    0xF81F,0xF81F,0xF81F,0xF81F,0xF81F,0xF81F,0xF81F,0xF81F,0xF81F,0xF81F,0xF81F,0xF81F,
    0xF81F,0xF81F,0xF81F,0xF81F,0xF81F,0xF81F,0xF81F,0xF81F,0xF81F,0xF81F,0xF81F,0xF81F,
    0xF81F,0xF81F,0xF81F,0xF81F,0xF81F,0xF81F,0xF81F,0xF81F,0xF81F,0xF81F,0x09E8,0x09E8,
    0x134D,0x2594,0x25B5,0x25B5,0x25B5,0x25B5,0x25B5,0x25B5,0x25B5,0x25B5,0x25B5,0x25B5,
    0x25B5,0x25B5,0x25B5,0x25B5,0x2594,0x134D,0x09E8,0x09E8,0xF81F,0xF81F,0xF81F,0xF81F,
    0xF81F,0xF81F,0xF81F,0xF81F,0xF81F,0xF81F,0xF81F,0xF81F,0xF81F,0xF81F,0x09E8,0x09E8,
    0x134D,0x2594,0x25B5,0x25B5,0x25B5,0x25B5,0x25B5,0x25B5,0x25B5,0x25B5,0x25B5,0x25B5,
    0x25B5,0x25B5,0x25B5,0x25B5,0x2594,0x134D,0x09E8,0x09E8,0xF81F,0xF81F,0xF81F,0xF81F,
    0xF81F,0xF81F,0xF81F,0xF81F,0xF81F,0xF81F,0xF81F,0xF81F,0xF81F,0xF81F,0xF81F,0xF81F,
    0xF81F,0xF81F,0xF81F,0xF81F,0xF81F,0xF81F,0xF81F,0xF81F,0xF81F,0xF81F,0xF81F,0xF81F,
    0xF81F,0xF81F,0xF81F,0xF81F,0xF81F,0xF81F,0xF81F,0xF81F,0xF81F,0xF81F,0xF81F,0xF81F,
    0xF81F,0xF81F,0xF81F,0xF81F,0xF81F,0xF81F,0xF81F,0xF81F,0xF81F,0xF81F,0xF81F,0xF81F,
    0xF81F,0xF81F,0xF81F,0xF81F,0xF81F,0xF81F,0xF81F,0xF81F,0xF81F,0xF81F,0xF81F,0xF81F,
    0xF81F,0xF81F,0xF81F,0xF81F,0xF81F,0xF81F,0xF81F,0xF81F,0xF81F,0xF81F,0xF81F,0xF81F,
    0xF81F,0xF81F,0xF81F,0xF81F,0xF81F,0xF81F,0xF81F,0xF81F,0xF81F,0xF81F,0xF81F,0xF81F,
    0xF81F,0xF81F,0xF81F,0xF81F,0xF81F,0x09E8,0x09E8,0x1249,0x1C2F,0x2594,0x25B5,0x25B5,
    0x25B5,0x25B5,0x25B5,0x25B5,0x25B5,0x25B5,0x25B5,0x25B5,0x2594,0x1C2F,0x1249,0x09E8,
    0x09E8,0xF81F,0xF81F,0xF81F,0xF81F,0xF81F,0xF81F,0xF81F,0xF81F,0xF81F,0xF81F,0xF81F,
    0xF81F,0xF81F,0xF81F,0xF81F,0xF81F,0x09E8,0x09E8,0x1249,0x1C2F,0x2594,0x25B5,0x25B5,
    0x25B5,0x25B5,0x25B5,0x25B5,0x25B5,0x25B5,0x25B5,0x25B5,0x2594,0x1C2F,0x1249,0x09E8,
    0x09E8,0xF81F,0xF81F,0xF81F,0xF81F,0xF81F,0xF81F,0xF81F,0xF81F,0xF81F,0xF81F,0xF81F,
    0xF81F,0xF81F,0xF81F,0xF81F,0xF81F,0xF81F,0xF81F,0xF81F,0xF81F,0xF81F,0xF81F,0xF81F,
    0xF81F,0xF81F,0xF81F,0xF81F,0xF81F,0xF81F,0xF81F,0xF81F,0xF81F,0xF81F,0xF81F,0xF81F,
    0xF81F,0xF81F,0xF81F,0xF81F,0xF81F,0xF81F,0xF81F,0xF81F,0xF81F,0xF81F,0xF81F,0xF81F,
    0xF81F,0xF81F,0xF81F,0xF81F,0xF81F,0xF81F,0xF81F,0xF81F,0xF81F,0xF81F,0xF81F,0xF81F,
    0xF81F,0xF81F,0xF81F,0xF81F,0xF81F,0xF81F,0xF81F,0xF81F,0xF81F,0xF81F,0xF81F,0xF81F,
    0xF81F,0xF81F,0xF81F,0xF81F,0xF81F,0xF81F,0xF81F,0xF81F,0xF81F,0xF81F,0xF81F,0xF81F,
    0xF81F,0xF81F,0xF81F,0xF81F,0xF81F,0xF81F,0xF81F,0xF81F,0xF81F,0xF81F,0xF81F,0xF81F,
    0x09E8,0x09E8,0x09E8,0x1209,0x134C,0x1C2F,0x1CF2,0x2553,0x2594,0x2594,0x2553,0x1CF2,
    0x1C2F,0x132C,0x1209,0x09E8,0x09E8,0x09E8,0xF81F,0xF81F,0xF81F,0xF81F,0xF81F,0xF81F,
    0xF81F,0xF81F,0xF81F,0xF81F,0xF81F,0xF81F,0xF81F,0xF81F,0xF81F,0xF81F,0xF81F,0xF81F,
    0x09E8,0x09E8,0x09E8,0x1209,0x134C,0x1C2F,0x1CF2,0x2553,0x2594,0x2594,0x2553,0x1CF2,
    0x1C2F,0x132C,0x1209,0x09E8,0x09E8,0x09E8,0xF81F,0xF81F,0xF81F,0xF81F,0xF81F,0xF81F,
    0xF81F,0xF81F,0xF81F,0xF81F,0xF81F,0xF81F,0xF81F,0xF81F,0xF81F,0xF81F,0xF81F,0xF81F,
    0xF81F,0xF81F,0xF81F,0xF81F,0xF81F,0xF81F,0xF81F,0xF81F,0xF81F,0xF81F,0xF81F,0xF81F,
    0xF81F,0xF81F,0xF81F,0xF81F,0xF81F,0xF81F,0xF81F,0xF81F,0xF81F,0xF81F,0xF81F,0xF81F,
    0xF81F,0xF81F,0xF81F,0xF81F,0xF81F,0xF81F,0xF81F,0xF81F,0xF81F,0xF81F,0xF81F,0xF81F,
    0xF81F,0xF81F,0xF81F,0xF81F,0xF81F,0xF81F,0xF81F,0xF81F,0xF81F,0xF81F,0xF81F,0xF81F,
    0xF81F,0xF81F,0xF81F,0xF81F,0xF81F,0xF81F,0xF81F,0xF81F,0xF81F,0xF81F,0xF81F,0xF81F,
    0xF81F,0xF81F,0xF81F,0xF81F,0xF81F,0xF81F,0xF81F,0xF81F,0xF81F,0xF81F,0xF81F,0xF81F,
    0xF81F,0xF81F,0xF81F,0xF81F,0xF81F,0xF81F,0xF81F,0xF81F,0x09E8,0x09E8,0x09E8,0x09E8,
    0x09E8,0x09E8,0x09E8,0x09E8,0x09E8,0x09E8,0x09E8,0x09E8,0x09E8,0x09E8,0xF81F,0xF81F,
    0xF81F,0xF81F,0xF81F,0xF81F,0xF81F,0xF81F,0xF81F,0xF81F,0xF81F,0xF81F,0xF81F,0xF81F,
    0xF81F,0xF81F,0xF81F,0xF81F,0xF81F,0xF81F,0xF81F,0xF81F,0x09E8,0x09E8,0x09E8,0x09E8,
    0x09E8,0x09E8,0x09E8,0x09E8,0x09E8,0x09E8,0x09E8,0x09E8,0x09E8,0x09E8,0xF81F,0xF81F,
    0xF81F,0xF81F,0xF81F,0xF81F,0xF81F,0xF81F,0xF81F,0xF81F,0xF81F,0xF81F,0xF81F,0xF81F,
    0xF81F,0xF81F,0xF81F,0xF81F,0xF81F,0xF81F,0xF81F,0xF81F,0xF81F,0xF81F,0xF81F,0xF81F,
    0xF81F,0xF81F,0xF81F,0xF81F,0xF81F,0xF81F,0xF81F,0xF81F,0xF81F,0xF81F,0xF81F,0xF81F,
    0xF81F,0xF81F,0xF81F,0xF81F,0xF81F,0xF81F,0xF81F,0xF81F,0xF81F,0xF81F,0xF81F,0xF81F,
    0xF81F,0xF81F,0xF81F,0xF81F,0xF81F,0xF81F,0xF81F,0xF81F,0xF81F,0xF81F,0xF81F,0xF81F,
    0xF81F,0xF81F,0xF81F,0xF81F,0xF81F,0xF81F,0xF81F,0xF81F,0xF81F,0xF81F,0xF81F,0xF81F,
    0xF81F,0xF81F,0xF81F,0xF81F,0xF81F,0xF81F,0xF81F,0xF81F,0xF81F,0xF81F,0xF81F,0xF81F,
    0xF81F,0xF81F,0xF81F,0xF81F,0xF81F,0xF81F,0xF81F,0xF81F,0xF81F,0xF81F,0xF81F,0xF81F,
    0xF81F,0xF81F,0xF81F,0xF81F,0xF81F,0x09E8,0x09E8,0x09E8,0x09E8,0x09E8,0x09E8,0x09E8,
    0x09E8,0xF81F,0xF81F,0xF81F,0xF81F,0xF81F,0xF81F,0xF81F,0xF81F,0xF81F,0xF81F,0xF81F,
    0xF81F,0xF81F,0xF81F,0xF81F,0xF81F,0xF81F,0xF81F,0xF81F,0xF81F,0xF81F,0xF81F,0xF81F,
    0xF81F,0xF81F,0xF81F,0xF81F,0xF81F,0x09E8,0x09E8,0x09E8,0x09E8,0x09E8,0x09E8,0x09E8,
    0x09E8,0xF81F,0xF81F,0xF81F,0xF81F,0xF81F,0xF81F,0xF81F,0xF81F,0xF81F,0xF81F,0xF81F,
    0xF81F,0xF81F,0xF81F,0xF81F,0xF81F,0xF81F,0xF81F,0xF81F,0xF81F,0xF81F,0xF81F,0xF81F,
    0xF81F,0xF81F,0xF81F,0xF81F,0xF81F,0xF81F,0xF81F,0xF81F,0xF81F,0xF81F,0xF81F,0xF81F,
    0xF81F,0xF81F,0xF81F,0xF81F,0xF81F,0xF81F,0xF81F,0xF81F,0xF81F,0xF81F,0xF81F,0xF81F,
    0xF81F,0xF81F,0xF81F,0xF81F,0xF81F,0xF81F,0xF81F,0xF81F,0xF81F,0xF81F,0xF81F,0xF81F,
    0xF81F,0xF81F,0xF81F,0xF81F,0xF81F,0xF81F,0xF81F,0xF81F,0xF81F,0xF81F,0xF81F,0xF81F,
    0xF81F,0xF81F,0xF81F,0xF81F,0xF81F,0xF81F,0xF81F,0xF81F,0xF81F,0xF81F,0xF81F,0xF81F,
    0xF81F,0xF81F,0xF81F,0xF81F,0xF81F,0xF81F,0xF81F,0xF81F,0xF81F,0xF81F,0xF81F,0xF81F,
    0xF81F,0xF81F,0xF81F,0xF81F,0xF81F,0xF81F,0xF81F,0xF81F,0xF81F,0xF81F,0xF81F,0xF81F,
    0xF81F,0xF81F,0xF81F,0xF81F,0xF81F,0xF81F,0xF81F,0xF81F,0xF81F,0xF81F,0xF81F,0xF81F,
    0xF81F,0xF81F,0xF81F,0xF81F,0xF81F,0xF81F,0xF81F,0xF81F,0xF81F,0xF81F,0xF81F,0xF81F,
    0xF81F,0xF81F,0xF81F,0xF81F,0xF81F,0xF81F,0xF81F,0xF81F,0xF81F,0xF81F,0xF81F,0xF81F,
    0xF81F,0xF81F,0xF81F,0xF81F,0xF81F,0xF81F,0xF81F,0xF81F,0xF81F,0xF81F,0xF81F,0xF81F,
    0xF81F,0xF81F,0xF81F,0xF81F,0xF81F,0xF81F,0xF81F,0xF81F,0xF81F,0xF81F,0xF81F,0xF81F,
    0xF81F,0xF81F,0xF81F,0xF81F,0xF81F,0xF81F,0xF81F,0xF81F,0xF81F,0xF81F,0xF81F,0xF81F,
    0xF81F,0xF81F,0xF81F,0xF81F,0xF81F,0xF81F,0xF81F,0xF81F,0xF81F,0xF81F,0xF81F,0xF81F,
    0xF81F,0xF81F,0xF81F,0xF81F,0xF81F,0xF81F,0xF81F,0xF81F,0xF81F,0xF81F,0xF81F,0xF81F,
    0xF81F,0xF81F,0xF81F,0xF81F,0xF81F,0xF81F,0xF81F,0xF81F,0xF81F,0xF81F,0xF81F,0xF81F,
    0xF81F,0xF81F,0xF81F,0xF81F,0xF81F,0xF81F,0xF81F,0xF81F,0xF81F,0xF81F,0xF81F,0xF81F,
    0xF81F,0xF81F,0xF81F,0xF81F,0xF81F,0xF81F,0xF81F,0xF81F,0xF81F,0xF81F,0xF81F,0xF81F,
    0xF81F,0xF81F,0xF81F,0xF81F,0xF81F,0xF81F,0xF81F,0xF81F,0xF81F,0xF81F,0xF81F,0xF81F,
    0xF81F,0xF81F,0xF81F,0xF81F,0xF81F,0xF81F,0xF81F,0xF81F,0xF81F,0xF81F,0xF81F,0xF81F,
    0xF81F,0xF81F,0xF81F,0xF81F,0xF81F,0xF81F,0xF81F,0xF81F,0xF81F,0xF81F,0xF81F,0xF81F,
    0xF81F,0xF81F,0xF81F,0xF81F,0xF81F,0xF81F,0xF81F,0xF81F,0xF81F,0xF81F,0xF81F,0xF81F,
    0xF81F,0xF81F,0xF81F,0xF81F,0xF81F,0xF81F,0xF81F,0xF81F,0xF81F,0xF81F,0xF81F,0xF81F,
    0xF81F,0xF81F,0xF81F,0xF81F,0xF81F,0xF81F,0xF81F,0xF81F,0xF81F,0xF81F,0xF81F,0xF81F,
    0xF81F,0xF81F,0xF81F,0xF81F,0xF81F,0xF81F,0xF81F,0xF81F,0xF81F,0xF81F,0xF81F,0xF81F,
    0xF81F,0xF81F,0xF81F,0xF81F,0xF81F,0xF81F,0xF81F,0xF81F,0xF81F,0xF81F,0xF81F,0xF81F,
    0xF81F,0xF81F,0xF81F,0xF81F,0xF81F,0xF81F,0xF81F,0xF81F,0xF81F,0xF81F,0xF81F,0xF81F,
    0xF81F,0xF81F,0xF81F,0xF81F,0xF81F,0xF81F,0xF81F,0xF81F,0xF81F,0xF81F,0xF81F,0xF81F,
    0xF81F,0xF81F,0xF81F,0xF81F,0xF81F,0xF81F,0xF81F,0xF81F,0xF81F,0xF81F,0xF81F,0xF81F,
    0xF81F,0xF81F,0xF81F,0xF81F,0xF81F,0xF81F,0xF81F,0xF81F,0xF81F,0xF81F,0xF81F,0xF81F,
    0xF81F,0xF81F,0xF81F,0xF81F,0xF81F,0xF81F,0xF81F,0xF81F,0xF81F,0xF81F,0xF81F,0xF81F,
    0xF81F,0xF81F,0xF81F,0xF81F,0xF81F,0xF81F,0xF81F,0xF81F,0xF81F,0xF81F,0xF81F,0xF81F,
    0xF81F,0xF81F,0xF81F,0xF81F,0xF81F,0xF81F,0xF81F,0xF81F,0xF81F,0xF81F,0xF81F,0xF81F,
    0xF81F,0xF81F,0xF81F,0xF81F,0xF81F,0xF81F,0xF81F,0xF81F,0xF81F,0xF81F,0xF81F,0xF81F,
    0xF81F,0xF81F,0xF81F,0xF81F,0xF81F,0xF81F,0xF81F,0xF81F,0xF81F,0xF81F,0xF81F,0xF81F,
    0xF81F,0xF81F,0xF81F,0xF81F,0xF81F,0xF81F,0xF81F,0xF81F,0xF81F,0xF81F,0xF81F,0xF81F,
    0xF81F,0xF81F,0xF81F,0xF81F,0xF81F,0xF81F,0xF81F,0xF81F,0xF81F,0xF81F,0xF81F,0xF81F,
    0xF81F,0xF81F,0xF81F,0xF81F,0xF81F,0xF81F,0xF81F,0xF81F,0xF81F,0xF81F,0xF81F,0xF81F,
    0xF81F,0xF81F,0xF81F,0xF81F,0xF81F,0xF81F,0xF81F,0xF81F,0xF81F,0xF81F,0xF81F,0xF81F,
    0xF81F,0xF81F,0xF81F,0xF81F,0xF81F,0xF81F,0xF81F,0xF81F,0xF81F,0xF81F,0xF81F,0xF81F,
    0xF81F,0xF81F,0xF81F,0xF81F,0xF81F,0xF81F,0xF81F,0xF81F,0xF81F,0xF81F,0xF81F,0xF81F,
    0xF81F,0xF81F,0xF81F,0xF81F,0xF81F,0xF81F,0xF81F,0xF81F,0xF81F,0xF81F,0xF81F,0xF81F,
    0xF81F,0xF81F,0xF81F,0xF81F,0xF81F,0xF81F,0xF81F,0xF81F,0xF81F,0xF81F,0xF81F,0xF81F,
    0xF81F,0xF81F,0xF81F,0xF81F,0xF81F,0xF81F,0xF81F,0xF81F,0xF81F,0xF81F,0xF81F,0xF81F,
    0xF81F,0xF81F,0xF81F,0xF81F,0xF81F,0xF81F,0xF81F,0xF81F,0xF81F,0xF81F,0xF81F,0xF81F,
    0xF81F,0xF81F,0xF81F,0xF81F,0xF81F,0xF81F,0xF81F,0xF81F,0xF81F,0xF81F,0xF81F,0xF81F,
    0xF81F,0xF81F,0xF81F,0xF81F,0xF81F,0xF81F,0xF81F,0xF81F,0xF81F,0xF81F,0xF81F,0xF81F,
    0xF81F,0xF81F,0xF81F,0xF81F,0xF81F,0xF81F,0xF81F,0xF81F,0xF81F,0xF81F,0xF81F,0xF81F,
    0xF81F,0xF81F,0xF81F,0xF81F,0xF81F,0xF81F,0xF81F,0xF81F,0xF81F,0xF81F,0xF81F,0xF81F,
    0xF81F,0xF81F,0xF81F,0xF81F,0xF81F,0xF81F,0xF81F,0xF81F,0xF81F,0xF81F,0xF81F,0xF81F,
    0xF81F,0xF81F,0xF81F,0xF81F,0xF81F,0xF81F,0xF81F,0xF81F,0xF81F,0xF81F,0xF81F,0xF81F,
    0xF81F,0xF81F,0xF81F,0xF81F,0xF81F,0xF81F,0xF81F,0xF81F,0xF81F,0xF81F,0xF81F,0xF81F,
    0xF81F,0xF81F,0xF81F,0xF81F,0xF81F,0xF81F,0xF81F,0xF81F,0xF81F,0xF81F,0xF81F,0xF81F,
    0xF81F,0xF81F,0xF81F,0xF81F,0xF81F,0xF81F,0xF81F,0xF81F,0xF81F,0xF81F,0xF81F,0xF81F,
    0xF81F,0xF81F,0xF81F,0xF81F,0xF81F,0xF81F,0xF81F,0xF81F,0xF81F,0xF81F,0xF81F,0xF81F,
    0xF81F,0xF81F,0xF81F,0xF81F,0xF81F,0xF81F,0xF81F,0xF81F,0xF81F,0xF81F,0xF81F,0xF81F,
    0xF81F,0xF81F,0xF81F,0xF81F,0xF81F,0xF81F,0xF81F,0xF81F,0xF81F,0xF81F,0xF81F,0xF81F,
    0xF81F,0xF81F,0xF81F,0xF81F,0xF81F,0xF81F,0xF81F,0xF81F,0xF81F,0xF81F,0xF81F,0xF81F,
    0xF81F,0xF81F,0xF81F,0xF81F,0xF81F,0xF81F,0xF81F,0xF81F,0xF81F,0xF81F,0xF81F,0xF81F,
    0xF81F,0xF81F,0xF81F,0xF81F,0xF81F,0xF81F,0xF81F,0xF81F,0xF81F,0xF81F,0xF81F,0xF81F,
    0xF81F,0xF81F,0xF81F,0xF81F,0xF81F,0xF81F,0xF81F,0xF81F,0xF81F,0xF81F,0xF81F,0xF81F,
    0xF81F,0xF81F,0xF81F,0xF81F,0xF81F,0xF81F,0xF81F,0xF81F,0xF81F,0xF81F,0xF81F,0xF81F,
    0xF81F,0xF81F,0xF81F,0xF81F,0xF81F,0xF81F,0xF81F,0xF81F,0xF81F,0xF81F,0xF81F,0xF81F,
    0xF81F,0xF81F,0xF81F,0xF81F,0xF81F,0xF81F,0xF81F,0xF81F,0xF81F,0xF81F,0xF81F,0xF81F,
    0xF81F,0xF81F,0xF81F,0xF81F,0xF81F,0xF81F,0xF81F,0xF81F,0xF81F,0xF81F,0xF81F,0xF81F,
    0xF81F,0xF81F,0xF81F,0xF81F,0xF81F,0xF81F,0xF81F,0xF81F,0xF81F,0xF81F,0xF81F,0xF81F,
    0xF81F,0xF81F,0xF81F,0xF81F,0xF81F,0xF81F,0xF81F,0xF81F,0xF81F,0xF81F,0xF81F,0xF81F,
    0xF81F,0xF81F,0xF81F,0xF81F,0xF81F,0xF81F,0xF81F,0xF81F,0xF81F,0xF81F,0xF81F,0xF81F,
    0xF81F,0xF81F,0xF81F,0xF81F,0xF81F,0xF81F,0xF81F,0xF81F,0xF81F,0xF81F,0xF81F,0xF81F,
    0xF81F,0xF81F,0xF81F,0xF81F,0xF81F,0xF81F,0xF81F,0xF81F,0xF81F,0xF81F,0xF81F,0xF81F,
    0xF81F,0xF81F,0xF81F,0xF81F,0xF81F,0xF81F,0xF81F,0xF81F,0xF81F,0xF81F,0xF81F,0xF81F,
    0xF81F,0xF81F,0xF81F,0xF81F,0xF81F,0xF81F,0xF81F,0xF81F,0xF81F,0xF81F,0xF81F,0xF81F,
    0xF81F,0xF81F,0xF81F,0xF81F,0xF81F,0xF81F,0xF81F,0xF81F,0xF81F,0xF81F,0xF81F,0xF81F,
    0xF81F,0xF81F,0xF81F,0xF81F,0xF81F,0xF81F,0xF81F,0xF81F,0xF81F,0xF81F,0xF81F,0xF81F,
    0xF81F,0xF81F,0xF81F,0xF81F,0xF81F,0xF81F,0xF81F,0xF81F,0xF81F,0xF81F,0xF81F,0xF81F,
    0xF81F,0xF81F,0xF81F,0xF81F,0xF81F,0xF81F,0xF81F,0xF81F,0xF81F,0xF81F,0xF81F,0xF81F,
    0xF81F,0xF81F,0xF81F,0xF81F,0xF81F,0xF81F,0xF81F,0xF81F,0xF81F,0xF81F,0xF81F,0xF81F,
    0xF81F,0xF81F,0xF81F,0xF81F,0xF81F,0xF81F,0xF81F,0xF81F,0xF81F,0xF81F,0xF81F,0xF81F,
    0xF81F,0xF81F,0xF81F,0xF81F,0xF81F,0xF81F,0xF81F,0xF81F,0xF81F,0xF81F,0xF81F,0xF81F,
    0xF81F,0xF81F,0xF81F,0xF81F,0xF81F,0xF81F,0xF81F,0xF81F,0xF81F,0xF81F,0xF81F,0xF81F,
    0xF81F,0xF81F,0xF81F,0xF81F,0xF81F,0xF81F,0xF81F,0xF81F,0xF81F,0xF81F,0xF81F,0xF81F,
    0xF81F,0xF81F,0xF81F,0xF81F,0xF81F,0xF81F,0xF81F,0xF81F,0xF81F,0xF81F,0xF81F,0xF81F,
    0xF81F,0xF81F,0xF81F,0xF81F,0xF81F,0xF81F,0xF81F,0xF81F,0xF81F,0xF81F,0xF81F,0xF81F,
    0xF81F,0xF81F,0xF81F,0xF81F,0xF81F,0xF81F,0xF81F,0xF81F,0xF81F,0xF81F,0xF81F,0xF81F,
    0xF81F,0xF81F,0xF81F,0xF81F,0xF81F,0xF81F,0xF81F,0xF81F,0xF81F,0xF81F,0xF81F,0xF81F,
    0xF81F,0xF81F,0xF81F,0xF81F,0xF81F,0xF81F,0xF81F,0xF81F,0xF81F,0xF81F,0xF81F,0xF81F,
    0xF81F,0xF81F,0xF81F,0xF81F,0xF81F,0xF81F,0xF81F,0xF81F,0xF81F,0xF81F,0xF81F,0xF81F,
    0xF81F,0xF81F,0xF81F,0xF81F,0xF81F,0xF81F,0xF81F,0xF81F,0xF81F,0xF81F,0xF81F,0xF81F,
    0xF81F,0xF81F,0xF81F,0xF81F,0xF81F,0xF81F,0xF81F,0xF81F,0xF81F,0xF81F,0xF81F,0xF81F,
    0xF81F,0xF81F,0xF81F,0xF81F,0xF81F,0xF81F,0xF81F,0xF81F,0xF81F,0xF81F,0xF81F,0xF81F,
    0xF81F,0xF81F,0xF81F,0xF81F,0xF81F,0xF81F,0xF81F,0xF81F,0xF81F,0xF81F,0xF81F,0xF81F,
    0xF81F,0xF81F,0xF81F,0xF81F,0xF81F,0xF81F,0xF81F,0xF81F,0xF81F,0xF81F,0xF81F,0xF81F,
    0xF81F,0xF81F,0xF81F,0xF81F,0xF81F,0xF81F,0xF81F,0xF81F,0xF81F,0xF81F,0xF81F,0xF81F,
    0xF81F,0xF81F,0xF81F,0xF81F,0xF81F,0xF81F,0xF81F,0xF81F,0xF81F,0xF81F,0xF81F,0xF81F,
    0xF81F,0xF81F,0xF81F,0xF81F,0xF81F,0xF81F,0xF81F,0xF81F,0xF81F,0xF81F,0xF81F,0xF81F,
    0xF81F,0xF81F,0xF81F,0xF81F,0xF81F,0xF81F,0xF81F,0xF81F,0xF81F,0xF81F,0xF81F,0xF81F,
    0xF81F,0xF81F,0xF81F,0xF81F,0xF81F,0xF81F,0xF81F,0xF81F,0xF81F,0xF81F,0xF81F,0xF81F,
    0xF81F,0xF81F,0xF81F,0xF81F,0xF81F,0xF81F,0xF81F,0xF81F,0xF81F,0xF81F,0xF81F,0xF81F,
    0xF81F,0xF81F,0xF81F,0xF81F,0xF81F,0xF81F,0xF81F,0xF81F,0xF81F,0xF81F,0xF81F,0xF81F,
    0xF81F,0xF81F,0xF81F,0xF81F,0xF81F,0xF81F,0xF81F,0xF81F,0xF81F,0xF81F,0xF81F,0xF81F,
    0xF81F,0xF81F,0xF81F,0xF81F,0xF81F,0xF81F,0xF81F,0xF81F,0xF81F,0xF81F,0xF81F,0xF81F,
    0xF81F,0xF81F,0xF81F,0xF81F,0xF81F,0xF81F,0xF81F,0xF81F,0xF81F,0xF81F,0xF81F,0xF81F,
    0xF81F,0xF81F,0xF81F,0xF81F,0xF81F,0xF81F,0xF81F,0xF81F,0xF81F,0xF81F,0xF81F,0xF81F,
    0xF81F,0xF81F,0xF81F,0xF81F,0xF81F,0xF81F,0xF81F,0xF81F,0xF81F,0xF81F,0xF81F,0xF81F,
    0xF81F,0xF81F,0xF81F,0xF81F,0xF81F,0xF81F,0xF81F,0xF81F,0xF81F,0xF81F,0xF81F,0xF81F,
    0xF81F,0xF81F,0xF81F,0xF81F,0xF81F,0xF81F,0xF81F,0xF81F,0xF81F,0xF81F,0xF81F,0xF81F,
    0xF81F,0xF81F,0xF81F,0xF81F,0xF81F,0xF81F,0xF81F,0xF81F,0xF81F,0xF81F,0xF81F,0xF81F,
    0xF81F,0xF81F,0xF81F,0xF81F,0xF81F,0xF81F,0xF81F,0xF81F,0xF81F,0xF81F,0xF81F,0xF81F,
    0xF81F,0xF81F,0xF81F,0xF81F,0xF81F,0xF81F,0xF81F,0xF81F,0xF81F,0xF81F,0xF81F,0xF81F,
    0xF81F,0xF81F,0xF81F,0xF81F,0xF81F,0xF81F,0xF81F,0xF81F,0xF81F,0xF81F,0xF81F,0xF81F,
    0xF81F,0xF81F,0xF81F,0xF81F,0xF81F,0xF81F,0xF81F,0xF81F,0xF81F,0xF81F,0xF81F,0xF81F,
    0xF81F,0xF81F,0xF81F,0xF81F,0xF81F,0xF81F,0xF81F,0xF81F,0xF81F,0xF81F,0xF81F,0xF81F,
    0xF81F,0xF81F,0xF81F,0xF81F,0xF81F,0xF81F,0xF81F,0xF81F,0xF81F,0xF81F,0xF81F,0xF81F,
    0xF81F,0xF81F,0xF81F,0xF81F,0xF81F,0xF81F,0xF81F,0xF81F,0xF81F,0xF81F,0xF81F,0xF81F,
    0xF81F,0xF81F,0xF81F,0xF81F,0xF81F,0xF81F,0xF81F,0xF81F,0xF81F,0xF81F,0xF81F,0xF81F,
    0xF81F,0xF81F,0xF81F,0xF81F,0xF81F,0xF81F,0xF81F,0xF81F,0xF81F,0xF81F,0xF81F,0xF81F,
    0xF81F,0xF81F,0xF81F,0xF81F,0xF81F,0xF81F,0xF81F,0xF81F,0xF81F,0xF81F,0xF81F,0xF81F,
    0xF81F,0xF81F,0xF81F,0xF81F,0xF81F,0xF81F,0xF81F,0xF81F,0xF81F,0xF81F,0xF81F,0xF81F,
    0xF81F,0xF81F,0xF81F,0xF81F,0xF81F,0xF81F,0xF81F,0xF81F,0xF81F,0xF81F,0xF81F,0xF81F,
    0xF81F,0xF81F,0xF81F,0xF81F,0xF81F,0xF81F,0xF81F,0xF81F,0xF81F,0xF81F,0xF81F,0xF81F,
    0xF81F,0xF81F,0xF81F,0xF81F,0xF81F,0xF81F,0xF81F,0xF81F,0xF81F,0xF81F,0xF81F,0xF81F,
    0xF81F,0xF81F,0xF81F,0xF81F,0xF81F,0xF81F,0xF81F,0xF81F,0xF81F,0xF81F,0xF81F,0xF81F,
    0xF81F,0xF81F,0xF81F,0xF81F,0xF81F,0xF81F,0xF81F,0xF81F,0xF81F,0xF81F,0xF81F,0xF81F,
    0xF81F,0xF81F,0xF81F,0xF81F,0xF81F,0xF81F,0xF81F,0xF81F,0xF81F,0xF81F,0xF81F,0xF81F,
    0xF81F,0xF81F,0xF81F,0xF81F,0xF81F,0xF81F,0xF81F,0xF81F,0xF81F,0xF81F,0xF81F,0xF81F,
    0xF81F,0xF81F,0xF81F,0xF81F,0xF81F,0xF81F,0xF81F,0xF81F,0xF81F,0xF81F,0xF81F,0xF81F,
    0xF81F,0xF81F,0xF81F,0xF81F,0xF81F,0xF81F,0xF81F,0xF81F,0xF81F,0xF81F,0xF81F,0xF81F,
    0xF81F,0xF81F,0xF81F,0xF81F,0xF81F,0xF81F,0xF81F,0xF81F,0xF81F,0xF81F,0xF81F,0xF81F,
    0xF81F,0xF81F,0xF81F,0xF81F,0xF81F,0xF81F,0xF81F,0xF81F,0xF81F,0xF81F,0xF81F,0xF81F,
    0xF81F,0xF81F,0xF81F,0xF81F,0xF81F,0xF81F,0xF81F,0xF81F,0xF81F,0xF81F,0xF81F,0xF81F,
    0xF81F,0xF81F,0xF81F,0xF81F,0xF81F,0xF81F,0xF81F,0xF81F,0xF81F,0xF81F,0xF81F,0xF81F,
    0xF81F,0xF81F,0xF81F,0xF81F,0xF81F,0xF81F,0xF81F,0xF81F,0xF81F,0xF81F,0xF81F,0xF81F,
    0xF81F,0xF81F,0xF81F,0xF81F,0xF81F,0xF81F,0xF81F,0xF81F,0xF81F,0xF81F,0xF81F,0xF81F,
    0xF81F,0xF81F,0xF81F,0xF81F,0xF81F,0xF81F,0xF81F,0xF81F,0xF81F,0xF81F,0xF81F,0xF81F,
    0xF81F,0xF81F,0xF81F,0xF81F,0xF81F,0xF81F,0xF81F,0xF81F,0xF81F,0xF81F,0xF81F,0xF81F,
    0xF81F,0xF81F,0xF81F,0xF81F,0xF81F,0xF81F,0xF81F,0xF81F,0xF81F,0xF81F,0xF81F,0xF81F,
    0xF81F,0xF81F,0xF81F,0xF81F,0xF81F,0xF81F,0xF81F,0xF81F,0xF81F,0xF81F,0xF81F,0xF81F,
    0xF81F,0xF81F,0xF81F,0xF81F,0xF81F,0xF81F,0xF81F,0xF81F,0xF81F,0xF81F,0xF81F,0xF81F,
    0xF81F,0xF81F,0xF81F,0xF81F,0xF81F,0xF81F,0xF81F,0xF81F,0xF81F,0xF81F,0xF81F,0xF81F,
    0xF81F,0xF81F,0xF81F,0xF81F,0xF81F,0xF81F,0xF81F,0xF81F,0xF81F,0xF81F,0xF81F,0xF81F,
};
inline const uint16_t* const img_yawn_frames[2] = { img_yawn_0, img_yawn_1 };
